provid,permid,orbit_class,population,ssObjectId,diaSourceId,phaseAngle,helioRange,topoRange,ephRa,ephDec,visit,detector,midpointMjdTai,band,ra,dec,snr,psfFlux,psfFluxErr,psfFlux_flag,trailFlux,trailFluxErr,scienceFlux,scienceFluxErr,forced_PsfFlux_flag,templateFlux,templateFluxErr,psfMag,psfMagErr,trailMag,trailMagErr,scienceMag,scienceMagErr,templateMag,templateMagErr
2025 KB29,nan,MBO,MBO,21165827729537346,745284205445382294,8.672438,2.411941,1.4398423,227.5819762384856,-39.25266641332957,2025052000296,73,60816.27380867624,i,227.5820121910802,-39.252684574144375,8.723641395568848,2930.13,332.244,False,2808.76,18.3349,2832.49,330.867,False,-163.225,29.5249,22.732782821010144,0.12311035382461225,22.778713417114517,0.007087420984839504,22.76957904054902,0.12682632131783272,nan,nan
2025 KB29,nan,MBO,MBO,21165827729537346,745284205585367547,8.672483,2.4119396,1.4398412,227.58183945097556,-39.25261219257099,2025052000297,84,60816.27435135268,i,227.58187711988762,-39.252628430829425,11.146391868591309,3123.52,272.557,False,2945.78,5.11166,2978.61,268.801,False,-129.931,32.1491,22.663389265479395,0.09474087194315345,22.72699921605976,0.0018840219830381316,22.71496585280248,0.09798092448604438,nan,nan
2025 KB29,nan,MBO,MBO,21165827729537346,745284205719584943,8.672539,2.4119377,1.4398397,227.5816704392441,-39.252545177159696,2025052000298,84,60816.275022669506,i,227.58173742116455,-39.252557934275146,6.675002574920654,2726.75,410.435,False,3153.5,27.808,2627.5,410.131,False,-143.479,17.3173,22.810886695481063,0.1634268402124066,22.653017911676653,0.009574172505119325,22.8511431882493,0.16947443896563266,nan,nan
2025 KB29,nan,MBO,MBO,21165827729537346,745284206123811218,8.672666,2.4119337,1.4398364,227.5812871606384,-39.25239311438551,2025052000301,87,60816.27654415411,i,227.58132526110563,-39.2524047987476,9.99442195892334,3021.12,300.337,False,2948.95,5.38061,3071.15,298.99,False,-10.9896,29.6633,22.699580018002948,0.10793571522362201,22.725831495302707,0.001981018045626562,22.68174746298555,0.10570120885665765,nan,nan
2025 KB29,nan,MBO,MBO,21165827729537346,745284206546387498,8.67279,2.4119296,1.4398332,227.5809135639028,-39.25224477561491,2025052000304,125,60816.27802847215,i,227.5809476690823,-39.25226517697993,8.236382484436035,3046.73,364.116,False,3095.23,16.6174,2940.22,362.553,False,-59.1476,16.4684,22.69041508465071,0.12975679615529698,22.673267691700254,0.005829005298879464,22.729050442261382,0.1338800946778194,nan,nan
2025 KB29,nan,MBO,MBO,21165827729537346,745284207173959915,8.673009,2.4119222,1.4398274,227.5802494744208,-39.2519808091206,2025052000309,42,60816.28066749245,i,227.58027726804573,-39.251976383935045,9.167574882507324,2934.01,314.389,False,3200.97,13.4122,2930.97,315.118,False,-15.4521,20.5032,22.731346022091962,0.11634027380915875,22.636796000221597,0.004549280758823969,22.732471577773524,0.11673099255510098,nan,nan
2025 KB29,nan,MBO,MBO,21165827729537346,745284208377200937,8.67339,2.4119098,1.4398175,227.5790978055896,-39.25152216800202,2025052000318,33,60816.28524772648,i,227.5791459446469,-39.25157557133058,8.751795768737793,3053.19,344.919,False,3068.85,24.3211,2949.68,345.435,False,-28.7873,10.2369,22.688115442628167,0.12265566836250118,22.682560811952932,0.008604623303315509,22.725562766379728,0.12714982368656386,nan,nan
2025 KB29,nan,MBO,MBO,21165827729537346,745284208513515738,8.673432,2.4119084,1.4398165,227.57897214507565,-39.25147205818388,2025052000319,37,60816.285747094415,i,227.57901040720077,-39.25149840952358,8.932284355163574,3351.54,368.543,False,3112.85,14.667,3287.09,369.626,False,-18.5663,11.6054,22.58688896988641,0.11939003343277572,22.667104481724653,0.005115727457731817,22.607970983074274,0.12208863383009871,nan,nan
2025 KB29,nan,MBO,MBO,21165827729537346,745284209479254277,8.673982,2.4118903,1.4398023,227.57731018330165,-39.25080807942729,2025052000326,87,60816.29236537675,r,227.57733664154892,-39.25083453384702,5.536353588104248,3529.01,633.174,False,3582.12,77.3072,4188.39,638.186,False,738.925,15.8929,22.53086777448842,0.1948024930511623,22.51464963823514,0.023431716565917343,22.344882179509767,0.165433876705415,24.22849911727777,0.02335216391462174
2025 KB29,nan,MBO,MBO,21165827729537346,745284210529403239,8.674316,2.411879,1.4397936,227.57629908356463,-39.25040300510648,2025052000334,42,60816.29639670024,r,227.57630214737554,-39.25043081819041,11.152738571166992,2569.56,232.047,False,2555.48,5.88384,2485.46,231.587,False,-4.00571,10.053,22.875353067625525,0.09804862318046877,22.881318792353945,0.0024998427892659715,22.91148307164032,0.10116533780457347,nan,nan
2025 KB29,nan,MBO,MBO,21165827729537346,745284210657853642,8.674357,2.4118779,1.4397925,227.5761742339081,-39.25035292788471,2025052000335,31,60816.29689451413,r,227.57619307008662,-39.25038343489225,10.910874366760254,2648.79,243.134,False,2642.03,1.69439,2574.2,242.251,False,-34.9337,18.1068,22.84238116360992,0.0996603677265753,22.84515562626265,0.0006963057236727312,22.873394305663435,0.10217570274842931,nan,nan
2025 KB29,nan,MBO,MBO,21165827729537346,745284211109790077,8.6744795,2.4118738,1.4397893,227.57580453214223,-39.25020456435898,2025052000338,125,60816.298369852564,r,227.57582738329035,-39.2502294076306,12.935017585754395,2557.74,195.748,False,2424.83,0.165755,2470.41,195.785,False,-88.8604,44.3484,22.880359015696772,0.08309315748014902,22.93829672380715,7.421807006204349e-05,22.918077447016,0.08604679967590889,nan,nan
2025 KB29,nan,MBO,MBO,21165827729537346,745284211465781620,8.674602,2.4118698,1.4397862,227.57543721104167,-39.25005704358471,2025052000341,36,60816.299835672995,r,227.5754530537058,-39.25004958054345,5.875403881072998,2230.42,384.736,False,2425.68,17.7119,2046.23,383.31,False,-2.04383,21.4455,23.029033411230877,0.1872839245021738,22.937916262066736,0.007927860393383387,23.12261389132567,0.20338551676375033,nan,nan
2025 KB29,nan,MBO,MBO,21165827729537346,745284213928362579,8.675995,2.4118235,1.4397503,227.57122677391465,-39.248358077158834,2025052000359,125,60816.316676849194,z,227.57124904068732,-39.2483874203151,7.231517791748047,3351.49,447.669,False,3001.5,9.65012,4216.49,441.509,False,998.934,149.156,22.586905183397153,0.145025182636979,22.706654130770268,0.0034907494342897877,22.337622252964486,0.1136875178873519,23.901157989303904,0.16211688891840473
2025 KB29,nan,MBO,MBO,21165827729537346,745284214951248188,8.676328,2.4118125,1.4397417,227.57022059766516,-39.24794990089939,2025052000367,28,60816.32071103866,z,227.57038670148168,-39.24795027016885,5.736774921417236,5166.36,882.764,False,5225.74,34.9358,4631.68,887.425,False,178.061,26.8925,22.117038365715462,0.18551723757229316,22.104630455896697,0.007258504963856909,22.23565359226935,0.2080259002536476,25.773577951546038,0.16397841213393638
2025 KB29,nan,MBO,MBO,21165827729537346,745288582265569290,8.76168,2.4093406,1.4377797,227.35319397511145,-39.159665102999526,2025052100138,35,60817.222943721055,g,227.3532823299224,-39.159712890004435,11.636688232421875,1875.0,160.722,False,1928.44,2.06766,1577.38,159.808,False,-255.652,3.9098,23.217496819840655,0.09306757036462518,23.18698470522017,0.0011641189202918484,23.405159171650755,0.10999843374138615,nan,nan
2025 KB29,nan,MBO,MBO,21165827729537346,745288582558646614,8.761827,2.4093368,1.4377769,227.352849162976,-39.15952482875727,2025052100140,82,60817.224314639956,g,227.3528730889825,-39.1595304172246,10.675597190856934,1581.38,146.644,False,1570.06,3.6035,1340.31,145.961,False,-234.107,3.74706,23.402409391909966,0.10068212350643586,23.410209336147332,0.002491911231242502,23.581986807894275,0.11823767163139785,nan,nan
2025 KB29,nan,MBO,MBO,21165827729537346,745288584145141885,8.76262,2.4093168,1.4377623,227.3509933396577,-39.15876820360643,2025052100152,36,60817.23169760447,g,227.35105369838647,-39.158745788458894,9.846272468566895,1626.85,163.569,False,1784.67,4.61648,2754.6,163.274,False,1102.7,3.08181,23.371631237171215,0.10916359111551864,23.271105165041558,0.0028085187815930397,22.79985360363425,0.06435507480727447,23.793856611641157,0.0030343999625455594
2025 KB29,nan,MBO,MBO,21165827729537346,745288584262058074,8.762686,2.409315,1.4377611,227.35083933479683,-39.15870528939652,2025052100153,3,60817.23231028124,g,227.3508173757629,-39.15874859932277,10.974090576171875,1850.06,169.91,False,2039.34,4.89743,2138.57,171.374,False,223.448,3.15079,23.232035432110727,0.09971429936537397,23.12627592406299,0.0026073715459868224,23.07469128974739,0.08700530855641574,25.527058829977058,0.015309722085515563
2025 KB29,nan,MBO,MBO,21165827729537346,745288584951496866,8.763004,2.409307,1.4377552,227.35009311214776,-39.15840016657338,2025052100158,38,60817.23528171837,g,227.35010997092877,-39.1584098679786,10.615796089172363,1557.83,145.685,False,1667.5,4.27427,1401.87,144.665,False,-105.499,3.5441,23.418699873040957,0.10153577784577676,23.344835393528534,0.00278304632715734,23.53323064891399,0.11204178798242716,nan,nan
2025 KB29,nan,MBO,MBO,21165827729537346,745288585128181888,8.763111,2.4093041,1.4377532,227.34984126059447,-39.15829708376084,2025052100159,119,60817.23628496645,g,227.3498623077567,-39.15826899200564,11.521869659423828,1726.3,149.8,False,1879.97,2.96605,1623.67,150.232,False,-136.393,3.47295,23.30720929295248,0.09421495811031222,23.21462271947655,0.0017129783039879195,23.373755554506015,0.10045902878474623,nan,nan
2025 KB29,nan,MBO,MBO,21165827729537346,745288585218359691,8.7644005,2.4092712,1.4377296,227.34682225660237,-39.15705731117874,2025052100160,35,60817.24831933886,r,227.34691815285117,-39.15712233604726,11.606586456298828,2941.09,254.491,False,nan,nan,7672.41,254.201,False,4821.75,6.7843,22.728729181273494,0.09394818972290563,nan,nan,21.687670471112394,0.03597242948939412,22.19198827711702,0.001527652817251783
2025 KB29,nan,MBO,MBO,21165827729537346,745288585378267375,8.764459,2.4092698,1.4377285,227.34668617935048,-39.157001250913694,2025052100161,84,60817.24886228235,r,227.34661714659907,-39.156945416240035,11.175408363342285,3097.64,277.605,False,5172.12,84.5342,36291.8,277.585,False,33467.8,5.1038,22.672422678317723,0.09730175924331819,22.115828494076,0.017745497435718256,20.00047870446714,0.008304467362665649,20.08843206209538,0.00016557348009129451
2025 KB29,nan,MBO,MBO,21165827729537346,745288585513009282,8.76451,2.4092684,1.4377276,227.34656439686185,-39.15695106651776,2025052100162,85,60817.24934808076,r,227.3466717549101,-39.15702205730235,11.810142517089844,2779.93,235.287,False,3110.69,19.8195,14387.7,233.733,False,11665.8,6.05153,22.789915375929024,0.0918942647743,22.667858187791627,0.006917677133498468,21.005021551000574,0.017638147776036985,21.232713701786594,0.0005632159988689226
2025 KB29,nan,MBO,MBO,21165827729537346,745288585917235396,8.764697,2.4092636,1.4377241,227.3461264625348,-39.15677049841837,2025052100165,88,60817.25109657977,r,227.34612500217875,-39.15653876373479,8.033703804016113,4236.66,527.63,False,4353.26,61.3141,318531.0,523.959,False,314280.0,16.3417,22.33244092884856,0.1352166512985173,22.302963542644324,0.015292204011168506,17.642120737412704,0.0017859525105695725,17.656708138817855,5.645531024322262e-05
2025 KB29,nan,MBO,MBO,21165827729537346,745288586339287381,8.764915,2.4092581,1.4377202,227.34561553587776,-39.156559629873534,2025052100168,125,60817.25313642433,r,227.34579483868853,-39.156540610729444,8.857783317565918,3765.78,428.818,False,5520.64,59.7595,200289.0,427.126,False,196638.0,11.0102,22.460362630111085,0.12363526727738203,22.045026403627173,0.011752813006689027,18.145857254455564,0.0023153851179077128,18.165831379082682,6.0792788116170175e-05
2025 KB29,nan,MBO,MBO,21165827729537346,745288586967384277,8.765256,2.4092493,1.437714,227.3448166982027,-39.156229492851054,2025052100173,43,60817.25632777852,r,227.34483160361185,-39.156213140337414,11.561720848083496,2904.73,250.176,False,3001.06,1.93258,3702.37,247.823,False,1242.33,5.76199,22.7422355819731,0.09351132016450552,22.706813282968305,0.0006991769665813406,22.478800420050757,0.07267517639635507,23.66440760648849,0.005035700218238048
2025 KB29,nan,MBO,MBO,21165827729537346,745288587097932211,8.765309,2.4092479,1.437713,227.34469281963405,-39.156178248891294,2025052100174,36,60817.25682246129,r,227.34473007935787,-39.156191262824876,9.132957458496094,2547.79,275.935,False,3361.93,3.55838,4403.76,281.608,False,1739.49,5.06416,22.88459091163616,0.117589209634971,22.583528355601675,0.0011491797728752128,22.290440951833112,0.06942976440079263,23.29894516506115,0.0031608929908022963
2025 KB29,nan,MBO,MBO,21165827729537346,745288587362173147,8.765425,2.409245,1.4377109,227.3444205757393,-39.15606558591458,2025052100176,28,60817.257910516,r,227.34449486672935,-39.156072631311226,9.583659172058105,2738.52,285.189,False,2853.38,15.2996,3078.78,284.954,False,336.744,4.83774,22.806210199700715,0.11306837826783277,22.76160101247452,0.0058216325683371605,22.67905334795573,0.10048944140685154,25.08175037272154,0.01559793075303192
2025 KB29,nan,MBO,MBO,21165827729537346,745288587547246599,8.765482,2.4092436,1.4377098,227.34428647518772,-39.15601006778459,2025052100177,125,60817.258446173575,r,227.34429075536585,-39.15602970986842,10.320816040039062,2815.3,275.657,False,3408.52,0.743843,2923.2,276.755,False,517.716,5.10275,22.776188280356585,0.1063086682957381,22.56858537720443,0.00023694075192943478,22.735353693114604,0.10279246499331067,24.61477102520861,0.01070131151390351
2025 KB29,nan,MBO,MBO,21165827729537346,745288587904287061,8.76565,2.4092393,1.4377068,227.34389450597496,-39.15584770332749,2025052100180,38,60817.260013441,r,227.34384897901433,-39.155844094258406,9.529260635375977,2652.02,269.662,False,2929.65,7.35644,6220.7,268.551,False,3656.17,5.47498,22.841058004647103,0.1103995371480929,22.73296068850441,0.002726316654014408,21.915401822097003,0.04687181969920259,22.492434071173612,0.0016258500015899223
2025 KB29,nan,MBO,MBO,21165827729537346,745288588170625226,8.765755,2.4092364,1.4377049,227.34364792571208,-39.15574549591489,2025052100182,34,60817.26099958194,r,227.34366242663592,-39.155737379691146,9.960495948791504,2677.29,271.199,False,2837.86,10.5948,8365.66,271.899,False,5450.98,6.03922,22.830761444519418,0.10998082922081374,22.767522542344498,0.0040534619402545725,21.593749455073137,0.03528837754699767,22.05881353245044,0.0012029029036856238
2025 KB29,nan,MBO,MBO,21165827729537346,745288588306940246,8.765807,2.4092352,1.437704,227.34352590261904,-39.15569489821696,2025052100183,38,60817.26148726863,r,227.34349794012974,-39.15567705728613,12.320795059204102,3148.9,253.374,False,3116.42,1.41439,8354.22,252.001,False,5258.64,5.77571,22.654602861389506,0.08736299215244414,22.66586007016084,0.0004927623472807741,21.595235266064034,0.032750708740926435,22.09781637035404,0.001192494144326743
2025 KB29,nan,MBO,MBO,21165827729537346,745288588460556595,8.765859,2.4092338,1.437703,227.3434041405492,-39.15564439608864,2025052100184,75,60817.26197450944,r,227.34344940885387,-39.15568964274734,7.493582725524902,2085.13,274.797,False,2486.54,11.0389,7003.22,276.37,False,4743.84,5.51608,23.10216721907338,0.14308799232957944,22.91101135806722,0.004820084780445373,21.78675554283779,0.04284670485893791,22.209674953910138,0.0012624809976532288
2025 KB29,nan,MBO,MBO,21165827729537346,745288588574326840,8.76591,2.4092326,1.4377021,227.3432836395673,-39.15559440454794,2025052100185,36,60817.26245622433,r,227.3433609142079,-39.15561913708253,9.00201416015625,2437.59,269.163,False,2782.7,14.7561,6838.57,268.802,False,4516.6,4.90954,22.932598311944542,0.11988890561888517,22.788834049000965,0.00575744132225641,21.812586786048296,0.042676769110172014,22.262970901042618,0.0011801942618273986
2025 KB29,nan,MBO,MBO,21165827729537346,745288588728467631,8.7664385,2.409219,1.4376924,227.34204476873649,-39.15507972116523,2025052100186,74,60817.267414719,i,227.34202453095153,-39.15510064688863,6.731224060058594,2805.19,415.091,False,3213.6,13.1896,2290.05,418.169,False,-467.514,5.70507,22.780094317559822,0.16065911403287803,22.632520420197146,0.004456194237354491,23.000387565228486,0.19825821279832564,nan,nan
2025 KB29,nan,MBO,MBO,21165827729537346,745288588867928578,8.766497,2.4092176,1.4376915,227.3419096591211,-39.15502351093976,2025052100187,84,60817.26795555525,i,227.3420004465618,-39.15504441263091,9.84703540802002,3770.39,378.085,False,4053.41,5.48277,3146.26,380.414,False,-402.015,6.06594,22.459034343689844,0.108874831355373,22.380448687064867,0.0014686010010483037,22.65551347435463,0.1312762622622727,nan,nan
2025 KB29,nan,MBO,MBO,21165827729537346,745288589002670453,8.766549,2.4092162,1.4376905,227.34178704879767,-39.15497248728588,2025052100188,85,60817.26844634924,i,227.3417665100248,-39.15503695345365,8.292375564575195,3074.84,366.603,False,3598.44,24.8495,2641.36,367.072,False,-267.596,6.63789,22.680443663747884,0.1294487306818158,22.50971435341768,0.007497694270805407,22.84543096403598,0.15088565516888286,nan,nan
2025 KB29,nan,MBO,MBO,21165827729537346,745288589177258158,8.766601,2.4092147,1.4376895,227.3416656987765,-39.1549219753902,2025052100189,162,60817.26893247643,i,227.34166988361875,-39.15488335879646,7.6658830642700195,3127.19,399.41,False,3599.17,23.0625,2937.5,399.146,False,-132.582,5.97398,22.6621143487,0.13867206969958518,22.509494123024133,0.00695710171116061,22.73005531180052,0.14752927964024895,nan,nan
2025 KB29,nan,MBO,MBO,21165827729537346,745288589406896484,8.766711,2.409212,1.4376875,227.3414075566599,-39.154814481759445,2025052100191,88,60817.26996681998,i,227.34145460864585,-39.15482150324022,9.154911994934082,3661.55,391.512,False,4217.39,5.951,4153.38,392.539,False,459.967,6.37037,22.490837563054935,0.11609256740225583,22.337390554975883,0.001532041423011653,22.353995862410628,0.10261373091193964,24.743183288581005,0.015037037640581745
2025 KB29,nan,MBO,MBO,21165827729537346,745288589848346765,8.76688,2.4092076,1.4376844,227.3410109603557,-39.15464922242802,2025052100194,162,60817.2715550652,i,227.34104959361932,-39.154690213573865,8.943830490112305,3521.43,386.881,False,4708.13,7.99873,6368.54,383.296,False,3141.14,6.47115,22.533202371618408,0.11928413450665275,22.21787891203821,0.0018445776067257395,21.889900291080927,0.06534595541810692,22.65728180400386,0.002236755444321769
2025 KB29,nan,MBO,MBO,21165827729537346,745288590457045417,8.767159,2.4092004,1.4376794,227.34035681701883,-39.15437634891732,2025052100199,43,60817.27417764964,i,227.34036811409104,-39.15437628819469,8.742447853088379,3461.58,395.982,False,3700.81,7.87672,12656.9,397.16,False,9279.04,6.20178,22.551814043068276,0.12420108109526089,22.479258010459642,0.002310856242504551,21.14418159441947,0.03406924142163768,21.48124237823051,0.0007256674052985195
2025 KB29,nan,MBO,MBO,21165827729537346,745288590585495717,8.767213,2.409199,1.4376785,227.3402321156207,-39.1543242883341,2025052100200,32,60817.2746770689,i,227.34016051114241,-39.1544150760402,9.425748825073242,3781.32,406.497,False,4343.66,11.5902,15574.1,408.181,False,11858.5,6.59191,22.45589140098722,0.11671810693607959,22.30536040217079,0.0028970729219789707,20.918992629887597,0.028456019971936645,21.21492560519542,0.0006035396737436305
2025 KB29,nan,MBO,MBO,21165827729537346,745288590851834385,8.767317,2.4091964,1.4376765,227.339987239331,-39.15422201787291,2025052100202,28,60817.27565986236,i,227.33999710400136,-39.154196694905416,9.060602188110352,3871.37,422.806,False,4133.24,35.4403,20905.0,422.008,False,17162.3,7.56554,22.43033826637564,0.11857708450190534,22.35927337922778,0.009309600851220403,20.599374570283913,0.021917692395420567,20.8135612274624,0.00047861767569173816
2025 KB29,nan,MBO,MBO,21165827729537346,745288591036907792,8.76737,2.409195,1.4376756,227.3398615787793,-39.154169516744105,2025052100203,125,60817.27616330091,i,227.339855925246,-39.15413027942616,9.144911766052246,3444.02,375.207,False,3718.36,15.0654,17409.3,376.157,False,14131.4,8.36048,22.55733583181869,0.11828497588970069,22.47412138236714,0.0043989957617895014,20.798046678315636,0.023459143635561477,21.02453699598278,0.0006423479562693162
2025 KB29,nan,MBO,MBO,21165827729537346,745288591393423820,8.767531,2.409191,1.4376726,227.33948392882223,-39.154011652090375,2025052100206,37,60817.27767844791,i,227.339451662678,-39.154007711430815,6.713718414306641,2460.88,384.055,False,2840.52,26.2432,6819.77,383.434,False,4575.33,6.46308,22.922273959957565,0.16944443858415853,22.766505363844544,0.01003097760298044,21.815575676603892,0.0610443115244556,22.24894392288057,0.0015337035260237582
2025 KB29,nan,MBO,MBO,21165827729537346,745288591575875863,8.767585,2.4091895,1.4376717,227.33935931824,-39.15395953553763,2025052100207,129,60817.27817853546,i,227.33938575070434,-39.15396815559458,7.332387447357178,2683.6,371.912,False,3049.42,35.2487,6020.79,373.405,False,3335.42,7.37918,22.82820550248046,0.1504688831815539,22.689456916951496,0.012550186546876374,21.950866293826707,0.06733656606226311,22.59212370401424,0.002402049224900453
2025 KB29,nan,MBO,MBO,21165827729537346,745288591680733191,8.767649,2.4091878,1.4376706,227.33920905549368,-39.15389667249713,2025052100208,73,60817.27878137833,i,227.3391544330065,-39.15393073312097,7.828981399536133,3043.13,380.165,False,3314.6,20.5958,4956.18,382.146,False,2001.46,7.29137,22.691698778170476,0.13563631177579846,22.59892215295769,0.006746396398113083,22.162132284429795,0.08371562952651135,23.146632733754586,0.003955364810446084
2025 KB29,nan,MBO,MBO,21165827729537346,745288593319657479,8.768942,2.4091547,1.4376472,227.33617985609547,-39.1526252257686,2025052100220,127,60817.29095470089,z,227.33621131776673,-39.152713076561646,6.270628929138184,4481.41,708.193,False,4644.81,9.39636,4797.48,703.386,False,798.955,15.5111,22.271463264830015,0.171577861839289,22.232580102556497,0.002196423222402987,22.197467072169133,0.1591859964783706,24.14369417931078,0.021078736956312384
2025 KB29,nan,MBO,MBO,21165827729537346,745288593740660950,8.769105,2.4091504,1.4376442,227.33579896223975,-39.152464790112525,2025052100223,162,60817.292487493614,z,227.3359799529693,-39.15255123637012,6.3361124992370605,3989.23,651.057,False,5532.6,88.0066,4581.0,647.474,False,1240.64,20.9772,22.39777731435862,0.17719614239943557,22.042676799820555,0.01727071351049303,22.24759927055979,0.15345687893020646,23.665885538862746,0.01835802872854238
2025 KB29,nan,MBO,MBO,21165827729537346,745288595573047456,8.769882,2.4091303,1.4376303,227.33397912068324,-39.1516965203487,2025052100237,73,60817.29981996688,z,227.334131900603,-39.151670922545456,5.806473731994629,3992.3,681.587,False,4046.87,100.159,23048.0,680.311,False,19472.0,26.3497,22.39694206484606,0.18536273489071164,22.382201834767276,0.026871692362821293,20.493416886819105,0.03204782432738382,20.676473597785026,0.0014692288558848644
2025 KB29,nan,MBO,MBO,21165827729537346,745297387901681899,8.99333,2.4042735,1.4343767,226.91305008682008,-38.96677689244951,2025052300209,61,60819.07979429125,i,226.9130746729568,-38.966779336626495,13.385796546936035,2874.03,212.687,False,2818.32,0.070457,2867.5,210.575,False,-27.9112,25.2946,22.753771746132703,0.08034779385876432,22.77502421718227,2.714301789304844e-05,22.756241433566736,0.07973108910323946,nan,nan
2025 KB29,nan,MBO,MBO,21165827729537346,745297388031705391,8.993403,2.4042723,1.4343759,226.91293090759729,-38.966726031124665,2025052300210,53,60819.0802794506,i,226.91294600908913,-38.96675075316546,12.530653953552246,2431.93,190.981,False,2436.97,4.8578,2411.49,189.599,False,-42.5781,32.569,22.935122355097974,0.08526355404876258,22.932874555821815,0.0021642816310155186,22.944286341088606,0.08536402741014078,nan,nan
2025 KB29,nan,MBO,MBO,21165827729537346,745297388186370060,8.993479,2.404271,1.434375,226.9128092633346,-38.96667411214627,2025052300211,92,60819.08077430007,i,226.91283263186887,-38.966681648872274,16.455322265625,3080.92,186.977,False,2919.38,1.22825,2978.73,185.794,False,-31.9978,34.2427,22.678298973892623,0.0658919118116825,22.736773472469377,0.00045679410560359266,22.71492215863526,0.06772123711829958,nan,nan
2025 KB29,nan,MBO,MBO,21165827729537346,745297388274975319,8.993553,2.4042695,1.4343742,226.9126890861799,-38.96662281369219,2025052300212,5,60819.08126372041,i,226.91270038829757,-38.96664556546331,14.26925277709961,2866.57,198.335,False,2967.29,2.33366,2861.03,196.334,False,-11.455,37.4946,22.7565935954507,0.07512096070389711,22.719100003260763,0.0008538899116342996,22.75869395956803,0.07450705845256783,nan,nan
2025 KB29,nan,MBO,MBO,21165827729537346,745297388568051764,8.993703,2.4042668,1.4343725,226.91244797216308,-38.9665198754233,2025052300214,52,60819.08224434325,i,226.91249216908997,-38.96652454280871,12.71389102935791,2786.05,213.882,False,2785.11,7.45005,2658.49,210.947,False,-64.2384,29.0334,22.787527715352063,0.08335077654199924,22.787894076539384,0.0029042976998785285,22.838412426388572,0.08615146296799313,nan,nan
2025 KB29,nan,MBO,MBO,21165827729537346,745297388949733597,8.993926,2.4042628,1.43437,226.9120861234855,-38.966365348923496,2025052300217,12,60819.08371626666,i,226.91206816703067,-38.96637134423888,13.025339126586914,3002.66,229.636,False,2872.6,0.786339,3113.01,224.088,False,1.40981,19.8095,22.706234635418515,0.08303441886086164,22.75431207274162,0.00029720694707461204,22.66704870714451,0.07815601334571301,31.027098573904702,15.255879781578432
2025 KB29,nan,MBO,MBO,21165827729537346,745297389668008686,8.9943,2.404256,1.4343659,226.9114815053554,-38.96610703036678,2025052300222,102,60819.086175326986,i,226.91149345415488,-38.96611849498684,15.475367546081543,3323.96,211.291,False,3323.42,0.456087,3201.29,209.875,False,-79.0232,34.3529,22.595860540475407,0.06901596034040552,22.596036952828474,0.00014900017833921673,22.636687441742083,0.07118033142674694,nan,nan
2025 KB29,nan,MBO,MBO,21165827729537346,745297389804847742,8.994374,2.404255,1.434365,226.9113612492819,-38.96605563396529,2025052300223,107,60819.08666459915,i,226.91134753273278,-38.9660725424644,14.843230247497559,3139.1,210.711,False,2992.41,1.13435,3029.17,208.958,False,-68.2705,34.7707,22.657987088922358,0.07287966383141717,22.709947288404724,0.00041157623363559446,22.696690910376326,0.07489618068329201,nan,nan
2025 KB29,nan,MBO,MBO,21165827729537346,745297390097399978,8.994523,2.4042523,1.4343635,226.91112047052556,-38.96595270911057,2025052300225,153,60819.08764379612,i,226.9111658359898,-38.96597147572246,14.077423095703125,3027.45,209.457,False,3078.64,1.87388,3040.6,207.445,False,-39.5137,36.3575,22.697307569355374,0.07511769069781382,22.679102768495863,0.0006608565670393517,22.692601737210907,0.07407437601604744,nan,nan
2025 KB29,nan,MBO,MBO,21165827729537346,745297390162412149,8.994598,2.4042509,1.4343626,226.9109999480289,-38.96590118064654,2025052300226,21,60819.08813322199,i,226.91100280240934,-38.9659175201778,14.94321060180664,3059.54,196.658,False,3162.91,3.78003,3083.01,194.835,False,21.6989,30.5758,22.685859647449483,0.069787848172649,22.649782944357835,0.0012975758252012869,22.67756266306297,0.06861457474139708,28.05890569294577,1.5299048636409818
2025 KB29,nan,MBO,MBO,21165827729537346,745297390627454996,8.994822,2.4042468,1.4343601,226.91063809446948,-38.96574643595292,2025052300229,140,60819.08960465375,i,226.91065110108644,-38.96576583091693,12.279863357543945,2645.11,213.325,False,2571.4,4.55422,2757.09,210.824,False,230.669,26.0445,22.843890612426954,0.08756333882538192,22.874575942313935,0.0019229532328375934,22.79887260773649,0.08302204422111253,25.492526887954334,0.12258888792040731
2025 KB29,nan,MBO,MBO,21165827729537346,745297390880686777,8.994971,2.4042442,1.4343585,226.91039649770903,-38.965643087200846,2025052300231,111,60819.09058623281,i,226.9104114784214,-38.96564700547502,15.053844451904297,3093.29,196.877,False,2907.9,1.53661,3164.84,195.469,False,56.8,52.286,22.673948392314365,0.06910327932136785,22.74105136781995,0.0005737312746423831,22.649120572490347,0.06705797384776607,27.014129175306095,0.9994507606060047
2025 KB29,nan,MBO,MBO,21165827729537346,745297391030108200,8.995045,2.4042428,1.4343576,226.91027716583145,-38.96559203083859,2025052300232,140,60819.091071095914,i,226.91029425984885,-38.96560157018368,15.606842994689941,3076.54,194.982,False,3075.2,0.6146,3142.09,194.591,False,48.4211,60.2949,22.67984357123449,0.06881074458860893,22.680316602268228,0.00021699189810172546,22.656953418296684,0.06724011458020804,27.187413358062816,1.3519799004728508
2025 KB29,nan,MBO,MBO,21165827729537346,745297391127626055,8.995119,2.4042416,1.4343568,226.9101568435192,-38.96554054443724,2025052300233,70,60819.09156029132,i,226.9101821312268,-38.96556085036826,11.808730125427246,2808.51,233.888,False,2710.22,7.67481,2815.71,230.649,False,43.8876,30.4942,22.77881005980765,0.09041828909479506,22.817488647181523,0.003074591397988024,22.77603020696729,0.08893812772569551,27.29414542127064,0.7543966119858427
2025 KB29,nan,MBO,MBO,21165827729537346,745297391302738455,8.995193,2.4042401,1.4343561,226.9100384833912,-38.96548989147908,2025052300234,148,60819.092041745054,i,226.91005289563728,-38.96547221548695,13.701971054077148,3261.93,234.823,False,3176.72,1.91938,3278.6,232.228,False,9.42016,15.223,22.616313430303016,0.07816103841357093,22.64505266684971,0.0006560037778442919,22.610778881300554,0.0769042690180102,28.964854267958195,1.754552074068448
2025 KB29,nan,MBO,MBO,21165827729537346,745297391396061445,8.995267,2.404239,1.4343553,226.90991790241333,-38.96543828175712,2025052300235,70,60819.092531925126,i,226.90991956792183,-38.96545242322086,11.090458869934082,2716.7,238.864,False,3056.17,12.49,2767.88,235.321,False,25.7745,18.8459,22.814895812628606,0.09546261852675542,22.687056257046244,0.004437202542914887,22.794631902015457,0.09230766482992006,27.872024381622822,0.7938728422320377
2025 KB29,nan,MBO,MBO,21165827729537346,745297391665021724,8.995416,2.4042363,1.4343536,226.90967795237097,-38.96533556187099,2025052300237,71,60819.09350612063,i,226.90966961489244,-38.965345607866375,13.34642505645752,2933.15,215.907,False,2957.33,5.61754,3065.8,213.77,False,34.2954,28.3894,22.73166435320568,0.0799202400311056,22.722750499043155,0.002062389476707849,22.683640433001486,0.07570546983930938,27.561910359365854,0.8987619649381983
2025 KB29,nan,MBO,MBO,21165827729537346,745297391923495119,8.996468,2.4042175,1.434342,226.90797572290185,-38.96460610450902,2025052300239,52,60819.100420095594,z,226.90802829779471,-38.96462731964742,9.011969566345215,3403.31,372.709,False,3795.26,4.56234,3457.68,363.015,False,86.0273,117.859,22.570246206747548,0.11890296926863496,22.451896164086392,0.0013051800055216098,22.553038026755676,0.11398930845736134,26.56340929403759,1.4874788309043776
2025 KB29,nan,MBO,MBO,21165827729537346,745297392057713134,8.996541,2.404216,1.4343412,226.9078560271982,-38.96455476028625,2025052300240,52,60819.100906042106,z,226.90786591480963,-38.96455994807684,8.057319641113281,3035.73,381.837,False,3102.55,19.7564,3104.93,373.612,False,283.598,77.9767,22.69434215078823,0.13656493297499347,22.670703009863523,0.006913744339425776,22.66987049004313,0.13064516215591696,25.268242121407596,0.2985286516024466
2025 KB29,nan,MBO,MBO,21165827729537346,745297392168337491,8.996616,2.4042149,1.4343404,226.90773509462545,-38.96450287853504,2025052300241,7,60819.10139749409,z,226.9077198111816,-38.964524394092095,7.652605056762695,2898.35,366.923,False,3054.8,3.41081,2934.68,360.229,False,224.217,110.564,22.74462289093633,0.13745116239989352,22.687543027819117,0.0012122691628145105,22.731098144475503,0.13327302488020293,25.523328679409587,0.5353891254403693
2025 KB29,nan,MBO,MBO,21165827729537346,745297392460365913,8.996763,2.4042122,1.4343388,226.9074971548661,-38.96440077851789,2025052300243,52,60819.102363017635,z,226.90749954418231,-38.96438233477782,7.785297393798828,2855.1,351.678,False,3516.65,23.2602,2786.54,340.695,False,-37.387,106.791,22.76094665278552,0.13373595802754823,22.534677163546835,0.00718139209606333,22.78733678074879,0.13274702643665967,nan,nan
2025 KB29,nan,MBO,MBO,21165827729537346,745297392982032899,8.997061,2.4042068,1.4343355,226.9070148093868,-38.96419371943749,2025052300247,23,60819.104321635255,z,226.9070271372775,-38.96421653479071,8.452954292297363,3411.1,396.828,False,3470.84,1.17675,3364.8,391.546,False,137.042,57.0598,22.56776384042762,0.1263083807299182,22.548913487822713,0.00036810685209935954,22.582601845888778,0.12634202656657673,26.057865720690486,0.45206496151043396
2025 KB29,nan,MBO,MBO,21165827729537346,745297393560322410,8.997374,2.4042013,1.4343321,226.90650922178008,-38.96397655982225,2025052300251,102,60819.10637334062,z,226.90653355186822,-38.96399332014443,7.270406723022461,2734.94,367.89,False,2633.67,1.68478,3033.32,359.459,False,381.331,118.998,22.80763051555877,0.14604763425533493,22.848596640340496,0.0006945542528469424,22.695204404005423,0.1286635296639343,24.946744737240955,0.33881441644479665
2025 KB29,nan,MBO,MBO,21165827729537346,745297393697161329,8.997448,2.4041998,1.4343313,226.90638921843967,-38.96392499731038,2025052300252,107,60819.10686018277,z,226.90643170182312,-38.96397055632853,5.75601863861084,2257.44,389.123,False,nan,nan,2817.7,379.506,False,500.258,113.852,23.015959487877026,0.1871522276542695,nan,nan,22.77526313886177,0.14623395828222027,24.652014903308164,0.24709897017234966
2025 KB29,nan,MBO,MBO,21165827729537346,745297393857069183,8.997529,2.4041984,1.4343303,226.90625738190488,-38.963868341991486,2025052300253,156,60819.107395442355,z,226.90627413754214,-38.96390051093316,5.420737266540527,2299.74,408.446,False,2223.74,55.3542,2880.46,399.067,False,561.643,114.14,22.995803156901292,0.1928325060272185,23.0322899845053,0.02702656678063594,22.751345392974173,0.15042093304225995,24.52634911348353,0.22064893279767753
2025 KB29,nan,MBO,MBO,21165827729537346,745297393969266932,8.997603,2.4041972,1.4343296,226.90613662956403,-38.96381644226154,2025052300254,114,60819.10788559858,z,226.90613146656784,-38.96384223784267,6.031371116638184,2217.25,363.365,False,2124.12,22.0477,2792.52,356.436,False,487.181,121.391,23.03546334107566,0.17793145808503555,23.082052319780672,0.011269601415439397,22.785009261877537,0.13858288291895696,24.680774144236867,0.27053313335033324
2025 KB29,nan,MBO,MBO,21165827729537346,745297394051055903,8.99768,2.4041958,1.4343288,226.90601291521423,-38.9637632617604,2025052300255,14,60819.108387760905,z,226.90600648315038,-38.96376645811519,7.101264476776123,2521.69,354.332,False,2500.46,8.84319,2979.35,343.885,False,445.544,117.529,22.895770784707167,0.152560818593358,22.904950238196825,0.003839842232344188,22.714696151708445,0.1253187417181545,24.777773485689014,0.2864037847262595
2025 KB29,nan,MBO,MBO,21165827729537346,745297394521866881,8.997909,2.4041917,1.4343263,226.9056424832801,-38.96360397907341,2025052300258,144,60819.10989085356,z,226.90565493666455,-38.96361556774212,9.27331256866455,3496.22,371.221,False,3476.11,0.877535,3536.23,362.641,False,66.9224,117.786,22.541003126981096,0.11528110131981177,22.54726618880901,0.00027409129035093065,22.5286487454592,0.11134243407859397,26.836071208264187,1.9109375226242453
2025 KB29,nan,MBO,MBO,21165827729537346,745297394593169783,8.997986,2.4041903,1.4343255,226.9055175176652,-38.96355022892642,2025052300259,24,60819.110397827186,z,226.90554346757887,-38.963563386318114,10.167269706726074,3598.55,356.835,False,3502.83,8.60643,3644.71,346.721,False,41.9063,110.66,22.509681131858528,0.10766243739572358,22.53895232436389,0.0026676465870803115,22.49584256574236,0.10328601060084669,27.344301716331817,2.8670527717087677
2025 KB29,nan,MBO,MBO,21165827729537346,745297394920850023,8.998136,2.4041877,1.4343238,226.9052762003817,-38.96344641068796,2025052300261,137,60819.111376135515,z,226.90529684542358,-38.963462796123956,9.439541816711426,3281.14,342.691,False,3061.18,2.10144,3657.01,337.045,False,362.385,128.23,22.60993813229488,0.11339718764329682,22.685277856158553,0.0007453365989211927,22.492184627333703,0.10006589337586583,25.00207443857193,0.3841879358845816
2025 KB29,nan,MBO,MBO,21165827729537346,745297395017843108,8.998213,2.4041862,1.434323,226.9051499888037,-38.96339210049416,2025052300262,66,60819.11188828145,z,226.90518137674067,-38.963437597940214,6.437610626220703,2089.26,326.989,False,2548.47,4.70741,2531.5,312.862,False,442.67,136.858,23.100018771064512,0.16992801711718616,22.88430119863017,0.0020055191440296752,22.89155517069285,0.13418352753817628,24.784799740591318,0.3356714547156734
2025 KB29,nan,MBO,MBO,21165827729537346,745297395195052213,8.998289,2.4041848,1.4343221,226.9050274705517,-38.96333937157391,2025052300263,148,60819.112385178974,z,226.90497475000632,-38.963331376567034,7.398735046386719,2534.15,333.904,False,2498.67,15.0697,2968.51,327.309,False,361.284,108.251,22.890419247274696,0.14305848772632052,22.90572777762737,0.006548171490504304,22.718653705754484,0.11971366777820505,25.005378188731797,0.32531756296095266
2025 KB29,nan,MBO,MBO,21165827729537346,745297395286802707,8.998365,2.4041834,1.4343213,226.90490322228743,-38.96328589001258,2025052300264,67,60819.11288963602,z,226.90490433588587,-38.9632728836605,8.14018440246582,2975.59,361.505,False,3550.02,9.68854,3305.86,352.912,False,297.163,125.731,22.716067241643223,0.13190629771211992,22.524422994582377,0.002963137979329173,22.601788820544353,0.11590609077788863,25.21751318525252,0.459379883728128
2025 KB29,nan,MBO,MBO,21165827729537346,745297395415777563,8.998861,2.4041746,1.4343159,226.9041001915461,-38.96294003401435,2025052300265,57,60819.116146661625,r,226.9041057132244,-38.962941038170015,15.958385467529297,2628.71,163.467,False,2480.27,0.409809,3055.72,162.418,False,338.184,8.6205,22.850643322974072,0.0675167811023891,22.913752590667432,0.0001793935569919564,22.68721611865604,0.057709182713039035,25.07711738903233,0.027676024868637454
2025 KB29,nan,MBO,MBO,21165827729537346,745297395547373735,8.998936,2.4041734,1.4343151,226.90397936485323,-38.962887965273055,2025052300266,52,60819.11663625539,r,226.90400234771187,-38.962909932565374,15.063162803649902,2434.07,159.818,False,2286.05,0.245389,3017.24,158.547,False,511.442,9.64538,22.93416731026916,0.07128807983205138,23.00228566441008,0.00011654500794127896,22.70097536204237,0.057052211767068525,24.62800905518509,0.020476102043758996
2025 KB29,nan,MBO,MBO,21165827729537346,745297395681591866,8.99901,2.404172,1.4343144,226.90385853450792,-38.96283588700161,2025052300267,52,60819.11712660639,r,226.9038632142552,-38.96285698096724,15.696578979492188,2659.99,168.827,False,2464.95,2.87916,3435.52,168.065,False,676.288,7.83134,22.837799994131124,0.068910628388613,22.920479735744305,0.0012681832225219217,22.56001879096543,0.053114013851182675,24.324670756502726,0.012572704053230192
2025 KB29,nan,MBO,MBO,21165827729537346,745297395791692269,8.999085,2.4041705,1.4343135,226.9037374538981,-38.9627836928557,2025052300268,6,60819.11761797484,r,226.90377258428865,-38.962794367919024,15.524970054626465,2530.22,161.555,False,2580.39,1.27854,3188.27,161.826,False,630.541,34.4694,22.892104301892694,0.06932444871928917,22.87078666977994,0.0005379641223017356,22.64111226161321,0.05510836609463658,24.400716645129116,0.05935327437660709
2025 KB29,nan,MBO,MBO,21165827729537346,745297396083720382,8.999235,2.404168,1.4343119,226.903495035605,-38.962679169532194,2025052300270,51,60819.11860076864,r,226.90349366266605,-38.96269203810494,18.02899742126465,2517.62,137.925,False,2411.61,2.2044,2759.17,136.275,False,216.025,24.4907,22.8975244995652,0.059480843965434634,22.944232261522902,0.000992447722095615,22.798053882310306,0.053624350390156665,25.563739996157857,0.12308964318634778
2025 KB29,nan,MBO,MBO,21165827729537346,745297396202209430,9.000759,2.4041407,1.4342955,226.9010252579775,-38.96161238484589,2025052300271,21,60819.1286120848,r,226.90104430117282,-38.961639560143205,17.106935501098633,2714.78,156.288,False,2880.01,7.47529,2758.87,155.426,False,-31.9802,9.23124,22.81566338566001,0.06250507666970136,22.75151500700954,0.0028181127054688368,22.798171862173294,0.06116693524023175,nan,nan
2025 KB29,nan,MBO,MBO,21165827729537346,745297396647329946,9.000997,2.4041364,1.4342929,226.90064008866804,-38.96144569672337,2025052300274,102,60819.13017313418,r,226.9006538054873,-38.96146333357094,21.129005432128906,2494.07,115.851,False,2386.02,0.702029,2602.33,114.433,False,65.7245,41.6886,22.907728374061918,0.05043307499659026,22.95581479192459,0.00031945175847960893,22.86159404651466,0.04774338609293873,26.855681730427705,0.6886749856731142
2025 KB29,nan,MBO,MBO,21165827729537346,745297396782596580,9.001071,2.4041352,1.4342922,226.90051942563548,-38.96139345965093,2025052300275,104,60819.13066281076,r,226.90051786502804,-38.96140242818758,18.68682098388672,2300.4,122.721,False,2131.86,0.15122,2414.39,120.467,False,121.742,36.7537,22.995491648777296,0.05792150894169215,23.078103242744117,7.701491369562227e-05,22.942981489156814,0.054173266254661054,26.186398948486257,0.3277819001451794
2025 KB29,nan,MBO,MBO,21165827729537346,745297396943028240,9.001146,2.4041338,1.4342914,226.9003975267668,-38.961340678682745,2025052300276,154,60819.13115630884,r,226.9004027844377,-38.96134342341003,20.701114654541016,2568.12,122.888,False,2659.82,0.536438,2661.2,121.728,False,57.614,31.8,22.875961667812746,0.05195393718833606,22.837869353875064,0.00021897351343913414,22.83730623298623,0.04966349605885798,26.998679959196224,0.5992712089761072
2025 KB29,nan,MBO,MBO,21165827729537346,745297397054701707,9.001222,2.4041324,1.4342905,226.90027562583177,-38.96128788786498,2025052300277,111,60819.13165015192,r,226.90028449988716,-38.96130219251633,19.140308380126953,2589.23,133.487,False,2480.68,0.244229,2655.0,132.361,False,4.2674,29.5766,22.8670734324174,0.05597481464669492,22.913573166797686,0.00010689338365720904,22.83983868645628,0.054127729408945,29.824591671767298,7.525047118955367
2025 KB29,nan,MBO,MBO,21165827729537346,745297397137539276,9.001296,2.4041312,1.4342897,226.90015470997355,-38.96123551477266,2025052300278,13,60819.13214026288,r,226.90015871807313,-38.961256392085716,17.61225128173828,2392.61,133.177,False,2431.44,0.621299,2372.63,131.316,False,-44.9516,26.1692,22.952820167372668,0.06043403904928682,22.935341133497776,0.0002774351270716979,22.961925010112786,0.06009134853591753,nan,nan
2025 KB29,nan,MBO,MBO,21165827729537346,745297397608874244,9.001539,2.404127,1.4342872,226.8997611035504,-38.96106496784734,2025052300281,144,60819.133735245785,r,226.8997765013724,-38.9610797701377,20.144105911254883,2619.67,129.542,False,2454.9,1.36094,2561.5,127.488,False,-81.4587,39.607,22.854383565726415,0.05368937756128286,22.924915528451333,0.0006019071518529135,22.878764099469098,0.05403799966646381,nan,nan
2025 KB29,nan,MBO,MBO,21165827729537346,745297397676507367,9.0016165,2.4041255,1.4342864,226.8996354910102,-38.96101052087781,2025052300282,17,60819.13424434215,r,226.8996453879593,-38.961036661054166,20.10292625427246,2725.9,135.764,False,2547.9,0.448996,2757.29,135.772,False,-36.2174,38.6121,22.811225239795103,0.054075315895967216,22.88454409460317,0.00019133060157650378,22.798793870245934,0.05346284843087536,nan,nan
2025 KB29,nan,MBO,MBO,21165827729537346,745297398011527674,9.001769,2.4041226,1.4342847,226.89938894956435,-38.96090362884964,2025052300284,144,60819.13524325666,r,226.89942472023554,-38.960937148704296,18.567550659179688,2699.84,142.207,False,2617.64,1.7296,2820.21,139.906,False,142.112,39.4491,22.82165489608715,0.057188309025327434,22.855225248381366,0.0007173978719213199,22.774296394554263,0.05386159822445673,26.018423124996517,0.301391274481107
2025 KB29,nan,MBO,MBO,21165827729537346,745297398281011486,9.001925,2.40412,1.434283,226.8991347507361,-38.96079337748845,2025052300286,146,60819.13627378995,r,226.89915082788815,-38.96080714159701,18.46163558959961,2351.65,125.078,False,2185.59,1.30796,2578.82,125.666,False,193.217,45.7576,22.971568331487006,0.05774742067867312,23.051078219026607,0.0006497556749206319,22.871447396928055,0.052907966701044674,25.684886689961672,0.2571237674097408
2025 KB29,nan,MBO,MBO,21165827729537346,745297398371713047,9.002003,2.4041185,1.4342822,226.8990096233627,-38.96073909237352,2025052300287,63,60819.13678076528,r,226.8990067076888,-38.96075192161207,20.773906707763672,2549.14,121.685,False,2551.04,1.30084,2772.79,120.836,False,198.557,42.8477,22.884015826285978,0.0518283864333745,22.8832068125039,0.0005536444292840227,22.792707536954037,0.04731552573381205,25.65528695651044,0.23429693054045445
2025 KB29,nan,MBO,MBO,21165827729537346,745297398640672907,9.0021515,2.404116,1.4342806,226.8987692364152,-38.96063477573618,2025052300289,64,60819.13775401536,r,226.8987639006325,-38.96064018122365,17.18296241760254,2363.45,136.086,False,2277.6,1.83825,2707.2,133.924,False,315.111,41.5593,22.96613397489835,0.06251602471929645,23.006306318099835,0.000876297215202229,22.81869916618544,0.053710894553389774,25.15384111623879,0.14319537293723889
2025 KB29,nan,MBO,MBO,21165827729537346,745297398796386711,9.002231,2.4041145,1.4342798,226.89864040273895,-38.96057885305868,2025052300290,105,60819.13827605197,r,226.898631202708,-38.9605958333413,19.08175277709961,2583.5,132.36,False,2539.6,0.674237,2893.35,130.823,False,293.591,45.8753,22.869478835295798,0.05562533180741892,22.888086662243968,0.00028825149917465116,22.746497532989395,0.04909162755988387,25.230643141864334,0.1696525949775419
2025 KB29,nan,MBO,MBO,21165827729537346,745297398899671579,9.002368,2.4041119,1.4342784,226.8984180255427,-38.9604823014517,2025052300291,46,60819.13917746057,r,226.8983958262042,-38.960477195869196,19.794483184814453,2985.67,147.711,False,2951.59,0.809041,3005.83,145.6,False,63.831,20.0307,22.712395517508746,0.05371497290292511,22.724859891960175,0.00029760403847595867,22.70508893513667,0.05259219381363098,26.887420857446436,0.3407130783184683
2025 KB29,nan,MBO,MBO,21165827729537346,745297399033889134,9.0028105,2.404104,1.4342736,226.89769928622408,-38.96017002467413,2025052300292,46,60819.14208991717,g,226.89771972958155,-38.96018275673589,16.1881103515625,1491.59,91.6249,False,1431.25,5.03677,1412.74,90.2159,False,-44.1237,22.6151,23.465876367184585,0.06669424865742192,23.510711250790088,0.0038208582704455487,23.52484440287533,0.06933382353966183,nan,nan
2025 KB29,nan,MBO,MBO,21165827729537346,745297399170728259,9.002885,2.4041028,1.4342729,226.89757957551424,-38.96011798078464,2025052300293,51,60819.142574563484,g,226.89759542295798,-38.960129049512794,19.435871124267578,1676.95,85.3619,False,1671.69,0.632863,1658.27,85.4876,False,-41.4544,25.5624,23.338699746964558,0.055267305759497606,23.342110676727202,0.00041103450980473554,23.35086187740101,0.0559721780591135,nan,nan
2025 KB29,nan,MBO,MBO,21165827729537346,745297399325392938,9.002959,2.4041014,1.434272,226.8974581363268,-38.96006517599121,2025052300294,90,60819.143066219345,g,226.89745233286433,-38.9600816643984,17.245424270629883,1576.71,90.1855,False,1645.13,1.63872,1516.02,89.8563,False,-61.366,27.9915,23.405620471733528,0.06210252114397665,23.35949944159155,0.0010815058182524224,23.448237659169962,0.06435286952881279,nan,nan
2025 KB29,nan,MBO,MBO,21165827729537346,745297399430250850,9.003034,2.4041,1.4342712,226.89733743700157,-38.96001268344846,2025052300295,34,60819.14355531035,g,226.897353056746,-38.96003022518338,18.02264404296875,1607.46,89.5095,False,1631.08,0.43534,1590.14,89.5692,False,-63.2487,28.9964,23.38464958949374,0.06045793093281942,23.36881187296303,0.0002897861529179405,23.3964115839913,0.06115720682735616,nan,nan
2025 KB29,nan,MBO,MBO,21165827729537346,745297399724376090,9.0032015,2.404097,1.4342695,226.89706616967823,-38.9598946738242,2025052300297,83,60819.14465413257,g,226.89707561750598,-38.95989128304612,18.880172729492188,1606.67,84.7757,False,1578.04,0.095457,1561.12,84.6977,False,-41.2905,28.4561,23.38518325894279,0.0572887076875834,23.404704954458914,6.567711912799984e-05,23.416409284281233,0.05890601630929582,nan,nan
2025 KB29,nan,MBO,MBO,21165827729537346,745297400100290758,9.003437,2.4040928,1.434267,226.896683824332,-38.95972826016286,2025052300300,32,60819.146203793265,g,226.89669535897977,-38.95973067415202,16.255659103393555,1628.52,100.88,False,1628.13,0.505851,1623.88,102.074,False,-66.6258,22.3899,23.370517245620796,0.06725681234515199,23.370777299985278,0.00033733222255155046,23.373615164249777,0.06824730541311627,nan,nan
2025 KB29,nan,MBO,MBO,21165827729537346,745297400218780223,9.003513,2.4040916,1.4342662,226.8965609003674,-38.9596747377801,2025052300301,2,60819.146701661426,g,226.89657197421784,-38.95970030482283,16.31389808654785,1487.69,90.946,False,1512.02,0.141923,1474.66,91.0914,False,-53.4535,26.4174,23.468718933345773,0.06637361805164982,23.4511061465672,0.00010191064434021816,23.47827022429496,0.06706714007894306,nan,nan
2025 KB29,nan,MBO,MBO,21165827729537346,745297400802836595,9.003821,2.4040859,1.434263,226.89606031623583,-38.95945667483112,2025052300305,92,60819.14872900977,g,226.89606693678346,-38.959476210132635,15.81574535369873,1485.85,92.3064,False,1439.62,0.0434238,1481.46,92.1007,False,-29.0926,21.06,23.47006259633155,0.06744987599055756,23.504380324975653,3.274947122920737e-05,23.473275203994895,0.06749899931223846,nan,nan
2025 KB29,nan,MBO,MBO,21165827729537346,745297400920801409,9.003897,2.4040847,1.4342622,226.8959386257167,-38.95940363915898,2025052300306,61,60819.14922298054,g,226.89596510852775,-38.95941082138452,16.99199867248535,1649.8,95.5925,False,1549.18,0.424529,1699.79,94.9927,False,-30.0598,21.4516,23.356421719696485,0.06290958525652976,23.424745258396143,0.00029752932152684236,23.32401180024254,0.06067632458298643,nan,nan
2025 KB29,nan,MBO,MBO,21165827729537346,745297401059737993,9.003972,2.4040833,1.4342613,226.89581619464252,-38.95935027072916,2025052300307,70,60819.149718725705,g,226.89580749222105,-38.95935725456983,14.451797485351562,1603.55,109.437,False,1677.01,1.6445,1572.18,107.658,False,-34.3505,5.05914,23.387293701607835,0.07409791124598844,23.338660862904874,0.0010646884615865694,23.408744294826732,0.0743478362680857,nan,nan
2025 KB29,nan,MBO,MBO,21165827729537346,745297401188188291,9.0040455,2.404082,1.4342606,226.89569647880884,-38.95929807615895,2025052300308,59,60819.15020395178,g,226.8957339852405,-38.95930612012168,14.837702751159668,1529.29,103.46,False,1509.86,3.50121,1527.68,102.979,False,-37.5703,5.94853,23.438775350532534,0.07345255895285675,23.452658311251454,0.002517710560201812,23.439918979350537,0.07318811574179951,nan,nan
2025 KB29,nan,MBO,MBO,21165827729537346,745297401295143068,9.004122,2.4040806,1.4342598,226.89557380116167,-38.95924458026898,2025052300309,7,60819.15070086936,g,226.8955609903234,-38.95925926542919,15.159700393676758,1699.87,109.456,False,1732.57,4.04508,1708.96,109.762,False,-40.8183,12.3135,23.323960729734015,0.0699114307335266,23.30327305820572,0.0025348991060027016,23.318170280511794,0.06973397923719847,nan,nan
2025 KB29,nan,MBO,MBO,21165827729537346,745297401748128259,9.004377,2.404076,1.4342571,226.89515813037448,-38.95906324356914,2025052300312,103,60819.152384209025,g,226.89517789248515,-38.95906490850322,14.542734146118164,1431.6,97.2279,False,1448.8,0.635596,1407.17,95.9243,False,-31.3963,12.4415,23.510445794220892,0.07373836992519436,23.497478870143013,0.0004763180155317727,23.529133546951613,0.07401272299680058,nan,nan
2025 KB29,nan,MBO,MBO,21165827729537346,745297401832538423,9.004453,2.4040747,1.4342563,226.8950366881189,-38.95901024213835,2025052300313,8,60819.15287667574,g,226.89503208818834,-38.95903381044643,15.118891716003418,1433.01,94.9083,False,1392.41,0.153581,1430.93,94.9344,False,-8.78683,14.3042,23.50937693996827,0.07190834623955827,23.540582139257282,0.00011975527381950758,23.510953986931455,0.07203267383119936,nan,nan
2025 KB29,nan,MBO,MBO,21165827729537346,745297401991397812,9.004529,2.4040732,1.4342555,226.89491228440744,-38.95895593779412,2025052300314,55,60819.15338005674,g,226.89492994289893,-38.95897016846111,19.108917236328125,1708.21,88.9935,False,1628.35,0.0943943,1690.41,88.3258,False,-11.1807,14.9222,23.318646874995103,0.05656416183174659,23.370630620037502,6.293935988523053e-05,23.33001984500067,0.05673092019175722,nan,nan
2025 KB29,nan,MBO,MBO,21165827729537346,745297402151829756,9.004605,2.404072,1.4342548,226.89478862154263,-38.95890194634898,2025052300315,105,60819.15388122112,g,226.89478428615178,-38.95890079318841,17.407033920288086,1538.78,87.9637,False,1426.94,0.473816,1535.28,87.4551,False,-36.0648,15.9912,23.432058646799536,0.06206564373104538,23.513985763893054,0.0003605191631925173,23.43453099820859,0.06184745951803938,nan,nan
2025 KB29,nan,MBO,MBO,21165827729537346,745297402418168212,9.00476,2.4040692,1.4342531,226.8945388295197,-38.95879285465165,2025052300317,101,60819.154893394865,g,226.89456827646842,-38.95881220592414,19.363216400146484,1865.49,95.8705,False,1747.82,0.855838,1859.1,95.4221,False,-41.2808,16.3967,23.223017692338686,0.05579771100636617,23.29375827187519,0.0005316418918444397,23.226743137084746,0.055727624116899764,nan,nan
2025 KB29,nan,MBO,MBO,21165827729537346,745297402510442524,9.004835,2.4040678,1.4342523,226.89441516868592,-38.95873883233815,2025052300318,21,60819.15539483809,g,226.89443005704544,-38.95874956815877,13.460687637329102,1413.27,103.563,False,1325.63,0.838027,1414.71,104.032,False,-37.6056,14.592,23.524437134676027,0.07956165549610206,23.593944186170877,0.0006863727069976451,23.523331471507685,0.07984061005717394,nan,nan
2025 KB29,nan,MBO,MBO,21165827729537346,745306290469208097,9.362289,2.39829,1.4314076,226.40058209216,-38.72006150831412,2025052501002,137,60821.28561045133,g,226.40061363709478,-38.72007017164871,7.063481330871582,1048.81,147.734,False,1093.61,3.92738,931.15,148.136,False,-130.599,2.99769,23.848257890511714,0.1529353614937546,23.802843832596366,0.0038991037072055477,23.977450852524854,0.172729008144771,nan,nan
2025 KB29,nan,MBO,MBO,21165827729537346,745306290582978900,9.362381,2.3982885,1.4314071,226.40046723046237,-38.720002694472,2025052501003,98,60821.28609988717,g,226.4004679388713,-38.72000140519592,11.196674346923828,1662.5,147.203,False,1682.84,3.49463,1540.13,147.744,False,-107.123,2.66947,23.34809586506214,0.09613451412323532,23.334892956147467,0.0022546685942051604,23.431106545278645,0.10415420315538032,nan,nan
2025 KB29,nan,MBO,MBO,21165827729537346,745306290761761032,9.362474,2.3982873,1.4314066,226.40035191381563,-38.71994363353783,2025052501004,183,60821.28659021382,g,226.40028921786453,-38.71993863282878,9.356832504272461,1519.67,161.136,False,1634.75,1.38985,1460.78,162.569,False,-73.611,3.41768,23.44562674337719,0.11512445843748688,23.366371634912994,0.0009230833377222664,23.488537942804584,0.12083068346803436,nan,nan
2025 KB29,nan,MBO,MBO,21165827729537346,745306291430752277,9.362936,2.3982806,1.4314042,226.39977766516816,-38.71964931352048,2025052501009,179,60821.289036242364,g,226.39974230978015,-38.71963643255359,9.958507537841797,1645.13,163.819,False,1711.7,4.06366,1544.46,165.509,False,-110.961,2.794,23.35949944159155,0.10811560123785725,23.316430904303203,0.0025775913237760053,23.42805836500603,0.11635077695379675,nan,nan
2025 KB29,nan,MBO,MBO,21165827729537346,745306291540328912,9.363028,2.3982794,1.4314038,226.3996626721484,-38.71959033381653,2025052501010,132,60821.28952667971,g,226.39967794635467,-38.719594004666575,9.635754585266113,1424.48,147.789,False,1640.15,0.274139,1313.76,147.805,False,-109.064,3.05756,23.515859124806518,0.1126445241460192,23.362791063119722,0.00018147280368320548,23.603709904965076,0.1221511011137681,nan,nan
2025 KB29,nan,MBO,MBO,21165827729537346,745306291670876637,9.363119,2.398278,1.4314034,226.39954886719883,-38.71953194958196,2025052501011,125,60821.290011531004,g,226.39954048986772,-38.71954361680489,10.912909507751465,1481.38,136.059,False,1691.15,1.28426,1321.21,136.615,False,-98.847,5.20486,23.473333803976253,0.09972065778224931,23.329544659472372,0.0008245085271663496,23.597570401779663,0.11226668127139226,nan,nan
2025 KB29,nan,MBO,MBO,21165827729537346,745306292057276797,9.363397,2.398274,1.431402,226.3992037880526,-38.71935483252828,2025052501014,94,60821.29148228136,g,226.39919242187463,-38.71936579828024,10.000967025756836,1587.04,160.027,False,1829.36,9.25903,1366.17,160.998,False,-140.972,2.60666,23.3985302909822,0.10947871228367505,23.24425206180333,0.005495290453421778,23.561238104214866,0.12794992794723584,nan,nan
2025 KB29,nan,MBO,MBO,21165827729537346,745306292185727244,9.363489,2.3982728,1.4314015,226.39908910444757,-38.7192959413048,2025052501015,83,60821.29197174951,g,226.39907125907266,-38.7193533806603,10.426227569580078,1789.29,171.02,False,1891.24,1.92047,1678.47,173.736,False,-163.029,2.23155,23.268298139421773,0.10377446155894847,23.20813339388254,0.0011025167716276591,23.337716060637163,0.11238297994309503,nan,nan
2025 KB29,nan,MBO,MBO,21165827729537346,745306292297400594,9.363581,2.3982713,1.431401,226.3989753739412,-38.71923752563926,2025052501016,40,60821.292456395386,g,226.39902039187484,-38.7192183640251,9.416154861450195,1511.67,157.725,False,1547.24,5.8221,1354.08,158.624,False,-133.313,2.89905,23.451357482622253,0.11328381494902405,23.426105795662902,0.004085510311301819,23.570889226409097,0.12718880542198996,nan,nan
2025 KB29,nan,MBO,MBO,21165827729537346,745306292453638201,9.363675,2.3982701,1.4314005,226.3988581414533,-38.71917729678722,2025052501017,82,60821.29295633067,g,226.3988622212088,-38.71916897169431,8.522438049316406,1396.34,166.329,False,1432.54,3.4567,1312.75,168.875,False,-143.064,2.4587,23.537522078736302,0.1293305469460431,23.509733076977525,0.0026198670408272766,23.604544932602263,0.13967145425902044,nan,nan
2025 KB29,nan,MBO,MBO,21165827729537346,745306292632420835,9.363768,2.3982687,1.4314001,226.39874326897956,-38.71911826616807,2025052501018,167,60821.29344660387,g,226.39879248658121,-38.719083905606915,9.00687313079834,1511.72,164.41,False,1766.02,11.706,1387.8,167.896,False,-124.926,2.91735,23.451321624007726,0.11808132250666958,23.282510943964823,0.0071967634729662175,23.54418275391398,0.13135232395102042,nan,nan
2025 KB29,nan,MBO,MBO,21165827729537346,745306292995227762,9.364044,2.3982646,1.4313987,226.39839850876515,-38.71894101630112,2025052501021,91,60821.29491702103,g,226.39836464746548,-38.71896315768363,10.31609058380127,1623.98,156.999,False,1676.49,1.14092,1518.41,157.731,False,-97.0706,2.80028,23.37354832201288,0.10496403451631375,23.33899758813928,0.0007388879173904558,23.446527337347163,0.11278525332819951,nan,nan
2025 KB29,nan,MBO,MBO,21165827729537346,745306293167718856,9.364137,2.3982635,1.4313983,226.39828393166343,-38.71888208122832,2025052501022,164,60821.295406075245,g,226.3983045290041,-38.718879651778735,6.938808441162109,1149.67,163.867,False,1383.65,36.4403,1079.17,165.492,False,-73.8242,2.58356,23.748566961409836,0.15475426221061492,23.54743436228192,0.028594335497336865,23.817275296243025,0.16649893293205553,nan,nan
2025 KB29,nan,MBO,MBO,21165827729537346,745306293260517852,9.364228,2.398262,1.4313978,226.3981700727043,-38.71882350165141,2025052501023,85,60821.29589210797,g,226.3981363503749,-38.71882429542583,8.65339469909668,1414.98,163.806,False,1624.18,6.32698,1319.55,165.364,False,-75.1749,2.46195,23.52312426153908,0.12569089806671344,23.373414568281145,0.004229476504677486,23.598935332257675,0.13606280428703849,nan,nan
2025 KB29,nan,MBO,MBO,21165827729537346,745306293398405364,9.36432,2.3982608,1.4313973,226.39805576042428,-38.71876467490807,2025052501024,92,60821.29638096117,g,226.39801597954596,-38.71880012996662,7.825629234313965,1322.38,165.878,False,1521.6,1.49546,1161.39,167.569,False,-82.5788,2.24511,23.59660931539943,0.13619364781842788,23.444248768437284,0.0010670840740675753,23.737554780614936,0.1566534308591079,nan,nan
2025 KB29,nan,MBO,MBO,21165827729537346,745306293546779203,9.364412,2.3982594,1.4313968,226.39794076089748,-38.7187054804067,2025052501025,119,60821.2968711151,g,226.3979586406816,-38.718711150681905,10.352422714233398,1590.11,150.561,False,1552.59,4.32378,1451.97,151.308,False,-68.9504,3.54794,23.39643208797358,0.1028039162491145,23.422358062375583,0.0030236473606677513,23.495105913795026,0.11314322990584404,nan,nan
2025 KB29,nan,MBO,MBO,21165827729537346,745306293645345104,9.364505,2.3982582,1.4313964,226.397826713461,-38.71864676202291,2025052501026,51,60821.29735805776,g,226.3977933794744,-38.71866284517236,7.190934658050537,1144.74,159.22,False,1363.57,17.736,957.174,160.396,False,-86.1023,3.02359,23.753232863287476,0.15101326180765048,23.563306448471202,0.014122207259161797,23.947522754180202,0.18193947810321034,nan,nan
2025 KB29,nan,MBO,MBO,21165827729537346,745306293814690257,9.364595,2.3982568,1.431396,226.39771314960535,-38.71858827880179,2025052501027,118,60821.29784368894,g,226.39767983562015,-38.718571602945616,8.944254875183105,1442.07,160.978,False,1541.28,7.28595,1239.8,161.727,False,-98.6082,2.94712,23.502534185118716,0.1212005282915587,23.430296122006943,0.005132500097531835,23.666620877200614,0.14162998685705255,nan,nan
2025 KB29,nan,MBO,MBO,21165827729537346,745306293902246090,9.364688,2.3982556,1.4313955,226.39759913285675,-38.71852954848181,2025052501028,29,60821.29833061307,g,226.39758595583842,-38.718546268584035,10.383671760559082,1907.24,183.551,False,2179.54,9.4115,1810.42,186.462,False,-111.882,2.70588,23.1989866393347,0.10449023802639064,23.05408787100415,0.004688331520913888,23.255551626910474,0.11182407695127626,nan,nan
2025 KB29,nan,MBO,MBO,21165827729537346,745306294082601151,9.364779,2.3982542,1.431395,226.3974846632175,-38.71847057089833,2025052501029,117,60821.29881961666,g,226.39746764856056,-38.718464658020075,7.236745834350586,1190.21,163.114,False,1182.69,1.14483,1094.75,164.801,False,-113.818,2.95884,23.710941048549575,0.1487962455300332,23.71782274195058,0.0010509799088231095,23.80171261533959,0.1634440801222433,nan,nan
2025 KB29,nan,MBO,MBO,21165827729537346,745306294204235983,9.364872,2.398253,1.4313946,226.39737020921552,-38.71841158736764,2025052501030,93,60821.299308234506,g,226.3973761371917,-38.718421309098815,10.754350662231445,1642.65,151.347,False,1618.86,1.18082,1516.47,151.766,False,-110.123,2.92337,23.361137388819586,0.10003525709785879,23.376976779010235,0.0007919517587356194,23.447915463032242,0.10865882678793691,nan,nan
2025 KB29,nan,MBO,MBO,21165827729537346,745319428374134831,9.996934,2.390259,1.4292104,225.7424803292115,-38.35906022276581,2025052800583,142,60824.269487192854,g,225.7424933373747,-38.359021267234006,9.724669456481934,1508.61,152.774,False,1976.03,8.84353,1709.13,153.723,False,220.638,2.51558,23.45355755513773,0.10995039593363072,23.16051614954958,0.004859106507555947,23.318062253590426,0.09765356289272506,25.540799217261124,0.012378902136396065
2025 KB29,nan,MBO,MBO,21165827729537346,745319428656726219,9.997168,2.3902564,1.4292102,225.74226342159463,-38.35893276809178,2025052800585,169,60824.27046670513,g,225.742347629779,-38.358908279640204,8.88497543334961,1564.77,177.709,False,2014.86,6.47748,1449.8,178.546,False,212.348,2.58962,23.41387370853343,0.12330572058860988,23.139387820087506,0.00349048297738799,23.496729724892717,0.13371075705956284,25.582379525818777,0.013240737931588448
2025 KB29,nan,MBO,MBO,21165827729537346,745319428926210242,9.997401,2.3902535,1.42921,225.7420459073912,-38.358804896128206,2025052800587,171,60824.27144834303,g,225.74203397872097,-38.35881491188674,7.019090175628662,1156.68,165.629,False,1260.19,1.93475,1436.93,167.714,False,241.621,2.63219,23.741966883786354,0.15547030390581457,23.64890997790522,0.001666913860111203,23.506410929397738,0.12672375129073182,25.442163296588824,0.011827878963202245
2025 KB29,nan,MBO,MBO,21165827729537346,745319429013241983,9.997518,2.3902524,1.4292098,225.7419376151251,-38.35874121066856,2025052800588,81,60824.271937048456,g,225.74189435108758,-38.35876694502846,9.045435905456543,1359.33,149.323,False,1419.49,0.868809,1543.89,150.542,False,258.574,2.55416,23.56668778072077,0.11926860322645397,23.51966916406458,0.000664532597100951,23.428459104127388,0.10586823301569395,25.36853784401199,0.010724759867536625
2025 KB29,nan,MBO,MBO,21165827729537346,745319429123866639,9.997634,2.390251,1.4292097,225.7418291159218,-38.3586773883379,2025052800589,36,60824.27242741921,g,225.74176717737487,-38.35868897745132,8.657144546508789,1396.56,159.406,False,1511.76,24.2054,1735.17,161.076,False,301.15,2.46305,23.537350957184557,0.12392798344217554,23.45129286783269,0.017384161155101358,23.30164489652216,0.10078899754036186,25.203042853238507,0.008880034841074873
2025 KB29,nan,MBO,MBO,21165827729537346,745319429415370986,9.997866,2.3902485,1.4292095,225.7416134895494,-38.358550505631015,2025052800591,80,60824.27340115506,g,225.74159882239144,-38.35861758431837,8.353172302246094,1437.45,173.243,False,1450.23,7.57663,1646.06,175.547,False,240.528,2.47237,23.506018168871087,0.13085408160398704,23.49640780246674,0.005672356617403543,23.358885807621014,0.11579026497893255,25.44708590025586,0.011160203899043994
2025 KB29,nan,MBO,MBO,21165827729537346,745319429547491444,9.997982,2.390247,1.4292094,225.74150525542245,-38.35848679393801,2025052800592,76,60824.27389020525,g,225.74148492631033,-38.358451914147764,8.457876205444336,1301.84,153.359,False,1340.86,2.17431,1447.19,154.003,False,166.499,2.79859,23.613605999928186,0.12790159771763215,23.581541423685508,0.001760606684846964,23.498686161678894,0.11553883457285603,25.846470972520933,0.018249542367176155
2025 KB29,nan,MBO,MBO,21165827729537346,745319429983174775,9.99833,2.3902433,1.429209,225.74118174756347,-38.35829627170097,2025052800595,139,60824.27535262045,g,225.74115156576585,-38.358264975281955,11.818803787231445,1532.0,129.703,False,1563.9,0.453732,1512.47,128.993,False,55.0195,3.24198,23.436853086758536,0.09192117894687431,23.414477533933855,0.0003150030480491049,23.450783098196823,0.09259844417713378,27.04870838719853,0.06397613748911432
2025 KB29,nan,MBO,MBO,21165827729537346,745319430095372363,9.998446,2.3902419,1.4292089,225.7410729086445,-38.35823214316599,2025052800596,97,60824.27584403583,g,225.7410402324598,-38.35821091923666,9.035858154296875,1348.84,148.713,False,1388.4,5.06898,1429.77,149.533,False,75.088,2.70227,23.575098936205798,0.11970514629342315,23.543713468409635,0.003963969494382947,23.511834534450895,0.11355210618294756,26.711073694895582,0.03907352050696322
2025 KB29,nan,MBO,MBO,21165827729537346,745319430226968888,9.998562,2.3902407,1.4292088,225.7409660753393,-38.3581691814298,2025052800597,92,60824.276327648055,g,225.7409357665017,-38.35819139692927,9.662723541259766,1331.48,136.85,False,1378.79,0.915634,1387.65,137.234,False,53.702,2.79667,23.589163397578773,0.11159236971452545,23.551254656929835,0.000721021279806092,23.54430013086821,0.10737571626698614,27.075023856188494,0.05654250954035736
2025 KB29,nan,MBO,MBO,21165827729537346,745319430360138208,9.998678,2.3902392,1.4292086,225.74085792956265,-38.35810543113188,2025052800598,90,60824.276816953745,g,225.74087441126412,-38.35806824583562,12.35798168182373,1585.19,128.133,False,1608.25,2.51037,1504.21,128.273,False,38.027,3.16303,23.399796730204983,0.08776149073312761,23.384116099818982,0.0016947611464740377,23.456728849333707,0.09258723075610838,27.44976982604981,0.09030993900373248
2025 KB29,nan,MBO,MBO,21165827729537346,745319430582436413,9.998911,2.3902366,1.4292084,225.7406416828215,-38.35797791147733,2025052800600,2,60824.27779408576,g,225.74069126965313,-38.35801306735111,11.721532821655273,1762.69,149.072,False,1876.94,1.68995,1849.59,150.909,False,25.2279,2.96845,23.284560184337842,0.09182152259059465,23.21637405943379,0.0009775698450209223,23.232311348342314,0.08858577535597957,27.89529726720726,0.12775354943160247
2025 KB29,nan,MBO,MBO,21165827729537346,745319430903300348,9.999221,2.3902333,1.429208,225.74035322599636,-38.35780771543267,2025052800602,102,60824.27909988936,g,225.7403451783297,-38.35777094490661,10.821022033691406,1348.96,123.946,False,1420.61,3.51182,1315.93,124.147,False,-8.88814,3.2548,23.575002351546633,0.09976030616481213,23.51881284258198,0.0026839950742882732,23.601917985951594,0.102430137284224,nan,nan
2025 KB29,nan,MBO,MBO,21165827729537346,745319433624355087,10.005871,2.3901582,1.4292016,225.73418331210965,-38.35414130501089,2025052800622,172,60824.30713470461,r,225.73411834225897,-38.354110057865235,9.9323091506958,2610.83,263.156,False,2841.5,17.0939,2927.54,263.766,False,416.125,4.55296,22.858053481620413,0.10943569459191224,22.766130849048125,0.006531573763647393,22.73374289125813,0.09782284184688327,24.851940479588187,0.011879395428884824
2025 KB29,nan,MBO,MBO,21165827729537346,745319433710862694,10.005987,2.3901567,1.4292015,225.73407573052253,-38.35407693289228,2025052800623,81,60824.30762520562,r,225.73401785673087,-38.354046958606126,10.101409912109375,2509.39,247.009,False,2583.96,4.58338,3084.37,248.075,False,548.904,4.58767,22.901079639021184,0.10687323556618125,22.86928555029786,0.001925858729537086,22.677083782934346,0.08732544910257782,24.551259027406317,0.009074445306084904
2025 KB29,nan,MBO,MBO,21165827729537346,745319433821487306,10.0061035,2.3901553,1.4292014,225.73396816604637,-38.35401255581189,2025052800624,36,60824.30811634711,r,225.7339202035447,-38.35400007997753,8.496533393859863,2366.56,279.268,False,2350.77,16.6916,3383.19,283.723,False,1125.3,3.92094,22.964706173811976,0.12812325770517632,22.971974641707064,0.007709250651012785,22.576684047660585,0.09105262483346163,23.77182915571263,0.0037830856177350327
2025 KB29,nan,MBO,MBO,21165827729537346,745323767854006748,10.188452,2.3881202,1.4289684,225.57563551385823,-38.25763644449917,2025052900147,51,60825.0687759901,r,225.5756573248835,-38.25763638549124,14.104619979858398,2565.22,179.49,False,2533.81,8.51091,2538.26,176.517,False,-50.7717,8.02629,22.877188469200647,0.07596962427465727,22.890564860368222,0.003646920229165329,22.888659731191677,0.0755048320748988,nan,nan
2025 KB29,nan,MBO,MBO,21165827729537346,745323767981408545,10.188576,2.388119,1.4289683,225.57552806924176,-38.257574941079845,2025052900148,38,60825.069263064004,r,225.57553532593892,-38.257581665559904,12.92756175994873,2283.86,174.703,False,2202.35,5.15254,2238.16,172.871,False,-8.07948,14.5308,23.003326253293352,0.08305297454266944,23.042784105106165,0.0025401499312333294,23.025272218038342,0.08386009633310831,nan,nan
2025 KB29,nan,MBO,MBO,21165827729537346,745323768115626244,10.188701,2.3881176,1.4289682,225.57542017825267,-38.2575131768812,2025052900149,38,60825.06975335929,r,225.5754308870194,-38.25754824910295,11.79506778717041,2309.01,192.078,False,2567.3,9.40499,2289.62,190.332,False,10.12,6.22839,22.991435460932962,0.09031837932117416,22.87630842733268,0.003977461990117252,23.00059141936306,0.0902552971857551,28.887048731018478,0.6682202403401752
2025 KB29,nan,MBO,MBO,21165827729537346,745323768399265975,10.18895,2.388115,1.428968,225.57520481881485,-38.25738987443584,2025052900151,67,60825.07073159126,r,225.57520350262254,-38.25739684496031,13.582990646362305,2383.9,176.11,False,2396.96,1.48193,2380.11,173.819,False,-3.82446,10.2523,22.956779960387827,0.08020848672993623,22.950848051012166,0.0006712607215421093,22.958507378430536,0.07929111390747716,nan,nan
2025 KB29,nan,MBO,MBO,21165827729537346,745323768686575857,10.1891985,2.3881125,1.4289676,225.5749896561388,-38.25726666317869,2025052900153,103,60825.0717086016,r,225.57497399273143,-38.25727867833498,14.709270477294922,2628.21,177.334,False,2604.1,0.354669,2335.43,174.138,False,-72.5284,13.876,22.85084985764155,0.07325820486133844,22.860855815405298,0.00014787333998097905,22.979082895076996,0.08095637089891056,nan,nan
2025 KB29,nan,MBO,MBO,21165827729537346,745323768844910898,10.189322,2.388111,1.4289675,225.57488283712303,-38.25720548602198,2025052900154,149,60825.07219362628,r,225.5748591269897,-38.25718955035734,13.58810806274414,2370.3,174.064,False,2346.73,6.08582,2403.52,171.041,False,-76.6079,17.3094,22.962991686343653,0.07973150141986471,22.973842195835978,0.0028156606766327644,22.94788064042691,0.07726393168626951,nan,nan
2025 KB29,nan,MBO,MBO,21165827729537346,745323769066160380,10.189571,2.3881085,1.4289672,225.57466808076768,-38.25708247483862,2025052900156,59,60825.07316885106,r,225.57463167763237,-38.25709350847495,12.530227661132812,2480.6,195.235,False,2645.0,2.00355,2345.15,193.745,False,-23.3117,12.5517,22.9136081088476,0.08545259221706622,22.843935809071986,0.0008224298034780219,22.974573479728306,0.08969829838134742,nan,nan
2025 KB29,nan,MBO,MBO,21165827729537346,745323769205621066,10.189695,2.3881073,1.4289671,225.57456058409204,-38.257020893075854,2025052900157,69,60825.0736560118,r,225.5745667693287,-38.25703900564429,12.831692695617676,2476.75,189.868,False,2690.82,4.08143,2288.75,187.518,False,-1.82083,11.062,22.915294570838526,0.08323268703599299,22.825288354932173,0.0016468422861361587,23.001004106725617,0.08895470779920299,nan,nan
2025 KB29,nan,MBO,MBO,21165827729537346,745323769597788172,10.190074,2.3881032,1.4289666,225.5742334343924,-38.25683344386574,2025052900160,49,60825.075141544185,r,225.57425417602238,-38.256846685795914,13.779574394226074,2519.18,179.247,False,2795.05,4.03429,2197.15,177.155,False,-58.8443,10.7691,22.89685203011548,0.07725329523138309,22.78402602782021,0.0015671184629515668,23.045350779933756,0.08754231826576217,nan,nan
2025 KB29,nan,MBO,MBO,21165827729537346,745323769754026036,10.190197,2.388102,1.4289665,225.5741263563337,-38.25677207919561,2025052900161,91,60825.07562739395,r,225.57413861917328,-38.25678646755392,11.167267799377441,1978.13,177.659,False,2098.34,10.9187,1765.57,175.233,False,-92.8262,9.88625,23.1593629237229,0.09751169246408516,23.0953103056987,0.005649621910296792,23.28278768097065,0.10775943180488318,nan,nan
2025 KB29,nan,MBO,MBO,21165827729537346,745323769889292871,10.190322,2.3881006,1.4289664,225.5740186119136,-38.25671032689543,2025052900162,93,60825.07611650105,r,225.57401853837882,-38.25671240564422,14.815139770507812,2564.08,171.593,False,2658.92,3.09624,2377.7,169.451,False,-106.578,13.1082,22.877671039005573,0.07265948387910148,22.838236855064743,0.001264310326288956,22.959607377838395,0.07737691625702683,nan,nan
2025 KB29,nan,MBO,MBO,21165827729537346,745323770024558927,10.190447,2.3880994,1.4289663,225.57391086230115,-38.25664856581359,2025052900163,95,60825.07660592788,r,225.573914263573,-38.25663862493226,14.56184196472168,2534.29,173.578,False,2425.53,2.87334,2427.62,171.708,False,-115.588,14.66,22.890359208481314,0.07436399118709025,22.937983360544496,0.0012861886313605977,22.937048180644524,0.07679520483538,nan,nan
2025 KB29,nan,MBO,MBO,21165827729537346,745323770277789901,10.190782,2.3880959,1.4289659,225.5736208597419,-38.25648230988914,2025052900165,66,60825.07792125296,r,225.5736161398511,-38.25647361174587,13.0879545211792,2682.79,202.751,False,2792.22,6.18679,2547.48,202.433,False,-142.166,7.16865,22.82853328705351,0.08205416962668403,22.785125927604774,0.00240569222814949,22.884723050596392,0.08627696286722628,nan,nan
2025 KB29,nan,MBO,MBO,21165827729537346,745323770556186909,10.191816,2.388085,1.4289649,225.57272660397624,-38.25596936641321,2025052900167,85,60825.081978404385,r,225.57273350333693,-38.25597125347406,14.81751537322998,2752.91,185.019,False,3029.55,1.30657,2761.25,183.968,False,38.7531,9.58944,22.800520001224214,0.07297072197538426,22.69655467117136,0.00046825118840759523,22.797235677801268,0.07233706496518988,27.42923383968081,0.2686650152986062
2025 KB29,nan,MBO,MBO,21165827729537346,745323770687258886,10.192021,2.3880827,1.4289647,225.57254890382205,-38.25586738724278,2025052900168,79,60825.082784705184,r,225.57257068933484,-38.255850452589115,9.769354820251465,2579.36,237.171,False,nan,nan,2772.31,237.393,False,294.117,21.8039,22.87122005319662,0.09983295716515013,nan,nan,22.79289549827651,0.0929716284398863,25.228699665005454,0.08048933936522118
2025 KB29,nan,MBO,MBO,21165827729537346,745328180559085771,10.483218,2.3850334,1.4288908,225.33520585131268,-38.10701083243787,2025053000256,106,60826.22602879508,r,225.3351968525515,-38.1070451997073,7.49409818649292,2818.1,370.611,False,nan,nan,2989.62,368.922,False,-351.996,9.21637,22.77510896251688,0.14278618871594675,nan,nan,22.71095998194029,0.13398089163506569,nan,nan
2025 KB29,nan,MBO,MBO,21165827729537346,745328180716896443,10.4833355,2.3850322,1.4288908,225.33511115241444,-38.106950763219054,2025053000257,151,60826.22647301195,r,225.33515304564872,-38.10692505782285,5.563697814941406,2218.3,413.061,False,nan,nan,-669.913,401.061,False,-370.204,7.96545,23.03494927808992,0.2021707062337624,nan,nan,nan,nan,nan,nan
2025 KB29,nan,MBO,MBO,21165827729537346,745328180851638409,10.483452,2.385031,1.428891,225.33501837803888,-38.10689190266316,2025053000258,152,60826.22690972403,r,225.33500274787338,-38.106902713004004,8.079161643981934,2675.48,333.237,False,2548.4,1.6629,605.673,327.952,False,-350.747,7.46393,22.831495735817455,0.13523086615338853,22.884331050581068,0.0007084722855916271,24.444404512531545,0.5878904471845803,nan,nan
2025 KB29,nan,MBO,MBO,21165827729537346,745328181126889504,10.483683,2.3850288,1.4288911,225.33483285625508,-38.10677416269687,2025053000260,165,60826.22778179536,r,225.3348062525136,-38.10677893274536,6.8425211906433105,2457.12,361.655,False,2413.7,3.41258,3326.94,360.781,False,-370.785,6.69901,22.923934030903368,0.15980575107410433,22.943291795879873,0.0015350547901564616,22.594887597580936,0.11773972688097482,nan,nan
2025 KB29,nan,MBO,MBO,21165827729537346,745328181268971769,10.483799,2.3850276,1.4288912,225.3347398962446,-38.10671514828611,2025053000261,180,60826.22821837552,r,225.33475418232445,-38.1067570342256,5.169860363006592,2385.54,461.902,False,nan,nan,500.294,439.248,False,-355.811,8.72658,22.956033224541116,0.21022650007361154,nan,nan,24.651936750115738,0.9532543565233114,nan,nan
2025 KB29,nan,MBO,MBO,21165827729537346,745328181354954916,10.483915,2.3850265,1.4288912,225.3346469455168,-38.10665612769564,2025053000262,88,60826.22865504463,r,225.3346541182251,-38.1066419516595,6.305644512176514,2904.61,458.792,False,3124.7,26.7099,-451.589,445.041,False,-336.732,8.71015,22.742280389302337,0.17149533257433094,22.662979198445072,0.009280860819472995,nan,nan,nan,nan
2025 KB29,nan,MBO,MBO,21165827729537346,745328181488648383,10.484031,2.3850253,1.4288913,225.33455421662583,-38.10659723592267,2025053000263,87,60826.22909150822,r,225.33456421942074,-38.10658012060577,5.665796279907227,2432.6,425.858,False,3099.02,22.9278,324.99,414.14,False,-313.413,7.88565,22.934823200397894,0.19007211706801921,22.671939045571627,0.008032714069918841,25.12032503795991,1.383571252205633,nan,nan
2025 KB29,nan,MBO,MBO,21165827729537346,745328182325412261,10.484731,2.3850183,1.4288918,225.3339929367484,-38.106240511699,2025053000269,147,60826.23173140891,r,225.3339562415467,-38.106239663198316,7.585660934448242,2971.58,392.501,False,2899.76,5.50159,3482.88,396.845,False,-273.685,16.1092,22.717531404706406,0.14340941269863416,22.744094859345175,0.0020599205390863366,22.5451537579624,0.12371054988972675,nan,nan
2025 KB29,nan,MBO,MBO,21165827729537346,745328182458056816,10.484847,2.3850172,1.4288918,225.33390027347727,-38.10618157647225,2025053000270,144,60826.232167978866,r,225.33396932886689,-38.10616247354686,7.036844730377197,2951.19,413.112,False,2888.4,20.7082,2610.36,402.715,False,-262.206,11.5339,22.725007094981056,0.15198298428605028,22.748356695901897,0.0077841170645468645,22.85824894058314,0.16750265623501584,nan,nan
2025 KB29,nan,MBO,MBO,21165827729537346,745328182702375025,10.485081,2.3850148,1.428892,225.33371263804992,-38.1060622004219,2025053000272,98,60826.23305088536,r,225.3337214502207,-38.10604574981558,5.3947577476501465,2034.78,385.402,False,2233.04,20.5482,1817.84,382.524,False,-212.532,10.4935,23.128706333696567,0.2056462652025212,23.027758724578447,0.009990830863626064,23.251110881746044,0.22846903439466282,nan,nan
2025 KB29,nan,MBO,MBO,21165827729537346,745328182878011453,10.485198,2.3850136,1.428892,225.33361894117212,-38.1060025706486,2025053000273,177,60826.23349138747,r,225.33367028765386,-38.105982052376255,5.066545009613037,2234.16,422.39,False,2129.49,45.1914,1361.62,419.353,False,-185.262,9.32831,23.02721436267368,0.2052691613283561,23.079310992516543,0.023041168472760783,23.564860199212724,0.3343860496032227,nan,nan
2025 KB29,nan,MBO,MBO,21165827729537346,745328182961373294,10.485314,2.3850124,1.4288921,225.3335258912876,-38.10594334033428,2025053000274,80,60826.23392916375,r,225.3334701068187,-38.105947964072925,6.667932033538818,2830.83,413.459,False,2863.07,54.5301,2153.67,411.09,False,-141.681,10.1,22.77021549644546,0.1585780174943727,22.757920058229736,0.02067895801844933,23.067052143139357,0.20724405718094074,nan,nan
2025 KB29,nan,MBO,MBO,21165827729537346,745328183121281410,10.48543,2.3850112,1.4288923,225.33343327587173,-38.10588437439808,2025053000275,129,60826.234365937315,r,225.33350176765373,-38.10589766719998,5.321133136749268,2001.19,375.247,False,2562.27,107.802,1780.53,375.331,False,-129.576,9.94296,23.146779221700655,0.20358850265523792,22.878437762382713,0.04568001638146119,23.273626743477614,0.22887030371350586,nan,nan
2025 KB29,nan,MBO,MBO,21165827729537346,745328183263363423,10.485546,2.38501,1.4288923,225.33334024536236,-38.10582513193748,2025053000276,144,60826.23480361281,r,225.33329582632612,-38.10575306203349,5.957589149475098,1924.6,327.042,False,1975.92,21.3969,2423.09,329.328,False,144.479,12.0942,23.18914881012761,0.18449617369764892,23.160576583044943,0.011757251647379728,22.939076097398218,0.1475650194800322,26.000488153033064,0.09088594604303958
2025 KB29,nan,MBO,MBO,21165827729537346,745328188634694033,10.495792,2.384907,1.4288999,225.32515315923857,-38.10056218252228,2025053000316,149,60826.27354665327,g,225.32514392044652,-38.10062453164957,6.855616092681885,1547.74,224.613,False,1703.28,30.1495,1860.16,228.078,False,9.58593,3.81372,23.425754990093544,0.15756553093866937,23.32178486397381,0.019218450886727686,23.226124226859298,0.13312432303648325,28.94591438143393,0.4319553680792636
2025 KB29,nan,MBO,MBO,21165827729537346,745328188768911601,10.495907,2.3849058,1.4289,225.3250613238536,-38.100502581358185,2025053000317,149,60826.273983190695,g,225.32496403364652,-38.10055116092207,6.642045497894287,1433.15,215.802,False,1534.56,18.7884,1255.95,216.722,False,-93.3859,4.937,23.509270861472082,0.1634888480538432,23.435040274425397,0.013293221533425204,23.652569166550713,0.18735055619101385,nan,nan
2025 KB29,nan,MBO,MBO,21165827729537346,745328189046784350,10.496138,2.3849034,1.4289001,225.3248778999032,-38.10038350091747,2025053000319,167,60826.27485659001,g,225.32487010859725,-38.10038999614168,6.319842338562012,1588.31,245.396,False,1507.42,21.6755,1317.62,245.052,False,-139.688,5.44432,23.3976617843817,0.16774767371149438,23.454414285688017,0.015612022770349166,23.600524558231207,0.20192607242978614,nan,nan
2025 KB29,nan,MBO,MBO,21165827729537346,745328189427941491,10.496489,2.3848999,1.4289005,225.32459813072367,-38.10020177391389,2025053000322,126,60826.27618827946,g,225.32465362814335,-38.100238998861165,5.551207065582275,1177.2,210.795,False,1202.64,50.9965,1129.52,212.031,False,-153.96,4.54072,23.72287441146544,0.19441706658763877,23.69966087564027,0.046039333164731924,23.76776516817843,0.20381200475609398,nan,nan
2025 KB29,nan,MBO,MBO,21165827729537346,745328190244782417,10.497183,2.384893,1.4289011,225.32404523084952,-38.099842281854144,2025053000328,148,60826.278822858694,g,225.3240808774679,-38.0998513738631,6.14019775390625,1435.29,224.725,False,1497.0,26.3262,1157.08,222.698,False,-203.084,4.27526,23.507650822871177,0.16999496171550718,23.461945499142367,0.019093726787264325,23.74159157393964,0.20896678569308783,nan,nan
2025 KB29,nan,MBO,MBO,21165827729537346,745328190483857823,10.497413,2.3848906,1.4289012,225.32386208006105,-38.09972309565504,2025053000330,92,60826.279695253674,g,225.32382299090472,-38.09968645289134,6.487971782684326,1255.12,193.512,False,1502.7,14.7757,1256.74,195.111,False,-197.79,4.97237,23.65328687923018,0.16739672550478793,23.45781931925653,0.010675791937469021,23.651886412958667,0.16856236777331704,nan,nan
2025 KB29,nan,MBO,MBO,21165827729537346,745328190621220978,10.49753,2.3848894,1.4289013,225.3237693697813,-38.09966274451563,2025053000331,98,60826.28013738383,g,225.3237599370081,-38.0996646639221,7.179875373840332,1456.78,203.483,False,1492.85,4.53039,1026.18,203.916,False,-213.661,4.48657,23.49151505206911,0.15165560864733812,23.464959586596585,0.003294911272073815,23.87194107790326,0.2157506214688447,nan,nan
2025 KB29,nan,MBO,MBO,21165827729537346,745328190797906048,10.497644,2.3848882,1.4289014,225.32367814033756,-38.09960334454198,2025053000332,179,60826.28057292808,g,225.32361038136114,-38.09960153392742,6.907429218292236,1478.17,209.192,False,1585.7,17.8243,908.732,209.468,False,-184.578,5.19998,23.475689008054466,0.15365439891979255,23.399447467953152,0.012204382456991755,24.003910452604003,0.2502685007248324,nan,nan
2025 KB29,nan,MBO,MBO,21165827729537346,745328190904336573,10.49776,2.384887,1.4289016,225.3235862942366,-38.09954353022227,2025053000333,126,60826.28101074509,g,225.32347261682693,-38.09957203556272,6.108248233795166,1111.31,186.76,False,1261.97,10.9341,602.401,182.683,False,-172.809,5.33205,23.785411886964248,0.18246220851549622,23.647377448135995,0.009407156014849505,24.45028578790884,0.32925832678629396,nan,nan
2025 KB29,nan,MBO,MBO,21165827729537346,745328191041700240,10.497874,2.3848858,1.4289017,225.32349488007333,-38.09948398440479,2025053000334,132,60826.28144648053,g,225.32347248160605,-38.099448562930085,6.843120574951172,1351.42,193.928,False,1318.51,4.41142,1218.28,192.766,False,-184.811,4.77955,23.573024110023297,0.1558025166937001,23.599791422034208,0.0036326142616374913,23.685632187303163,0.17179386285402257,nan,nan
2025 KB29,nan,MBO,MBO,21165827729537346,745328191182733537,10.497989,2.3848848,1.4289017,225.3234036880264,-38.099424570547,2025053000335,145,60826.28188199347,g,225.32340237572217,-38.0994634126795,5.102904796600342,1013.6,197.863,False,1206.24,3.37759,671.563,197.585,False,-196.68,4.36257,23.885333521463107,0.21194458860836493,23.696415693869625,0.0030401675566111347,24.332283117651798,0.31944165930833085,nan,nan
2025 KB29,nan,MBO,MBO,21165827729537346,745328191458509169,10.498221,2.3848825,1.4289019,225.32321882687745,-38.09930408995782,2025053000337,159,60826.282763064504,g,225.32327110309055,-38.09931074230136,8.10718059539795,1709.8,203.458,False,1876.85,14.4907,1133.16,201.393,False,-246.302,4.29496,23.317636687130694,0.12919739288484466,23.21642610238264,0.008382703772345035,23.7642718779163,0.19296451579739668,nan,nan
2025 KB29,nan,MBO,MBO,21165827729537346,745328191585386860,10.498336,2.3848813,1.428902,225.32312767276443,-38.09924466233514,2025053000338,145,60826.283198795936,g,225.3231471046451,-38.09929221489968,6.885980129241943,1335.07,195.051,False,1271.99,19.4704,1268.56,195.582,False,-255.951,3.83033,23.586239950932782,0.15862384401386792,23.638790765750223,0.016619405976219612,23.64172241689118,0.1673948803256666,nan,nan
2025 KB29,nan,MBO,MBO,21165827729537346,745328192088703443,10.498808,2.3848765,1.4289024,225.32275250225865,-38.09899993724121,2025053000342,81,60826.28498947065,g,225.32270314013343,-38.09900911806102,6.15919828414917,1205.62,189.687,False,1176.05,16.1123,940.117,192.766,False,-234.742,5.41947,23.69697389473072,0.17082500328670158,23.723935489299002,0.014874969323788166,23.967045229828774,0.22262445131030692,nan,nan
2025 KB29,nan,MBO,MBO,21165827729537346,745337014217867562,10.980029,2.3801498,1.4293888,224.9734232109816,-37.86008305955339,2025060100536,77,60828.06578333706,i,224.97343827129893,-37.86009008637694,11.676158905029297,2121.83,176.934,False,2078.64,1.07004,2602.74,173.436,False,485.118,54.8301,23.083223496288724,0.09053677665443914,23.105551855329704,0.0005589141049324889,22.861423037704792,0.07234904375824652,24.6853815014434,0.12271452383225853
2025 KB29,nan,MBO,MBO,21165827729537346,745337014329540957,10.980155,2.3801486,1.4293889,224.97333448756908,-37.86002425131982,2025060100537,34,60828.06622010711,i,224.97336486541676,-37.86002327283769,12.41760540008545,2579.81,194.959,False,3001.72,6.12913,3517.01,193.239,False,770.781,40.4567,22.871030670693933,0.08205024383121245,22.706574563418865,0.002216935052744928,22.53456598908837,0.059654813652994895,24.182672490205253,0.05698804575951232
2025 KB29,nan,MBO,MBO,21165827729537346,745337014463234575,10.980281,2.3801475,1.4293891,224.97324576021455,-37.85996543624383,2025060100538,33,60828.066657298594,i,224.97325739454436,-37.85995919785262,12.175625801086426,2202.53,177.514,False,2151.43,1.79459,2965.85,172.097,False,737.285,65.4874,23.042695404260243,0.08750545159659123,23.0681819839319,0.0009056540968708044,22.7196270080212,0.06300114220555343,24.230911543775125,0.09643765930846607
2025 KB29,nan,MBO,MBO,21165827729537346,745337014719087351,10.9805355,2.380145,1.4293895,224.9730668720545,-37.85984684291186,2025060100540,9,60828.0675382154,i,224.97305904394398,-37.859814710899975,14.007492065429688,2480.88,171.251,False,2312.65,1.24137,2873.53,165.523,False,357.664,46.8754,22.913485656323267,0.07494656221620224,22.98972526847149,0.0005827947890548892,22.753960649979977,0.06254130165821574,25.01631192242545,0.14229645497971014
2025 KB29,nan,MBO,MBO,21165827729537346,745337017172230516,10.986146,2.3800938,1.4293978,224.969115830567,-37.85722259179656,2025060100558,80,60828.0869796785,i,224.9691220055242,-37.85721415022518,12.211433410644531,2539.14,199.941,False,2572.47,0.987573,2963.2,198.639,False,422.467,24.3022,22.888283428102135,0.08549476809878699,22.874124215499386,0.000416814891186679,22.720597605386345,0.07278265582749475,24.83551799618236,0.06245642401464861
2025 KB29,nan,MBO,MBO,21165827729537346,745337017302254108,10.986273,2.3800926,1.429398,224.9690267507068,-37.85716330629588,2025060100559,72,60828.08741744871,i,224.96903956094377,-37.85714042049223,12.623469352722168,2465.52,194.798,False,2306.24,4.47826,2844.75,193.913,False,338.515,24.2913,22.92022866683469,0.08578281419143136,22.992738753649107,0.0021082840817286076,22.76488973476377,0.07400944145411718,25.07605515914318,0.0779107056818168
2025 KB29,nan,MBO,MBO,21165827729537346,745337017669255344,10.986661,2.380089,1.4293985,224.9687529889124,-37.85698107309333,2025060100562,4,60828.08876372286,i,224.96874154888042,-37.85697714798356,10.9083251953125,2257.64,203.995,False,2139.25,1.53947,2653.3,202.437,False,422.611,17.7901,23.015863323807018,0.09810455268632877,23.07434614834667,0.0007813290961010528,22.840534087462153,0.08283766336044363,24.835148027021873,0.0457048115363939
2025 KB29,nan,MBO,MBO,21165827729537346,745337017818677422,10.986791,2.3800879,1.4293988,224.9686616625924,-37.85692026833104,2025060100563,33,60828.08921289409,i,224.96864764295813,-37.85689463284548,10.225542068481445,2242.01,215.985,False,2487.26,3.71065,2755.2,215.908,False,437.078,18.6983,23.023406131921444,0.1045948652441029,22.91069703169441,0.0016197691422483384,22.7996171948077,0.08508244113684829,24.798602624857118,0.046448049315111484
2025 KB29,nan,MBO,MBO,21165827729537346,745337017961284063,10.986919,2.3800867,1.4293989,224.968570944452,-37.85685986240908,2025060100564,49,60828.08965844477,i,224.96857320324705,-37.85686181921856,12.419961929321289,2833.49,227.645,False,2725.52,1.00273,3243.16,228.004,False,440.232,29.6929,22.7691957930897,0.08722897339421538,22.811376559095276,0.000399446810061609,22.622579092059098,0.0763305547530069,24.790795993814655,0.07323106140896929
2025 KB29,nan,MBO,MBO,21165827729537346,745337018096025831,10.98705,2.3800855,1.4293991,224.96847859679585,-37.856798365192674,2025060100565,50,60828.09011267977,i,224.96850638474098,-37.856781779635654,10.068146705627441,2549.91,249.378,False,2493.0,3.02872,3084.51,248.786,False,378.287,28.7529,22.883687907116006,0.10618364534316563,22.908194303740565,0.00131904967978932,22.677034540143516,0.08757175748430876,24.95544649436904,0.08252481493739532
2025 KB29,nan,MBO,MBO,21165827729537346,745337018893468382,10.987835,2.3800783,1.4294003,224.96792609495373,-37.856430303070375,2025060100571,35,60828.09282860032,i,224.96793334007285,-37.856409597576246,13.907186508178711,2728.24,193.305,False,2590.39,1.26237,3044.42,191.057,False,179.535,25.5358,22.810293573812526,0.07692806712747097,22.866587157894017,0.0005291098479996649,22.69123861203414,0.068136957061673,25.764627162766256,0.15442751010016886
2025 KB29,nan,MBO,MBO,21165827729537346,745337019051803176,10.987961,2.3800771,1.4294006,224.9678373951464,-37.85637119196827,2025060100572,81,60828.093264058916,i,224.96782268458833,-37.85637190757125,12.395132064819336,2511.59,195.989,False,2408.57,0.808328,2694.08,194.986,False,132.348,27.038,22.90012809893518,0.08472415635709328,22.945601787470608,0.00036437841564729116,22.823973748916636,0.07858094238648841,26.095706483991698,0.2218101824183938
2025 KB29,nan,MBO,MBO,21165827729537346,745337019479622127,10.993871,2.380023,1.42941,224.96367151190265,-37.85358765206677,2025060100575,129,60828.11373518032,z,224.963653326426,-37.85359392166011,9.668334007263184,2932.3,297.085,False,2926.33,2.97427,3227.59,288.823,False,381.735,58.5138,22.73197898098183,0.11000099776349466,22.734191721993557,0.0011035230646948544,22.62780406736512,0.09715781038081603,24.94559508972078,0.1664258066081724
2025 KB29,nan,MBO,MBO,21165827729537346,745337019965112325,10.994393,2.380018,1.4294109,224.96330312550623,-37.85334076355805,2025060100579,31,60828.11554558946,z,224.9632876293095,-37.853301657511146,10.298186302185059,3451.51,328.899,False,3521.92,16.5872,3337.26,319.516,False,74.0746,66.4409,22.554977156928018,0.10346124933274861,22.533051307096734,0.0051134960913307905,22.591524889111113,0.10395056982127639,26.72582670931722,0.9738465457125269
2025 KB29,nan,MBO,MBO,21165827729537346,745337020244033600,10.994674,2.3800156,1.4294113,224.96310550117457,-37.85320826473391,2025060100581,51,60828.11651645759,z,224.96310766381728,-37.85316132976432,8.054384231567383,2619.89,326.592,False,3068.19,54.0158,2788.43,321.035,False,92.1725,101.328,22.854292401519892,0.13534643993512893,22.682794395419755,0.019114497904580648,22.78660066023709,0.12500200292482494,26.48849657520099,1.193582474253108
2025 KB29,nan,MBO,MBO,21165827729537346,745337020376678704,10.9948,2.3800144,1.4294115,224.96301656058748,-37.85314862157711,2025060100582,48,60828.116953019664,z,224.96301533344322,-37.85316328544869,9.049921989440918,2982.16,340.246,False,3160.57,35.1396,2963.55,333.484,False,-35.9906,112.664,22.71367268030562,0.12387578600655416,22.650586442810155,0.012071345948060763,22.72046933484987,0.1221763277435921,nan,nan
2025 KB29,nan,MBO,MBO,21165827729537346,745337021198762502,10.99561,2.380007,1.429413,224.96244527547236,-37.85276533736413,2025060100588,80,60828.11976059266,z,224.96248041370828,-37.852760334932135,9.426997184753418,3069.67,322.874,False,2969.01,13.7356,3647.02,314.966,False,360.854,92.9866,22.68227080301322,0.11419989530139915,22.718470845536118,0.005022966806088313,22.495154631784033,0.09376696353391958,25.006671178910228,0.2797777497445084
2025 KB29,nan,MBO,MBO,21165827729537346,745337021336650278,10.995741,2.3800058,1.4294131,224.9623528788255,-37.85270331694581,2025060100589,87,60828.12021478312,z,224.96234284752504,-37.85271975604966,7.497138977050781,2809.49,369.472,False,3033.24,26.6448,3232.22,362.212,False,232.307,68.9422,22.77843127722108,0.14278360556694744,22.695233067273794,0.009537400378405838,22.62624772678901,0.12167076865407928,25.484844227067523,0.32221603333063775
2025 KB29,nan,MBO,MBO,21165827729537346,745337021496033619,10.9958725,2.3800046,1.4294133,224.96225987241024,-37.85264087869198,2025060100590,135,60828.1206711944,z,224.96226935968056,-37.852648435299685,8.914168357849121,3344.37,379.599,False,3760.62,4.92219,3780.27,374.007,False,126.818,45.9653,22.589214164388306,0.12323527662551031,22.461851337636382,0.0014210954387203466,22.45619294498089,0.10741902725904419,26.1420477436906,0.3935260901746689
2025 KB29,nan,MBO,MBO,21165827729537346,745337021851500767,10.996274,2.3800008,1.429414,224.96197719496277,-37.85245105518781,2025060100593,45,60828.12206085399,z,224.96192213308728,-37.85246867134835,8.579734802246094,3484.87,409.299,False,3309.71,3.87644,3798.18,404.787,False,-135.485,17.9745,22.544533509079862,0.12752003378056287,22.60052515746662,0.0012716495873046874,22.451061163065653,0.11571118147155021,nan,nan
2025 KB29,nan,MBO,MBO,21165827729537346,745337021980999771,10.996406,2.3799996,1.4294143,224.96188439545213,-37.852388721026806,2025060100594,36,60828.12251685461,z,224.96195231833772,-37.8523547075748,5.1833086013793945,1997.67,381.042,False,2030.77,26.2854,1915.14,374.173,False,-34.9702,22.513,23.148690607001157,0.20709680645461923,23.130848141886638,0.014053295344222444,23.194498673864572,0.2121271417973943,nan,nan
2025 KB29,nan,MBO,MBO,21165827729537346,745337022158733363,10.996557,2.3799982,1.4294145,224.96177714813464,-37.85231667134844,2025060100595,119,60828.12304322132,z,224.96181716918483,-37.85233935998842,8.742460250854492,3567.93,391.795,False,3798.63,41.9863,3361.54,384.578,False,27.6868,24.2176,22.51895920762924,0.11922488363626169,22.450932549005227,0.012000655226807894,22.58365427882,0.12421397826062791,27.794318091073556,0.9496917291624845
2025 KB29,nan,MBO,MBO,21165827729537346,745337022540939880,10.996961,2.3799946,1.4294152,224.96149306143533,-37.852125763073474,2025060100598,80,60828.12443985154,z,224.96153299698614,-37.85212710543479,6.9504218101501465,2499.11,353.427,False,2617.81,5.69935,4104.54,347.081,False,1772.27,29.7599,22.905536522556723,0.1535460525008603,22.85515466976605,0.002363804237142109,22.366838758778677,0.09181014125954247,23.27867527291331,0.018231646187948057
2025 KB29,nan,MBO,MBO,21165827729537346,745337022833492177,10.997233,2.379992,1.4294157,224.96130055594773,-37.85199635116557,2025060100600,126,60828.12538555921,z,224.96134205359735,-37.852044867975664,6.686688423156738,2657.55,396.895,False,2861.13,47.9122,5173.15,388.834,False,2729.49,25.3025,22.838796369480896,0.16215057144426828,22.758656066681862,0.018181632196910755,22.11561234214785,0.08160814505279745,22.809796235071133,0.010064825359564088
2025 KB29,nan,MBO,MBO,21165827729537346,745337023062081776,10.997538,2.3799894,1.4294162,224.9610858759856,-37.851851987430855,2025060100602,50,60828.126440579035,z,224.9610870158211,-37.851813516630834,7.991148471832275,3062.26,376.324,False,3016.64,0.724534,5961.1,374.274,False,2838.38,34.1369,22.684894842706093,0.13342714066830297,22.7011913251595,0.0002607711879383594,21.961683963797896,0.06816909820814959,22.767323699814057,0.013058037258223397
2025 KB29,nan,MBO,MBO,21165827729537346,745337023343100350,10.997816,2.3799868,1.4294167,224.96088951619285,-37.85171990140079,2025060100604,74,60828.12740580195,z,224.96086245292045,-37.85169682887523,9.30901050567627,3301.55,350.729,False,3247.69,3.59075,4316.92,340.365,False,736.045,31.2623,22.60320528697006,0.11533951385499501,22.621063599411514,0.001200424709499055,22.312065018393128,0.0856042269528827,24.232739108066955,0.046114860199531094
2025 KB29,nan,MBO,MBO,21165827729537346,745337024464552051,11.013926,2.379839,1.4294465,224.94954086259116,-37.84400874104372,2025060100612,165,60828.183298175274,g,224.94952487166432,-37.84401349604536,7.405644416809082,1470.87,195.055,False,1674.9,10.3576,1699.87,195.141,False,98.7949,9.0424,23.481064278239497,0.14398163547421783,23.34002777774861,0.006714204657450214,23.323960729734015,0.12463991738527995,26.413163696199664,0.09937417366251555
2025 KB29,nan,MBO,MBO,21165827729537346,745337024609779897,11.014051,2.3798378,1.4294467,224.9494526335496,-37.84394813003512,2025060100613,186,60828.1837349714,g,224.94943081978178,-37.843927505740446,5.049635410308838,1058.29,200.029,False,nan,nan,1200.96,235.845,False,166.161,12.9735,23.838488228904403,0.20521664840435944,nan,nan,23.70117867848225,0.21321731353695705,25.84867728643318,0.08477199408204535
2025 KB29,nan,MBO,MBO,21165827729537346,745337024693141971,11.014183,2.3798366,1.4294469,224.9493597569648,-37.84388431422922,2025060100614,89,60828.184193467096,g,224.94933618679448,-37.843853186242235,6.3426995277404785,1432.86,224.397,False,1817.88,7.73398,913.088,211.487,False,83.7245,12.6127,23.509490613608993,0.17003472291486474,23.251086967990247,0.004619151024537538,23.998718396838754,0.25147531126570516,26.592868560189228,0.16356102589383872
2025 KB29,nan,MBO,MBO,21165827729537346,745337024826835317,11.014311,2.3798354,1.4294472,224.94926992214283,-37.84382257664042,2025060100615,88,60828.18463775038,g,224.94929192054553,-37.84377597169479,9.304610252380371,1999.23,213.139,False,1883.92,5.1919,2217.96,206.772,False,250.718,7.11769,23.147843110373138,0.11575093382149385,23.212343832958453,0.002992183015884154,23.03511574522014,0.10121907244948422,25.40203620312547,0.03082321073686309
2025 KB29,nan,MBO,MBO,21165827729537346,745337025680376140,11.015082,2.3798282,1.4294487,224.94872741172168,-37.84344949715119,2025060100621,180,60828.18731983473,g,224.94872838411314,-37.84343533889284,5.268916130065918,1597.26,300.91,False,1735.11,135.449,6169.28,298.655,False,4819.19,21.2723,23.391560953838116,0.20454333255222065,23.301682477229825,0.08475652264487733,21.924413833672702,0.05256051860168066,22.19256489068038,0.004792528896194574
2025 KB29,nan,MBO,MBO,21165827729537346,745337025798864936,11.015208,2.379827,1.429449,224.94863903929212,-37.84338868379579,2025060100622,150,60828.18775671756,g,224.94859209422478,-37.84337530138724,8.378684043884277,1834.14,210.365,False,1861.92,7.41715,7183.74,205.999,False,5354.72,20.6187,23.24141878553062,0.12452751744901558,23.225097431935183,0.004325141855405993,21.75912345060174,0.031134277891429304,22.078158040522823,0.0041806981908802335
2025 KB29,nan,MBO,MBO,21165827729537346,745337025909489891,11.015337,2.3798258,1.4294492,224.9485484491627,-37.843326332516,2025060100623,105,60828.188204194164,g,224.94856544702938,-37.84329761976805,7.218291759490967,1793.06,240.289,False,2054.02,12.046,10934.7,242.514,False,9076.12,16.4955,23.266012908722786,0.14550012825569805,23.118488319654077,0.006367405227103646,21.302982799582857,0.024079877223412965,21.5052494127835,0.0019732839525395474
2025 KB29,nan,MBO,MBO,21165827729537346,745337026060484940,11.015464,2.3798246,1.4294496,224.94845887698412,-37.84326467008787,2025060100624,137,60828.18864795215,g,224.94856659342634,-37.843256616601586,5.430936813354492,1405.88,250.735,False,1710.87,17.2058,8549.74,247.892,False,7333.72,17.8269,23.530129364437673,0.19363819601759136,23.31695747548728,0.01091898219677825,21.570117700457732,0.0314799409147278,21.73668915653687,0.002639221391749385
2025 KB29,nan,MBO,MBO,21165827729537346,745337026302705899,11.015726,2.3798223,1.42945,224.94827429492412,-37.84313756482054,2025060100626,87,60828.189560182276,g,224.94818121943285,-37.84300428224686,5.181157112121582,1814.52,345.141,False,2346.45,131.888,43327.5,347.008,False,41170.5,8.14622,23.253095589705694,0.20651856461778126,22.973971761695715,0.0610264783324142,19.808090922667215,0.008695612351725977,19.863534646574635,0.0002148297011429275
2025 KB29,nan,MBO,MBO,21165827729537346,745337026460516412,11.015852,2.379821,1.4294503,224.94818595666743,-37.8430767164219,2025060100627,132,60828.18999722732,g,224.94823542608026,-37.84312250366464,5.393653869628906,1675.43,305.011,False,2324.95,140.634,37304.6,285.387,False,36112.2,17.0254,23.339684246222713,0.19765759243242484,22.98396597915424,0.06567514636553237,19.970593985495547,0.008306079629110253,20.005865156011016,0.0005118794688777006
2025 KB29,nan,MBO,MBO,21165827729537346,745337026604171577,11.015982,2.3798199,1.4294505,224.94809479543284,-37.84301391148965,2025060100628,150,60828.19044815879,g,224.94802503964436,-37.8429000924127,6.309504985809326,1670.27,271.37,False,2274.28,39.432,40521.8,275.935,False,38633.3,8.15036,23.343033285434906,0.17640035751013175,23.007890155529093,0.01882474832168037,19.88077815729332,0.0073933687850278595,19.932595461721665,0.000229054749956521
2025 KB29,nan,MBO,MBO,21165827729537346,745337026892005768,11.01624,2.3798175,1.4294511,224.9479133030412,-37.842888837023416,2025060100630,187,60828.19134663328,g,224.94788299412883,-37.843045975192986,9.249086380004883,3715.61,390.973,False,nan,nan,85659.1,367.484,False,82612.5,35.4139,22.47492466099565,0.11424598387963104,nan,nan,19.068066212558605,0.004657890238561767,19.107385587803783,0.0004654277708380104
2025 KB29,nan,MBO,MBO,21165827729537346,745337027022553178,11.016366,2.3798163,1.4294513,224.94782499269596,-37.8428279608374,2025060100631,180,60828.191783166316,g,224.94784774796008,-37.84281891166608,7.757324695587158,1999.37,243.12,False,2798.22,61.4075,19998.7,243.199,False,17743.4,20.7581,23.147767074273503,0.13202367818062538,22.78279537051155,0.023826699836715575,20.6474956284014,0.013203356975334077,20.777407868057566,0.0012702086843081324
2025 KB29,nan,MBO,MBO,21165827729537346,745337027274211625,11.016633,2.379814,1.4294518,224.94763707833692,-37.84269838477894,2025060100633,148,60828.19271319906,g,224.94765709666268,-37.842682582315206,6.322020053863525,1579.46,252.987,False,nan,nan,7567.99,241.855,False,6655.31,10.4269,23.40372844729088,0.17390573455243755,nan,nan,21.702548592533027,0.03469755074078764,21.842079266852082,0.001701027095053058
2025 KB29,nan,MBO,MBO,21165827729537346,745337027508044129,11.01691,2.3798113,1.4294524,224.94744273149917,-37.84256431799312,2025060100635,82,60828.19367508328,g,224.94750600527857,-37.84260872635888,6.079814910888672,1261.9,207.953,False,2244.72,30.5149,3768.93,197.466,False,2160.46,14.3628,23.647437628112453,0.17892233917165695,23.022094574027868,0.014759583543735959,22.459454841162867,0.05688510877315622,23.06363444477164,0.0072180053588781256
2025 KB29,nan,MBO,MBO,21165827729537346,745337027677388853,11.017421,2.3798068,1.4294535,224.9470832198851,-37.842316166454495,2025060100636,149,60828.19545539722,g,224.94704923002982,-37.84230852615622,8.47645378112793,1301.06,150.168,False,1364.07,4.98371,4118.77,148.607,False,2586.24,17.7485,23.61425663846953,0.12531537842851512,23.56290839878001,0.003966801110013218,22.36308114285535,0.03917382946456989,22.868327943033393,0.0074510447590064475
2025 KB29,nan,MBO,MBO,21165827729537346,745337027830480924,11.017546,2.3798056,1.4294537,224.9469953798704,-37.84225550575072,2025060100637,185,60828.19589091322,g,224.9470765232303,-37.84219233782948,9.014358520507812,1597.67,174.765,False,1802.42,2.49779,4632.33,173.63,False,2751.66,18.8879,23.391282269204,0.11876587902549966,23.260359979133717,0.0015046110647745678,22.235501255973084,0.04069580089377071,22.801013107978285,0.007452692870533542
2025 KB29,nan,MBO,MBO,21165827729537346,745337028223173018,11.017923,2.379802,1.4294544,224.946730086092,-37.84207222817354,2025060100640,166,60828.19720497585,g,224.94672568844612,-37.84208375973434,5.713650703430176,1172.03,205.017,False,1054.24,6.55633,13968.2,197.117,False,12205.0,21.3978,23.727653152128322,0.1899220771407454,23.842651284548726,0.006752205511821243,21.037148872975045,0.01532173545997934,21.183655540616982,0.0019035122200680439
2025 KB29,nan,MBO,MBO,21165827729537346,745337028368400420,11.018049,2.3798008,1.4294548,224.94664187147845,-37.84201126176777,2025060100641,187,60828.19764152914,g,224.9466845519579,-37.84199324352336,5.238276481628418,1194.95,229.89,False,1241.79,33.0074,16396.1,218.29,False,14813.8,15.3271,23.706625710398527,0.2088789536368327,23.664879570352042,0.028859411522290067,20.863148629818074,0.014454983471291424,20.97333382186986,0.0011233570985382582
2025 KB29,nan,MBO,MBO,21165827729537346,745337028471685188,11.018178,2.3797996,1.429455,224.94655104029528,-37.84194847469743,2025060100642,128,60828.19809133858,g,224.94654699454637,-37.84195379007285,7.142002105712891,1542.26,214.67,False,1736.97,12.1696,12112.2,205.346,False,10238.0,19.1128,23.42960600590842,0.15112561280948036,23.30051922427756,0.007606910328521753,21.191942398977368,0.018407190729392463,21.374462186964433,0.0020269056049744432
2025 KB29,nan,MBO,MBO,21165827729537346,745337028605378632,11.018304,2.3797987,1.4294553,224.94646284073477,-37.84188749475984,2025060100643,127,60828.19852822288,g,224.94646070131418,-37.84188482966402,8.66011905670166,1282.27,145.576,False,1216.47,3.50886,7298.18,143.694,False,6014.34,17.495,23.63005127939001,0.12326353709442761,23.6872465185569,0.003131763670252511,21.741963547693683,0.021377079588869717,21.952030088703417,0.003158277767287925
2025 KB29,nan,MBO,MBO,21165827729537346,745345747955220898,11.580975,2.374669,1.4308642,224.5870437455372,-37.57093583046596,2025060300071,183,60830.14386858969,i,224.5870629974706,-37.570914631903364,11.796201705932617,2870.49,242.847,False,3107.65,11.134,3074.4,237.621,False,105.772,23.0753,22.755109908085274,0.09185462452279973,22.66891978327207,0.003889944843574312,22.680599105846948,0.0839167750752927,26.33907317659666,0.23686503166374887
2025 KB29,nan,MBO,MBO,21165827729537346,745345748731691316,11.581879,2.3746612,1.4308671,224.586479422132,-37.57051325327,2025060300077,128,60830.14683445828,i,224.58650620981754,-37.570507604370285,12.619804382324219,2948.48,230.078,False,3110.94,2.79128,2902.41,223.6,False,204.858,12.2242,22.726004541600688,0.08472298247027432,22.66777093282582,0.0009741730295593221,22.743103128612553,0.0836444986622472,25.62136766982886,0.06478759273997482
2025 KB29,nan,MBO,MBO,21165827729537346,745345748865384518,11.5820265,2.37466,1.4308676,224.5863873502046,-37.570444264656444,2025060300078,127,60830.14731800559,i,224.58640382923213,-37.570413071804424,12.64966869354248,2940.44,231.447,False,3027.8,2.3807,3069.8,223.745,False,134.998,14.4641,22.728969216630226,0.08546013492859185,22.697182020880575,0.0008536931970152204,22.682224778341737,0.07913480942346635,26.07418165502657,0.1163291069906942
2025 KB29,nan,MBO,MBO,21165827729537346,745345749696905620,11.582927,2.3746524,1.4308704,224.5858256988856,-37.57002315862943,2025060300084,177,60830.15027192823,i,224.5858655773668,-37.570008150648434,13.682906150817871,3083.84,224.598,False,3330.44,3.14917,3281.56,221.363,False,94.0285,14.3357,22.677270375796617,0.07907484856087274,22.593745984173363,0.0010266414825878237,22.609799107363315,0.07324011334835061,26.466851190449997,0.1655326627870251
2025 KB29,nan,MBO,MBO,21165827729537346,745345749830074510,11.58307,2.374651,1.4308709,224.58573632300136,-37.56995610529636,2025060300085,175,60830.15074167204,i,224.58577520600025,-37.56992458865161,13.770439147949219,3093.46,225.222,False,3140.42,5.13942,3148.1,218.929,False,115.232,14.0769,22.673888751846683,0.07904795365977975,22.657530690676996,0.0017768497651785957,22.654878667935677,0.07550558594887495,26.246067229493914,0.13263502472671673
2025 KB29,nan,MBO,MBO,21165827729537346,745345749947514988,11.583237,2.3746495,1.4308714,224.58563212042012,-37.56987791353712,2025060300086,143,60830.15128934033,i,224.5856428314025,-37.569887204751545,11.892501831054688,2890.86,239.288,False,3091.03,4.65984,2594.27,233.481,False,175.48,10.36,22.74743230977589,0.0898707060229206,22.674741939384297,0.0016367867877575412,22.86496205801476,0.09771487777408316,25.789430962102454,0.064099766254844
2025 KB29,nan,MBO,MBO,21165827729537346,745345750081208860,11.583379,2.3746483,1.4308718,224.5855438955712,-37.56981169864854,2025060300087,142,60830.151753793805,i,224.58558006300277,-37.56980545615361,10.011616706848145,2546.89,248.84,False,2584.26,0.617941,2826.63,243.387,False,247.482,17.5672,22.884974575242495,0.10608020158360287,22.8691594821823,0.00025961820303206065,22.77182763510386,0.09348732641557629,25.41614098089431,0.07706962588021923
2025 KB29,nan,MBO,MBO,21165827729537346,745345750320808296,11.5836935,2.3746457,1.4308728,224.5853474979232,-37.56966425601191,2025060300089,87,60830.152786199236,i,224.5853458923416,-37.56967109608948,13.01663589477539,3199.9,240.36,False,3407.96,10.3344,3430.88,236.582,False,329.279,12.1308,22.637159017121864,0.0815549119668401,22.56876379066567,0.003292419088029191,22.561486216477817,0.0748687369896309,25.106089941973266,0.03999905658450449
2025 KB29,nan,MBO,MBO,21165827729537346,745345750636953649,11.583984,2.374643,1.4308738,224.5851659509669,-37.56952791120344,2025060300091,178,60830.15374185756,i,224.58516140005932,-37.56951016924201,9.383830070495605,2334.23,237.367,False,2409.0,16.7823,1865.87,231.132,False,248.661,12.8042,22.979640893083037,0.11040812286815489,22.94540800000414,0.007563782374255285,23.22279654773602,0.1344940350846983,25.410980830098232,0.05590737571506067
2025 KB29,nan,MBO,MBO,21165827729537346,745350152101823166,11.871255,2.3721304,1.4318758,224.4176635647843,-37.4330231611422,2025060400117,42,60831.11138907884,i,224.4177151973378,-37.43301427550689,8.1757230758667,2987.74,366.782,False,3072.46,9.58973,2561.53,361.655,False,-46.289,9.25584,22.711642999838894,0.13328753907771929,22.681284419889128,0.003388788616455157,22.878751371105363,0.1532919471235803,nan,nan
2025 KB29,nan,MBO,MBO,21165827729537346,745350152926527883,11.872223,2.3721223,1.4318794,224.4170937215213,-37.43257849114711,2025060400123,79,60831.11448960945,i,224.41710732641687,-37.4325765600903,6.803530216217041,2653.72,395.817,False,3498.51,32.7037,2681.06,393.535,False,-67.5171,8.3769,22.840362268105103,0.16194354980708833,22.54029219791986,0.010149347044058938,22.829233643125875,0.15936800816751806,nan,nan
2025 KB29,nan,MBO,MBO,21165827729537346,745350153462874163,11.872829,2.3721173,1.4318815,224.41673640385133,-37.432299455155984,2025060400127,78,60831.11643327834,i,224.41675585306464,-37.432260682288394,7.126027584075928,2736.17,385.556,False,2759.93,17.6252,2859.43,383.62,False,69.6739,8.9181,22.807142338796858,0.1529919997109657,22.797754858866035,0.006933624593730339,22.759301352684567,0.14566194224905893,26.792324747853602,0.1389717653451799
2025 KB29,nan,MBO,MBO,21165827729537346,745350154274472121,11.873791,2.3721092,1.4318851,224.4161701552187,-37.4318569255796,2025060400133,90,60831.11951485122,i,224.41621937019195,-37.43178043817621,7.173930644989014,2652.88,366.804,False,3554.91,2.56677,3788.4,363.267,False,1196.43,8.54216,22.840706033932875,0.1501207686752178,22.522928501519452,0.0007839397538953413,22.45386045813818,0.10411047994018695,23.705281715621172,0.007751838385520523
2025 KB29,nan,MBO,MBO,21165827729537346,745350155450450103,11.875208,2.3720973,1.4318904,224.41533536008663,-37.43120375338815,2025060400142,29,60831.12405712095,i,224.41531345492078,-37.43111288956951,6.3239665031433105,2666.56,421.736,False,2661.32,102.848,50290.5,413.097,False,47472.0,9.42694,22.835121575778636,0.1717171283492898,22.83725722778613,0.04195880008973374,19.646285116248862,0.00891847073587428,19.708906177568082,0.00021560435665899424
2025 KB29,nan,MBO,MBO,21165827729537346,745350155589386528,11.875362,2.372096,1.431891,224.4152440466775,-37.43113224971778,2025060400143,38,60831.12455407015,i,224.41527682861246,-37.43111189876613,8.030156135559082,3164.66,384.06,False,3758.46,37.9051,48385.6,375.057,False,45697.8,9.54199,22.649182385704336,0.13176387217884167,22.46247517988536,0.010949948056148214,19.688209637844558,0.008415994800519218,19.750261749910145,0.00022670859725182422
2025 KB29,nan,MBO,MBO,21165827729537346,745350155720458453,11.875524,2.3720946,1.4318916,224.4151494290244,-37.43105814661259,2025060400144,32,60831.12506960335,i,224.41514181921139,-37.431047967790136,7.978969573974609,3413.09,443.011,False,3889.93,51.5912,99679.4,442.429,False,96004.6,11.8024,22.567130621116004,0.14092598043883445,22.425145553611113,0.014399857222703429,18.90348647908141,0.004819061663949137,18.944269876117012,0.00013347581656013996
2025 KB29,nan,MBO,MBO,21165827729537346,745350155840520532,11.875682,2.3720932,1.4318922,224.4150561003576,-37.430985040990784,2025060400145,5,60831.125577607454,i,224.4150966923879,-37.43100489170944,6.218559265136719,3012.7,476.281,False,2929.96,54.6472,114725.0,475.528,False,111376.0,11.9899,22.702610298960657,0.17164521528238996,22.732845786028307,0.020250258020464356,18.750854834083256,0.004500309282289887,18.783020958958218,0.00011688216604544718
2025 KB29,nan,MBO,MBO,21165827729537346,745350156263096364,11.876678,2.3720849,1.4318959,224.41446919062517,-37.430525029724585,2025060400148,43,60831.12877286271,z,224.4144156127676,-37.43038020650977,5.433783054351807,3332.6,657.173,False,3490.58,536.891,20602.2,640.504,False,17251.3,21.5773,22.593041993227196,0.21410204325550664,22.542755985757715,0.16699860026684044,20.615216044029978,0.03375457180357189,20.80794538179265,0.0013579993271473378
2025 KB29,nan,MBO,MBO,21165827729537346,745350157890486439,11.878631,2.3720686,1.4319032,224.413319460138,-37.42962246835562,2025060400160,75,60831.135033047016,z,224.41330549416102,-37.429557782158795,5.457785606384277,3385.66,611.351,False,3292.5,78.5238,12927.8,593.553,False,9389.81,20.5612,22.575891671763898,0.19605215705656764,22.606185540915448,0.02589404301420975,21.121188454618476,0.04984931449686972,21.468358038344597,0.0023774750919857515
2025 KB29,nan,MBO,MBO,21165827729537346,745350161140547728,11.882708,2.3720343,1.4319187,224.41091964607045,-37.42773217959385,2025060400184,130,60831.148113354415,z,224.4109233823303,-37.42761842286077,6.685302734375,3952.15,580.54,False,4047.89,21.0638,3387.58,561.025,False,-424.903,21.1616,22.407916478198075,0.15948617538013432,22.381928273335724,0.00564979081893551,22.575276074554537,0.17981130090917505,nan,nan
