provid,permid,orbit_class,population,ssObjectId,diaSourceId,phaseAngle,helioRange,topoRange,ephRa,ephDec,visit,detector,midpointMjdTai,band,ra,dec,snr,psfFlux,psfFluxErr,psfFlux_flag,trailFlux,trailFluxErr,scienceFlux,scienceFluxErr,forced_PsfFlux_flag,templateFlux,templateFluxErr,psfMag,psfMagErr,trailMag,trailMagErr,scienceMag,scienceMagErr,templateMag,templateMagErr
2005 SZ268,303865,MBO,MBO,21163628842530906,745306290458722557,7.7007213,2.9057386,1.944272,228.25955602010777,-39.90465562849458,2025052501002,117,60821.28561045133,g,228.25953090121763,-39.90464898797142,199.41268920898438,52221.7,261.065,False,54301.6,1.00382,52228.1,253.871,False,-164.948,5.23399,19.60537250241824,0.005427776751548778,19.562968403030695,2.0070930198038597e-05,19.60523940007891,0.0052775599759059665,nan,nan
2005 SZ268,303865,MBO,MBO,21163628842530906,745306290572493143,7.7007895,2.9057388,1.9442732,228.2594290081559,-39.904640512193154,2025052501003,78,60821.28609988717,g,228.25940649752914,-39.90463537656054,196.37710571289062,50992.9,259.288,False,49967.4,0.00392905,51422.2,254.502,False,-142.077,5.94478,19.63122575505693,0.005520736643509461,19.65328315399261,8.537390693125534e-08,19.622123383597764,0.0053735942567344165,nan,nan
2005 SZ268,303865,MBO,MBO,21163628842530906,745306290975670729,7.7009935,2.9057398,1.9442769,228.25904777743563,-39.90459510139166,2025052501006,79,60821.287567510604,g,228.25902209204034,-39.904590417204645,197.41319274902344,50147.7,253.93,False,47934.8,0.0687306,50325.6,250.285,False,-149.588,8.48405,19.649372469147423,0.005497779376067147,19.69837268308094,1.556766686667069e-06,19.645527562771747,0.005399706740643556,nan,nan
2005 SZ268,303865,MBO,MBO,21163628842530906,745306292585758753,7.701812,2.9057434,1.9442918,228.25752202269544,-39.9044127828877,2025052501018,78,60821.29344660387,g,228.25750055670684,-39.9044050981782,188.47189331054688,51100.0,269.07,False,50734.6,0.362803,50711.2,263.523,False,-228.957,5.74411,19.62894774966322,0.005717006821261044,19.636739364876135,7.76409695427408e-06,19.637240297830296,0.005642076650274223,nan,nan
2005 SZ268,303865,MBO,MBO,21163628842530906,745315056580297039,7.987845,2.9068787,1.9492571,227.78672876958805,-39.84735816628901,2025052700779,39,60823.17727072349,i,227.78670608053415,-39.847350098818204,248.58848571777344,110663.0,444.917,False,108683.0,0.0807626,112937.0,441.688,False,495.835,6.80743,18.789993901322525,0.0043651670976754525,18.80959595541399,8.068132219764764e-07,18.76790938204925,0.004246231439508199,24.661657069981285,0.014906315835438718
2005 SZ268,303865,MBO,MBO,21163628842530906,745315057000775982,7.988115,2.9068797,1.9492618,227.78631855852515,-39.84730368670941,2025052700782,73,60823.17887512216,i,227.78630097415572,-39.84729695001837,248.78982543945312,109416.0,440.068,False,109375.0,0.486305,111223.0,439.659,False,-208.602,6.8948,18.802297915216077,0.004366799670372483,18.802704834924075,4.827418910311909e-06,18.78451348736569,0.004291861308692824,nan,nan
2005 SZ268,303865,MBO,MBO,21163628842530906,745315057639882782,7.988527,2.906881,1.9492689,227.78569271003207,-39.84722041035887,2025052700787,12,60823.181324098354,i,227.78567346791596,-39.84721832435304,245.59588623046875,107551.0,438.614,False,106398.0,0.180757,108313.0,435.917,False,-223.159,6.72503,18.820963868061988,0.004427844599844091,18.832666338869515,1.8445311029831364e-06,18.813298537812557,0.004369658865392293,nan,nan
2005 SZ268,303865,MBO,MBO,21163628842530906,745315058187239463,7.9888597,2.9068823,1.9492748,227.78518678477784,-39.84715295129168,2025052700791,32,60823.18330405966,i,227.7851637087596,-39.847146088893574,245.3068389892578,106078.0,432.915,False,105400.0,0.172878,107522.0,431.893,False,146.014,6.65864,18.835936692680832,0.00443099887215442,18.842898472808677,1.78083397080303e-06,18.821256664927503,0.004361171411554786,25.989013697562296,0.04951255391713856
2005 SZ268,303865,MBO,MBO,21163628842530906,745315058582552717,7.989118,2.9068832,1.9492792,227.7847943538744,-39.84710053913546,2025052700794,18,60823.18484059785,i,227.78476856914102,-39.84709429968079,224.43309020996094,107032.0,475.028,False,104740.0,0.461501,108511.0,471.958,False,470.362,6.73696,18.826215898176795,0.004818700148631515,18.84971857608633,4.783925403303274e-06,18.811315585479804,0.0047223036946259025,24.71891943028157,0.015550918905431761
2005 SZ268,303865,MBO,MBO,21163628842530906,745315058726731972,7.989202,2.9068835,1.9492807,227.78466661803228,-39.84708346277987,2025052700795,37,60823.18534069705,i,227.7846456338785,-39.847077199885966,255.36830139160156,104819.0,410.003,False,100810.0,0.0354774,106538.0,407.411,False,229.949,7.04651,18.848899969734525,0.004246893130889431,18.89124096314366,3.820959968437857e-07,18.831238650826457,0.004151954087554639,25.495921162646134,0.03327107789992722
2005 SZ268,303865,MBO,MBO,21163628842530906,745315059793134092,7.9898686,2.9068859,1.9492923,227.78365357339635,-39.846947751096046,2025052700803,23,60823.18930601212,i,227.78362974549069,-39.84694365558441,230.4590606689453,103301.0,447.177,False,104768.0,0.0887033,103616.0,442.427,False,-296.306,6.75468,18.864738685736768,0.00470001511075115,18.849428366510427,9.192537904671494e-07,18.861432943156846,0.00463595404168375,nan,nan
2005 SZ268,303865,MBO,MBO,21163628842530906,745315060067336642,7.9900937,2.9068868,1.9492962,227.7833113590054,-39.84690179304002,2025052700805,34,60823.19064699408,i,227.7832864578112,-39.846896723743136,228.6932830810547,101409.0,441.898,False,106803.0,0.173782,103158.0,439.829,False,-278.652,6.75831,18.884808749664334,0.0047311842986642715,18.828541370488992,1.7666302964125476e-06,18.86624271609736,0.004629192889262376,nan,nan
2005 SZ268,303865,MBO,MBO,21163628842530906,745315060379812002,7.9902587,2.9068873,1.9492991,227.78306059366744,-39.84686807979982,2025052700807,118,60823.191628176886,i,227.78303490610324,-39.84686161793544,233.18450927734375,101159.0,433.228,False,99255.6,0.141357,102834.0,432.922,False,-246.242,7.24099,18.88748868123299,0.004649821776302798,18.908112435365865,1.546274621486914e-06,18.869658177090358,0.004570852889661309,nan,nan
2005 SZ268,303865,MBO,MBO,21163628842530906,745319428165992999,8.174459,2.9075398,1.95256,227.51888288406525,-39.8094048859989,2025052800582,1,60824.26899681099,g,227.51886151653198,-39.809397273865194,182.92596435546875,47649.6,259.721,False,45800.4,0.131765,47979.9,258.516,False,-113.505,3.4233,19.704851816259364,0.005917961380612433,19.747826859659817,3.1235977934278757e-06,19.697351689173907,0.005849953424396495,nan,nan
2005 SZ268,303865,MBO,MBO,21163628842530906,745319428319084605,8.174547,2.9075403,1.9525616,227.5187607792628,-39.809385649609055,2025052800583,37,60824.269487192854,g,227.5187361862947,-39.809382210140214,198.27206420898438,46490.9,234.608,False,46058.8,0.0932076,47016.8,234.446,False,-132.669,3.16647,19.731580152466652,0.005478973518307831,19.741718434539205,2.197166702133321e-06,19.719367313523172,0.005413947888910442,nan,nan
2005 SZ268,303865,MBO,MBO,21163628842530906,745319428453826579,8.174634,2.9075406,1.9525632,227.51863893367369,-39.80936644709686,2025052800584,38,60824.26997758447,g,227.51861359334325,-39.809357603883335,194.01718139648438,46399.1,239.207,False,45355.9,0.182263,46854.8,239.004,False,-153.154,2.9964,19.733726071793086,0.005597429527314348,19.75841556465846,4.363038693068637e-06,19.723114760820494,0.005538286134389114,nan,nan
2005 SZ268,303865,MBO,MBO,21163628842530906,745319428606918737,8.174722,2.9075408,1.9525648,227.51851734725997,-39.80934727850856,2025052800585,74,60824.27046670513,g,227.51849294772944,-39.80934164511411,193.2301025390625,46781.9,241.333,False,45431.0,0.0693936,47549.0,243.886,False,-139.815,3.39085,19.7248053955967,0.005600969096374928,19.75661925912444,1.6584081625126017e-06,19.707146530625497,0.0055689049560792275,nan,nan
2005 SZ268,303865,MBO,MBO,21163628842530906,745319428856480325,8.174896,2.9075415,1.952568,227.5182732119732,-39.809308768750974,2025052800587,38,60824.27144834303,g,227.51825026264655,-39.80930351468961,199.08843994140625,46376.1,232.829,False,44824.0,0.090591,46816.3,231.739,False,-146.538,3.28503,19.734264403855533,0.005450886568762045,19.771223476351217,2.194313915081934e-06,19.72400726332211,0.005374355009532134,nan,nan
2005 SZ268,303865,MBO,MBO,21163628842530906,745319429257560105,8.175158,2.9075422,1.9525728,227.5179088292707,-39.80925123959367,2025052800590,35,60824.27291429491,g,227.51788156427685,-39.80924369608191,179.4514923095703,45654.6,253.501,False,46304.6,0.328302,46472.8,257.236,False,-194.003,2.99751,19.751288607619564,0.006028641405460469,19.7359396210566,7.697925284217585e-06,19.732002882651127,0.0060097610958408905,nan,nan
2005 SZ268,303865,MBO,MBO,21163628842530906,745319430466568423,8.1759405,2.907545,1.9525872,227.5168175044636,-39.80907857212355,2025052800599,37,60824.27730721195,g,227.5167937420558,-39.809069889160156,199.24447631835938,45551.3,227.196,False,43638.9,0.0248949,45980.5,227.149,False,-159.322,3.66958,19.753748041565387,0.005415321135022606,19.800315551748724,6.193853622516036e-07,19.743565776117244,0.005363662757641153,nan,nan
2005 SZ268,303865,MBO,MBO,21163628842530906,745319431137656854,8.176965,2.9075484,1.9526062,227.51538917048268,-39.80885175888622,2025052800604,37,60824.28306267879,u,227.51535804208558,-39.80883848953507,28.838193893432617,10172.9,349.675,False,9943.54,0.0353186,10218.1,340.657,False,74.5607,12.8232,21.381388019841268,0.037320211499864885,21.40614743293863,3.8564415251939144e-06,21.376574669971376,0.036196911998565444,26.71872506616547,0.1867285694251798
2005 SZ268,303865,MBO,MBO,21163628842530906,745319431272398860,8.177069,2.907549,1.9526082,227.5152450582866,-39.8088288230806,2025052800605,38,60824.2836433329,u,227.51519988779341,-39.80882771242263,28.88727569580078,10359.0,358.483,False,10342.8,1.2471,10629.3,351.701,False,133.618,13.3247,21.361705417327208,0.037572929215736524,21.363404703604857,0.00013091441792938732,21.333738358206364,0.035924708473075086,26.085337613429623,0.10827216395450859
2005 SZ268,303865,MBO,MBO,21163628842530906,745319431425490959,8.177173,2.9075491,1.9526101,227.5151002181355,-39.80880576198749,2025052800606,74,60824.28422727567,u,227.51509300183557,-39.80875519201166,23.426485061645508,9439.1,398.484,False,9188.56,0.830842,9615.26,393.525,False,114.478,13.928,21.46267357710697,0.04583578235891603,21.49188141187628,9.817374013983715e-05,21.442597445944507,0.04443606764303184,26.25319494652547,0.13209642698029023
2005 SZ268,303865,MBO,MBO,21163628842530906,745319432076132382,8.17769,2.907551,1.9526197,227.51437948324653,-39.8086908683337,2025052800611,35,60824.28713439594,u,227.51436109221126,-39.808678074125496,22.894515991210938,10228.0,444.253,False,9908.92,1.36637,10447.3,436.477,False,213.76,12.7274,21.375523201614254,0.047158931961250025,21.40993420322509,0.00014971534226590922,21.352489855570326,0.04536089508013808,25.575183925912413,0.06464539267721903
2005 SZ268,303865,MBO,MBO,21163628842530906,745319433285140525,8.17862,2.9075541,1.952637,227.51308234753765,-39.80848350744582,2025052800620,37,60824.292370726675,u,227.51308748809387,-39.80847474768259,24.80951690673828,9355.78,376.56,False,9051.84,1.14535,9716.79,369.295,False,377.292,11.4413,21.472299966076136,0.043699703355985324,21.508157846799605,0.00013738068295727482,21.431192953569997,0.041264343955487594,24.958306030899493,0.032924722290681975
2005 SZ268,303865,MBO,MBO,21163628842530906,745319433955180996,8.181503,2.907564,1.9526907,227.5090688548216,-39.80783729685929,2025052800625,35,60824.308606891944,r,227.50904188255265,-39.80783133661652,217.4803009033203,73594.6,337.646,False,71081.0,0.225842,74468.4,335.328,False,301.819,5.69901,19.232885104020532,0.004981268660572569,19.27061617742616,3.449653703912863e-06,19.22006996564119,0.004889023544068371,25.200633559500414,0.02050109956504965
2005 SZ268,303865,MBO,MBO,21163628842530906,745323767924260899,8.318602,2.908026,1.9551585,227.3279680064909,-39.77985350929946,2025052900147,185,60825.0687759901,r,227.32794889155005,-39.77984851157416,251.4084930419922,79571.7,314.707,False,78369.1,0.181404,80426.4,313.994,False,-211.574,9.40343,19.148103365879294,0.004294099173034806,19.164637830084313,2.5131956428609357e-06,19.136503447345383,0.004238840076286744,nan,nan
2005 SZ268,303865,MBO,MBO,21163628842530906,745323768039080618,8.318695,2.9080262,1.9551601,227.3278474842407,-39.779835811512896,2025052900148,148,60825.069263064004,r,227.32782665539,-39.7798297880946,269.9949035644531,78946.1,291.749,False,76232.8,0.417232,78993.4,288.392,False,-244.173,11.8353,19.156673277555818,0.00401238868095479,19.19464536569703,5.942375383349684e-06,19.156023004114477,0.003963845585841463,nan,nan
2005 SZ268,303865,MBO,MBO,21163628842530906,745323768174346352,8.318789,2.9080265,1.9551617,227.32772646327828,-39.77981803462461,2025052900149,150,60825.06975335929,r,227.32770907447903,-39.77981282513305,271.3079833984375,82272.7,303.638,False,79623.5,1.56284,81876.6,299.018,False,-308.184,8.03914,19.111860583555174,0.004007049212539089,19.147396840263426,2.131069287136141e-05,19.117100479547624,0.003965170367484465,nan,nan
2005 SZ268,303865,MBO,MBO,21163628842530906,745323768575426648,8.319069,2.9080274,1.9551666,227.3273646071444,-39.77976484600101,2025052900152,147,60825.07121841946,r,227.32733916630818,-39.77975977473493,265.0548095703125,78372.5,294.454,False,82023.0,1.13366,78205.7,290.656,False,-350.343,8.90163,19.16459074868924,0.004079229057434881,19.115160875977256,1.5006225829298677e-05,19.166903937510106,0.004035201220395836,nan,nan
2005 SZ268,303865,MBO,MBO,21163628842530906,745323768959205978,8.319349,2.9080284,1.9551713,227.32700270978165,-39.77971159824182,2025052900155,111,60825.072683834296,r,227.32698110076356,-39.77970576071395,259.7147521972656,76776.9,294.034,False,80269.7,1.06089,75978.3,288.386,False,-333.81,11.292,19.186923590232844,0.004158065277652737,19.13862085811222,1.4349705969648737e-05,19.198276114478894,0.0041210598181275464,nan,nan
2005 SZ268,303865,MBO,MBO,21163628842530906,745323769661751983,8.319819,2.9080298,1.9551795,227.3263954224791,-39.77962212479145,2025052900160,171,60825.075141544185,r,227.32637284632798,-39.77961580770733,248.96994018554688,76798.2,306.091,False,81828.9,3.63234,76819.8,303.068,False,-362.801,9.84463,19.186622352981974,0.004327367970064508,19.117733237901604,4.8195235079058984e-05,19.18631711380003,0.004283425706228306,nan,nan
2005 SZ268,303865,MBO,MBO,21163628842530906,745323769799115447,8.319913,2.90803,1.955181,227.326275335565,-39.77960441406403,2025052900161,177,60825.07562739395,r,227.32625032908012,-39.77959784398072,244.77627563476562,75381.7,305.985,False,81561.2,2.75636,75284.7,303.473,False,-317.594,10.2352,19.20683513652375,0.004407156683070462,19.12129094121296,3.669244431580799e-05,19.20823314460045,0.004376607741576684,nan,nan
2005 SZ268,303865,MBO,MBO,21163628842530906,745323770185515698,8.320196,2.908031,1.9551859,227.32590936576207,-39.77955040307332,2025052900164,146,60825.077108812606,r,227.32588381907763,-39.77954341808722,239.7181396484375,75891.8,314.59,False,75727.3,5.24346,75201.1,309.671,False,-405.436,9.45215,19.199512910869128,0.004500641212137266,19.201868863161746,7.517783928385495e-05,19.20943949429844,0.004470958515365029,nan,nan
2005 SZ268,303865,MBO,MBO,21163628842530906,745323770607043069,8.321128,2.908034,1.9552019,227.3247056778769,-39.77937236401314,2025052900167,182,60825.081978404385,r,227.32468447280215,-39.779365715500724,229.37429809570312,72661.8,314.53,False,76562.3,2.74623,72560.7,309.505,False,-287.138,9.49403,19.24673466636052,0.004699809553907524,19.189962615416878,3.8944511027173084e-05,19.248246293858735,0.004631167765508214,nan,nan
2005 SZ268,303865,MBO,MBO,21163628842530906,745323770652131495,8.321281,2.9080346,1.9552046,227.32450642670105,-39.77934283348448,2025052900168,12,60825.082784705184,r,227.3244854228868,-39.779337366727695,221.36614990234375,73741.2,326.425,False,77379.4,6.69721,73323.2,323.155,False,-354.555,7.82551,19.2307244523453,0.004806151952576466,19.178436627228642,9.397078984339588e-05,19.23689642783951,0.004785130313048523,nan,nan
2005 SZ268,303865,MBO,MBO,21163628842530906,745328180506657021,8.540506,2.9087315,1.9592099,227.05304228351991,-39.733949263101,2025053000256,6,60826.22602879508,r,227.05301955276272,-39.733943581829976,165.20896911621094,72975.1,438.931,False,70271.1,0.252621,74757.0,441.452,False,905.409,9.02979,19.242063229784343,0.006530491463824308,19.28305809613541,3.903165800782501e-06,19.21587033797578,0.006411445276785536,24.00788798614786,0.010828222250422027
2005 SZ268,303865,MBO,MBO,21163628842530906,745328180660273234,8.540595,2.9087317,1.9592115,227.05293494122247,-39.73392994717367,2025053000257,43,60826.22647301195,r,227.05290971469395,-39.733920975338094,162.82174682617188,73321.5,450.701,False,70898.9,0.374458,75034.4,452.091,False,941.405,7.44629,19.236921647222612,0.0066739275795962595,19.273401281091402,5.7343992729360066e-06,19.211848987294992,0.006541687285800996,23.96555871469633,0.008587915307535408
2005 SZ268,303865,MBO,MBO,21163628842530906,745328180792918442,8.540682,2.908732,1.9592131,227.05282977668867,-39.73391101701246,2025053000258,40,60826.22690972403,r,227.05280517020367,-39.73390374026595,185.01614379882812,72945.8,393.911,False,68633.1,0.0730024,73619.7,391.039,False,745.577,9.47635,19.242499317568292,0.005863030690425389,19.308665936729206,1.1548559624084415e-06,19.23251484549811,0.005767005072568309,24.218768706153945,0.013799803019948022
2005 SZ268,303865,MBO,MBO,21163628842530906,745328181196620169,8.540943,2.908733,1.959218,227.0525140810757,-39.7338541538296,2025053000261,42,60826.22821837552,r,227.05249217386748,-39.733846937341276,155.60934448242188,72887.1,466.674,False,69940.6,0.792701,73788.7,465.146,False,615.042,11.5169,19.243373299090358,0.006951639713346871,19.28817659155711,1.2305644539294415e-05,19.23002530635085,0.006844216351136308,24.427738079046286,0.02033083191609403
2005 SZ268,303865,MBO,MBO,21163628842530906,745328181643313345,8.541208,2.9087336,1.959223,227.05219386452185,-39.73379642069144,2025053000264,126,60826.22954664577,r,227.05217251337368,-39.73379058832803,155.02517700195312,73174.4,471.601,False,68458.3,0.0394841,74235.3,471.884,False,493.089,8.57619,19.23910209797332,0.006997451364788251,19.311434773913778,6.262106606335884e-07,19.223473875847436,0.006901589509698861,24.667686738034167,0.018883974655908024
2005 SZ268,303865,MBO,MBO,21163628842530906,745328182267740425,8.541644,2.908735,1.9592311,227.05166713810456,-39.73370133332955,2025053000269,37,60826.23173140891,r,227.0516467260966,-39.73369639636453,152.59991455078125,73906.6,481.463,False,67453.8,0.147782,76050.4,485.982,False,1154.66,16.1523,19.228291918420368,0.007073005835522836,19.327483998766283,2.378698798076199e-06,19.197246265705484,0.006938139145487948,23.743864664999325,0.015188138717688449
2005 SZ268,303865,MBO,MBO,21163628842530906,745328182384656684,8.541731,2.9087353,1.9592328,227.05156205434292,-39.73368234497495,2025053000270,4,60826.232167978866,r,227.05154321346782,-39.73367685199882,142.1477813720703,75392.0,529.957,False,70151.4,0.0876179,78528.1,536.645,False,2136.64,9.52797,19.206686838912574,0.007632022887390989,19.284909167696107,1.3560659449514538e-06,19.162437254010108,0.007419699638918182,23.075671668203086,0.004841649902603008
2005 SZ268,303865,MBO,MBO,21163628842530906,745328182824009887,8.541995,2.908736,1.9592378,227.0512429890317,-39.73362465389276,2025053000273,74,60826.23349138747,r,227.05122252552198,-39.73362075610515,153.91925048828125,74417.1,483.052,False,69624.8,0.149253,79385.1,484.894,False,4068.13,11.5207,19.220818122803337,0.007047668295182434,19.293090147092943,2.3274664851436996e-06,19.150652488148513,0.00663181093714654,22.37651297461887,0.003074739978362358
2005 SZ268,303865,MBO,MBO,21163628842530906,745328183190487397,8.542256,2.9087367,1.9592427,227.0509268786837,-39.73356744251435,2025053000276,5,60826.23480361281,r,227.05090768805704,-39.73356096286785,174.83338928222656,76638.6,438.175,False,69554.2,0.0525458,80135.6,440.774,False,2147.5,10.3485,19.18888107125484,0.006207608679789154,19.29419155171257,8.202362442362766e-07,19.140436246396607,0.005971930905502831,23.0701670687418,0.005232009959625298
2005 SZ268,303865,MBO,MBO,21163628842530906,745328183368220829,8.542345,2.9087372,1.9592444,227.05081991660947,-39.7335480716432,2025053000277,88,60826.2352479729,r,227.0507967409948,-39.73354254814665,189.5019989013672,74723.7,393.491,False,70560.7,0.276144,76251.4,392.085,False,1383.66,12.1049,19.21635403416579,0.005717428395057015,19.27859275046631,4.249100745550094e-06,19.194380467555554,0.005582859846354015,23.547426507748305,0.009498524385543956
2005 SZ268,303865,MBO,MBO,21163628842530906,745328183481991299,8.542432,2.9087374,1.959246,227.0507148888922,-39.73352904504248,2025053000278,49,60826.23568348658,r,227.05068938706455,-39.73352148561886,175.2013702392578,75041.9,425.568,False,68333.7,0.0749937,77560.8,428.018,False,1584.0,8.74961,19.211740468871874,0.0061572879602628024,19.31341260862151,1.191555137013229e-06,19.17589434385706,0.005991617717243263,23.40061205686631,0.005997328470449425
2005 SZ268,303865,MBO,MBO,21163628842530906,745328183596810571,8.542519,2.9087377,1.9592476,227.0506096274213,-39.73350997009114,2025053000279,12,60826.23612006681,r,227.05058810242366,-39.73350146403708,159.38406372070312,75676.0,472.542,False,69946.6,0.0239053,77049.4,471.696,False,1130.74,8.85736,19.202604578666744,0.006779638844369441,19.288083453413137,3.710666234784136e-07,19.183076869206673,0.00664687136907742,23.766593120286565,0.008504834347455224
2005 SZ268,303865,MBO,MBO,21163628842530906,745328183766679724,8.542608,2.908738,1.9592494,227.0505019644515,-39.73349045373741,2025053000280,80,60826.23656755632,r,227.05047936346486,-39.73348489622509,159.81509399414062,74315.6,463.332,False,69996.7,0.141357,76198.1,467.31,False,591.984,8.52676,19.222300005934283,0.006769188668884504,19.28730603740504,2.192623522031212e-06,19.195139621887257,0.006658635488164145,24.4692250616913,0.015638618634692226
2005 SZ268,303865,MBO,MBO,21163628842530906,745328183863672936,8.542699,2.9087381,1.959251,227.05039238239695,-39.73347058305501,2025053000281,9,60826.23702271472,r,227.05036886685107,-39.73346483431013,166.20968627929688,75947.0,455.448,False,70610.3,0.313663,77331.7,458.685,False,471.943,9.71887,19.198723441572707,0.00651107194311957,19.277829906367735,4.823025770937189e-06,19.17910606243654,0.006439931985252775,24.71527614350739,0.02235890638936799
2005 SZ268,303865,MBO,MBO,21163628842530906,745328184034590897,8.54279,2.9087384,1.9592527,227.05028184484496,-39.73345053252088,2025053000282,79,60826.23748155938,r,227.05025741601762,-39.73344408706455,180.9878387451172,77081.8,423.409,False,69543.2,0.324516,78252.2,427.058,False,349.426,15.4168,19.182620424850704,0.0059639304692768605,19.294363274516023,5.0664731075611674e-06,19.166258566033292,0.005925358376173121,25.041611974126965,0.04790306867094815
2005 SZ268,303865,MBO,MBO,21163628842530906,745328184264753233,8.5439415,2.908742,1.9592744,227.04889057822425,-39.733197604683234,2025053000284,6,60826.24326179668,u,227.04886339790227,-39.733200486018404,20.469038009643555,9637.34,467.86,False,9510.5,10.1373,9638.8,468.816,False,61.4161,16.782,21.440107065297617,0.05270879029789838,21.454491625234603,0.0011572927949649217,21.439942599540537,0.052808495375136606,26.929294421149738,0.2966783086998224
2005 SZ268,303865,MBO,MBO,21163628842530906,745328184418369597,8.544047,2.9087422,1.9592764,227.04876282956815,-39.733174328118,2025053000285,43,60826.243792119916,u,227.04871895298274,-39.73316594873869,21.998510360717773,8772.3,395.416,False,8979.47,3.74185,8906.02,394.182,False,99.6239,14.2029,21.54221633541365,0.04894012522711802,21.516873273484183,0.00045243895599023694,21.525790891947313,0.04805487733148112,26.40409113720912,0.15478818293642269
2005 SZ268,303865,MBO,MBO,21163628842530906,745328184552587273,8.544152,2.9087427,1.9592785,227.0486355731255,-39.733151132522806,2025053000286,43,60826.24432124886,u,227.04861701465455,-39.73314819760537,25.38096809387207,10335.0,405.094,False,10053.5,4.40691,10494.4,404.672,False,110.42,14.2175,21.36422379759173,0.0425568665475137,21.394206794348495,0.0004759279530331381,21.347605925691575,0.04186680724165196,26.29238066099407,0.1397976313820229
2005 SZ268,303865,MBO,MBO,21163628842530906,745328184730320923,8.544258,2.908743,1.9592804,227.0485083277493,-39.73312793025492,2025053000287,126,60826.24485038911,u,227.0484834453097,-39.733154805400055,20.324495315551758,8992.51,439.039,False,8509.03,7.86484,9197.95,439.846,False,92.4287,14.6954,21.515297704692518,0.05300862068712003,21.575299828017677,0.0010035387454885587,21.490772365889384,0.051919908848155914,26.48548284920782,0.17262308688527206
2005 SZ268,303865,MBO,MBO,21163628842530906,745328184975163398,8.544469,2.9087436,1.9592844,227.04825338949647,-39.73308141800224,2025053000289,81,60826.24591091223,u,227.04824394837786,-39.733081284835514,19.749319076538086,9021.59,456.661,False,9082.19,1.49733,9120.17,457.852,False,52.4762,10.3819,21.511792303726793,0.054958538489501926,21.504523490811415,0.00017899925685667197,21.499992675164375,0.05450627410960371,27.10009405135029,0.21480222465251067
2005 SZ268,303865,MBO,MBO,21163628842530906,745328185401409592,8.54479,2.9087446,1.9592905,227.04786481531343,-39.73301045759249,2025053000292,126,60826.24752683831,u,227.04784481602655,-39.73301011743184,21.50922393798828,9441.58,436.072,False,9359.5,2.46641,9374.49,434.721,False,-19.7948,16.8349,21.462388297679883,0.0501461772876935,21.471868378432788,0.0002861125645286449,21.470130847511864,0.05034858705707376,nan,nan
2005 SZ268,303865,MBO,MBO,21163628842530906,745328186025836630,8.5453205,2.9087462,1.9593005,227.0472239954709,-39.73289325664445,2025053000297,37,60826.250192704916,u,227.04723618792386,-39.732894908078435,21.761503219604492,9279.33,426.262,False,9104.84,1.51411,9317.08,423.097,False,-87.7775,17.3422,21.481208441423668,0.04987516071302134,21.501819222856987,0.00018055496194235667,21.476800429588724,0.049304257421656957,nan,nan
2005 SZ268,303865,MBO,MBO,21163628842530906,745328186143801362,8.545429,2.9087465,1.9593025,227.04709327128603,-39.73286932135439,2025053000298,6,60826.250736114314,u,227.04707117474908,-39.732845125855995,21.67336654663086,10662.1,488.121,False,10638.1,3.92339,10570.5,491.448,False,-129.021,15.0981,21.330393161121183,0.049706030125848726,21.332839868748085,0.000400425511029147,21.339761173617624,0.05047849053832786,nan,nan
2005 SZ268,303865,MBO,MBO,21163628842530906,745328186582106166,8.545747,2.9087474,1.9593086,227.0467098202047,-39.73279905999994,2025053000301,74,60826.25233259163,u,227.04670669412232,-39.73278838933417,19.8748836517334,9345.03,465.879,False,8805.37,0.977575,9537.33,464.381,False,-87.8654,12.1191,21.473548218440115,0.05412734685179345,21.538130961401343,0.00012053878039119042,21.45143296644326,0.052865453262099016,nan,nan
2005 SZ268,303865,MBO,MBO,21163628842530906,745328187126317101,8.546172,2.9087489,1.9593166,227.0461960759913,-39.732704802355,2025053000305,88,60826.254471377935,u,227.04616780314538,-39.7326965597206,22.163822174072266,10036.5,449.561,False,10098.3,7.58957,10007.2,446.572,False,-66.9444,14.1039,21.39604427766222,0.04863295561038643,21.389379349602265,0.0008160057768428352,21.39921853002986,0.04845105215849344,nan,nan
2005 SZ268,303865,MBO,MBO,21163628842530906,745328187240087574,8.546278,2.908749,1.9593186,227.0460685704626,-39.73268138705669,2025053000306,49,60826.255002145765,u,227.04605128163837,-39.732674225481375,22.562820434570312,9713.97,424.295,False,9147.84,2.44894,9567.69,423.248,False,-69.9435,14.797,21.431508135832395,0.047423707355926346,21.49670361857612,0.0002906590964307697,21.447982212688252,0.04802994674570421,nan,nan
2005 SZ268,303865,MBO,MBO,21163628842530906,745328187524776123,8.546492,2.9087498,1.9593227,227.045810714597,-39.732634007827166,2025053000308,80,60826.256076620004,u,227.0457985722921,-39.73263430835515,22.15818977355957,10673.0,479.402,False,10642.3,0.950528,10519.2,472.977,False,-61.8272,14.4615,21.329283726434305,0.048768304767248485,21.332411276775886,9.697365325172299e-05,21.345043198926962,0.04881818315556764,nan,nan
2005 SZ268,303865,MBO,MBO,21163628842530906,745328187618099282,8.546599,2.90875,1.9593247,227.0456803647769,-39.732610043621214,2025053000309,2,60826.25661935941,u,227.0454842277592,-39.732630315378145,8.34500789642334,7502.92,939.466,False,9564.45,51.035,7158.39,930.337,False,-3.04737,11.8343,21.711924221797215,0.13594870579338522,21.44834997496592,0.00579338549656701,21.762961589953427,0.14110722064552012,nan,nan
2005 SZ268,303865,MBO,MBO,21163628842530906,745328187792687156,8.546707,2.9087505,1.9593267,227.04554954764976,-39.7325859845154,2025053000310,79,60826.25716497372,u,227.04552930262284,-39.73258794598479,22.897293090820312,10766.7,468.769,False,10036.2,2.89901,10798.3,465.79,False,-26.7162,19.4246,21.319793449868484,0.047271631907103484,21.39607671064836,0.00031362069227636,21.316611547293924,0.046833768763512834,nan,nan
2005 SZ268,303865,MBO,MBO,21163628842530906,745328188061122597,8.546925,2.908751,1.9593309,227.0452872316182,-39.73253771382243,2025053000312,79,60826.25825740138,u,227.0452494225189,-39.732552251599614,18.024316787719727,9191.67,503.358,False,9433.88,2.94643,9233.21,504.228,False,43.305,12.1674,21.49151394950759,0.05945753177118721,21.463274144309906,0.00033910180441667814,21.48661822144183,0.05929233645968725,27.308654885007677,0.30505916165937097
2005 SZ268,303865,MBO,MBO,21163628842530906,745328188157592093,8.54703,2.9087515,1.959333,227.0451598121658,-39.73251425340755,2025053000313,7,60826.258788678824,u,227.04513331312134,-39.73249318685859,18.894777297973633,12015.4,629.321,False,12250.5,3.30892,12170.0,639.595,False,43.696,14.4844,21.2006543814299,0.05686673389202607,21.17961546338954,0.00029326265387193243,21.186773554424835,0.057060921616565154,27.298895814242847,0.35990107949774
2005 SZ268,303865,MBO,MBO,21163628842530906,745328188307013654,8.549058,2.9087577,1.9593716,227.04271246925387,-39.73206200931354,2025053000314,36,60826.2689979236,u,227.0426792618921,-39.73205160422052,19.119056701660156,10476.7,548.657,False,10661.7,4.8159,10301.1,553.114,False,-76.6724,8.78971,21.349438709561625,0.05685919599716156,21.330433834764005,0.0004904280488753624,21.36779103318993,0.05829823346782237,nan,nan
2005 SZ268,303865,MBO,MBO,21163628842530906,745328188579119527,8.54996,2.9087605,1.9593887,227.0416234888664,-39.73185978515811,2025053000316,43,60826.27354665327,g,227.0416037516253,-39.73185549970032,165.1790313720703,48973.8,297.293,False,45750.0,0.219236,49633.3,300.402,False,-68.9093,3.87635,19.67509047436993,0.006590907129460965,19.74902225399383,5.202895389646986e-06,19.660567104500387,0.006571340833579028,nan,nan
2005 SZ268,303865,MBO,MBO,21163628842530906,745328188713337114,8.550047,2.9087608,1.9593904,227.04151892660096,-39.73184033613218,2025053000317,43,60826.273983190695,g,227.04149634326572,-39.73183438363149,169.11610412597656,47000.8,277.676,False,45278.7,0.2442,47683.4,280.248,False,-45.1425,5.19992,19.719736856654563,0.006414420091033217,19.7602651454855,5.85566264997373e-06,19.70408199904324,0.006381159785322023,nan,nan
2005 SZ268,303865,MBO,MBO,21163628842530906,745328188891070953,8.550134,2.908761,1.9593921,227.0414146126148,-39.731820927765455,2025053000318,126,60826.27441981307,g,227.04139097904473,-39.7318164559981,165.90489196777344,47988.2,288.419,False,45310.7,0.0408337,48473.8,290.835,False,-27.8532,4.96542,19.697163867200285,0.006525499235855094,19.759498089724087,9.78458238680058e-07,19.686232315887608,0.006514242224542903,nan,nan
2005 SZ268,303865,MBO,MBO,21163628842530906,745328189135913290,8.550309,2.9087615,1.9593954,227.0412019451606,-39.73178134240003,2025053000320,81,60826.27530853657,g,227.04117583444994,-39.73177379917715,160.73995971679688,47700.3,295.7,False,45593.7,0.160773,48535.3,298.181,False,12.8947,4.53944,19.70369720610908,0.00673061183561328,19.752737925334344,3.82853472077568e-06,19.684855686592776,0.006670318341387099,28.623971889338797,0.3822217272524191
2005 SZ268,303865,MBO,MBO,21163628842530906,745328189564256360,8.550571,2.9087625,1.9594004,227.04088648176327,-39.73172258080164,2025053000323,130,60826.276627218875,g,227.04086445712457,-39.73171455221317,167.56704711914062,47577.8,282.605,False,45582.9,0.478641,48533.8,286.132,False,73.4035,4.38565,19.70648909125768,0.006449110447216092,19.752995157992704,1.1400720100180144e-05,19.684889242158473,0.006400979405706725,26.73570802872544,0.06486964431047194
2005 SZ268,303865,MBO,MBO,21163628842530906,745328189691658469,8.550657,2.9087627,1.9594021,227.04078246146065,-39.73170319387172,2025053000324,117,60826.277062799374,g,227.0407588128576,-39.73169792164732,157.80503845214844,48569.7,305.889,False,46370.4,0.303937,49397.7,307.594,False,81.8854,4.50428,19.684086465017305,0.006837900491388891,19.734397931035545,7.116509736415483e-06,19.66573319651025,0.006760758923724776,26.61698382794912,0.059723223410348206
2005 SZ268,303865,MBO,MBO,21163628842530906,745332590250033215,8.747084,2.9093602,1.9630872,226.815118583036,-39.690365279462085,2025053100343,44,60827.25380482737,r,226.8150977484754,-39.69035806271449,67.54346466064453,78021.0,1139.51,False,73694.0,1.63083,77642.4,1149.3,False,55.7748,15.6149,19.169471219023055,0.01585736241892348,19.231419674957742,2.402707450492142e-05,19.174752643407444,0.016071588439497467,27.033904958602264,0.3039663444107216
2005 SZ268,303865,MBO,MBO,21163628842530906,745332590427766961,8.747174,2.9093606,1.963089,226.8150155658514,-39.69034489458436,2025053100344,127,60827.25424223657,r,226.81499225862913,-39.69033693146031,75.20980834960938,78434.9,1022.89,False,77287.0,1.08437,78328.4,1029.77,False,2.39396,43.9473,19.163726653666107,0.014159369674894683,19.179733875264475,1.5233348258662095e-05,19.16520188321156,0.014273987660703778,30.452207776346597,19.93148368528593
2005 SZ268,303865,MBO,MBO,21163628842530906,745332590672609372,8.747355,2.9093611,1.9630926,226.81481026188172,-39.69030425179179,2025053100346,82,60827.2551153291,r,226.8147901188878,-39.6902972579574,79.7264175415039,78187.6,968.011,False,72113.2,0.907618,78100.9,974.747,False,-25.5708,56.3637,19.167155272078375,0.013442087408448529,19.254963033784662,1.3665094116001192e-05,19.168359925415444,0.013550652292419352,nan,nan
2005 SZ268,303865,MBO,MBO,21163628842530906,745332591100428294,8.747628,2.9093618,1.9630978,226.8145006047838,-39.6902429066497,2025053100349,130,60827.25643296317,r,226.81447637828964,-39.69023637569665,83.6445541381836,76119.3,893.255,False,70947.7,0.327067,76429.2,899.059,False,-71.9658,21.7023,19.19626308001923,0.012741043844313219,19.272654149786348,5.005214465630707e-06,19.19185167120698,0.012771831831261921,nan,nan
2005 SZ268,303865,MBO,MBO,21163628842530906,745332591724331025,8.748084,2.9093633,1.9631066,226.81398420852148,-39.690140487194085,2025053100354,40,60827.25862904694,r,226.81397099077256,-39.690133942608846,85.1407699584961,75589.2,875.899,False,65735.0,0.0803832,76494.9,886.913,False,136.383,60.1682,19.203850582612706,0.012581098918649775,19.355508331826726,1.3276785071127122e-06,19.190918819119922,0.012588468006069742,26.063099436645217,0.47899515915209917
2005 SZ268,303865,MBO,MBO,21163628842530906,745332591841247360,8.748174,2.9093635,1.9631084,226.81388175376688,-39.69012014934664,2025053100355,7,60827.25906568751,r,226.81385309489696,-39.69011248091061,53.4907112121582,75151.3,1390.02,False,70311.5,0.602239,76283.5,1417.95,False,459.429,24.8485,19.21015880113924,0.02008208937570221,19.282434092212743,9.299655106574912e-06,19.193923472736568,0.02018155431413512,24.744454021072116,0.058722710511763136
2005 SZ268,303865,MBO,MBO,21163628842530906,745332592107585630,8.748356,2.909364,1.9631119,226.81367592995085,-39.69007927469852,2025053100357,3,60827.25994119614,r,226.81365296571684,-39.690071294258225,38.98038864135742,76663.7,1933.86,False,70822.1,3.01105,77050.2,1944.1,False,1924.07,34.3294,19.18852551658133,0.027387951735200207,19.274577975522874,4.616081578894438e-05,19.183065530068305,0.02739486261624372,23.189447859935733,0.019371786130747096
2005 SZ268,303865,MBO,MBO,21163628842530906,745332592284270645,8.748447,2.9093642,1.9631137,226.8135716212925,-39.69005855110232,2025053100358,84,60827.260385467795,r,226.8135458557899,-39.69005182540855,52.56916809082031,74256.4,1391.34,False,69369.8,5.20112,78171.4,1406.43,False,4320.94,23.6129,19.22316529656306,0.02034340751510477,19.297073942942312,8.140494040399022e-05,19.167380296790807,0.01953415263505577,22.311054425229287,0.005933287788865786
2005 SZ268,303865,MBO,MBO,21163628842530906,745332592647077976,8.748718,2.9093652,1.9631189,226.81326438500216,-39.6899974760224,2025053100361,8,60827.26169322326,r,226.8132456710857,-39.689988823550905,44.07419967651367,70567.6,1564.74,False,64170.4,1.50664,78754.8,1577.97,False,7477.44,42.4581,19.278486607572116,0.024074714469722668,19.381663160355846,2.549171563751525e-05,19.15930746073806,0.02175434634074164,21.715617666310184,0.006164983741398477
2005 SZ268,303865,MBO,MBO,21163628842530906,745332592937009279,8.748899,2.9093657,1.9631225,226.8130588991845,-39.68995659892047,2025053100363,49,60827.26256894975,r,226.81303726932398,-39.68995428743386,34.71295166015625,76264.7,2131.67,False,73505.7,9.69886,79474.1,2143.99,False,3080.74,42.0599,19.19419103993709,0.030347344393122495,19.23419740944499,0.00014325968165861727,19.149435932476166,0.02929013992320323,22.678362384823917,0.014823047248561016
2005 SZ268,303865,MBO,MBO,21163628842530906,745332593053401163,8.74899,2.909366,1.9631243,226.8129565214397,-39.6899362243928,2025053100364,15,60827.26300451592,r,226.8129424664093,-39.68994389378965,25.95751190185547,77075.0,2917.7,False,70067.8,5.99891,79292.7,2936.89,False,2481.15,12.7911,19.182716166503635,0.0411009078379284,19.2862038442735,9.295616549349519e-05,19.151916941490217,0.04021413774648994,22.913367490978015,0.005597307871313714
2005 SZ268,303865,MBO,MBO,21163628842530906,745332593245814850,8.7490835,2.9093661,1.9631261,226.81285086546552,-39.68991519145087,2025053100365,126,60827.26345410234,r,226.81282623927376,-39.68991080083075,19.321434020996094,77562.7,3966.83,False,71517.0,7.15951,79084.0,4021.8,False,1159.9,10.4065,19.175867659510196,0.05552837717637025,19.263976779111584,0.00010869219014512187,19.154778431413284,0.05521488444325917,23.738948606062984,0.009741109947316345
2005 SZ268,303865,MBO,MBO,21163628842530906,745332593318690933,8.749176,2.9093664,1.9631279,226.81274615764127,-39.68989434124661,2025053100366,9,60827.26390071638,r,226.81269973275622,-39.689899738904785,12.76260757446289,82822.7,6256.92,False,86329.1,340.507,84639.1,6329.66,False,396.502,18.275,19.104626498303197,0.08202297477781209,19.05960694705255,0.004282458159807488,19.081072388216676,0.08119581929140499,24.9043865055039,0.05004218899065858
2005 SZ268,303865,MBO,MBO,21163628842530906,745332593510580358,8.750096,2.9093692,1.9631457,226.8117021620089,-39.68968612700136,2025053100367,119,60827.268349564656,r,226.81167779434261,-39.68968120762519,47.421363830566406,72043.4,1494.15,False,67900.8,5.67611,71825.5,1496.6,False,-137.777,19.8577,19.2560145219799,0.022517715877242352,19.32031282216382,9.076120142449839e-05,19.259303355160952,0.022623062527010393,nan,nan
2005 SZ268,303865,MBO,MBO,21163628842530906,745332593778491431,8.750388,2.90937,1.9631515,226.8113721887144,-39.68962019449987,2025053100369,118,60827.2697567001,r,226.81135399441524,-39.68961100307065,47.18547058105469,70311.9,1479.66,False,61246.7,0.301555,70656.7,1486.74,False,-118.082,35.0447,19.28242793963751,0.022848486608145965,19.43229327964165,5.345744240231571e-06,19.27711657703301,0.022845779141484796,nan,nan
2005 SZ268,303865,MBO,MBO,21163628842530906,745332593870766166,8.750478,2.9093704,1.9631532,226.8112699556684,-39.68959975524489,2025053100370,38,60827.2701924343,r,226.81124562951672,-39.689594123692956,54.60260772705078,71333.0,1276.94,False,66202.9,1.48973,71801.6,1293.87,False,-112.403,37.4455,19.2667737769717,0.019435884172633842,19.347807490605557,2.44317671133348e-05,19.259664671358074,0.019565044057215625,nan,nan
2005 SZ268,303865,MBO,MBO,21163628842530906,745332594255069211,8.753726,2.90938,1.9632168,226.8075909933159,-39.688860532420776,2025053100373,3,60827.285908251375,g,226.80756892326764,-39.68886786100174,19.450424194335938,36988.3,1907.3,False,35589.2,1.95973,34681.8,1903.22,False,-65.7185,4.11202,19.979839048588854,0.055985938056375376,20.021704459520492,5.978639280625466e-05,20.049745901904217,0.059581532136827306,nan,nan
2005 SZ268,303865,MBO,MBO,21163628842530906,745332594431230116,8.753819,2.9093802,1.9632186,226.80748536491976,-39.68883920358647,2025053100374,83,60827.28636036665,g,226.80747667454565,-39.68884096511319,21.330446243286133,33564.5,1573.99,False,32465.0,4.38191,32500.9,1544.23,False,-59.1413,27.074,20.085299544954417,0.05091504173529638,20.121461481978063,0.00014654545409381882,20.120261518378705,0.05158707537688678,nan,nan
2005 SZ268,303865,MBO,MBO,21163628842530906,745332594541854834,8.753909,2.9093804,1.9632204,226.80738325178467,-39.68881857909631,2025053100375,38,60827.28679702729,g,226.80736416132862,-39.68879688193086,21.19956398010254,38026.7,1787.68,False,35748.7,7.65761,38061.1,1827.43,False,-68.1587,8.59356,19.949778426104004,0.051041741637172906,20.01684939041926,0.00023257194065824297,19.94879661634476,0.05212952041650615,nan,nan
2005 SZ268,303865,MBO,MBO,21163628842530906,745332594674499585,8.753999,2.9093807,1.9632221,226.8072818491745,-39.68879809280255,2025053100376,35,60827.287231362636,g,226.80725379417177,-39.68877557241522,19.764549255371094,36022.9,1791.0,False,36090.1,10.7127,34425.2,1822.97,False,-71.6338,3.93457,20.008553365883806,0.05398104058993545,20.00652973943621,0.0003222813352654962,20.057808844500144,0.05749464178267485,nan,nan
2005 SZ268,303865,MBO,MBO,21163628842530906,745332594971246656,8.754183,2.9093814,1.9632257,226.8070737000461,-39.68875602402911,2025053100378,89,60827.28812212263,g,226.80708978823986,-39.68872199650859,18.574398040771484,35943.1,1924.38,False,32314.2,0.233371,34679.7,1937.8,False,-80.2652,5.69584,20.010961124873344,0.05812990399230785,20.126516504752246,7.841114891016897e-06,20.04981169467091,0.06066776004381392,nan,nan
2005 SZ268,303865,MBO,MBO,21163628842530906,745332595098124301,8.754274,2.9093816,1.9632275,226.8069702245729,-39.6887351024513,2025053100379,75,60827.288565385796,g,226.80699262671138,-39.688759195078354,13.358168601989746,41476.9,3005.29,False,38845.1,8.68688,40361.4,3040.44,False,-70.9177,5.12978,19.855484316932206,0.07866914654011439,19.926659346823225,0.0002428017913271451,19.88508448696195,0.08178893325238122,nan,nan
2005 SZ268,303865,MBO,MBO,21163628842530906,745332595389628480,8.754459,2.909382,1.9632311,226.80676120187965,-39.688692823691184,2025053100381,119,60827.28946052226,g,226.80674181851825,-39.68867328298476,14.140032768249512,39082.0,2708.06,False,36413.4,42.4591,38186.9,2722.99,False,-64.723,21.9859,19.920058049004282,0.07523255847384104,19.99684696692099,0.0012660005048682889,19.945214034623085,0.07742050123369479,nan,nan
2005 SZ268,303865,MBO,MBO,21163628842530906,745332595622936596,8.754646,2.9093826,1.9632348,226.80654941842377,-39.68864996375493,2025053100383,52,60827.290367646194,g,226.80650820475864,-39.688648873020774,15.883683204650879,34593.1,2152.79,False,31090.1,26.1813,34318.3,2140.91,False,-105.339,4.6684,20.052526245217585,0.06756728888359052,20.168444716303036,0.0009143098541534017,20.061185559313273,0.06773247363029923,nan,nan
2005 SZ268,303865,MBO,MBO,21163628842530906,745332595773931542,8.754738,2.909383,1.9632366,226.8064457603074,-39.68862897748532,2025053100384,84,60827.29081187231,g,226.80642434528235,-39.68859814296617,12.302742004394531,30764.6,2400.99,False,31199.8,58.9541,30785.9,2427.25,False,-104.963,6.30973,20.179871831829168,0.08473511089885717,20.164620447636587,0.0020515708716916234,20.179120350352463,0.08560260280065397,nan,nan
2005 SZ268,303865,MBO,MBO,21163628842530906,745332595910770725,8.7548275,2.9093833,1.9632384,226.80634397989,-39.688608366050616,2025053100385,89,60827.291247313115,g,226.80630238405746,-39.688588166667316,13.344907760620117,32500.3,2374.27,False,31727.9,44.9831,30515.9,2392.63,False,-92.0169,15.7422,20.12028154931953,0.07931714039902256,20.146396666497793,0.0015393322797433075,20.18868452847369,0.0851282398717558,nan,nan
2005 SZ268,303865,MBO,MBO,21163628842530906,745332596040794210,8.754917,2.9093835,1.9632401,226.8062424425069,-39.68858779858952,2025053100386,81,60827.29168274341,g,226.80620624240908,-39.688589783597045,19.497900009155273,35401.5,1805.22,False,33629.2,6.52647,34828.0,1823.19,False,-87.3662,10.9302,20.027445840138814,0.05536467889057787,20.083208685045157,0.00021071048770160918,20.04517866053132,0.05683654897024285,nan,nan
2005 SZ268,303865,MBO,MBO,21163628842530906,745332596176060463,8.755008,2.9093838,1.9632419,226.80614068154927,-39.68856718059419,2025053100387,83,60827.292118306344,g,226.80608953959188,-39.68855587809936,18.516233444213867,36889.6,1983.09,False,34278.5,57.0056,37186.1,1987.67,False,-75.3668,7.15616,19.982740088697838,0.058366381906721755,20.06244547678866,0.0018055937035591635,19.974048372241747,0.0580347290827848,nan,nan
2005 SZ268,303865,MBO,MBO,21163628842530906,745332596286685195,8.755097,2.909384,1.9632437,226.80603893041183,-39.68854655934413,2025053100388,38,60827.29255426432,g,226.80604882697594,-39.688560498417885,17.517282485961914,32855.3,1842.06,False,34261.6,10.2522,32904.5,1858.41,False,-75.0287,3.35779,20.108486381521573,0.060872713059911446,20.06298084937642,0.00032488804808561135,20.10686176032823,0.06132118881595768,nan,nan
2005 SZ268,303865,MBO,MBO,21163628842530906,745332596684095547,8.755375,2.9093847,1.9632491,226.80572510429303,-39.688482925267394,2025053100391,28,60827.293899363816,g,226.8057062150205,-39.68845681253029,16.092525482177734,34574.1,2117.13,False,35192.5,9.7566,34210.6,2121.29,False,-0.748527,6.46544,20.053122741460815,0.06648457834224791,20.033874701792406,0.00030100431250584516,20.064598222679898,0.0673230311953227,nan,nan
2005 SZ268,303865,MBO,MBO,21163628842530906,745332597356757073,8.7561245,2.909387,1.9632639,226.80487742884617,-39.68831079603498,2025053100396,31,60827.29753496392,i,226.8048481007496,-39.68831610190663,14.316339492797852,77856.6,5418.1,False,77296.1,23.2197,79303.8,5499.27,False,-86.4629,24.5531,19.17176139285163,0.07555720798199266,19.17960602304987,0.00032615446693415843,19.151765048024203,0.07528966827852179,nan,nan
2005 SZ268,303865,MBO,MBO,21163628842530906,745337014521430155,8.915477,2.9098592,1.9663286,226.63229643200097,-39.654333574241285,2025060100538,144,60828.066657298594,i,226.63195970856594,-39.65427653304265,246.94033813476562,13663.5,179.302,False,73457.4,0.870472,15743.0,177.441,False,2111.23,35.6313,21.061095097173027,0.014247789739533842,19.23491114165953,1.2866001258930253e-05,20.907281261375275,0.012237445955617595,23.08866113889061,0.01832400772608666
2005 SZ268,303865,MBO,MBO,21163628842530906,745337014606365414,8.915573,2.9098594,1.9663304,226.632193061179,-39.65431415462853,2025060100539,50,60828.06710163594,i,226.63188640624708,-39.65425046600901,242.86595153808594,21072.1,192.78,False,74124.6,5.32033,23303.9,192.742,False,2039.46,37.3671,20.59073047358817,0.009932955334682888,19.22509407014585,7.792925608676917e-05,20.48142846177383,0.008979911896335591,23.126212041035874,0.019892919623547
2005 SZ268,303865,MBO,MBO,21163628842530906,745337014902588016,8.915764,2.90986,1.9663339,226.63198956965613,-39.65427591194538,2025060100541,103,60828.067975891696,i,226.631963913933,-39.6542684861173,245.38079833984375,78489.6,317.136,False,76195.3,1.37407,81149.8,318.585,False,2949.47,43.1346,19.162969688810627,0.004386899861046475,19.195179586226832,1.9579654657629257e-05,19.12678140728313,0.0042624784390791195,22.725640052834656,0.015878377841627045
2005 SZ268,303865,MBO,MBO,21163628842530906,745337015277453599,8.916056,2.9098608,1.9663393,226.63167685770432,-39.65421710673917,2025060100544,50,60828.069318530775,i,226.63196109243515,-39.65426845362598,240.71607971191406,13675.9,184.674,False,72301.2,0.471801,15580.6,183.973,False,1917.41,39.9571,21.060110177695233,0.01466135594562094,19.252136189467645,7.084964272356952e-06,20.91853958199368,0.01282018405103045,23.193212510528205,0.022625765611436335
2005 SZ268,303865,MBO,MBO,21163628842530906,745337015418487272,8.916154,2.909861,1.9663411,226.63157160493856,-39.654197304073165,2025060100545,63,60828.06977047957,i,226.63188594083522,-39.65425266948538,254.6192626953125,7682.3,163.421,False,69464.6,1.70487,8978.75,163.726,False,1268.54,67.7399,21.686271870829742,0.02309622203348137,19.29559112746204,2.6647227884618423e-05,21.516960301396608,0.019798217302755373,23.641739551358917,0.05797819401873926
2005 SZ268,303865,MBO,MBO,21163628842530906,745337017212076104,8.919894,2.9098716,1.9664106,226.6275622255748,-39.65343910978154,2025060100558,156,60828.0869796785,i,226.62754205538212,-39.653432839085326,247.7565460205078,80754.7,324.747,False,77111.5,0.146714,79974.4,320.219,False,-78.1938,34.2394,19.132080437762873,0.004366180194032337,19.182202121860115,2.0657451041837537e-06,19.142622544919792,0.004347308165892796,nan,nan
2005 SZ268,303865,MBO,MBO,21163628842530906,745337017320079473,8.919989,2.9098718,1.9664124,226.62746013428372,-39.65341970308904,2025060100559,106,60828.08741744871,i,226.62743702052268,-39.653413351982394,251.94546508789062,82875.2,326.092,False,79790.8,0.709458,83957.1,326.963,False,-50.4786,25.2196,19.103938485353037,0.004272084876173237,19.145117993956998,9.653797925000684e-06,19.089856407273295,0.004228297236247777,nan,nan
2005 SZ268,303865,MBO,MBO,21163628842530906,745337017453773404,8.920084,2.909872,1.9664142,226.6273582740517,-39.65340033520797,2025060100560,105,60828.08785435619,i,226.62733145504745,-39.65339158354296,249.71302795410156,82343.0,326.365,False,79191.4,2.21999,82278.7,325.172,False,-47.7616,29.79,19.110933286031795,0.004303295797614785,19.15330496944793,3.0436683542364852e-05,19.111781405657155,0.004290916076501329,nan,nan
2005 SZ268,303865,MBO,MBO,21163628842530906,745337017559155061,8.920183,2.9098723,1.966416,226.62725198329213,-39.65338011944645,2025060100561,50,60828.08831060516,i,226.62723177267097,-39.65337430740854,251.04299926757812,81425.0,321.261,False,75297.1,0.0154867,81755.4,319.183,False,-29.7423,22.7827,19.123105581907723,0.004283754179094279,19.20805435231496,2.2330834830410227e-07,19.118708901433422,0.004238846128520356,nan,nan
2005 SZ268,303865,MBO,MBO,21163628842530906,745337018229719175,8.920671,2.9098737,1.9664251,226.626728659432,-39.65328050536224,2025060100566,49,60828.090555896306,i,226.62670571935212,-39.65327286935713,223.300048828125,83691.0,374.127,False,77291.4,0.460421,84237.7,373.338,False,166.103,25.8001,19.093303107122424,0.0048536072510991495,19.179672087292968,6.467676285333349e-06,19.08623370847788,0.004811937908542671,25.849056329868972,0.16864297180760277
2005 SZ268,303865,MBO,MBO,21163628842530906,745337018351878593,8.920766,2.909874,1.9664268,226.6266267867674,-39.65326109819491,2025060100567,26,60828.09099264318,i,226.62660719362177,-39.65325578463038,239.9158935546875,83409.6,346.27,False,77858.9,0.403714,83528.4,343.673,False,104.905,26.1784,19.096959883429747,0.00450736913557407,19.171729362638253,5.629759940662219e-06,19.095414614048632,0.004467201935917281,26.348009542372615,0.27093882118536133
2005 SZ268,303865,MBO,MBO,21163628842530906,745337018951663796,8.921165,2.9098752,1.9664344,226.6261987640577,-39.65317950140603,2025060100571,146,60828.09282860032,i,226.62617596178455,-39.65317348003394,257.1430969238281,85990.1,334.538,False,77953.6,0.399434,84794.2,328.211,False,51.4945,30.1772,19.06387884526895,0.004223974687443686,19.170409537538497,5.563308773348702e-06,19.079084592143527,0.004202534498544903,27.120597902728964,0.6362714357392552
2005 SZ268,303865,MBO,MBO,21163628842530906,745337019091124578,8.92126,2.9098754,1.9664361,226.62609711630796,-39.65316011012542,2025060100572,156,60828.093264058916,i,226.62607477872436,-39.653154190513995,254.84896850585938,84784.1,331.827,False,77067.1,0.39994,84079.2,325.493,False,65.7448,23.022,19.07921394397499,0.004249341285340656,19.182827435514184,5.634432124773789e-06,19.08827853265099,0.004203174314441823,26.855346532225155,0.380194622915356
2005 SZ268,303865,MBO,MBO,21163628842530906,745337019309752655,8.9242,2.9098837,1.9664911,226.6229431125605,-39.65255579845656,2025060100574,61,60828.10679039168,i,226.6229217404743,-39.65254890438283,264.7000427246094,91759.9,343.492,False,83237.0,0.326339,91594.0,338.839,False,-47.8652,18.5287,18.993367689490427,0.00406432125107572,19.099208952185517,4.256737680349826e-06,18.995332436251683,0.004016526827312465,nan,nan
2005 SZ268,303865,MBO,MBO,21163628842530906,745337019470184796,8.92571,2.909888,1.9665195,226.62132339616664,-39.652243435465344,2025060100575,111,60828.11373518032,z,226.62129897142157,-39.652235846136875,198.6151580810547,90321.6,452.174,False,91510.7,4.77635,90278.2,444.19,False,-80.8223,59.2792,19.010520925504736,0.005435484827003551,18.996320269307045,5.6669394592090986e-05,19.011042733995193,0.005342077608417582,nan,nan
2005 SZ268,303865,MBO,MBO,21163628842530906,745337019734425788,8.9258995,2.9098885,1.966523,226.6211197898645,-39.65220407058539,2025060100577,103,60828.11460844806,z,226.62109726394797,-39.65219758671027,192.90750122070312,91637.6,474.151,False,87355.7,0.901406,91205.1,463.296,False,-37.0885,33.0101,18.994815715386068,0.0056178129883882625,19.046771840759185,1.1203494261419498e-05,18.99995217176456,0.005515231288975161,nan,nan
2005 SZ268,303865,MBO,MBO,21163628842530906,745337019839807888,8.926001,2.9098887,1.9665248,226.621011806062,-39.65218318411455,2025060100578,48,60828.11507167827,z,226.62098904536455,-39.65217565185421,194.03662109375,89829.1,457.934,False,88116.4,3.14756,90271.7,455.725,False,-11.2958,99.1877,19.016457359875666,0.00553490466011126,19.03735815495742,3.878301633149689e-05,19.01112090944796,0.0054811986637169855,nan,nan
2005 SZ268,303865,MBO,MBO,21163628842530906,745337020114535191,8.926212,2.9098895,1.9665289,226.62078464348545,-39.65213922523815,2025060100580,60,60828.11604567485,z,226.6207648287332,-39.65213523937057,197.30706787109375,90682.2,457.032,False,88031.1,2.82588,89967.4,453.026,False,2.24015,113.808,19.006194843071796,0.005472035152232084,19.03840965909547,3.4853139706835164e-05,19.01478709428312,0.005467166323573794,30.524307263251963,55.15946071556159
2005 SZ268,303865,MBO,MBO,21163628842530906,745337020507226569,8.926509,2.9098902,1.9665345,226.6204658231367,-39.652077482232016,2025060100583,41,60828.1174126019,z,226.62044564794365,-39.65207084225541,191.0471954345703,93592.2,483.826,False,92384.2,3.98436,94101.4,475.556,False,265.376,47.0841,18.9719008236897,0.005612726009968902,18.986005707289348,4.68257963628252e-05,18.966009806225248,0.005486936165649208,25.340345861777617,0.19263576732249799
2005 SZ268,303865,MBO,MBO,21163628842530906,745337020626763958,8.926619,2.9098907,1.9665365,226.6203482772715,-39.65205470426754,2025060100584,13,60828.11791620572,z,226.6203260422862,-39.652049462705016,194.93104553222656,94508.3,483.095,False,91576.2,2.07694,94784.1,474.007,False,647.335,50.9805,18.961325157857562,0.0055499226047500405,18.995543417200007,2.46243995812902e-05,18.958161255354998,0.005429671646051667,24.372177240612046,0.08550653357635413
2005 SZ268,303865,MBO,MBO,21163628842530906,745337021211344928,8.927019,2.9098918,1.966544,226.6199182106996,-39.65197130202591,2025060100588,104,60828.11976059266,z,226.61989802592393,-39.6519649063797,189.13946533203125,93897.4,492.223,False,88410.4,3.10468,96072.3,482.03,False,2762.65,62.5078,18.96836610080144,0.005691577531011127,19.033741630497822,3.812745566541988e-05,18.943504565397042,0.005447537307608474,22.796685369244944,0.024565900524942244
2005 SZ268,303865,MBO,MBO,21163628842530906,745337021618716733,8.927312,2.9098926,1.9665496,226.61960382650992,-39.65191026989405,2025060100591,113,60828.1211088643,z,226.61958530332907,-39.651906145608145,179.4874267578125,92676.7,506.836,False,90185.2,2.23335,95265.7,495.534,False,2989.52,38.0642,18.98257356042719,0.005937740283468433,19.01216178054407,2.6887215537646357e-05,18.952658557019678,0.005647564476290664,22.71099633487631,0.013824186239363543
2005 SZ268,303865,MBO,MBO,21163628842530906,745337021719904329,8.927414,2.9098928,1.9665515,226.61949514552023,-39.65188915878338,2025060100592,50,60828.12157495939,z,226.6194760914608,-39.65188506324145,179.70872497558594,95219.0,525.22,False,92250.8,2.25817,96435.2,508.386,False,2568.07,20.8651,18.953190959610247,0.005988829305646844,18.98757468414392,2.6577296766257415e-05,18.93941100102873,0.005723771542562577,22.87598282739708,0.008821408613181408
2005 SZ268,303865,MBO,MBO,21163628842530906,745337022156112430,8.927732,2.9098938,1.9665575,226.6191525467148,-39.65182256695631,2025060100595,114,60828.12304322132,z,226.61913194353684,-39.65181566151539,179.73849487304688,96211.8,532.516,False,90109.5,4.73456,96140.3,521.642,False,545.685,24.8677,18.94192918571604,0.006009365899501362,19.01307355029694,5.704707294476105e-05,18.942736352830284,0.005891032740801211,24.55764496512561,0.04947866070369278
2005 SZ268,303865,MBO,MBO,21163628842530906,745337022257299742,8.927835,2.909894,1.9665594,226.6190424684734,-39.65180115701804,2025060100596,51,60828.1235159265,z,226.61901986051373,-39.65179663245254,195.527587890625,96355.3,491.954,False,91516.0,0.782159,96198.2,478.546,False,259.586,24.1524,18.940311015433792,0.005543361881147706,18.996257425920117,9.279451817272996e-06,18.942082600055812,0.00540108536433974,25.364296840184835,0.1010190620548195
2005 SZ268,303865,MBO,MBO,21163628842530906,745337022440276352,8.927935,2.9098942,1.9665613,226.6189354225946,-39.65178033044378,2025060100597,144,60828.123974499824,z,226.61891279917012,-39.65177402525565,193.57566833496094,94523.1,487.573,False,88424.7,0.417589,93868.3,473.823,False,52.373,24.9752,18.961155091028616,0.005600489697134264,19.033565974001874,5.1274303395865045e-06,18.968702654507076,0.005480516859825391,27.1022313481739,0.5177568403818575
2005 SZ268,303865,MBO,MBO,21163628842530906,745337022656807105,8.928141,2.909895,1.9665653,226.61871526912157,-39.651737478005856,2025060100599,45,60828.124918138405,z,226.61869314133878,-39.65173107165854,181.9783477783203,98238.1,530.603,False,91073.9,2.19211,97913.9,521.332,False,-102.041,28.8824,18.919300097004033,0.005864271682559543,19.00151518239761,2.6133209400017374e-05,18.92288914418213,0.005780885081615333,nan,nan
2005 SZ268,303865,MBO,MBO,21163628842530906,745337022849745036,8.928242,2.9098952,1.9665672,226.61860635949404,-39.65171626902769,2025060100600,157,60828.12538555921,z,226.61858767697836,-39.651710393564144,179.55593872070312,96480.5,534.445,False,94162.9,1.96781,96287.4,524.526,False,-84.3633,21.4506,18.938901136282034,0.006014337549081192,18.96530045474357,2.2689643524881348e-05,18.94107636804447,0.005914552463133702,nan,nan
2005 SZ268,303865,MBO,MBO,21163628842530906,745337022909514081,8.928348,2.9098954,1.9665692,226.6184923200747,-39.65169405401865,2025060100601,15,60828.12587480736,z,226.61847067674705,-39.65168553545996,178.8712615966797,95331.7,530.547,False,90122.8,3.83213,94832.8,520.146,False,-97.9727,21.7759,18.9519066203193,0.006042418882306562,19.012913347060625,4.616681215041799e-05,18.957603601840134,0.005955126900489456,nan,nan
2005 SZ268,303865,MBO,MBO,21163628842530906,745337023178473487,8.92858,2.9098961,1.9665735,226.61824325520425,-39.651645510747215,2025060100603,16,60828.12694267015,z,226.61822499324774,-39.65163904716846,185.3655548095703,96336.1,513.65,False,96892.2,1.03766,96002.5,501.815,False,-105.737,31.1241,18.94052733070246,0.005788986880680791,18.934277922595623,1.1627612922749986e-05,18.944293643388896,0.005675255501069492,nan,nan
2005 SZ268,303865,MBO,MBO,21163628842530906,745337023358828927,8.92868,2.9098964,1.9665754,226.61813528182327,-39.6516244557678,2025060100604,104,60828.12740580195,z,226.61811762220532,-39.651618172932274,179.9847869873047,96069.4,529.066,False,93343.8,3.60032,95667.3,517.029,False,-145.182,20.5179,18.943537321832608,0.005979282658713122,18.974786344058813,4.187742531380668e-05,18.948091242653195,0.00586780554624542,nan,nan
2005 SZ268,303865,MBO,MBO,21163628842530906,745337023849037926,8.940422,2.9099298,1.9667995,226.60552949127575,-39.649120006357045,2025060100608,15,60828.18152528588,g,226.60550226613415,-39.64911182264675,117.05503845214844,44802.0,379.211,False,48767.8,1.63587,45670.6,386.062,False,-200.465,3.54271,19.77175649572025,0.00918983773831751,19.67966707196546,3.6419999158380956e-05,19.750908169824534,0.009177928230947069,nan,nan
2005 SZ268,303865,MBO,MBO,21163628842530906,745337024135299391,8.940613,2.9099302,1.9668032,226.6053246899345,-39.64907853838924,2025060100610,49,60828.18240609738,g,226.60530747525732,-39.64907282371796,132.57107543945312,46077.9,346.474,False,49280.8,4.56148,46564.3,350.201,False,-167.675,4.61893,19.74126834207248,0.008163987019879564,19.66830560945219,0.00010049682541620704,19.729867285279827,0.008165609406128574,nan,nan
2005 SZ268,303865,MBO,MBO,21163628842530906,745337024289964201,8.940709,2.9099305,1.966805,226.60522194735069,-39.64905772560692,2025060100611,88,60828.18284814872,g,226.6051960486242,-39.64904978694202,157.7936248779297,45851.5,288.288,False,43042.4,0.480434,46278.1,289.282,False,-116.019,4.95915,19.746616130297493,0.0068264879644209745,19.815258841544818,1.2118855065395159e-05,19.736561162861726,0.006786880710944762,nan,nan
2005 SZ268,303865,MBO,MBO,21163628842530906,745337024535331025,8.940901,2.909931,1.9668088,226.60501601069663,-39.64901598932524,2025060100613,44,60828.1837349714,g,226.60499828023993,-39.64901058687062,150.9649200439453,45774.8,300.938,False,43544.6,0.831742,46651.6,302.585,False,-123.927,5.59866,19.748433842841038,0.007137972502064231,19.802664197332035,2.073856133023375e-05,19.727833605526992,0.007042147948534485,nan,nan
2005 SZ268,303865,MBO,MBO,21163628842530906,745337024981499936,8.941202,2.909932,1.9668145,226.60469226724493,-39.64895032567562,2025060100616,127,60828.185127137534,g,226.60467081630557,-39.6489427653297,148.653564453125,44321.5,296.767,False,44012.9,1.03825,45283.8,302.137,False,-79.7859,6.45237,19.783463874833814,0.007269850398157769,19.79105007586805,2.561216419447696e-05,19.760142822203505,0.007244115265958011,nan,nan
2005 SZ268,303865,MBO,MBO,21163628842530906,745337025087406300,8.941297,2.9099321,1.9668164,226.6045907147819,-39.64892971507828,2025060100617,73,60828.185564230705,g,226.60456587516126,-39.648925234864905,135.5680694580078,43772.0,319.353,False,41784.0,0.294023,44398.0,322.537,False,-66.1539,11.4725,19.797009023624852,0.007921344940879621,19.847474967927656,7.640039821449858e-06,19.78159148285124,0.007887519358761934,nan,nan
2005 SZ268,303865,MBO,MBO,21163628842530906,745337025609597103,8.941677,2.9099333,1.9668237,226.6041829245408,-39.64884688890741,2025060100621,45,60828.18731983473,g,226.60415404465041,-39.64884059168687,140.66183471679688,44380.4,314.734,False,43249.3,0.224308,45306.5,319.361,False,57.5644,9.02692,19.782022007714346,0.007699753049585235,19.810052273636614,5.631057870254879e-06,19.75959871618068,0.007653246043515151,26.999615049487822,0.1702589491973654
2005 SZ268,303865,MBO,MBO,21163628842530906,745337025993375998,8.941964,2.909934,1.9668293,226.6038744019447,-39.64878415785451,2025060100624,9,60828.18864795215,g,226.6038487335407,-39.64877831903969,124.42303466796875,44154.3,353.385,False,42940.0,0.256913,44854.3,357.22,False,393.747,11.627,19.787567470612608,0.00868959291694353,19.817844899749424,6.496035221689479e-06,19.770489772518722,0.008646811601869586,24.911956829731437,0.032060826870799704
2005 SZ268,303865,MBO,MBO,21163628842530906,745337026534441097,8.942354,2.9099352,1.9668368,226.603456062047,-39.64869900554629,2025060100628,17,60828.19044815879,g,226.60343867463428,-39.64869379165389,120.67655181884766,42926.5,353.409,False,41074.2,0.232145,44616.1,359.832,False,799.261,4.53881,19.81818630038611,0.008938742797021731,19.866077237003594,6.1364124504792295e-06,19.776270949757308,0.008756538943198802,24.143278463433965,0.006165633234877597
2005 SZ268,303865,MBO,MBO,21163628842530906,745337026706407573,8.942453,2.9099355,1.9668387,226.6033494578145,-39.64867728943828,2025060100629,89,60828.19090764866,g,226.60332763459022,-39.648671550619284,132.3414306640625,43406.1,327.099,False,41865.2,0.24733,44505.0,329.998,False,504.437,5.32659,19.806123044382858,0.00818187335410721,19.845367094568218,6.414280479838295e-06,19.77897798656869,0.008050573210281516,24.642982639329905,0.011464804411617659
2005 SZ268,303865,MBO,MBO,21163628842530906,745337026825420994,8.942548,2.9099357,1.9668406,226.60324750365277,-39.64865651411843,2025060100630,60,60828.19134663328,g,226.60322754155732,-39.64864885914312,167.62530517578125,43133.8,255.588,False,42191.0,0.359747,43835.1,255.78,False,293.903,8.60897,19.81295567960632,0.006433496174514941,19.83695045240598,9.257669512590195e-06,19.795444957205373,0.006335324779200408,25.229489896246484,0.03180324663232853
2005 SZ268,303865,MBO,MBO,21163628842530906,745337026937094343,8.942643,2.909936,1.9668424,226.60314601904537,-39.64863582819973,2025060100631,17,60828.191783166316,g,226.60313086199895,-39.64862944745051,128.93898010253906,41886.1,324.308,False,41259.4,0.957,42916.5,328.483,False,236.031,7.4432,19.844825146404233,0.008406438867948094,19.86119277083802,2.518334260654299e-05,19.818439258975552,0.008310227712023834,25.467577357096495,0.03423851798949561
2005 SZ268,303865,MBO,MBO,21163628842530906,745337027207626803,8.942844,2.9099367,1.9668463,226.60293006142845,-39.6485917880378,2025060100633,21,60828.19271319906,g,226.6029123650654,-39.64858662267949,113.96952056884766,42702.9,373.511,False,42092.4,0.206372,43596.3,378.588,False,100.278,3.98354,19.823856616143992,0.009496648133262066,19.839490818292408,5.323183106148572e-06,19.80137589944595,0.009428476836445605,26.396985842414814,0.04313083297919323
2005 SZ268,303865,MBO,MBO,21163628842530906,745337027371204825,8.9429455,2.909937,1.9668483,226.6028206981209,-39.64856947478884,2025060100634,77,60828.19318470171,g,226.6027980509827,-39.64856236006099,128.58108520507812,42322.4,328.498,False,40183.9,0.370944,42990.9,332.815,False,-1.92259,7.60831,19.833574321320643,0.008427267111129013,19.889869831253822,1.0022604554467353e-05,19.81655869690907,0.0084052511292042,nan,nan
2005 SZ268,303865,MBO,MBO,21163628842530906,745337027607134439,8.943437,2.9099383,1.9668578,226.6022934685085,-39.64846180265711,2025060100636,15,60828.19545539722,g,226.60227372250324,-39.648456710309624,166.11680603027344,42118.9,253.122,False,42136.5,1.02776,42637.2,253.337,False,-73.0567,7.26683,19.83880748929871,0.006524950160658282,19.838353852990558,2.6482414844941613e-05,19.825528328187275,0.00645110757839167,nan,nan
2005 SZ268,303865,MBO,MBO,21163628842530906,745337027760226383,8.943531,2.9099386,1.9668597,226.6021924959776,-39.64844116248074,2025060100637,51,60828.19589091322,g,226.6021721956917,-39.64843548137806,182.66404724121094,42021.8,228.068,False,40964.8,1.88223,42443.8,229.433,False,-56.8978,15.8883,19.841313351231484,0.005892695522825863,19.868972882117298,4.988686054468605e-05,19.830464331459343,0.005869024654324039,nan,nan
2005 SZ268,303865,MBO,MBO,21163628842530906,745337028048060791,8.94372,2.909939,1.9668633,226.60198963800568,-39.64839967674161,2025060100639,88,60828.1967647803,g,226.6019669218908,-39.64839219311546,177.53167724609375,41991.8,235.159,False,39981.8,0.225312,42256.9,234.736,False,-22.5512,11.3704,19.84208875156956,0.006080249756226439,19.895344122859193,6.118518552740122e-06,19.835255955911045,0.006031236909632987,nan,nan
2005 SZ268,303865,MBO,MBO,21163628842530906,745337028293427568,8.94391,2.9099395,1.966867,226.60178610500628,-39.64835802775429,2025060100641,44,60828.19764152914,g,226.60176579754247,-39.64835088082945,162.96543884277344,41361.0,252.349,False,40122.5,0.674042,41863.9,252.89,False,18.5503,13.3916,19.858522424227267,0.006624221959677472,19.891530035690714,1.8239934905168733e-05,19.845400829681513,0.006558677963747689,28.22912262117925,0.7838010229698724
2005 SZ268,303865,MBO,MBO,21163628842530906,745337028739596545,8.944204,2.9099405,1.9668727,226.6014700564657,-39.64829330465484,2025060100644,127,60828.19900322414,g,226.60144484040123,-39.64828653919813,169.59051513671875,40697.7,239.284,False,38014.6,0.297101,41347.8,240.101,False,-6.90588,12.3069,19.876075355612933,0.006383636011262244,19.950123892669126,8.485510544664136e-06,19.858868962193185,0.006304720960243439,nan,nan
2005 SZ268,303865,MBO,MBO,21163628842530906,745337028811423811,8.945094,2.9099429,1.96689,226.60051550453147,-39.64809745372167,2025060100645,8,60828.20311885074,u,226.60051120740167,-39.648099498755705,18.401424407958984,9187.6,493.952,False,9223.66,1.11189,9567.22,493.929,False,240.144,38.0532,21.49199484845851,0.058372326625903206,21.48774176726049,0.000130882877629002,21.448035629131855,0.05605354508079178,25.448820662046273,0.17204567750233923
2005 SZ268,303865,MBO,MBO,21163628842530906,745337028968185877,8.9452095,2.9099433,1.9668922,226.600390973798,-39.64807186206473,2025060100646,51,60828.203655764686,u,226.60035898291918,-39.64804864728094,23.419017791748047,8479.9,360.261,False,7907.2,1.7818,9003.77,356.551,False,587.185,14.0741,21.579023122912453,0.046126531916666734,21.654943163876712,0.000244658634691131,21.513939075323666,0.04299536129091178,24.478062622685478,0.02602375654053434
2005 SZ268,303865,MBO,MBO,21163628842530906,745337029501386844,8.945667,2.9099445,1.9669012,226.59989966051128,-39.647970802604966,2025060100650,44,60828.20577404596,u,226.5998884411461,-39.647943957998905,21.525066375732422,7856.25,364.809,False,7507.75,2.69228,8426.84,364.367,False,374.481,21.7754,21.661961762424916,0.05041671647208123,21.71122549337265,0.00038934513377194256,21.585838149953208,0.04694600298875023,24.966425566488272,0.06313361990271371
2005 SZ268,303865,MBO,MBO,21163628842530906,745337029947555923,8.946018,2.9099455,1.966908,226.59952321097165,-39.64789327017023,2025060100653,127,60828.20739892534,u,226.59949501138584,-39.64787493055805,27.591388702392578,8703.64,311.952,False,8062.3,1.24025,8860.4,307.482,False,303.719,21.2116,21.550747745267884,0.03891447598031962,21.633852640519272,0.00016702235729926641,21.53136663108652,0.03767824467989976,25.193820117730557,0.07582733322378013
2005 SZ268,303865,MBO,MBO,21163628842530906,745337030055034959,8.946133,2.909946,1.9669102,226.5994006042636,-39.647867999803765,2025060100654,76,60828.207927113006,u,226.59937156744445,-39.64786366999108,25.128286361694336,8017.81,317.645,False,7524.82,0.258032,8351.94,317.013,False,281.696,54.9629,21.639860590930162,0.043014072709603494,21.70875973610751,3.723074897865131e-05,21.595531529853055,0.04121108081490615,25.275548244041296,0.21184257320583258
2005 SZ268,303865,MBO,MBO,21163628842530906,745337030575652926,8.946591,2.9099472,1.9669192,226.5989088750212,-39.64776655783485,2025060100658,45,60828.21004909068,u,226.59888563938458,-39.64775487876286,27.699426651000977,8825.69,318.898,False,8369.96,0.764163,9019.0,313.465,False,171.687,13.719,21.535628274885884,0.03923082484213701,21.59319154879985,9.91258570008168e-05,21.512104032685514,0.03773592365544099,25.81315649243469,0.08675796741221055
2005 SZ268,303865,MBO,MBO,21163628842530906,745337031499972710,8.947398,2.9099495,1.9669349,226.59804279005053,-39.647587529383024,2025060100665,16,60828.21378864703,u,226.598042898857,-39.64758211670009,23.086103439331055,8054.46,346.443,False,8092.54,1.26841,7968.4,342.438,False,-44.5634,16.6396,21.634908932602073,0.04670030050273094,21.62978785795654,0.0001701763126854065,21.64657219630556,0.04665896871618306,nan,nan
2005 SZ268,303865,MBO,MBO,21163628842530906,745337031672463472,8.947516,2.9099498,1.9669372,226.5979163552837,-39.64756135584012,2025060100666,89,60828.21433446473,u,226.59788219196423,-39.647558152907926,29.000822067260742,8574.17,296.094,False,8010.04,0.211137,8590.12,293.981,False,-66.6742,15.3885,21.567019784859877,0.03749400494498443,21.640913282604497,2.8618968246497115e-05,21.565001908272013,0.03715731530385357,nan,nan
2005 SZ268,303865,MBO,MBO,21163628842530906,745337031902625949,8.947744,2.9099505,1.9669417,226.5976716186524,-39.64751066472089,2025060100668,16,60828.21539188754,u,226.59765196960055,-39.64750125343279,24.389968872070312,8795.95,356.426,False,8864.9,6.52824,8800.75,353.533,False,-119.48,17.7278,21.539293095948135,0.04399577059415736,21.530815349831926,0.0007995517637379651,21.538700789231946,0.04361486990070689,nan,nan
2005 SZ268,303865,MBO,MBO,21163628842530906,745337032074068051,8.947862,2.9099507,1.966944,226.59754567602323,-39.647484564628094,2025060100669,87,60828.21593522885,u,226.5975115600026,-39.647477739265966,28.62828254699707,8224.84,283.649,False,7985.31,0.480267,8200.79,283.167,False,-124.635,60.1085,21.61218137498078,0.03744364392256906,21.644270540353496,6.530031436434769e-05,21.615360767492618,0.037489638674565756,nan,nan
2005 SZ268,303865,MBO,MBO,21163628842530906,745337032170012673,8.947981,2.9099512,1.9669464,226.5974176600129,-39.64745802496345,2025060100670,14,60828.21648816911,u,226.59739356620048,-39.647458445236154,23.565340042114258,7740.88,328.668,False,7180.61,0.746136,7637.34,324.314,False,-149.132,26.1561,21.67802417887039,0.04609899023786099,21.759596671772417,0.00011281867345838849,21.692644709698317,0.046104985986934986,nan,nan
2005 SZ268,303865,MBO,MBO,21163628842530906,745337032338833580,8.948101,2.9099514,1.9669486,226.5972891912888,-39.64743138142488,2025060100671,80,60828.21704358527,u,226.59727119098181,-39.64741729635465,28.76593780517578,8714.35,297.987,False,8389.17,0.267752,8566.33,295.144,False,-153.989,34.7582,21.549412551677545,0.03712672642477564,21.590702522297633,3.465277662093281e-05,21.568012988417838,0.03740791412580745,nan,nan
2005 SZ268,303865,MBO,MBO,21163628842530906,745337032435302529,8.948586,2.9099529,1.9669582,226.5967689428039,-39.64732338285161,2025060100672,8,60828.21929123738,u,226.59674553561362,-39.64733190516352,20.22136116027832,7355.95,365.244,False,7074.97,2.52323,7682.83,362.551,False,102.91,10.8382,21.73340304971805,0.05390991114034968,21.775688460377104,0.0003872189087838366,21.686196930093914,0.05123564327233081,26.36885601586154,0.11434676220163552
2005 SZ268,303865,MBO,MBO,21163628842530906,745337032726282251,8.948815,2.9099536,1.9669627,226.5965227649054,-39.6472722213777,2025060100674,51,60828.22035526454,u,226.59650455012002,-39.64726163937146,26.303707122802734,7804.45,295.054,False,7305.06,0.364775,7909.4,291.183,False,46.0769,19.851,21.66914421630607,0.04104719570276036,21.740940522900992,5.4215765933252154e-05,21.654641164513468,0.03997116650095363,27.241291857206512,0.4677603960525287
2005 SZ268,303865,MBO,MBO,21163628842530906,745337032900345889,8.948932,2.9099538,1.966965,226.5963985341932,-39.64724638938672,2025060100675,127,60828.2208923231,u,226.59637811832522,-39.64723281364034,25.786224365234375,8267.03,317.376,False,7810.33,0.873783,8406.87,315.342,False,-3.49502,30.3768,21.606626180013436,0.04168203212169093,21.66832652923789,0.00012146705970436143,21.588414155521708,0.04072600538682873,nan,nan
2005 SZ268,303865,MBO,MBO,21163628842530906,745337033145712649,8.94916,2.9099545,1.9669694,226.5961535723436,-39.64719542564897,2025060100677,83,60828.221951134125,u,226.59611831073863,-39.647205065919174,26.281923294067383,8055.12,303.84,False,7510.73,2.1142,8265.01,300.483,False,-82.6813,16.3221,21.63481994759584,0.040954086305147325,21.710794627834847,0.00030562456847069006,21.60689157236547,0.03947306574599946,nan,nan
2005 SZ268,303865,MBO,MBO,21163628842530906,745337033571958888,8.949507,2.9099555,1.9669762,226.5957814638515,-39.647117939719216,2025060100680,128,60828.22356095805,u,226.5957720575491,-39.64711930973692,24.410032272338867,8316.53,340.02,False,7705.53,0.543318,8301.07,338.656,False,-61.0381,24.8614,21.600144568106803,0.04439014832816977,21.682993741208733,7.65554103475958e-05,21.602164768805444,0.044294418993972906,nan,nan
2005 SZ268,303865,MBO,MBO,21163628842530906,745337033680486420,8.94962,2.909956,1.9669784,226.59565937511476,-39.64709249831268,2025060100681,79,60828.22408890087,u,226.59563558697815,-39.64707378355534,23.600093841552734,8845.73,368.514,False,8006.84,0.850502,8881.26,368.433,False,-75.558,25.8103,21.533165744520353,0.045231877841064146,21.641347145876836,0.00011532899958205098,21.528813567970406,0.04504102715079444,nan,nan
2005 SZ268,303865,MBO,MBO,21163628842530906,745337034195861582,8.950077,2.9099572,1.9669874,226.5951701961948,-39.64699047044386,2025060100685,38,60828.22620493625,u,226.5951442021454,-39.64700326148817,22.162353515625,7118.62,319.55,False,7282.86,1.82164,7118.83,316.623,False,-11.0889,32.6838,21.769010456065715,0.04873795556798442,21.744245116638833,0.00027157195841591306,21.768978433169995,0.04829010317879126,nan,nan
2005 SZ268,303865,MBO,MBO,21163628842530906,745337034314350622,8.950192,2.9099574,1.9669896,226.59504607809168,-39.64696456014443,2025060100686,8,60828.22674156445,u,226.59498984681704,-39.646958330778496,20.864330291748047,7477.42,355.424,False,7915.06,5.14879,7716.19,354.51,False,-4.7264,56.66,21.71562057318194,0.05160827144458598,21.65386446352747,0.0007062773428012913,21.68149272580479,0.04988269540725555,nan,nan
2005 SZ268,303865,MBO,MBO,21163628842530906,745337034580688911,8.950423,2.9099581,1.9669942,226.5947990290069,-39.64691295964253,2025060100688,4,60828.22781006191,u,226.59476958565412,-39.646926647936645,22.609590530395508,7173.36,315.184,False,6499.0,0.644403,7209.31,314.546,False,3.99267,13.7187,21.76069345382001,0.047705214313078274,21.86788365758232,0.00010765527722933405,21.755265739755863,0.04737124171636772,29.896841442387565,3.730558622512531
2005 SZ268,303865,MBO,MBO,21163628842530906,745337034755276898,8.950538,2.9099584,1.9669964,226.59467609791537,-39.64688726960164,2025060100689,81,60828.22834285549,u,226.59463893886848,-39.646873093166256,27.13541030883789,8489.19,310.75,False,8069.25,0.550463,8522.21,307.184,False,-4.93603,23.7263,21.577834310516046,0.03974378103814178,21.632917072735744,7.406606946925226e-05,21.573619425821985,0.03913548029364808,nan,nan
2005 SZ268,303865,MBO,MBO,21163628842530906,745337035123851394,8.950882,2.9099596,1.9670032,226.5943073683699,-39.64681015806601,2025060100692,16,60828.22993857999,u,226.59428258214913,-39.64681028323919,20.315465927124023,7182.55,347.199,False,6348.05,0.102544,7175.97,344.859,False,-4.04951,20.2593,21.759303384684983,0.0524836639317585,21.893399186434394,1.7538573141794858e-05,21.760298431444134,0.05217774045449265,nan,nan
2005 SZ268,303865,MBO,MBO,21163628842530906,745337035316789251,8.950999,2.9099598,1.9670055,226.59418147693853,-39.64678381190389,2025060100693,128,60828.23048306469,u,226.5941664050083,-39.6468058306775,23.910686492919922,7801.9,324.078,False,7244.12,1.60395,7814.28,321.953,False,2.61547,15.3596,21.66949906486659,0.045099684096276405,21.7500358927892,0.00024039725779378705,21.667777608010304,0.04473298130115164,30.356125670643653,6.37609084161774
2005 SZ268,303865,MBO,MBO,21163628842530906,745337035526504615,8.951228,2.9099605,1.96701,226.59393573238316,-39.64673235572968,2025060100695,16,60828.231547046715,u,226.59394608874348,-39.646747015598784,18.075918197631836,7045.73,388.051,False,7039.18,8.01537,7182.22,386.29,False,26.0364,16.5475,21.780185011686072,0.05979806430192602,21.781194795989563,0.0012363055905380118,21.75935320763734,0.058395459240687335,27.861047669033272,0.6900424260043531
2005 SZ268,303865,MBO,MBO,21163628842530906,745337035718393872,8.951345,2.9099607,1.9670123,226.59381010524515,-39.64670603675173,2025060100696,126,60828.23209182689,u,226.5937756064523,-39.64670806781199,25.54235076904297,7447.38,287.782,False,6660.81,0.35052,7519.4,287.681,False,-5.58104,53.8253,21.71999123174668,0.0419550708360721,21.841182376554734,5.713603408183038e-05,21.709542043966373,0.041538644162095295,nan,nan
2005 SZ268,303865,MBO,MBO,21163628842530906,745337035983159312,8.951582,2.9099615,1.967017,226.59355657619776,-39.64665289329604,2025060100698,119,60828.233189765626,u,226.59353749791646,-39.64664075794266,25.950210571289062,7510.41,287.26,False,7326.08,1.64333,7511.33,283.825,False,-76.2421,21.1328,21.710840861972915,0.04152750466260035,21.73782084641396,0.00024354400094462193,21.710707882375225,0.0410259019859257,nan,nan
2005 SZ268,303865,MBO,MBO,21163628842530906,745345749089255559,9.369654,2.9111426,1.9753684,226.17510741710583,-39.55510130463246,2025060300080,42,60830.14838116326,i,226.17488855047745,-39.554961078755134,231.11424255371094,43953.7,421.129,False,92246.6,4.5463,173211.0,419.815,False,129035.0,14.6542,19.79251142020797,0.010402651151439051,18.987624061562904,5.3509639952528184e-05,18.303561327453647,0.0026315207893913045,18.623231184616557,0.00012330449147681375
2005 SZ268,303865,MBO,MBO,21163628842530906,745345750970400907,9.372692,2.9111507,1.9754297,226.17216346084672,-39.5544290081511,2025060300094,46,60830.16163155559,y,226.1721397479096,-39.55441778799187,75.26936340332031,93063.2,1218.3,False,93283.6,6.79791,93232.0,1191.48,False,-584.115,281.016,18.978055009112182,0.01421348531808653,18.975486736744468,7.912148664752023e-05,18.976087498134813,0.013875417796887666,nan,nan
2005 SZ268,303865,MBO,MBO,21163628842530906,745345751108288734,9.372804,2.9111512,1.9754319,226.1720550917983,-39.55440415172219,2025060300095,53,60830.162119257664,y,226.17204684078393,-39.55439941032135,74.36024475097656,95139.3,1256.03,False,96736.2,6.44521,94115.4,1220.78,False,-453.385,123.815,18.95410015637154,0.01433390115193692,18.936027406443262,7.233897544566613e-05,18.965848287092555,0.014083190400915175,nan,nan
2005 SZ268,303865,MBO,MBO,21163628842530906,745345755179909183,9.400746,2.911227,1.9760101,226.1450480343535,-39.54796301378156,2025060300125,139,60830.28480582977,y,226.14502820557715,-39.54796107180182,48.079750061035156,79295.2,1627.25,False,80171.1,8.46388,83807.3,1617.12,False,3440.39,196.968,19.151882710121935,0.022280846376136528,19.13995537273197,0.00011462410169420753,19.091795417189648,0.02095003408540636,22.558480842263005,0.062160190552335765
2005 SZ268,303865,MBO,MBO,21163628842530906,745345755527512137,9.401071,2.911228,1.9760169,226.1447361861082,-39.54788583359567,2025060300128,34,60830.28623995063,y,226.1447105418987,-39.547879494540936,52.337745666503906,79630.1,1510.23,False,72149.2,1.79121,83080.8,1492.81,False,1778.26,461.139,19.147306825904593,0.020591602109399663,19.25442115312152,2.695499774338877e-05,19.10124836638124,0.01950869501024317,23.275011844985595,0.28155349228664817
2005 SZ268,303865,MBO,MBO,21163628842530906,745345755956379850,9.401392,2.911229,1.9760237,226.1444272715861,-39.54780932051126,2025060300131,84,60830.287660705086,y,226.14440592870548,-39.54780644484657,58.73147201538086,78906.1,1326.39,False,70241.2,0.620735,80310.2,1300.4,False,660.64,454.593,19.157223532139035,0.01825092904118183,19.283520145585406,9.594859168575394e-06,19.138073189126082,0.017580473367464204,24.350087812099293,0.7471059178021997
2005 SZ268,303865,MBO,MBO,21163628842530906,745345757397647543,9.40256,2.911232,1.9760484,226.14330339009263,-39.54753046193995,2025060300142,17,60830.29283404234,y,226.1433014134046,-39.54753197641273,45.155364990234375,77170.3,1701.33,False,70681.8,43.9493,87736.9,1700.33,False,6937.5,113.963,19.181374572527687,0.023936612975847534,19.276731045940284,0.0006751009036874232,19.04204430570548,0.02104142984537415,21.796992509673167,0.01783549582985101
2005 SZ268,303865,MBO,MBO,21163628842530906,745345757594255525,9.402666,2.9112322,1.9760506,226.14320180316213,-39.54750521835796,2025060300143,136,60830.2933026808,y,226.14289178274578,-39.547420996172974,43.210960388183594,23392.3,1592.32,False,68098.9,17.9248,42046.3,1581.38,False,19030.0,76.7984,20.477317651178303,0.07390634343374633,19.31714978286064,0.00028578443583112545,19.840680518152702,0.04083501979673593,20.701403029282446,0.004381650252325647
2005 SZ268,303865,MBO,MBO,21163628842530906,745345757680238710,9.402772,2.9112325,1.9760529,226.1431000109509,-39.547479917528975,2025060300144,44,60830.29377120521,y,226.1431011724968,-39.54747863465598,49.06782150268555,72691.8,1476.47,False,68531.1,8.45935,85362.8,1458.69,False,11992.7,448.083,19.246286489115434,0.02205278960413038,19.310280718294308,0.00013402122474390958,19.071828409700537,0.018553193415398857,21.20270755770366,0.040566339222680284
2005 SZ268,303865,MBO,MBO,21163628842530906,745345757800300800,9.402877,2.911233,1.9760551,226.14299888156853,-39.547454775275554,2025060300145,17,60830.2942377335,y,226.1429889982976,-39.54745021912946,44.14297866821289,69243.6,1558.78,False,62704.5,10.9533,84886.9,1542.01,False,16006.1,390.836,19.29905087820328,0.024441592795169026,19.406753227068318,0.0001896577580312136,19.07789833550236,0.019722903375185244,20.88928621181593,0.02651144276797263
2005 SZ268,303865,MBO,MBO,21163628842530906,745345757971742760,9.402982,2.9112332,1.9760573,226.14289819797872,-39.54742973774959,2025060300146,88,60830.2947016519,y,226.14287786228059,-39.54742500262323,43.640865325927734,65757.9,1469.23,False,64540.3,20.6349,83687.4,1462.89,False,17405.2,367.621,19.355130187255078,0.024258624755582256,19.375422537393316,0.0003471328271790818,19.093349831751613,0.01897911372724955,20.79830250361389,0.022932195529543863
2005 SZ268,303865,MBO,MBO,21163628842530906,745345758067687777,9.403088,2.9112334,1.9760596,226.142796441212,-39.54740442717232,2025060300147,15,60830.29517009402,y,226.14276565876094,-39.54739035359552,42.0791015625,66409.4,1563.0,False,61225.9,7.70131,85273.1,1553.44,False,17560.8,432.084,19.344426134384726,0.025553697638656708,19.43266208314447,0.0001365695151195602,19.072969851308542,0.019779109184458576,20.788639209834955,0.026714570953223334
2005 SZ268,303865,MBO,MBO,21163628842530906,745345758240178367,9.403193,2.9112337,1.9760618,226.1426944794853,-39.54737905939355,2025060300148,88,60830.29564001442,y,226.14266695242333,-39.547371339494134,42.840232849121094,63586.9,1457.05,False,60646.3,20.2428,79179.9,1446.69,False,15108.6,387.491,19.391580894937153,0.02487889846856152,19.442989211201535,0.00036240199815639845,19.15346264911114,0.019837404157369818,20.951939469547167,0.027845929846541252
2005 SZ268,303865,MBO,MBO,21163628842530906,745345758529060896,9.403405,2.9112344,1.9760664,226.1424910256566,-39.54732842210478,2025060300150,127,60830.29657865929,y,226.14246018153182,-39.547320627139186,45.294498443603516,73096.5,1612.08,False,67815.7,33.5026,84420.7,1597.48,False,10280.5,399.988,19.2402585434835,0.02394497100755123,19.32167432761497,0.0005363800102346959,19.0838775875129,0.020545219205330225,21.369964406454894,0.04224322360057849
2005 SZ268,303865,MBO,MBO,21163628842530906,745345758622908512,9.403511,2.9112346,1.9760686,226.1423890998828,-39.54730304468201,2025060300151,50,60830.29704852345,y,226.14266284443914,-39.54736023184666,49.35715866088867,24867.7,1536.49,False,76506.1,17.8673,40278.8,1522.3,False,15870.8,410.907,20.410910985440328,0.06708392264082486,19.190759818349463,0.0002535637567661794,19.887308670385345,0.04103439639362745,20.89850296635013,0.028110531682569224
2005 SZ268,303865,MBO,MBO,21163628842530906,745345758751883363,9.403652,2.911235,1.9760716,226.14225292841644,-39.54726913113583,2025060300152,40,60830.29767658921,y,226.14257213981253,-39.54734210125035,47.30145263671875,19612.1,1569.24,False,74958.5,8.76611,34210.4,1563.82,False,14050.7,107.226,20.668689774122974,0.08687395563386345,19.212947781829534,0.00012697270433837402,20.064604669243572,0.04963098972702365,21.030755082033657,0.00828564743535838
2005 SZ268,303865,MBO,MBO,21163628842530906,745350147476553743,9.577322,2.9117124,1.9796928,225.98162780984356,-39.50835587494425,2025060400082,180,60831.0681333331,i,225.98161053819172,-39.5083509506558,204.89797973632812,77715.6,375.621,False,80786.1,1.36005,76779.8,370.668,False,-180.559,9.20271,19.17372946740111,0.00524766344406567,19.131658372008502,1.8278583277890437e-05,19.186882602915098,0.005241582852912039,nan,nan
2005 SZ268,303865,MBO,MBO,21163628842530906,745350147570401541,9.577435,2.9117126,1.9796951,225.98152377388976,-39.508331723588896,2025060400083,103,60831.068613880816,i,225.98150488677283,-39.508324107531514,206.5455322265625,79888.7,382.085,False,80407.8,0.483592,79396.0,379.299,False,-179.66,13.4391,19.14378657228273,0.005192768092234303,19.136754592817553,6.529881019359443e-06,19.15050344234809,0.00518689441435186,nan,nan
2005 SZ268,303865,MBO,MBO,21163628842530906,745350147837264591,9.582675,2.9117265,1.9798015,225.9766828091172,-39.507201380776486,2025060400085,100,60831.090937753965,y,225.97667720439176,-39.50719405223996,28.349273681640625,87452.6,3068.31,False,85213.0,13.9612,82689.0,3000.19,False,483.974,180.249,19.04556816622277,0.038093495888260435,19.07373536174574,0.00017788576909353018,19.10638065045483,0.03939356916320111,24.68794492431855,0.404366469850116
2005 SZ268,303865,MBO,MBO,21163628842530906,745350147970433253,9.58277,2.9117267,1.9798034,225.9765940851163,-39.50718054039059,2025060400086,98,60831.09134612368,y,225.9765714664697,-39.507175969747045,72.00501251220703,85726.6,1182.71,False,79977.2,0.264476,85987.7,1172.06,False,-132.028,275.508,19.067210981389678,0.014979143007106378,19.142584469017677,3.590412750640083e-06,19.06390912906555,0.01479918631988891,nan,nan
2005 SZ268,303865,MBO,MBO,21163628842530906,745350148239392841,9.583756,2.9117293,1.9798236,225.9756827284774,-39.50696620412032,2025060400088,99,60831.09554722253,y,225.97565765892668,-39.50696006578712,67.83323669433594,85705.1,1256.44,False,83511.6,2.31769,85643.7,1233.37,False,-503.548,88.724,19.067483315247408,0.015916932698506168,19.09563296863886,3.0132338309955444e-05,19.068261406573857,0.015635877580008457,nan,nan
2005 SZ268,303865,MBO,MBO,21163628842530906,745350148373086409,9.583866,2.9117298,1.9798257,225.97558184879452,-39.50694244867414,2025060400089,98,60831.09601224091,y,225.97556359687619,-39.50693607095851,68.85200500488281,85923.0,1234.44,False,81169.9,1.5078,85797.1,1214.25,False,-533.828,256.584,19.06472641998943,0.015598572407670467,19.126512493590948,2.0168474552965318e-05,19.066318458603014,0.015365964148184958,nan,nan
2005 SZ268,303865,MBO,MBO,21163628842530906,745350148483186878,9.583992,2.91173,1.9798284,225.97546491426752,-39.50691490500714,2025060400090,52,60831.096551857474,y,225.97543820232244,-39.50690646725058,73.33309173583984,87023.5,1175.2,False,85907.1,2.5542,86952.0,1153.67,False,-430.599,126.177,19.05090863448256,0.014662213480465513,19.064927333672017,3.228123510281948e-05,19.05180106063464,0.014405434435738428,nan,nan
2005 SZ268,303865,MBO,MBO,21163628842530906,745350148776263906,9.584242,2.9117308,1.9798335,225.975234514283,-39.50686061093172,2025060400092,99,60831.09761341344,y,225.97521706924707,-39.50685582448523,69.31253814697266,90603.3,1303.74,False,85701.7,3.17057,90889.4,1275.96,False,-21.5464,115.188,19.007139997293365,0.015623247252706233,19.067526368458047,4.016725923801481e-05,19.003716927495287,0.01524221690568511,nan,nan
2005 SZ268,303865,MBO,MBO,21163628842530906,745350149150081195,9.584575,2.9117315,1.9798403,225.97492687667656,-39.50678806614204,2025060400095,44,60831.099031430014,y,225.97490362607098,-39.50678206559806,69.33529663085938,91702.9,1317.89,False,86838.6,2.9834,92809.5,1301.12,False,588.822,81.4934,18.994042343607955,0.015603442499347447,19.053217947457323,3.7301216861478815e-05,18.981018917577515,0.015221212111189597,24.47503989022978,0.15026668878433583
2005 SZ268,303865,MBO,MBO,21163628842530906,745350149285871753,9.584688,2.911732,1.9798425,225.97482187120872,-39.50676329152009,2025060400096,47,60831.09951508687,y,225.97480026701203,-39.506752311673466,66.38123321533203,88148.8,1305.16,False,82855.5,1.63167,89805.8,1285.14,False,597.173,80.5967,19.036959027303148,0.01607576679828898,19.10419664386992,2.1381359007303734e-05,19.016739072875993,0.015537115538647698,24.45974963861892,0.1465350272605409
2005 SZ268,303865,MBO,MBO,21163628842530906,745350149692194912,9.585028,2.9117327,1.9798495,225.97450815455863,-39.50668923467794,2025060400099,54,60831.100961289485,y,225.97448535062603,-39.506680218384766,70.49694061279297,91675.1,1289.8,False,87549.0,1.76357,92063.5,1263.21,False,123.843,82.6272,18.994371500582048,0.0152754955930622,19.044372025349457,2.1870857982233704e-05,18.989781296128665,0.014897465214780517,26.167821319888677,0.7243957098008282
2005 SZ268,303865,MBO,MBO,21163628842530906,745350149853151462,9.585148,2.9117332,1.979852,225.9743966391635,-39.50666289568783,2025060400100,105,60831.101475605945,y,225.97437180657016,-39.50665611543779,73.46926879882812,90697.1,1218.54,False,86604.6,4.57931,91369.6,1206.22,False,-157.22,287.078,19.006016479029082,0.014587158956186091,19.05614757999966,5.740945059883235e-05,18.997995672304818,0.014333396126268928,nan,nan
2005 SZ268,303865,MBO,MBO,21163628842530906,745350150027214986,9.585274,2.9117334,1.9798545,225.97428100148792,-39.50663557507769,2025060400101,181,60831.1020087988,y,225.97426238755958,-39.50662746421003,73.16891479492188,93999.5,1273.87,False,86615.4,2.24857,96658.2,1266.15,False,-361.846,343.982,18.96718614120869,0.014713767348270916,19.0560122312166,2.8186140852165978e-05,18.936903206630095,0.014222330621891923,nan,nan
2005 SZ268,303865,MBO,MBO,21163628842530906,745350150284116155,9.585497,2.911734,1.9798591,225.97407424160335,-39.50658670561421,2025060400103,159,60831.10296161567,y,225.97405284345626,-39.50658409424193,66.76068878173828,91588.8,1359.05,False,86001.4,2.65376,91275.9,1341.9,False,-431.592,111.931,18.99539411476395,0.01611081150137664,19.063736216985507,3.350274897507834e-05,18.999109708886472,0.015962038880064193,nan,nan
2005 SZ268,303865,MBO,MBO,21163628842530906,745350150358040677,9.585617,2.9117343,1.9798615,225.97396359343048,-39.506560542265056,2025060400104,44,60831.103471610695,y,225.97394453545266,-39.506548940326205,67.46117401123047,93555.3,1372.67,False,87919.8,3.13439,92673.5,1353.25,False,-602.2,73.5098,18.972329046907497,0.015930231784627193,19.03978330988295,3.870710521921549e-05,18.982611086674506,0.01585428972779639,nan,nan
2005 SZ268,303865,MBO,MBO,21163628842530906,745350150814695448,9.5859785,2.9117353,1.9798689,225.9736292624467,-39.5064814424054,2025060400107,147,60831.10501292886,y,225.97360876781838,-39.50646996697676,64.50672149658203,94942.1,1465.87,False,91345.6,0.746881,92953.5,1451.62,False,-913.758,65.6355,18.956352898289047,0.01676335470749658,18.998280899462912,8.877447160254394e-06,18.97933563247982,0.01695553566298794,nan,nan
2005 SZ268,303865,MBO,MBO,21163628842530906,745350151077363843,9.586203,2.911736,1.9798735,225.97342185167773,-39.50643233628825,2025060400109,136,60831.10596891403,y,225.97340150499411,-39.506421959381214,67.76692962646484,94207.3,1382.79,False,89513.8,3.09907,93313.8,1358.89,False,-724.353,68.6912,18.964788643500384,0.01593661275496675,19.020275052914513,3.7589429740539976e-05,18.97513534766235,0.015811124791808698,nan,nan
2005 SZ268,303865,MBO,MBO,21163628842530906,745350151218921610,9.586314,2.9117362,1.9798758,225.97331901439475,-39.50640797893109,2025060400110,150,60831.10644265353,y,225.97330320976084,-39.50639486595232,63.543575286865234,95416.4,1484.99,False,88809.9,1.00898,94662.8,1464.04,False,-692.533,57.4696,18.950942450585032,0.016897592264048633,19.028846566487893,1.2335180807547792e-05,18.959551670401236,0.016791826653132176,nan,nan
2005 SZ268,303865,MBO,MBO,21163628842530906,745350151736393882,9.586799,2.9117374,1.9798857,225.97287078535047,-39.50630173798692,2025060400114,113,60831.1085080136,y,225.97284282840403,-39.50629478374993,57.125553131103516,93374.6,1618.01,False,89085.3,7.38245,92717.3,1604.99,False,-20.4205,57.1475,18.974428095861757,0.0188138103709897,19.02548492096766,8.99743688200218e-05,18.982098096229144,0.018794721151342425,nan,nan
2005 SZ268,303865,MBO,MBO,21163628842530906,745350151863795784,9.586918,2.9117377,1.9798881,225.9727612239966,-39.50627575037851,2025060400115,100,60831.10901341283,y,225.97274188038207,-39.5062690068716,64.1285400390625,93110.5,1443.35,False,90087.0,4.17645,93566.7,1428.07,False,63.9641,56.707,18.977503352999616,0.01683051132396899,19.013344688357158,5.033492877803567e-05,18.97219668215508,0.01657114327883969,26.885159268038905,0.9625531176091024
2005 SZ268,303865,MBO,MBO,21163628842530906,745350152000635026,9.587029,2.9117382,1.9798905,225.9726579545902,-39.50625124835816,2025060400116,105,60831.10948961336,y,225.97263737251643,-39.50624941110491,58.86043167114258,95382.4,1605.21,False,93974.6,10.2344,95209.6,1595.11,False,-34.4487,63.6272,18.95132940303921,0.018272077441732933,18.967473767376006,0.00011824320834803789,18.953298130736712,0.01819006311596128,nan,nan
2005 SZ268,303865,MBO,MBO,21163628842530906,745350152114930469,9.587475,2.9117393,1.9798995,225.972245749882,-39.50615338103952,2025060400117,67,60831.11138907884,i,225.97222661831296,-39.50614722041905,204.70626831054688,102331.0,498.019,False,101632.0,1.63841,104045.0,504.113,False,-177.565,4.83923,18.874981954588538,0.005284002623605036,18.882423819812587,1.750315870045235e-05,18.856946963656952,0.0052605482487979955,nan,nan
2005 SZ268,303865,MBO,MBO,21163628842530906,745350152355578212,9.587717,2.9117398,1.9799045,225.97202207823796,-39.50610023143639,2025060400119,14,60831.11242028263,i,225.97199963238995,-39.50609362321161,213.86964416503906,101775.0,474.129,False,97177.1,0.533056,103015.0,474.619,False,-121.343,4.83453,18.880897222371406,0.0050580105000257065,18.931090146239345,5.955705732856187e-06,18.867748832826294,0.005002291110785372,nan,nan
2005 SZ268,303865,MBO,MBO,21163628842530906,745350152509718808,9.587835,2.9117403,1.9799069,225.97191252150617,-39.50607418671805,2025060400120,52,60831.11292579128,i,225.97189209686582,-39.50606826630506,204.265380859375,99370.1,482.416,False,94644.5,0.162868,100847.0,487.738,False,-96.0002,4.63247,18.906860665758416,0.00527096674501989,18.959761546935432,1.86837773692872e-06,18.890842541665336,0.005251071545938631,nan,nan
2005 SZ268,303865,MBO,MBO,21163628842530906,745350152757706770,9.588075,2.9117408,1.9799118,225.97169145793853,-39.50602161064007,2025060400122,13,60831.11394455659,i,225.97167012973156,-39.506014787439746,218.5747528076172,102239.0,469.202,False,99023.4,0.24727,102010.0,465.613,False,-20.9126,4.89088,18.875958517501694,0.0049827325603604734,18.910655432404624,2.711177345978774e-06,18.878393131086785,0.004955719034045676,nan,nan
2005 SZ268,303865,MBO,MBO,21163628842530906,745350153045016926,9.588322,2.9117415,1.9799169,225.97146345595016,-39.50596735201047,2025060400124,49,60831.114995164666,i,225.9714445847843,-39.50596113681144,210.3943328857422,101202.0,478.848,False,96071.3,0.141252,102940.0,484.374,False,79.049,4.7246,18.887027261715325,0.005137275957279839,18.943515866697112,1.596339502154592e-06,18.86853959021462,0.005108824371055148,26.65525899975898,0.06489226762777489
2005 SZ268,303865,MBO,MBO,21163628842530906,745350153202827553,9.588433,2.9117417,1.9799192,225.9713595440551,-39.50594261271065,2025060400125,94,60831.115474420396,i,225.97133371823597,-39.505933920221295,212.52468872070312,102551.0,477.906,False,96758.8,0.744703,103616.0,481.373,False,123.136,4.81052,18.872650250906894,0.005059724946932494,18.93577385102852,8.356356521424883e-06,18.861432943156846,0.005044048011106785,26.17403738179338,0.04241615650401397
2005 SZ268,303865,MBO,MBO,21163628842530906,745416141262291300,13.200453,2.9213123,2.077582,223.5586916707396,-38.57114493777114,2025061900254,185,60846.186180225355,g,223.55867267164803,-38.57113798096177,120.55278015136719,32050.0,264.907,False,36719.8,2.3828,34253.8,269.27,False,1226.09,3.14981,20.135429915362906,0.008974075970130875,19.987749209188866,7.045496665705587e-05,20.063228081104626,0.008534999598847393,23.6786941544261,0.0027892429859960608
2005 SZ268,303865,MBO,MBO,21163628842530906,745416141390217298,13.200563,2.9213128,2.0775857,223.55863862171591,-38.57111201170961,2025061900255,173,60846.186645377835,g,223.55862012017283,-38.57110974785198,135.47225952148438,33188.5,243.587,False,36943.8,2.83801,34910.2,247.149,False,917.142,3.82334,20.097530939213804,0.007968761197555832,19.9811460658635,8.340588191378858e-05,20.042619182078205,0.0076865393360104044,23.993908510466362,0.004526167664990822
2005 SZ268,303865,MBO,MBO,21163628842530906,745416141513424959,13.200675,2.921313,2.0775895,223.5585853535077,-38.571078939835154,2025061900256,152,60846.18711265712,g,223.5585618742385,-38.57107167671244,157.9524688720703,32658.8,206.182,False,31192.5,0.498758,33503.7,204.863,False,627.795,4.89531,20.114999416087144,0.006854485291449742,20.164874540608416,1.7360570817241425e-05,20.08726809721417,0.0066388843160291415,24.4054553983307,0.008466163897221018
2005 SZ268,303865,MBO,MBO,21163628842530906,745416141782909117,13.200898,2.9213135,2.0775971,223.55847827414763,-38.57101242933322,2025061900258,154,60846.188051312194,g,223.5584489127472,-38.57100985657819,141.5831298828125,32698.9,230.601,False,33059.5,0.439312,34319.0,233.82,False,922.648,3.04734,20.113667129229512,0.007656889048541156,20.101759297728353,1.4427833316644093e-05,20.06116343818953,0.007397268199793563,23.987409876254524,0.0035859907987491287
2005 SZ268,303865,MBO,MBO,21163628842530906,745416142050820188,13.201122,2.9213142,2.0776048,223.5583711174932,-38.57094583109479,2025061900260,153,60846.188991285606,g,223.5583416812987,-38.57094214384735,153.39004516601562,33132.0,215.996,False,31820.3,0.355563,33977.3,216.445,False,549.666,3.81891,20.09938086828278,0.00707819267380743,20.143239298758495,1.2132117821144093e-05,20.072027813106104,0.006916446432988172,24.549752783667106,0.007543360159367089
2005 SZ268,303865,MBO,MBO,21163628842530906,745416142142046597,13.201233,2.9213145,2.0776086,223.55831789495096,-38.57091273830217,2025061900261,71,60846.189458533816,g,223.55829227946288,-38.57090829296593,144.61276245117188,32106.7,221.289,False,29509.6,0.165693,33104.1,222.634,False,442.104,4.58381,20.133510851216688,0.007483219591282221,20.22509170758005,6.096283626746065e-06,20.100295485681045,0.007301868521323561,24.78618887974212,0.01125709848524761
2005 SZ268,303865,MBO,MBO,21163628842530906,745416142420967583,13.20146,2.9213152,2.0776165,223.5582095406607,-38.57084533521303,2025061900263,91,60846.19040916792,g,223.55818626352706,-38.57083681023859,154.9315643310547,31941.9,206.292,False,29626.3,0.0771926,32789.2,208.102,False,302.381,4.73185,20.139098122449862,0.0070120656096719835,20.220806430748517,2.828932238960565e-06,20.110672973965862,0.006890802047625371,25.19861370966856,0.01699028979037544
2005 SZ268,303865,MBO,MBO,21163628842530906,745416142578253961,13.2015705,2.9213154,2.0776203,223.55815634593588,-38.57081222985644,2025061900264,135,60846.190876307934,g,223.55813300875656,-38.57080635998962,159.75216674804688,32235.8,201.496,False,29540.5,0.0345521,33018.8,201.746,False,212.872,6.83442,20.129153842129284,0.006786600593053784,20.22395539532564,1.26993338149108e-06,20.103096760113665,0.006633885349196866,25.57970367922775,0.03485840158730787
2005 SZ268,303865,MBO,MBO,21163628842530906,745416142723481695,13.201681,2.9213157,2.077624,223.5581035020499,-38.57077933308856,2025061900265,156,60846.19134019294,g,223.558080098278,-38.570773067661236,153.29031372070312,31927.1,207.305,False,29660.9,0.287303,32607.9,208.084,False,225.554,4.73475,20.139601331967768,0.0070497645802164565,20.219539174001998,1.0516716130499053e-05,20.1166929108448,0.006928515155125933,25.516873662563775,0.02279139032049408
2005 SZ268,303865,MBO,MBO,21163628842530906,745416142859272402,13.201792,2.9213161,2.077628,223.55805032579968,-38.570746219593005,2025061900266,159,60846.191807329466,g,223.55802824398663,-38.57074171929852,153.6171112060547,31893.7,207.157,False,30305.1,0.3159,32589.5,208.576,False,194.209,5.39591,20.140737764520516,0.00705210928679812,20.1962107104391,1.1317701287172022e-05,20.117305756470362,0.006948818454328075,25.679326621951436,0.030166133513687104
2005 SZ268,303865,MBO,MBO,21163628842530906,745416143126659094,13.202017,2.9213166,2.0776355,223.5579429766543,-38.570679341919686,2025061900268,157,60846.192750367045,g,223.5579207839143,-38.57067307998891,146.93658447265625,31218.4,212.673,False,29907.9,0.0456509,32088.6,216.465,False,165.906,4.00301,20.163973384135513,0.007396496216702287,20.210535186142195,1.6572488747827409e-06,20.13412308924875,0.007324217524226866,25.850344730171553,0.026196837427075344
2005 SZ268,303865,MBO,MBO,21163628842530906,745416143258255651,13.202127,2.921317,2.0776393,223.5578898284872,-38.57064621613174,2025061900269,152,60846.19321768653,g,223.5578682491348,-38.57064142725462,151.7953338623047,31816.0,209.686,False,30274.0,0.331609,32461.9,210.825,False,137.625,3.97243,20.14338605505519,0.007155635116522728,20.197325483522107,1.189271020470104e-05,20.121565148042556,0.00705135341123883,26.05325667005048,0.0313388633013209
2005 SZ268,303865,MBO,MBO,21163628842530906,745424936786461179,13.625893,2.9225125,2.0927055,223.3733777382468,-38.44518897825952,2025062100250,124,60848.02981565961,r,223.37335659773922,-38.445182896828854,245.87933349609375,64758.9,261.706,False,59304.8,0.00499048,65640.8,264.343,False,-131.002,43.479,19.37175136824107,0.004387716270139818,19.46727537163091,9.136435237644414e-08,19.357065388200525,0.00437238371849893,nan,nan
2005 SZ268,303865,MBO,MBO,21163628842530906,745424937280340191,13.626305,2.9225137,2.0927203,223.37319837222915,-38.44507029151093,2025062100254,42,60848.03156985359,r,223.37317655580614,-38.44506531865846,229.02801513671875,64339.9,279.88,False,62155.6,0.200052,65013.5,280.793,False,-66.4127,41.4914,19.378799072451617,0.004722976903427002,19.416299314858342,3.494515157393117e-06,19.367491132748917,0.004689289537518092,nan,nan
2005 SZ268,303865,MBO,MBO,21163628842530906,745424937599107315,13.626519,2.9225142,2.092728,223.37310469623063,-38.445008279202185,2025062100256,138,60848.032485754215,r,223.3730813179351,-38.44500420188425,185.8029327392578,65200.1,348.847,False,66803.3,1.24189,65636.8,347.848,False,-32.9238,19.3126,19.36437931941257,0.005809129009158138,19.338005259256942,2.018410689350178e-05,19.35713155249705,0.005753954741645357,nan,nan
2005 SZ268,303865,MBO,MBO,21163628842530906,745424937731752296,13.626622,2.9225144,2.0927315,223.37306010701815,-38.44497875519063,2025062100257,135,60848.03292131689,r,223.37303925283277,-38.44497199202446,203.0486602783203,64996.6,319.825,False,61708.6,0.146209,65539.8,317.968,False,-13.803,10.7407,19.36777337613278,0.005342519248586822,19.424135738589342,2.572484263380528e-06,19.358737272359818,0.005267476738814658,nan,nan
2005 SZ268,303865,MBO,MBO,21163628842530906,745424938527621395,13.627272,2.9225163,2.0927544,223.3727775242006,-38.44479154833599,2025062100263,117,60848.035684131566,r,223.37275869009972,-38.44478627734086,201.0303192138672,66135.9,329.617,False,65959.6,0.404276,66517.8,325.712,False,-40.2879,13.1632,19.348906855775134,0.005411238432230031,19.35180494107889,6.654635474410433e-06,19.34265535852589,0.005316431593268145,nan,nan
2005 SZ268,303865,MBO,MBO,21163628842530906,745424939187700047,13.627819,2.9225178,2.092774,223.37253900595792,-38.44463339748371,2025062100268,96,60848.0380160037,r,223.37251484992134,-38.44462607760986,214.24050903320312,63912.3,298.464,False,63676.2,0.563548,64201.1,293.601,False,-43.6307,18.4791,19.386038869967784,0.005070278412646602,19.390057167964994,9.608998419126477e-06,19.381143800606253,0.004965230222051091,nan,nan
2005 SZ268,303865,MBO,MBO,21163628842530906,745424939298324729,13.627937,2.9225183,2.0927782,223.3724876596825,-38.44459933543437,2025062100269,51,60848.03851838704,r,223.37246869388065,-38.4445944306506,208.96746826171875,64220.0,307.361,False,60846.0,0.262102,64706.8,305.37,False,-58.229,18.1892,19.380824246923787,0.00519640232658707,19.439419917250653,4.676949006998223e-06,19.37262517983701,0.005123901283056739,nan,nan
2005 SZ268,303865,MBO,MBO,21163628842530906,745424939446698051,13.628045,2.9225185,2.092782,223.37244081354507,-38.44456825349061,2025062100270,78,60848.03897609806,r,223.3724234487064,-38.44456249130621,120.9584732055664,64241.4,528.696,False,61461.2,1.15158,64715.1,532.311,False,-66.4611,52.594,19.38046253424097,0.0089354276989237,19.42849742532257,2.0343112217132432e-05,19.3724859072938,0.008930671247346682,nan,nan
2005 SZ268,303865,MBO,MBO,21163628842530906,745424939579342889,13.628147,2.9225187,2.0927856,223.372396319644,-38.44453872762334,2025062100271,75,60848.03941194208,r,223.3723743102011,-38.44453150299676,164.59576416015625,64122.8,387.434,False,58570.7,0.0577693,64411.1,385.838,False,-85.3343,23.4741,19.38246879154032,0.006560086354485041,19.480798978301614,1.0708804880188509e-06,19.37759818362612,0.006503821381609794,nan,nan
2005 SZ268,303865,MBO,MBO,21163628842530906,745424939980423492,13.628466,2.9225197,2.0927968,223.37225772206205,-38.4444467261653,2025062100274,72,60848.04076636207,r,223.37223711266745,-38.44444225334956,223.3587188720703,62861.6,281.409,False,56810.1,0.0104629,63130.0,283.129,False,-62.0237,55.917,19.40403639599512,0.004860454209554137,19.51393608577561,1.999635397631972e-07,19.399410526681613,0.004869371194856861,nan,nan
2005 SZ268,303865,MBO,MBO,21163628842530906,745424940385173533,13.628804,2.9225206,2.092809,223.372110121451,-38.44434869969596,2025062100277,76,60848.042209381165,r,223.37209144840892,-38.44434153459661,233.8203125,63451.1,267.055,False,57321.3,0.0655892,64092.7,270.798,False,-8.65012,58.1763,19.393902084499924,0.00456968070008852,19.504209907004373,1.2423403661748713e-06,19.382978595063708,0.004587343033858506,nan,nan
2005 SZ268,303865,MBO,MBO,21163628842530906,745424940820332823,13.629425,2.9225223,2.0928311,223.3718398764623,-38.44416908833452,2025062100280,138,60848.04485197742,g,223.37181673388386,-38.44416330167525,186.58404541015625,33708.4,180.859,False,32984.7,0.748672,33919.6,179.61,False,67.0032,21.7758,20.08065470326294,0.0058254075047802145,20.10421867953732,2.4643556691006858e-05,20.073873144592547,0.005749155986987823,26.834761191638442,0.35286040624407594
2005 SZ268,303865,MBO,MBO,21163628842530906,745424940924142040,13.629528,2.9225225,2.0928347,223.37179527895063,-38.44413943101245,2025062100281,80,60848.04528746153,g,223.37177506172983,-38.444133017135634,185.24444580078125,33484.6,177.939,False,30208.8,0.197822,34039.6,179.569,False,44.394,24.9205,20.087887161054766,0.005769661291668021,20.19966628714973,7.109931771217485e-06,20.07003883006295,0.005727580696246137,27.2816892811067,0.6094762414180368
2005 SZ268,303865,MBO,MBO,21163628842530906,745424941054689295,13.629635,2.9225228,2.0928385,223.371748635768,-38.44410840819159,2025062100282,73,60848.045743727074,g,223.37172675737645,-38.444100820647165,182.67222595214844,33506.7,182.703,False,30928.8,0.0652547,33853.4,183.139,False,30.7085,23.058,20.08717088219404,0.005920226988153702,20.174092297000012,2.290725536276209e-06,20.075994318291315,0.00587358020753927,27.681853495150524,0.8152435350775991
2005 SZ268,303865,MBO,MBO,21163628842530906,745424941371883788,13.629856,2.9225235,2.0928464,223.37165258814383,-38.44404450940096,2025062100284,166,60848.04668239037,g,223.37163276050157,-38.444039073032314,178.97488403320312,33267.4,184.181,False,33957.4,0.542893,33349.6,180.776,False,23.1811,8.57346,20.094952900774643,0.006011049527638156,20.07266397389096,1.7358178317099566e-05,20.09227337590091,0.005885379135454097,27.987164859271967,0.4015562322628918
2005 SZ268,303865,MBO,MBO,21163628842530906,745424941458915613,13.6299715,2.9225237,2.0928504,223.37160226318167,-38.44401102011215,2025062100285,76,60848.04717470215,g,223.37158253099062,-38.44400526995179,178.82882690429688,33745.9,188.264,False,33718.9,0.437351,34028.8,188.371,False,6.50801,21.8858,20.079447512208876,0.006057182014235008,20.08031655444872,1.4082541965593255e-05,20.070383389327965,0.0060102387482557544,29.366379485946563,3.6512244317041347
2005 SZ268,303865,MBO,MBO,21163628842530906,745424942510637181,13.630862,2.9225264,2.0928822,223.3712146091423,-38.44375284131253,2025062100293,34,60848.05096470863,g,223.3711931720402,-38.44374668820996,46.38920974731445,32729.8,702.768,False,32210.9,4.45173,32935.1,707.464,False,67.4952,13.8903,20.112641595335788,0.02331271956333341,20.129992837965155,0.00015005492337476293,20.10585248244889,0.023322207318601566,26.826817760706522,0.223441091165049
2005 SZ268,303865,MBO,MBO,21163628842530906,745424942674214946,13.63097,2.9225266,2.092886,223.37116745842243,-38.44372141304063,2025062100294,90,60848.05142554871,g,223.37114714087116,-38.44371368342536,37.371707916259766,32407.7,856.777,False,32783.1,1.33073,32693.7,862.807,False,67.1931,11.4372,20.12337950141282,0.0287040982958519,20.110874902099997,4.407214781337014e-05,20.113839842981758,0.02865325207688715,26.83168830532617,0.18480739366441123
2005 SZ268,303865,MBO,MBO,21163628842530906,745424942965719118,13.631192,2.922527,2.0928938,223.37107070393824,-38.443656903671005,2025062100296,134,60848.05237188708,g,223.37104480923836,-38.44365147165881,51.20978546142578,32382.5,622.784,False,33689.0,4.54665,32837.2,628.45,False,32.8134,19.9343,20.124224064505324,0.020881004642417184,20.08127970028002,0.00014653039397039574,20.10908473056496,0.020779206124992906,27.60987190945429,0.6595899989894892
2005 SZ268,303865,MBO,MBO,21163628842530906,745433744140141081,14.089245,2.9238555,2.1102848,223.19490531756057,-38.30441364393488,2025062300334,98,60850.08189362559,r,223.19488815187879,-38.30440976620023,230.695068359375,62346.1,269.824,False,58168.0,0.111857,62535.2,262.003,False,47.4932,11.3537,19.412976743307468,0.004698893498344805,19.488289670910476,2.087869471404139e-06,19.409688655703363,0.0045488962430170745,27.20842145547069,0.2595555410389278
2005 SZ268,303865,MBO,MBO,21163628842530906,745433744446325145,14.089455,2.923856,2.110293,223.19482529496509,-38.30435011912165,2025062300336,170,60850.08281278591,r,223.19480298747553,-38.30434599563423,211.48724365234375,62755.9,295.479,False,60330.1,0.170339,63002.8,287.884,False,16.1598,9.64282,19.40586362129185,0.005112065324128671,19.448664858928606,3.0655214904753557e-06,19.401600359032518,0.004961145863524948,28.37891007481655,0.6478767963579423
2005 SZ268,303865,MBO,MBO,21163628842530906,745433745384276155,14.090193,2.9238582,2.1103213,223.19454422593972,-38.30412675502324,2025062300343,167,60850.08604196491,r,223.1945225387942,-38.30412055873507,215.21530151367188,61362.9,285.209,False,57973.8,0.456088,60778.0,275.489,False,-156.399,10.6149,19.43023533737702,0.005046400370211857,19.491920565520637,8.541638715005383e-06,19.440633987986963,0.004921326732644411,nan,nan
2005 SZ268,303865,MBO,MBO,21163628842530906,745433745775394964,14.090822,2.92386,2.1103454,223.19430463066868,-38.30393604852937,2025062300346,145,60850.08879551603,g,223.19428511270166,-38.303933189592236,177.10169982910156,32482.1,183.667,False,31389.9,0.295528,32723.7,179.755,False,2.28611,7.86938,20.120889765441795,0.00613919426398354,20.158025156104348,1.0221932510118505e-05,20.112844019570733,0.005964072566585549,30.5022572275287,3.7373840518943187
2005 SZ268,303865,MBO,MBO,21163628842530906,745433745925341391,14.090929,2.9238603,2.1103497,223.19426392730404,-38.30390362261889,2025062300347,175,60850.08926385996,g,223.19424431913615,-38.30389405914206,164.3785858154297,32225.4,196.203,False,30458.6,0.188846,32653.0,193.1,False,-4.52823,7.15006,20.129504194916322,0.006610459487882736,20.190725170088733,6.731660337048945e-06,20.11519227918876,0.0064207168641657025,nan,nan
2005 SZ268,303865,MBO,MBO,21163628842530906,745433746054840482,14.091035,2.9238605,2.1103537,223.19422348842147,-38.30387139929933,2025062300348,166,60850.089728972605,g,223.19420302956956,-38.30386654094229,160.90182495117188,32276.3,200.39,False,31053.9,0.0900646,32426.5,197.987,False,-13.0807,5.89191,20.127790615044614,0.006740880216830556,20.169709610961448,3.1489248009589745e-06,20.12274981246165,0.006629196905040727,nan,nan
2005 SZ268,303865,MBO,MBO,21163628842530906,745433746319606119,14.091254,2.9238613,2.110362,223.19414018699825,-38.30380499582398,2025062300350,159,60850.09068660913,g,223.19412264888268,-38.303799580637715,165.2591552734375,32376.0,195.443,False,29453.9,0.200442,32381.0,192.391,False,-23.5303,7.31449,20.124442021541224,0.006554223302585812,20.227142965607868,7.3887374777659765e-06,20.12427435839949,0.006450878020877602,nan,nan
2005 SZ268,303865,MBO,MBO,21163628842530906,745433746459590740,14.091365,2.9238615,2.1103663,223.19409819439463,-38.30377150844358,2025062300351,170,60850.09116919188,g,223.1940786948363,-38.303764891394806,158.40940856933594,31927.4,202.557,False,30534.9,0.300266,31893.1,197.936,False,-29.7519,8.10394,20.139591103429673,0.006888236222132087,20.188008730997083,1.0676624470162211e-05,20.14075817681959,0.006738331773754823,nan,nan
2005 SZ268,303865,MBO,MBO,21163628842530906,745464542550557165,15.585445,2.9285862,2.1770856,222.8196942612896,-37.82177224386153,2025063000424,108,60857.220596073355,g,222.81967264293266,-37.821764944976934,123.52047729492188,29696.0,240.009,False,31030.7,0.492314,29856.6,234.1,False,-4.33648,6.37642,20.21825511365308,0.008775136842793282,20.170521095729928,1.7225623629383724e-05,20.212399139800826,0.008513054248846076,nan,nan
2005 SZ268,303865,MBO,MBO,21163628842530906,745464544180568075,15.586487,2.9285896,2.1771388,222.8195418853173,-37.82140781481877,2025063000436,145,60857.22585671338,g,222.81951380526738,-37.821403192064174,133.7378387451172,30744.0,230.888,False,31081.9,0.672935,30579.4,225.28,False,-47.8005,6.92612,20.180599071359268,0.008153898691593144,20.16873108922651,2.3506603313863906e-05,20.186427586517542,0.007998673870581759,nan,nan
2005 SZ268,303865,MBO,MBO,21163628842530906,745464544333136045,15.586575,2.92859,2.177143,222.8195291466988,-37.82137718057567,2025063000437,180,60857.226298626774,g,222.81951218970005,-37.82137448932114,122.4540786743164,30562.0,249.175,False,30926.8,0.142213,30837.1,247.24,False,-59.2857,6.50238,20.187045571531556,0.008852114460245104,20.174162508019077,4.99262131848194e-06,20.17731619092357,0.008705015342847532,nan,nan
2005 SZ268,303865,MBO,MBO,21163628842530906,745464545768112375,15.587809,2.928594,2.1772063,222.81935045961436,-37.8209446635756,2025063000448,101,60857.23253610583,r,222.81933072203006,-37.82093977096702,168.1656036376953,59492.5,353.278,False,58670.2,0.282836,59303.2,344.12,False,-255.419,8.97288,19.463844451809624,0.006447312373476085,19.478956092759965,5.234092923623621e-06,19.46730469299862,0.0063002256607058715,nan,nan
2005 SZ268,303865,MBO,MBO,21163628842530906,745464546287681693,15.588153,2.9285953,2.1772237,222.81930098427088,-37.82082396450113,2025063000452,68,60857.23427605582,r,222.81928028451125,-37.82081843331427,174.4846954345703,59215.1,339.945,False,56710.9,0.113817,59711.9,331.551,False,-189.351,10.0489,19.468918803763476,0.006233048535585237,19.5158336809669,2.179038594455207e-06,19.459847802374476,0.006028562619458985,nan,nan
2005 SZ268,303865,MBO,MBO,21163628842530906,745468901121851419,15.733357,2.9291008,2.1847434,222.80350931291952,-37.77166878019836,2025070100130,79,60857.98922565791,i,222.80349170307187,-37.77166284983753,150.28334045410156,63475.5,419.995,False,60522.8,0.11498,62346.2,403.934,False,-192.859,13.5183,19.393484673698193,0.007183933517907606,19.44520245642645,2.062659762196382e-06,19.41297504265834,0.007034362371572695,nan,nan
2005 SZ268,303865,MBO,MBO,21163628842530906,745468901254496347,15.733447,2.9291012,2.184748,222.80349690926232,-37.77163981965878,2025070100131,76,60857.98967619495,i,222.80347951490873,-37.77163483224376,162.1156005859375,63974.0,393.291,False,60543.7,0.103132,63697.9,384.62,False,-160.984,13.8549,19.384991234992178,0.006674746952451281,19.444827617962595,1.8494764929448827e-06,19.38968723988584,0.0065558811831503035,nan,nan
2005 SZ268,303865,MBO,MBO,21163628842530906,745468902733512736,15.73443,2.9291046,2.1847975,222.80336040659265,-37.77132102426907,2025070100142,81,60857.99463611857,i,222.80334157271733,-37.77131457682033,169.76025390625,65136.5,383.799,False,61407.8,0.238394,64709.9,375.682,False,-231.929,13.8602,19.365438953064803,0.006397403634571888,19.429441139693505,4.214985737943667e-06,19.37257320451139,0.00630338736649278,nan,nan
2005 SZ268,303865,MBO,MBO,21163628842530906,745468902844661793,15.73452,2.9291048,2.184802,222.8033478771268,-37.77129175288048,2025070100143,37,60857.995091203804,i,222.8033331441456,-37.77128839839232,158.5241241455078,66841.9,420.318,False,62183.1,0.266113,64584.2,400.825,False,-265.546,12.5742,19.337378059528078,0.006827371354753087,19.415819050139998,4.646415594316457e-06,19.37468430220538,0.006738338986781911,nan,nan
2005 SZ268,303865,MBO,MBO,21163628842530906,745468903914733658,15.735246,2.9291072,2.1848385,222.80324705122615,-37.77105612882483,2025070100151,30,60857.99875198631,i,222.80322760903542,-37.77105035606363,126.99501037597656,65216.9,510.25,False,62191.6,0.807573,65270.2,506.894,False,-252.643,12.2972,19.364099647660954,0.008494683306792844,19.41567064765102,1.409854778247203e-05,19.363212654353525,0.00843192127311995,nan,nan
2005 SZ268,303865,MBO,MBO,21163628842530906,745468904343601401,15.735778,2.929109,2.1848655,222.80317299066436,-37.77088295569517,2025070100154,80,60858.00143806799,g,222.8031553057757,-37.77087734881703,89.12171173095703,29284.8,327.529,False,29680.7,0.415208,29773.4,332.368,False,-141.013,6.04912,20.233394315115156,0.012143162149269287,20.21881468037708,1.518853608082646e-05,20.21542890544304,0.012120348318530559,nan,nan
2005 SZ268,303865,MBO,MBO,21163628842530906,745468904453701729,15.735868,2.9291093,2.18487,222.80316039178737,-37.77085348675133,2025070100155,34,60858.00189516181,g,222.80314385549448,-37.770850194194104,97.75471496582031,29864.3,304.19,False,28768.1,0.170333,29917.6,302.952,False,-117.997,6.67141,20.21211912255007,0.011059026668505001,20.25272206550546,6.428533874161992e-06,20.210183135827634,0.01099439642525943,nan,nan
2005 SZ268,303865,MBO,MBO,21163628842530906,745468906197483675,15.737046,2.9291134,2.1849294,222.8029965772144,-37.77047003046675,2025070100168,32,60858.00783545988,g,222.80297148506176,-37.77046534615007,86.51405334472656,29466.3,337.746,False,28172.2,0.0580448,30034.0,340.544,False,164.086,6.42391,20.226685955856176,0.012444828596578724,20.275448122925418,2.2370046060997427e-06,20.205967058926312,0.012310746387595146,25.8623211893287,0.04250619722859961
2005 SZ268,303865,MBO,MBO,21163628842530906,745473291784814816,15.920549,2.9297614,2.1946952,222.78733016979652,-37.70770532538339,2025070200075,76,60858.9733089755,i,222.78731290628536,-37.70769776999263,180.32972717285156,71145.5,394.213,False,64783.3,0.95592,76166.2,385.414,False,4825.62,27.8473,19.269631410311625,0.006016000172464553,19.371342319937686,1.6020747935196913e-05,19.19559423347159,0.005494010703465581,22.19111717410729,0.006265478968497746
2005 SZ268,303865,MBO,MBO,21163628842530906,745473291917459661,15.920637,2.9297616,2.1946998,222.7873211008701,-37.70767668971281,2025070200076,73,60858.97376168928,i,222.78730606956577,-37.70767117921259,117.120849609375,69613.9,585.033,False,62732.2,0.681728,75033.1,580.108,False,5624.15,16.2632,19.293260111744893,0.009124493026122843,19.40627371755768,1.1798992965149025e-05,19.211867753038952,0.008394218203370643,22.024857781095616,0.0031395937478305063
2005 SZ268,303865,MBO,MBO,21163628842530906,745473297135698153,15.924959,2.9297767,2.1949255,222.78687257357623,-37.70626206349159,2025070200115,42,60858.996054181785,i,222.7868553208418,-37.70625794042327,170.13160705566406,66912.4,390.941,False,61226.4,0.305983,66392.6,378.59,False,-116.869,16.9414,19.336233506996873,0.0063435001266415065,19.432653216539006,5.426039048010531e-06,19.344700783492595,0.006191184802366065,nan,nan
2005 SZ268,303865,MBO,MBO,21163628842530906,745473297251565873,15.925048,2.929777,2.1949303,222.78686334484533,-37.706232951327,2025070200116,7,60858.99651146801,i,222.78684336693237,-37.70622798232069,171.16004943847656,67237.6,390.224,False,62108.7,1.5061,67076.2,380.662,False,-74.5821,19.5763,19.330969466767808,0.0063012408809885855,19.417118915898953,2.6328475433091956e-05,19.333578821952674,0.00616162636131439,nan,nan
2005 SZ268,303865,MBO,MBO,21163628842530906,745473298766233674,15.9269495,2.9297836,2.1950297,222.7866652325564,-37.70560742564251,2025070200127,80,60859.006313071804,g,222.7866523666184,-37.7056049841477,93.00755310058594,28243.0,301.82,False,26671.6,0.146471,28582.7,302.342,False,-108.302,7.81678,20.272722934928197,0.011602765615276992,20.334877342600183,5.962479311261398e-06,20.25974190208379,0.011484697946293114,nan,nan
2005 SZ268,303865,MBO,MBO,21163628842530906,745473298874761422,15.928077,2.9297874,2.1950886,222.7865476836281,-37.705235516459695,2025070200128,31,60859.01212558239,g,222.78652483436943,-37.70523215776307,83.7265625,27779.7,328.863,False,27084.5,1.459,28381.5,332.328,False,-118.636,9.63057,20.290681152106547,0.01285321593479772,20.31819794350423,5.848692475117363e-05,20.26741163807834,0.012713230260406511,nan,nan
2005 SZ268,303865,MBO,MBO,21163628842530906,745477693879877948,16.108843,2.9304419,2.2050686,222.77788873427227,-37.64275562635713,2025070300105,118,60859.98488524995,i,222.77787320703928,-37.64274738069666,109.6482925415039,52745.2,476.697,False,46600.1,0.153708,53682.6,470.091,False,928.178,21.6026,19.594542657501613,0.009812593173558898,19.729032841966777,3.5812440452709007e-06,19.575416113950286,0.009507639478830748,23.980921849118584,0.025269641799136967
2005 SZ268,303865,MBO,MBO,21163628842530906,745477693993648495,16.108929,2.9304423,2.2050734,222.7778828716204,-37.642726954056606,2025070300106,79,60859.9853425843,i,222.77786179915077,-37.64272059483179,108.69717407226562,55129.6,499.568,False,50782.4,1.85691,57313.0,502.455,False,1216.0,25.6506,19.54653786570156,0.009838617395078953,19.63571697844832,3.970104736070464e-05,19.504367145434493,0.009518496155894274,23.68766606265821,0.02290278418114493
2005 SZ268,303865,MBO,MBO,21163628842530906,745477695450644627,16.109892,2.9304457,2.2051256,222.77781765281853,-37.64240811909466,2025070300117,42,60859.99041966231,i,222.7777954622988,-37.64240396486282,118.7056655883789,54667.4,451.211,False,49923.5,0.788334,55456.2,445.931,False,654.831,23.9081,19.555678983056076,0.008961394379408297,19.654237437650877,1.7144686937111585e-05,19.540124747050807,0.008730555611088962,24.35967693320813,0.039640594516395324
2005 SZ268,303865,MBO,MBO,21163628842530906,745477695566512245,16.109978,2.930446,2.20513,222.77781174929777,-37.64237926648337,2025070300118,7,60859.99087811407,i,222.77779721866017,-37.64237050621406,120.29977416992188,54368.6,446.723,False,47640.2,0.0901886,55000.5,440.34,False,468.687,19.578,19.561629593810796,0.00892101896888438,19.705066077701165,2.0554286089420424e-06,19.54908340598012,0.008692522366653212,24.722792703766327,0.04535338493361782
2005 SZ268,303865,MBO,MBO,21163628842530906,745477697108443166,16.111248,2.9304504,2.205199,222.77772551944204,-37.64195783624258,2025070300129,132,60859.99757415128,g,222.7777024201762,-37.64195211362434,79.00828552246094,25245.3,317.367,False,22887.0,0.366524,25660.0,319.491,False,28.6291,14.3724,20.394548626507294,0.013649148007881785,20.501027825962414,1.738752953832707e-05,20.376858369902724,0.013518431133226191,27.757980730882235,0.5450620138810589
2005 SZ268,303865,MBO,MBO,21163628842530906,745477697214349399,16.111336,2.930451,2.2052038,222.7777195507852,-37.641928659897,2025070300130,78,60859.99803708698,g,222.77770408304562,-37.641921211874575,70.26508331298828,24238.7,342.111,False,23829.0,1.09206,24611.6,345.19,False,9.9965,13.3327,20.438726726247584,0.015324349181305697,20.457235456827362,4.975823773929734e-05,20.42215039697537,0.015227993674511891,28.900380072531245,1.4480863133644253
2005 SZ268,303865,MBO,MBO,21163628842530906,745477698934538328,16.1125,2.930455,2.205267,222.7776404391165,-37.64154173867288,2025070300143,31,60860.004170322354,g,222.7776200175918,-37.6415403111816,65.69208526611328,25595.0,387.2,False,25565.8,1.33252,26216.4,396.68,False,-62.1765,9.06427,20.379612165284335,0.016424968616368957,20.380851498989273,5.658986505933673e-05,20.353567347004464,0.016428259537312386,nan,nan
2005 SZ268,303865,MBO,MBO,21163628842530906,745477699226042372,16.112679,2.9304557,2.2052767,222.7776282951676,-37.64148229902854,2025070300145,75,60860.005111814564,g,222.77760792690427,-37.641477431762496,65.3378677368164,25642.5,390.057,False,26399.3,0.855118,26823.1,399.057,False,-76.5865,9.47009,20.377599089529262,0.01651551191347827,20.346018939536236,3.5168830958760194e-05,20.328727594038586,0.016152892335110903,nan,nan
2005 SZ268,303865,MBO,MBO,21163628842530906,745477700277764268,16.11389,2.93046,2.2053423,222.77754592457288,-37.64107865231636,2025070300153,33,60860.011493409955,g,222.7775318987382,-37.64107035333113,58.07007598876953,25923.4,441.969,False,26560.9,1.37619,27131.4,455.399,False,-127.523,8.53989,20.365770080882278,0.018510755961341725,20.33939301715575,5.625484182564669e-05,20.316319473739668,0.018224019419491245,nan,nan
2005 SZ268,303865,MBO,MBO,21163628842530906,745477700415127754,16.11398,2.9304602,2.2053473,222.77753980746496,-37.641048636791645,2025070300154,39,60860.01196702088,g,222.7775320225879,-37.641035637816216,66.3006820678711,25611.4,384.694,False,24701.0,0.249644,26343.1,397.287,False,-141.248,9.22179,20.37891668587759,0.016308214211167682,20.41821366080926,1.097313975734982e-05,20.348332814888806,0.016374263932193985,nan,nan
2005 SZ268,303865,MBO,MBO,21163628842530906,745477707598921735,16.121422,2.9304867,2.2057526,222.77703749574093,-37.63854718544539,2025070300207,173,60860.05119479695,g,222.77701542501634,-37.638543367235556,80.4324951171875,30921.6,381.423,False,30796.1,1.16608,31524.7,389.929,False,-131.718,9.06317,20.174345119067688,0.01339273421055916,20.17876071080979,4.1110896754770604e-05,20.153372620987938,0.013429470460865282,nan,nan
2005 SZ268,303865,MBO,MBO,21163628842530906,745477708112724144,16.12208,2.930489,2.2057886,222.77699374424435,-37.63832418512671,2025070300211,129,60860.05466537073,r,222.77697094910312,-37.63831995300048,150.8653106689453,58600.4,383.275,False,57510.8,1.32314,59211.6,382.414,False,-201.453,23.5867,19.480248577761113,0.007101240748314906,19.500626463093287,2.4979325791724997e-05,19.468982979774758,0.00701215159935422,nan,nan
2005 SZ268,303865,MBO,MBO,21163628842530906,745477708948439429,16.122679,2.9304912,2.2058213,222.77695400931543,-37.63812067531071,2025070300217,187,60860.057829278754,r,222.7769418683648,-37.63811717801686,86.44327545166016,35279.0,452.154,False,60505.2,7.15883,36352.1,468.04,False,-21.2306,6.93742,20.031209334122437,0.01391535924810081,19.445518261922718,0.0001284617056906324,19.998676192368993,0.013979053774341907,nan,nan
2005 SZ268,303865,MBO,MBO,21163628842530906,745477709071646886,16.12276,2.9304914,2.2058258,222.77694853283415,-37.63809254982205,2025070300218,166,60860.058266807966,r,222.7769251638384,-37.63808856829725,114.25938415527344,58068.1,500.875,False,65057.3,0.831718,60303.8,513.726,False,258.554,8.5658,19.490155930629097,0.009365178246320046,19.36675989875156,1.388047711574585e-05,19.44913828655242,0.009249349537067738,25.36862190803591,0.03597004644824849
2005 SZ268,303865,MBO,MBO,21163628842530906,745504079185707442,17.134716,2.9345202,2.269513,222.8736875823928,-37.275842152480166,2025070900083,79,60865.99260556275,z,222.87367521992084,-37.275841780244804,78.39739227294922,63450.6,806.337,False,59339.3,2.9457,62866.0,794.363,False,-280.41,53.8007,19.393910640225954,0.013797650858145551,19.466643938637166,5.389772074248116e-05,19.40396042949643,0.013719158891025275,nan,nan
2005 SZ268,303865,MBO,MBO,21163628842530906,745504080012509276,17.13518,2.9345222,2.2695444,222.87377258970383,-37.2756781834319,2025070900089,120,60865.99545329548,z,222.873744801855,-37.275675925854586,69.3604736328125,64642.6,928.166,False,61987.5,1.49994,64180.6,917.636,False,-190.52,49.2899,19.373702933898095,0.01558946302951345,19.419239696752083,2.6272058139574347e-05,19.38149054148669,0.01552354744096874,nan,nan
2005 SZ268,303865,MBO,MBO,21163628842530906,745504082671698080,17.136812,2.9345288,2.2696552,222.8740713208155,-37.2751007979412,2025070900109,72,60866.005458644664,z,222.8740501623451,-37.275093881953836,83.95182800292969,63519.1,751.136,False,63192.7,1.05597,64086.0,738.201,False,582.67,61.2557,19.39273913339541,0.012839217101499798,19.398332734363713,1.814299474252693e-05,19.383092086375314,0.012506499701890106,24.486443386610333,0.11414270903596224
2005 SZ268,303865,MBO,MBO,21163628842530906,745530475428708372,17.999855,2.9386609,2.3383276,223.2193717889528,-36.947400560305525,2025071500142,165,60872.00398317556,r,223.21935170449657,-36.94740356616382,13.265605926513672,40048.0,2979.76,False,43249.1,50.4191,42774.9,3040.39,False,143.721,102.484,19.89354791933963,0.08078389243140671,19.810057274862157,0.0012657336722786082,19.822027532379817,0.07717286314019083,26.006199476734714,0.774212507945967
2005 SZ268,303865,MBO,MBO,21163628842530906,745530476994232429,18.000633,2.9386647,2.338395,223.2197751995428,-36.94710755037636,2025071500154,79,60872.00970995321,r,223.21975615440732,-36.9471024874203,64.47549438476562,36057.7,555.925,False,35733.5,0.315786,37366.8,561.224,False,314.226,53.6383,20.007504970828233,0.016739500840438584,20.017311109350967,9.594926261655348e-06,19.968785208448274,0.016307021258952514,25.15689466190615,0.18533489856415686
2005 SZ268,303865,MBO,MBO,21163628842530906,745534870879469953,18.124329,2.939336,2.3498204,223.2980333167234,-36.89835819361268,2025071600123,78,60872.976320514106,r,223.29801695274023,-36.898349498413346,118.89141082763672,36225.7,303.348,False,34710.8,1.2618,36975.9,296.453,False,450.893,50.2901,20.002458057850106,0.009091774750978771,20.048838417502076,3.9468464207520726e-05,19.980203161873433,0.008704852941817838,24.764816254449798,0.12109698258015202
2005 SZ268,303865,MBO,MBO,21163628842530906,745534871012114893,18.124388,2.9393363,2.3498259,223.29806867174025,-36.89833548928629,2025071600124,75,60872.97678056924,r,223.29804826820526,-36.89833179751895,122.83695220947266,35618.0,288.879,False,33108.6,1.00947,36192.3,281.412,False,445.453,103.243,20.02082617606105,0.008805839370786479,20.1001479063587,3.310372711775663e-05,20.003459518684345,0.008442104438630322,24.777995272529957,0.25164194234181925
2005 SZ268,303865,MBO,MBO,21163628842530906,745534872463868026,18.125065,2.9393399,2.349887,223.2984642768361,-36.89808115826386,2025071600135,28,60872.98192747536,r,223.29844910298993,-36.89807522713185,110.26466369628906,36152.6,325.591,False,34638.8,0.748201,38562.3,320.483,False,2034.48,19.3401,20.00465111289562,0.009778160494018154,20.051092879909035,2.3451993415101248e-05,19.934592655621685,0.009023320468839687,23.12886644825091,0.010321185881850055
2005 SZ268,303865,MBO,MBO,21163628842530906,745534873660818097,18.125635,2.939343,2.3499384,223.29879758503748,-36.897866488411054,2025071600144,7,60872.986263716324,r,223.29878227615762,-36.89786296278366,134.04042053222656,37695.1,277.161,False,34463.8,2.22533,38504.4,273.619,False,381.89,86.1685,19.959287705559426,0.007983099432991473,20.056592072058887,7.010606543485795e-05,19.936224143239976,0.0077154313189280324,24.94515424264865,0.24498221901444336
2005 SZ268,303865,MBO,MBO,21163628842530906,745534876245557496,18.12703,2.9393504,2.350064,223.2996130843557,-36.8973398509615,2025071600163,73,60872.99686846396,g,223.29980350062323,-36.897199934256975,103.48382568359375,9015.79,164.104,False,18558.0,3.37581,14312.6,156.262,False,5222.83,23.1837,21.512490526882004,0.019762401033610624,20.728672074032943,0.00019750183410941787,21.01070369451911,0.011853842649230019,22.10523525865714,0.0048194910964734885
2005 SZ268,303865,MBO,MBO,21163628842530906,745534877297279490,18.127522,2.939353,2.3501086,223.29990167411603,-36.89715303494972,2025071600171,31,60873.000619886574,g,223.29988712095255,-36.8971446229899,89.23326110839844,16387.2,181.933,False,14899.2,0.162698,22633.0,175.937,False,5940.76,98.9826,20.86373816637607,0.012053996588773423,20.967092610862817,1.185614713897138e-05,20.513144691439578,0.008439940211769649,21.965395023524245,0.018090108643494536
2005 SZ268,303865,MBO,MBO,21163628842530906,745534877858791884,18.127811,2.9393544,2.3501348,223.3000713656208,-36.89704308377801,2025071600175,78,60873.00282468571,g,223.3000872298009,-36.89701787938639,99.08056640625,18363.2,182.917,False,18001.4,0.257304,22121.4,174.206,False,3582.45,29.2057,20.74012913544965,0.010815088105544565,20.76173427081617,1.5519030533053077e-05,20.537968458939353,0.00855017092292097,22.51454967056221,0.008851396731664952
2005 SZ268,303865,MBO,MBO,21163628842530906,745534883268919695,18.146063,2.9394517,2.351806,223.3110257843417,-36.88988897380226,2025071600215,157,60873.142581092325,i,223.31100281016253,-36.88987863437062,117.78748321533203,48516.9,409.036,False,44807.1,0.652171,49092.7,399.478,False,286.178,17.5191,19.68526742566231,0.009153619052642644,19.771632870976415,1.58029789651649e-05,19.672457722073535,0.008834872212379271,25.258409355183375,0.06646604822805342
2005 SZ268,303865,MBO,MBO,21163628842530906,745534883404185823,18.146122,2.939452,2.3518114,223.31106262158437,-36.88986507329977,2025071600216,159,60873.143038313094,i,223.31104632774878,-36.889859185278496,114.91835021972656,48669.0,420.712,False,45413.9,1.91943,48905.1,409.578,False,260.936,18.6008,19.681868942740504,0.009385486783637743,19.757028039058216,4.588891802222598e-05,19.67661458711533,0.009092991369928574,25.358664979165336,0.0773966074490196
2005 SZ268,303865,MBO,MBO,21163628842530906,745534884894736583,18.14677,2.9394555,2.3518722,223.3114692989377,-36.88960143119135,2025071600227,186,60873.14807644411,i,223.3114531898456,-36.88959399061041,123.95406341552734,50112.8,403.488,False,45562.7,0.309283,49720.3,388.224,False,-203.467,19.381,19.65012831015387,0.008741908855876829,19.75347638855189,7.370058044884486e-06,19.658665631932273,0.00847760059115905,nan,nan
2005 SZ268,303865,MBO,MBO,21163628842530906,745534887002374407,18.147917,2.9394617,2.3519793,223.31219070183448,-36.889134788007766,2025071600243,110,60873.15698063691,g,223.31217051845798,-36.889128448961,98.01509857177734,22657.6,231.037,False,22233.0,0.0920397,22826.6,226.27,False,-82.3943,9.32111,20.511965255116007,0.011071130333602127,20.532504830033925,4.494707469488975e-06,20.503896947169473,0.010762423658953116,nan,nan
2005 SZ268,303865,MBO,MBO,21163628842530906,745534888635007523,18.148623,2.9394655,2.3520453,223.3126368249404,-36.88884691822022,2025071600255,152,60873.162465976835,g,223.3126173610123,-36.88884548225036,112.32051849365234,23306.0,206.941,False,22468.8,0.249311,23281.9,199.052,False,-119.053,17.5361,20.481330644705064,0.00964057880887551,20.5210502659909,1.2047192980961355e-05,20.482453932963757,0.009282659985828246,nan,nan
2005 SZ268,303865,MBO,MBO,21163628842530906,745534889726050362,18.149092,2.939468,2.3520894,223.31293476955676,-36.88865498280914,2025071600263,185,60873.16611992644,g,223.3129126505742,-36.88864781652284,101.84146881103516,23203.3,227.357,False,21989.4,0.175468,23334.8,221.738,False,-53.376,18.7971,20.486125575583515,0.010638560556568576,20.544466532167966,8.663808680184643e-06,20.479989756282087,0.010317164649678837,nan,nan
2005 SZ268,303865,MBO,MBO,21163628842530906,745534889988718926,18.149208,2.9394686,2.3521004,223.31300955407397,-36.88860684813411,2025071600265,174,60873.16703584885,g,223.31298342505687,-36.88860503902388,103.1137466430664,24131.5,231.788,False,22862.1,0.630438,24393.3,228.676,False,-40.2572,14.8261,20.443539204399624,0.010428718369426436,20.50220971843744,2.9939918269480927e-05,20.431823572802116,0.010178278414194527,nan,nan
2005 SZ268,303865,MBO,MBO,21163628842530906,745534890129752087,18.149267,2.9394689,2.3521059,223.31304696059516,-36.88858277793784,2025071600266,187,60873.16749333593,g,223.31302618635365,-36.88857056977742,101.00086212158203,22813.4,225.911,False,21831.6,0.402664,23252.3,225.329,False,-27.4543,15.1399,20.504524943228674,0.01075156454756617,20.552286105519453,2.002541715792998e-05,20.483835169605626,0.010521446883233459,nan,nan
2005 SZ268,303865,MBO,MBO,21163628842530906,745534890252435761,18.149326,2.9394693,2.3521116,223.3130842949689,-36.88855875839256,2025071600267,165,60873.16795061381,g,223.31306444607796,-36.88855930174794,91.26638793945312,23750.3,259.427,False,22693.4,0.659089,24302.2,257.822,False,-22.658,9.39998,20.460827214907262,0.011859609320599991,20.510251060834246,3.1533256737539456e-05,20.435886058252137,0.011518573584875458,nan,nan
2005 SZ268,303865,MBO,MBO,21163628842530906,745534890783015030,18.14978,2.9394717,2.3521543,223.3133743896204,-36.88837226794771,2025071600271,153,60873.171497593765,r,223.31335529206666,-36.88836527764491,130.62269592285156,44821.8,341.224,False,44479.2,1.22742,45396.7,334.435,False,-131.294,10.8304,19.771276747589777,0.008265603862731877,19.77960760044048,2.9961292602083554e-05,19.7574393085619,0.007998559173605927,nan,nan
2005 SZ268,303865,MBO,MBO,21163628842530906,745534892795756955,18.150661,2.9394765,2.3522372,223.3139391426888,-36.88800997264181,2025071600286,152,60873.17838279411,r,223.31391907300645,-36.88800114894428,144.64657592773438,45630.3,314.015,False,40845.7,0.0411421,46132.9,306.752,False,84.7843,31.8459,19.751866671197504,0.007471734010168041,19.872134162632772,1.0936149178555177e-06,19.739973146707797,0.007219398280543166,26.579211380298094,0.40781424665073124
2005 SZ268,303865,MBO,MBO,21163628842530906,745534894811119626,18.151768,2.9394825,2.3523417,223.3146526510121,-36.88755375929983,2025071600301,156,60873.187042757425,u,223.31462518536452,-36.887533728750945,10.886781692504883,6144.18,560.307,False,6269.14,3.21734,6229.85,555.049,False,152.045,16.985,21.92884014316717,0.09901168027255731,21.906980055214596,0.0005572028119835589,21.913806007968425,0.09673375722713476,25.94506965572426,0.12128797607670448
2005 SZ268,303865,MBO,MBO,21163628842530906,745534896288563231,18.15254,2.9394867,2.3524146,223.3151539046753,-36.88723431890247,2025071600312,158,60873.19310054924,u,223.31508209625414,-36.88723237580364,11.184054374694824,6781.65,611.199,False,6870.74,11.5325,7266.49,584.489,False,287.958,21.0709,21.821661585275983,0.09785242007481121,21.807491176861276,0.00182240233863753,21.746688264427867,0.08733251720684473,25.251677099221503,0.0794471358197948
2005 SZ268,303865,MBO,MBO,21163628842530906,745534898171281448,18.153519,2.9394922,2.3525076,223.31579392153537,-36.88682777558856,2025071600326,165,60873.20080402108,u,223.31589017900743,-36.88690759739855,5.783474922180176,5642.92,966.576,False,6085.13,22.6744,6624.5,994.729,False,667.253,15.1994,22.02124028179192,0.18597579979626266,21.939325369062697,0.004045668347778456,21.84711723892528,0.1630331788759916,24.33927367741638,0.024732056721694227
2005 SZ268,303865,MBO,MBO,21163628842530906,745565645708984496,18.898981,2.9442616,2.4355016,224.0436826906886,-36.58055861448885,2025072300037,167,60880.00510332014,u,224.0436339380196,-36.58058934133252,11.32400131225586,4311.85,383.671,False,4155.12,2.23083,4134.8,325.855,False,44.6514,28.2796,22.313340864736702,0.0966094542048713,22.35354104252898,0.0005829176484833222,22.358863782282377,0.08556462214413145,27.275412262277214,0.6876421497813364
2005 SZ268,303865,MBO,MBO,21163628842530906,745565645844250798,18.899036,2.944262,2.4355085,224.04374944772096,-36.58053603716074,2025072300038,169,60880.00565424762,u,224.0436771451282,-36.58053577189962,9.598371505737305,3560.66,372.947,False,4091.59,11.8713,3530.6,318.052,False,31.5628,32.2116,22.521173762351545,0.11372106871851573,22.370269705413122,0.0031501444798601726,22.530378677783496,0.09780789779775635,27.65206121031441,1.108054491477321
2005 SZ268,303865,MBO,MBO,21163628842530906,745565649473372247,18.900661,2.9442735,2.4357123,224.04572306034004,-36.57986663232805,2025072300065,179,60880.02192824356,g,224.04570480077984,-36.57986485327269,99.81420135498047,19278.2,193.424,False,18342.3,0.101695,19728.3,189.65,False,217.936,6.67094,20.687333840227872,0.010893519301906048,20.741365472928685,6.0196343894634965e-06,20.66227579841367,0.010437283316425834,25.55417753792056,0.033233980798406566
2005 SZ268,303865,MBO,MBO,21163628842530906,745565652129415414,18.901602,2.9442801,2.4358306,224.0468688944941,-36.57947641243901,2025072300085,125,60880.03136003447,g,224.04685294345524,-36.579467775467215,100.59674072265625,20156.1,200.474,False,19552.8,0.108719,20551.0,197.298,False,66.2372,4.96934,20.63898376018055,0.010798809445809304,20.671977561562795,6.036994617139762e-06,20.617917601876655,0.010423511567933374,26.84724512099052,0.08145562250913213
2005 SZ268,303865,MBO,MBO,21163628842530906,745565652373209173,18.901693,2.9442806,2.435842,224.0469805050133,-36.57943834629543,2025072300087,78,60880.03227897633,g,224.04696558015155,-36.57943989860357,87.37126159667969,20489.2,233.348,False,20670.1,0.238554,21375.8,236.051,False,183.498,4.55316,20.62118753709536,0.012365265085405806,20.611643576247737,1.253050156566011e-05,20.575194016837038,0.01198968468716499,25.740921655730844,0.026940516165739493
2005 SZ268,303865,MBO,MBO,21163628842530906,745565653766242678,18.903141,2.9442909,2.4360247,224.0487509765616,-36.57883328743156,2025072300097,175,60880.04682116041,r,224.048733713992,-36.578830537898696,136.42578125,40453.0,295.399,False,38654.3,0.225544,43653.1,279.322,False,2885.81,11.8671,19.8826231637984,0.007928345854088489,19.932005445719096,6.335162911549883e-06,19.799962235358464,0.006947272645531727,22.749330642928975,0.004464791374148271
