provid,permid,orbit_class,population,ssObjectId,diaSourceId,phaseAngle,helioRange,topoRange,ephRa,ephDec,visit,detector,midpointMjdTai,band,ra,dec,snr,psfFlux,psfFluxErr,psfFlux_flag,trailFlux,trailFluxErr,scienceFlux,scienceFluxErr,forced_PsfFlux_flag,templateFlux,templateFluxErr,psfMag,psfMagErr,trailMag,trailMagErr,scienceMag,scienceMagErr,templateMag,templateMagErr
2011 UV31,310260,MBO,MBO,21164711205876054,745284181415690506,18.29956,3.2232013,3.064755,148.6617734626916,3.46185084635051,2025052000117,64,60816.00153897185,g,148.66179170050376,3.4618371865452646,39.579856872558594,9099.84,225.628,False,9632.74,0.790547,8955.69,208.011,False,-96.5583,25.1461,21.5024156278752,0.026920528174975766,21.44062537788384,8.910502027465981e-05,21.519752317601352,0.02521805294455605,nan,nan
2011 UV31,310260,MBO,MBO,21164711205876054,745284182625746985,18.299593,3.2232013,3.0648284,148.66261880401927,3.461677396912802,2025052000126,68,60816.00681531953,g,148.6626179905749,3.4616687825542245,36.92507553100586,8935.8,232.281,False,9003.24,4.33833,8841.76,218.327,False,-28.6812,39.2029,21.522166424007484,0.028223091749085837,21.514002903442595,0.0005231762788463283,21.533653223089267,0.02680976752971558,nan,nan
2011 UV31,310260,MBO,MBO,21164711205876054,745284182895755310,18.2996,3.2232013,3.0648448,148.66280820346597,3.461638534350459,2025052000128,71,60816.00799732409,g,148.66281383025432,3.461633948146242,45.204891204833984,9120.62,198.935,False,9319.55,3.55773,8965.61,183.072,False,-27.7493,40.309,21.499939081723625,0.02368160568773254,21.47651266602017,0.0004144788433692186,21.51855034911039,0.022170036109385862,nan,nan
2011 UV31,310260,MBO,MBO,21164711205876054,745284183029973194,18.299603,3.2232013,3.0648515,148.6628846416471,3.4616228500484505,2025052000129,71,60816.0084747443,g,148.66289118439494,3.4616119718885456,41.710567474365234,9426.77,221.841,False,9879.38,0.821118,9299.76,207.402,False,-17.8134,26.0271,21.464092776406417,0.02555072639808371,21.413175786791236,9.024023253285437e-05,21.478820675338547,0.02421394296140493,nan,nan
2011 UV31,310260,MBO,MBO,21164711205876054,745284185578537178,18.29971,3.2232018,3.0650923,148.66565291804855,3.4610548348394703,2025052000148,68,60816.02573518561,u,148.6656671789516,3.46105283794909,5.673702716827393,2098.33,374.222,False,2153.38,27.951,2371.96,314.283,False,266.944,52.1809,23.09531548502636,0.19363319518613362,23.06719837126567,0.014092921148448926,22.96223161551508,0.14385926653965167,25.333949589432713,0.21223437461777894
2011 UV31,310260,MBO,MBO,21164711205876054,745284186674298894,18.299835,3.223202,3.0654004,148.66919260474484,3.4603287599970014,2025052000156,110,60816.04776117539,u,148.66920144685818,3.4602899106605842,6.896679401397705,2782.81,411.57,False,2835.76,21.4922,2699.03,354.462,False,162.601,38.87,22.788791088835893,0.16057741934793954,22.768326315637722,0.008228785406375411,22.82198070868524,0.14258908886904725,25.872191983387683,0.2595467780509798
2011 UV31,310260,MBO,MBO,21164711205876054,745284191373492280,18.299978,3.2232025,3.065776,148.6735152200904,3.45944293432317,2025052000191,113,60816.07457877447,r,148.67351453582063,3.459460525446522,10.319210052490234,13847.6,1362.69,False,14823.8,34.7498,13566.4,1373.27,False,-111.613,16.7472,21.046563755443028,0.10684319643693659,20.972601146983724,0.002545171834562827,21.068838423935816,0.10990453887416861,nan,nan
2011 UV31,310260,MBO,MBO,21164711205876054,745297371238236191,18.291046,3.223251,3.1061277,149.1675341090911,3.35715743106511,2025052300085,22,60818.98851694912,u,149.16755739551806,3.3570923260193517,5.713593006134033,2470.83,430.011,False,2746.08,130.478,2330.44,420.136,False,-84.378,25.8965,22.9178928012764,0.1889561327723884,22.803217006258052,0.051587965772366885,22.981405212360514,0.19573851407771295,nan,nan
2011 UV31,310260,MBO,MBO,21164711205876054,745297371507195938,18.291042,3.223251,3.106145,149.16774414527683,3.3571112764266795,2025052300087,23,60818.98975045244,u,149.16775698857057,3.3570871357561893,5.924645900726318,2534.11,452.606,False,nan,nan,2359.35,442.459,False,-136.136,19.101,22.890436297223737,0.19391845118838022,nan,nan,22.968019026337444,0.20361275423588293,nan,nan
2011 UV31,310260,MBO,MBO,21164711205876054,745297372065038358,18.29103,3.2232513,3.1061792,149.16816376000452,3.3570190659011714,2025052300091,63,60818.992215993,u,149.1680896477856,3.357019267867886,5.940783500671387,2341.59,375.264,False,3049.38,23.3409,2133.51,366.809,False,-62.9193,41.2352,22.976222822420795,0.17400044587933347,22.689471172825158,0.008310562020077116,23.077263288063023,0.1866678850206354,nan,nan
2011 UV31,310260,MBO,MBO,21164711205876054,745297372333998104,18.291025,3.2232513,3.1061964,149.16837367966357,3.3569729351995776,2025052300093,64,60818.993448555295,u,149.16841673483742,3.356987156262252,6.162792205810547,2288.8,366.503,False,2353.78,53.5091,2293.73,358.749,False,-63.935,26.2387,23.000980364844423,0.17385772356281634,22.970585315632846,0.024682327345253753,22.998644272205656,0.16981369792885423,nan,nan
2011 UV31,310260,MBO,MBO,21164711205876054,745297372469788683,18.291023,3.2232513,3.106205,149.1684782206395,3.356949961735676,2025052300094,67,60818.99406224796,u,149.16842704955266,3.356934573103805,5.920691967010498,2349.29,401.943,False,2987.51,42.3102,2220.62,393.181,False,-60.2806,30.5986,22.972658406769778,0.18575997542696854,22.711726577303075,0.015376589713655403,23.033814325285874,0.19223947543022682,nan,nan
2011 UV31,310260,MBO,MBO,21164711205876054,745297372604006440,18.29102,3.2232513,3.1062136,149.1685827663163,3.356926987145751,2025052300095,67,60818.99467669737,u,149.1686852249293,3.356939868378397,7.1765570640563965,2795.27,401.301,False,3083.84,81.6282,2660.1,391.777,False,-48.3184,28.7619,22.783940583640426,0.15587296257418054,22.677270375796617,0.028739067519106144,22.837755052179997,0.1599061938359734,nan,nan
2011 UV31,310260,MBO,MBO,21164711205876054,745297372874539035,18.291014,3.2232513,3.1062305,149.16879204201302,3.356880997211956,2025052300097,71,60818.99590580367,u,149.16884928122977,3.3569439749472587,6.347466468811035,2425.81,368.067,False,2682.86,39.8608,2545.52,360.902,False,-11.9349,38.8297,22.937858018704574,0.16473822884519307,22.828504930469496,0.016131409697117686,22.885558707637355,0.15393490269589857,nan,nan
2011 UV31,310260,MBO,MBO,21164711205876054,745297373006659612,18.291012,3.2232513,3.106239,149.16889677204318,3.3568579818833992,2025052300098,67,60818.99652042048,u,149.16891557061328,3.3567963714064923,5.678086280822754,2455.3,421.722,False,2830.81,120.3,2739.79,413.696,False,117.775,16.222,22.924738568844564,0.186485895085231,22.770223174761057,0.046140174028734215,22.80570679401692,0.16394129995325507,26.22236720365765,0.1495462756776313
2011 UV31,310260,MBO,MBO,21164711205876054,745297373142450185,18.29101,3.2232513,3.1062477,149.1690013365928,3.356835002863489,2025052300099,70,60818.99713408484,u,149.1687982637421,3.3569252624895576,5.34338903427124,1755.81,363.316,False,3172.4,25.3397,1670.49,346.898,False,-5.65937,33.9823,23.288806168350302,0.22466288046080396,22.646530180408263,0.008672371489531696,23.342890305899704,0.22546661835332463,nan,nan
2011 UV31,310260,MBO,MBO,21164711205876054,745297373276667919,18.291006,3.2232513,3.1062562,149.16910556532176,3.3568120975953257,2025052300100,70,60818.99774671452,u,149.1690911141221,3.356798307985678,5.8398590087890625,2417.09,407.335,False,nan,nan,2324.24,391.495,False,71.8643,20.8081,22.94176790651639,0.18297139602007012,nan,nan,22.984297576834486,0.1828814115436826,26.75871694664372,0.3143717550853014
2011 UV31,310260,MBO,MBO,21164711205876054,745297373431332865,18.291004,3.2232513,3.1062648,149.16921030986697,3.3567890789322767,2025052300101,109,60818.99836125775,u,149.16917005254678,3.356854783328794,6.5352396965026855,2399.28,367.445,False,2685.62,21.3831,2673.62,360.634,False,39.8253,14.2109,22.94979765219272,0.16627835969044213,22.827388546440247,0.008644709743094739,22.832250749163574,0.1464506460231273,27.39960240613603,0.38742431620609386
2011 UV31,310260,MBO,MBO,21164711205876054,745297373566074901,18.291,3.2232513,3.1062734,149.1693145482803,3.356766171466546,2025052300102,110,60818.99897398359,u,149.16931167165816,3.356724218355045,8.387846946716309,3293.82,391.492,False,4094.89,14.0726,3203.6,378.315,False,36.6366,14.6815,22.605750321850824,0.1290468314063642,22.36939442870801,0.0037312680223036097,22.63590425442565,0.12821522113646436,27.49021207816444,0.4350904927644603
2011 UV31,310260,MBO,MBO,21164711205876054,745297373837131777,18.290972,3.2232516,3.106366,149.1704487197179,3.356516926106733,2025052300104,115,60819.00563005344,u,149.17036011536723,3.356549381429982,7.779266357421875,2711.11,350.29,False,3211.07,12.9404,2740.82,343.366,False,30.9304,36.5106,22.817132109705483,0.14028295767150645,22.633375544110976,0.004375445137957834,22.80529868612717,0.13601947062155792,27.674036129096866,1.2816155084744532
2011 UV31,310260,MBO,MBO,21164711205876054,745297373968203799,18.290968,3.2232516,3.1063745,149.1705533593446,3.3564939307888517,2025052300105,109,60819.006244870674,u,149.17063394199724,3.3565794019799915,6.094407081604004,2252.28,367.567,False,3182.92,27.5287,2345.96,363.064,False,72.2446,22.9488,23.018444034976024,0.17718968302080798,22.642935718814506,0.009390404678000364,22.97419851091385,0.16803003076420933,26.752986547127158,0.3448886509230506
2011 UV31,310260,MBO,MBO,21164711205876054,745297374798675970,18.290949,3.2232516,3.1064308,149.17124012732577,3.3563430110289376,2025052300111,157,60819.01027344731,u,149.17130318630592,3.3563607405580203,7.190224647521973,2107.46,283.199,False,1953.09,9.01525,2200.86,277.705,False,91.0408,28.4844,23.09060166917096,0.14590047674311896,23.173194378007423,0.0050116398706136316,23.043518903731986,0.1369984203660168,26.50190981279956,0.3396998208358371
2011 UV31,310260,MBO,MBO,21164711205876054,745297374930796588,18.290947,3.2232516,3.1064394,149.1713449787376,3.3563199700261523,2025052300112,153,60819.010888985125,u,149.1713746137336,3.3563472538132153,8.992742538452148,2623.24,290.087,False,2901.69,36.5975,2653.39,283.338,False,51.3322,29.9737,22.852904939110548,0.12006448731295631,22.743372489334277,0.013693823733871614,22.840497323824845,0.11593861099267815,27.124025324878225,0.63397889406756
2011 UV31,310260,MBO,MBO,21164711205876054,745297375067111443,18.290943,3.2232516,3.106448,149.17145017687614,3.3562968529826067,2025052300113,157,60819.01150549284,u,149.1714503735328,3.3562518974733475,5.670665740966797,1755.09,313.235,False,nan,nan,1780.76,308.396,False,77.7892,14.6547,23.289251541787557,0.19377386391364762,nan,nan,23.273486514448855,0.1880302210995296,26.672701739537942,0.20454174484377374
2011 UV31,310260,MBO,MBO,21164711205876054,745297375201329157,18.290941,3.2232516,3.1064565,149.1715557216741,3.35627365992345,2025052300114,157,60819.01212471474,u,149.17155646495314,3.3562612482496266,9.295318603515625,2682.25,283.221,False,2648.29,10.4436,2726.49,277.586,False,42.6362,48.7757,22.828751865092016,0.11464378885646785,22.842586132421413,0.004281628573927817,22.810990231000076,0.11053962039950439,27.32555377436389,1.242079337407663
2011 UV31,310260,MBO,MBO,21164711205876054,745297375266865170,18.290937,3.2232516,3.1064682,149.17169844659622,3.3562422969507826,2025052300115,26,60819.0129616186,u,149.17158802378867,3.3562522689674905,5.6382951736450195,2324.05,415.217,False,2675.77,22.4762,2469.86,409.801,False,107.877,41.2192,22.98438630893164,0.1939786715679744,22.83137804148015,0.00912007535024084,22.91831911107682,0.1801461449345027,26.31767785991163,0.4148537535594057
2011 UV31,310260,MBO,MBO,21164711205876054,745297375689441285,18.290928,3.2232516,3.106494,149.17201445746585,3.3561728566235733,2025052300118,64,60819.01481426267,u,149.1720318736194,3.3561653377554714,7.021312236785889,1899.21,271.702,False,1830.48,13.0997,2326.16,266.994,False,480.499,117.09,23.203567551511767,0.15532600389971932,23.243587541334023,0.00776999403711804,22.983401082402956,0.12461956624546038,24.695768795585774,0.26457672151714884
2011 UV31,310260,MBO,MBO,21164711205876054,745297375824707599,18.290926,3.2232516,3.1065028,149.17211986307154,3.3561496951703127,2025052300119,66,60819.01543220354,u,149.17204243422208,3.356202373958715,6.089178562164307,1640.96,273.346,False,1921.17,8.78882,2054.78,267.839,False,441.545,98.4359,23.362255038768915,0.18085856127087918,23.191085484411595,0.004966942093838664,23.11808665974456,0.14152487543035952,24.787562538897944,0.24204874898060408
2011 UV31,310260,MBO,MBO,21164711205876054,745297375957876763,18.290922,3.2232516,3.1065114,149.17222476294842,3.356126645061302,2025052300120,64,60819.01604786089,u,149.17224549209394,3.356129506640551,5.808878421783447,1497.47,256.76,False,1435.42,13.4767,1974.81,252.135,False,431.525,128.635,23.461604694781837,0.18616309107400264,23.507552484129835,0.010193630071443202,23.161186673475505,0.1386219858620231,24.812485112288115,0.32365140538867104
2011 UV31,310260,MBO,MBO,21164711205876054,745297376228933638,18.290916,3.2232516,3.1065285,149.17243526275797,3.3560803917055417,2025052300122,69,60819.017281629225,u,149.17248485367742,3.3560866736158848,5.532741546630859,1570.16,286.133,False,1500.26,14.944,2228.81,279.958,False,575.026,87.733,23.410140202704405,0.19785559811873543,23.45958366732622,0.01081495341031756,23.029817352374415,0.13637794917606033,24.50078129338312,0.16565319854368407
2011 UV31,310260,MBO,MBO,21164711205876054,745297376362627101,18.290915,3.2232516,3.106537,149.17253949816447,3.356057488302283,2025052300123,68,60819.01789290727,u,149.17255935923856,3.3560280357433245,7.17169713973999,1966.0,278.472,False,1954.14,1.22437,2454.32,273.056,False,520.05,80.9824,23.166041216259707,0.15378795319273766,23.172610805470043,0.0006802700062620292,22.925172003718796,0.12079385597801874,24.609887273705077,0.16907129043748323
2011 UV31,310260,MBO,MBO,21164711205876054,745297376787300374,18.290905,3.2232516,3.1065629,149.17285531153505,3.355988096917345,2025052300126,110,60819.019743997706,u,149.17286133080654,3.3559422121235363,6.547021865844727,1905.81,292.276,False,1866.56,13.3022,2423.96,290.389,False,569.029,83.7123,23.199800963094134,0.16650905719131823,23.22239507904252,0.007737592166420076,22.938686395348036,0.13007057214707832,24.512164014969105,0.15972732435802398
2011 UV31,310260,MBO,MBO,21164711205876054,745297377189429260,18.290897,3.2232518,3.1065886,149.17317015657414,3.3559189208034352,2025052300129,109,60819.02158864962,u,149.17314666268595,3.355915091519498,5.411684989929199,1516.18,283.332,False,1657.5,6.57352,2002.38,278.879,False,551.344,53.6403,23.448123052680383,0.2028939837381585,23.35136615730797,0.004305948027754393,23.146133750254997,0.15121456662708332,24.546443379720575,0.10563136114316764
2011 UV31,310260,MBO,MBO,21164711205876054,745297377323646987,18.290894,3.2232518,3.1065972,149.17327511742272,3.355895859948781,2025052300130,109,60819.022203362154,u,149.17327031942972,3.355879575584993,5.681478500366211,1511.2,269.33,False,1607.64,13.2159,2127.15,264.919,False,583.439,51.4973,23.451695172796594,0.193502730874077,23.384527981559646,0.008925494162230452,23.08050475964989,0.13521950484226727,24.48501131137732,0.09583260581227712
2011 UV31,310260,MBO,MBO,21164711205876054,745297377459437577,18.29089,3.2232518,3.1066058,149.1733802551982,3.355872760535369,2025052300131,112,60819.02281900284,u,149.17340438803842,3.3558525557298737,5.530029773712158,1535.58,276.171,False,1545.89,6.5566,2048.18,270.366,False,535.715,45.3912,23.434318913423013,0.1952674892336337,23.42705352011027,0.0046049447467472315,23.121579733637347,0.14332049019966023,24.577665428640927,0.09199456400051703
2011 UV31,310260,MBO,MBO,21164711205876054,745297377595752454,18.290888,3.2232518,3.1066144,149.17348505792108,3.3558497350560748,2025052300132,116,60819.02343359553,u,149.17348638789798,3.3558254008871713,6.782222747802734,1772.24,262.69,False,1807.23,9.48816,2157.22,258.016,False,384.654,53.8022,23.278693669755036,0.16093308347077612,23.257466443593316,0.005700236873373283,23.06526391958983,0.1298603326822355,24.937324390913957,0.15186374778585324
2011 UV31,310260,MBO,MBO,21164711205876054,745297379048030277,18.290844,3.2232518,3.1067374,149.1749910745303,3.355518899156938,2025052300143,70,60819.0322521672,g,149.17524541975456,3.355469670539062,43.530941009521484,1073.68,124.823,False,6407.04,0.960959,2930.83,124.579,False,1860.64,13.7569,23.822812787300663,0.1262246119759176,21.883356404984617,0.00016284399504062436,22.73252340022929,0.046150725095448285,23.225844108514565,0.008027541113308142
2011 UV31,310260,MBO,MBO,21164711205876054,745297379605872691,18.290834,3.2232518,3.1067667,149.17534835604522,3.3554404256780845,2025052300147,110,60819.034343319145,g,149.17559225275767,3.3553713549695705,44.90590286254883,1516.59,118.71,False,5944.36,0.333877,2981.29,116.685,False,1447.67,23.8905,23.447829554381627,0.08498522789783981,21.964737267168793,6.0982570397594954e-05,22.71398942738155,0.04249473373658002,23.498326030469734,0.017917604876451262
2011 UV31,310260,MBO,MBO,21164711205876054,745297379739566143,18.29083,3.2232518,3.1067739,149.1754377316533,3.355420796036782,2025052300148,109,60819.03486655337,g,149.1756559862221,3.3553739810140994,43.17954635620117,2418.96,126.926,False,5953.88,0.301387,3894.33,125.165,False,1478.52,26.2065,22.940928300248476,0.0569700030043954,21.96299982830365,5.4960260707000586e-05,22.423918102614575,0.03489590515861005,23.475431976605073,0.01924447724526625
2011 UV31,310260,MBO,MBO,21164711205876054,745297380145889337,18.290823,3.223252,3.106796,149.17570725622332,3.355361602290054,2025052300151,116,60819.03644384879,g,149.1754481645028,3.3554059724115035,42.61773681640625,778.756,125.627,False,5881.7,1.00487,2463.67,124.906,False,1681.14,20.509,24.17149651151021,0.17514829324222986,21.97624279079975,0.00018549463009809287,22.92104369653569,0.055045914741100356,23.33599028651296,0.013245395668580922
2011 UV31,310260,MBO,MBO,21164711205876054,745297380279058484,18.290821,3.223252,3.1068034,149.17579682309938,3.355341932097175,2025052300152,114,60819.03696702246,g,149.17552916065554,3.3553961448122753,48.01238250732422,720.918,114.863,False,6171.48,0.633764,2109.82,113.573,False,1441.18,23.2001,24.255285282153473,0.17298903815422856,21.924026688670445,0.00011149684569129248,23.089386452574125,0.05844589200362678,23.5032043931278,0.017478168948777368
2011 UV31,310260,MBO,MBO,21164711205876054,745297381997150237,18.29077,3.223252,3.1069417,149.1774891555736,3.3549703476830173,2025052300165,63,60819.04686286381,r,149.17749231761593,3.3549642158925526,64.53653717041016,11790.0,180.596,False,10679.9,0.00852594,11951.7,181.952,False,-4.20224,36.3556,21.221215487262278,0.01663101001526193,21.328581994674003,8.667610209836956e-07,21.206425773835594,0.016529185487718506,nan,nan
2011 UV31,310260,MBO,MBO,21164711205876054,745297383229227055,18.290745,3.2232523,3.1070077,149.1782972684756,3.35479296821946,2025052300174,109,60819.051583761844,r,149.17855546345044,3.354737994095716,53.46327590942383,2564.66,186.003,False,10540.6,1.74293,4153.97,187.748,False,1516.01,20.4042,22.87742554137712,0.0787434610079738,21.342836708189132,0.00017953079832643803,22.35384155451396,0.049072283049921256,23.44824482794127,0.014613081768830041
2011 UV31,310260,MBO,MBO,21164711205876054,745297383499759743,18.29074,3.2232523,3.1070223,149.1784768923284,3.3547535466663594,2025052300176,113,60819.05263225407,r,149.17848008291674,3.3547577521235774,53.475399017333984,10657.0,195.624,False,9924.84,1.23718,12065.9,196.828,False,1254.67,19.0047,21.33091258555614,0.019930191576663897,21.408191231698467,0.00013534234638227035,21.196100660747376,0.017711342044315626,23.653676177358957,0.01644583022608566
2011 UV31,310260,MBO,MBO,21164711205876054,745297383635550224,18.290737,3.2232523,3.1070297,149.17856662715644,3.354733853601502,2025052300177,116,60819.053156911876,r,149.17856479108747,3.3547315123587826,52.31017303466797,10411.4,199.042,False,9851.97,1.36081,11874.7,197.658,False,1452.69,24.4247,21.356227128909246,0.020756776768163482,21.41619232836102,0.00014996805418441777,21.213443365871434,0.0180724101155587,23.494567676412053,0.018254949035740677
2011 UV31,310260,MBO,MBO,21164711205876054,745297383768195082,18.290733,3.2232523,3.107037,149.17865636780456,3.354714159793172,2025052300178,113,60819.05368098723,r,149.1786604301133,3.3547090259806005,48.68065643310547,10331.9,210.302,False,9465.05,1.48035,12113.5,210.915,False,1667.36,22.3955,21.364549473729,0.022099757916830855,21.45969274113793,0.0001698110039494753,21.191825890888992,0.01890436656103291,23.3449265631571,0.014583296700225167
2011 UV31,310260,MBO,MBO,21164711205876054,745297383901888576,18.290731,3.2232523,3.1070445,149.17874645668908,3.354694390105154,2025052300179,112,60819.05420634805,r,149.17875424639792,3.3546983916434328,53.526336669921875,10675.9,198.967,False,9799.27,0.751162,12356.9,199.309,False,1553.19,27.0204,21.32898871741077,0.020234890021351516,21.42201574198586,8.322699649691591e-05,21.1702261354293,0.01751223985163097,23.42193857661472,0.01888824076236548
2011 UV31,310260,MBO,MBO,21164711205876054,745297384036106328,18.290728,3.2232523,3.1070516,149.17883603756616,3.3546747324406563,2025052300180,112,60819.05472985945,r,149.17884708530468,3.354668890556664,52.35786056518555,10680.4,201.342,False,9721.07,0.214599,12224.5,202.519,False,1381.14,23.7511,21.32853116504309,0.020467799499481944,21.43071478901604,2.3968338321537196e-05,21.18192223780773,0.017987010299241685,23.54940573022453,0.018671119137669303
2011 UV31,310260,MBO,MBO,21164711205876054,745297384171896852,18.290726,3.2232523,3.107059,149.17892596681793,3.3546549988784977,2025052300181,115,60819.05525411703,r,149.17869417652668,3.3546988447534583,49.88134002685547,3216.35,203.704,False,10279.1,0.953372,4954.23,204.418,False,1697.61,12.1027,22.631591711683257,0.06876390798257957,21.370112313499156,0.00010070050278020833,22.162559592210414,0.04479889379056054,23.32540519728154,0.007740493948661799
2011 UV31,310260,MBO,MBO,21164711205876054,745297384327086117,18.290722,3.2232523,3.1070664,149.17901504530792,3.3546354525501494,2025052300182,155,60819.05577405935,r,149.17879161211334,3.354681939704659,52.36420440673828,3073.65,192.37,False,10224.5,0.93488,4697.94,193.631,False,1547.41,20.0266,22.68086400355711,0.0679527841634178,21.37589480183464,9.927459366246452e-05,22.220231348888888,0.04474986613432857,23.425986478217276,0.014051611448821008
2011 UV31,310260,MBO,MBO,21164711205876054,745297384460255281,18.29072,3.2232523,3.1070738,149.17910498619491,3.3546157175457214,2025052300183,153,60819.05629904333,r,149.17884954653425,3.354645756613212,58.87068176269531,1927.14,174.194,False,10805.9,1.02966,3314.11,174.617,False,1328.83,26.5174,23.1877168272947,0.09813959093740893,21.315847600321064,0.00010345636046204409,22.599082666880296,0.057206308026089385,23.5913264751676,0.021666355360238056
2011 UV31,310260,MBO,MBO,21164711205876054,745297384815722565,18.290697,3.2232523,3.1071303,149.17979661489562,3.3544639782822268,2025052300186,63,60819.060335375776,i,149.17980449762675,3.3544643082060444,45.78855895996094,13948.1,303.127,False,13631.5,2.07977,14079.6,301.69,False,2.83317,19.0295,21.038712399503517,0.02359575735268635,21.063640880244666,0.00016565173915762674,21.028524238324163,0.02326456485638256,30.26931843790819,7.292543878321527
2011 UV31,310260,MBO,MBO,21164711205876054,745297384950464635,18.290695,3.2232523,3.1071374,149.1798862645691,3.354444312233878,2025052300187,64,60819.06085855108,i,149.17988674978272,3.3544414179594484,44.2773551940918,13573.9,298.69,False,13975.5,4.29322,13759.6,295.224,False,194.324,22.5136,21.068238355291875,0.023891331180970653,21.036581613638464,0.00033353400135067524,21.05348550863226,0.023295400546018093,25.678683867643354,0.12578903953435566
2011 UV31,310260,MBO,MBO,21164711205876054,745297385084682385,18.290691,3.2232523,3.1071448,149.17997643456474,3.354424532653405,2025052300188,64,60819.06138473396,i,149.17998340731913,3.3544224866422034,47.2789192199707,13282.3,277.452,False,14321.9,1.41183,13732.3,273.231,False,429.859,31.7498,21.09181680300533,0.022679782974783604,21.00999837783533,0.00010703013204662076,21.05564180897573,0.021602847277068404,24.816684917711658,0.08019352009405607
2011 UV31,310260,MBO,MBO,21164711205876054,745297385220997191,18.29069,3.2232523,3.1071522,149.180066267663,3.354404827586015,2025052300189,68,60819.06190884062,i,149.18007276097484,3.354402142271245,48.31218719482422,13637.2,280.168,False,13594.0,1.41357,14714.2,280.806,False,716.282,74.0449,21.06318695992791,0.022305791208082213,21.06663183603439,0.00011290011603391985,20.980658348556272,0.020720204727496156,24.262289932703652,0.11223684188707568
2011 UV31,310260,MBO,MBO,21164711205876054,745297385356263523,18.290686,3.2232523,3.1071596,149.1801562782994,3.3543850841924714,2025052300190,70,60819.06243327331,i,149.18016087548114,3.3543855975445194,48.227699279785156,13771.1,283.151,False,12696.5,0.982912,14761.9,281.702,False,888.464,71.3736,21.052578450879626,0.02232409189491811,21.140789957487705,8.405333350353562e-05,20.977144323756228,0.02071915185397046,24.028400425227897,0.08722120241871725
2011 UV31,310260,MBO,MBO,21164711205876054,745297385488908379,18.290682,3.2232523,3.107167,149.18024663795404,3.35436526486957,2025052300191,67,60819.06296078522,i,149.1802571848218,3.354358629965194,49.79134750366211,13432.8,269.103,False,13008.9,1.12931,14244.4,265.845,False,682.588,63.366,21.07958364424073,0.0217508539330073,21.114398529246778,9.42533749554948e-05,21.015889568504857,0.020263228690851336,24.31460335718854,0.10079104862243289
2011 UV31,310260,MBO,MBO,21164711205876054,745297385624699053,18.29068,3.2232523,3.1071744,149.1803371751956,3.35434540722899,2025052300192,70,60819.063488538115,i,149.18033875228264,3.3543448059100864,47.42006301879883,13694.0,285.361,False,13040.0,0.249376,14277.4,282.429,False,558.146,59.5363,21.058674191171747,0.022625000796607474,21.111806021510247,2.0763539162855154e-05,21.013377152755254,0.02147753558383913,24.533130465897067,0.11581327748551863
2011 UV31,310260,MBO,MBO,21164711205876054,745297385778839579,18.290676,3.2232523,3.1071818,149.1804275471748,3.3543255864733434,2025052300193,108,60819.064015990574,i,149.18043415550727,3.354323707596095,50.685367584228516,13879.5,272.205,False,13540.1,0.405071,14222.4,268.742,False,330.309,35.8731,21.044065446942135,0.021293476640888303,21.07094535174853,3.248131493711512e-05,21.01756774804064,0.020515729827346573,25.10269901337916,0.11791602673399036
2011 UV31,310260,MBO,MBO,21164711205876054,745297385914105903,18.290674,3.2232523,3.1071892,149.18051809680017,3.3543057273991868,2025052300194,110,60819.06454344802,i,149.18052175864347,3.3543078627132568,50.30793380737305,13888.1,270.818,False,13114.0,0.879403,14278.0,268.562,False,202.14,51.7033,21.043392943184156,0.021171859962732128,21.105662051673757,7.280766130571782e-05,21.01333155594356,0.02042215291677573,25.635869349866415,0.2777092381609888
2011 UV31,310260,MBO,MBO,21164711205876054,745297386047799413,18.29067,3.2232525,3.1071966,149.18060813814589,3.354285980443291,2025052300195,109,60819.06506858168,i,149.1806168670225,3.354282932213265,48.93184280395508,12971.1,265.03,False,12809.7,1.17636,13061.9,260.95,False,126.936,45.4557,21.117558013906763,0.022184138098338954,21.13115258645895,9.970699035947433e-05,21.109984081174574,0.02169078521595531,26.141038003754414,0.38880144544709844
2011 UV31,310260,MBO,MBO,21164711205876054,745297386183589926,18.290668,3.2232525,3.1072037,149.18069852871562,3.354266157549382,2025052300196,112,60819.06559514809,i,149.1807105831673,3.354266318018513,51.06977462768555,13809.1,268.062,False,13243.2,1.12506,14004.0,266.236,False,53.0116,36.6583,21.04958659418122,0.02107629313107095,21.095017639350484,9.223739847983175e-05,21.03436974476751,0.020641392173146495,27.089072709044068,0.7508024943008336
2011 UV31,310260,MBO,MBO,21164711205876054,745297386319904806,18.290665,3.2232525,3.107211,149.18078841094666,3.3542464467863584,2025052300197,116,60819.06611941331,i,149.1807976151904,3.3542468797073686,52.333168029785156,13476.3,252.858,False,13295.2,0.359731,13542.3,250.496,False,-43.6825,55.1772,21.07607333979105,0.020371844727196133,21.090762797003478,2.9376989643763437e-05,21.070768939631048,0.020083189905351472,nan,nan
2011 UV31,310260,MBO,MBO,21164711205876054,745297386454122608,18.290663,3.2232525,3.1072185,149.18087847087008,3.354226697711726,2025052300198,116,60819.06664482081,i,149.18088595456447,3.3542200603076195,48.07331085205078,13681.9,274.94,False,13831.0,2.24513,13693.4,272.468,False,-99.7003,46.3609,21.05963393931737,0.02181804473532547,21.047866046693194,0.0001762431489275099,21.058721732566546,0.021603717831236435,nan,nan
2011 UV31,310260,MBO,MBO,21164711205876054,745297386586767462,18.290659,3.2232525,3.107226,149.18096785076966,3.3542070984117305,2025052300199,113,60819.067165975925,i,149.1809673504771,3.3542029128739084,51.899803161621094,13431.2,254.135,False,12851.3,1.3926,13530.2,253.742,False,-106.186,48.0373,21.079712943958864,0.02054347790366327,21.127632361871562,0.0001176531811051555,21.07173944363597,0.02036162635158082,nan,nan
2011 UV31,310260,MBO,MBO,21164711205876054,745297386720460878,18.290657,3.2232525,3.1072333,149.18105775149547,3.3541873855656616,2025052300200,112,60819.06768914743,i,149.18105865713895,3.3541865767513395,51.48070526123047,13782.8,263.346,False,12901.5,1.671,13917.7,264.262,False,-64.8524,46.7041,21.051656379834355,0.020745008245237,21.123399483195428,0.00014062436168605117,21.041081307467827,0.0206153897381318,nan,nan
2011 UV31,310260,MBO,MBO,21164711205876054,745297386856251398,18.290653,3.2232525,3.1072404,149.18114748690908,3.354167709634225,2025052300201,115,60819.06821238123,i,149.1811515600241,3.354163584815738,49.73485565185547,13413.8,264.429,False,12883.4,0.732114,13611.0,265.298,False,-8.34255,51.6183,21.081120449023068,0.021403340397878355,21.124923739959684,6.169820623263398e-05,21.0652749150358,0.021162563232396705,nan,nan
2011 UV31,310260,MBO,MBO,21164711205876054,745297386990469210,18.29065,3.2232525,3.1072478,149.18123757174408,3.354147957760267,2025052300202,115,60819.068737992246,i,149.18124214327514,3.3541436888018006,49.11134719848633,13422.5,270.644,False,12824.5,0.915924,13504.9,268.264,False,41.7441,35.7714,21.080416468411812,0.021892196157142656,21.129898895262382,7.754312927235912e-05,21.07377153682932,0.02156727832310928,27.348512279439095,0.9303903020760651
2011 UV31,310260,MBO,MBO,21164711205876054,745301777339383878,18.281252,3.2232668,3.1198504,149.34202749904856,3.3193966943760493,2025052400145,25,60819.98026129721,i,149.34203215086785,3.3193954633583993,48.2386360168457,14753.3,295.626,False,15487.8,0.561289,14801.4,294.046,False,1.30172,22.6463,20.977777080284188,0.021755936855085325,20.925025684225538,3.9347861530727036e-05,20.974242982940076,0.021569335925711225,31.113706036873477,18.888783059289874
2011 UV31,310260,MBO,MBO,21164711205876054,745301777473601583,18.281246,3.2232668,3.1198578,149.34211802158782,3.319376391212054,2025052400146,25,60819.9807832778,i,149.34213024416246,3.3193759501214313,50.5206413269043,14804.1,287.228,False,15348.5,1.21687,14884.0,284.877,False,-20.0494,39.0603,20.974045003542358,0.02106536995852419,20.93483515365173,8.608005743342725e-05,20.968200846626257,0.020780790659572425,nan,nan
2011 UV31,310260,MBO,MBO,21164711205876054,745301777608343600,18.281242,3.2232668,3.119865,149.34220872042224,3.319356048338396,2025052400147,26,60819.98130642876,i,149.34221353562967,3.319354335294858,58.534889221191406,15149.5,257.271,False,15766.0,0.896139,15060.1,253.965,False,-46.7204,56.6308,20.949004251373548,0.018438128974102887,20.905696194432835,6.171321734658906e-05,20.955430389120025,0.018309240869407294,nan,nan
2011 UV31,310260,MBO,MBO,21164711205876054,745301778162515974,18.281227,3.223267,3.119894,149.34257206493714,3.319274552089351,2025052400151,59,60819.98340187362,i,149.34257549619457,3.3192739872863073,56.49325942993164,15013.9,260.61,False,14318.5,0.893846,15040.5,257.234,False,-44.3787,74.4082,20.958766174441934,0.018846115203638856,21.010256190378374,6.777811481426527e-05,20.956844315007295,0.01856908190800545,nan,nan
2011 UV31,310260,MBO,MBO,21164711205876054,745301778296733811,18.281223,3.223267,3.1199012,149.3426624314395,3.319254282997365,2025052400152,59,60819.98392289992,i,149.34266642305656,3.319251951468342,52.767086029052734,15021.8,282.917,False,13743.2,0.490047,14981.4,282.167,False,-76.1401,68.5773,20.958195075384076,0.020448496541898346,21.054780317875043,3.87145476191491e-05,20.96111897234988,0.020449284527325296,nan,nan
2011 UV31,310260,MBO,MBO,21164711205876054,745301778839371961,18.281174,3.223267,3.119988,149.3437448109866,3.319011497812102,2025052400156,70,60819.99016198833,i,149.34398495327304,3.318956148416305,45.931941986083984,963.25,260.654,False,12108.3,3.23333,3203.86,256.866,False,2285.37,67.8172,23.9406524557874,0.29379857327024833,21.19229208584187,0.0002899286862647712,22.635816137759377,0.08704771859718496,23.002608639055868,0.03221867148497209
2011 UV31,310260,MBO,MBO,21164711205876054,745301778994036738,18.28117,3.223267,3.1199954,149.34383573819645,3.3189911016406217,2025052400157,109,60819.990685411554,i,149.344035495783,3.318957312036783,44.88448715209961,3293.88,266.255,False,11515.7,2.31905,5622.88,262.281,False,2331.63,63.5428,22.60573060549525,0.08776358239647979,21.246774125639867,0.00021864728873413354,22.025102984712575,0.050644507764136135,22.980850968197263,0.029589052705592034
2011 UV31,310260,MBO,MBO,21164711205876054,745301779107807237,18.281166,3.223267,3.1200025,149.3439264952025,3.3189707435859086,2025052400158,70,60819.99120829157,i,149.3441098895889,3.3189267933965563,43.728763580322266,4414.17,285.501,False,12227.8,3.49586,6946.99,281.916,False,2499.34,68.8267,22.28787738210884,0.07022357212521593,21.181629200550027,0.0003104059550974195,21.79550827907006,0.04406028818301905,22.905436612339862,0.02989894755172828
2011 UV31,310260,MBO,MBO,21164711205876054,745301779241500732,18.281162,3.223267,3.12001,149.34401708200875,3.3189504236528595,2025052400159,69,60819.991730077396,i,149.34401676416317,3.318949918108788,40.229225158691406,12516.6,303.875,False,11505.5,1.54081,15018.2,300.525,False,2556.35,45.185,21.156284100230927,0.02635924288684274,21.247736258107086,0.00014540117245523458,20.95845527686478,0.0217263628174281,22.88094917218757,0.019191030191055142
2011 UV31,310260,MBO,MBO,21164711205876054,745301779375718521,18.281157,3.223267,3.120017,149.34410819273296,3.318929986146287,2025052400160,69,60819.99225536175,i,149.3441080812452,3.318929394850001,42.95645523071289,12669.3,295.46,False,11710.3,3.23252,15064.8,291.718,False,2435.41,62.1592,21.14311846661212,0.02532038981835575,21.228579965168215,0.0002997074513433263,20.955091588170585,0.021024426758877158,22.93356982679633,0.02771134839272535
2011 UV31,310260,MBO,MBO,21164711205876054,745301779530383385,18.281153,3.223267,3.1200244,149.3441991332351,3.3189095867774574,2025052400161,108,60819.99277955042,i,149.34403007680646,3.318951578789496,44.91516876220703,4246.12,267.604,False,11537.1,2.48654,6655.56,263.508,False,2400.7,60.5096,22.330019310932677,0.0684265511950946,21.244758394320574,0.00023400392471999544,21.842038483034223,0.04298664102695415,22.949155290916693,0.027365962644752783
2011 UV31,310260,MBO,MBO,21164711205876054,745301779665649826,18.281149,3.223267,3.1200316,149.34428920935324,3.3188893812640767,2025052400162,110,60819.993298227986,i,149.34407286823827,3.318947443432728,47.95112609863281,1538.49,241.319,False,11536.5,0.746752,3700.06,237.753,False,2114.29,59.2589,23.432263312564896,0.17030255453347778,21.244814823973364,7.027917549552501e-05,22.479478066248614,0.06976563685353777,23.087088590674362,0.03043079788367313
2011 UV31,310260,MBO,MBO,21164711205876054,745301779800391801,18.281145,3.223267,3.120039,149.34437998308505,3.318869019230867,2025052400163,111,60819.99382186806,i,149.3441383518973,3.3189162423820178,50.14283752441406,1120.02,250.866,False,12751.7,0.10951,3372.6,249.334,False,2272.59,44.607,23.77693553641774,0.24318698869423008,21.136079766268125,9.324165937133957e-06,22.58008787937021,0.08026772894529727,23.008697229672794,0.021311116973480686
2011 UV31,310260,MBO,MBO,21164711205876054,745301779936182304,18.281141,3.223267,3.1200461,149.34447041308383,3.318848734274093,2025052400164,114,60819.99434295512,i,149.344225639491,3.3189137925290915,52.87510299682617,724.601,239.438,False,13076.4,1.94653,2975.91,236.351,False,2235.01,51.4368,24.24975265760667,0.35877193725722445,21.108779475204532,0.00016162078359929189,22.715950550142324,0.08623071364945355,23.026801318716863,0.024987267934068573
2011 UV31,310260,MBO,MBO,21164711205876054,745301781030371467,18.281107,3.2232673,3.1201043,149.34519432506383,3.318686348389168,2025052400172,153,60819.998512696766,i,149.34519976953683,3.3186852080667197,56.23069763183594,15008.1,261.177,False,14745.6,0.540129,15014.4,257.953,False,-76.6267,50.6943,20.95918574131272,0.018894419297001287,20.978343906924533,3.977034725549818e-05,20.958730017344244,0.01865335325556635,nan,nan
2011 UV31,310260,MBO,MBO,21164711205876054,745301781113733132,18.281082,3.2232673,3.1201499,149.34576493612022,3.318558351360329,2025052400173,56,60820.00179829667,z,149.34578002097211,3.3185679385044202,23.191312789916992,15698.6,662.537,False,16012.8,6.34775,15575.9,661.746,False,-308.521,31.397,20.9103477175512,0.0458219466708671,20.888831814889798,0.00043040456889256094,20.918867097084892,0.046127770580629314,nan,nan
2011 UV31,310260,MBO,MBO,21164711205876054,745301781247950852,18.281076,3.2232673,3.1201572,149.34585594181246,3.318537937523993,2025052400174,56,60820.00232259649,z,149.3458508211888,3.318545807155859,22.058937072753906,14767.8,650.788,False,16503.7,9.58908,14482.5,645.391,False,-314.7,30.304,20.97671050915755,0.047846268882601614,20.856046750036892,0.0006308410637474033,20.99789115707226,0.04838421304211638,nan,nan
2011 UV31,310260,MBO,MBO,21164711205876054,745301781382168592,18.281073,3.2232673,3.1201646,149.34594695138188,3.318517522880505,2025052400175,56,60820.002846007206,z,149.34594811822683,3.3185240041799293,26.187633514404297,16207.9,622.134,False,15077.2,0.109316,16084.0,620.61,False,-221.278,22.6613,20.875683102580236,0.04167556324466669,20.95419824640068,7.87204097416504e-06,20.884014838922816,0.041893728558232014,nan,nan
2011 UV31,310260,MBO,MBO,21164711205876054,745301781520056416,18.281069,3.2232673,3.1201718,149.34603709625733,3.3184973022662074,2025052400176,63,60820.00336581418,z,149.34604391427612,3.318480841872793,23.545143127441406,14288.7,597.438,False,13137.4,4.62048,14167.7,592.58,False,-63.4671,27.0748,21.012518190037618,0.045396715244092896,21.10372640956261,0.0003818580796785207,21.02175160471771,0.04541213957813025,nan,nan
2011 UV31,310260,MBO,MBO,21164711205876054,745301781655846999,18.281065,3.2232673,3.120179,149.34612793970777,3.318476925025984,2025052400177,66,60820.003888935134,z,149.34612562249325,3.3184760543839515,30.382007598876953,16142.5,523.258,False,15356.6,1.05219,16002.6,521.189,False,-0.356893,138.228,20.880073012305306,0.03519406227399892,20.9342623472151,7.439151556356745e-05,20.889523652063396,0.03536136682366516,nan,nan
2011 UV31,310260,MBO,MBO,21164711205876054,745301781925855234,18.281055,3.2232673,3.1201937,149.34630963817654,3.3184361681927785,2025052400179,69,60820.00493446327,z,149.34631250891636,3.3184337475955785,29.623369216918945,16985.9,572.04,False,15715.2,0.102147,16960.6,567.814,False,-133.093,30.2886,20.82477856762577,0.036564709578547044,20.909200205377417,7.057160749435823e-06,20.82639699540467,0.03634872938840138,nan,nan
2011 UV31,310260,MBO,MBO,21164711205876054,745301782060073047,18.281052,3.2232673,3.1202009,149.34640031947478,3.3184158275776925,2025052400180,69,60820.005456584026,z,149.34640316717912,3.3184055504084116,27.694225311279297,16389.1,585.968,False,15758.9,3.4085,16167.5,580.967,False,-188.796,28.8526,20.863612263026347,0.03881889223194367,20.906185223928432,0.0002348343929180157,20.878392825952112,0.039015115752824264,nan,nan
2011 UV31,310260,MBO,MBO,21164711205876054,745301782194815006,18.281048,3.2232673,3.1202083,149.34649100475326,3.3183954861650187,2025052400181,70,60820.00597883633,z,149.3464970652123,3.3184025569347844,27.19191551208496,15778.7,576.483,False,14478.9,1.18007,15637.1,572.488,False,-213.344,30.4851,20.904821939010027,0.039667933701851496,20.998161049148532,8.849047474916855e-05,20.91460949335266,0.03974975781569052,nan,nan
2011 UV31,310260,MBO,MBO,21164711205876054,745301782329032889,18.281044,3.2232673,3.1202154,149.3465820413514,3.318375066049753,2025052400182,70,60820.00650210535,z,149.34659025214359,3.318368636202709,27.910018920898438,16669.7,598.087,False,15810.8,7.08895,16619.8,589.844,False,-243.392,29.9271,20.845180590834246,0.03895479300114767,20.902615400758233,0.0004868020552052376,20.84843546583861,0.03853325247557221,nan,nan
2011 UV31,310260,MBO,MBO,21164711205876054,745301782483697702,18.28104,3.2232673,3.1202228,149.34667290821702,3.318354684113316,2025052400183,109,60820.00702511784,z,149.34667637989253,3.318349997504237,22.380985260009766,14796.3,650.606,False,14580.0,8.81091,14714.9,647.884,False,-259.669,25.5496,20.974617193830525,0.04774075398394091,20.990606190045106,0.000656126490264974,20.980606683545368,0.047803999102395175,nan,nan
2011 UV31,310260,MBO,MBO,21164711205876054,745301782619488259,18.281034,3.2232673,3.12023,149.34676325784113,3.3183344183080523,2025052400184,112,60820.00754595589,z,149.34676880379152,3.3183460302670627,28.080974578857422,15650.2,549.748,False,14507.6,0.551468,15476.0,545.205,False,-187.611,96.9578,20.913700256609573,0.03813889178861456,20.996011097203528,4.127138916609798e-05,20.92585319737698,0.03824947183188279,nan,nan
2011 UV31,310260,MBO,MBO,21164711205876054,745301782886350887,18.281027,3.2232673,3.1202445,149.34694414263012,3.318293845434556,2025052400186,109,60820.0085868014,z,149.34694992657933,3.3183000659323065,28.427326202392578,15786.8,549.594,False,14649.4,0.0659162,15824.2,542.491,False,-107.777,96.1075,20.904264745914027,0.03779829381119562,20.985450377246025,4.885360910898537e-06,20.901695578401373,0.03722160629945535,nan,nan
2011 UV31,310260,MBO,MBO,21164711205876054,745301783829020724,18.280996,3.2232676,3.1202955,149.34758023497173,3.3181511727946997,2025052400193,115,60820.012246618,z,149.34784255566095,3.3180929182745422,28.682477951049805,1688.16,493.016,False,14453.6,5.16443,4652.83,486.612,False,2936.78,102.954,23.331465963786087,0.31708208957958,21.000059950468085,0.0003879454899164572,22.23070701915048,0.11355073292350402,22.730321454462686,0.038062397147220504
2011 UV31,310260,MBO,MBO,21164711205876054,745301783983685674,18.280993,3.2232676,3.1203027,149.34767132063027,3.31813074331828,2025052400194,154,60820.0127708697,z,149.34792220223156,3.318063907816164,29.475433349609375,1777.95,477.709,False,13739.6,2.87681,4862.78,472.016,False,3077.16,104.973,23.275201171175773,0.2917213572105061,21.05506480756029,0.00022733245074065824,22.182788493392408,0.10538927805180114,22.679624834988992,0.03703836960493573
2011 UV31,310260,MBO,MBO,21164711205876054,745301784117903460,18.280989,3.2232676,3.12031,149.3477622366437,3.318110352064052,2025052400195,154,60820.01329302211,z,149.34776913417875,3.318110483897394,26.495622634887695,12678.9,477.438,False,12281.3,6.61326,15437.7,469.949,False,2720.08,102.441,21.14229602524292,0.0408845951488927,21.17688916683685,0.00058464948353928,20.928543493627362,0.03305159724576891,22.813545775782252,0.04088993757956075
2011 UV31,310260,MBO,MBO,21164711205876054,745301784252121116,18.280985,3.2232676,3.1203172,149.34785263531103,3.318090077020244,2025052400196,154,60820.01381386521,z,149.3480823164506,3.318055501868354,26.711124420166016,1122.18,439.589,False,11677.5,2.92741,3995.16,434.012,False,2854.36,108.349,23.774843637424524,0.42531292484831623,21.231625310100448,0.00027218110904076684,22.39616458182818,0.11794835373529151,22.761228092418783,0.04121359133459271
2011 UV31,310260,MBO,MBO,21164711205876054,745301784387387422,18.28098,3.2232676,3.1203246,149.34794373362178,3.318069645240403,2025052400197,156,60820.014337399916,z,149.34814847901245,3.318028071242942,26.040294647216797,2222.28,451.196,False,11498.0,5.72157,5159.6,447.297,False,2905.04,106.788,23.033003041350476,0.22044019737526624,21.24844423922511,0.0005402779364492651,22.118459894241806,0.0941248420046031,22.742119693791636,0.03991118830085883
2011 UV31,310260,MBO,MBO,21164711205876054,745301784520032391,18.280975,3.2232676,3.120332,149.3480346624084,3.318049251671152,2025052400198,153,60820.01486095751,z,149.34804137468467,3.3180444308313275,28.94782257080078,13078.1,454.559,False,12416.9,5.03016,16242.1,452.367,False,2910.35,128.774,21.108638397889404,0.03773722237189903,21.164967007027286,0.00043983817232206765,20.873394576002806,0.03023939307856652,22.740136912127333,0.04804047334278886
2011 UV31,310260,MBO,MBO,21164711205876054,745301784657395734,18.280972,3.2232676,3.1203392,149.34812611716308,3.3180287403334923,2025052400199,159,60820.015386180174,z,149.34813278105148,3.3180289001543577,28.698986053466797,12980.9,438.071,False,11889.9,5.07029,16005.9,436.115,False,2791.98,113.733,21.116737956605288,0.03664072185141887,21.21205445932861,0.0004629977827415682,20.889299725436416,0.02958320511681689,22.785219250225275,0.04422812430429054
2011 UV31,310260,MBO,MBO,21164711205876054,745301784786370606,18.280968,3.2232676,3.1203465,149.34821722844995,3.3180083062292947,2025052400200,149,60820.0159104199,z,149.34822084826013,3.3180159112933785,28.0572566986084,13205.3,469.658,False,12677.4,5.30357,16098.2,464.795,False,2848.64,128.524,21.0981293360019,0.03861515380931945,21.142424482806433,0.0004542159718913067,20.883056690190134,0.031347900246418564,22.763406120276958,0.0489858906339884
2011 UV31,310260,MBO,MBO,21164711205876054,745301784925831234,18.280962,3.2232676,3.120354,149.3483081702527,3.317987910341988,2025052400201,159,60820.016433712604,z,149.3480775213982,3.3180352975274534,28.675851821899414,1384.39,437.046,False,12439.4,1.91078,4327.64,434.028,False,2966.71,127.55,23.546853854632875,0.3427622631309276,21.16300138297933,0.00016677676649630557,22.30937214998424,0.10889073837607549,22.719312275530363,0.04667987705361698
2011 UV31,310260,MBO,MBO,21164711205876054,745301785060048910,18.280958,3.2232676,3.120361,149.34839981202143,3.3179673576836346,2025052400202,159,60820.01696019084,z,149.34820914655543,3.3180143773344115,30.63286018371582,2346.74,419.515,False,12805.5,3.6276,5176.42,418.062,False,2795.26,141.085,22.973837564735746,0.19409165128598474,21.131508648806612,0.0003075722624726646,22.114926250112376,0.08768706341595467,22.783944471631326,0.05480030451644217
2011 UV31,310260,MBO,MBO,21164711205876054,745301785412370519,18.280943,3.2232676,3.1203864,149.34871424514537,3.317896840925629,2025052400205,63,60820.01876831184,z,149.3484437988662,3.3179532932117106,30.748165130615234,1216.68,506.121,False,15876.0,2.38034,3206.19,501.188,False,1877.15,129.382,23.68705902931385,0.4516502875164215,20.89814727441218,0.00016278794567178536,22.635026881762922,0.16972105652236436,23.216252541446792,0.07483404305763215
2011 UV31,310260,MBO,MBO,21164711205876054,745301785811353687,18.280907,3.2232676,3.1204495,149.34950056320193,3.3177205090552246,2025052400208,56,60820.023288582335,r,149.3495116470731,3.317721956166031,61.10812759399414,12914.4,209.26,False,12071.9,0.468146,13072.7,210.059,False,60.9517,12.3135,21.122314382764223,0.017592853355274014,21.19556089182462,4.210464308710938e-05,21.10908674665573,0.017446179003345177,26.93753547271684,0.2193411105594803
2011 UV31,310260,MBO,MBO,21164711205876054,745301785949241430,18.280901,3.2232676,3.1204567,149.3495917425867,3.317700063367879,2025052400209,63,60820.02381293694,r,149.34959894508117,3.3177035169289115,58.14304733276367,13462.4,229.485,False,12981.8,0.325,13479.4,226.971,False,47.7809,6.93239,21.07719374265402,0.01850785642842054,21.11666273127019,2.7181458573717552e-05,21.07582356565061,0.018282016813373263,27.201864207004935,0.15752627492925417
2011 UV31,310260,MBO,MBO,21164711205876054,745301786083459188,18.280897,3.2232676,3.120464,149.34968223065263,3.3176797729840697,2025052400210,63,60820.024332603716,r,149.34969074355408,3.317674467507579,60.69491958618164,13446.9,216.634,False,13023.4,0.860543,13580.5,216.116,False,29.7796,7.65136,21.078444530489186,0.017491568544774194,21.113189018283503,7.174183980588357e-05,21.06771060031488,0.017278079799102567,27.715202844755996,0.278961388519808
2011 UV31,310260,MBO,MBO,21164711205876054,745301786219774019,18.280893,3.2232676,3.1204712,149.34977324532224,3.317659364810052,2025052400211,67,60820.02485572451,r,149.34977907599304,3.317660856579718,56.59996032714844,13680.7,237.778,False,12691.2,0.346493,13816.2,236.8,False,29.552,7.35284,21.059729185783457,0.0188706849413233,21.141243262817977,2.964258661524972e-05,21.04902845628215,0.018608758773440294,27.723532803077767,0.27014227550110764
2011 UV31,310260,MBO,MBO,21164711205876054,745301786355040327,18.280888,3.2232676,3.1204786,149.34986374270474,3.317639072922369,2025052400212,69,60820.025375670215,r,149.34987079195454,3.3176362773796226,54.832881927490234,13098.9,235.126,False,11757.0,0.150376,13268.3,235.356,False,20.281,6.4323,21.106912900999482,0.01948902663232455,21.224258704505587,1.3886933323498833e-05,21.09296180978476,0.01925902617644419,28.132276580026595,0.34435092160889896
2011 UV31,310260,MBO,MBO,21164711205876054,745301786488209501,18.280884,3.2232676,3.1204858,149.3499551149627,3.317618585168858,2025052400213,67,60820.02590084262,r,149.34996020333227,3.317608963971157,52.307594299316406,13522.8,255.846,False,12515.7,0.220618,13531.5,254.332,False,5.71315,5.87588,21.072333453337762,0.02054169709675789,21.156362121540894,1.9138597161334394e-05,21.071635145310346,0.020407010399716333,29.507810928593724,1.116661625884641
2011 UV31,310260,MBO,MBO,21164711205876054,745301786623475792,18.28088,3.2232676,3.1204932,149.35004596979485,3.3175982137422024,2025052400214,69,60820.026422853975,r,149.35005577591804,3.3175989333533566,49.62944030761719,13682.8,272.407,False,12941.7,0.537329,13789.9,273.101,False,-17.6417,5.32973,21.059562568068706,0.02161561673050696,21.120021662928316,4.507889690158194e-05,21.051097177192382,0.021502378492243478,nan,nan
2011 UV31,310260,MBO,MBO,21164711205876054,745301786778140694,18.280876,3.2232676,3.1205006,149.3501370034865,3.3175778025253115,2025052400215,108,60820.026945783255,r,149.3501458138168,3.317577313114652,56.582923889160156,13316.6,234.604,False,12057.4,0.104175,13332.2,233.345,False,-30.2458,8.14948,21.08901664501175,0.019127860587090834,21.19686579303222,9.38067634545902e-06,21.087745434073405,0.01900294867412234,nan,nan
2011 UV31,310260,MBO,MBO,21164711205876054,745301786912882693,18.28087,3.2232678,3.1205077,149.3502275197827,3.3175575076333352,2025052400216,109,60820.02746558065,r,149.35023685077013,3.317549831681334,59.21260452270508,13286.9,224.811,False,12236.1,0.331377,13362.4,224.891,False,-32.1961,6.72586,21.09144080201707,0.01837038284237279,21.180892490622078,2.9403814728038624e-05,21.085288797996384,0.01827308722315992,nan,nan
2011 UV31,310260,MBO,MBO,21164711205876054,745301787047100506,18.280867,3.2232678,3.120515,149.35031908526332,3.3175369778274297,2025052400217,109,60820.027991999144,r,149.35032473345544,3.317533177418178,57.56813430786133,13804.6,237.803,False,12769.7,0.185777,13891.1,238.394,False,-35.9631,6.61119,21.049940462956712,0.018703282039807232,21.134548247258426,1.579557898091988e-05,21.043158436163182,0.018633009698821354,nan,nan
2011 UV31,310260,MBO,MBO,21164711205876054,745301787182891014,18.280863,3.2232678,3.1205223,149.3504099593363,3.317516603371119,2025052400218,112,60820.0285134994,r,149.3504196415208,3.3175131360731487,57.58817672729492,13638.9,234.721,False,12215.4,0.10935,13572.7,232.443,False,-25.6934,6.61402,21.063051606004976,0.01868516323630058,21.18273073339455,9.71930954196365e-06,21.068334359614795,0.01859407263027358,nan,nan
2011 UV31,310260,MBO,MBO,21164711205876054,745301787317108837,18.280857,3.2232678,3.1205297,149.35050136051277,3.317496111072312,2025052400219,112,60820.0290386908,r,149.35050410621318,3.3174968184428035,55.900367736816406,13378.7,237.418,False,12041.6,0.189941,13557.0,238.284,False,-14.3481,6.59981,21.083965195759856,0.019267441059510757,21.19828954362145,1.7126115417591552e-05,21.069591009872838,0.01908339323623026,nan,nan
2011 UV31,310260,MBO,MBO,21164711205876054,745301787452899339,18.280853,3.2232678,3.120537,149.3505929406719,3.317475578989338,2025052400220,115,60820.029564888915,r,149.3505966233507,3.3174742306147054,55.34386444091797,13321.6,236.297,False,12098.6,0.0632335,13395.1,236.077,False,0.493245,6.57074,21.088609058819983,0.019258663547755475,21.19316223890258,5.674615651299633e-06,21.082635131298247,0.019135157556056055,32.16734325884396,14.463583961298186
2011 UV31,310260,MBO,MBO,21164711205876054,745301787585544198,18.28085,3.2232678,3.1205444,149.35068417753635,3.317455124220162,2025052400221,112,60820.030088322615,r,149.35068964291048,3.317454400918786,53.475345611572266,13163.0,242.878,False,12105.5,0.433158,13119.4,241.88,False,0.766595,6.82114,21.101612796758932,0.02003353676468257,21.19254316988102,3.884972401828133e-05,21.105215033779245,0.02001752143306846,31.688585035748947,9.660848810983177
2011 UV31,310260,MBO,MBO,21164711205876054,745301787719761982,18.280844,3.2232678,3.1205516,149.35077559350532,3.317434629650311,2025052400222,112,60820.030613783456,r,149.35077791869475,3.3174286209691024,50.94835662841797,13501.3,262.33,False,12494.5,0.215054,13516.7,261.681,False,-19.5254,5.98781,21.074061047127365,0.02109583285576223,21.158202796540053,1.868757610341685e-05,21.072823297221387,0.021019666888133642,nan,nan
2011 UV31,310260,MBO,MBO,21164711205876054,745301787853455467,18.28084,3.2232678,3.120559,149.3508663178818,3.31741429048387,2025052400223,111,60820.031134837554,r,149.3508730470168,3.3174134851213077,62.60955047607422,13309.5,211.72,False,11933.6,0.0718357,13347.8,211.77,False,-13.2608,14.9089,21.089595648563446,0.017271277703651732,21.20807134373862,6.5357158989094786e-06,21.0864757892002,0.017225787327110546,nan,nan
2011 UV31,310260,MBO,MBO,21164711205876054,745306225985978425,18.26807,3.2232823,3.13355,149.51956138773028,3.280181065796599,2025052500522,25,60820.97117170756,g,149.51956417433777,3.2801735179475884,45.69995880126953,7764.5,169.437,False,7551.0,0.760081,7797.64,168.854,False,-40.5785,5.4936,21.674716264272703,0.02369294629171931,21.704988824329938,0.00010928982291605934,21.670092028744527,0.023511075420894194,nan,nan
2011 UV31,310260,MBO,MBO,21164711205876054,745306226270666764,18.268059,3.2232823,3.1335645,149.5197466182924,3.280138705034949,2025052500524,56,60820.972220035575,g,149.51974892600427,3.2801487932122075,49.76792526245117,7536.93,150.025,False,6852.0,0.105082,7539.04,149.477,False,-58.7828,5.35144,21.707013770336303,0.021611924708476702,21.810456614266315,1.6650806989576703e-05,21.706709875471315,0.021526957712350192,nan,nan
2011 UV31,310260,MBO,MBO,21164711205876054,745306226406457370,18.268053,3.2232823,3.1335719,149.51983897248277,3.2801175840263257,2025052500525,59,60820.97274321155,g,149.51984288238427,3.280116103567093,49.96833038330078,7590.0,151.422,False,7152.44,0.0987308,7562.77,151.041,False,-62.117,5.32303,21.699395560261298,0.021660651438210495,21.763864450627917,1.4987278147923426e-05,21.703297765262256,0.02168394412060218,nan,nan
2011 UV31,310260,MBO,MBO,21164711205876054,745306226539102236,18.268047,3.2232823,3.133579,149.51993062285618,3.280096623763279,2025052500526,56,60820.97326288884,g,149.51993426554935,3.2800966643795046,47.95466613769531,7524.61,156.346,False,7206.45,0.12432,7511.15,155.711,False,-62.3898,5.22393,21.70879003123446,0.02255937625987835,21.755696526213345,1.8730265493067227e-05,21.710733926459717,0.022508014190464505,nan,nan
2011 UV31,310260,MBO,MBO,21164711205876054,745306226674892846,18.268042,3.2232823,3.1335862,149.52002298216863,3.2800755011571554,2025052500527,59,60820.97378587482,g,149.52002825247828,3.2800733995874554,49.66566848754883,7578.87,152.143,False,7430.43,0.194071,7554.61,151.981,False,-49.1336,5.64723,21.700988838969526,0.021795751434965555,21.72246510639264,2.8357699409271828e-05,21.704469896677395,0.021842461777636563,nan,nan
2011 UV31,310260,MBO,MBO,21164711205876054,745306226810683403,18.268036,3.2232823,3.1335936,149.52011516744227,3.280054418148937,2025052500528,62,60820.9743077991,g,149.52011744999695,3.2800601660153466,47.788700103759766,7596.73,157.788,False,7295.16,0.188342,7531.06,154.641,False,-33.7949,4.82173,21.698433274905604,0.022551300180494442,21.74241292316446,2.8030876545691663e-05,21.707859722448024,0.02229425049835143,nan,nan
2011 UV31,310260,MBO,MBO,21164711205876054,745306226946998298,18.26803,3.2232823,3.1336007,149.5202070021991,3.2800334151071526,2025052500529,66,60820.97482747467,g,149.52021610516638,3.280033965127228,46.63643264770508,7817.69,166.077,False,7356.86,0.747317,7768.32,164.038,False,-17.374,4.58635,21.667303895454815,0.02306510088310706,21.73326879127995,0.00011029014496907103,21.67418225672216,0.022926706609606187,nan,nan
2011 UV31,310260,MBO,MBO,21164711205876054,745306227082788883,18.268024,3.2232823,3.1336079,149.52029936929776,3.2800122901228352,2025052500530,69,60820.97535075101,g,149.52030466584543,3.280017616606538,50.607662200927734,7505.2,147.014,False,6976.34,0.0239263,7495.72,145.515,False,12.0917,5.34349,21.71159429700616,0.02126771124949416,21.79093092860673,3.7236791419696923e-06,21.712966580719975,0.021077481368612126,28.69378162685569,0.4798019202375919
2011 UV31,310260,MBO,MBO,21164711205876054,745306227217006649,18.268019,3.2232823,3.1336153,149.5203912093377,3.27999128549387,2025052500531,69,60820.97587058709,g,149.52039626052604,3.279984462236826,52.094268798828125,7316.3,139.563,False,7082.57,0.415393,7400.08,139.443,False,14.0957,6.23981,21.73927126617191,0.020711098483296723,21.77452283812773,6.367847051823556e-05,21.726908951584843,0.020459009170130986,28.527283359568436,0.48062795675297004
2011 UV31,310260,MBO,MBO,21164711205876054,745306227506413595,18.268007,3.2232823,3.1336298,149.52057684024888,3.279948829518528,2025052500533,109,60820.97692103904,g,149.52058344548394,3.2799452501736064,52.5670166015625,7491.53,141.324,False,6772.41,0.11734,7462.81,139.337,False,-15.9092,6.02358,21.71357372363729,0.020481876648449606,21.82314186917134,1.8811661089722756e-05,21.71774402945912,0.02027161759059344,nan,nan
2011 UV31,310260,MBO,MBO,21164711205876054,745306227619659812,18.268002,3.2232823,3.133637,149.52066957155478,3.279927620515165,2025052500534,69,60820.977446518904,g,149.52067488955248,3.279930296770616,54.681007385253906,7449.07,136.274,False,7050.6,0.104843,7466.15,134.955,False,-8.78481,6.57093,21.719744887065545,0.019862562885271603,21.779434793333785,1.6144985854001844e-05,21.717258236832222,0.019625313370038137,nan,nan
2011 UV31,310260,MBO,MBO,21164711205876054,745306227753877596,18.267994,3.2232823,3.1336443,149.5207617757713,3.279906531899809,2025052500535,69,60820.97796848843,g,149.52076571658063,3.2799018128549022,52.38874053955078,7523.54,141.896,False,7088.77,0.450242,7571.12,140.844,False,-2.29715,7.18333,21.708944408602644,0.020477277912965015,21.77357278301211,6.896034894448804e-05,21.70209965900184,0.02019772785192906,nan,nan
2011 UV31,310260,MBO,MBO,21164711205876054,745306227908542479,18.267988,3.2232823,3.1336515,149.5208530995004,3.279885644509576,2025052500536,108,60820.9784858992,g,149.52085924093305,3.2798843771247257,51.93221664428711,7585.64,144.582,False,7073.63,0.0309594,7674.41,144.955,False,7.51968,5.82113,21.700019410260353,0.020694089084413024,21.77589416935284,4.7519790237153424e-06,21.687387484490074,0.020507490522979826,29.209501597695766,0.8404894032401109
2011 UV31,310260,MBO,MBO,21164711205876054,745306228042760259,18.267982,3.2232823,3.1336586,149.52094566249716,3.279864473523003,2025052500537,108,60820.979009012066,g,149.52095413649948,3.27985766738654,56.29024887084961,7675.83,135.588,False,7301.25,0.127814,7710.87,134.753,False,11.5662,8.02619,21.687186619804116,0.019178746304848643,21.741506951880623,1.900664704274777e-05,21.68224153030341,0.018974021747289963,28.74202323156086,0.7534302245687473
2011 UV31,310260,MBO,MBO,21164711205876054,745306228179075082,18.267977,3.2232823,3.1336658,149.52103716848737,3.279843544148377,2025052500538,112,60820.97952775342,g,149.52104529491663,3.2798358305871953,51.09782409667969,7374.96,144.018,False,6892.95,0.207231,7441.19,143.506,False,20.4323,6.72584,21.730600832879958,0.021202225286192623,21.803987148672082,3.2641785178236964e-05,21.720894024151413,0.02093880917547156,28.12420682845369,0.3573992106668745
2011 UV31,310260,MBO,MBO,21164711205876054,745306228312768595,18.267971,3.2232823,3.1336732,149.52113044382253,3.279822209942824,2025052500539,111,60820.98005534505,g,149.5211435073411,3.2798241738234393,46.68650817871094,7440.44,159.613,False,7098.47,0.166212,7591.3,161.133,False,43.2922,8.11954,21.721003461378473,0.023291313601310842,21.772088089060198,2.5422716253144324e-05,21.69920964139665,0.023045846114780316,27.308975905315357,0.2036320433539941
2011 UV31,310260,MBO,MBO,21164711205876054,745306228417626121,18.267935,3.2232823,3.1337185,149.52170570782187,3.279690631032777,2025052500540,55,60820.983311723336,u,149.52175396508107,3.2796499488648627,5.961907863616943,1967.1,328.282,False,2117.51,36.5293,2035.13,322.768,False,58.8304,14.4611,23.165433917509837,0.18119448489804,23.085436320054292,0.018730104750574614,23.12851960663765,0.17219583433400465,26.975995523445977,0.266884804582459
2011 UV31,310260,MBO,MBO,21164711205876054,745306228824473613,18.267914,3.2232826,3.1337442,149.52203243756952,3.279615896997449,2025052500543,63,60820.9851604967,u,149.52210623807085,3.279579630549951,5.449398517608643,1888.65,340.904,False,2063.07,30.284,1881.3,331.893,False,-16.7553,15.8485,23.2096212784979,0.1959769154421486,23.113715054418705,0.015937624300751633,23.21385483308277,0.1915421478152006,nan,nan
2011 UV31,310260,MBO,MBO,21164711205876054,745306229092909088,18.2679,3.2232826,3.1337612,149.52225033783623,3.279566055330009,2025052500545,63,60820.986393106185,u,149.52221977395448,3.27959578866088,6.476785659790039,2129.1,329.133,False,2481.67,12.0287,2125.92,318.866,False,15.0165,21.6618,23.079509800328744,0.16784161998899655,22.913139957416725,0.005262583406119218,23.081132745748633,0.16284919962802172,28.45857816472377,1.566210514891339
2011 UV31,310260,MBO,MBO,21164711205876054,745306229226602499,18.267893,3.2232826,3.1337698,149.52235938297855,3.279541112618549,2025052500546,62,60820.98701003194,u,149.5223942196898,3.2794801162990987,6.626662731170654,1957.89,297.017,False,2178.38,17.5586,1825.0,287.917,False,-54.5168,19.4971,23.17052927133844,0.16470900104725472,23.054665955822664,0.008751461258921341,23.246842828018764,0.1712887136345382,nan,nan
2011 UV31,310260,MBO,MBO,21164711205876054,745306229360820237,18.267887,3.2232826,3.1337783,149.52246807898788,3.279516249682295,2025052500547,62,60820.987625629394,u,149.52247467177077,3.2795192044912165,6.756679058074951,2037.97,299.844,False,2311.65,5.72721,1994.24,294.103,False,-82.0619,17.2948,23.127005548927528,0.15974302119154468,22.990194847118005,0.0026899571996846306,23.15055644785572,0.16012028298786238,nan,nan
2011 UV31,310260,MBO,MBO,21164711205876054,745306229632925727,18.267872,3.2232826,3.1337955,149.52268495423635,3.279466641799974,2025052500549,69,60820.98885259776,u,149.5226778615845,3.2794787529169396,7.299872398376465,2254.88,305.91,False,2486.19,6.57548,2043.27,298.433,False,-226.814,13.2377,23.017191469965198,0.14729723250684673,22.911164237351926,0.0028715572224384542,23.124185593155097,0.1585789077343966,nan,nan
2011 UV31,310260,MBO,MBO,21164711205876054,745306229787590669,18.267866,3.2232826,3.1338038,149.52279348695976,3.2794418160168144,2025052500550,108,60820.98946626492,u,149.52284847446538,3.2794062170469775,6.675473213195801,2144.65,311.689,False,2232.41,8.45271,1874.34,301.22,False,-259.015,25.0909,23.0716089823458,0.15779359909449736,23.028065144607165,0.0041109893797800084,23.217879086063085,0.17448566796124015,nan,nan
2011 UV31,310260,MBO,MBO,21164711205876054,745306229922332698,18.267859,3.2232826,3.1338124,149.52290202422986,3.2794169891464056,2025052500551,109,60820.99008081766,u,149.52291389589155,3.2794537460006814,7.4074201583862305,2175.65,287.689,False,2426.76,12.551,1937.67,278.832,False,-258.736,16.2823,23.056027471093746,0.14356830004579288,22.937432925865647,0.005615336770738369,23.181800437013294,0.15623815787745127,nan,nan
2011 UV31,310260,MBO,MBO,21164711205876054,745306230056550435,18.26785,3.2232826,3.133821,149.52301091965066,3.2793920803142145,2025052500552,109,60820.99069647894,u,149.5229810932573,3.2794147767407296,6.039257526397705,1873.49,305.259,False,2055.21,7.46527,1615.72,297.867,False,-234.315,19.5721,23.218371557329633,0.17690553606992854,23.11785950962954,0.003943788769714669,23.379084767499947,0.20016153587137553,nan,nan
2011 UV31,310260,MBO,MBO,21164711205876054,745306230324461617,18.267838,3.2232826,3.1338382,149.52322854764122,3.2793422998230546,2025052500554,108,60820.99192794111,u,149.5232973859039,3.279278782397238,6.541643142700195,2598.63,392.953,False,2525.47,32.6701,2559.81,386.73,False,-102.338,14.3894,22.86313892927609,0.16418009539220432,22.89414447783301,0.01404535079025835,22.879480646842442,0.16403044162777977,nan,nan
2011 UV31,310260,MBO,MBO,21164711205876054,745306230458679320,18.26783,3.2232826,3.1338468,149.5233369266573,3.2793175090549918,2025052500555,108,60820.99254046436,u,149.52338056295474,3.279263653115174,6.111252784729004,2399.77,393.158,False,2957.77,125.172,2280.8,385.671,False,-54.5258,15.7927,22.949575941590048,0.17787782159040694,22.72258899363979,0.04594805145217306,23.00478196600269,0.18359213784323383,nan,nan
2011 UV31,310260,MBO,MBO,21164711205876054,745306230729211917,18.267817,3.2232826,3.1338637,149.52355475988452,3.2792676815827764,2025052500557,112,60820.9937722632,u,149.52351734876643,3.2793138154633237,6.295889377593994,2563.79,414.154,False,3106.18,53.0699,2524.56,405.344,False,-47.5607,12.2076,22.877793860334542,0.175389550736131,22.66943347627131,0.018550088416517316,22.894535732746448,0.17432607646691903,nan,nan
2011 UV31,310260,MBO,MBO,21164711205876054,745306230834069535,18.267778,3.2232826,3.13391,149.52414311311293,3.2791331014108973,2025052500558,56,60820.99709920843,r,149.52415372410178,3.2791260594297795,27.636032104492188,11189.1,411.024,False,11807.6,1.39571,11996.4,415.254,False,676.879,4.09633,21.278012149723118,0.03988378324353194,21.219595955026165,0.00012833877495831259,21.202372619256685,0.03758263186491496,24.32372235349912,0.006570648198034748
2011 UV31,310260,MBO,MBO,21164711205876054,745306230968287257,18.267773,3.2232826,3.1339173,149.52423543784383,3.279111983152837,2025052500559,56,60820.99762132482,r,149.5242317924126,3.2791187062318747,21.197200775146484,11676.4,553.436,False,11931.4,8.55662,12888.6,567.29,False,698.594,4.35396,21.231727553039782,0.05146153386460664,21.208271450290127,0.0007786371619306589,21.124485669176668,0.047788532998783925,24.289437880852706,0.0067668088849052585
2011 UV31,310260,MBO,MBO,21164711205876054,745306231102504989,18.267767,3.2232826,3.1339245,149.52432776612855,3.279090864135787,2025052500560,56,60820.99814325482,r,149.52431868580524,3.279080731820289,26.383419036865234,12082.2,455.753,False,11701.7,0.368852,12940.9,465.069,False,685.819,4.39162,21.194634931324522,0.040955083880033764,21.22937758242989,3.4223741210356114e-05,21.120088764138128,0.039019097283333914,24.309476266215302,0.006952477570334603
2011 UV31,310260,MBO,MBO,21164711205876054,745306231241965576,18.267761,3.2232826,3.1339319,149.52442027499922,3.279069703871436,2025052500561,66,60820.998666450614,r,149.52443953617006,3.2790816114829444,44.438331604003906,11683.2,260.769,False,10975.0,0.309953,12138.1,261.411,False,426.701,5.00236,21.231095453675252,0.024233630611829787,21.2989886777146,3.0663070464561514e-05,21.189623257156633,0.023382852985157167,24.82469087693507,0.012728452382069929
2011 UV31,310260,MBO,MBO,21164711205876054,745306231377756177,18.267756,3.2232826,3.133939,149.52451314135124,3.279048461903291,2025052500562,69,60820.99919193251,r,149.5245118543685,3.27903836884001,41.714046478271484,11541.3,273.859,False,11100.5,0.0189554,11895.5,274.56,False,351.153,4.56695,21.244363193242165,0.02576301160816356,21.286643647098582,1.8540213762969808e-06,21.21154324668191,0.025059873879002045,25.036258995524776,0.014120632822719699
2011 UV31,310260,MBO,MBO,21164711205876054,745306231510401046,18.26775,3.2232828,3.1339464,149.52460583458983,3.279027259603996,2025052500563,66,60820.99971589072,r,149.52460899931214,3.2790355402446005,35.62489700317383,11087.4,306.908,False,10364.5,0.39264,11291.9,308.156,False,182.302,4.94322,21.287925672127425,0.0300540346692589,21.361129110307026,4.1131116560987746e-05,21.268082403888226,0.02962974527768245,25.74802140526298,0.029440340835604404
2011 UV31,310260,MBO,MBO,21164711205876054,745306231646191653,18.267742,3.2232828,3.1339538,149.52469853149958,3.2790060565418955,2025052500564,69,60821.000239021814,r,149.52470369696394,3.2790113345655376,39.13905334472656,11335.3,286.526,False,11044.3,0.229119,11420.4,288.618,False,102.289,4.98273,21.263917472081516,0.02744450153282853,21.29215453166782,2.252408943599603e-05,21.255796674465614,0.027438882498420997,26.37542765227674,0.05288867997833049
2011 UV31,310260,MBO,MBO,21164711205876054,745306231797186561,18.267736,3.2232828,3.133961,149.5247914091414,3.278984812222776,2025052500565,101,60821.000764293705,r,149.52480167065238,3.2789772833716904,43.7794303894043,11094.1,251.936,False,11212.7,0.0623689,11236.9,254.415,False,54.877,5.49994,21.28726984771865,0.02465599292863462,21.275724474597975,6.039238644531204e-06,21.273383672293726,0.024582185446309447,27.0515241180808,0.1088157882733775
2011 UV31,310260,MBO,MBO,21164711205876054,745306231915151393,18.26773,3.2232828,3.1339684,149.52488429059622,3.2789635671201385,2025052500566,70,60821.00128955838,r,149.52490168226944,3.278952978346626,25.73855972290039,11478.0,441.15,False,11021.0,0.268687,11542.0,448.501,False,54.6412,4.82478,21.25033444897265,0.041729614924398056,21.294447494024045,2.646975903279568e-05,21.244297325068388,0.042189722860624064,27.056199408459214,0.0958697505641073
2011 UV31,310260,MBO,MBO,21164711205876054,745306232069292045,18.267725,3.2232828,3.1339755,149.52497646816877,3.2789424831121465,2025052500567,108,60821.00181050827,r,149.52498957773295,3.278941463017345,46.07899856567383,11548.1,248.211,False,11010.6,0.892518,11765.9,249.543,False,48.7076,5.03238,21.243723696803514,0.023336451593299983,21.295472574516083,8.800965641393817e-05,21.22343708160716,0.023027380816909058,27.181008180937933,0.11217627876313553
2011 UV31,310260,MBO,MBO,21164711205876054,745306232203509801,18.26772,3.2232828,3.133983,149.52506918030917,3.2789212769303844,2025052500568,108,60821.00233476552,r,149.52507433121173,3.278921416144749,48.00846481323242,11312.3,235.97,False,10788.5,0.289096,11472.1,236.75,False,63.4114,5.63048,21.26612273371853,0.02264801835043081,21.317597335236186,2.909412721633117e-05,21.250892726973525,0.022406364591397675,26.894581648547913,0.09640562734811556
2011 UV31,310260,MBO,MBO,21164711205876054,745306232339824654,18.267714,3.2232828,3.13399,149.5251615425086,3.2789001508956344,2025052500569,112,60821.002856651525,r,149.52516578386633,3.27889963632841,49.303863525390625,11351.5,229.037,False,10427.7,0.253675,11599.0,230.028,False,97.8039,6.98441,21.262366866291718,0.02190668774280465,21.354528659091343,2.641274121286282e-05,21.238948628916013,0.021532005136267508,26.424109549100052,0.07753501106760165
2011 UV31,310260,MBO,MBO,21164711205876054,745306232474042402,18.267708,3.2232828,3.1339974,149.5252533776699,3.2788791455195567,2025052500570,112,60821.003375144894,r,149.52525948872483,3.2788783866772997,49.97407913208008,11565.8,230.211,False,11114.8,0.686541,11860.2,230.29,False,134.262,6.08843,21.242060823197086,0.02161099276003708,21.285245888081057,6.706395576248075e-05,21.214769950493107,0.02108178438700232,26.080117272667778,0.04923529462783659
2011 UV31,310260,MBO,MBO,21164711205876054,745306232606162988,18.2677,3.2232828,3.1340046,149.52534610141913,3.278857937013337,2025052500571,108,60821.00389933289,r,149.52535755095846,3.2788661339520213,53.34541320800781,11487.4,214.214,False,11001.0,0.150787,11748.7,214.788,False,109.524,8.31797,21.24944560359335,0.020246521611600385,21.296419588299337,1.4881819892923574e-05,21.22502544608242,0.019849268257263835,26.301226737983697,0.08245792070694463
2011 UV31,310260,MBO,MBO,21164711205876054,745306232740380744,18.267694,3.2232828,3.134012,149.5254386521738,3.278836768197513,2025052500572,108,60821.00442242049,r,149.52545583843295,3.278829611092417,32.6859245300293,10913.7,333.264,False,10148.9,0.0496537,11172.0,337.341,False,88.467,6.23163,21.305069951677623,0.03315436490688704,21.383952524956676,5.311986454360307e-06,21.27967268242758,0.03278404410672436,26.53304671433673,0.07647943212444747
2011 UV31,310260,MBO,MBO,21164711205876054,745306232876171284,18.267689,3.2232828,3.1340191,149.52553138388154,3.2788155581204026,2025052500573,111,60821.00494649089,r,149.5255315318967,3.27880956890172,45.22422790527344,11234.1,245.38,False,10375.8,0.304549,11452.1,245.963,False,79.6527,6.18188,21.27365432421135,0.02371511420485064,21.35994604078678,3.186837554627553e-05,21.25278720794513,0.02331894940287188,26.64699871388283,0.0842644471564924
2011 UV31,310260,MBO,MBO,21164711205876054,745306233010389024,18.267683,3.2232828,3.1340265,149.52562394245908,3.2787943877754504,2025052500574,111,60821.00546957778,r,149.52562500368066,3.2787866074523295,39.02138137817383,11278.7,286.187,False,10685.1,0.278538,11522.9,288.53,False,50.2305,5.10097,21.269352368463615,0.027549593000417247,21.328053562177416,2.8302850674998387e-05,21.246095480862163,0.027186511660586343,27.147581262839402,0.11025786449804775
2011 UV31,310260,MBO,MBO,21164711205876054,745306233146703891,18.267677,3.2232828,3.1340337,149.5257154432482,3.278773459507687,2025052500575,115,60821.00598691785,r,149.52571249512513,3.278768436474477,36.77647399902344,11197.6,301.303,False,10771.2,0.28507,11396.9,305.359,False,25.0111,4.9452,21.277187663889478,0.029214795752834886,21.319339755413235,2.873503570032538e-05,21.25803311865136,0.02909030700698785,27.904667985047883,0.2146719847679821
2011 UV31,310260,MBO,MBO,21164711205876054,745306233276727334,18.267672,3.2232828,3.134041,149.5258083637584,3.278752206661999,2025052500576,107,60821.00651108364,r,149.52582152311527,3.2787515255922624,27.408544540405273,11985.5,433.593,False,11164.3,0.0415322,12147.3,438.884,False,-12.1183,5.12122,21.203359609392564,0.0392780947128496,21.28042127384503,4.039036375532351e-06,21.188800624145813,0.03922783326883739,nan,nan
2011 UV31,310260,MBO,MBO,21164711205876054,745306233548832788,18.267658,3.2232828,3.1340556,149.52599350908383,3.278709860545136,2025052500578,114,60821.00755743646,r,149.52600000680496,3.2787069018622503,32.629852294921875,11433.2,346.334,False,10793.9,0.330581,11573.5,349.695,False,-34.1957,5.35236,21.25458047986521,0.03288907501700886,21.317053985132613,3.3252462734392835e-05,21.241338210048575,0.03280567936018175,nan,nan
2011 UV31,310260,MBO,MBO,21164711205876054,745306233704022047,18.267653,3.2232828,3.1340628,149.52608573379842,3.2786887673057143,2025052500579,154,60821.00807812068,r,149.52609208877894,3.2786908601883646,37.91947555541992,11398.8,297.889,False,11390.8,0.351214,11385.2,300.295,False,-31.0271,4.77738,21.257852184299477,0.028373941648087667,21.258614452188663,3.3476643684529935e-05,21.259148321064096,0.02863728020531928,nan,nan
2011 UV31,310260,MBO,MBO,21164711205876054,745306234619428866,18.26758,3.2232828,3.1341493,149.52718655403274,3.2784370067130366,2025052500586,108,60821.01429518061,i,149.52732615577222,3.2784789836982022,5.195287704467773,14929.1,2832.59,False,18329.4,75.3924,15271.3,2951.35,False,320.104,7.13493,20.964915960672634,0.2060034223182878,20.742129354684224,0.0044658450017551424,20.940309991841715,0.20983070825171346,25.1367722340124,0.024200421957160125
2011 UV31,310260,MBO,MBO,21164711205876054,745306235157872656,18.267555,3.223283,3.1341784,149.5275564041029,3.2783524278858875,2025052500590,111,60821.01638391444,i,149.52752852792298,3.2783493105614263,14.205248832702637,12818.1,904.015,False,12895.6,13.9463,13242.5,925.714,False,-25.4445,8.02695,21.130440894597577,0.07657311621536209,21.123896148939444,0.0011741991691488704,21.095075045980913,0.07589814562116558,nan,nan
2011 UV31,310260,MBO,MBO,21164711205876054,745306236389425162,18.26746,3.223283,3.1342933,149.52901773115542,3.278018288542797,2025052500599,156,60821.02462903415,i,149.5290450986034,3.277985480235437,11.641324996948242,12523.5,1066.39,False,12478.6,3.912,13717.9,1090.79,False,947.265,7.99937,21.155685699726533,0.09245165068042964,21.159585374784186,0.00034037472967924926,21.056780887488657,0.08633319994137471,23.95882125550644,0.009168717936875723
2011 UV31,310260,MBO,MBO,21164711205876054,745306236656287774,18.267447,3.223283,3.1343079,149.52920282781824,3.277975970898052,2025052500601,153,60821.02567340035,i,149.5291198446444,3.2779731451381475,7.436548709869385,19141.5,2515.32,False,20957.4,50.5643,18927.1,2576.04,False,780.854,8.04311,20.69506008068771,0.14267293915171048,20.5966564733555,0.00261957545965334,20.707289830667804,0.14777224154995924,24.168575396180508,0.011183519027705665
2011 UV31,310260,MBO,MBO,21164711205876054,745306236922626068,18.267435,3.223283,3.1343224,149.5293884755295,3.27793352867274,2025052500603,149,60821.02672083935,i,149.5294236580482,3.2779161947228626,9.348227500915527,13860.2,1499.15,False,13422.8,5.93063,14262.3,1541.02,False,-30.1028,8.95325,21.045576241934697,0.11743563836984552,21.080392217700812,0.00047971362357579863,21.01452609645706,0.11731216216000852,nan,nan
2011 UV31,310260,MBO,MBO,21164711205876054,745306237058416657,18.267427,3.223283,3.1343298,149.52948175004283,3.2779122050757,2025052500604,152,60821.02724621368,i,149.52948024067817,3.277916207904306,7.772435188293457,15690.1,1994.17,False,15472.7,16.6968,15052.4,2032.62,False,-70.7063,8.14546,20.910935748160668,0.13799419181901434,20.926084723574128,0.0011716326359710804,20.955985595145922,0.14661376670451357,nan,nan
2011 UV31,310260,MBO,MBO,21164711205876054,745306237684416526,18.267393,3.223283,3.1343696,149.52998810740277,3.2777964527290786,2025052500609,66,60821.03010185724,i,149.53007055528656,3.277826299704518,6.052554130554199,15830.9,2538.52,False,17637.0,389.949,16241.5,2619.77,False,69.5069,7.33452,20.901235959281312,0.17410021058186817,20.78393821272814,0.02400531569290392,20.873434658851693,0.17513032406766554,26.794930248648704,0.11456926012751197
2011 UV31,310260,MBO,MBO,21164711205876054,745306237818634275,18.267387,3.2232833,3.134377,149.53008141377893,3.277775124326713,2025052500610,66,60821.030627249565,i,149.53011040000052,3.2777579106478547,15.822938919067383,14804.5,927.306,False,14970.5,13.3814,14988.1,942.303,False,91.1406,8.50365,20.974015639195287,0.06800700665057308,20.961909236013668,0.0009704866616329629,20.960633573229998,0.06826031893902648,26.500720266546104,0.10130194611999134
2011 UV31,310260,MBO,MBO,21164711205876054,745306237954949143,18.267382,3.2232833,3.1343844,149.53017454783762,3.277753835718093,2025052500611,70,60821.03115241413,i,149.53015367492847,3.2776719818489126,6.444947719573975,13475.3,2087.96,False,14018.7,122.513,13244.3,2119.78,False,75.0231,8.28876,21.0761539091243,0.1682317838217319,21.03323063000551,0.009488525921123186,21.094927492246363,0.17377452623930315,26.712012460112,0.11995514460157972
2011 UV31,310260,MBO,MBO,21164711205876054,745306238109089808,18.267376,3.2232833,3.1343915,149.53026768694292,3.27773254636548,2025052500612,108,60821.03167765079,i,149.53023417355783,3.2777368532750057,13.026102066040039,13991.6,1066.7,False,14239.9,14.3058,13916.6,1094.15,False,-25.2764,7.38731,21.035331578350153,0.0827750070710298,21.01623262154306,0.0010907608232799293,21.041167168869606,0.0853626840096099,nan,nan
2011 UV31,310260,MBO,MBO,21164711205876054,745306238377525276,18.267363,3.2232833,3.1344063,149.530453093166,3.27769016821569,2025052500614,108,60821.032722705946,i,149.53044989703346,3.2776895480961685,15.813983917236328,12543.7,793.089,False,12617.8,3.53459,12600.2,805.627,False,-110.636,7.74832,21.153935836321722,0.06864684389969877,21.147540918590984,0.00030414433560189014,21.14905638660513,0.06941940629882018,nan,nan
2011 UV31,310260,MBO,MBO,21164711205876054,745319361491238979,18.208101,3.2233262,3.174924,150.07578184567137,3.1524655299524587,2025052800085,61,60823.970929467236,i,150.07579179497407,3.1524724661136365,35.20107650756836,12163.5,344.145,False,12849.3,2.76216,12273.9,343.944,False,-46.1687,9.90703,21.187353601314825,0.030719009681278598,21.12780134410909,0.00023339615614027126,21.177543513934076,0.030424921303714998,nan,nan
2011 UV31,310260,MBO,MBO,21164711205876054,745319361625980972,18.20809,3.2233262,3.1749313,150.07587856816588,3.152442193706718,2025052800086,62,60823.971449116994,i,150.07588815638766,3.152438271105969,36.178977966308594,13098.4,363.695,False,12803.0,0.439021,13163.8,362.313,False,6.11949,8.71981,21.106954345582416,0.030146951166976462,21.131720636273315,3.723041356953589e-05,21.10154682771502,0.029883189859130455,29.433211900406565,1.5470917806559563
2011 UV31,310260,MBO,MBO,21164711205876054,745319361760198710,18.208078,3.2233262,3.1749384,150.0759760373276,3.152418677199831,2025052800087,62,60823.971973280684,i,150.0759817858925,3.152424521222709,33.26820755004883,12760.1,381.818,False,12794.0,1.68858,12842.2,381.149,False,32.4759,8.45084,21.135364838403703,0.03248827450388687,21.132484134046138,0.000143297833351127,21.128401410522834,0.0322240152076512,27.621097053402245,0.2825289922641913
2011 UV31,310260,MBO,MBO,21164711205876054,745319362050654217,18.208055,3.2233262,3.174953,150.07617154216535,3.1523715071858494,2025052800089,104,60823.97302420653,i,150.0761691895518,3.152375497809007,36.59296417236328,11933.5,325.764,False,11763.1,0.0928711,12004.4,324.825,False,37.7839,10.3325,21.208080406381885,0.029638729394064527,21.22369556344821,8.57201916839936e-06,21.2016488192436,0.0293787498324032,27.456733007214478,0.2969087222877666
2011 UV31,310260,MBO,MBO,21164711205876054,745319362183299096,18.208044,3.2233262,3.1749601,150.07626920568683,3.1523479434809474,2025052800090,101,60823.97354942407,i,150.07628478787024,3.152340616344734,34.53314971923828,12892.4,371.326,False,12900.0,2.2213,13192.7,372.215,False,83.9566,9.64869,21.124165538395133,0.031271296078258556,21.123525724251877,0.0001869570316759001,21.09916576702721,0.030632644681909234,26.58986294040187,0.12477795380876826
2011 UV31,310260,MBO,MBO,21164711205876054,745319362319089691,18.208035,3.2233262,3.1749675,150.07636631407476,3.1523245136266724,2025052800091,104,60823.97407135773,i,150.07636494332192,3.1523271757160947,36.29302978515625,12835.4,351.271,False,12581.0,0.319612,13068.5,350.77,False,62.5454,10.9843,21.128976448231853,0.02971373128484578,21.15071209412244,2.758241125346433e-05,21.109435644496916,0.029142110924341342,26.90951158652603,0.19067832438586527
2011 UV31,310260,MBO,MBO,21164711205876054,745319362453307486,18.208023,3.2233262,3.1749747,150.07646379729064,3.1523009932526627,2025052800092,104,60823.97459561535,i,150.0764604180634,3.152307342286848,36.005950927734375,10938.2,313.341,False,12629.4,1.17283,11285.9,318.672,False,3.29294,6.64735,21.302635330643557,0.0311025274516298,21.146543170172336,0.0001008269544100695,21.268659467832144,0.030657166259346554,30.106040488547745,2.191740085503447
2011 UV31,310260,MBO,MBO,21164711205876054,745319362591195157,18.208012,3.2233262,3.1749818,150.0765609113785,3.15227756186336,2025052800093,111,60823.975117617665,i,150.07657279621407,3.152289604787321,35.475563049316406,12381.8,344.579,False,11962.0,0.816505,12680.5,347.802,False,-29.871,9.65833,21.168040555407686,0.03021547048642164,21.205490504809777,7.411043772275451e-05,21.14215905403797,0.02977967947698162,nan,nan
2011 UV31,310260,MBO,MBO,21164711205876054,745319362721742929,18.208,3.2233262,3.174989,150.07665765615397,3.1522542195102297,2025052800094,104,60823.97563737584,i,150.07665994857723,3.1522610673917564,37.62371826171875,12258.0,329.337,False,12092.4,0.0716071,12002.8,319.844,False,-66.0244,10.1008,21.17895095745977,0.029170591496417955,21.193718703404706,6.429361936979227e-06,21.20179359365208,0.0289321000069754,nan,nan
2011 UV31,310260,MBO,MBO,21164711205876054,745319362857533462,18.207989,3.2233262,3.1749964,150.0767551481253,3.152230696810168,2025052800095,107,60823.97616159748,i,150.07676898383326,3.1522245005511302,33.53036117553711,12470.5,369.331,False,11909.2,0.805931,12474.5,369.145,False,-152.931,8.40853,21.16029033324677,0.03215556965219073,21.210293510320323,7.347499585140424e-05,21.159942131614677,0.03212906965226546,nan,nan
2011 UV31,310260,MBO,MBO,21164711205876054,745319362995421255,18.20798,3.2233262,3.1750035,150.07685227083,3.1522072631467144,2025052800096,114,60823.97668360425,i,150.07683938181705,3.152209631290255,33.7868766784668,11446.9,363.229,False,13326.0,2.39076,11642.7,367.449,False,-151.08,7.80936,21.253280240840045,0.034452198123628035,21.088250477669703,0.00019478723015763202,21.234865714179072,0.034266336981631805,nan,nan
2011 UV31,310260,MBO,MBO,21164711205876054,745319363150086145,18.207968,3.2233262,3.1750107,150.07694958259313,3.15218378381416,2025052800097,153,60823.97720658222,i,150.07695676790638,3.152179473931842,37.53717803955078,11715.1,321.697,False,12604.1,1.65195,12091.2,331.38,False,-128.722,10.3037,21.228135035994903,0.02981434914773501,21.14872043320896,0.00014230147181476614,21.19382647027755,0.029756456184860676,nan,nan
2011 UV31,310260,MBO,MBO,21164711205876054,745319363394404381,18.207945,3.2233262,3.1750252,150.07714514544216,3.1521365983715564,2025052800099,107,60823.9782570753,i,150.07714938407378,3.152129214420753,34.63129806518555,13426.6,384.036,False,12866.5,0.542534,13574.4,385.566,False,-117.737,8.08716,21.08008490464072,0.0310549068956026,21.12634893915133,4.578158778960233e-05,21.068198362505086,0.030839150446063918,nan,nan
2011 UV31,310260,MBO,MBO,21164711205876054,745319363528097826,18.207933,3.2233262,3.1750326,150.07724228020135,3.1521131616211675,2025052800100,106,60823.978779000485,i,150.07723356523957,3.1521099285164915,34.68703079223633,13262.4,381.915,False,12878.3,1.12858,13371.6,383.434,False,-107.816,8.39208,21.09344466229095,0.03126575429066736,21.125353672056413,9.514766362872248e-05,21.084541590302322,0.031133759442327998,nan,nan
2011 UV31,310260,MBO,MBO,21164711205876054,745319363662315574,18.207922,3.2233262,3.1750398,150.07733885967818,3.1520898588202217,2025052800101,106,60823.979298783684,i,150.07734577600039,3.152085784679194,36.499046325683594,10027.4,287.446,False,11913.9,0.453469,9824.03,283.452,False,-57.7172,7.20563,21.397029108710285,0.031123774118360453,21.209865088145133,4.132548567670385e-05,21.419275769729936,0.031326663867983634,nan,nan
2011 UV31,310260,MBO,MBO,21164711205876054,745319363817504817,18.207912,3.2233262,3.175047,150.07743618657085,3.1520663756579137,2025052800102,146,60823.97982178057,i,150.07744238285144,3.152076019381602,36.398094177246094,12456.9,340.95,False,12082.2,1.09509,12476.2,342.021,False,-88.6026,10.5001,21.16147502073946,0.029717005086152645,21.194634931324522,9.840748171554162e-05,21.159794162732496,0.0297642369017085,nan,nan
2011 UV31,310260,MBO,MBO,21164711205876054,745319363951198312,18.207901,3.2233262,3.175054,150.07753333041012,3.1520429366450364,2025052800103,145,60823.980343354226,i,150.07753172114568,3.1520302283999166,37.533058166503906,12902.4,347.576,False,13156.2,2.61377,12640.6,342.667,False,-84.9848,8.71687,21.12332371273549,0.02924849822408935,21.102173816413327,0.00021570549904692814,21.14558081179814,0.02943261958219205,nan,nan
2011 UV31,310260,MBO,MBO,21164711205876054,745319364086988848,18.20789,3.2233262,3.1750612,150.07762991906807,3.152019631574932,2025052800104,148,60823.980862001554,i,150.07763679312313,3.152019208497274,36.896610260009766,13365.3,358.985,False,12820.1,4.41555,13309.7,356.754,False,-82.8161,8.62665,21.085053237225384,0.02916230845970697,21.13027150107696,0.000373953627258297,21.089579317546942,0.029102137983772702,nan,nan
2011 UV31,310260,MBO,MBO,21164711205876054,745319364219633695,18.207878,3.2233262,3.1750686,150.07772762751108,3.151996056314794,2025052800105,145,60823.98138725439,i,150.07774605580707,3.1519589518829796,36.617897033691406,12259.5,341.98,False,12272.1,13.0877,12745.9,354.926,False,-82.6132,9.07073,21.178818105063794,0.030286722886858294,21.177702820819395,0.001157893926877449,21.13657369964959,0.03023372149737702,nan,nan
2011 UV31,310260,MBO,MBO,21164711205876054,745319364355948563,18.207867,3.2233262,3.1750758,150.07782533913976,3.151972480285464,2025052800106,149,60823.98191238269,i,150.0778276159665,3.1519697568484353,34.66053009033203,12636.0,360.921,False,12133.1,0.576138,12867.1,365.038,False,-105.98,8.37968,21.14597595691722,0.031011790589549212,21.190070592374944,5.155598543776242e-05,21.12629834245152,0.030802199302713423,nan,nan
2011 UV31,310260,MBO,MBO,21164711205876054,745319364489642004,18.207855,3.2233262,3.1750832,150.07792305397658,3.1519489034875754,2025052800107,148,60823.98243712131,i,150.07791917115452,3.151951791400227,33.46631622314453,12807.0,382.719,False,12516.5,0.984897,12844.0,386.252,False,-140.836,8.17465,21.131381476190974,0.03244568346896939,21.156292740751397,8.54342947177876e-05,21.128249257763834,0.03265087168595697,nan,nan
2011 UV31,310260,MBO,MBO,21164711205876054,745319364622286914,18.207844,3.2233262,3.1750903,150.078020585954,3.151925370821496,2025052800108,145,60823.98296152153,i,150.07802446966272,3.1519346872441028,33.536502838134766,13165.9,388.133,False,12885.9,1.60456,13205.3,390.393,False,-161.673,7.90115,21.101373587443277,0.03200768903660835,21.124713075297613,0.00013519652108033226,21.0981293360019,0.032098008094089005,nan,nan
2011 UV31,310260,MBO,MBO,21164711205876054,745319364758077511,18.207834,3.2233262,3.1750977,150.0781186794636,3.151901702685528,2025052800109,148,60823.983488194426,i,150.0781093325239,3.151898785594304,34.95869445800781,12923.9,370.583,False,12908.1,3.79847,12794.5,369.521,False,-156.454,7.98161,21.121515994782186,0.031132659358939708,21.12284422971608,0.00031949989142680894,21.132441703415,0.031357405438061016,nan,nan
2011 UV31,310260,MBO,MBO,21164711205876054,745319364892295188,18.207823,3.2233262,3.1751049,150.07821584567168,3.151878258313106,2025052800110,148,60823.984010136104,i,150.07821927856506,3.151878588106465,35.062469482421875,12360.8,356.453,False,12071.6,2.62034,12336.4,358.584,False,-114.932,9.49383,21.169883568359815,0.031309780652604105,21.195587944165233,0.0002356769787801884,21.172028858970236,0.03155925838077275,nan,nan
2011 UV31,310260,MBO,MBO,21164711205876054,745319365028085796,18.207811,3.2233264,3.175112,150.07831282894503,3.1518548581080688,2025052800111,151,60823.984531787224,i,150.0783207071908,3.151846604460046,38.12297439575195,13023.6,341.27,False,12390.3,0.98331,13201.5,342.957,False,-94.5385,9.62128,21.113172409920963,0.028450596899710297,21.16729546248071,8.616540900406223e-05,21.098441799880842,0.028205948746009978,nan,nan
2011 UV31,310260,MBO,MBO,21164711205876054,745319365160206422,18.2078,3.2233264,3.1751194,150.07841018780798,3.151831367315241,2025052800112,147,60823.98505448804,i,150.07842044548204,3.151825641822315,36.055137634277344,13102.2,360.676,False,12884.3,2.03373,12903.2,355.126,False,-125.016,8.97574,21.106639422606843,0.029888032542879677,21.12484794534831,0.0001713786824128729,21.12325641130584,0.029881979454841317,nan,nan
2011 UV31,310260,MBO,MBO,21164711205876054,745319365295996966,18.207788,3.2233264,3.1751266,150.07850736378032,3.151807920690783,2025052800113,150,60823.98557674613,i,150.0785069606085,3.1517994068667754,34.86484909057617,13052.5,373.918,False,12768.6,1.59119,13054.6,376.409,False,-146.503,8.38495,21.110765745293115,0.031103337246928424,21.134641827959467,0.00013530164805357882,21.110591109124922,0.03130550822043605,nan,nan
2011 UV31,310260,MBO,MBO,21164711205876054,745319365428641873,18.207777,3.2233264,3.1751337,150.07860472929647,3.151784428379624,2025052800114,147,60823.98609996366,i,150.07861317495895,3.1517790784883837,37.03602981567383,13030.1,350.427,False,12582.4,1.07258,13009.1,353.621,False,-161.61,9.55937,21.112630660711524,0.02919941478203367,21.150591247592928,9.255300105853493e-05,21.11438190237234,0.02951312053693092,nan,nan
2011 UV31,310260,MBO,MBO,21164711205876054,745319365538742282,18.207762,3.2233264,3.1751444,150.0787462225017,3.1517502890528637,2025052800115,101,60823.9868594163,i,150.0787460290252,3.151755908850844,32.33155822753906,11565.7,364.603,False,12485.9,0.703011,11713.9,369.899,False,-157.421,7.98905,21.242070174039423,0.03422729859260303,21.158950335207816,6.113171220716856e-05,21.22824618330938,0.03428514061903288,nan,nan
2011 UV31,310260,MBO,MBO,21164711205876054,745319365672960007,18.20775,3.2233264,3.1751516,150.07884322393198,3.1517268847263127,2025052800116,101,60823.98738087852,i,150.0788516720345,3.151730290536679,34.179100036621094,13730.1,401.932,False,13620.3,0.567736,13914.0,404.486,False,-160.114,8.24806,21.05581578006088,0.03178361003112446,21.06453333199633,4.525682774598609e-05,21.041370002445923,0.03156282063393381,nan,nan
2011 UV31,310260,MBO,MBO,21164711205876054,745319365807177738,18.207739,3.2233264,3.175159,150.07894190446046,3.1517030753378896,2025052800117,101,60823.98791093669,i,150.07894056108037,3.15168861614934,30.582796096801758,13186.7,427.244,False,13146.2,0.803538,13328.6,429.83,False,-72.5535,7.65408,21.099659668878232,0.0351774332627986,21.10299939601135,6.636368776201008e-05,21.08803869508306,0.035013579219827194,nan,nan
2011 UV31,310260,MBO,MBO,21164711205876054,745319365945065546,18.207468,3.2233264,3.1753335,150.08129085028187,3.1511363631919296,2025052800118,108,60824.00052049079,z,150.0813096450094,3.151158389492628,17.414989471435547,12754.2,726.189,False,13181.7,6.64727,17863.4,722.593,False,4788.65,16.2332,21.135866926064168,0.061818828685513534,21.100071425451134,0.0005475152533342452,20.77008966844506,0.04391915219577902,22.199467282543885,0.003680572478262614
2011 UV31,310260,MBO,MBO,21164711205876054,745319366346670102,18.207434,3.2233267,3.1753554,150.08158625524666,3.1510651001668504,2025052800121,106,60824.00210505076,z,150.0815995530424,3.1510668239623687,18.90952491760254,12775.7,673.703,False,13121.5,17.2121,19008.5,671.568,False,6059.5,16.8861,21.13403822061968,0.057254297639468196,21.10504128807043,0.0014242121042530203,20.702630382142743,0.038358928065601317,21.94390802547523,0.0030256375876135063
2011 UV31,310260,MBO,MBO,21164711205876054,745319366615629867,18.20741,3.2233267,3.17537,150.08178066500182,3.151018202206901,2025052800123,107,60824.003148237476,z,150.08180887058816,3.151049997653327,18.15574836730957,13572.8,728.565,False,13989.9,8.44744,17946.4,728.086,False,3792.24,17.8728,21.068326391479765,0.05828048833352275,21.035463444284353,0.0006555937747566533,20.765056618028503,0.04404835017500483,22.45276046582407,0.005117067218399923
2011 UV31,310260,MBO,MBO,21164711205876054,745319366749847617,18.2074,3.2233267,3.1753774,150.0818785283631,3.150994594739301,2025052800124,107,60824.0036734024,z,150.08189307724317,3.1510093128905874,20.293930053710938,14799.4,729.366,False,15414.8,2.90428,17937.0,735.443,False,2892.28,16.8239,20.974389700079847,0.05350886401043028,20.930155277941168,0.00020456197469116678,20.765625479650467,0.044516757775208124,22.74689915284656,0.006315542545010552
2011 UV31,310260,MBO,MBO,21164711205876054,745319366904512548,18.207388,3.2233267,3.1753845,150.0819763958509,3.150970986524976,2025052800125,146,60824.00419898181,z,150.0819268566562,3.1509085146979214,16.882543563842773,14032.6,839.005,False,15553.1,180.815,19037.3,854.242,False,4438.25,14.5639,21.03215466572487,0.06491584846231589,20.920457616415867,0.01262239678550823,20.70098657093312,0.04871916888079953,22.28197059563715,0.003562790177626342
2011 UV31,310260,MBO,MBO,21164711205876054,745319367038730274,18.207376,3.2233267,3.1753917,150.08207352177635,3.150947557446579,2025052800126,146,60824.00471969636,z,150.08206066796066,3.150911630551581,15.775927543640137,13263.9,843.079,False,14694.4,6.28919,15767.5,851.086,False,1912.02,14.6514,21.09332187062676,0.06901147811334493,20.98212032686304,0.00046469409433433015,20.905592900836602,0.05860503453130448,23.19626891204515,0.008319763834633303
2011 UV31,310260,MBO,MBO,21164711205876054,745319367152500787,18.207365,3.2233267,3.175399,150.08217139754916,3.15092394774652,2025052800127,107,60824.00524403843,z,150.08216067834843,3.150901650827845,15.31978988647461,12199.5,805.809,False,12872.2,3.15526,13210.2,810.038,False,735.172,15.6749,21.184144921610425,0.0717157283672415,21.12586803619359,0.0002661378831033601,21.097726501940077,0.06657640292077623,24.234027609296483,0.02314942158219443
2011 UV31,310260,MBO,MBO,21164711205876054,745319367575076916,18.207333,3.2233267,3.1754208,150.0824628125806,3.1508536538941305,2025052800130,145,60824.00680797392,z,150.08240078119724,3.150803708404105,15.8924560546875,11933.6,767.917,False,13367.4,41.3675,12038.4,770.697,False,-345.323,15.741,21.20807134373862,0.06986620198082888,21.084882608580198,0.0033599796122791474,21.198578040934095,0.06950870813172853,nan,nan
2011 UV31,310260,MBO,MBO,21164711205876054,745319367711391762,18.207317,3.2233267,3.1754298,150.08258438642534,3.150824329118924,2025052800131,149,60824.0074593559,z,150.08260674802503,3.150841073324722,17.432050704956055,13232.2,756.5,False,14259.7,11.3314,13075.2,757.503,False,-447.416,15.8878,21.095919842812062,0.062072779037192244,21.01472401315466,0.0008627748811422149,21.108879132240837,0.06290140188713896,nan,nan
2011 UV31,310260,MBO,MBO,21164711205876054,745319367844560926,18.207306,3.2233267,3.175437,150.0826820977806,3.150800760528748,2025052800132,147,60824.00798357035,z,150.0826885303481,3.1507993114423294,18.169898986816406,13061.7,722.1,False,13129.3,24.3216,12915.9,723.142,False,-451.782,16.9458,21.11000072201228,0.06002358615075044,21.104396086350754,0.002011290931534913,21.12218828246653,0.06078875325096429,nan,nan
2011 UV31,310260,MBO,MBO,21164711205876054,745319367978778685,18.207294,3.2233267,3.1754444,150.08277999995025,3.15077714620855,2025052800133,147,60824.008508915074,z,150.08276591928725,3.150748604358076,18.571989059448242,11180.1,624.183,False,11624.6,11.3626,10890.4,623.236,False,-351.627,17.2711,21.278885817687225,0.06061646024167323,21.236554991887203,0.0010612655032668462,21.30739038228125,0.062134530407894496,nan,nan
2011 UV31,310260,MBO,MBO,21164711205876054,745319368111947860,18.207283,3.2233267,3.1754515,150.0828780929798,3.150753486154916,2025052800134,145,60824.00903431997,z,150.08290836413994,3.1507536237331553,19.74525260925293,13029.5,654.133,False,12843.8,0.306391,12820.7,653.411,False,-376.691,18.472,21.112680624457475,0.05450829855756152,21.128266180918054,2.590041945393946e-05,21.130220638553055,0.05533488656179467,nan,nan
2011 UV31,310260,MBO,MBO,21164711205876054,745319368247738422,18.207273,3.2233267,3.175459,150.0829750712681,3.150730095280551,2025052800135,148,60824.00955400299,z,150.0829102703048,3.150652256642808,19.02222442626953,12544.5,693.359,False,13627.0,67.5311,12275.4,697.518,False,-498.024,21.1472,21.153866610398822,0.06001075999342303,21.063999360202537,0.00538056486441441,21.177410833633026,0.06169416294400097,nan,nan
2011 UV31,310260,MBO,MBO,21164711205876054,745319368381956151,18.207262,3.2233267,3.175466,150.0830727999676,3.15070652371988,2025052800136,148,60824.0100783978,z,150.0830850819961,3.1507176110125257,19.973257064819336,12981.9,647.439,False,12904.9,3.52779,12894.3,646.151,False,-401.098,19.1416,21.116654318771726,0.05414831185099096,21.123113358266934,0.0002968058090639619,21.124005590623327,0.05440772636959497,nan,nan
2011 UV31,310260,MBO,MBO,21164711205876054,745319368516173847,18.20725,3.2233267,3.1754735,150.0831705329487,3.150682951444236,2025052800137,148,60824.010602922135,z,150.08318675831688,3.1506869563111746,19.452484130859375,13684.5,693.427,False,14000.7,6.45641,13575.8,693.642,False,-489.033,19.7527,21.05942766520131,0.05501690243541188,21.03462561020506,0.0005006862454916463,21.0680864373993,0.0554746147302006,nan,nan
2011 UV31,310260,MBO,MBO,21164711205876054,745319368651440159,18.20724,3.2233267,3.1754806,150.0832686433742,3.150659288457674,2025052800138,150,60824.01112860269,z,150.0832661713252,3.1506613083478365,20.42929458618164,13260.0,658.465,False,13128.1,3.97091,13059.7,659.998,False,-460.237,18.6325,21.093641189828112,0.05391548410437529,21.10449534183938,0.0003284070779204753,21.110166982042852,0.05486984368530634,nan,nan
2011 UV31,310260,MBO,MBO,21164711205876054,745319368784085066,18.207228,3.2233267,3.175488,150.08336619867987,3.1506357596874865,2025052800139,147,60824.01165192337,z,150.0833543944314,3.1506165679619587,21.519744873046875,13997.2,645.292,False,13867.3,1.65971,13707.8,642.971,False,-423.069,20.6039,21.034897064612956,0.05005407287045142,21.045020237743437,0.00012994651559160942,21.057580617104257,0.050926984072475125,nan,nan
2011 UV31,310260,MBO,MBO,21164711205876054,745319368919875664,18.20721,3.2233267,3.175498,150.08350255970578,3.150602872161937,2025052800140,150,60824.01238206441,z,150.08348994277108,3.1505960116299705,22.019742965698242,13397.4,607.905,False,13748.7,10.4683,13481.1,609.775,False,-257.037,18.9232,21.082448658105488,0.049265117121081864,21.054345895436363,0.0008266826685445383,21.075686705924777,0.04910985304961436,nan,nan
2011 UV31,310260,MBO,MBO,21164711205876054,745319369050423306,18.2072,3.2233267,3.1755054,150.08360031214264,3.150579296657626,2025052800141,143,60824.01290652602,z,150.08361112710628,3.1505772456688685,20.657663345336914,12320.4,596.533,False,12612.2,1.50707,12557.6,604.107,False,-113.22,21.7082,21.173437945401894,0.052569516950256766,21.148022860622753,0.0001297379027777907,21.15273342061159,0.052231386253672164,nan,nan
2011 UV31,310260,MBO,MBO,21164711205876054,745319369188311100,18.207188,3.2233267,3.1755126,150.08369844227715,3.1505556304119797,2025052800142,150,60824.013432854816,z,150.08373451785047,3.150536316594593,18.782047271728516,12175.6,649.517,False,12660.5,1.9239,12191.6,640.031,False,-176.116,19.0734,21.186274104927946,0.05791945993702226,21.1438728560666,0.00016498936797432472,21.18484827164963,0.05699865952741127,nan,nan
2011 UV31,310260,MBO,MBO,21164711205876054,745319369322528782,18.207176,3.2233267,3.17552,150.08379639033052,3.1505320084348054,2025052800143,150,60824.013957535906,z,150.0838085081043,3.1505307679551335,21.082731246948242,12269.8,594.502,False,13314.0,4.86796,12446.7,591.32,False,-195.552,17.7689,21.177906308021285,0.05260659267877528,21.08922861846087,0.000396974642441778,21.16236442803038,0.05158134529435634,nan,nan
2011 UV31,310260,MBO,MBO,21164711205876054,745319369431056448,18.20716,3.2233267,3.1755304,150.0839365105557,3.150498216490243,2025052800144,101,60824.014708630355,z,150.0839514980685,3.1505084209112693,17.600358963012695,12693.4,713.967,False,13624.1,12.5775,12658.0,707.529,False,-340.67,19.963,21.141055051724706,0.061069514496615435,21.064230474481704,0.0010023302735328262,21.14408727165368,0.06068808991972316,nan,nan
2011 UV31,310260,MBO,MBO,21164711205876054,745319369565274168,18.20715,3.2233267,3.1755376,150.08403446967827,3.1504745927303075,2025052800145,101,60824.01523337104,z,150.0840590409326,3.1504876985749033,18.806900024414062,13080.3,694.891,False,13918.4,2.89741,13061.6,688.718,False,-353.699,16.8419,21.10845575432042,0.05767974119733893,21.041026685779777,0.00022601899337964878,21.11000908311481,0.057249196799533254,nan,nan
2011 UV31,310260,MBO,MBO,21164711205876054,745319369699491906,18.207138,3.2233267,3.175545,150.08413261995022,3.150450923248647,2025052800146,101,60824.01575903534,z,150.08414051243062,3.1504514100791434,19.939485549926758,12963.9,646.338,False,13925.8,4.78822,12816.8,642.063,False,-348.272,18.979,21.11816078642603,0.0541312845478357,21.040449631177786,0.0003733174256338988,21.13055099801454,0.05439041279689744,nan,nan
2011 UV31,310260,MBO,MBO,21164711205876054,745319369838952490,18.207127,3.2233267,3.1755521,150.084230401713,3.150427343014464,2025052800147,111,60824.01628337175,z,150.08425960809888,3.1504509981454687,21.390474319458008,13048.3,609.031,False,12393.7,0.0527337,12926.1,608.935,False,-317.497,20.4855,21.11111518317941,0.05067687152959469,21.166997534201574,4.619676705339791e-06,21.121331254246417,0.05114789404176933,nan,nan
2011 UV31,310260,MBO,MBO,21164711205876054,745319369971073067,18.207115,3.2233267,3.1755595,150.08432800142458,3.1504038070655054,2025052800148,107,60824.01680674485,z,150.08432406897006,3.1504155559443134,23.86073875427246,14344.0,594.066,False,14445.3,4.45193,14319.1,593.042,False,-295.701,21.5055,21.008324308614682,0.04496646273142943,21.00068360042515,0.0003346155287488563,21.01021072444435,0.04496701464652782,nan,nan
2011 UV31,310260,MBO,MBO,21164711205876054,745319370103717937,18.207104,3.2233267,3.175567,150.08442709870394,3.1503799103789487,2025052800149,104,60824.017337786245,z,150.08443200788787,3.150379102565159,21.846546173095703,13268.0,605.5,False,12908.5,1.19087,13072.0,602.564,False,-275.747,21.5304,21.09298634288139,0.04954878444234605,21.122810552267907,0.00010016428901673772,21.10914490202915,0.050047856378637005,nan,nan
2011 UV31,310260,MBO,MBO,21164711205876054,745319370239508536,18.207092,3.2233267,3.175574,150.0845254542939,3.1503561929478563,2025052800150,107,60824.01786417225,z,150.08453741712086,3.1503539209968583,24.4787540435791,14404.2,587.663,False,13967.3,9.66522,14305.2,581.443,False,-193.245,23.101,21.00377712815272,0.044295900756904906,21.0372188618208,0.0007513176999605365,21.011265150114962,0.04413036518622209,nan,nan
2011 UV31,310260,MBO,MBO,21164711205876054,745319370511614028,18.20707,3.223327,3.1755886,150.08471956648452,3.1503093860012084,2025052800152,114,60824.018904653494,z,150.08473031701723,3.150315508286379,22.350969314575195,12961.5,576.308,False,13260.3,9.05253,12988.6,570.596,False,-128.886,24.5165,21.118361839522628,0.04827515663054666,21.09361664193039,0.0007412094766992148,21.116094176725802,0.04769696219255764,nan,nan
2011 UV31,310260,MBO,MBO,21164711205876054,745319370662608921,18.207058,3.223327,3.175596,150.08481737624092,3.1502858014074806,2025052800153,146,60824.019428302316,z,150.0848280412207,3.1503057762751796,22.752832412719727,14708.8,640.467,False,14593.2,6.23115,14903.4,643.706,False,-170.059,18.3597,20.981056907485492,0.04727633779441931,20.98962364916219,0.00046359847222796817,20.966786576888712,0.04689499605524903,nan,nan
2011 UV31,310260,MBO,MBO,21164711205876054,745319370796826693,18.207047,3.223327,3.1756032,150.0849146306644,3.1502623511339656,2025052800154,146,60824.01994931261,z,150.08491503638646,3.150268444313934,23.10085105895996,13983.5,594.08,False,13402.0,7.35697,14055.5,592.888,False,-199.75,20.7867,21.03596028312771,0.04612680538332832,21.08207596600026,0.000596010185450497,21.030384251274647,0.04579843957858365,nan,nan
2011 UV31,310260,MBO,MBO,21164711205876054,745319370932617247,18.207035,3.223327,3.1756103,150.08501188978894,3.1502389001454425,2025052800155,149,60824.02047032899,z,150.0849920224002,3.150221230513624,24.55268669128418,14428.1,585.689,False,14490.4,13.9454,14415.8,582.718,False,-257.55,22.8089,21.001977170102965,0.04407398045083192,20.997299035453075,0.0010449004527214767,21.002903143660035,0.04388782151675901,nan,nan
2011 UV31,310260,MBO,MBO,21164711205876054,745319371066834985,18.207024,3.223327,3.1756177,150.0851097136688,3.1502153134115667,2025052800156,149,60824.02099459154,z,150.0851256278543,3.1502251295570507,21.664615631103516,13018.0,591.636,False,12762.0,1.18399,12927.1,592.688,False,-383.097,24.2189,21.11363933198534,0.049344032139670535,21.135203149284067,0.00010072878944475394,21.121247261840207,0.04977936477998,nan,nan
2011 UV31,310260,MBO,MBO,21164711205876054,745319371199479825,18.207012,3.223327,3.1756248,150.08520791583484,3.150191635904452,2025052800157,146,60824.021520801994,z,150.08520258686693,3.1501839434000964,23.4659423828125,13392.0,579.606,False,13100.5,0.078377,13169.5,571.796,False,-376.745,20.8219,21.082886398377035,0.046990683864276565,21.106780321338256,6.4956870037422015e-06,21.101076783431353,0.04714071462105272,nan,nan
2011 UV31,310260,MBO,MBO,21164711205876054,745319371333173297,18.207,3.223327,3.1756322,150.08530556258862,3.150168092752282,2025052800158,145,60824.022043167475,z,150.08532184940393,3.150164238629535,25.09182357788086,14766.6,584.454,False,13882.0,1.47854,14667.8,583.215,False,-380.545,22.3729,20.976798751717418,0.042972848342604404,21.043869899834146,0.00011563927006560883,20.984087565484757,0.043170596698054536,nan,nan
2011 UV31,310260,MBO,MBO,21164711205876054,745319371580112902,18.206804,3.223327,3.1757565,150.0869762160395,3.149765362552445,2025052800160,104,60824.030987239064,r,150.08697761461482,3.1497566644606305,41.843936920166016,11569.5,277.969,False,11355.9,0.0774637,11585.5,278.461,False,-69.0987,4.42144,21.241713523954488,0.026085915617673785,21.261946063963467,7.40629472221933e-06,21.240213046127582,0.026095998249770797,nan,nan
2011 UV31,310260,MBO,MBO,21164711205876054,745319371714330628,18.206793,3.223327,3.1757636,150.0870737662572,3.1497418515376694,2025052800161,104,60824.03150921826,r,150.08708365281822,3.1497445604266545,41.616065979003906,11289.5,269.679,False,10959.0,0.341977,11403.1,270.525,False,-90.1359,4.70042,21.268313230229538,0.02593562498991992,21.30057268267105,3.388053748985853e-05,21.257442704931712,0.025757801845728477,nan,nan
2011 UV31,310260,MBO,MBO,21164711205876054,745319371848548373,18.206781,3.223327,3.175771,150.08717188226225,3.149718204704226,2025052800162,104,60824.032034955926,r,150.08718609718088,3.149710423158341,41.774085998535156,11296.3,268.434,False,11050.8,1.16418,11385.0,268.975,False,-85.5969,4.78733,21.267659474823805,0.025800351184844108,21.291515721645755,0.00011438017528278171,21.259167412622094,0.025650935643533223,nan,nan
2011 UV31,310260,MBO,MBO,21164711205876054,745319371986436156,18.206768,3.223327,3.1757784,150.0872701903547,3.1496945121290514,2025052800163,111,60824.03256016,r,150.08727335579172,3.1496982639032796,44.378814697265625,11608.3,259.765,False,11070.7,0.789272,11705.7,261.265,False,-69.68,5.2881,21.23807846002331,0.02429608865024717,21.289562275413004,7.740623283940348e-05,21.229006507915948,0.02423305575125391,nan,nan
2011 UV31,310260,MBO,MBO,21164711205876054,745319372118556734,18.206757,3.223327,3.1757855,150.08736812988568,3.1496709089340933,2025052800164,107,60824.033084296345,r,150.08737554291093,3.1496659697103038,42.31787109375,10938.4,256.826,False,10500.5,1.15746,11237.0,258.584,False,-50.5473,5.686,21.302615459247363,0.025492326516852994,21.34697505183207,0.00011967965331592934,21.273374047840214,0.024984784812724693,nan,nan
2011 UV31,310260,MBO,MBO,21164711205876054,745319372251201604,18.206745,3.223327,3.175793,150.087466448597,3.149647214920855,2025052800165,104,60824.03361075795,r,150.08747144156925,3.149644669948364,42.41100311279297,9106.26,224.253,False,10564.6,1.56626,9162.92,226.126,False,-40.6117,4.73066,21.501649912862117,0.026737608401970016,21.34036739436024,0.00016096636213829628,21.494915272193758,0.026794209140484856,nan,nan
2011 UV31,310260,MBO,MBO,21164711205876054,745319372386992187,18.206734,3.223327,3.1758003,150.08756514639435,3.149623430123837,2025052800166,107,60824.03413813954,r,150.08758083602882,3.149619663633144,43.03143310546875,9258.27,226.266,False,11266.9,1.14174,9518.02,229.884,False,-60.7185,4.60987,21.483675449941924,0.02653467738231325,21.270488863034185,0.00011002390834060114,21.453633520878927,0.026223247787098652,nan,nan
2011 UV31,310260,MBO,MBO,21164711205876054,745319372541132824,18.206722,3.223327,3.1758075,150.0876632887668,3.1495997797510613,2025052800167,145,60824.03466371316,r,150.08768071247803,3.149602148147829,41.53485107421875,11563.1,276.297,False,11106.5,0.0608107,11654.7,277.89,False,-109.172,4.79009,21.24231433286666,0.025943359749488804,21.28605694764462,5.944661116524134e-06,21.233747234401,0.025887860244223602,nan,nan
2011 UV31,310260,MBO,MBO,21164711205876054,745319372679544836,18.20671,3.223327,3.1758149,150.08776124955054,3.149576173714204,2025052800168,153,60824.03518783525,r,150.08776910471397,3.149575488266462,46.42927932739258,11068.9,244.449,False,11219.7,0.360202,11283.9,248.696,False,-105.391,6.69402,21.289738801914233,0.023977732721149957,21.27504686956707,3.485693568483278e-05,21.268851890657338,0.023929513812007225,nan,nan
2011 UV31,310260,MBO,MBO,21164711205876054,745319372810092585,18.2067,3.2233272,3.175822,150.08785865471833,3.149552702142983,2025052800169,146,60824.03570848347,r,150.08786944185914,3.149535315630007,42.415794372558594,11319.2,263.688,False,10802.4,1.47637,11469.1,266.286,False,-129.603,5.09096,21.265460647320303,0.025292917405538164,21.31619932411354,0.00014838816167516957,21.251176688470203,0.025208287706131472,nan,nan
2011 UV31,310260,MBO,MBO,21164711205876054,745319373080100899,18.206676,3.2233272,3.1758368,150.0880551637303,3.149505351443481,2025052800171,149,60824.03675923546,r,150.0880591433375,3.1495021456686025,41.31572723388672,11777.3,284.356,False,11259.6,0.15952,11856.9,285.552,False,-123.354,4.89748,21.22238567335125,0.026214463063819964,21.271192631733598,1.538213130393733e-05,21.21507207152413,0.02614799286892967,nan,nan
2011 UV31,310260,MBO,MBO,21164711205876054,745319373214318649,18.206665,3.2233272,3.175844,150.08815314582432,3.149481742628955,2025052800172,149,60824.0372834039,r,150.08815725090386,3.1494793793471163,43.91470718383789,11773.5,268.082,False,11129.1,0.616987,12015.2,270.476,False,-93.8957,4.98719,21.222736029652545,0.024722158579792396,21.28384992620225,6.019221108563625e-05,21.20067247163934,0.024441174117650812,nan,nan
2011 UV31,310260,MBO,MBO,21164711205876054,745319373480656941,18.20664,3.2233272,3.1758585,150.08834893933312,3.149434567935141,2025052800174,145,60824.03833093225,r,150.08835843815882,3.1494305557483235,37.44540786743164,11724.2,312.415,False,11869.8,1.49846,12051.0,316.176,False,-58.1036,4.32288,21.227291936054574,0.028931635423852544,21.21389151441906,0.00013706485022610073,21.197442283871663,0.0284859119333738,nan,nan
2011 UV31,310260,MBO,MBO,21164711205876054,745319373614874688,18.206629,3.2233272,3.175866,150.08844749878276,3.149410821841211,2025052800175,145,60824.038857291715,r,150.0884427313008,3.149411515252509,39.285003662109375,11465.8,290.118,False,11295.5,0.184503,11839.3,293.993,False,-40.842,4.82623,21.251489113423798,0.027472277039203272,21.26773635023115,1.7734636915626007e-05,21.216684954326773,0.026960957300656924,nan,nan
2011 UV31,310260,MBO,MBO,21164711205876054,745319373750665225,18.206617,3.2233272,3.1758733,150.08854568958574,3.1493871651877776,2025052800176,148,60824.03938280088,r,150.08853913450844,3.149392789471415,37.75841522216797,10110.7,274.259,False,10844.1,1.14836,10327.3,276.392,False,-41.6032,4.72459,21.388046918037666,0.02945126677127743,21.312016254563254,0.00011497644693128458,21.36503303773446,0.02905781810592873,nan,nan
2011 UV31,310260,MBO,MBO,21164711205876054,745319374018576447,18.206594,3.2233272,3.1758878,150.08874246197266,3.1493397596212085,2025052800178,147,60824.04043414835,r,150.08876096640657,3.1493371110346713,40.8265380859375,11415.0,281.213,False,11250.1,0.901881,11728.2,286.109,False,5.62783,5.12538,21.256310210434364,0.0267475382507585,21.27210908063479,8.703965883565121e-05,21.22692157355105,0.026486494447281215,29.52414756895344,0.9888021925868485
2011 UV31,310260,MBO,MBO,21164711205876054,745319374154367001,18.206583,3.2233272,3.175895,150.08884029527468,3.1493161909866023,2025052800179,150,60824.04095713925,r,150.0888458590385,3.149321257283006,41.75733184814453,10081.8,249.562,False,10943.7,0.0936998,10374.1,253.61,False,13.9699,4.64717,21.39115482660361,0.026876004298589468,21.302089532596284,9.296057205368474e-06,21.360123965852654,0.026542405598511405,28.537016746456253,0.3611765827839694
2011 UV31,310260,MBO,MBO,21164711205876054,745319374287011875,18.206572,3.2233272,3.1759026,150.0889405660656,3.1492920358070813,2025052800180,147,60824.04149341594,r,150.08895132304664,3.14929203707805,40.99224853515625,11018.6,266.917,False,10596.8,0.0741096,11322.5,269.695,False,35.8742,4.96691,21.294683994783007,0.026301113785506695,21.337063175754466,7.593186266723311e-06,21.26514417661251,0.02586157065086449,27.51304447033468,0.1503240226032295
2011 UV31,310260,MBO,MBO,21164711205876054,745319374423326766,18.206558,3.2233272,3.1759098,150.08903915889073,3.1492682855060963,2025052800181,151,60824.04202079975,r,150.08904906932696,3.149270320976164,39.2315559387207,11160.5,282.059,False,10756.0,0.314949,11475.3,284.674,False,67.5915,5.07117,21.28079087049057,0.027439779386232953,21.320873016121837,3.179170121750333e-05,21.25058989806704,0.02693444927864865,26.825269799599162,0.08145924805336781
2011 UV31,310260,MBO,MBO,21164711205876054,745319374689665083,18.206535,3.2233272,3.1759245,150.08923561299136,3.149220963093869,2025052800183,147,60824.0430702788,r,150.08923996420333,3.149219683976488,41.043731689453125,11231.2,273.024,False,10656.4,1.39177,11485.0,275.425,False,44.8486,4.97478,21.273934578547156,0.026393619746685536,21.330973675536658,0.00014180164295438978,21.249672501172387,0.026037342702820373,27.27062781030196,0.12043406103050298
2011 UV31,310260,MBO,MBO,21164711205876054,745319374825455662,18.206524,3.2233272,3.1759317,150.08933384846182,3.149197300851001,2025052800184,150,60824.04359566094,r,150.08934599014734,3.149196492088916,38.73950958251953,10790.6,280.662,False,11149.8,2.06262,11116.2,285.989,False,24.5553,4.81013,21.317386054695035,0.02823984689889866,21.281832325822073,0.00020085213797227158,21.285109101179486,0.02793298257056923,27.924636899621373,0.21268453129968634
2011 UV31,310260,MBO,MBO,21164711205876054,745319374956003331,18.206512,3.2233272,3.175939,150.08943246383544,3.1491735477715297,2025052800185,143,60824.044122991545,r,150.08943379077243,3.149175329080823,40.554752349853516,10282.9,258.791,False,10759.7,0.375704,10523.0,260.427,False,14.0175,4.81427,21.369710927850242,0.027324853039743562,21.320499573843072,3.79114117781487e-05,21.34465107400402,0.026870191458436176,28.533323593983074,0.3728929757899897
2011 UV31,310260,MBO,MBO,21164711205876054,745319375374385170,18.206476,3.2233272,3.175961,150.08972796989138,3.1491023745245856,2025052800188,173,60824.04570146889,r,150.0897478258901,3.149088410221224,38.38386917114258,7799.89,227.421,False,11488.3,1.35215,7892.23,228.344,False,21.657,4.45797,21.66977878601509,0.031656756030313406,21.24936059844418,0.0001277889848334082,21.657000669613584,0.03141334479495613,28.06100427932176,0.22349262018617605
2011 UV31,310260,MBO,MBO,21164711205876054,745319375492874279,18.206465,3.2233272,3.1759684,150.0898269824128,3.1490785285394534,2025052800189,143,60824.04623003084,r,150.08983503601354,3.1490768570318357,41.942909240722656,11841.5,280.374,False,11181.5,0.684025,12186.5,283.856,False,11.5753,5.6405,21.21648320170567,0.02570723261290872,21.27874982966929,6.641959452429434e-05,21.185302517936098,0.025289683060693017,28.741169340784865,0.5290657713281379
2011 UV31,310260,MBO,MBO,21164711205876054,745319376014540812,18.206413,3.2233272,3.176001,150.09026521602925,3.1489729937267263,2025052800193,114,60824.048571769206,r,150.09027969646533,3.148974959826157,41.79547119140625,11669.1,277.304,False,10828.8,0.669876,12285.5,279.217,False,495.86,5.89297,21.23240663232997,0.025801388878632387,21.313549187865533,6.716428567116902e-05,21.17651790935126,0.024675920172728842,24.661602341906722,0.012903261331847903
2011 UV31,310260,MBO,MBO,21164711205876054,745323760654483478,18.1801,3.2233407,3.1894755,150.27831304964295,3.1042196282349157,2025052900093,143,60825.028885205786,r,150.2783271493178,3.104217833750415,48.48896026611328,11352.4,230.661,False,10604.6,0.423257,11307.6,229.187,False,-72.7573,7.45695,21.262280750101667,0.02206026789089399,21.33626431049506,4.333453958316777e-05,21.266573944592658,0.022006139968914824,nan,nan
2011 UV31,310260,MBO,MBO,21164711205876054,745323760788701200,18.180086,3.2233407,3.189483,150.2784127395664,3.104195209069619,2025052900094,143,60825.02941036766,r,150.27842218243444,3.104190754695957,49.7859992980957,11385.9,225.582,False,10321.1,1.04423,11345.9,224.523,False,-85.4013,7.98453,21.25908154981617,0.021511038822949066,21.365685076335097,0.00010984859588029947,21.262902583920138,0.02148553539817377,nan,nan
2011 UV31,310260,MBO,MBO,21164711205876054,745323761056612421,18.18006,3.2233407,3.1894975,150.2786119452734,3.1041464151010403,2025052900096,142,60825.03045977649,r,150.27861466936264,3.1041431529882675,46.63456726074219,11502.0,245.533,False,10955.6,0.881931,11517.0,243.978,False,-87.4992,7.78824,21.248066591845735,0.023177192899651186,21.300909620357096,8.74022836212327e-05,21.24665158290733,0.02300041194048266,nan,nan
2011 UV31,310260,MBO,MBO,21164711205876054,745323761190830109,18.180046,3.2233407,3.1895046,150.27871146089797,3.104122040345627,2025052900097,142,60825.03098396293,r,150.27871381025577,3.1041179990382215,37.529815673828125,11660.7,307.724,False,11437.1,2.2299,11755.4,310.932,False,-113.245,4.35623,21.233188426294493,0.02865240347633751,21.254210241162422,0.00021168680163176053,21.2244064353868,0.028717876535205862,nan,nan
2011 UV31,310260,MBO,MBO,21164711205876054,745323761324523533,18.180033,3.2233407,3.189512,150.27881136168915,3.1040975718349757,2025052900098,141,60825.03150921374,r,150.27881448664556,3.1040923094418367,49.160701751708984,11689.2,235.978,False,11092.9,0.705024,11572.2,234.446,False,-74.9748,8.58735,21.230538008375426,0.021918510282954756,21.287387216918233,6.900540520442365e-05,21.24146015451324,0.02199637968897905,nan,nan
2011 UV31,310260,MBO,MBO,21164711205876054,745323761457168458,18.18002,3.2233407,3.1895192,150.27891050789782,3.10407328872789,2025052900099,138,60825.03203120518,r,150.27891139905327,3.1040738307793743,49.31841278076172,11551.6,232.685,False,11137.7,0.687049,11657.0,233.459,False,-68.9428,9.19373,21.2433946815458,0.02187009026424272,21.283011191576644,6.697558112395907e-05,21.23353300882326,0.02174443580930082,nan,nan
2011 UV31,310260,MBO,MBO,21164711205876054,745323761609211910,18.180006,3.2233407,3.1895266,150.2790104192141,3.1040488188240234,2025052900100,172,60825.03255740818,r,150.27902199281306,3.1040375804196203,46.9235725402832,11384.2,239.378,False,10727.3,0.506879,11389.2,239.498,False,-65.9717,7.70374,21.259243689074395,0.02283000678641253,21.32377395405553,5.1302458345446725e-05,21.25876693276942,0.022831423304597823,nan,nan
2011 UV31,310260,MBO,MBO,21164711205876054,745323761727176747,18.179993,3.2233407,3.1895337,150.2791095759054,3.104024534335683,2025052900101,141,60825.033079287,r,150.27912689660528,3.1040165063822935,51.312156677246094,11764.9,227.875,False,11419.5,0.54778,11815.8,227.484,False,-65.2574,6.89569,21.223529363736905,0.02102968401299955,21.255882277877514,5.208148812291913e-05,21.218842189732833,0.02090316456451796,nan,nan
2011 UV31,310260,MBO,MBO,21164711205876054,745323761861394469,18.17998,3.2233407,3.189541,150.27920911779003,3.104000156111886,2025052900102,141,60825.03360386954,r,150.27921531141936,3.104008204319533,48.91023254394531,11736.8,236.138,False,10966.3,0.0898253,11699.0,235.147,False,-74.6687,7.41867,21.226125757854206,0.021844419323478966,21.299849713078814,8.893298980989183e-06,21.229628147566764,0.021823028873083166,nan,nan
2011 UV31,310260,MBO,MBO,21164711205876054,745323762126159933,18.179953,3.2233407,3.1895556,150.27940859757524,3.1039513045157388,2025052900104,134,60825.034653270595,r,150.2794195926047,3.1039461851472505,45.637229919433594,11718.8,256.038,False,11325.4,1.57016,11827.5,256.944,False,-52.8946,5.21647,21.227792162111403,0.0237216886481842,21.264866088218234,0.00015052709259427366,21.217767608198493,0.02358684452846714,nan,nan
2011 UV31,310260,MBO,MBO,21164711205876054,745323762264047618,18.17994,3.2233407,3.1895628,150.2795085355543,3.103926831139588,2025052900105,141,60825.03517963602,r,150.27951062578882,3.1039296611078404,43.73374557495117,11432.8,258.12,False,10885.8,2.6326,11414.8,258.149,False,-28.9921,5.9305,21.254618503008537,0.024512825262261496,21.30784914209655,0.00026257227387014854,21.256329252151826,0.02455423713108865,nan,nan
2011 UV31,310260,MBO,MBO,21164711205876054,745323762527240204,18.179913,3.2233407,3.1895773,150.27970671740485,3.103878301116984,2025052900107,131,60825.03622262055,r,150.2797164715213,3.103888512099644,40.429405212402344,11620.9,287.518,False,11732.3,0.260951,11722.0,289.33,False,18.5811,4.71334,21.23690055345913,0.026862695441661005,21.226542119202755,2.4149055728052742e-05,21.227495707385998,0.02679884333251085,28.227321421330615,0.2754112267043727
2011 UV31,310260,MBO,MBO,21164711205876054,745323762661457942,18.1799,3.2233407,3.1895847,150.27980629149488,3.10385391873739,2025052900108,131,60825.03674677969,r,150.27981009845175,3.1038506834042705,39.79530715942383,12033.9,301.936,False,12228.6,0.610522,12235.6,304.666,False,46.0092,4.60173,21.198983969143676,0.027241612537495713,21.181558186261167,5.420619123773918e-05,21.180936857635384,0.02703479199629725,27.242888270493395,0.10859272950200811
2011 UV31,310260,MBO,MBO,21164711205876054,745323762797248550,18.179886,3.2233407,3.189592,150.27990568082743,3.1038295822374597,2025052900109,134,60825.03726984469,r,150.27991245981204,3.103828943367354,41.817626953125,11792.4,280.785,False,11451.5,0.564548,12020.9,284.607,False,26.9031,4.8472,21.220994458785704,0.025852111031733595,21.25284405644217,5.3525758184978965e-05,21.200157503870848,0.025705904562440166,27.825494223120383,0.19561985887442535
2011 UV31,310260,MBO,MBO,21164711205876054,745323762927796305,18.179873,3.2233407,3.1895993,150.2800052657637,3.103805198487263,2025052900110,127,60825.037793897034,r,150.28001385821202,3.103807820905831,44.98611831665039,11410.4,252.573,False,10572.0,0.32297,11458.1,253.687,False,-3.0763,5.40221,21.256747789833483,0.02403313108531293,21.339607113850818,3.3168768935689784e-05,21.252218516480227,0.024038642193995655,nan,nan
2011 UV31,310260,MBO,MBO,21164711205876054,745323763205668946,18.17984,3.2233407,3.1896174,150.28025406179967,3.10374428268827,2025052900112,145,60825.03910224287,r,150.28026335672754,3.1037414082303783,43.44847869873047,11434.9,262.015,False,10707.7,0.832019,11581.1,263.651,False,-40.0867,6.04976,21.25441903544595,0.02487815178759868,21.325759492793868,8.436481259878165e-05,21.240625507477514,0.024717466116019635,nan,nan
2011 UV31,310260,MBO,MBO,21164711205876054,745323763341459501,18.179827,3.2233407,3.1896245,150.2803542361279,3.1037197569389767,2025052900113,148,60825.03962907732,r,150.28036521040372,3.1037154065694748,42.85456466674805,11613.1,269.096,False,12053.2,0.63295,11709.6,270.795,False,-56.0892,5.13544,21.237629622146976,0.025158423555774214,21.197244075120025,5.701529288985499e-05,21.228644886659808,0.02510862539749537,nan,nan
2011 UV31,310260,MBO,MBO,21164711205876054,745323763475152953,18.179813,3.2233407,3.189632,150.28045441603874,3.103695230500033,2025052900114,147,60825.04015647087,r,150.28046273266943,3.1036947929901895,44.89177703857422,11205.8,245.625,False,11766.7,6.08005,11246.4,245.625,False,-52.4796,11.257,21.276392851533554,0.02379874350264217,21.223363279572133,0.000561017982361578,21.272466147357385,0.02371282775207108,nan,nan
2011 UV31,310260,MBO,MBO,21164711205876054,745323763609370635,18.1798,3.2233407,3.1896393,150.28055403117034,3.1036708430091235,2025052900115,147,60825.04068076155,r,150.28055990747956,3.1036633634768904,44.84877395629883,11625.3,251.407,False,13087.5,4.46179,11573.9,250.107,False,-62.7982,8.50228,21.23648959569878,0.023479969041433037,21.10785826328275,0.00037014915248446257,21.2413006491484,0.02346229101399641,nan,nan
2011 UV31,310260,MBO,MBO,21164711205876054,745323763745161230,18.179787,3.223341,3.1896465,150.280653461779,3.103646501370605,2025052900116,150,60825.041203718705,r,150.28066101357476,3.1036526559403628,45.05201721191406,11577.7,249.25,False,12420.2,0.652469,11510.6,249.557,False,-67.895,9.64197,21.240944251711262,0.023374223245608866,21.164678509790946,5.703685787920361e-05,21.24725513135554,0.023539440747480007,nan,nan
2011 UV31,310260,MBO,MBO,21164711205876054,745323763877806143,18.179773,3.223341,3.1896539,150.28075327820633,3.1036220659661318,2025052900117,147,60825.04172892816,r,150.2807613400614,3.103615752960013,45.40027618408203,11573.8,247.565,False,12297.2,2.3252,11569.4,246.894,False,-61.654,11.1649,21.241310085057208,0.023224031063057336,21.17548439175459,0.0002052950160208929,21.241722871806196,0.023169891475658472,nan,nan
2011 UV31,310260,MBO,MBO,21164711205876054,745323764013596710,18.17976,3.223341,3.189661,150.28085329034604,3.103597583345506,2025052900118,150,60825.04225404642,r,150.28086052327785,3.1035921479920323,43.406375885009766,11413.4,253.154,False,12819.0,2.33724,11380.4,253.336,False,-71.9944,10.5688,21.25646236772835,0.024082084333050303,21.130364631157853,0.00019795819223430926,21.259606145296104,0.02416927842053418,nan,nan
2011 UV31,310260,MBO,MBO,21164711205876054,745323764144144392,18.179747,3.223341,3.1896684,150.2809534983369,3.103573053484034,2025052900119,143,60825.042781189695,r,150.28096777917253,3.103571989426879,44.03919219970703,11363.0,251.497,False,11963.7,1.71658,11320.4,250.754,False,-83.8803,12.5588,21.26126748330538,0.024030572189895582,21.20533619679839,0.00015578400161276758,21.265345530845536,0.024049740690067416,nan,nan
2011 UV31,310260,MBO,MBO,21164711205876054,745323764235894893,18.179726,3.223341,3.1896791,150.28110125371535,3.1035368858169003,2025052900120,62,60825.04355816226,r,150.28111123657942,3.1035272195939365,40.248104095458984,11343.1,272.861,False,12750.6,3.45052,11248.7,273.246,False,-109.57,7.42335,21.26317063536535,0.026117645842095333,21.13617347907118,0.0002938179102104373,21.27224414512963,0.02637398741541878,nan,nan
2011 UV31,310260,MBO,MBO,21164711205876054,745323764390035461,18.179712,3.223341,3.1896865,150.28120109545904,3.1035124473642948,2025052900121,100,60825.04408396741,r,150.2812033983183,3.1035134785516076,44.030826568603516,11889.3,257.754,False,13325.9,3.06111,11882.1,257.789,False,-93.0675,13.3709,21.212109303721288,0.023538210990797007,21.088258593376516,0.00024940588460775176,21.21276702797513,0.023555672926524947,nan,nan
2011 UV31,310260,MBO,MBO,21164711205876054,745323764546797569,18.179691,3.223341,3.1896982,150.28136199525625,3.10347306512537,2025052900122,143,60825.044929514916,r,150.28137335426496,3.1034739000565548,41.78947448730469,11165.1,264.111,False,11773.5,2.54198,11096.5,262.284,False,-54.2585,7.09274,21.280343495048545,0.025683144494013564,21.222736029652545,0.00023441795119014916,21.287034956272436,0.02566315784416427,nan,nan
2011 UV31,310260,MBO,MBO,21164711205876054,745323764681015319,18.179678,3.223341,3.1897056,150.28146147148317,3.103448718013728,2025052900123,143,60825.04545278364,r,150.28146389041333,3.1034514263775073,43.99824905395508,11363.1,251.155,False,12607.9,3.84906,11455.4,251.348,False,-29.2382,9.97065,21.26125796565769,0.023997684131510044,21.14839307751796,0.0003314639020317098,21.25247431673204,0.023822618337855452,nan,nan
2011 UV31,310260,MBO,MBO,21164711205876054,745323764815233045,18.179665,3.223341,3.1897128,150.28156095340535,3.103424370232188,2025052900124,143,60825.04597517384,r,150.28157225237723,3.1034333212157836,43.357791900634766,11500.7,255.821,False,13029.0,1.14352,11509.9,256.392,False,-43.5445,8.11664,21.248189294397857,0.024151061760820828,21.11272228979527,9.529212236209307e-05,21.24732108710039,0.02418561983226026,nan,nan
2011 UV31,310260,MBO,MBO,21164711205876054,745323764964655110,18.179651,3.223341,3.1897202,150.28166006057629,3.1034001148944528,2025052900125,172,60825.04649620871,r,150.28166953187377,3.1033991137601573,40.344627380371094,11248.7,268.289,False,12071.2,3.29549,11148.6,268.502,False,-65.9262,10.5812,21.27224414512963,0.025895532565635714,21.195623868607463,0.00029641069456801583,21.28194920376301,0.02614878711573933,nan,nan
2011 UV31,310260,MBO,MBO,21164711205876054,745323765082619956,18.179638,3.223341,3.1897273,150.28176012460264,3.103375626116621,2025052900126,141,60825.047022808765,r,150.28177585701835,3.1034216835497253,44.05485534667969,11583.2,255.049,False,13228.6,8.24268,11548.0,255.386,False,-87.5233,8.63916,21.24042859393132,0.02390668591100804,21.09621532039125,0.000676517237334684,21.24373306197829,0.02401124247586852,nan,nan
