provid,permid,orbit_class,population,ssObjectId,diaSourceId,phaseAngle,helioRange,topoRange,ephRa,ephDec,visit,detector,midpointMjdTai,band,ra,dec,snr,psfFlux,psfFluxErr,psfFlux_flag,trailFlux,trailFluxErr,scienceFlux,scienceFluxErr,forced_PsfFlux_flag,templateFlux,templateFluxErr,psfMag,psfMagErr,trailMag,trailMagErr,scienceMag,scienceMagErr,templateMag,templateMagErr
2000 QF135,32361,MBO,MBO,21163607333287238,745284197792350367,6.7915683,3.133287,2.1694725,228.35976100011604,-40.04019806205373,2025052000239,68,60816.13718127388,u,228.3597408710252,-40.04019614983971,91.04557037353516,48902.8,537.559,False,50032.4,2.17989,49166.0,497.94,False,127.408,41.8876,19.676665667681277,0.011934843852820242,19.651871693860613,4.730505591564539e-05,19.670837807960353,0.010996043779196722,26.13700827849042,0.35695470311726335
2000 QF135,32361,MBO,MBO,21163607333287238,745284205691273876,6.7990003,3.1333406,2.1696112,228.324307323414,-40.03328077524248,2025052000298,30,60816.275022669506,i,228.3242930730796,-40.033276631486,408.6123352050781,361724.0,878.479,False,357345.0,2.63574,358071.0,836.068,False,-173.617,73.0786,17.50405668827166,0.002636807233307366,17.51728072550911,8.008278805188238e-06,17.515077127168468,0.0025351097682238853,nan,nan
2000 QF135,32361,MBO,MBO,21163607333287238,745284208263430896,6.7995186,3.1333444,2.169622,228.32182042830155,-40.03277435147175,2025052000317,72,60816.28475189184,i,228.32180446114128,-40.03277209531081,472.890625,362928.0,770.779,False,333104.0,0.397178,357657.0,716.574,False,-196.918,88.7864,17.500448811405484,0.0023058641305019386,17.59355038038931,1.2945822568681241e-06,17.516333176502577,0.002175297303340438,nan,nan
2000 QF135,32361,MBO,MBO,21163607333287238,745284209046716877,6.7998433,3.1333468,2.1696286,228.32026237859708,-40.03245568396847,2025052000323,30,60816.29085395938,r,228.32024086827514,-40.032447953978554,215.6624755859375,281121.0,1300.88,False,266641.0,1.65759,277551.0,1289.34,False,-170.745,24.07,17.77776677744824,0.005024215620132262,17.83518267645849,6.749545306161378e-06,17.791643008979285,0.005043696766117658,nan,nan
2000 QF135,32361,MBO,MBO,21163607333287238,745284209450943075,6.7999234,3.1333473,2.1696303,228.3198765264312,-40.03237660171877,2025052000326,33,60816.29236537675,r,228.31985155195355,-40.03237193103353,235.0601806640625,271073.0,1145.33,False,249366.0,0.501521,272705.0,1148.5,False,-65.2292,34.2131,17.817284344512164,0.004587421837226915,17.90790690259458,2.183615640176091e-06,17.810767248173953,0.004572589542416574,nan,nan
2000 QF135,32361,MBO,MBO,21163607333287238,745284211618873807,6.8003464,3.1333504,2.1696393,228.31784433518115,-40.03195903015573,2025052000342,72,60816.300334970816,r,228.31782728922497,-40.031955626586225,234.8507080078125,273125.0,1163.26,False,247534.0,0.015393,276054.0,1169.27,False,130.558,30.754,17.809096364213758,0.0046242325241183865,17.9159128504296,6.751693708404639e-08,17.797514888966354,0.004598806006590461,26.110491289758023,0.2557540041190721
2000 QF135,32361,MBO,MBO,21163607333287238,745284214439018694,6.8013186,3.1333575,2.16966,228.3131733010788,-40.03099258602403,2025052000363,75,60816.318689001,z,228.31314996218035,-40.0309884674918,308.4115295410156,399427.0,1293.33,False,384209.0,1.83378,427243.0,1268.14,False,28428.9,49.0408,17.396406453854304,0.0035155739546570827,17.43858116528812,5.182079004265107e-06,17.323312610203125,0.0032226754484129946,20.26559984545552,0.001872931044483847
2000 QF135,32361,MBO,MBO,21163607333287238,745288574227185721,6.851977,3.1336794,2.1705668,228.10804224070185,-39.98907817593578,2025052100078,63,60817.14869170089,u,228.10802942482215,-39.9890747148438,92.0881576538086,51774.6,562.297,False,50860.4,2.59853,51683.1,527.505,False,216.535,20.5181,19.614708086464034,0.011791615756019641,19.63405060477111,5.547180607220792e-05,19.616628579296123,0.011081596589163358,25.561179720926496,0.10288057102977174
2000 QF135,32361,MBO,MBO,21163607333287238,745288574334140463,6.8520336,3.1336796,2.1705678,228.10783827082616,-39.98903696705256,2025052100079,11,60817.14948921677,u,228.10781486572878,-39.98903198775021,90.119140625,49471.5,550.225,False,46935.6,0.76504,49519.2,517.909,False,283.866,22.6886,19.664112303539376,0.01207562286883984,19.72124402878209,1.7697261293522975e-05,19.66306596740573,0.011355445104737297,25.26721656503183,0.08677980200094065
2000 QF135,32361,MBO,MBO,21163607333287238,745288588056854531,6.859916,3.1337225,2.1707091,228.07951868573588,-39.98313514227403,2025052100181,73,60817.26050490688,r,228.0795048801966,-39.983132631348944,529.7875366210938,302166.0,569.073,False,296828.0,0.0327023,304255.0,559.487,False,2251.94,10.2403,17.69938601116965,0.0020447805415888766,17.718737835369883,1.196183373746191e-07,17.69190569006137,0.001996533471796246,23.018607990439456,0.004937194126267805
2000 QF135,32361,MBO,MBO,21163607333287238,745288592733503715,6.861907,3.1337335,2.1707478,228.07234078793,-39.981580305922776,2025052100216,33,60817.288820734655,z,228.0723234969981,-39.98157731788836,414.0985107421875,428932.0,1029.06,False,459419.0,6.67925,422958.0,979.838,False,-362.722,32.8307,17.31902888122554,0.002604813262908238,17.244477619584494,1.5784944220508794e-05,17.334256890509497,0.0025152511719403734,nan,nan
2000 QF135,32361,MBO,MBO,21163607333287238,745288592866673022,6.8619413,3.1337337,2.1707485,228.07221733477036,-39.98155335880726,2025052100217,31,60817.28930842723,z,228.07220039652987,-39.98155335338295,420.0021667480469,423386.0,1003.35,False,426948.0,1.15705,419799.0,974.951,False,-464.654,36.9824,17.333158766968126,0.0025730028733515933,17.32406254129146,2.9423983492571078e-06,17.342396500704908,0.002521539085066464,nan,nan
2000 QF135,32361,MBO,MBO,21163607333287238,745288593045979479,6.8619843,3.133734,2.1707492,228.07206227228104,-39.98151950236953,2025052100218,117,60817.28992112672,z,228.07204652925216,-39.981514844028624,412.59814453125,431259.0,1041.08,False,430190.0,1.41065,424651.0,993.826,False,-627.978,36.6966,17.313154571190573,0.002621019388201931,17.315849223105324,3.5602728873169983e-06,17.329919622172042,0.0025409874396542715,nan,nan
2000 QF135,32361,MBO,MBO,21163607333287238,745288593717067922,6.862164,3.133735,2.1707528,228.0714133413494,-39.98137769747334,2025052100223,117,60817.292487493614,z,228.07140011975866,-39.98137344249337,410.5709533691406,430288.0,1041.95,False,426603.0,0.344713,424158.0,992.275,False,-476.165,34.1442,17.315601913706303,0.0026291292937132105,17.32494023696762,8.773201008984538e-07,17.33118084350484,0.0025399707634504226,nan,nan
2000 QF135,32361,MBO,MBO,21163607333287238,745288594904580216,6.8624945,3.1337368,2.1707594,228.07022160487384,-39.981116789038126,2025052100232,78,60817.29720284515,z,228.07020601256946,-39.98111564563089,402.4712219238281,431292.0,1066.22,False,464221.0,4.56045,430387.0,1033.23,False,-275.098,27.7237,17.31307149368032,0.002684106416136944,17.233188043059624,1.066613909894783e-05,17.315352137926254,0.002606526678632154,nan,nan
2000 QF135,32361,MBO,MBO,21163607333287238,745288595440402516,6.862643,3.1337378,2.1707623,228.0696863053197,-39.98099939024405,2025052100236,76,60817.29932161764,z,228.06966924555397,-39.98099654957576,443.9609069824219,432859.0,969.668,False,448791.0,0.488093,428453.0,934.067,False,-357.439,36.5771,17.309133870515723,0.002432209302646424,17.269889652382904,1.1808174164637766e-06,17.320242029802174,0.002367004963425928,nan,nan
2000 QF135,32361,MBO,MBO,21163607333287238,745297388285461072,7.0135107,3.1344256,2.1734142,227.6345180054525,-39.883181293290015,2025052300212,25,60819.08126372041,i,227.63418627745781,-39.88309677773349,570.4752197265625,69294.4,270.061,False,322539.0,1.08521,74179.3,268.536,False,4674.72,37.3927,19.298254677756503,0.004231438858568404,17.62854441217837,3.6530520325641018e-06,19.22429321886237,0.0039304668745434364,22.225610942077914,0.008684714064128038
2000 QF135,32361,MBO,MBO,21163607333287238,745297388593742192,7.0136123,3.1344259,2.1734157,227.6342729422363,-39.88312670773656,2025052300214,101,60819.08224434325,i,227.63395206028946,-39.88305104178014,560.6786499023438,93055.7,329.248,False,339336.0,18.0979,107882.0,327.093,False,14336.0,47.7688,18.97814251254431,0.003841531970263217,17.573425159522735,5.790586817846575e-05,18.81762752714333,0.0032918994676972816,21.008930019204875,0.0036177674627164494
2000 QF135,32361,MBO,MBO,21163607333287238,745297388972802155,7.0137644,3.1344266,2.1734183,227.6339051861396,-39.88304475679252,2025052300217,56,60819.08371626666,i,227.6338866527947,-39.88304401576769,544.1802978515625,321002.0,588.802,False,317291.0,1.18678,335233.0,584.0,False,15065.0,39.133,17.633730654297338,0.001991525445182817,17.646355616359205,4.061035411993916e-06,17.586633091061444,0.001891430567929612,20.955077159976558,0.0028203195666281528
2000 QF135,32361,MBO,MBO,21163607333287238,745297391054225930,7.0145245,3.1344295,2.1734304,227.63206702687629,-39.88263446676602,2025052300232,186,60819.091071095914,i,227.6320493012175,-39.88262980603946,553.696044921875,333736.0,601.144,False,316821.0,0.560541,333714.0,604.659,False,-112.954,60.1737,17.59149235901429,0.0019556888842011937,17.647965098941725,1.9209573540717627e-06,17.5915639335038,0.0019672538884249187,nan,nan
2000 QF135,32361,MBO,MBO,21163607333287238,745297391440626363,7.0146756,3.13443,2.1734328,227.63170202614847,-39.88255285964601,2025052300235,155,60819.092531925126,i,227.63168347528764,-39.88254942348771,528.8075561523438,340607.0,643.271,False,314485.0,0.0403762,337613.0,631.91,False,-126.789,18.1761,17.56936607714806,0.00205052335956046,17.656000160702465,1.3939584886917777e-07,17.57895209735851,0.00203217155734748,nan,nan
2000 QF135,32361,MBO,MBO,21163607333287238,745297391710634380,7.0147767,3.1344304,2.1734343,227.63145825506663,-39.88249833148232,2025052300237,158,60819.09350612063,i,227.63143866747555,-39.88249811830026,469.0647888183594,338170.0,724.742,False,318760.0,0.0386282,337119.0,718.096,False,-154.889,20.8871,17.577162306248056,0.002326872973002093,17.641340454616962,1.3157244735000737e-07,17.580541924967058,0.0023127229100242124,nan,nan
2000 QF135,32361,MBO,MBO,21163607333287238,745297396654146438,7.018571,3.1344445,2.173496,227.6222813836776,-39.880429600243424,2025052300274,115,60819.13017313418,r,227.62226159586226,-39.88042432190124,628.1660766601562,287485.0,457.071,False,265777.0,0.0511273,295168.0,486.678,False,173.181,59.2556,17.75346202602001,0.001726206753341112,17.8387065126337,2.0886216752892028e-07,17.724826818483628,0.0017901802853525876,25.803749393871577,0.37149543147837066
2000 QF135,32361,MBO,MBO,21163607333287238,745297397160083875,7.0187745,3.1344452,2.1734996,227.62178872978467,-39.88031760567179,2025052300278,56,60819.13214026288,r,227.6217727846455,-39.88031546595746,628.1232299804688,290263.0,462.257,False,281148.0,0.524911,291959.0,474.824,False,-120.075,55.4106,17.743020801050704,0.0017290841352307384,17.77766250395085,2.027099115893724e-06,17.736695331344357,0.0017657740068112051,nan,nan
2000 QF135,32361,MBO,MBO,21163607333287238,745297397700100314,7.0189924,3.134446,2.1735032,227.62126174042152,-39.88019769413298,2025052300282,62,60819.13424434215,r,227.62124452325634,-39.88019368493767,642.557373046875,297282.0,463.402,False,274439.0,0.17342,299723.0,483.259,False,-133.544,66.6124,17.717078464772154,0.0016924413099505286,17.803885429559166,6.860845924822779e-07,17.708199822734176,0.0017505890288399767,nan,nan
2000 QF135,32361,MBO,MBO,21163607333287238,745297398033023273,7.019096,3.1344464,2.1735048,227.62101151326704,-39.880140716659696,2025052300284,185,60819.13524325666,r,227.6209928141468,-39.88013894215853,589.9185791015625,314159.0,531.197,False,301936.0,2.21832,315647.0,530.963,False,-115.222,42.3232,17.657126235347192,0.0018358214728378555,17.70021275678268,7.97688987546558e-06,17.65199583494213,0.0018263622536274732,nan,nan
2000 QF135,32361,MBO,MBO,21163607333287238,745297398127920128,7.0191507,3.1344466,2.1735058,227.6208780068654,-39.88011030610917,2025052300285,110,60819.13577654648,r,227.62086328176483,-39.880108228533935,614.5667724609375,299133.0,485.664,False,269771.0,0.185655,298855.0,503.347,False,-111.528,64.3278,17.710339183675927,0.0017627710407681066,17.822511845489963,7.471980039869748e-07,17.711348684490886,0.0018286528417523768,nan,nan
2000 QF135,32361,MBO,MBO,21163607333287238,745297398836757420,7.0194097,3.1344476,2.17351,227.62025178935403,-39.87996756388895,2025052300290,182,60819.13827605197,r,227.6202342762415,-39.87996389019376,610.7099609375,304616.0,497.004,False,272928.0,0.115985,304412.0,517.636,False,1924.89,75.0839,17.69061822254905,0.001771460574375471,17.809879768174973,4.614004874397645e-07,17.691345578907228,0.0018462351393576121,23.188985200967775,0.042351151751240074
2000 QF135,32361,MBO,MBO,21163607333287238,745297399019733333,7.019804,3.134449,2.1735165,227.61929664341557,-39.87974952389388,2025052300292,19,60819.14208991717,g,227.61927864982405,-39.879747516299275,400.9668884277344,174178.0,433.432,False,167257.0,0.169607,177982.0,431.589,False,-9.61916,18.68,18.29751675136305,0.002701792546261585,18.34153924297723,1.1009910432448621e-06,18.274059793328295,0.0026328043915237183,nan,nan
2000 QF135,32361,MBO,MBO,21163607333287238,745297399156572373,7.0198545,3.1344492,2.1735175,227.61917514957625,-39.87972176139221,2025052300293,24,60819.142574563484,g,227.61915770498965,-39.879718782162676,501.8075256347656,176460.0,351.209,False,170211.0,0.650442,177444.0,360.449,False,-57.781,37.5583,18.283384312773215,0.002160944933165075,18.322530941930992,4.149017590282068e-06,18.27734670269497,0.0022054988325070535,nan,nan
2000 QF135,32361,MBO,MBO,21163607333287238,745297399416619301,7.0199556,3.1344495,2.1735191,227.6189294051069,-39.8796655870218,2025052300295,8,60819.14355531035,g,227.61890998714816,-39.87966203406419,506.6380310058594,175233.0,344.276,False,160330.0,0.0667967,177255.0,362.225,False,-58.2453,43.1886,18.290960259570262,0.0021331194392015143,18.387463018577492,4.523395061767216e-07,18.278503763538787,0.0022187289689730686,nan,nan
2000 QF135,32361,MBO,MBO,21163607333287238,745297399709172042,7.0200696,3.13445,2.173521,227.6186540991072,-39.87960262428167,2025052300297,54,60819.14465413257,g,227.61863779155684,-39.87960209220384,530.4620971679688,171895.0,326.164,False,161569.0,0.240146,175383.0,348.309,False,-22.2955,44.2303,18.311841889201368,0.0020601417439667495,18.37910490748699,1.6137699838218875e-06,18.290031263513896,0.00215626190340728,nan,nan
2000 QF135,32361,MBO,MBO,21163607333287238,745297400091377689,7.02023,3.1344507,2.1735237,227.61826606284717,-39.879513824292246,2025052300300,15,60819.146203793265,g,227.6182487792907,-39.87951063822702,496.7347412109375,175620.0,354.186,False,168606.0,0.473275,176124.0,363.698,False,-11.9481,43.7439,18.288565067956412,0.002189685505380007,18.332817436666588,3.0476484147840526e-06,18.285453649301424,0.0022420572101334493,nan,nan
2000 QF135,32361,MBO,MBO,21163607333287238,745297400791302530,7.020491,3.1344516,2.173528,227.61763327665196,-39.87936887400295,2025052300305,70,60819.14872900977,g,227.61761805541443,-39.87936637036461,508.7845458984375,180267.0,354.909,False,166340.0,0.536866,181365.0,362.998,False,-92.1648,38.5774,18.260209421818754,0.0021375933863851428,18.347508257131576,3.5042374854566945e-06,18.253616299439223,0.002173076698815081,nan,nan
2000 QF135,32361,MBO,MBO,21163607333287238,745297401300385878,7.020695,3.1344523,2.1735315,227.61713952254303,-39.87925564953522,2025052300309,17,60819.15070086936,g,227.617123338229,-39.879255617601,485.4307861328125,178579.0,368.533,False,166125.0,0.14139,181049.0,372.007,False,1.5003,26.5798,18.27042403327634,0.002240630809613774,18.348912515123025,9.240766738611038e-07,18.255509674019955,0.002230895811990448,30.95955469080561,19.23525284272251
2000 QF135,32361,MBO,MBO,21163607333287238,745297401856655658,7.0209203,3.134453,2.1735353,227.61659441650036,-39.879130524559066,2025052300313,54,60819.15287667574,g,227.61657739308492,-39.879126127567375,507.2916259765625,182024.0,355.049,False,163159.0,0.102457,185713.0,364.123,False,-40.6679,27.119,18.249678365471503,0.002117795268516765,18.36847241283411,6.817967521925801e-07,18.22789423592983,0.002128776707666938,nan,nan
2000 QF135,32361,MBO,MBO,21163607333287238,745297401998213750,7.0209723,3.1344533,2.173536,227.6164681611484,-39.87910152483074,2025052300314,68,60819.15338005674,g,227.61644441818189,-39.87909591138135,420.3811950683594,177280.0,421.819,False,166524.0,0.349953,179325.0,420.195,False,-34.086,12.5442,18.27835064237916,0.002583394406700935,18.346307914156526,2.281692954041453e-06,18.265897901231313,0.0025441011153520795,nan,nan
2000 QF135,32361,MBO,MBO,21163607333287238,745297402179616880,7.021024,3.1344535,2.173537,227.61634265750115,-39.87907269074625,2025052300315,158,60819.15388122112,g,227.61632443495557,-39.879070470962425,484.12054443359375,183057.0,379.805,False,169905.0,0.279949,185812.0,379.839,False,-44.6582,20.4408,18.243534148201036,0.0022526755671511706,18.324484601084333,1.7889454401684852e-06,18.22731560522226,0.002219474213807188,nan,nan
2000 QF135,32361,MBO,MBO,21163607333287238,745297402775732239,7.0215855,3.1344557,2.1735466,227.61498344488768,-39.87875996502305,2025052300320,15,60819.15930728785,u,227.61496379735902,-39.878757707117245,101.77649688720703,49910.0,488.371,False,51778.6,1.43118,50260.9,472.216,False,-124.335,31.6326,19.654531075334695,0.010623964705261134,19.61462420794188,3.0010156608448478e-05,19.646924381133317,0.010200812705619022,nan,nan
2000 QF135,32361,MBO,MBO,21163607333287238,745297402910474280,7.0216455,3.134456,2.1735475,227.61483790927028,-39.87872643119899,2025052300321,16,60819.15988897219,u,227.61481806634538,-39.87872327750803,108.93939208984375,51157.4,466.905,False,50208.1,1.17658,51376.3,462.337,False,-131.475,91.9729,19.627728873196816,0.009909332312442865,19.64806549896991,2.5443213588734224e-05,19.623092923010248,0.009770575501985554,nan,nan
2000 QF135,32361,MBO,MBO,21163607333287238,745297403053080598,7.021705,3.1344562,2.1735485,227.61469387776944,-39.878693234526224,2025052300322,32,60819.16046304501,u,227.614673782754,-39.87869075329829,96.37274169921875,49667.9,512.053,False,46323.4,0.449497,49416.3,511.765,False,-89.9715,120.957,19.659810539024726,0.011193436304301066,19.735498967085793,1.0535392453932934e-05,19.665324420626064,0.011244099536952993,nan,nan
2000 QF135,32361,MBO,MBO,21163607333287238,745297403328856080,7.0218377,3.1344566,2.1735508,227.6143725040201,-39.87861912979268,2025052300324,46,60819.16174674177,u,227.6143596285688,-39.87861542205056,106.16864013671875,49807.6,471.317,False,48684.3,2.87966,50046.8,457.02,False,67.5218,34.3601,19.65676092700062,0.010274052547315232,19.681527657706145,6.42209285337472e-05,19.65155919843154,0.009914782575996511,26.826390017294635,0.5525031308667726
2000 QF135,32361,MBO,MBO,21163607333287238,745297405353656434,7.0227833,3.13446,2.1735668,227.6120817915444,-39.878089553774345,2025052300339,68,60819.17089239154,u,227.61181535616385,-39.878026760041614,91.13310241699219,14229.9,344.02,False,40280.9,7.07585,27443.4,329.293,False,13145.4,98.6143,21.016995349921636,0.026248599567057974,19.88725212843302,0.0001907233163412822,20.303905195296696,0.013027734398407011,21.10306545337468,0.008144987336391966
2000 QF135,32361,MBO,MBO,21163607333287238,745297405460611202,7.0228477,3.1344602,2.173568,227.61192502174288,-39.87805322272559,2025052300340,16,60819.171518789335,u,227.61169303213907,-39.87799729703855,83.96036529541016,18287.7,385.8,False,36917.3,12.6652,33350.7,374.367,False,14854.7,150.221,20.744602324533968,0.02290485038777347,19.981925150119,0.0003724829861061272,20.092237640975668,0.01218756488048297,20.97034027227875,0.010979714751286422
2000 QF135,32361,MBO,MBO,21163607333287238,745297405778329612,7.022971,3.1344607,2.1735702,227.61162651593747,-39.87798401311898,2025052300342,110,60819.17271088001,u,227.61184123799822,-39.878037355096446,83.33963012695312,15778.4,321.89,False,34907.9,12.5565,28315.3,316.478,False,12402.7,154.792,20.904842568839605,0.022149751191609203,20.042690740645025,0.0003905433365349814,20.269947051724095,0.012135192270005412,21.16620938542853,0.013550540127958923
2000 QF135,32361,MBO,MBO,21163607333287238,745297405864838015,7.023033,3.134461,2.173571,227.6114762653497,-39.87794916131542,2025052300343,19,60819.1733102141,u,227.61169963797082,-39.87800024460769,68.81928253173828,14051.9,439.685,False,36118.6,7.72441,28442.3,416.957,False,14303.4,109.116,21.030662343605385,0.033972765766034724,20.005672682541313,0.0002321981277388055,20.265088187912546,0.015916620635029247,21.01140176030024,0.008282728971234223
2000 QF135,32361,MBO,MBO,21163607333287238,745297406133273477,7.023156,3.1344614,2.1735733,227.6111780262056,-39.87787995122764,2025052300345,19,60819.17450141144,u,227.61145383111494,-39.87794287520358,83.535888671875,11340.7,413.527,False,43398.8,5.67087,23472.0,392.907,False,11789.7,71.1056,21.263400326224023,0.03959025779360437,19.806305677444605,0.0001418718621966662,20.47362475875198,0.018174564121154358,21.221243096502505,0.006548251551683678
2000 QF135,32361,MBO,MBO,21163607333287238,745306290303008849,7.266954,3.135271,2.177866,227.1053126829032,-39.74994364560366,2025052501001,76,60821.28512016622,g,227.10529602200248,-39.74994187946543,453.8892822265625,175664.0,384.176,False,183922.0,0.855105,178705.0,383.683,False,760.686,4.3015,18.288293080656906,0.0023744978289953573,18.23841579779734,5.047892251892171e-06,18.269658240419837,0.0023310961604842357,24.1969864784829,0.006139582263694632
2000 QF135,32361,MBO,MBO,21163607333287238,745306290441421024,7.267018,3.1352713,2.1778672,227.10519449653856,-39.74991120678112,2025052501002,84,60821.28561045133,g,227.10517782575013,-39.74990887543753,469.3479919433594,175567.0,373.523,False,178172.0,0.256573,177963.0,373.025,False,488.27,3.17825,18.28889277951344,0.0023099298589308245,18.272901362433377,1.5634925024898276e-06,18.274175704426412,0.002275791828374962,24.678349920839448,0.007067280912569301
2000 QF135,32361,MBO,MBO,21163607333287238,745306290574066069,7.2670813,3.1352713,2.1778684,227.10507656113236,-39.74987882963951,2025052501003,81,60821.28609988717,g,227.10505933253648,-39.74987419168183,471.6870422363281,174333.0,369.673,False,173118.0,0.042335,176211.0,370.127,False,73.8516,3.85553,18.2965509906104,0.002302302860203067,18.304144434669443,2.6551047324983917e-07,18.284917460437228,0.002280563072865522,26.72910021856409,0.056682434753684015
2000 QF135,32361,MBO,MBO,21163607333287238,745306290736070776,7.267145,3.1352715,2.1778696,227.10495815337111,-39.74984631559053,2025052501004,134,60821.28659021382,g,227.10494131762127,-39.74984412487834,460.6937561035156,173632.0,377.296,False,171331.0,0.126733,175231.0,377.653,False,-46.606,3.35707,18.30092558063629,0.002359265090780837,18.31541012570238,8.031156761890947e-07,18.2909726515558,0.002339948704110605,nan,nan
2000 QF135,32361,MBO,MBO,21163607333287238,745306290978816215,7.2672725,3.135272,2.177872,227.1047225730484,-39.74978160514604,2025052501006,85,60821.287567510604,g,227.104707841101,-39.749778889837295,462.85125732421875,174796.0,375.673,False,171733.0,0.169964,175472.0,373.701,False,-134.725,5.09551,18.293671274760392,0.0023334732016541,18.31286560832904,1.0745521765657373e-06,18.289480434685487,0.0023122816931532733,nan,nan
2000 QF135,32361,MBO,MBO,21163607333287238,745306291405062618,7.267464,3.1352725,2.1778755,227.10436843321463,-39.749684274325936,2025052501009,130,60821.289036242364,g,227.10434992576276,-39.74968247755448,466.23370361328125,176193.0,377.91,False,176513.0,0.251709,178793.0,379.253,False,-115.754,3.34385,18.28502837434117,0.002328756381446649,18.283058259396416,1.5482689079914578e-06,18.269123721133305,0.0023030471147661644,nan,nan
2000 QF135,32361,MBO,MBO,21163607333287238,745306291512017079,7.267528,3.1352727,2.1778767,227.10425032621475,-39.74965179976943,2025052501010,78,60821.28952667971,g,227.10423573107084,-39.74964966381387,431.0484924316406,175321.0,406.116,False,175470.0,0.656888,177719.0,409.537,False,-104.135,3.12441,18.290415152180103,0.0025150144113697563,18.289492809792538,4.0645528744789e-06,18.27566534784676,0.0025019785971351943,nan,nan
2000 QF135,32361,MBO,MBO,21163607333287238,745306292027392354,7.2677827,3.1352735,2.1778815,227.1037789626191,-39.74952212286068,2025052501014,37,60821.29148228136,g,227.10376442292576,-39.74951935324226,464.3343505859375,176251.0,378.227,False,179220.0,0.467671,178988.0,380.643,False,-155.934,2.92934,18.284671025653466,0.002329942731581754,18.266533817530572,2.8332069195765635e-06,18.26794021177483,0.00230896983048774,nan,nan
2000 QF135,32361,MBO,MBO,21163607333287238,745306292145356968,7.267846,3.1352737,2.1778827,227.10366114683657,-39.7494896927472,2025052501015,6,60821.29197174951,g,227.10364311067224,-39.74948476763797,427.21221923828125,175669.0,411.426,False,174464.0,0.175265,179229.0,419.207,False,-196.954,2.55576,18.28826217732005,0.002542851033547749,18.295735436293644,1.0907210377775525e-06,18.266479295822627,0.0025394786445455705,nan,nan
2000 QF135,32361,MBO,MBO,21163607333287238,745306292610924682,7.2680383,3.1352742,2.1778862,227.1033058336154,-39.74939184580074,2025052501018,126,60821.29344660387,g,227.10329170630948,-39.749386528753085,469.2339782714844,176352.0,375.307,False,178676.0,0.510755,178097.0,377.188,False,-228.359,3.1459,18.28404902663656,0.0023106310403124665,18.269834446485675,3.103635619636033e-06,18.2733584901462,0.0022994584685695893,nan,nan
2000 QF135,32361,MBO,MBO,21163607333287238,745306292953809136,7.26823,3.135275,2.17789,227.10295157626197,-39.749294225447365,2025052501021,12,60821.29491702103,g,227.10293408834778,-39.74928961103642,440.0880126953125,175657.0,399.453,False,176039.0,0.687906,178462.0,402.997,False,-267.813,3.16906,18.288336346806297,0.0024690196654851035,18.285977767844237,4.242721662880006e-06,18.27113561060501,0.002451773729878965,nan,nan
2000 QF135,32361,MBO,MBO,21163607333287238,745306293126300223,7.2682934,3.135275,2.1778913,227.10283383202952,-39.74926176528943,2025052501022,85,60821.295406075245,g,227.10281530065689,-39.749257839083356,469.5903015136719,175891.0,374.324,False,183398.0,0.713892,178123.0,376.35,False,-274.503,2.95296,18.28689095494268,0.002310619216880913,18.24151351181903,4.226318565440543e-06,18.273199997409275,0.002294014963185719,nan,nan
2000 QF135,32361,MBO,MBO,21163607333287238,745306293219099195,7.268357,3.1352751,2.1778924,227.10271682039868,-39.74922950010959,2025052501023,6,60821.29589210797,g,227.1027010267349,-39.74922520987589,434.65081787109375,177974.0,407.364,False,177187.0,0.328431,180089.0,409.384,False,-291.526,2.77216,18.27410859649295,0.002485137481649793,18.27892036237769,2.0125033924027775e-06,18.261282033681276,0.0024681298322745838,nan,nan
2000 QF135,32361,MBO,MBO,21163607333287238,745306293356986649,7.26842,3.1352754,2.1778936,227.10259933747247,-39.74919709797096,2025052501024,13,60821.29638096117,g,227.10258555390254,-39.74919352798904,437.8392028808594,180371.0,412.958,False,182488.0,1.00307,182942.0,417.816,False,-323.09,2.64644,18.25958321732325,0.0024857846334877653,18.246914221239702,5.967896034090352e-06,18.244216443331112,0.0024796819126556117,nan,nan
2000 QF135,32361,MBO,MBO,21163607333287238,745306293501166157,7.268484,3.1352756,2.1778948,227.1024811427421,-39.7491644924409,2025052501025,32,60821.2968711151,g,227.1024636647247,-39.74916317351329,442.8055725097656,179764.0,405.055,False,172024.0,0.0457577,180335.0,401.301,False,-244.826,3.95984,18.263243192056983,0.0024464457314375214,18.311027395224695,2.8880151184434374e-07,18.259799939548557,0.002416097924080869,nan,nan
2000 QF135,32361,MBO,MBO,21163607333287238,745306293623325020,7.2685475,3.1352758,2.177896,227.10236392109888,-39.74913214834803,2025052501026,9,60821.29735805776,g,227.10234775376964,-39.74912826425066,418.7349853515625,176646.0,422.462,False,174273.0,0.567421,180061.0,430.64,False,-278.84,3.25556,18.282240480877054,0.0025966186306578816,18.296924731584042,3.5350831382542275e-06,18.26145085563765,0.0025966836523254886,nan,nan
2000 QF135,32361,MBO,MBO,21163607333287238,745306293769601569,7.2686105,3.1352758,2.1778972,227.10224719108237,-39.749099932983874,2025052501027,32,60821.29784368894,g,227.10223224218882,-39.749096005841736,433.4145812988281,177265.0,406.873,False,180961.0,0.299215,178582.0,404.647,False,-276.404,3.24468,18.27844251248355,0.002492069677964404,18.25603753119462,1.7952406679116978e-06,18.270405793834662,0.0024601578070169608,nan,nan
2000 QF135,32361,MBO,MBO,21163607333287238,745315055908159783,7.5343485,3.1359913,2.1826816,226.6664848869177,-39.626185884340565,2025052700774,37,60823.17480608987,i,226.66646835593414,-39.626184521624275,569.045654296875,383308.0,673.601,False,391151.0,0.41222,404237.0,687.16,False,9310.49,4.99437,17.441130291287557,0.001908003505210394,17.419138887794368,1.1442184211487576e-06,17.38340984456532,0.001845636251267552,21.477568627708127,0.0005824149077790378
2000 QF135,32361,MBO,MBO,21163607333287238,745315056049717397,7.5344253,3.1359916,2.182683,226.6663688099729,-39.62615225519466,2025052700775,51,60823.17529632947,i,226.66635083556133,-39.626149426357294,596.3544311523438,383070.0,642.595,False,391622.0,0.696979,390459.0,640.491,False,4342.69,5.26081,17.441804645783744,0.0018213084415064406,17.417832297469566,1.932310542670373e-06,17.421061405802075,0.001780991852512,22.30560294302507,0.001315279665388142
2000 QF135,32361,MBO,MBO,21163607333287238,745315056183935013,7.5345016,3.1359916,2.1826842,226.6662529732189,-39.6261186883634,2025052700776,51,60823.175785560736,i,226.6662371481428,-39.62611557160014,589.3261108398438,377608.0,640.805,False,380889.0,0.243685,388689.0,644.371,False,5497.67,5.28526,17.4573970332929,0.0018425064636815524,17.448003923744608,6.946318606212018e-07,17.425994374604613,0.0017999400375308073,22.049553346485816,0.001043787355879214
2000 QF135,32361,MBO,MBO,21163607333287238,745315056357998842,7.5345783,3.1359918,2.1826856,226.666137139631,-39.6260851151779,2025052700777,127,60823.17627479702,i,226.6661170607557,-39.626080894158186,568.3197631835938,383791.0,672.779,False,374264.0,0.223027,398028.0,678.725,False,6520.53,5.10482,17.43976303450271,0.0019032768071385487,17.467054862839518,6.469991632291932e-07,17.400215939050916,0.0018514181893415282,21.864292792333263,0.0008500057251016298
2000 QF135,32361,MBO,MBO,21163607333287238,745315056607035572,7.5347342,3.1359923,2.1826885,226.6659012190025,-39.62601671346896,2025052700779,90,60823.17727072349,i,226.66588626851583,-39.626014570911266,584.677001953125,384424.0,658.336,False,379853.0,0.348229,390761.0,657.755,False,2923.7,5.18291,17.437973766724408,0.001859351207274296,17.450961098196622,9.953451022091514e-07,17.42022196915127,0.0018275836704843363,22.73516799877649,0.0019247094741394282
2000 QF135,32361,MBO,MBO,21163607333287238,745315057113497827,7.5350623,3.135993,2.1826944,226.66540431618105,-39.62587254476888,2025052700783,32,60823.17936857181,i,226.66539066573048,-39.625867136812445,571.3956909179688,383598.0,669.765,False,389339.0,0.485644,392622.0,676.997,False,941.273,5.05554,17.440309164540892,0.0018957036404886561,17.42418022730584,1.3542986631216107e-06,17.415063422493933,0.0018721318812633713,23.965710984868807,0.005831446185028616
2000 QF135,32361,MBO,MBO,21163607333287238,745315057245618534,7.535138,3.1359932,2.1826959,226.6652894549933,-39.62583920040477,2025052700784,28,60823.179853692534,i,226.66527264531086,-39.62583569126658,559.3974609375,377294.0,676.363,False,380263.0,0.0905044,386025.0,680.36,False,561.967,4.99186,17.458300253016663,0.0019463648260553724,17.449789824635424,2.5841037450151326e-07,17.433461420895323,0.0019135845304446655,24.525723004820996,0.00964441547201688
2000 QF135,32361,MBO,MBO,21163607333287238,745315058041487797,7.535597,3.1359944,2.1827042,226.66459562767807,-39.62563762781886,2025052700790,10,60823.18278390881,i,226.66457217167374,-39.62563384242339,579.6202392578125,382753.0,664.099,False,382237.0,0.351684,383020.0,657.531,False,9.28919,5.08854,17.44270349159163,0.001883816264753979,17.444168190389313,9.989510587707094e-07,17.441946370151157,0.0018638849637422409,28.98005535088414,0.5947571335398251
2000 QF135,32361,MBO,MBO,21163607333287238,745315058602475885,7.535918,3.1359951,2.18271,226.66410860856595,-39.62549597979142,2025052700794,56,60823.18484059785,i,226.66409056999032,-39.62549267018622,594.1044921875,381746.0,643.955,False,372269.0,0.159458,387074.0,646.843,False,-199.26,5.12268,17.44556376214924,0.0018314933916533068,17.47285781832779,4.650651005719008e-07,17.4305149988258,0.0018143840272908268,nan,nan
2000 QF135,32361,MBO,MBO,21163607333287238,745315058752421908,7.5359964,3.1359954,2.1827114,226.66399023806127,-39.62546153234592,2025052700795,86,60823.18534069705,i,226.66397087120765,-39.62545674161841,594.7863159179688,387345.0,648.784,False,371252.0,0.351585,389512.0,647.5,False,-261.485,5.53392,17.429755114258143,0.0018185552263661226,17.47582799511865,1.0282195499765212e-06,17.423697895341157,0.001804858881320444,nan,nan
2000 QF135,32361,MBO,MBO,21163607333287238,745315058849939949,7.5360746,3.1359954,2.1827128,226.66387258196,-39.62542728513629,2025052700796,16,60823.18583763073,i,226.66385684448025,-39.625423524891346,589.5076904296875,385977.0,657.449,False,393331.0,0.730201,392271.0,660.174,False,-291.771,5.14521,17.433596434374294,0.0018493748449117605,17.41310455936094,2.0156195898496723e-06,17.416034493539982,0.0018272439854929879,nan,nan
2000 QF135,32361,MBO,MBO,21163607333287238,745315059129909581,7.5362296,3.1359959,2.1827157,226.6636379923152,-39.625358978202414,2025052700798,38,60823.186828730555,i,226.66362394302917,-39.625357884802256,589.702392578125,380870.0,645.988,False,371603.0,0.0479771,387533.0,650.845,False,-326.569,5.22701,17.448058085199595,0.0018415011249565667,17.474801971369114,1.4017775856965128e-07,17.42922827413493,0.0018234471603118362,nan,nan
2000 QF135,32361,MBO,MBO,21163607333287238,745315059257311776,7.5363054,3.135996,2.182717,226.66352295243627,-39.62532547019341,2025052700799,25,60823.187314538976,i,226.66350353542157,-39.62532488065772,576.5133666992188,378225.0,656.532,False,371683.0,0.0323207,386923.0,666.664,False,-379.933,5.07429,17.455624421122913,0.0018846468184204046,17.474568255419356,9.441312836259955e-08,17.430938633979423,0.0018707113373960904,nan,nan
2000 QF135,32361,MBO,MBO,21163607333287238,745315059398344999,7.536382,3.1359963,2.1827185,226.6634064964472,-39.62529154224255,2025052700800,38,60823.187806093454,i,226.66338992049035,-39.625287299224105,581.4713134765625,384179.0,660.7,False,383935.0,0.143771,389617.0,664.958,False,-378.808,5.12154,17.438665945597442,0.0018672179471999038,17.43935573810968,4.065723938403334e-07,17.423405254964045,0.0018530222852849601,nan,nan
2000 QF135,32361,MBO,MBO,21163607333287238,745315059813056762,7.536617,3.1359968,2.1827228,226.6630514737753,-39.625188064536594,2025052700803,61,60823.18930601212,i,226.663037148708,-39.62518457079627,579.9215087890625,382318.0,656.549,False,384626.0,0.0975365,389802.0,660.497,False,-355.975,5.01986,17.443938135957875,0.0018645186250479224,17.43740340402132,2.7532955619393894e-07,17.422889842325525,0.0018397173849977121,nan,nan
2000 QF135,32361,MBO,MBO,21163607333287238,745315059935740095,7.5367503,3.135997,2.1827252,226.66284960214264,-39.62512919420767,2025052700804,39,60823.19015996641,i,226.6628324073705,-39.62512656578673,580.9363403320312,380282.0,654.969,False,390766.0,0.116727,388116.0,663.005,False,-313.839,4.94142,17.449735576726635,0.0018699900335343025,17.420208076653573,3.2432384625664385e-07,17.427596132981968,0.0018547252309544307,nan,nan
2000 QF135,32361,MBO,MBO,21163607333287238,745315060072579382,7.5368266,3.1359973,2.1827266,226.66273435415457,-39.62509557512151,2025052700805,44,60823.19064699408,i,226.6627155262183,-39.62509236031103,589.5765380859375,384247.0,653.215,False,392616.0,0.887251,390625.0,658.639,False,-264.714,5.03158,17.438473786398987,0.001845737778431676,17.415080014704778,2.4535947453890206e-06,17.420599913279624,0.0018306769491171634,nan,nan
2000 QF135,32361,MBO,MBO,21163607333287238,745315060210466971,7.5369034,3.1359975,2.182728,226.6626181640544,-39.62506167372148,2025052700806,51,60823.19113763813,i,226.66260118142415,-39.625057240541864,591.12158203125,386065.0,653.008,False,380145.0,0.0908552,392737.0,658.387,False,-212.048,5.16092,17.433348922486516,0.001836463867031186,17.45012679340269,2.5949251971080287e-07,17.41474545411402,0.0018201356852529237,nan,nan
2000 QF135,32361,MBO,MBO,21163607333287238,745319428189585517,7.708209,3.1364064,2.1859066,226.4174666258606,-39.55036001688644,2025052800582,46,60824.26899681099,g,226.417452888233,-39.55035629402737,457.16046142578125,169047.0,371.77,False,165616.0,0.147314,170980.0,374.347,False,-118.014,2.38527,18.329981330139738,0.0023877627932745067,18.35224427189648,9.657529476186642e-07,18.31763671813693,0.00237713226463977,nan,nan
2000 QF135,32361,MBO,MBO,21163607333287238,745319428326949224,7.7082906,3.1364067,2.185908,226.417353577934,-39.55032407854301,2025052800583,52,60824.269487192854,g,226.41733616443318,-39.55032203426877,457.7111511230469,165902.0,362.613,False,167330.0,0.454761,168016.0,365.193,False,-113.043,2.25052,18.350370945973935,0.0023731002011603964,18.34106547236328,2.950758863143524e-06,18.33662339716093,0.002359913665378361,nan,nan
2000 QF135,32361,MBO,MBO,21163607333287238,745319428461691228,7.7083716,3.1364067,2.1859097,226.41724076985847,-39.55028820879197,2025052800584,53,60824.26997758447,g,226.41722210734585,-39.550284516362815,451.99481201171875,167081.0,370.091,False,162799.0,0.181079,170737.0,374.944,False,-106.097,2.26559,18.342682335235295,0.002404948506808993,18.37087066777883,1.207648858261508e-06,18.319180884463034,0.0023843119875709678,nan,nan
2000 QF135,32361,MBO,MBO,21163607333287238,745319428614259278,7.7084527,3.136407,2.1859114,226.4171282015985,-39.55025240767399,2025052800585,88,60824.27046670513,g,226.4171068198944,-39.550250219740825,455.4955749511719,164928.0,361.713,False,160959.0,0.00549596,168532.0,367.467,False,-84.6581,2.51312,18.356764018663018,0.00238119005636058,18.383211836960378,3.707256279913816e-08,18.333294063332477,0.0023673381752543437,nan,nan
2000 QF135,32361,MBO,MBO,21163607333287238,745319429285347576,7.708858,3.1364079,2.1859193,226.41656481572804,-39.55007311460242,2025052800590,88,60824.27291429491,g,226.4165445465125,-39.550069724426244,448.1171569824219,165995.0,371.392,False,165459.0,0.670747,168941.0,376.756,False,-51.1283,2.26293,18.349762483290117,0.0024291920762795566,18.353274011967006,4.401418373709772e-06,18.33066234864618,0.0024213047309320844,nan,nan
2000 QF135,32361,MBO,MBO,21163607333287238,745319429511315639,7.7090197,3.1364083,2.1859224,226.4163402660564,-39.55000160042165,2025052800592,7,60824.27389020525,g,226.41632425037798,-39.54999803825895,430.1709289550781,164393.0,382.213,False,162021.0,0.0414271,167230.0,390.347,False,-42.4123,2.55047,18.36029169761791,0.0025243319716349195,18.376071729182804,2.776115465877303e-07,18.341714525589662,0.0025343171314012917,nan,nan
2000 QF135,32361,MBO,MBO,21163607333287238,745319429790761275,7.7091813,3.1364086,2.1859255,226.41611598563676,-39.54993014186092,2025052800594,28,60824.27486549565,g,226.41610128552125,-39.54992660119364,400.5804748535156,165215.0,408.161,False,155280.0,0.28106,167072.0,405.698,False,-18.6851,2.32973,18.354876313218643,0.002682293900272159,18.422211194049233,1.9652049766754246e-06,18.342740821173443,0.002636474122997181,nan,nan
2000 QF135,32361,MBO,MBO,21163607333287238,745319430073352630,7.7093434,3.136409,2.1859286,226.41589082452137,-39.54985837243879,2025052800596,55,60824.27584403583,g,226.41587666877962,-39.54985612968802,451.3692932128906,163069.0,362.295,False,157646.0,0.0183202,165051.0,363.846,False,41.0683,2.31553,18.36907148011777,0.0024122108609350877,18.40579261065629,1.2617448868728727e-07,18.35595460012808,0.002393446778080018,27.366233229286998,0.061216435129918534
2000 QF135,32361,MBO,MBO,21163607333287238,745319431145521204,7.7105374,3.1364117,2.185952,226.4142319920265,-39.54932869320178,2025052800604,52,60824.28306267879,u,226.41421318829833,-39.54933114602152,76.32945251464844,43547.1,577.816,False,42464.1,0.18019,74005.0,573.537,False,29801.1,9.98991,19.802601864402142,0.01440637162020774,19.82994515025242,4.607157486762564e-06,19.226847342596468,0.008414429726161785,20.21441927726966,0.0003639599628188016
2000 QF135,32361,MBO,MBO,21163607333287238,745319431280263229,7.7106338,3.136412,2.1859536,226.4140985636992,-39.549286017383466,2025052800605,53,60824.2836433329,u,226.41408513813192,-39.54928036479568,71.99506378173828,44651.4,604.417,False,45032.1,0.596966,84225.5,597.427,False,39361.9,11.4942,19.775412337225323,0.014696906125068777,19.7661944621674,1.4393013147354396e-05,19.08639100543533,0.007701327100707191,19.91230990891934,0.000317049464373797
2000 QF135,32361,MBO,MBO,21163607333287238,745319431790395599,7.711018,3.1364129,2.1859612,226.4135645372294,-39.549115108538174,2025052800609,2,60824.285969558856,u,226.41353051974005,-39.54910372341739,60.42420959472656,43645.4,706.549,False,44036.1,0.0985445,79549.5,713.633,False,35029.3,7.85452,19.80015384373029,0.017576328075627458,19.79047783828536,2.429673119723798e-06,19.14840636430256,0.009740063485488363,20.03892132883505,0.0002434515213117413
2000 QF135,32361,MBO,MBO,21163607333287238,745319432103919657,7.7112107,3.1364133,2.185965,226.41329715330255,-39.54902947222693,2025052800611,88,60824.28713439594,u,226.41328231034515,-39.549028607093106,80.17756652832031,43753.2,543.197,False,42546.4,0.526979,51733.0,535.895,False,7400.63,7.59307,19.797475465046915,0.013479441116836683,19.827842992880353,1.3447911742001198e-05,19.615580840239236,0.0112469917587351,21.726828287500943,0.0011139688334113084
2000 QF135,32361,MBO,MBO,21163607333287238,745319432211398710,7.7113066,3.1364136,2.185967,226.41316405718948,-39.54898682920328,2025052800612,37,60824.28771412515,u,226.41315280518953,-39.5489846549497,81.15412902832031,44215.9,544.393,False,42363.1,0.386203,51813.8,547.23,False,6514.24,6.40466,19.786053864964064,0.013367752696102462,19.832530627657327,9.898108359829502e-06,19.613886372602952,0.011466971987490476,21.865340573539164,0.0010674723736268904
2000 QF135,32361,MBO,MBO,21163607333287238,745319432329887944,7.7114024,3.1364136,2.1859686,226.4130312053364,-39.548944254041146,2025052800613,7,60824.28829363278,u,226.4130175264973,-39.54894819807039,59.651615142822266,44759.3,750.851,False,45416.1,0.437734,50271.9,768.988,False,4663.56,5.80479,19.772791766329764,0.018213558191558153,19.756975368958543,1.0464651170174062e-05,19.646686785071708,0.016608047688619926,22.22820606475689,0.001351429081331738
2000 QF135,32361,MBO,MBO,21163607333287238,745319432760852518,7.7116914,3.1364143,2.1859744,226.4126299860882,-39.54881561195114,2025052800616,61,60824.290042453154,u,226.41261473100104,-39.54881337817369,80.44302368164062,43788.7,543.886,False,43551.1,0.193602,44531.5,539.024,False,99.3521,6.63506,19.79659488927532,0.013485595990578669,19.80250213915716,4.8265299501180255e-06,19.778331689594403,0.013142109691334019,26.407057409613977,0.07250903535607346
2000 QF135,32361,MBO,MBO,21163607333287238,745319432891924545,7.7117887,3.1364145,2.1859763,226.41249467112712,-39.54877220489444,2025052800617,55,60824.29063202358,u,226.4124828039807,-39.548774989180416,81.17581176757812,42872.9,527.836,False,43466.5,1.28265,43632.0,524.305,False,98.9783,6.18266,19.81954288716105,0.013367201068053006,19.804613321416326,3.2038915864083995e-05,19.80048719850611,0.013046775597807607,26.411150002234244,0.0678202977783873
2000 QF135,32361,MBO,MBO,21163607333287238,745319433144631381,7.71198,3.136415,2.18598,226.41222959036304,-39.54868713978257,2025052800619,25,60824.2917888745,u,226.41222291975865,-39.548687667139426,69.17107391357422,42834.4,617.072,False,44057.9,3.33601,43637.4,619.017,False,18.8053,6.04285,19.820518319783915,0.015641107593618746,19.789940556363298,8.221061245220726e-05,19.80035287240429,0.015401678917726985,28.214299348690442,0.34888787352968137
2000 QF135,32361,MBO,MBO,21163607333287238,745319433310306317,7.712076,3.1364152,2.185982,226.4120961552527,-39.548644304550216,2025052800620,85,60824.292370726675,u,226.41208738666526,-39.548644006738236,85.93397521972656,43187.2,501.424,False,41324.1,0.00622318,43971.0,502.106,False,32.7306,6.70407,19.811612399888368,0.012605915937507841,19.859491449393715,1.6350583396509077e-07,19.79208414357278,0.012398049835291379,27.612615134833455,0.22238675618742812
2000 QF135,32361,MBO,MBO,21163607333287238,745319433414639962,7.7144313,3.1364207,2.1860282,226.4088281596207,-39.547591993528215,2025052800621,28,60824.30664508528,r,226.4088154100583,-39.54758816300034,482.73760986328125,270828.0,561.717,False,292572.0,8.57763,274776.0,563.235,False,375.224,4.77049,17.81826609353381,0.0022518958969980664,17.734418098699706,3.183162944074781e-05,17.802553007294936,0.002225538676531451,24.96427348070224,0.013803738313584448
2000 QF135,32361,MBO,MBO,21163607333287238,745319433581888040,7.714512,3.1364207,2.1860297,226.4087163798294,-39.54755589143854,2025052800622,91,60824.30713470461,r,226.4087011163096,-39.54755157097878,528.9097290039062,263653.0,501.074,False,266665.0,0.371168,266290.0,501.862,False,508.015,4.46299,17.847418206611366,0.0020634477462023702,17.835084955191782,1.5112239032806102e-06,17.83661285583621,0.002046226830381087,24.63530862931677,0.009538359055036364
2000 QF135,32361,MBO,MBO,21163607333287238,745319433670492228,7.714593,3.136421,2.1860313,226.4086041541215,-39.54751963818845,2025052800623,4,60824.30762520562,r,226.40858234245056,-39.547516022782446,497.06646728515625,269160.0,543.481,False,293264.0,6.26315,273024.0,546.913,False,799.119,4.40786,17.824973700923515,0.0021922908972860167,17.73185311531483,2.318773850327983e-05,17.809497937256754,0.0021749123593173456,24.143471333153887,0.005988811255490198
2000 QF135,32361,MBO,MBO,21163607333287238,745319433982968274,7.7147546,3.1364214,2.1860344,226.40837996563027,-39.547447195231854,2025052800625,88,60824.308606891944,r,226.40836344214497,-39.54744635837653,532.2965087890625,264539.0,497.197,False,259920.0,0.245518,266033.0,494.79,False,1138.66,4.32378,17.843775731224937,0.002040624535472849,17.862900754157682,1.025576255625523e-06,17.83766122018005,0.0020193413073934657,23.759014805953644,0.004122814897717753
2000 QF135,32361,MBO,MBO,21163607333287238,745323767902241002,7.8420353,3.1367087,2.1884465,226.24044476960003,-39.49350458676018,2025052900147,143,60825.0687759901,r,226.24043001830734,-39.49350249714861,589.0565795898438,280939.0,477.009,False,266017.0,0.00251474,281220.0,473.94,False,-195.164,10.8416,17.778469919447925,0.0018434818384463034,17.837726521483617,1.0263796106661915e-08,17.777384490240365,0.0018297909804913983,nan,nan
2000 QF135,32361,MBO,MBO,21163607333287238,745323768032788552,7.8421216,3.136709,2.1884482,226.2403332080571,-39.49347017896011,2025052900148,136,60825.069263064004,r,226.2403161404539,-39.4934671544304,585.2875366210938,280032.0,479.691,False,262181.0,0.576529,281416.0,478.605,False,-175.984,11.4079,17.781980844596745,0.0018598513603247204,17.85349696100215,2.3875049551887256e-06,17.776628035606315,0.0018465147262647422,nan,nan
2000 QF135,32361,MBO,MBO,21163607333287238,745323768166481995,7.8422084,3.1367092,2.1884496,226.24022118534015,-39.49343562429785,2025052900149,135,60825.06975335929,r,226.24020574905433,-39.49343248271781,589.6695556640625,288302.0,489.557,False,290895.0,3.36873,290090.0,487.087,False,-170.444,6.46177,17.75038086206667,0.0018436561890475972,17.740659358716925,1.2573444710666844e-05,17.743668104912274,0.0018230480087686107,nan,nan
2000 QF135,32361,MBO,MBO,21163607333287238,745323768259805711,7.842295,3.1367095,2.1884513,226.2401093872752,-39.4934011342922,2025052900150,57,60825.07024256581,r,226.24009437008957,-39.49339871118199,584.88330078125,281908.0,481.874,False,270840.0,0.229022,284874.0,482.152,False,-159.452,6.23916,17.77473149880488,0.0018558822035718093,17.81821798718653,9.180973010822832e-07,17.763367965807937,0.0018376190573514185,nan,nan
2000 QF135,32361,MBO,MBO,21163607333287238,745323768446451725,7.842382,3.1367097,2.1884527,226.23999758544025,-39.49336663847087,2025052900151,157,60825.07073159126,r,226.23998136314353,-39.493364209896804,573.0970458984375,283082.0,495.281,False,269916.0,0.222859,284693.0,493.718,False,-142.429,9.71966,17.77021936181511,0.0018996068969081281,17.821928426754738,8.964495607662879e-07,17.764058027766147,0.0018828966412660002,nan,nan
2000 QF135,32361,MBO,MBO,21163607333287238,745323768547115330,7.8424683,3.1367097,2.1884544,226.2398862369506,-39.49333227788518,2025052900152,93,60825.07121841946,r,226.23986873634533,-39.49333004397475,590.5093994140625,277781.0,469.426,False,290876.0,1.04555,277790.0,464.831,False,-187.838,6.54824,17.790743657451287,0.0018348007894286183,17.740730276613824,3.902664629143295e-06,17.79070848057617,0.0018167818816445726,nan,nan
2000 QF135,32361,MBO,MBO,21163607333287238,745323768932466760,7.842728,3.1367104,2.1884592,226.23955125447284,-39.49322887888087,2025052900155,60,60825.072683834296,r,226.23953305936786,-39.49322550846254,589.6589965820312,278151.0,469.427,False,292966.0,3.04841,278052.0,463.995,False,-243.847,9.27789,17.789298435895144,0.001832364045110652,17.732956946292045,1.129745102678461e-05,17.78968494184857,0.0018118055796228832,nan,nan
2000 QF135,32361,MBO,MBO,21163607333287238,745323769112821868,7.8428144,3.1367104,2.1884606,226.23944034839303,-39.49319463616344,2025052900156,148,60825.07316885106,r,226.2394213162089,-39.49319207004605,594.379638671875,281704.0,473.256,False,282936.0,0.603341,283278.0,471.516,False,-260.351,8.52159,17.775517465730506,0.0018240109700521,17.77077947647369,2.315255568332674e-06,17.7694678811151,0.001807206993766303,nan,nan
2000 QF135,32361,MBO,MBO,21163607333287238,745323769249136724,7.8429008,3.1367106,2.1884623,226.2393287526948,-39.49316017580056,2025052900157,152,60825.0736560118,r,226.23931332999814,-39.49315885086152,586.3699340820312,277235.0,472.12,False,285366.0,2.57473,278034.0,470.4,False,-228.002,14.4071,17.792879855899745,0.001848964855407729,17.76149443064628,9.796112679867379e-06,17.789755230443113,0.0018369347061561398,nan,nan
2000 QF135,32361,MBO,MBO,21163607333287238,745323769384927867,7.8429875,3.136711,2.1884637,226.2392169247298,-39.49312563894531,2025052900158,155,60825.07414523342,r,226.23919964142206,-39.49312651875717,543.8894653320312,276084.0,513.937,False,301164.0,2.44667,276456.0,512.666,False,-176.802,15.5903,17.7973969036577,0.0020211240803097966,17.702992358201598,8.820570387675333e-06,17.7959349500283,0.0020134128183622686,nan,nan
2000 QF135,32361,MBO,MBO,21163607333287238,745323769498698194,7.8430743,3.1367111,2.1884654,226.2391055504504,-39.49309123744397,2025052900159,116,60825.074632832,r,226.2390882679645,-39.49308688048018,572.8264770507812,275410.0,482.012,False,283282.0,1.70829,274480.0,475.884,False,-203.446,9.23883,17.800050736940904,0.0019002137626481352,17.769452550188742,6.5473707488512245e-06,17.803723237379707,0.0018824121647512135,nan,nan
2000 QF135,32361,MBO,MBO,21163607333287238,745323769638682850,7.8431644,3.1367114,2.188467,226.23898914117075,-39.493055275624506,2025052900160,127,60825.075141544185,r,226.23897024605228,-39.49305305039364,593.3048706054688,276427.0,463.197,False,302002.0,4.63345,274051.0,455.661,False,-205.724,8.77547,17.796048848809658,0.0018193220742824528,17.69997545232494,1.6657851444357802e-05,17.805421522168743,0.0018052393768294072,nan,nan
2000 QF135,32361,MBO,MBO,21163607333287238,745323769776046222,7.8432508,3.1367114,2.1884685,226.2388779884432,-39.49302093280927,2025052900161,133,60825.07562739395,r,226.23886025361858,-39.493018165278144,589.1126098632812,277911.0,468.212,False,293900.0,1.72778,278625.0,465.641,False,-195.916,13.2201,17.79023565766294,0.0018291997294057325,17.729501034818465,6.3828284552570886e-06,17.78744979627926,0.0018144936117619624,nan,nan
2000 QF135,32361,MBO,MBO,21163607333287238,745323769925468839,7.8433375,3.1367116,2.1884701,226.23876614603512,-39.49298637207508,2025052900162,162,60825.07611650105,r,226.2387489253235,-39.49298333052671,562.0330200195312,276584.0,489.904,False,289048.0,2.49138,275958.0,489.386,False,-179.35,11.7534,17.79543236708063,0.0019231282382327533,17.747575078193783,9.35824306014431e-06,17.79789252813618,0.0019254527263486193,nan,nan
2000 QF135,32361,MBO,MBO,21163607333287238,745323770060734635,7.8434243,3.1367118,2.1884718,226.2386543002617,-39.492951805440406,2025052900163,164,60825.07660592788,r,226.23863499333393,-39.492948362609894,561.822509765625,277781.0,495.493,False,271303.0,0.532899,279116.0,492.841,False,-178.944,9.14202,17.790743657451287,0.0019366864607824822,17.816363509733108,2.13262574234981e-06,17.785538168429593,0.0019171072980417234,nan,nan
2000 QF135,32361,MBO,MBO,21163607333287238,745323770161397898,7.8435135,3.136712,2.1884732,226.2385392486409,-39.49291624292932,2025052900164,100,60825.077108812606,r,226.23852150135562,-39.492913921287254,572.9979248046875,275672.0,483.743,False,269757.0,1.87597,276165.0,480.48,False,-242.727,7.60644,17.799018357341932,0.0019052254177308928,17.82256819217399,7.550530864973525e-06,17.79707840735181,0.0018889958669289742,nan,nan
2000 QF135,32361,MBO,MBO,21163607333287238,745323770601799767,7.8443775,3.1367137,2.188489,226.23742514955003,-39.49257160375197,2025052900167,172,60825.081978404385,r,226.23740846007644,-39.49256848158943,559.319091796875,268704.0,474.49,False,271209.0,0.731716,268180.0,469.263,False,-61.003,12.4963,17.82681467123567,0.0019172433651631245,17.816739756541537,2.9292926416057238e-06,17.828934033898527,0.0018998278364663983,nan,nan
2000 QF135,32361,MBO,MBO,21163607333287238,745328182275604535,8.048903,3.1371472,2.1924422,225.9845984129074,-39.40814466719242,2025053000269,52,60826.23173140891,r,225.98458076006023,-39.40814297862599,394.669677734375,289931.0,731.872,False,272583.0,0.0490583,295672.0,737.706,False,2219.12,12.2747,17.744263366328262,0.0027407208533116144,17.811253082519073,1.9540606686289806e-07,17.72297450252694,0.0027089278179043687,23.034547973780214,0.006005572329432575
2000 QF135,32361,MBO,MBO,21163607333287238,745328182406676677,8.048985,3.1371474,2.1924438,225.98450128328105,-39.40811118719508,2025053000270,46,60826.232167978866,r,225.98448576081702,-39.40810753726275,392.221435546875,290394.0,740.642,False,269808.0,0.284778,295498.0,745.81,False,2271.97,8.25779,17.742530902727818,0.0027691407723403503,17.822362943328685,1.145977079073399e-06,17.72361363545007,0.002740299143208879,23.0089935328032,0.003946258651495265
2000 QF135,32361,MBO,MBO,21163607333287238,745328182658859206,8.049148,3.1371477,2.192447,225.98430459290356,-39.40804336981402,2025053000272,15,60826.23305088536,r,225.98428656405392,-39.40803880095855,408.219482421875,293084.0,719.905,False,271943.0,0.177102,297522.0,726.67,False,1363.05,7.36994,17.732519724642383,0.002666904212768623,17.813805289359564,7.07082193015757e-07,17.716202288070974,0.002651810317746344,23.563720493335502,0.005870518458991369
2000 QF135,32361,MBO,MBO,21163607333287238,745328182831874184,8.049229,3.137148,2.1924486,225.98420636886712,-39.40800949317344,2025053000273,89,60826.23349138747,r,225.9841892094215,-39.408007233364906,413.781005859375,295549.0,715.762,False,270833.0,0.520391,298413.0,718.689,False,750.603,11.4625,17.72342626440655,0.0026294412884739085,17.81824604896341,2.0861834992262e-06,17.71295565318872,0.002614854900286116,24.21147422079044,0.016580336582049347
2000 QF135,32361,MBO,MBO,21163607333287238,745328183070425414,8.049391,3.1371481,2.192452,225.9840117218432,-39.40794234192048,2025053000275,32,60826.234365937315,r,225.98399377667357,-39.407938488949824,405.85638427734375,295954.0,731.543,False,273722.0,0.284926,297551.0,733.453,False,297.219,6.02582,17.721939464739794,0.002683737177994549,17.8067257385296,1.1301775922249326e-06,17.7160964645839,0.0026763024818244,25.217308599771307,0.022012222723918635
2000 QF135,32361,MBO,MBO,21163607333287238,745328183212507489,8.049472,3.1371484,2.1924534,225.98391418541607,-39.40790868327087,2025053000276,47,60826.23480361281,r,225.9838976104641,-39.40790528965175,446.4384765625,295523.0,658.722,False,261958.0,0.39463,297010.0,659.419,False,178.196,7.78607,17.723521782858928,0.002420110474772525,17.85442083496791,1.6356213387537454e-06,17.71807232054782,0.0024105420332557193,25.7727551274108,0.04743999860360069
2000 QF135,32361,MBO,MBO,21163607333287238,745328183394959655,8.049554,3.1371486,2.192455,225.98381531939208,-39.407874559271896,2025053000277,139,60826.2352479729,r,225.98379885562105,-39.40787343996311,460.1923828125,291737.0,634.362,False,279864.0,1.44043,295165.0,637.413,False,86.722,7.32439,17.737521218275493,0.0023608585465423717,17.782632407343662,5.588168004519028e-06,17.724837853640445,0.002344662810702047,26.55467678573305,0.09169939944307218
2000 QF135,32361,MBO,MBO,21163607333287238,745328183793418568,8.049798,3.137149,2.19246,225.9835214330475,-39.40777308446385,2025053000280,131,60826.23656755632,r,225.98350265498817,-39.40776964183729,428.1897277832031,297367.0,692.511,False,268630.0,0.13031,300408.0,695.067,False,-10.7582,9.02848,17.71676807131977,0.0025284723928654064,17.82711371979638,5.266808760915265e-07,17.70572126514177,0.002512114939207798,nan,nan
2000 QF135,32361,MBO,MBO,21163607333287238,745328183871537384,8.049882,3.1371493,2.1924617,225.98342014517067,-39.40773809774023,2025053000281,24,60826.23702271472,r,225.98340277809012,-39.40773420376688,431.0143737792969,294206.0,679.355,False,260110.0,0.351529,297355.0,685.759,False,-46.2879,8.12903,17.728371186428426,0.0025070878846035556,17.862107377282953,1.467332146783237e-06,17.7168118861928,0.0025039207136940225,nan,nan
2000 QF135,32361,MBO,MBO,21163607333287238,745328184061329781,8.049967,3.1371493,2.1924634,225.98331797406763,-39.40770279894776,2025053000282,130,60826.23748155938,r,225.9832981055338,-39.40769998129277,457.2821350097656,294589.0,643.451,False,269724.0,0.0984368,299123.0,650.89,False,-74.8489,9.88137,17.726958684538722,0.002371500750179051,17.82270102092904,3.962435693201382e-07,17.710375480385192,0.002362556052925913,nan,nan
2000 QF135,32361,MBO,MBO,21163607333287238,745328184285724712,8.051034,3.1371515,2.1924846,225.98203200581847,-39.40725791339339,2025053000284,46,60826.24326179668,u,225.98201246179525,-39.40725506663056,79.1608657836914,46737.4,591.753,False,43631.9,0.0590796,47321.1,587.044,False,-67.2885,12.4691,19.72583866394607,0.013746756725466045,19.800489725784523,1.4701367920755136e-06,19.71236288554629,0.013469148232656625,nan,nan
2000 QF135,32361,MBO,MBO,21163607333287238,745328184444059658,8.051132,3.1371517,2.1924868,225.98191392534991,-39.40721700725076,2025053000285,92,60826.243792119916,u,225.9819020163296,-39.4072136492987,84.0758285522461,47626.3,565.903,False,46211.8,0.593252,48818.7,571.67,False,-69.4537,10.4637,19.70538287399137,0.012900884213909277,19.738117768915206,1.3938326737380947e-05,19.678534491508728,0.012714038013135538,nan,nan
2000 QF135,32361,MBO,MBO,21163607333287238,745328184557830221,8.0512295,3.137152,2.1924887,225.98179629975107,-39.40717624936018,2025053000286,53,60826.24432124886,u,225.98178108420018,-39.40717699103439,82.56986999511719,48885.7,590.499,False,45656.8,0.867019,49438.5,591.019,False,-64.9257,10.4714,19.677045421655485,0.013114800010357844,19.751236308095997,2.0618043749775055e-05,19.664836786323452,0.01297957475215861,nan,nan
2000 QF135,32361,MBO,MBO,21163607333287238,745328184737136674,8.051328,3.1371522,2.1924906,225.9816786842868,-39.4071354856737,2025053000287,139,60826.24485038911,u,225.98166915692997,-39.40713447514112,82.52957916259766,49235.0,595.905,False,45943.3,0.349589,49997.7,597.768,False,-69.6397,11.3235,19.669315144361263,0.01314097014126274,19.744444515691697,8.261518371626229e-06,19.652624951139522,0.012980964636749833,nan,nan
2000 QF135,32361,MBO,MBO,21163607333287238,745328184839897092,8.051425,3.1371524,2.1924925,225.9815610790972,-39.40709471624223,2025053000288,79,60826.245379618325,u,225.98155033308942,-39.407094767306546,68.94975280761719,48000.0,693.305,False,45588.7,0.982213,48788.3,695.875,False,-72.029,13.0886,19.69689690656103,0.015682215239326364,19.752856998337954,2.3392293599655095e-05,19.67921076852224,0.015486021636080963,nan,nan
2000 QF135,32361,MBO,MBO,21163607333287238,745328184981979140,8.051523,3.1371527,2.1924946,225.98144303943283,-39.40705378683689,2025053000289,94,60826.24591091223,u,225.9814272863816,-39.40705098596593,77.62998962402344,48245.1,621.635,False,45699.7,0.177236,49541.5,631.827,False,-83.2428,8.40389,19.691366937529523,0.013989640696959873,19.7502166457809,4.210783690607536e-06,19.662577120341304,0.013846925863599703,nan,nan
2000 QF135,32361,MBO,MBO,21163607333287238,745328185081594124,8.051623,3.1371527,2.1924965,225.98132234285757,-39.40701192647349,2025053000290,28,60826.246453258864,u,225.98130624802,-39.4070078100807,64.03044891357422,50071.1,779.727,False,47438.1,1.27091,50556.3,768.357,False,-74.6555,9.86266,19.651032135081078,0.016907513439417446,19.709681748594505,2.908786358001489e-05,19.64056177753139,0.016501068993504092,nan,nan
2000 QF135,32361,MBO,MBO,21163607333287238,745328185535627348,8.051919,3.1371534,2.1925025,225.98096609580247,-39.40688831460077,2025053000293,126,60826.24805618264,u,225.98094707429414,-39.40688283549291,76.72653198242188,47914.0,622.74,False,44156.8,0.0806816,48681.8,624.782,False,12.2958,15.5256,19.69884392865649,0.014111352705851836,19.787505998374925,1.9838152283870336e-06,19.681583413055673,0.013934332902846428,28.67560800544572,1.370932042202144
2000 QF135,32361,MBO,MBO,21163607333287238,745328186033700881,8.052314,3.137154,2.1925104,225.980491544356,-39.406723520440245,2025053000297,52,60826.250192704916,u,225.98047589623147,-39.40672101084591,78.93492889404297,47287.2,594.518,False,45177.8,0.108776,48456.5,596.042,False,42.385,12.9324,19.713141020304175,0.013650411389897655,19.762687285011815,2.6141609984656937e-06,19.6866198950991,0.013355161236864628,27.331969574262367,0.3312769889997012
2000 QF135,32361,MBO,MBO,21163607333287238,745328186164772912,8.052414,3.1371543,2.1925123,225.98037071214375,-39.40668153568983,2025053000298,46,60826.250736114314,u,225.9803532142472,-39.40668285506625,78.5367202758789,48139.3,610.36,False,46976.4,1.90444,49058.3,610.831,False,31.5224,10.0469,19.693750555252706,0.013766089728705555,19.72030070637356,4.4016135246852664e-05,19.67321874601644,0.013518636280411228,27.6534518141976,0.34604861582177104
2000 QF135,32361,MBO,MBO,21163607333287238,745328186281164809,8.052511,3.1371546,2.1925144,225.9802532223844,-39.40664070290413,2025053000299,12,60826.25126542631,u,225.9802413465663,-39.40663690665122,68.30276489257812,46937.1,688.977,False,45321.8,1.04829,47739.9,691.689,False,41.894,9.93783,19.721209330637624,0.01593722741947599,19.75923210636501,2.511300085072815e-05,19.70279627313046,0.01573090522623949,27.344620402968967,0.2575514760397795
2000 QF135,32361,MBO,MBO,21163607333287238,745328186416955451,8.05261,3.1371548,2.1925163,225.9801339666651,-39.40659924687862,2025053000300,15,60826.25180232716,u,225.98011533809174,-39.406595613589154,78.01322174072266,48476.6,618.917,False,45870.6,0.565534,49367.2,622.438,False,46.1061,12.906,19.686169584644993,0.013861957408289044,19.74616391086684,1.3385931580570446e-05,19.666403777978395,0.01368932144801714,27.240604073260073,0.303918834218219
2000 QF135,32361,MBO,MBO,21163607333287238,745328186589970462,8.052708,3.137155,2.1925182,225.98001627629097,-39.40655832562857,2025053000301,89,60826.25233259163,u,225.97999845102783,-39.40655234069726,83.20079803466797,46818.5,561.383,False,44152.8,0.142138,47600.9,560.202,False,49.4473,9.79102,19.723956261527917,0.013018653802758125,19.787604355625895,3.495234155323306e-06,19.705962125406415,0.012777734075845901,27.164643544579064,0.21498575921827665
2000 QF135,32361,MBO,MBO,21163607333287238,745328186829570072,8.052903,3.1371553,2.1925223,225.9797813715996,-39.40647662081556,2025053000303,34,60826.25339011436,u,225.9797678001259,-39.40647572522727,71.81813049316406,47372.6,662.256,False,47233.2,1.32042,47642.7,655.186,False,32.5988,10.2914,19.711181911136954,0.015178294460441662,19.71438159403016,3.035212207249232e-05,19.70500910335305,0.014931125746818217,27.616995944360955,0.3427655405615965
2000 QF135,32361,MBO,MBO,21163607333287238,745328186970603580,8.053002,3.1371555,2.1925242,225.9796626034032,-39.40643529661238,2025053000304,47,60826.253925708545,u,225.9796404393489,-39.40643087963142,79.32078552246094,46946.2,590.693,False,44904.0,0.236987,48095.7,593.965,False,10.9572,10.7836,19.720998906532,0.013661100988959788,19.76928742697096,5.730121152896768e-06,19.69473439269708,0.01340846155669795,28.800751022939647,1.0685343632297841
2000 QF135,32361,MBO,MBO,21163607333287238,745328187153055800,8.0531025,3.1371558,2.1925263,225.97954140463048,-39.40639311694256,2025053000305,139,60826.254471377935,u,225.97953624982682,-39.4063908219422,81.66585540771484,47138.0,573.19,False,47878.3,1.47131,47746.3,572.963,False,-11.7467,11.5478,19.716572119834183,0.01320236619831209,19.699653178163114,3.3364896634189714e-05,19.702650676039532,0.013029002806326021,nan,nan
2000 QF135,32361,MBO,MBO,21163607333287238,745328187266826263,8.053201,3.137156,2.1925282,225.9794235465017,-39.406352090420654,2025053000306,100,60826.255002145765,u,225.9794067931531,-39.40634935526312,84.0691909790039,47324.5,561.861,False,44361.8,0.190866,47920.0,562.468,False,-29.9302,10.427,19.71228491453498,0.012890423663396443,19.782477082057504,4.671364005750705e-06,19.69870797654686,0.012743987702485438,nan,nan
2000 QF135,32361,MBO,MBO,21163607333287238,745328187374829571,8.053298,3.1371562,2.1925302,225.9793061432437,-39.4063112129623,2025053000307,50,60826.25553172016,u,225.97929582531702,-39.40630745251913,80.00379180908203,46552.4,582.719,False,44805.2,0.613409,47254.5,582.648,False,-22.4126,15.8713,19.730144846785112,0.013590687706201322,19.771678968297106,1.4864353970351252e-05,19.713892069362384,0.01338712798491047,nan,nan
2000 QF135,32361,MBO,MBO,21163607333287238,745328187820998665,8.053599,3.1371567,2.1925364,225.9789437928897,-39.40618499146819,2025053000310,133,60826.25716497372,u,225.97892547158682,-39.40618019561141,81.33724212646484,47201.8,579.51,False,43675.2,0.200209,47869.1,580.034,False,-10.1214,12.2462,19.715103581039696,0.013329893949135342,19.799412763406565,4.97706183247019e-06,19.69986180888601,0.013155958426698628,nan,nan
2000 QF135,32361,MBO,MBO,21163607333287238,745328188181184535,8.053899,3.1371574,2.1925423,225.97858354319044,-39.40605941434772,2025053000313,52,60826.258788678824,u,225.97857485839006,-39.406055941397575,79.50261688232422,45524.8,572.85,False,43496.9,0.263726,46767.7,573.21,False,311.751,8.50106,19.75437986505683,0.013662090722308598,19.803854273676723,6.582925962490939e-06,19.725134987735647,0.013307365643003508,25.16548033725695,0.02960666654881237
2000 QF135,32361,MBO,MBO,21163607333287238,745328188311732262,8.0557785,3.1371613,2.1925802,225.9763213220076,-39.40526885432743,2025053000314,45,60826.2689979236,u,225.97628784321046,-39.405263269370266,62.21449279785156,43689.2,701.997,False,43693.7,0.676234,44554.8,708.988,False,64.1562,6.61876,19.79906478855025,0.017445583398956778,19.798952963169928,1.6803606865244938e-05,19.777763734652794,0.01727701394382429,26.881903476176003,0.11201143244733458
2000 QF135,32361,MBO,MBO,21163607333287238,745328188445950232,8.056535,3.137163,2.1925955,225.9754115778233,-39.40494997015092,2025053000315,45,60826.27310868216,g,225.97539515042527,-39.404947935154645,369.68280029296875,161383.0,437.635,False,152680.0,0.110432,163623.0,442.139,False,12.8993,3.68557,18.380355538889884,0.002944276501070228,18.440544621807348,7.853027210080236e-07,18.365389122214843,0.002933856047455409,28.62358467362002,0.3102150429326322
2000 QF135,32361,MBO,MBO,21163607333287238,745328188604284953,8.056616,3.137163,2.1925972,225.9753146928297,-39.40491597751876,2025053000316,91,60826.27354665327,g,225.97530225740414,-39.40491311398143,369.9102783203125,163347.0,441.55,False,153825.0,0.0991757,165713.0,447.226,False,0.615261,3.48178,18.36722209321332,0.00293489814907734,18.432432690599832,7.000074571520992e-07,18.351608550816405,0.002930183354492793,31.927351500203848,6.144212858232546
2000 QF135,32361,MBO,MBO,21163607333287238,745328188718580204,8.056696,3.1371632,2.1925988,225.97521803703933,-39.404882059091406,2025053000317,53,60826.273983190695,g,225.97520072958997,-39.40487848444409,376.78863525390625,159294.0,423.391,False,153170.0,0.461901,161345.0,428.063,False,-15.8258,3.8153,18.39450145528633,0.002885801900424032,18.437065719106656,3.274157136355051e-06,18.380611221545067,0.0028805570937674423,nan,nan
2000 QF135,32361,MBO,MBO,21163607333287238,745328188897886373,8.056776,3.1371634,2.1926005,225.9751216106174,-39.40484821497352,2025053000318,139,60826.27441981307,g,225.9751069675025,-39.40484303277359,366.3916931152344,159406.0,434.465,False,151280.0,0.175934,162108.0,438.857,False,-26.8187,4.24169,18.39373833975487,0.002959200884685369,18.45054621040754,1.2626779178075845e-06,18.375488880674446,0.002939293111875709,nan,nan
2000 QF135,32361,MBO,MBO,21163607333287238,745328189000647059,8.056856,3.1371634,2.1926022,225.97502497125555,-39.404814289926094,2025053000319,79,60826.27485659001,g,225.97501019010846,-39.40481314483714,339.9891357421875,158791.0,468.268,False,153184.0,0.279265,160653.0,473.619,False,-32.5806,5.14559,18.397935290683872,0.003201790573529171,18.43696648549536,1.97937190947276e-06,18.38527790028457,0.0032008445691820075,nan,nan
2000 QF135,32361,MBO,MBO,21163607333287238,745328189142728743,8.056939,3.1371636,2.1926038,225.9749250232998,-39.40477919688654,2025053000320,94,60826.27530853657,g,225.97490855409313,-39.40477587203394,359.6894836425781,160388.0,444.996,False,151171.0,0.139335,162634.0,447.076,False,-32.0789,3.8814,18.3870703203157,0.003012371689641366,18.45132878511513,1.0007280571048877e-06,18.37197164087705,0.002984656266740773,nan,nan
2000 QF135,32361,MBO,MBO,21163607333287238,745328189243916356,8.057021,3.1371639,2.1926055,225.97482729519777,-39.40474487686196,2025053000321,31,60826.27575044479,g,225.97481497563749,-39.40474404477071,327.3642578125,161063.0,488.816,False,148175.0,0.0122859,163210.0,493.69,False,-30.1163,4.32339,18.382510539724656,0.0032951406530542095,18.47306266022236,9.00235988944247e-08,18.36813308803982,0.003284217324782575,nan,nan
2000 QF135,32361,MBO,MBO,21163607333287238,745328189377609845,8.057101,3.1371639,2.1926072,225.974730459724,-39.40471086406567,2025053000322,30,60826.27618827946,g,225.9747105188455,-39.40470981881469,309.51141357421875,160949.0,519.711,False,151963.0,0.131713,162794.0,525.373,False,-28.0551,3.61781,18.383279293264977,0.003505887250747866,18.44565535336013,9.410552299429525e-07,18.370904014202274,0.0035039158183237614,nan,nan
2000 QF135,32361,MBO,MBO,21163607333287238,745328189697949838,8.057262,3.1371644,2.1926103,225.97453725572728,-39.40464298392693,2025053000324,129,60826.277062799374,g,225.97451750270918,-39.4046397745138,366.5314025878906,158844.0,433.659,False,151840.0,0.575909,161191.0,440.003,False,-27.3468,5.00695,18.397572962732696,0.0029641615239366496,18.446534512291954,4.118053688422866e-06,18.381648026045895,0.0029637335659524616,nan,nan
2000 QF135,32361,MBO,MBO,21163607333287238,745328189825876419,8.057344,3.1371646,2.192612,225.97443779287116,-39.40460802909075,2025053000325,117,60826.277512789675,g,225.97441689820616,-39.40460309395837,339.5514831542969,157868.0,466.58,False,153538.0,0.295537,158703.0,465.014,False,-34.6286,3.88895,18.404264732481423,0.0032089010048716054,18.4344603021297,2.0898749185566615e-06,18.39853715899298,0.0031813043467145458,nan,nan
2000 QF135,32361,MBO,MBO,21163607333287238,745328189963763953,8.0574255,3.1371646,2.1926136,225.9743412118791,-39.40457408078216,2025053000326,124,60826.27794932874,g,225.97432052016558,-39.40456732611264,330.8811340332031,157806.0,476.225,False,151160.0,0.355786,160007.0,482.256,False,-34.5962,3.35091,18.40469122085589,0.003276521366346958,18.451407791887558,2.5555023597585185e-06,18.38965254344028,0.0032723744095594564,nan,nan
2000 QF135,32361,MBO,MBO,21163607333287238,745328190098505920,8.057506,3.1371648,2.1926153,225.9742448601291,-39.404540206905885,2025053000327,125,60826.27838593195,g,225.9742287227803,-39.40453654729663,358.87384033203125,159794.0,445.957,False,148880.0,0.116557,161240.0,449.76,False,-29.4774,3.66264,18.39109882938567,0.0030300991367669503,18.467909099693223,8.500144886003792e-07,18.381318026297464,0.0030285334039624715,nan,nan
2000 QF135,32361,MBO,MBO,21163607333287238,745328190194450539,8.057586,3.137165,2.192617,225.97414829575743,-39.40450625212273,2025053000328,52,60826.278822858694,g,225.97412781064628,-39.40450364789874,359.9892272949219,153994.0,429.028,False,149268.0,0.444878,156552.0,435.506,False,-16.3793,3.79423,18.43124050014349,0.0030248662213427425,18.46508321533204,3.235925746081886e-06,18.413353449414764,0.003020367958109365,nan,nan
2000 QF135,32361,MBO,MBO,21163607333287238,745328190324998481,8.057666,3.137165,2.1926186,225.9740519606238,-39.40447237180752,2025053000329,45,60826.27925855903,g,225.97403230815019,-39.40446916142763,353.6225280761719,155717.0,440.672,False,152373.0,0.642225,158273.0,446.887,False,-9.49474,3.88057,18.419159929672063,0.0030725838645896506,18.442729954371792,4.5761845176458406e-06,18.401482914220093,0.0030655979742520434,nan,nan
2000 QF135,32361,MBO,MBO,21163607333287238,745328190574035408,8.057827,3.1371655,2.1926217,225.9738577690472,-39.40440405751989,2025053000331,8,60826.28013738383,g,225.97383893745362,-39.404398922550044,361.38232421875,161344.0,445.681,False,149280.0,0.225462,163288.0,449.456,False,-7.4965,4.41676,18.380617950849167,0.002999132271468016,18.464995933993936,1.6398195413248395e-06,18.367614325746747,0.002988527293823732,nan,nan
2000 QF135,32361,MBO,MBO,21163607333287238,745328191010766863,8.058068,3.137166,2.1926267,225.9735686434153,-39.40430230047532,2025053000334,73,60826.28144648053,g,225.97355147515657,-39.404300545322876,353.1173400878906,153727.0,434.291,False,146078.0,0.116857,155556.0,437.044,False,-23.9994,4.78992,18.433124620105524,0.003067291015444271,18.488537964579713,8.685488256178072e-07,18.420283082303705,0.0030504416465079592,nan,nan
2000 QF135,32361,MBO,MBO,21163607333287238,745328191131353556,8.058147,3.137166,2.1926284,225.97347257938048,-39.40426847878711,2025053000335,47,60826.28188199347,g,225.97345660466019,-39.404265524050594,376.3699951171875,154370.0,410.749,False,145935.0,0.0276857,156644.0,416.274,False,-15.5106,3.07455,18.428592739605236,0.0028889360152950685,18.489601343879208,2.0597777659347385e-07,18.412715588562705,0.002885292373698198,nan,nan
2000 QF135,32361,MBO,MBO,21163607333287238,745328191314329930,8.058229,3.1371663,2.19263,225.97337431573413,-39.404233876386286,2025053000336,140,60826.282326506625,g,225.97335580833476,-39.40423035321835,377.3980712890625,154457.0,408.856,False,148352.0,0.528297,156382.0,412.436,False,1.44268,3.34692,18.42798101166491,0.0028740021379018215,18.471766485971337,3.866420320968672e-06,18.4145330922338,0.0028634798274865254,31.00207497112131,2.518834550861744
2000 QF135,32361,MBO,MBO,21163607333287238,745328191407129147,8.05831,3.1371665,2.1926317,225.9732778271861,-39.404199892883376,2025053000337,61,60826.282763064504,g,225.9732609325344,-39.40419893104367,389.0769348144531,155568.0,401.063,False,152427.0,0.701481,158216.0,405.427,False,11.6902,3.5298,18.420199328980505,0.002799088544979935,18.442345244688912,4.996642996483123e-06,18.401873998676994,0.0027821887445457646,28.730445160531147,0.3278328546116781
2000 QF135,32361,MBO,MBO,21163607333287238,745328191534006807,8.05839,3.1371665,2.1926332,225.973181788562,-39.404166061764855,2025053000338,47,60826.283198795936,g,225.97316572603208,-39.40416194774751,392.40850830078125,153504.0,390.94,False,151837.0,0.777862,155581.0,394.579,False,18.9087,2.90799,18.43470075803549,0.0027651247820178384,18.44655596408853,5.562234166598697e-06,18.420108603503838,0.0027536056253991354,28.20834576708215,0.16697656875346653
2000 QF135,32361,MBO,MBO,21163607333287238,745328191717507222,8.058473,3.1371667,2.1926348,225.9730826679563,-39.40413113861241,2025053000339,141,60826.28364791499,g,225.9730682784145,-39.40412946624563,398.4657897949219,152189.0,382.06,False,145761.0,0.292613,152658.0,381.779,False,23.5748,3.54794,18.44404184151451,0.002725665926835499,18.490896652159304,2.179598985551089e-06,18.44070107921878,0.0027152934893939075,27.968879934798938,0.16340019203439754
2000 QF135,32361,MBO,MBO,21163607333287238,745328191786713292,8.058555,3.137167,2.1926365,225.97298355634243,-39.40409621217473,2025053000340,17,60826.284096664924,g,225.9729678527329,-39.404093268876665,384.8912048339844,154528.0,402.203,False,148498.0,0.697153,156997.0,406.46,False,24.6759,4.03042,18.427482040699367,0.0028259368007299756,18.470698488675218,5.0972014585750965e-06,18.410271615726817,0.0028109347854319393,27.91931751780033,0.17733792136000762
2000 QF135,32361,MBO,MBO,21163607333287238,745328191982272877,8.058638,3.1371672,2.1926382,225.9728844537358,-39.404061282462806,2025053000341,134,60826.284545205956,g,225.97287233623913,-39.4040574241523,402.6217956542969,156370.0,389.312,False,146636.0,0.166051,158146.0,392.272,False,28.362,3.55691,18.414616409587254,0.002703140922621142,18.484398486890736,1.229490595239547e-06,18.402354470639956,0.0026931058386479648,27.76815788697568,0.13616339016304024
2000 QF135,32361,MBO,MBO,21163607333287238,745328192250183874,8.058801,3.1371675,2.1926415,225.9726878202527,-39.40399195793616,2025053000343,133,60826.28543690847,g,225.9726716222102,-39.40398972398352,395.5953369140625,154838.0,392.067,False,147122.0,0.428768,157066.0,396.191,False,93.5474,4.327,18.425306117449054,0.0027492044684236656,18.48080594965299,3.1642375087085535e-06,18.40979454074929,0.002738714445119557,26.472420679711316,0.05022032295400573
2000 QF135,32361,MBO,MBO,21163607333287238,745328192341934236,8.058882,3.1371677,2.1926432,225.9725909511312,-39.40395779672277,2025053000344,52,60826.28587507611,g,225.9725717414833,-39.403954233299,391.1217346191406,153606.0,393.045,False,146488.0,0.376501,155917.0,397.534,False,180.714,3.45649,18.433979550019096,0.002778167527167795,18.485494875940823,2.790540933574457e-06,18.41776632518241,0.00276824882925727,25.75752047570048,0.020766715826274484
2000 QF135,32361,MBO,MBO,21163607333287238,745332589982646409,8.239154,3.1375308,2.1962333,225.76589037715465,-39.33091915278944,2025053100341,46,60827.25292599241,r,225.76587237803713,-39.33091517688091,149.67718505859375,265417.0,1767.15,False,262357.0,6.12471,268984.0,1790.39,False,315.653,44.8566,17.840178159879542,0.007228846534869883,17.852768359531108,2.5346453423269628e-05,17.82568388101974,0.007226791405961865,25.151975144774045,0.15429105431922469
2000 QF135,32361,MBO,MBO,21163607333287238,745332590140981296,8.239239,3.137531,2.196235,225.7657939012969,-39.33088396739524,2025053100342,92,60827.253369215236,r,225.76577470994562,-39.33088029072301,174.42027282714844,263418.0,1512.64,False,259805.0,2.9201,266293.0,1524.43,False,455.256,12.5195,17.848386379874647,0.006234684147133742,17.863381237742598,1.2203222659056232e-05,17.836600624095375,0.006215442767685762,24.754360775858586,0.02985764892294407
2000 QF135,32361,MBO,MBO,21163607333287238,745332590434582669,8.239407,3.1375313,2.1962385,225.76560423152185,-39.330814774262166,2025053100344,140,60827.25424223657,r,225.76558645841652,-39.33081063052301,208.13363647460938,269024.0,1281.94,False,248823.0,0.394705,271383.0,1295.93,False,290.146,33.7212,17.825522435657327,0.005173696795491408,17.910273695087568,1.7222905681051412e-06,17.816043402352374,0.005184695349922847,25.243458545398877,0.12618587591684105
2000 QF135,32361,MBO,MBO,21163607333287238,745332590537343156,8.2394905,3.1375315,2.1962402,225.76550951647,-39.33078021184028,2025053100345,80,60827.25467879596,r,225.76549559110845,-39.33077719976011,191.75567626953125,269485.0,1387.86,False,241194.0,0.29238,271632.0,1403.83,False,194.589,63.1577,17.823663508461443,0.005591590749879505,17.944083750028945,1.3161503068380135e-06,17.81504767172271,0.0056112277221114885,25.677204259252925,0.3523971008484152
2000 QF135,32361,MBO,MBO,21163607333287238,745332590679425108,8.239574,3.1375318,2.1962419,225.7654145917614,-39.33074556651622,2025053100346,95,60827.2551153291,r,225.76539555444273,-39.330741510957544,194.39952087402344,268585.0,1358.66,False,250639.0,1.17421,271154.0,1369.44,False,193.808,37.8887,17.827295613933096,0.00549228880639948,17.902378377179787,5.086527863814187e-06,17.816959961428182,0.005483417263350779,25.68157075782856,0.21225714151214783
2000 QF135,32361,MBO,MBO,21163607333287238,745332590779039973,8.239658,3.1375318,2.1962435,225.7653196745096,-39.33071091751173,2025053100347,29,60827.255552030256,r,225.7653019536384,-39.33070932087408,174.71363830566406,263798.0,1503.07,False,239852.0,0.679085,268233.0,1528.37,False,256.415,33.4714,17.846821253515607,0.0061863147520826245,17.950141639572834,3.0740089232195285e-06,17.828719482726058,0.006186437306240231,25.377641395450553,0.14172771059268688
2000 QF135,32361,MBO,MBO,21163607333287238,745332590914306051,8.239742,3.137532,2.1962454,225.76522498216255,-39.3306763442293,2025053100348,31,60827.25598864106,r,225.76520593975394,-39.33067346102109,168.3983917236328,267995.0,1573.19,False,253945.0,4.31223,270872.0,1589.34,False,376.126,18.7338,17.829683271389463,0.006373511730987839,17.888150834266906,1.843684401684629e-05,17.81808971401336,0.006370551192298064,24.9616665910593,0.05407753118376621
2000 QF135,32361,MBO,MBO,21163607333287238,745332591107244101,8.239827,3.1375322,2.196247,225.7651285599953,-39.33064113282388,2025053100349,143,60827.25643296317,r,225.7651103611451,-39.33063619087664,214.38990783691406,264296.0,1220.56,False,246568.0,0.685916,268306.0,1233.67,False,161.398,25.5164,17.84477352417104,0.005014098759333997,17.920158218835684,3.0203588533420286e-06,17.828424038244158,0.004992211249234003,25.880254661766678,0.1716506987997024
2000 QF135,32361,MBO,MBO,21163607333287238,745332591234646081,8.239911,3.1375322,2.1962488,225.76503388282475,-39.3306065522301,2025053100350,130,60827.25686826631,r,225.76501803559924,-39.330603512369805,196.8780975341797,271363.0,1363.74,False,242163.0,0.190093,274259.0,1376.45,False,41.2258,24.1635,17.81612342035013,0.0054563882374308904,17.939730529565285,8.522806860281414e-07,17.804597779609164,0.005449088438391681,27.36207728151509,0.636377872135752
2000 QF135,32361,MBO,MBO,21163607333287238,745332591362572505,8.239995,3.1375325,2.1962507,225.76493921324973,-39.33057196804545,2025053100351,118,60827.257304173385,r,225.76492306019327,-39.330570016561275,212.11956787109375,267114.0,1254.13,False,244204.0,0.982815,269646.0,1268.23,False,-31.3839,53.247,17.833258372763787,0.005097652507074729,17.930618066746675,4.369616622379204e-06,17.82301504441778,0.005106558991250072,nan,nan
2000 QF135,32361,MBO,MBO,21163607333287238,745332591499935833,8.24008,3.1375327,2.1962523,225.764842814431,-39.33053674560335,2025053100352,124,60827.25774835737,r,225.7648251269705,-39.33053273339648,210.23313903808594,264514.0,1252.36,False,241705.0,0.223532,266740.0,1262.87,False,-31.5809,41.97,17.843878342513936,0.005140493801789515,17.94178591380349,1.0041033159981215e-06,17.834779632909864,0.005140375180330856,nan,nan
2000 QF135,32361,MBO,MBO,21163607333287238,745332591638347874,8.240166,3.1375327,2.196254,225.7647462064903,-39.33050144013272,2025053100353,132,60827.25819371832,r,225.76472962669254,-39.33049796500433,228.43417358398438,269237.0,1164.06,False,242564.0,0.432711,271184.0,1175.73,False,-39.9628,53.437,17.82466314314427,0.004694236491002737,17.937934135646938,1.936849674950661e-06,17.816839844135362,0.0047072563529356095,nan,nan
2000 QF135,32361,MBO,MBO,21163607333287238,745332591731146899,8.24025,3.137533,2.196256,225.7646515601119,-39.33046684509246,2025053100354,53,60827.25862904694,r,225.76463809019015,-39.33046450550516,206.02403259277344,273053.0,1321.74,False,240473.0,0.440147,275905.0,1338.22,False,-38.6665,53.186,17.809382618904333,0.005255613235064684,17.947334196450676,1.987264877375606e-06,17.798101072717103,0.005266138243680781,nan,nan
2000 QF135,32361,MBO,MBO,21163607333287238,745332591861694684,8.240334,3.1375332,2.1962576,225.7645569214025,-39.33043224649847,2025053100355,46,60827.25906568751,r,225.7645445084723,-39.33043083579509,138.41262817382812,263078.0,1886.53,False,232368.0,1.40063,265733.0,1906.1,False,-31.9867,27.3537,17.849788671101678,0.007785804796186042,17.984559199958806,6.544423920196909e-06,17.83888627366592,0.007787974219920894,nan,nan
2000 QF135,32361,MBO,MBO,21163607333287238,745332591978610797,8.2404175,3.1375334,2.1962593,225.7644616393219,-39.33039740627649,2025053100356,13,60827.25950452205,r,225.76445005857676,-39.3303961036562,115.14137268066406,280767.0,2408.21,False,243796.0,1.6422,282841.0,2432.28,False,-25.2043,42.2101,17.779134846057417,0.00931263554210076,17.932433560495678,7.313475151350478e-06,17.771144089882934,0.009336745690751273,nan,nan
2000 QF135,32361,MBO,MBO,21163607333287238,745332592389128357,8.24067,3.137534,2.1962645,225.76417605695303,-39.33029294351763,2025053100359,28,60827.26082099764,r,225.7641598971163,-39.33028937491875,166.1212615966797,275909.0,1654.7,False,267260.0,2.20071,277613.0,1665.14,False,-38.1806,37.5775,17.79808533210588,0.006511449952697497,17.832665089820235,8.940322481390567e-06,17.791400501738273,0.006512313183803678,nan,nan
2000 QF135,32361,MBO,MBO,21163607333287238,745332592547463171,8.240754,3.137534,2.1962662,225.76408145705184,-39.33025832720522,2025053100360,74,60827.26125682915,r,225.76406671911897,-39.33025622655752,132.257080078125,276586.0,2077.83,False,262188.0,2.21055,279210.0,2099.71,False,-29.1581,31.8028,17.795424516067705,0.008156505908309622,17.853467973196103,9.154020181023533e-06,17.785172578418695,0.00816493364879883,nan,nan
2000 QF135,32361,MBO,MBO,21163607333287238,745332592963747950,8.241006,3.1375344,2.1962714,225.76379683643293,-39.330154139623765,2025053100363,100,60827.26256894975,r,225.76377840195136,-39.330147860964146,112.2157974243164,272239.0,2389.08,False,253607.0,2.10321,272741.0,2399.45,False,81.4403,18.8369,17.812624147946202,0.00952806444663216,17.889596908330084,9.004212080987668e-06,17.81062392874938,0.009551808065132967,26.62290158816898,0.2511275755430303
2000 QF135,32361,MBO,MBO,21163607333287238,745332593075421256,8.24109,3.1375346,2.196273,225.7637022678139,-39.330119509344485,2025053100364,57,60827.26300451592,r,225.76368989362575,-39.330116601538435,73.93357849121094,276406.0,3712.23,False,256355.0,0.691263,278717.0,3747.46,False,139.407,9.24018,17.79613133469712,0.014581819823677797,17.877895518932924,2.9276951409816753e-06,17.78709135305501,0.014598151370283582,26.039288564558024,0.07196480914366495
2000 QF135,32361,MBO,MBO,21163607333287238,745332593253679214,8.241176,3.1375349,2.196275,225.76360467089384,-39.33008376348359,2025053100365,141,60827.26345410234,r,225.76359897001933,-39.33007998263361,63.432281494140625,271755.0,4278.29,False,248883.0,0.9175,274392.0,4322.05,False,173.318,8.44086,17.814556141540848,0.017092949126478733,17.910011917360954,4.002535281937128e-06,17.80407138699141,0.0171018322389757,25.80289087067879,0.05287706666224478
2000 QF135,32361,MBO,MBO,21163607333287238,745332593326555262,8.2412615,3.1375349,2.1962767,225.76350794967436,-39.330048331702606,2025053100366,24,60827.26390071638,r,225.76347726964855,-39.33004630959303,31.291112899780273,269928.0,8571.41,False,246154.0,2.93158,269535.0,8634.07,False,172.272,12.9538,17.82188015786795,0.03447693582167155,17.921982756382413,1.293061504400787e-05,17.823462080646546,0.0347796120455918,25.80946324072503,0.08164071705655541
2000 QF135,32361,MBO,MBO,21163607333287238,745332593878630601,8.242469,3.1375372,2.1963017,225.76214433098176,-39.32954809470692,2025053100370,53,60827.2701924343,r,225.76212661911418,-39.32954511256731,167.94415283203125,274656.0,1618.49,False,252345.0,1.83743,277189.0,1627.49,False,1502.36,46.4568,17.80302727288792,0.006398014896583698,17.895013240045394,7.9057016189743e-06,17.793060020775485,0.006374801327898709,23.458064980380676,0.03357372975748601
2000 QF135,32361,MBO,MBO,21163607333287238,745332594261884938,8.24548,3.1375432,2.1963644,225.75874581434755,-39.328295677306606,2025053100373,16,60827.285908251375,g,225.75872982174042,-39.32829004684621,83.84321594238281,165998.0,1976.24,False,159189.0,12.0978,173512.0,1984.88,False,6690.48,11.088,18.349742861137756,0.012925910593430722,18.39521736354913,8.251210658143545e-05,18.301676210632838,0.01242021349187239,21.836356811188985,0.001799369162834199
2000 QF135,32361,MBO,MBO,21163607333287238,745332594551816354,8.245649,3.1375434,2.196368,225.75855390252832,-39.32822471385267,2025053100375,57,60827.28679702729,g,225.7585393202191,-39.32822340220567,81.96099090576172,165143.0,2007.22,False,155887.0,5.31207,170206.0,2032.85,False,3351.29,9.25167,18.355349575606603,0.013196510860926195,18.417975251855854,3.699799601576166e-05,18.322562836231363,0.0129674560082214,22.586969960765828,0.0029973153114625484
2000 QF135,32361,MBO,MBO,21163607333287238,745332594699665449,8.245732,3.1375437,2.1963696,225.758460226437,-39.32819006586866,2025053100376,83,60827.287231362636,g,225.75844434891218,-39.328187439859924,83.64140319824219,159716.0,1903.11,False,151160.0,3.63603,165993.0,1945.04,False,2489.09,7.04635,18.39162893752409,0.012937184832658622,18.451407791887558,2.6116494891326492e-05,18.34977556492204,0.01272222557646601,22.909898461606524,0.003073604023454965
2000 QF135,32361,MBO,MBO,21163607333287238,745332594864292002,8.245819,3.137544,2.1963716,225.75836224269787,-39.32815381811384,2025053100377,141,60827.287685485746,g,225.75834357373728,-39.32815110301965,86.75225067138672,168377.0,1934.37,False,162171.0,2.14358,174427.0,1968.16,False,1489.59,3.64752,18.334293081605132,0.012473292297027127,18.375067013197615,1.4351285804639356e-05,18.295965721624746,0.01225098525954631,23.46733315462116,0.0026586139027227687
2000 QF135,32361,MBO,MBO,21163607333287238,745332594996412528,8.245903,3.1375442,2.1963732,225.7582679369806,-39.32811892471995,2025053100378,137,60827.28812212263,g,225.7582528331239,-39.328120369792295,64.92062377929688,155043.0,2360.13,False,142926.0,1.45583,157335.0,2384.51,False,762.687,3.57778,18.42386959210904,0.01652753404991578,18.512221901265725,1.1059200670802383e-05,18.407936638832005,0.016455009045734895,24.194134123561795,0.005093210226478895
2000 QF135,32361,MBO,MBO,21163607333287238,745332595104415838,8.245988,3.1375442,2.1963751,225.7581723454174,-39.328083549283214,2025053100379,87,60827.288565385796,g,225.7581600227041,-39.32807166704816,53.53757095336914,162840.0,3013.02,False,156259.0,29.4328,166399.0,3088.39,False,554.582,8.29665,18.370597265731593,0.020089320319737928,18.41538739835536,0.00020450826439111892,18.347123219989843,0.02015142351084526,24.54008563424251,0.016242816561133386
2000 QF135,32361,MBO,MBO,21163607333287238,745332595210321991,8.246072,3.1375444,2.1963768,225.75807719431415,-39.32804833057584,2025053100380,33,60827.28900639991,g,225.75806167465103,-39.32804380961532,45.94857406616211,165629.0,3542.15,False,165027.0,13.759,165551.0,3577.12,False,278.971,4.37712,18.3521590505608,0.023219607627016296,18.356112488075535,9.052242512283671e-05,18.35267047894136,0.023459893446727057,25.286102319676374,0.017035453630350153
2000 QF135,32361,MBO,MBO,21163607333287238,745332595397492740,8.246159,3.1375446,2.1963787,225.7579792478244,-39.32801207066848,2025053100381,134,60827.28946052226,g,225.75796727315796,-39.32800489032111,55.89003372192383,161741.0,2860.94,False,153868.0,7.47086,166657.0,2911.08,False,59.5231,7.38389,18.377949690235212,0.019204939217782546,18.43212922801142,5.2716504974937965e-05,18.34544110048526,0.01896509018985363,26.96328611341317,0.13468647679016987
2000 QF135,32361,MBO,MBO,21163607333287238,745332595463028816,8.246245,3.1375446,2.1963804,225.75788174219664,-39.32797596739227,2025053100382,3,60827.28991241548,g,225.7578666911984,-39.32797295018573,63.18034362792969,163946.0,2561.07,False,155294.0,16.8494,166489.0,2615.67,False,33.9999,5.19276,18.36324793725658,0.016960746197773355,18.422113308798846,0.0001178023821779867,18.346536138083557,0.01705774876344116,27.57130587462334,0.16582305797640748
2000 QF135,32361,MBO,MBO,21163607333287238,745332595648102513,8.246332,3.1375449,2.1963823,225.75778359902117,-39.32793962143023,2025053100383,100,60827.290367646194,g,225.7577630618014,-39.32793381560495,59.09233856201172,169857.0,2834.19,False,160708.0,2.84589,172516.0,2882.29,False,14.8727,4.23772,18.324791376640015,0.018116313313823316,18.384906259096965,1.9226708420224828e-05,18.30792655018008,0.01813980528196735,28.469025474677387,0.3093618592838307
2000 QF135,32361,MBO,MBO,21163607333287238,745332595780223104,8.246417,3.137545,2.196384,225.7576878377729,-39.327904151182594,2025053100384,96,60827.29081187231,g,225.75766677120572,-39.3278968815766,64.23516845703125,166496.0,2577.28,False,158243.0,10.958,168756.0,2609.77,False,-22.3353,5.5407,18.346490489460145,0.016806687473619245,18.401688730584766,7.518498467890408e-05,18.331851942974673,0.01679064327370528,nan,nan
2000 QF135,32361,MBO,MBO,21163607333287238,745332595937509392,8.2465,3.137545,2.1963859,225.7575938109904,-39.32786931724008,2025053100385,140,60827.291247313115,g,225.75757188214055,-39.327866106314396,77.10755157470703,167931.0,2166.17,False,156603.0,6.27055,169346.0,2189.83,False,-46.5367,23.1223,18.337172814654604,0.0140050920308804,18.41299980635026,4.3474026126920916e-05,18.328062642639075,0.014039763549706728,nan,nan
2000 QF135,32361,MBO,MBO,21163607333287238,745332596048658509,8.246584,3.1375453,2.1963875,225.75750000854148,-39.32783456034202,2025053100386,96,60827.29168274341,g,225.7574863819119,-39.32783251343898,84.47613525390625,167759.0,1981.58,False,156715.0,1.12908,170139.0,2011.5,False,-56.8506,16.0154,18.338285428337233,0.012824784964810217,18.412223582449226,7.82237243474969e-06,18.322990310274808,0.012836318397727607,nan,nan
2000 QF135,32361,MBO,MBO,21163607333287238,745332596183924756,8.246667,3.1375456,2.1963892,225.75740599936216,-39.32779972077065,2025053100387,98,60827.292118306344,g,225.75738406739157,-39.327797878250955,70.53690338134766,169403.0,2374.83,False,159447.0,5.51711,171558.0,2408.17,False,-74.401,4.04563,18.327697257269637,0.015220739868649842,18.39345911901904,3.756813193397264e-05,18.31397256337471,0.015240544138945681,nan,nan
2000 QF135,32361,MBO,MBO,21163607333287238,745332596476477565,8.246838,3.1375458,2.1963928,225.75721391193505,-39.32772851475568,2025053100389,144,60827.29300956731,g,225.75719515673686,-39.327723474884316,99.97775268554688,164751.0,1637.89,False,154310.0,0.28174,167473.0,1661.33,False,-78.4977,3.45391,18.357929851650297,0.010793964760855057,18.42901482184643,1.9823428744226347e-06,18.340137999869178,0.010770488862908089,nan,nan
2000 QF135,32361,MBO,MBO,21163607333287238,745332596536246352,8.246921,3.137546,2.1963947,225.7571197143386,-39.32769358683737,2025053100390,2,60827.29344604064,g,225.75709734991136,-39.3276900186526,74.58464050292969,168781.0,2241.52,False,157546.0,6.63085,171482.0,2292.44,False,-75.0099,4.59484,18.33169111079824,0.014419273726872264,18.40648154707675,4.569683608412802e-05,18.314453649853906,0.01451455570624538,nan,nan
2000 QF135,32361,MBO,MBO,21163607333287238,745332596691959884,8.247007,3.1375463,2.1963964,225.75702207729677,-39.32765737716798,2025053100391,43,60827.293899363816,g,225.75700763154921,-39.32765727423948,78.81556701660156,166813.0,2095.27,False,152945.0,2.76121,169761.0,2132.8,False,-62.9706,8.1807,18.34442526781487,0.01363748939800466,18.438661790452805,1.96014621443681e-05,18.32540518791287,0.013640696217167675,nan,nan
2000 QF135,32361,MBO,MBO,21163607333287238,745332596942569575,8.247175,3.1375465,2.1964,225.75683286560653,-39.32758718752856,2025053100393,9,60827.294777150746,g,225.75682022250984,-39.32758354551997,72.42310333251953,171325.0,2356.41,False,156852.0,5.16836,174851.0,2428.35,False,-80.7044,4.56973,18.31544814877642,0.014933252910130278,18.411274848242396,3.5775609010618013e-05,18.293329698875258,0.015078824935821527,nan,nan
2000 QF135,32361,MBO,MBO,21163607333287238,745332597224636462,8.247346,3.1375468,2.1964035,225.7566400278064,-39.3275156275364,2025053100395,35,60827.295672652006,g,225.7566255721738,-39.32750548854303,82.725341796875,174305.0,2099.63,False,159616.0,2.70663,176616.0,2134.65,False,-73.3445,3.38914,18.296725387054842,0.013078478416348354,18.392308942183973,1.84109749316472e-05,18.282424888405863,0.01312263149124663,nan,nan
2000 QF135,32361,MBO,MBO,21163607333287238,745332597362000053,8.247703,3.1375475,2.196411,225.7562389606237,-39.32736671453761,2025053100396,41,60827.29753496392,i,225.75622219505584,-39.3273596478064,51.463661193847656,372964.0,7172.51,False,363439.0,21.9464,376478.0,7296.35,False,14.8178,10.5422,17.470832715088747,0.02087990672429593,17.498921177875438,6.55625860354464e-05,17.460650993264846,0.021042163057644548,28.473040709911782,0.7724526344972428
2000 QF135,32361,MBO,MBO,21163607333287238,745332597490974857,8.2477865,3.1375477,2.1964128,225.75614334912837,-39.32733119857059,2025053100397,31,60827.29797805204,i,225.7561308083684,-39.327324232723214,42.4984016418457,360057.0,8351.31,False,336602.0,22.4289,364197.0,8478.42,False,39.3277,9.08946,17.509071853457325,0.02518301035011495,17.58220826972414,7.2346178893077e-05,17.496659089850905,0.025275681755539663,27.413253585872454,0.2509365107793971
2000 QF135,32361,MBO,MBO,21163607333287238,745332597810790445,8.247958,3.137548,2.1964164,225.7559506473611,-39.32725959841888,2025053100399,129,60827.29887339937,i,225.75593276680263,-39.327252941171615,57.95122146606445,350891.0,5927.81,False,340940.0,5.8895,354565.0,6031.0,False,32.4269,9.46885,17.537069427142185,0.01834198653013227,17.56830510795605,1.875533387448799e-05,17.525760342290884,0.01846791152791809,27.622736454293698,0.3170415223400047
2000 QF135,32361,MBO,MBO,21163607333287238,745332603184218287,8.256393,3.1375647,2.1965945,225.74646286620816,-39.32370407859885,2025053100439,138,60827.34317071836,i,225.74644492117898,-39.32370481780675,89.8858642578125,331494.0,3649.38,False,299497.0,5.57611,335309.0,3699.11,False,65.2488,9.47875,17.598810819659885,0.011952746848164705,17.709018808729002,2.0214507608169317e-05,17.586386973884846,0.011977780999062545,26.863568641360956,0.15772584253988128
2000 QF135,32361,MBO,MBO,21163607333287238,745337014251946193,8.395184,3.1378353,2.1994295,225.5967433080716,-39.26819340528521,2025060100536,142,60828.06578333706,i,225.59673057019586,-39.26819194532813,580.8970336914062,330110.0,568.249,False,309015.0,0.747617,331440.0,574.632,False,-10.2923,41.4687,17.603353298542306,0.0018689786376194133,17.67505109707613,2.6267813893656863e-06,17.598987699274407,0.0018823883281686399,nan,nan
2000 QF135,32361,MBO,MBO,21163607333287238,745337014382493845,8.395272,3.1378355,2.1994312,225.59664934245237,-39.26815991898755,2025060100537,135,60828.06622010711,i,225.59663318823527,-39.26815390872769,593.3760375976562,335161.0,560.161,False,381666.0,4.2488,336395.0,559.859,False,-44.252,23.6012,17.586866306176866,0.0018146117533266112,17.445791316593496,1.2086682519733831e-05,17.582876169882603,0.0018069804705845359,nan,nan
2000 QF135,32361,MBO,MBO,21163607333287238,745337014513041882,8.39536,3.1378355,2.1994328,225.59655537430777,-39.26812642809018,2025060100538,128,60828.066657298594,i,225.59654307016774,-39.26812336968754,594.3812255859375,334065.0,559.163,False,312877.0,0.37236,338012.0,574.474,False,-47.4256,46.7469,17.590422557560665,0.0018173216005823599,17.66156590309823,1.2921522627487178e-06,17.577669703142604,0.0018452812901078434,nan,nan
2000 QF135,32361,MBO,MBO,21163607333287238,745337014603219026,8.395449,3.1378357,2.1994348,225.59645989822457,-39.26809239595031,2025060100539,44,60828.06710163594,i,225.5964406786293,-39.26808907505684,604.8912353515625,350980.0,584.532,False,324509.0,1.5999,360225.0,613.727,False,-40.9899,55.0197,17.536794075908865,0.001808215670848687,17.621933134708065,5.35291582625402e-06,17.508565374923343,0.0018498039075704217,nan,nan
2000 QF135,32361,MBO,MBO,21163607333287238,745337014745301461,8.395537,3.137836,2.1994364,225.5963659248576,-39.268058895692576,2025060100540,59,60828.0675382154,i,225.59635074932854,-39.2680561382119,596.4148559570312,340833.0,570.411,False,327929.0,0.869564,343313.0,581.796,False,-59.9473,41.3042,17.568645906945925,0.001817065501155907,17.610550438327596,2.879029038819629e-06,17.560774377822383,0.0018399448994053098,nan,nan
2000 QF135,32361,MBO,MBO,21163607333287238,745337015063544107,8.395713,3.1378362,2.1994398,225.5961781854944,-39.26799195789151,2025060100542,154,60828.06841143481,i,225.59616385482101,-39.2679903150097,590.9483032226562,333074.0,558.827,False,323755.0,0.405736,336687.0,569.871,False,-61.0965,37.7832,17.59364816832636,0.001821633434984962,17.624458789279494,1.3606655157864232e-06,17.581934130155858,0.0018376995428790878,nan,nan
2000 QF135,32361,MBO,MBO,21163607333287238,745337015197761571,8.395803,3.1378365,2.1994417,225.59608097853456,-39.267957293197824,2025060100543,154,60828.06886334386,i,225.59605991120264,-39.26795269610381,581.43408203125,339495.0,586.061,False,326211.0,1.69387,342498.0,600.232,False,27.3981,49.4462,17.572916543800375,0.0018742768459007895,17.616253496047797,5.637749582680254e-06,17.563354900512827,0.0019027661703799456,27.805698887827354,1.9594618299466835
2000 QF135,32361,MBO,MBO,21163607333287238,745337015272210795,8.395895,3.1378367,2.1994436,225.5959831237603,-39.26792239340526,2025060100544,40,60828.069318530775,i,225.59596597617931,-39.267918993048475,584.262451171875,330920.0,567.264,False,321994.0,0.460736,338199.0,584.328,False,202.459,40.7463,17.600692460861655,0.0018611719978820192,17.63038055205832,1.5535623741154215e-06,17.57706920218812,0.0018758957543776771,25.63415728341547,0.21851205884466357
2000 QF135,32361,MBO,MBO,21163607333287238,745337015410098844,8.395986,3.1378367,2.1994452,225.595885911502,-39.26788771869398,2025060100545,47,60828.06977047957,i,225.59586899024126,-39.26788483616299,589.92529296875,334692.0,562.496,False,304521.0,0.514415,336201.0,573.823,False,317.475,48.546,17.588386670684415,0.0018247291285218654,17.69095688180071,1.834090317863403e-06,17.5835024978107,0.00185311883100391,25.14572614946224,0.16602299500799766
2000 QF135,32361,MBO,MBO,21163607333287238,745337015549034552,8.396077,3.137837,2.1994472,225.5957882665809,-39.26785288555645,2025060100546,56,60828.070224183604,i,225.59577229992556,-39.26784895118174,581.1626586914062,339229.0,578.325,False,322667.0,0.651833,341666.0,587.511,False,366.67,43.2986,17.573767569682037,0.0018509868079390648,17.62811362190044,2.1933407666923276e-06,17.56599559183146,0.0018669751996089855,24.989311513858837,0.12821025743050396
2000 QF135,32361,MBO,MBO,21163607333287238,745337015665426861,8.396167,3.1378372,2.1994488,225.5956925548,-39.267818738032034,2025060100547,22,60828.07066938401,i,225.595679332432,-39.267817726627506,578.8300170898438,334920.0,571.009,False,328579.0,0.528876,337199.0,576.805,False,271.823,33.8833,17.58764729365936,0.0018510841822658866,17.60840049114129,1.7475852936342194e-06,17.58028430498127,0.0018572358270141469,25.314284504565123,0.13533927099342974
2000 QF135,32361,MBO,MBO,21163607333287238,745337015800692888,8.396255,3.1378372,2.1994505,225.5955989913756,-39.26778535314466,2025060100548,24,60828.071104922434,i,225.59558170039483,-39.26778101588996,597.6792602539062,337918.0,561.242,False,330872.0,0.999847,340771.0,573.861,False,112.65,41.9427,17.577971684720296,0.0018032799785810871,17.60084995849813,3.280936681122683e-06,17.568843428218923,0.0018283882405354403,26.270671995143744,0.4042495045022625
2000 QF135,32361,MBO,MBO,21163607333287238,745337015993106920,8.396349,3.1378374,2.1994524,225.59549789733416,-39.26774927693196,2025060100549,135,60828.07157424242,i,225.5954811441407,-39.26774688259128,602.218505859375,337315.0,555.056,False,314372.0,1.18527,341279.0,573.253,False,80.7702,53.1263,17.579910864545656,0.001786592436556914,17.656390354951583,4.093527728625015e-06,17.567226086106153,0.001823732273340768,26.63187206889243,0.714138956362912
2000 QF135,32361,MBO,MBO,21163607333287238,745337016129422178,8.396437,3.1378376,2.1994543,225.5954038989732,-39.26771572886365,2025060100550,139,60828.07201104078,i,225.5953871942865,-39.26771338166287,586.94140625,338882.0,572.805,False,332866.0,0.349407,342710.0,582.579,False,18.2014,39.5033,17.574878746158852,0.001835196672630328,17.594326407020336,1.1396892937301205e-06,17.562683057560754,0.0018456627765916134,28.24973796993358,2.3564209853383673
2000 QF135,32361,MBO,MBO,21163607333287238,745337016283037790,8.396524,3.137838,2.199456,225.5953101133653,-39.267682252867175,2025060100551,176,60828.07244781968,i,225.59529369239092,-39.26767892875571,591.7487182617188,337974.0,570.689,False,337342.0,0.998907,339166.0,580.024,False,5.51288,42.6696,17.57779177068786,0.0018333295965218554,17.579823961489602,3.214985170110272e-06,17.573969226183326,0.0018567693758063137,29.546553681830424,8.403580778065695
2000 QF135,32361,MBO,MBO,21163607333287238,745337016399954356,8.396613,3.137838,2.1994576,225.5952156800957,-39.26764854178482,2025060100552,143,60828.07288695569,i,225.59519865767436,-39.267646468695304,615.639404296875,344768.0,555.319,False,324086.0,0.395685,345591.0,588.288,False,3.22559,67.5268,17.556182626175392,0.0017487989332568932,17.623349323484504,1.3256034398216242e-06,17.55359394023135,0.001848212503977611,30.12847709308806,22.729576296001724
2000 QF135,32361,MBO,MBO,21163607333287238,745337016486462017,8.396706,3.1378381,2.1994596,225.595116942262,-39.26761328983784,2025060100553,52,60828.07334546283,i,225.5951007807753,-39.2676111043365,632.4342651367188,341739.0,539.596,False,334768.0,3.39048,346588.0,587.1,False,164.46,89.5258,17.565763639348674,0.0017143461008404842,17.588140155726343,1.099617326796658e-05,17.55046619511124,0.0018391741759849337,25.859849240868364,0.5910336932268478
2000 QF135,32361,MBO,MBO,21163607333287238,745337017205260485,8.399449,3.1378431,2.199514,225.59218306526324,-39.26656378742313,2025060100558,143,60828.0869796785,i,225.59216438095615,-39.26656107481737,571.5504150390625,345051.0,600.801,False,329638.0,0.913609,349750.0,607.501,False,-88.695,20.7284,17.55529177404408,0.001890478291969621,17.6049068237552,3.0091749086702618e-06,17.540605692090338,0.0018858779261753426,nan,nan
2000 QF135,32361,MBO,MBO,21163607333287238,745337017335283987,8.399537,3.1378434,2.1995156,225.59208878531567,-39.26652999429409,2025060100559,135,60828.08741744871,i,225.59207046453068,-39.26652568899656,588.1242065429688,344379.0,581.299,False,336296.0,0.98089,348281.0,584.7,False,-111.404,16.6744,17.557408348491556,0.0018326825453440028,17.58319574569095,3.1668166135020097e-06,17.545175543112443,0.0018227522379219482,nan,nan
2000 QF135,32361,MBO,MBO,21163607333287238,745337017469502117,8.399625,3.1378436,2.1995175,225.59199471903665,-39.266496273431606,2025060100560,135,60828.08785435619,i,225.59197886740478,-39.266495111328105,585.8134765625,345218.0,587.705,False,322106.0,1.52305,347402.0,595.535,False,-113.52,34.5002,17.554766419581597,0.001848375851700776,17.630002963310737,5.133808351974638e-06,17.54791921410008,0.00186122671010149,nan,nan
2000 QF135,32361,MBO,MBO,21163607333287238,745337017555485249,8.399717,3.1378436,2.1995192,225.59189656154277,-39.26646108133802,2025060100561,43,60828.08831060516,i,225.59187977084324,-39.26645863239247,586.2194213867188,349356.0,591.797,False,316589.0,0.0328294,349480.0,590.745,False,-85.7097,21.3004,17.541829483932958,0.0018391996289927148,17.648760447328293,1.1258782941126728e-07,17.54144418240069,0.0018352787827011414,nan,nan
2000 QF135,32361,MBO,MBO,21163607333287238,745337017695994424,8.399808,3.1378438,2.199521,225.59179904828872,-39.2664261155435,2025060100562,55,60828.08876372286,i,225.59178334588864,-39.266423295325914,590.6000366210938,349633.0,594.847,False,310347.0,1.27453,352692.0,602.506,False,-46.6224,34.8532,17.54096895838975,0.0018472138149353047,17.670381121022245,4.458890927719697e-06,17.531510977959563,0.001854770047629392,nan,nan
2000 QF135,32361,MBO,MBO,21163607333287238,745337017851707568,8.399899,3.137844,2.199523,225.59170239454892,-39.26639145333473,2025060100563,96,60828.08921289409,i,225.5916885867132,-39.266390134382085,571.277099609375,347188.0,601.932,False,352869.0,0.462398,348711.0,601.138,False,-59.9079,18.9169,17.548588234832224,0.0018823789204249432,17.530966233246424,1.4227439689663026e-06,17.54383588174681,0.0018716854105148303,nan,nan
2000 QF135,32361,MBO,MBO,21163607333287238,745337018128531765,8.40008,3.1378443,2.1995265,225.59150865254395,-39.26632195920104,2025060100565,112,60828.09011267977,i,225.59148955993027,-39.266319410977026,524.2883911132812,350419.0,668.234,False,318862.0,0.00158704,353492.0,670.702,False,-72.292,18.1449,17.538530885173646,0.002070452391545399,17.64099308550539,5.4039265021381855e-09,17.529051026062113,0.0020600338130183906,nan,nan
2000 QF135,32361,MBO,MBO,21163607333287238,745337018226049160,8.400169,3.1378446,2.1995282,225.5914132864342,-39.2662877451007,2025060100566,42,60828.090555896306,i,225.59139658551334,-39.26628481895462,544.7744140625,349267.0,637.924,False,329564.0,0.955596,350855.0,639.44,False,-68.6665,22.4044,17.542106115314255,0.001983059363974986,17.605150586606314,3.1481751848863335e-06,17.537180825008093,0.0019787751675799446,nan,nan
2000 QF135,32361,MBO,MBO,21163607333287238,745337018362364341,8.400257,3.1378448,2.19953,225.5913192107142,-39.26625398951726,2025060100567,46,60828.09099264318,i,225.5913036710489,-39.26624900478017,570.6290283203125,350885.0,610.86,False,326720.0,0.114836,354815.0,614.789,False,-86.9559,16.2377,17.537087992659465,0.0018901714297681917,17.61456069898296,3.8161607097090425e-07,17.52499507103309,0.0018812583379436594,nan,nan
2000 QF135,32361,MBO,MBO,21163607333287238,745337018485571694,8.400349,3.1378448,2.1995318,225.5912208280254,-39.26621868381736,2025060100568,25,60828.09144915962,i,225.591205231337,-39.266215908949874,573.453369140625,355834.0,619.946,False,328006.0,0.249447,359983.0,623.481,False,-89.191,14.5223,17.521881393392214,0.0018916061975533828,17.610295529874318,8.256972199686573e-07,17.509295020168718,0.0018804663395053506,nan,nan
2000 QF135,32361,MBO,MBO,21163607333287238,745337018747716232,8.400526,3.1378453,2.1995354,225.5910309481519,-39.26615052966113,2025060100570,13,60828.09233161195,i,225.59101107917422,-39.26614797300601,598.6651611328125,355255.0,585.804,False,375333.0,1.97844,353545.0,578.79,False,-70.7954,9.65658,17.523649502311024,0.0017903439196827744,17.46395812475301,5.723088529978921e-06,17.528888250934475,0.0017774632199449838,nan,nan
2000 QF135,32361,MBO,MBO,21163607333287238,745337018946421153,8.400626,3.1378453,2.1995373,225.5909239502813,-39.266112116615375,2025060100571,136,60828.09282860032,i,225.5909072305324,-39.26610940287086,597.2860717773438,356384.0,596.99,False,328202.0,0.0903616,357658.0,598.729,False,-69.0482,22.7761,17.520204505048138,0.0018187506910401787,17.609646941919095,2.989282925379852e-07,17.51633014081563,0.0018175512818943992,nan,nan
2000 QF135,32361,MBO,MBO,21163607333287238,745337019082736125,8.400714,3.1378455,2.1995392,225.59083008370823,-39.26607841305278,2025060100572,140,60828.093264058916,i,225.59081284064348,-39.2660755369558,594.2288208007812,356158.0,597.525,False,330462.0,0.62368,358671.0,600.798,False,-58.659,18.6313,17.520893240282,0.0018215358134741682,17.602196182648054,2.04910686050952e-06,17.513259340921746,0.0018186809408021962,nan,nan
2000 QF135,32361,MBO,MBO,21163607333287238,745337019304510034,8.403437,3.1378505,2.1995935,225.58791765229168,-39.26503041139294,2025060100574,51,60828.10679039168,i,225.58789992903579,-39.26502677714997,588.12060546875,365295.0,621.44,False,332022.0,0.539754,375818.0,620.713,False,10108.4,18.3159,17.49339068045618,0.0018470548727346802,17.597082846748556,1.7650349394729292e-06,17.462556057439024,0.0017932365949682911,21.388293910352015,0.001967298074440945
2000 QF135,32361,MBO,MBO,21163607333287238,745337020133409214,8.405299,3.137854,2.1996307,225.5859246437769,-39.264310609842205,2025060100580,96,60828.11604567485,z,225.58564732827057,-39.264211094128605,473.5181884765625,110293.0,447.99,False,360652.0,50.3858,146132.0,452.909,False,34798.5,109.349,18.793630125468958,0.004410061851311523,17.50727913770492,0.00015168552128617556,18.4881366795058,0.003365037740192341,20.046098690116516,0.0034117610584883666
2000 QF135,32361,MBO,MBO,21163607333287238,745337020251898078,8.405395,3.1378543,2.1996326,225.58582321759383,-39.26427391871607,2025060100581,66,60828.11651645759,z,225.5855746559343,-39.2641875969413,463.4390869140625,140470.0,508.675,False,384345.0,44.4128,182237.0,506.38,False,40679.6,43.4097,18.531041043945898,0.003931706775124409,17.438196910895094,0.00012546171990206206,18.248408606491147,0.003016923592173202,19.876558273594902,0.0011586023332069261
2000 QF135,32361,MBO,MBO,21163607333287238,745337020384543145,8.405482,3.1378543,2.1996343,225.5857291133824,-39.2642398710722,2025060100582,63,60828.116953019664,z,225.5854994558808,-39.26415829114621,466.4232482910156,160747.0,561.348,False,390932.0,66.6441,206834.0,557.701,False,45215.6,52.0655,18.384642808771456,0.00379152252580278,17.419746946619473,0.00018509077861929277,18.11094517266529,0.0029275465104213376,19.761779216986948,0.0012502188321315945
2000 QF135,32361,MBO,MBO,21163607333287238,745337020529770676,8.405575,3.1378546,2.1996362,225.5856302719432,-39.26420410400317,2025060100583,84,60828.1174126019,z,225.5859193716277,-39.2643120672495,472.3123779296875,48797.9,414.963,False,371078.0,21.478,103555.0,416.335,False,54096.1,75.6123,19.678997203018337,0.009232782167778331,17.47633698196571,6.284242908932874e-05,18.86207231749403,0.004365119728940609,19.567085078032946,0.0015175771648916906
2000 QF135,32361,MBO,MBO,21163607333287238,745337023871058039,8.41846,3.1378787,2.1998982,225.57184125953708,-39.25915465236002,2025060100608,57,60828.18152528588,g,225.57182411138427,-39.25915177769071,329.9658203125,158633.0,478.715,False,171411.0,1.64975,161599.0,485.802,False,-36.3233,3.468,18.399016156242364,0.003276482215457712,18.314903278581465,1.044969866337103e-05,18.378903327589,0.0032639609271374655,nan,nan
2000 QF135,32361,MBO,MBO,21163607333287238,745337024028868690,8.418549,3.1378787,2.1999002,225.57174598084572,-39.25911931969804,2025060100609,102,60828.18196958663,g,225.57172738485463,-39.25911593078972,344.3738708496094,159147.0,463.69,False,162231.0,2.193,160661.0,466.733,False,-31.2676,6.47127,18.3955038590813,0.0031633962527413033,18.37466538698675,1.4676723819372091e-05,18.38522383547793,0.0031541501541188103,nan,nan
2000 QF135,32361,MBO,MBO,21163607333287238,745337024163610672,8.418636,3.137879,2.1999018,225.57165220828813,-39.25908453929864,2025060100610,103,60828.18240609738,g,225.57163761990824,-39.25908227873983,333.252685546875,158564.0,479.143,False,170839.0,5.18442,160315.0,484.214,False,-29.1111,4.55913,18.399488517578128,0.0032808387035393616,18.318532448412626,3.2948639437101545e-05,18.387564601593493,0.0032793479024892927,nan,nan
2000 QF135,32361,MBO,MBO,21163607333287238,745337024316703079,8.418725,3.1378791,2.1999037,225.57155736715185,-39.25904935623492,2025060100611,139,60828.18284814872,g,225.57153752264207,-39.259045624841576,356.98638916015625,158202.0,445.176,False,152769.0,0.841294,159730.0,447.054,False,-19.844,3.83553,18.401970076061193,0.0030552312557545823,18.439911910454825,5.979114509180049e-06,18.391533770848802,0.003038769784277682,nan,nan
2000 QF135,32361,MBO,MBO,21163607333287238,745337024650150090,8.418995,3.1378796,2.1999092,225.57126879276336,-39.25894226506792,2025060100614,7,60828.184193467096,g,225.57124831870289,-39.258938763030685,317.1361389160156,156639.0,494.044,False,156521.0,1.22305,158035.0,501.649,False,-24.4416,7.30588,18.412750245285377,0.0034244438769106384,18.413568465225502,8.483907356620775e-06,18.403116798064307,0.003446442035414976,nan,nan
2000 QF135,32361,MBO,MBO,21163607333287238,745337024783843518,8.419084,3.1378796,2.199911,225.57117353976415,-39.25890690331083,2025060100615,6,60828.18463775038,g,225.5711606327443,-39.2589054531047,323.7008361816406,160213.0,494.425,False,157236.0,2.54159,162757.0,500.512,False,-16.9527,10.1008,18.388255618269874,0.003350633904763798,18.40862003232867,1.755002832618152e-05,18.371150809572274,0.003338867097322685,nan,nan
2000 QF135,32361,MBO,MBO,21163607333287238,745337024989364495,8.419182,3.1378798,2.199913,225.5710684233257,-39.25886787236448,2025060100616,142,60828.185127137534,g,225.57105408997234,-39.25886419911278,334.98052978515625,160163.0,475.926,False,157746.0,0.637808,161398.0,479.022,False,-6.84239,6.94121,18.388594512635734,0.003226276252437822,18.40510411111214,4.389913305573773e-06,18.38025462809846,0.0032224162116109793,nan,nan
2000 QF135,32361,MBO,MBO,21163607333287238,745337025223196930,8.419357,3.1378803,2.1999166,225.5708811578,-39.25879831903994,2025060100618,76,60828.18600006528,g,225.57086830852595,-39.258795044267906,332.7010803222656,159516.0,478.811,False,154509.0,0.566847,161379.0,482.806,False,36.0698,5.74416,18.39298937300275,0.003258998739767915,18.427615545670722,3.983239416898903e-06,18.380382450018324,0.0032482538236659115,27.507140624331367,0.17290482448522482
2000 QF135,32361,MBO,MBO,21163607333287238,745337025379434573,8.419444,3.1378803,2.1999185,225.57078742427063,-39.2587634955724,2025060100619,118,60828.18643747299,g,225.5707726117925,-39.25876093140006,341.6120300292969,158801.0,458.89,False,155251.0,1.59171,159176.0,458.561,False,64.0987,9.81104,18.397866917664082,0.0031374708150817498,18.42241398443106,1.1131504102735684e-05,18.39530603265955,0.0031278351310905323,26.88287692101823,0.16618435330242878
2000 QF135,32361,MBO,MBO,21163607333287238,745337025514176706,8.419534,3.1378806,2.1999204,225.5706921936758,-39.25872810950666,2025060100620,119,60828.186881925816,g,225.5706757296003,-39.258726638754766,272.94110107421875,159499.0,582.447,False,153964.0,1.23542,162248.0,590.983,False,127.094,11.106,18.393105088661876,0.003964813688983141,18.431452036042838,8.71203794224532e-06,18.3745516198986,0.003954758198671419,26.13968736397006,0.09487612368897527
2000 QF135,32361,MBO,MBO,21163607333287238,745337025637908597,8.419621,3.1378808,2.199922,225.57059825440965,-39.258693196936505,2025060100621,99,60828.18731983473,g,225.57058134809586,-39.25868880299398,303.3865051269531,159549.0,524.017,False,154028.0,0.252104,162727.0,534.66,False,262.65,10.2575,18.392764783687817,0.0035659531560039482,18.431000809270035,1.7770694648795472e-06,18.37135095511697,0.003567322509958561,25.351556512382746,0.0424022046364692
2000 QF135,32361,MBO,MBO,21163607333287238,745337025750106335,8.419709,3.1378808,2.199924,225.5705045340657,-39.2586583594488,2025060100622,57,60828.18775671756,g,225.57048705946968,-39.25865455965768,303.9136657714844,161863.0,533.567,False,154419.0,1.40289,165076.0,541.631,False,546.884,11.2042,18.37713103642836,0.0035790330562827715,18.428248160786175,9.863866677193444e-06,18.355790157927526,0.003562409836522901,24.555262011370537,0.022243850574298035
2000 QF135,32361,MBO,MBO,21163607333287238,745337025867022395,8.419799,3.137881,2.199926,225.57040845914588,-39.25862264020765,2025060100623,24,60828.188204194164,g,225.57039468535623,-39.25862026983341,287.3785400390625,160150.0,555.282,False,152317.0,0.967709,163308.0,561.036,False,958.943,7.77469,18.3886826425004,0.0037645317025619533,18.44312905659471,6.89796084657385e-06,18.367481349689953,0.0037299894006164046,23.94551802453986,0.008802674025593466
2000 QF135,32361,MBO,MBO,21163607333287238,745337026013298825,8.419888,3.1378813,2.1999276,225.57031346113823,-39.258587314854495,2025060100624,47,60828.18864795215,g,225.57029558970228,-39.25858417203748,308.19549560546875,161470.0,519.694,False,155426.0,0.803566,164864.0,525.099,False,1290.23,10.5049,18.379770386810762,0.003494460632480363,18.42119082432633,5.613350895708902e-06,18.357185418320846,0.0034581169589601108,23.62333217706898,0.008839935830685104
2000 QF135,32361,MBO,MBO,21163607333287238,745337026260238435,8.420071,3.1378815,2.1999314,225.57011768958657,-39.25851449611206,2025060100626,6,60828.189560182276,g,225.5700973204707,-39.258510417076366,255.55136108398438,159195.0,621.412,False,147673.0,0.33059,164196.0,637.493,False,1329.36,5.07455,18.395176441786546,0.004238132433100275,18.47674725567597,2.430596943591906e-06,18.361593567479435,0.0042153841123062285,23.590893494818182,0.004144567975122357
2000 QF135,32361,MBO,MBO,21163607333287238,745337026411757800,8.420158,3.1378818,2.1999333,225.5700239921492,-39.25847963490387,2025060100627,39,60828.18999722732,g,225.57000588092177,-39.258475415993516,296.6723937988281,160291.0,538.936,False,152318.0,0.325001,163173.0,544.989,False,982.446,4.82021,18.38772715419053,0.0036505000227702224,18.443121928482675,2.316635944255187e-06,18.368379254290808,0.003626300327498899,23.919228295879606,0.005326986496631487
2000 QF135,32361,MBO,MBO,21163607333287238,745337026557509817,8.420249,3.137882,2.1999352,225.5699272977012,-39.25844365201746,2025060100628,61,60828.19044815879,g,225.569914890617,-39.25844197466629,318.695556640625,159235.0,500.871,False,153050.0,1.32828,161617.0,503.786,False,757.621,4.2166,18.394903669444627,0.0034151648883666273,18.437916665166615,9.422813823838498e-06,18.378782397612106,0.0033844132196084622,24.201370030369976,0.0060427514394832136
2000 QF135,32361,MBO,MBO,21163607333287238,745337026734194946,8.420341,3.137882,2.199937,225.56982889303043,-39.25840702581173,2025060100629,142,60828.19090764866,g,225.5698085425807,-39.258403877265664,333.0730895996094,160936.0,481.547,False,156301.0,0.495309,163008.0,486.068,False,368.153,4.88243,18.38336699272702,0.003248701403115494,18.41509560848542,3.4406363918459747e-06,18.369477702631244,0.003237519742297001,24.98492909585984,0.014398988690599373
2000 QF135,32361,MBO,MBO,21163607333287238,745337026850062590,8.420428,3.1378822,2.1999388,225.56973478081596,-39.25837199074598,2025060100630,107,60828.19134663328,g,225.56971865794597,-39.25836964900425,386.5554504394531,160708.0,414.936,False,154940.0,0.140734,162833.0,419.807,False,162.914,10.2105,18.384906259096965,0.002803289462216524,18.42459112092324,9.861882096652445e-07,18.370643939256475,0.0027991848478681894,25.870103972813585,0.0680476150743027
2000 QF135,32361,MBO,MBO,21163607333287238,745337026960163082,8.420516,3.1378825,2.1999407,225.5696411020859,-39.25833711072566,2025060100631,61,60828.191783166316,g,225.5696291954301,-39.2583363160244,322.3895263671875,163957.0,508.342,False,156219.0,1.17552,164755.0,507.488,False,125.272,6.72293,18.363175091944054,0.0033662809468169496,18.415665366394244,8.169970117514277e-06,18.35790349131198,0.0033443482882901643,26.15536494473526,0.05826783534032152
2000 QF135,32361,MBO,MBO,21163607333287238,745337027132653641,8.420608,3.1378825,2.1999426,225.5695429266237,-39.25830054962752,2025060100632,134,60828.19224157174,g,225.56952336119178,-39.25829761577194,287.3835754394531,162867.0,565.091,False,154912.0,0.158009,165079.0,571.31,False,97.9366,7.13382,18.37041725807075,0.0037671214020887508,18.42478734759801,1.1074421866693092e-06,18.35577042653703,0.003757546074846853,26.42263744590133,0.07908633478456091
2000 QF135,32361,MBO,MBO,21163607333287238,745337027227549794,8.420702,3.1378827,2.1999445,225.56944175540093,-39.25826286562585,2025060100633,59,60828.19271319906,g,225.5694250782303,-39.25826025017984,304.1737060546875,160918.0,527.575,False,155748.0,0.502888,164197.0,537.05,False,95.2458,4.20384,18.383488434447216,0.0035596222391459367,18.418943803799436,3.5056869714975455e-06,18.36158695505953,0.0035511892148561643,26.45288545844484,0.04792086610517669
2000 QF135,32361,MBO,MBO,21163607333287238,745337027400564784,8.420796,3.137883,2.1999464,225.5693408041272,-39.258225256194,2025060100634,133,60828.19318470171,g,225.56932436313863,-39.258224014651425,333.9577941894531,162675.0,486.023,False,154263.0,0.787453,164959.0,490.9,False,69.3121,6.74784,18.371697961485264,0.0032438468023863382,18.429345567582565,5.542263712364472e-06,18.35655996198636,0.0032310325371089654,26.797977305784432,0.1057012234167991
2000 QF135,32361,MBO,MBO,21163607333287238,745337027466100884,8.420896,3.1378832,2.1999485,225.56923557186968,-39.25818604405159,2025060100635,2,60828.19367508328,g,225.5692231337722,-39.25818510414224,292.71942138671875,161691.0,550.962,False,152375.0,0.196158,165032.0,562.834,False,65.1765,4.1586,18.378285382502334,0.003699645396519115,18.442715703433905,1.397708612450616e-06,18.356079592859686,0.0037028529867189925,26.864772438947057,0.06927562130519781
2000 QF135,32361,MBO,MBO,21163607333287238,745337027629154346,8.421252,3.1378837,2.199956,225.56885412875408,-39.258043841827856,2025060100636,57,60828.19545539722,g,225.56883969757712,-39.258042477031445,395.2457275390625,161820.0,407.506,False,158889.0,1.75814,163743.0,409.957,False,140.58,7.90838,18.377419507908662,0.002734173963939623,18.397265420679837,1.2013897854485198e-05,18.36459314248325,0.0027183156415189987,26.030191138406767,0.06107849202902808
2000 QF135,32361,MBO,MBO,21163607333287238,745337028074799497,8.4215145,3.1378841,2.1999612,225.5685736691981,-39.25793921912389,2025060100639,139,60828.1967647803,g,225.56855657860828,-39.25793542318893,399.6434631347656,162497.0,404.973,False,158111.0,0.508767,163791.0,403.614,False,682.188,6.43669,18.372886631258496,0.002705858196164406,18.402594786378877,3.4936643321495597e-06,18.364274913913384,0.00267547269014352,24.315239829402678,0.010244312906379805
2000 QF135,32361,MBO,MBO,21163607333287238,745337028320166266,8.42169,3.1378846,2.199965,225.5683857923293,-39.257869101564175,2025060100641,95,60828.19764152914,g,225.568369839605,-39.25786653787877,376.62677001953125,162101.0,430.212,False,157782.0,1.35299,164010.0,430.587,False,1618.07,13.8715,18.375535764958563,0.00288151677175383,18.404856358116902,9.3102525104047e-06,18.36282417847195,0.002850459735960319,23.37750677134771,0.009307873133303259
2000 QF135,32361,MBO,MBO,21163607333287238,745337028993351772,8.422894,3.1378868,2.1999898,225.56709798003712,-39.2573877845316,2025060100646,99,60828.203655764686,u,225.56708047654092,-39.25738190581909,77.6456069946289,43525.1,558.602,False,41670.1,0.342234,46529.7,552.34,False,2527.34,12.9512,19.803150517041118,0.01393435931324286,19.85043860258973,8.917084787400624e-06,19.730674387152717,0.012888447047007806,22.893340784835736,0.005563788701738236
2000 QF135,32361,MBO,MBO,21163607333287238,745337029283283003,8.423106,3.1378872,2.1999943,225.56687109807837,-39.25730286221136,2025060100648,140,60828.204715636675,u,225.56685303941197,-39.25730089744234,79.62068939208984,44893.2,562.182,False,40914.6,0.426543,46698.5,563.404,False,1067.33,11.8669,19.769548611048,0.01359629897417578,19.87030418436221,1.1319019553755489e-05,19.726742672898702,0.013099095510414474,23.829253253355787,0.012071546738902133
2000 QF135,32361,MBO,MBO,21163607333287238,745337029384470619,8.423212,3.1378875,2.1999965,225.5667578828024,-39.25726047140143,2025060100649,77,60828.205244792756,u,225.56674207073752,-39.25725626286133,82.762939453125,44426.0,535.985,False,40326.5,0.141602,45593.2,533.849,False,407.597,20.0366,19.780906969324715,0.0130990479404616,19.886023673635037,3.812441254255809e-06,19.752749832047076,0.012712843056542246,24.874422593202805,0.053372480589250926
2000 QF135,32361,MBO,MBO,21163607333287238,745337029528125521,8.423318,3.1378877,2.1999986,225.56664446133084,-39.25721799394378,2025060100650,95,60828.20577404596,u,225.56662141112292,-39.257213356037255,84.2823486328125,44181.0,525.914,False,42332.8,0.0220177,45049.8,523.553,False,270.276,19.3115,19.786911146152015,0.012924195287105334,19.83330749302457,5.647019389979696e-07,19.76576781303278,0.01261804523051204,25.32048128888094,0.07757697775178173
2000 QF135,32361,MBO,MBO,21163607333287238,745337029631410191,8.423425,3.1378877,2.200001,225.56652997802252,-39.25717510922696,2025060100651,36,60828.20630983071,u,225.56651187688874,-39.257161176321794,88.35420989990234,44895.9,505.128,False,41252.5,0.234453,45697.8,502.685,False,140.316,13.7138,19.76948333275478,0.012215720514598875,19.861374317584836,6.170634566730723e-06,19.750261749910145,0.011943316573388676,26.032232055071212,0.10611455743331864
2000 QF135,32361,MBO,MBO,21163607333287238,745337029761957897,8.423531,3.137888,2.2000031,225.56641678652932,-39.25713269893626,2025060100652,29,60828.206838964485,u,225.56639427679613,-39.25712999748794,78.2707290649414,44711.2,570.514,False,44039.5,0.559468,45790.0,569.59,False,72.2487,12.3014,19.773959203930836,0.01385397151112019,19.79039405102601,1.3792950234903878e-05,19.748073391180753,0.013505667482553782,26.752924862214922,0.18486249572024846
2000 QF135,32361,MBO,MBO,21163607333287238,745337029955944538,8.423643,3.1378882,2.2000055,225.5662969705764,-39.25708779633408,2025060100653,143,60828.20739892534,u,225.5662850884163,-39.25708420735899,82.8733139038086,45037.0,541.458,False,43224.2,1.13561,46120.8,538.841,False,58.6493,18.657,19.766076365931212,0.013053279801901577,19.810682609542244,2.8525059962493343e-05,19.740257901976577,0.012684931226452818,26.979342924442243,0.34538485635059113
2000 QF135,32361,MBO,MBO,21163607333287238,745337030081773652,8.423749,3.1378884,2.2000077,225.5661837955421,-39.2570453727909,2025060100654,127,60828.207927113006,u,225.56616919800524,-39.25704205291618,95.43128967285156,44438.2,465.847,False,42561.7,0.380854,45004.3,468.693,False,60.0825,53.3716,19.78060887102042,0.011381805433962496,19.827452604355628,9.715471788166195e-06,19.76686495354416,0.011307296030842654,26.953130003907358,0.9644651801077533
2000 QF135,32361,MBO,MBO,21163607333287238,745337030190825525,8.423855,3.1378887,2.2000098,225.56607105640543,-39.25700310325605,2025060100655,79,60828.208454059015,u,225.5660572244027,-39.25699898190909,81.96005249023438,44451.6,542.054,False,41506.9,0.651864,45294.2,542.148,False,105.353,12.8807,19.780281467655342,0.01323974051646378,19.854699294101525,1.705143876242274e-05,19.7598935351776,0.012995697754307095,26.34338276531392,0.13274460978686756
2000 QF135,32361,MBO,MBO,21163607333287238,745337030603964420,8.424173,3.1378891,2.2000165,225.56572989323493,-39.25687513305443,2025060100658,99,60828.21004909068,u,225.56570862096982,-39.25687143162067,94.62730407714844,43958.3,464.703,False,41996.2,0.262378,44452.7,458.459,False,99.1201,10.994,19.792397759205848,0.011477806597924587,19.841975031922885,6.783311514376556e-06,19.780254657588326,0.011197645128749855,26.40959565007842,0.12042546441140621
2000 QF135,32361,MBO,MBO,21163607333287238,745337030827835525,8.424385,3.1378896,2.2000208,225.5655034191923,-39.25679013521827,2025060100660,14,60828.211108753036,u,225.56548794981322,-39.256782939443426,79.6771469116211,44733.6,559.656,False,43143.7,0.33335,45737.4,556.73,False,83.7383,12.0745,19.773415336965357,0.013583498009273467,19.812706551107894,8.388946089759544e-06,19.749321354699784,0.013215922127604246,26.592689695558406,0.15655587039670268
2000 QF135,32361,MBO,MBO,21163607333287238,745337030979354650,8.424492,3.1378899,2.2000232,225.56538987385548,-39.25674750630657,2025060100661,47,60828.21163931472,u,225.56537111742483,-39.25674290421508,85.67594909667969,43510.3,507.43,False,40990.0,0.107865,44462.8,507.538,False,62.3885,10.114,19.80351978618411,0.01266217664635552,19.868305204208745,2.8571098770397003e-06,19.780007959719494,0.012393559697351487,26.912238636131516,0.17601218630406046
2000 QF135,32361,MBO,MBO,21163607333287238,745337031159709712,8.424599,3.13789,2.2000253,225.5652750540556,-39.25670438921056,2025060100662,135,60828.212176432426,u,225.56526262917717,-39.25669876721747,95.99324035644531,45696.9,475.603,False,43261.4,0.215438,46453.4,475.545,False,66.3529,11.7054,19.750283188949545,0.011300097170749927,19.8097486149311,5.406871663213185e-06,19.732456270986166,0.011114718307754208,26.84535026665071,0.19153612772580397
2000 QF135,32361,MBO,MBO,21163607333287238,745337031379386417,8.424812,3.1378903,2.2000299,225.56504715072327,-39.25661877808614,2025060100664,42,60828.21324288734,u,225.5650322102061,-39.25661651684473,94.86898040771484,44407.7,466.865,False,41246.2,0.322879,45156.1,461.645,False,103.56,14.2836,19.781354318050127,0.011414512157781175,19.861540162292677,8.49924143664329e-06,19.763208897103258,0.011099821751077727,26.362019921188928,0.1497510801549155
2000 QF135,32361,MBO,MBO,21163607333287238,745337031523565572,8.424921,3.1378906,2.200032,225.56493043290735,-39.256574918516826,2025060100665,61,60828.21378864703,u,225.5649117929159,-39.256574260649025,89.166259765625,43076.8,481.935,False,40027.9,0.319485,43875.4,478.083,False,111.941,14.4954,19.81439139566832,0.012147008730907016,19.894093027045262,8.665866917362091e-06,19.794447316576154,0.011830594113033686,26.277527025995525,0.14059353393277393
2000 QF135,32361,MBO,MBO,21163607333287238,745337031700774985,8.425031,3.1378908,2.2000344,225.564813724244,-39.25653105227931,2025060100666,143,60828.21433446473,u,225.56479826936496,-39.25652657816583,85.50765228271484,43904.1,513.351,False,41801.4,0.631943,44575.9,507.892,False,109.108,11.3361,19.793737264158153,0.012695027592564589,19.84702297238475,1.641388581376475e-05,19.7772497368977,0.012370737326241011,26.30535849542128,0.11280578500592643
2000 QF135,32361,MBO,MBO,21163607333287238,745337031814545518,8.425136,3.137891,2.2000365,225.5647008717991,-39.2564886258271,2025060100667,104,60828.214862576104,u,225.56468775346139,-39.256482484469814,92.61781311035156,43713.9,470.66,False,42828.3,1.09124,44345.2,464.627,False,101.295,11.5704,19.798451152707607,0.011689934422988303,19.820672889887973,2.7663923317682256e-05,19.782883474285228,0.01137580572124374,26.386029997686606,0.12401799367256722
2000 QF135,32361,MBO,MBO,21163607333287238,745337031926218801,8.425241,3.1378913,2.2000387,225.56458781413733,-39.25644611273803,2025060100668,61,60828.21539188754,u,225.56457466050412,-39.25644773026915,90.53312683105469,43290.3,476.73,False,41801.0,0.575039,44107.9,471.785,False,107.817,14.1697,19.809023491739726,0.011956558940028957,19.847033321322755,1.4936022895769648e-05,19.788709085249057,0.011613204833681298,26.318281877855277,0.1426913728767704
2000 QF135,32361,MBO,MBO,21163607333287238,745337032098709577,8.42535,3.1378915,2.200041,225.5644715596956,-39.256402387656586,2025060100669,134,60828.21593522885,u,225.5644557112343,-39.25639666671261,94.0850830078125,44229.7,468.306,False,42452.6,0.435797,44855.2,468.704,False,107.917,47.1062,19.78571503503073,0.011495822667155773,19.830239225881165,1.1145620522815727e-05,19.770468025298605,0.011345148875633523,26.31727534229792,0.47392818710400914
2000 QF135,32361,MBO,MBO,21163607333287238,745337032191508580,8.425461,3.1378915,2.2000434,225.56435339134416,-39.25635793242474,2025060100670,55,60828.21648816911,u,225.56434251632285,-39.25635675988079,98.4346923828125,43903.6,445.509,False,41878.1,0.883117,44441.5,440.581,False,67.5763,22.7032,19.79374962908932,0.01101743903795216,19.845032535464007,2.289578767944958e-05,19.780528227684755,0.010763694653345661,26.82551395170649,0.3647681948178212
2000 QF135,32361,MBO,MBO,21163607333287238,745337032455749715,8.426022,3.1378927,2.2000551,225.56375457638177,-39.25613249689671,2025060100672,47,60828.21929123738,u,225.56373991545354,-39.256130193197976,93.44877624511719,45153.5,484.467,False,41980.6,0.355952,46151.4,484.993,False,-61.028,9.99643,19.763271451040982,0.011649227043499756,19.842378356177612,9.205917813735185e-06,19.739537837110447,0.01140971865296272,nan,nan
2000 QF135,32361,MBO,MBO,21163607333287238,745337032617230423,8.426128,3.137893,2.2000573,225.5636400970997,-39.25608936851258,2025060100673,99,60828.21982715353,u,225.5636254204193,-39.256086965348075,88.82270050048828,44586.9,501.87,False,42529.8,0.508409,45191.1,498.805,False,-54.612,16.7406,19.776981842692237,0.012221043465141027,19.828266629025336,1.2979089327159646e-05,19.762367680823107,0.011984010589191072,nan,nan
2000 QF135,32361,MBO,MBO,21163607333287238,745337032751448112,8.426234,3.137893,2.2000594,225.56352733535397,-39.25604687762404,2025060100674,99,60828.22035526454,u,225.56350784125894,-39.25604208620599,91.4344711303711,45236.5,492.87,False,42231.4,0.262565,45993.1,489.708,False,-41.5203,14.8717,19.761277510774967,0.011829535838044343,19.835911343108705,6.750340338576717e-06,19.74326825655737,0.011560292647789579,nan,nan
2000 QF135,32361,MBO,MBO,21163607333287238,745337032907161677,8.426341,3.1378932,2.2000618,225.56341266084624,-39.25600365623258,2025060100675,140,60828.2208923231,u,225.56339630156828,-39.255996189741964,88.43411254882812,44944.6,506.502,False,42286.8,0.746174,45560.0,505.258,False,-2.15088,18.0293,19.768306163186995,0.012235675819527883,19.834487925676495,1.9158415577311386e-05,19.753540711482344,0.012040757211860868,nan,nan
2000 QF135,32361,MBO,MBO,21163607333287238,745337033009922103,8.426447,3.1378934,2.200064,225.5632997037124,-39.25596107252548,2025060100676,80,60828.22142188365,u,225.5632880479668,-39.255955955750494,81.960693359375,44645.6,544.24,False,40846.9,0.516483,45300.1,541.658,False,38.0248,20.9712,19.775553302253726,0.01323537013265374,19.87210228617758,1.372844263124206e-05,19.759752060752472,0.012982260583266406,27.44983267249403,0.5987984818362364
2000 QF135,32361,MBO,MBO,21163607333287238,745337033152004172,8.426553,3.1378937,2.200066,225.56318654208164,-39.25591840216508,2025060100677,95,60828.221951134125,u,225.56316819981504,-39.25591003575606,92.4135971069336,44684.0,485.56,False,42308.5,0.533516,45298.1,480.138,False,29.1213,14.1585,19.77461989214916,0.011798184337383274,19.833930929538152,1.3691282506398872e-05,19.759799997076485,0.011508279429570263,27.73947311367058,0.5278746444663369
2000 QF135,32361,MBO,MBO,21163607333287238,745337033255288885,8.426659,3.137894,2.2000685,225.56307360322035,-39.25587580626089,2025060100678,36,60828.22248031675,u,225.56305088603392,-39.25587469788449,85.2388687133789,45316.2,529.469,False,42990.4,0.387159,45841.9,528.366,False,-3.71625,13.2359,19.759366306572804,0.012685610579571537,19.816571324494888,9.777823598215379e-06,19.74684351338601,0.012514013279000728,nan,nan
2000 QF135,32361,MBO,MBO,21163607333287238,745337033385836598,8.4267645,3.1378942,2.2000706,225.56296067339235,-39.25583320422606,2025060100679,29,60828.22300965639,u,225.56294049769548,-39.25583690336118,70.12036895751953,43450.9,619.055,False,40007.7,0.254705,43868.9,613.611,False,-42.7017,16.9439,19.80500309795689,0.015468734651164238,19.894641058776457,6.912230852892037e-06,19.794608176839333,0.015186606616161129,nan,nan
2000 QF135,32361,MBO,MBO,21163607333287238,745337033579823161,8.426874,3.1378942,2.2000728,225.56284305676803,-39.25578882398471,2025060100680,143,60828.22356095805,u,225.56282053849094,-39.25578454001059,83.93839263916016,45920.3,547.111,False,43353.4,0.727876,46344.2,542.278,False,-72.4709,17.0677,19.744988189852222,0.012935852673699597,19.80744213215895,1.822882086438151e-05,19.735011544033057,0.012704305695287679,nan,nan
2000 QF135,32361,MBO,MBO,21163607333287238,745337033707225105,8.42698,3.1378944,2.2000751,225.56273035919125,-39.25574629013271,2025060100681,130,60828.22408890087,u,225.56271888684148,-39.2557431237539,82.59019470214844,46090.3,558.27,False,42746.0,0.0346666,46655.8,555.351,False,-60.0828,26.5826,19.74097614424658,0.013151009257086201,19.822761296445027,8.805217896131212e-07,19.727735880293686,0.012923681327207141,nan,nan
2000 QF135,32361,MBO,MBO,21163607333287238,745337033835151376,8.427086,3.1378946,2.2000773,225.5626172439948,-39.25570358910195,2025060100682,118,60828.224618245134,u,225.56259721449598,-39.255700765207386,83.19125366210938,45303.5,545.114,False,41587.9,0.0468039,46086.2,547.973,False,-60.2484,25.9075,19.75967061130518,0.013064112493837621,19.85258256324115,1.2219104522257162e-06,19.741072767895886,0.012909594624902904,nan,nan
2000 QF135,32361,MBO,MBO,21163607333287238,745337034336370725,8.427509,3.1378953,2.200086,225.56216423661735,-39.25553248256056,2025060100686,50,60828.22674156445,u,225.56214201895276,-39.255530029863436,95.05461120605469,44705.9,468.096,False,42666.0,0.285909,45189.5,473.879,False,-117.977,52.1941,19.774087932110888,0.011368271330581511,19.824795177440222,7.275623432543453e-06,19.762406159752448,0.011385556038215222,nan,nan
2000 QF135,32361,MBO,MBO,21163607333287238,745337034451714126,8.427617,3.1378956,2.2000885,225.56204924845449,-39.25548902560973,2025060100687,14,60828.2272806609,u,225.56202861036627,-39.2554860904549,89.51123046875,46500.9,519.866,False,42681.0,0.261453,46687.9,512.722,False,-106.336,20.5689,19.73134664021172,0.012138203497286646,19.824413534424316,6.65094517149634e-06,19.726989186319827,0.0119234499853689,nan,nan
2000 QF135,32361,MBO,MBO,21163607333287238,745337034602709015,8.427723,3.1378958,2.2000906,225.5619361899735,-39.25544628826206,2025060100688,46,60828.22781006191,u,225.56191733947213,-39.255443096196366,92.58927154541016,45084.2,487.665,False,42090.3,0.196252,45439.8,484.162,False,-89.383,13.1904,19.764939099544105,0.011744149053238622,19.839544926829134,5.0623992059280106e-06,19.75640895335447,0.011568541004723223,nan,nan
2000 QF135,32361,MBO,MBO,21163607333287238,745337034783588366,8.42783,3.137896,2.2000928,225.561822714356,-39.25540338358514,2025060100689,135,60828.22834285549,u,225.56180568117964,-39.25539727190196,93.4261474609375,44052.2,466.538,False,40862.0,0.014634,44423.3,465.199,False,-72.8674,17.9001,19.790081013548317,0.011498567617100641,19.871700951349798,3.8883715358188715e-07,19.780972938094227,0.011369785526990356,nan,nan
2000 QF135,32361,MBO,MBO,21163607333287238,745337034862231582,8.427936,3.1378963,2.2000952,225.56170946182152,-39.25536055361555,2025060100690,29,60828.2288731045,u,225.56168645880257,-39.255356143839506,92.1592788696289,46385.6,501.993,False,44864.2,0.679192,46973.7,503.152,False,-57.5371,56.4306,19.73404201695159,0.011750025196055072,19.770250198918895,1.6436788449947512e-05,19.72036309352579,0.011629706851484067,nan,nan
2000 QF135,32361,MBO,MBO,21163607333287238,745337035003265106,8.428041,3.1378965,2.2000973,225.5615966453595,-39.25531787898301,2025060100691,42,60828.229402733734,u,225.5615833696444,-39.25531506753443,94.64165496826172,45037.1,476.446,False,42082.2,0.128786,45545.1,473.798,False,-38.7152,32.1559,19.766073917500833,0.011485967557960748,19.83975393000116,3.3227260667873708e-06,19.753895812851088,0.011294730480341577,nan,nan
2000 QF135,32361,MBO,MBO,21163607333287238,745337035145871452,8.428148,3.1378965,2.2000995,225.56148234590697,-39.25527463363456,2025060100692,58,60828.22993857999,u,225.56146884256748,-39.255269794232326,86.68852233886719,43747.1,505.007,False,41441.1,0.432738,43632.3,497.214,False,-32.5687,18.369,19.797626789010522,0.012533501683866894,19.856421772385048,1.1337520063390727e-05,19.800479713908402,0.012372559319205376,nan,nan
2000 QF135,32361,MBO,MBO,21163607333287238,745337035324653617,8.428257,3.1378968,2.2001019,225.56136613735336,-39.25523065591022,2025060100693,143,60828.23048306469,u,225.5613554113341,-39.255230464728854,81.86235809326172,43136.8,527.081,False,39989.2,0.470775,43533.5,521.156,False,-46.705,12.1846,19.812880168167737,0.013266420023827653,19.8951432312491,1.278188812693506e-05,19.80294103773587,0.012997759056557898,nan,nan
2000 QF135,32361,MBO,MBO,21163607333287238,745337035438424107,8.428364,3.137897,2.200104,225.5612522843448,-39.255187559768885,2025060100694,104,60828.23101794704,u,225.5612316871241,-39.25518735408256,85.49723815917969,44242.8,515.388,False,41779.7,0.499471,44825.2,510.393,False,-63.4856,12.2656,19.7853934697794,0.012647829742848789,19.847586727315036,1.2979838715869783e-05,19.771194429015033,0.012362514260838123,nan,nan
2000 QF135,32361,MBO,MBO,21163607333287238,745337035550097414,8.42847,3.1378973,2.2001064,225.56113929388465,-39.25514478048719,2025060100695,61,60828.231547046715,u,225.56112575557586,-39.25513788384697,82.8768081665039,45012.8,536.937,False,42375.0,0.240952,45678.8,532.24,False,-73.9597,13.2529,19.766659909000232,0.01295124816006834,19.83222572197215,6.1736946320400205e-06,19.750713265677533,0.012650774913836533,nan,nan
2000 QF135,32361,MBO,MBO,21163607333287238,745337035726258298,8.428577,3.1378975,2.2001085,225.5610233290516,-39.25510086509479,2025060100696,141,60828.23209182689,u,225.56100536918902,-39.255098529501005,92.55569458007812,44154.6,477.53,False,41400.0,0.14608,44463.5,479.628,False,-70.0367,52.3603,19.787560074549827,0.01174218745466203,19.85749914719775,3.8310228784395995e-06,19.779990885645677,0.011711841720579442,nan,nan
2000 QF135,32361,MBO,MBO,21163607333287238,745337035815387191,8.428687,3.1378977,2.200111,225.5609063089251,-39.25505653981198,2025060100697,55,60828.23264072521,u,225.5608971731659,-39.25505411609348,93.80223083496094,44559.7,473.74,False,43109.5,0.531897,45065.5,467.872,False,-54.2568,15.5067,19.777644373360392,0.011543090910784036,19.8135675355642,1.339611545582964e-05,19.765389515225237,0.011272161180178706,nan,nan
2000 QF135,32361,MBO,MBO,21163607333287238,745345747913801877,8.815124,3.13861,2.2083564,225.17501371337664,-39.10220947333757,2025060300071,104,60830.14386858969,i,225.17499764856422,-39.10220681702325,584.4871826171875,339531.0,576.922,False,366873.0,7.22324,338904.0,573.027,False,-116.088,17.6507,17.57280141859631,0.0018448539295104179,17.488710622371414,2.137669731392634e-05,17.57480826315533,0.0018357887065873627,nan,nan
2000 QF135,32361,MBO,MBO,21163607333287238,745345748069515893,8.815224,3.1386101,2.2083585,225.17491672820097,-39.10217059812536,2025060300072,145,60830.14434140123,i,225.17490285943646,-39.102165647137596,582.4443359375,334289.0,572.366,False,353032.0,4.84205,336413.0,573.951,False,-131.382,17.7891,17.589694784796613,0.0018589858439578791,17.530464817312684,1.4891536949216637e-05,17.582818075294874,0.0018523641127536886,nan,nan
2000 QF135,32361,MBO,MBO,21163607333287238,745345748203733668,8.815323,3.1386101,2.2083607,225.17482118109243,-39.10213229270808,2025060300073,145,60830.144807851495,i,225.17480418665986,-39.10212765760421,585.476806640625,339563.0,576.804,False,354170.0,4.25901,338586.0,573.652,False,-156.138,20.2186,17.57269909532861,0.0018443028343608724,17.526970571347675,1.3056332206711018e-05,17.575827508128597,0.0018395170531128203,nan,nan
2000 QF135,32361,MBO,MBO,21163607333287238,745345748335854212,8.815422,3.1386104,2.2083628,225.17472543162725,-39.10209389954773,2025060300074,141,60830.14527409608,i,225.1747090067574,-39.10209086918212,588.4813232421875,332885.0,564.644,False,345722.0,2.37197,330793.0,555.756,False,-141.915,9.15696,17.594264434937998,0.0018416402480859694,17.55318245818335,7.449145957117411e-06,17.601109223112655,0.0018241147486980165,nan,nan
2000 QF135,32361,MBO,MBO,21163607333287238,745345748439138500,8.815533,3.1386106,2.2083652,225.17461861376557,-39.10205106040481,2025060300075,82,60830.145795130025,i,225.1746035326123,-39.10204840721313,579.5860595703125,335507.0,576.212,False,327280.0,0.471835,336215.0,573.654,False,-150.743,8.6093,17.585746035759385,0.0018646830110212755,17.612701333774204,1.5652906639388483e-06,17.583457286789937,0.0018524958963516238,nan,nan
2000 QF135,32361,MBO,MBO,21163607333287238,745345748602192639,8.815639,3.1386108,2.2083673,225.17451630974452,-39.10201002377608,2025060300076,137,60830.14629471342,i,225.1744960707423,-39.10200631606658,580.7215576171875,340237.0,580.258,False,357806.0,1.64733,343034.0,582.572,False,-184.761,18.7355,17.570546149045022,0.0018516713759210227,17.515880952706667,4.998702849595684e-06,17.561657081229882,0.0018438975017191202,nan,nan
2000 QF135,32361,MBO,MBO,21163607333287238,745345748688699398,8.815754,3.1386108,2.20837,225.17440560360805,-39.10196560829155,2025060300077,46,60830.14683445828,i,225.17438860620214,-39.101959364817674,573.5509033203125,334684.0,581.301,False,339257.0,0.853345,333241.0,573.611,False,-151.034,7.6815,17.588412622883595,0.0018857775368097257,17.573677956591272,2.7309901831679224e-06,17.593103927389294,0.001868888447292839,nan,nan
2000 QF135,32361,MBO,MBO,21163607333287238,745345748806664608,8.815857,3.138611,2.208372,225.17430638135787,-39.10192579258446,2025060300078,15,60830.14731800559,i,225.17429022053298,-39.10192352597638,573.1416015625,327529.0,568.946,False,337731.0,0.751262,326195.0,564.388,False,-139.673,7.48814,17.611875601910363,0.0018860169733292194,17.578572685167195,2.4151539615456924e-06,17.616306750552752,0.0018785587935473437,nan,nan
2000 QF135,32361,MBO,MBO,21163607333287238,745345749019001203,8.815978,3.1386113,2.2083747,225.1741893276213,-39.1018788122689,2025060300079,164,60830.14788953394,i,225.1741736971188,-39.101875469403915,579.9954833984375,330782.0,565.946,False,344977.0,1.45198,332493.0,565.549,False,-126.74,11.8567,17.60114532815971,0.0018576223755926002,17.55552464714332,4.5697749383596716e-06,17.59554373374711,0.0018467668103030195,nan,nan
2000 QF135,32361,MBO,MBO,21163607333287238,745345749240250755,8.816182,3.1386118,2.208379,225.17399253983547,-39.10179980759303,2025060300081,74,60830.14884984063,i,225.17397553450138,-39.10179602180876,577.4971313476562,327341.0,561.296,False,346919.0,0.430509,328674.0,560.608,False,-114.213,12.9821,17.612498987962866,0.001861726490271593,17.549429785353112,1.3473439300758828e-06,17.608086624364958,0.0018519030133156628,nan,nan
2000 QF135,32361,MBO,MBO,21163607333287238,745345749375517215,8.816281,3.1386118,2.2083812,225.1738966103909,-39.10176128438272,2025060300082,76,60830.14931710527,i,225.1738819225323,-39.101759465429645,564.74267578125,330132.0,579.246,False,354584.0,5.77525,331052.0,576.325,False,-141.797,9.77411,17.60328094265912,0.001905020788390519,17.525702162732298,1.7683815318711735e-05,17.600259460127702,0.0018901469601779923,nan,nan
2000 QF135,32361,MBO,MBO,21163607333287238,745345749511831936,8.81638,3.138612,2.2083833,225.17380150377355,-39.10172308493818,2025060300083,80,60830.149781497574,i,225.17378476019852,-39.10172028103524,564.4290161132812,326224.0,575.291,False,334667.0,0.613092,327321.0,573.04,False,-155.216,8.05643,17.616210228685794,0.0019146791282558524,17.58846777336663,1.9890105297228815e-06,17.612565326696753,0.0019007953993727565,nan,nan
2000 QF135,32361,MBO,MBO,21163607333287238,745345749659157109,8.8164835,3.1386123,2.2083857,225.1737010712473,-39.10168273913535,2025060300084,105,60830.15027192823,i,225.17368507625957,-39.1016808905055,572.1871337890625,326223.0,566.09,False,339179.0,1.76319,324585.0,559.005,False,-138.945,7.56673,17.616213556883196,0.0018840622436477016,17.5739276114573,5.6440972247142995e-06,17.621678885086475,0.001869870673143443,nan,nan
2000 QF135,32361,MBO,MBO,21163607333287238,745345749792325930,8.816584,3.1386123,2.2083879,225.17360474124047,-39.10164403442503,2025060300085,103,60830.15074167204,i,225.17358938017102,-39.10164211092106,562.5323486328125,327347.0,578.718,False,332751.0,1.76065,326753.0,573.875,False,-116.976,6.80189,17.612479087133075,0.001919477203183233,17.594701576719398,5.744840709558238e-06,17.614451040910513,0.001906874197040491,nan,nan
2000 QF135,32361,MBO,MBO,21163607333287238,745345749908717689,8.8167,3.1386125,2.2083902,225.17349242852225,-39.101598899339656,2025060300086,69,60830.15128934033,i,225.17347540957056,-39.10159595688719,554.1792602539062,325449.0,584.151,False,305492.0,0.0413354,324607.0,578.99,False,-103.421,6.55633,17.618792646417926,0.001948796557389807,17.68750039564315,1.4690839867726697e-07,17.621605297622324,0.0019365891511582214,nan,nan
2000 QF135,32361,MBO,MBO,21163607333287238,745345750211756496,8.816905,3.138613,2.2083948,225.17329466214863,-39.101519400367685,2025060300088,135,60830.15225463029,i,225.1732806345761,-39.101518576802654,567.9613037109375,324038.0,568.789,False,327328.0,1.19219,319511.0,558.54,False,-95.6708,7.25258,17.6235101425189,0.0019058098487171429,17.612542107678827,3.954455168542541e-06,17.63878546381821,0.0018979849706241639,nan,nan
2000 QF135,32361,MBO,MBO,21163607333287238,745345750283059622,8.817018,3.1386132,2.2083972,225.17318564038592,-39.1014755629552,2025060300089,15,60830.152786199236,i,225.17317033212183,-39.10147247551291,559.2050170898438,325260.0,579.254,False,313561.0,0.859563,324065.0,573.692,False,-32.5857,6.67374,17.619423355839405,0.0019335825810101277,17.659194897957462,2.9763225076595445e-06,17.623419678881035,0.0019220779559811095,nan,nan
2000 QF135,32361,MBO,MBO,21163607333287238,745345750430908867,8.817118,3.1386132,2.2083993,225.17308953256463,-39.10143691089884,2025060300090,41,60830.153255886624,i,225.1730705879249,-39.101431826674535,556.2921142578125,317794.0,563.731,False,324669.0,1.9208,318656.0,561.801,False,13.402,12.4738,17.644635766496,0.0019259746126731668,17.621397941598385,6.4234099042652735e-06,17.641694749351633,0.0019141886960761531,28.58207593138777,1.0105398835561301
2000 QF135,32361,MBO,MBO,21163607333287238,745345750599729674,8.817221,3.1386135,2.2084017,225.17298994461575,-39.10139685198715,2025060300091,107,60830.15374185756,i,225.17297336669725,-39.10139343631648,559.8727416992188,322229.0,569.391,False,330868.0,0.879179,321474.0,565.337,False,64.434,7.07038,17.62958844119163,0.0019185374805521312,17.600863084332506,2.885006926299311e-06,17.632135364883126,0.001909351368234975,26.8772122999776,0.11913846729637582
2000 QF135,32361,MBO,MBO,21163607333287238,745345750998712397,8.818895,3.1386163,2.208438,225.17137370558075,-39.10074568598976,2025060300094,100,60830.16163155559,y,225.171357095357,-39.10074279135377,237.2672119140625,370572.0,1547.94,False,370069.0,11.3402,376614.0,1537.21,False,2350.89,200.31,17.477818496439784,0.004535297964163356,17.479293233579526,3.327073105221266e-05,17.46025884960789,0.004431605062224648,22.971919278065528,0.0925112729485906
2000 QF135,32361,MBO,MBO,21163607333287238,745345751136076003,8.818999,3.1386166,2.20844,225.1712737749852,-39.100705360145255,2025060300095,106,60830.162119257664,y,225.17126609330884,-39.10070378884305,231.33473205566406,368710.0,1577.17,False,379447.0,13.5362,366998.0,1539.16,False,2114.9,109.477,17.48328770869745,0.004644274952595253,17.452122191153666,3.873200195984429e-05,17.48834075620445,0.0045534901389807205,23.086775457115372,0.05620272595740971
2000 QF135,32361,MBO,MBO,21163607333287238,745345755660681553,8.8452835,3.1386628,2.2090228,225.14598496458152,-39.09023686034065,2025060300129,32,60830.28672204193,y,225.14568150563088,-39.09010963975878,199.05563354492188,67709.0,1360.5,False,292568.0,3.05709,119644.0,1349.65,False,51729.1,383.458,19.3233840007187,0.02181606738503648,17.73443294282186,1.1345032067758202e-05,18.705272689601458,0.012247700639054535,19.615662661015616,0.008048356331559994
2000 QF135,32361,MBO,MBO,21163607333287238,745350147468165307,9.008476,3.1389527,2.2126672,224.99539896609255,-39.02607195292838,2025060400082,164,60831.0681333331,i,224.99538223678223,-39.02606975563587,548.5787353515625,331804.0,602.836,False,328969.0,0.703809,334354.0,601.102,False,2310.97,8.51348,17.597795956813982,0.001972612955664,17.607112563356523,2.322866098026595e-06,17.589483692020554,0.0019519377456811758,22.99051424452665,0.003999789605280275
2000 QF135,32361,MBO,MBO,21163607333287238,745350147565159004,9.008581,3.1389527,2.2126696,224.99530303023377,-39.0260326404612,2025060400083,93,60831.068613880816,i,224.9952876905426,-39.02603035083396,549.698486328125,333807.0,601.421,False,329978.0,0.988893,337500.0,600.351,False,2921.48,7.5721,17.59126140079638,0.0019561740055418653,17.603787535131787,3.2537832911310315e-06,17.57931555708239,0.0019313269054123045,22.73599271339946,0.002814088526175246
2000 QF135,32361,MBO,MBO,21163607333287238,745350148237819974,9.014435,3.1389627,2.2127972,224.9899172733308,-39.02381761149411,2025060400088,96,60831.09554722253,y,224.98990074050565,-39.02381809561048,234.13265991210938,368930.0,1566.67,False,354557.0,1.89233,374259.0,1553.68,False,713.996,103.887,17.482640070358613,0.0046106046882103255,17.52578483987984,5.794755842206948e-06,17.467069367887525,0.004507270860352109,24.26576059619758,0.1579755106529742
2000 QF135,32361,MBO,MBO,21163607333287238,745350148390387846,9.014536,3.138963,2.2127993,224.98982426510295,-39.02377921121889,2025060400089,131,60831.09601224091,y,224.98980383938112,-39.02377749667668,239.5084686279297,367464.0,1534.06,False,344669.0,0.476302,372033.0,1536.39,False,960.62,340.614,17.48696300449147,0.004532646860341725,17.556494439684123,1.5003911681023544e-06,17.473546339258565,0.004483780373065511,23.943620944620832,0.38497737749714506
2000 QF135,32361,MBO,MBO,21163607333287238,745350148500488342,9.014653,3.1389632,2.212802,224.989716455084,-39.0237346930549,2025060400090,85,60831.096551857474,y,224.98970024829273,-39.02373303406329,242.90591430664062,372252.0,1529.31,False,352772.0,2.71231,375949.0,1521.41,False,1032.65,331.139,17.47290740058399,0.004460492620364727,17.53126473181021,8.347752224617529e-06,17.462177665080052,0.0043938139385693,23.86511710089301,0.3481621079984434
2000 QF135,32361,MBO,MBO,21163607333287238,745350148916772918,9.014989,3.1389637,2.2128093,224.9894068246705,-39.02360679680193,2025060400093,111,60831.098099404946,y,224.98939120944806,-39.02360383119343,226.82083129882812,368419.0,1606.57,False,354107.0,1.44323,373265.0,1594.92,False,1115.5,122.498,17.48414495146499,0.004734585230844116,17.527163720019963,4.42512319309254e-06,17.469956826814894,0.004639230668307643,23.781326063450358,0.1192295067712118
2000 QF135,32361,MBO,MBO,21163607333287238,745350149045747849,9.015091,3.138964,2.2128115,224.9893132151441,-39.02356811859572,2025060400094,101,60831.09856711778,y,224.98929760869692,-39.02356702174367,219.23973083496094,381203.0,1728.86,False,360828.0,0.954742,385538.0,1711.06,False,1229.0,78.081,17.44710922549929,0.004924110983003284,17.506749422187294,2.8728312970351364e-06,17.4348320247266,0.004818616722945081,23.676120292783864,0.06897914564308312
2000 QF135,32361,MBO,MBO,21163607333287238,745350150373245141,9.016157,3.1389656,2.2128348,224.98833231384728,-39.02316249055282,2025060400104,73,60831.103471610695,y,224.9883154817981,-39.02315930427073,219.5709991455078,385521.0,1750.7,False,353674.0,0.670592,390892.0,1747.99,False,554.201,74.1954,17.434879900480553,0.004930466357618895,17.528492164370153,2.0586359865343613e-06,17.419858044381186,0.004855192784585691,24.54083175928248,0.14535634139170037
2000 QF135,32361,MBO,MBO,21163607333287238,745350150521618562,9.016274,3.1389658,2.2128375,224.98822370336563,-39.02311753954136,2025060400105,100,60831.10401415682,y,224.9882096848461,-39.0231146611619,222.1326141357422,388548.0,1730.26,False,361209.0,1.96171,391206.0,1711.53,False,747.179,72.0686,17.426388305430216,0.004834939148439044,17.505603593005674,5.896584925601298e-06,17.41898623244301,0.004750106384713831,24.216438333493947,0.10472388862083597
2000 QF135,32361,MBO,MBO,21163607333287238,745350150631194732,9.0163765,3.138966,2.2128396,224.98813009466085,-39.02307879126164,2025060400106,53,60831.10448286372,y,224.98811322592545,-39.0230753046736,238.80133056640625,377355.0,1568.49,False,353710.0,1.01924,379047.0,1544.69,False,762.674,92.4955,17.458124727948363,0.004512902622724452,17.52838165436878,3.1286245593968542e-06,17.45326734067934,0.00442458532717705,24.194152630788082,0.13167580144403354
2000 QF135,32361,MBO,MBO,21163607333287238,745350150912213014,9.016596,3.1389666,2.2128444,224.9879284768797,-39.02299531455372,2025060400108,77,60831.105490660055,y,224.98790784418236,-39.02299576851265,217.97901916503906,386052.0,1750.92,False,351832.0,0.666077,391817.0,1744.26,False,906.019,66.0561,17.43338548319082,0.004924303677608511,17.534161657283097,2.055480835641846e-06,17.417291812341052,0.004833394781528896,24.00715675839445,0.07915893551037714
2000 QF135,32361,MBO,MBO,21163607333287238,745350151074218005,9.0167,3.1389666,2.2128468,224.9878328688933,-39.02295572031871,2025060400109,130,60831.10596891403,y,224.9878194991216,-39.02295415078753,222.7842254638672,382686.0,1705.03,False,356239.0,1.87409,387054.0,1690.0,False,662.027,72.7105,17.44289356376173,0.004837419798496499,17.520646342462484,5.71180391958952e-06,17.430571099946288,0.0047406671576607886,24.347810781847766,0.11924653804751528
2000 QF135,32361,MBO,MBO,21163607333287238,745350151210533048,9.016803,3.1389668,2.212849,224.9877380614622,-39.0229164517316,2025060400110,134,60831.10644265353,y,224.98772186901576,-39.02291500201559,215.4006805419922,393050.0,1821.87,False,376728.0,1.80271,397072.0,1812.43,False,686.591,62.9078,17.413880498470668,0.005032617260046423,17.459930250038802,5.195439613758017e-06,17.402826841608928,0.004955828987956054,24.308254728868775,0.09947883724524892
2000 QF135,32361,MBO,MBO,21163607333287238,745350151296516193,9.016917,3.138967,2.2128515,224.9876326536604,-39.022872785643685,2025060400111,42,60831.10696907119,y,224.98761202494865,-39.02287011728556,225.19908142089844,384646.0,1705.3,False,362047.0,1.19218,389184.0,1694.91,False,299.695,75.5447,17.437346948764663,0.004813532450587036,17.503087617067045,3.5752071673070007e-06,17.424612556508603,0.004728419431211779,25.20830122996991,0.273683626817288
2000 QF135,32361,MBO,MBO,21163607333287238,745350151498367160,9.01703,3.1389673,2.212854,224.9875284465123,-39.02282960977622,2025060400112,171,60831.10749027906,y,224.98751308983586,-39.02282921204727,207.53109741210938,384288.0,1836.33,False,370074.0,0.608477,390713.0,1830.44,False,334.14,66.9102,17.438357942138317,0.0051882179958012715,17.47927856430339,1.7851713570195318e-06,17.420355346174418,0.0050865338880971825,25.090178781718663,0.2174143341800662
2000 QF135,32361,MBO,MBO,21163607333287238,745350151586447398,9.017144,3.1389673,2.2128565,224.98742363996837,-39.02278617836159,2025060400113,83,60831.108014389276,y,224.98740796311884,-39.02278215330701,225.8865203857422,390332.0,1722.79,False,359930.0,1.89072,391970.0,1708.11,False,195.634,66.5203,17.42141460787336,0.00479206295821718,17.509454883982695,5.703395570540384e-06,17.416867927685047,0.0047313744745900695,25.67138914821531,0.36917662085690534
2000 QF135,32361,MBO,MBO,21163607333287238,745350151858552984,9.017361,3.1389678,2.2128613,224.98722382926329,-39.022703357521664,2025060400115,90,60831.10901341283,y,224.9872089847744,-39.02270176573034,223.25784301757812,392319.0,1757.41,False,367750.0,2.64444,394023.0,1737.56,False,-7.68925,61.4306,17.415901646223823,0.004863602580334137,17.48611829650108,7.80738050164677e-06,17.411196066746058,0.00478787244286981,nan,nan
2000 QF135,32361,MBO,MBO,21163607333287238,745350152226603162,9.01799,3.1389687,2.2128751,224.986645214256,-39.022463373906014,2025060400118,24,60831.111906898586,i,224.9866322250221,-39.022462588696634,515.8065185546875,334587.0,649.881,False,320444.0,0.544881,336322.0,650.71,False,-61.4708,4.90181,17.58872734266855,0.0021088664841698032,17.635619639356335,1.8461790953068617e-06,17.583111807582434,0.0021006637378900898,nan,nan
2000 QF135,32361,MBO,MBO,21163607333287238,745350152770289738,9.018433,3.1389697,2.212885,224.9862376212384,-39.02229418760456,2025060400122,37,60831.11394455659,i,224.9862176608291,-39.02229143248616,514.3883056640625,337133.0,653.991,False,325287.0,1.38472,341782.0,659.652,False,1.056,4.45062,17.580496837056696,0.0021061768990404905,17.619333232058814,4.621889600683958e-06,17.56562703299169,0.0020955112748900074,31.340840210388688,4.575946480270301
2000 QF135,32361,MBO,MBO,21163607333287238,745350152960081992,9.018551,3.1389697,2.2128875,224.9861286258887,-39.022248926046245,2025060400123,143,60831.11448960945,i,224.98611827596122,-39.022247756161086,498.31573486328125,336331.0,671.944,False,337998.0,2.04312,342917.0,682.901,False,53.5269,4.32487,17.58308275359518,0.0021691544802620913,17.577714673799456,6.563024793352681e-06,17.562027460855212,0.002162186013017204,27.078569744665838,0.08772538573306331
2000 QF135,32361,MBO,MBO,21163607333287238,745350153220128776,9.018765,3.1389701,2.212892,224.98593163771363,-39.02216710392749,2025060400125,127,60831.115474420396,i,224.98591281069943,-39.0221655641057,517.5499267578125,334784.0,644.371,False,311278.0,0.174181,338712.0,649.952,False,51.0673,4.66815,17.588088264971688,0.002089756061364378,17.667128931479,6.075425093569538e-07,17.5754235418881,0.0020834114125946697,27.12964278186184,0.09924902076600019
2000 QF135,32361,MBO,MBO,21163607333287238,745350153358541116,9.01887,3.1389704,2.2128944,224.98583504508915,-39.02212697297615,2025060400126,135,60831.115957246846,i,224.98581659485637,-39.02212337015101,522.2056884765625,333444.0,636.829,False,317347.0,0.68849,336383.0,640.165,False,46.1817,4.77436,17.59244273220303,0.002073596403815454,17.64616400719737,2.3555240506160576e-06,17.582914901334757,0.002066246789113836,27.238825171617677,0.11224566257909185
2000 QF135,32361,MBO,MBO,21163607333287238,745350153494331707,9.018973,3.1389706,2.2128968,224.9857398535125,-39.02208741785194,2025060400127,138,60831.11643327834,i,224.98572867086793,-39.02208555927837,510.4171447753906,336317.0,657.226,False,318845.0,0.273887,339702.0,660.391,False,70.1894,4.47923,17.583127949022412,0.0021217306208793233,17.64105097264003,9.326445171283768e-07,17.572254740519902,0.0021107041125863917,26.78432117947086,0.06928770043199878
2000 QF135,32361,MBO,MBO,21163607333287238,745350153599189172,9.01908,3.1389706,2.212899,224.9856418633329,-39.02204669331285,2025060400128,82,60831.116923456546,i,224.98562359390013,-39.022043639147945,514.1595458984375,339568.0,658.191,False,322603.0,0.880058,343547.0,664.183,False,65.5941,4.46651,17.57268310818909,0.0021045027079988066,17.62832899567369,2.9618782919808647e-06,17.56003459888128,0.0020990650818081694,26.8578380402471,0.07393121254862693
2000 QF135,32361,MBO,MBO,21163607333287238,745350153732358181,9.019188,3.1389709,2.2129016,224.98554207462627,-39.02200521450987,2025060400129,80,60831.11742234856,i,224.98552456722803,-39.022001477693024,526.8291015625,338269.0,640.915,False,325704.0,0.197233,340988.0,644.783,False,37.4855,4.69544,17.576844501139128,0.0020571338071654456,17.61794226948235,6.574773898273591e-07,17.568152260916726,0.0020530466440123723,27.46534172014254,0.1359994920521299
2000 QF135,32361,MBO,MBO,21163607333287238,745350153828302886,9.019307,3.138971,2.2129042,224.98543228848536,-39.02195957216448,2025060400130,7,60831.117971552514,i,224.98541535357384,-39.02195279172449,503.8857421875,342153.0,676.615,False,326958.0,0.898252,345013.0,676.581,False,17.996,4.60277,17.564449119384477,0.0021470669308161234,17.61377007966228,2.9828440614049467e-06,17.555411351288576,0.0021291617424838475,28.26206002127488,0.2776946982459842
2000 QF135,32361,MBO,MBO,21163607333287238,745350153990308007,9.019416,3.1389713,2.2129066,224.98533230255444,-39.02191799688446,2025060400131,60,60831.11847171503,i,224.9853149599919,-39.02191713053135,523.5955810546875,340022.0,648.83,False,327535.0,0.929604,344340.0,656.051,False,-4.93823,4.55311,17.57123245614804,0.0020718019430750927,17.611855712503438,3.081517127198701e-06,17.557531312173495,0.0020685902028091314,nan,nan
2000 QF135,32361,MBO,MBO,21163607333287238,745350154115613056,9.01953,3.1389713,2.212909,224.9852277187749,-39.02187450234247,2025060400132,43,60831.11899477252,i,224.98520986463268,-39.021873079685726,522.3705444335938,345710.0,660.404,False,336081.0,1.92937,349621.0,664.954,False,3.82305,4.64751,17.55322014470772,0.002074063589582682,17.583890098091402,6.232982260083131e-06,17.541006223344855,0.0020649921201319793,29.943975048706783,1.3198806962856797
2000 QF135,32361,MBO,MBO,21163607333287238,745350154307502357,9.019643,3.1389716,2.2129116,224.9851237365109,-39.021831250416064,2025060400133,153,60831.11951485122,i,224.98510654036858,-39.02182977485204,516.3786010742188,343445.0,664.846,False,336894.0,1.11502,345624.0,667.237,False,49.546,4.41213,17.560357004655145,0.0021017845122249038,17.581266809072098,3.5934674493255795e-06,17.553490269753183,0.0020960447408862096,27.16247847277922,0.09668608991732189
2000 QF135,32361,MBO,MBO,21163607333287238,745350154429137294,9.019765,3.1389718,2.2129142,224.9850117573328,-39.02178466370138,2025060400134,129,60831.120074390514,i,224.98481631687324,-39.02171946181397,524.0809326171875,344789.0,659.319,False,332533.0,0.57097,344655.0,654.757,False,331.404,4.66492,17.556116495426792,0.002076187105493383,17.595413123971724,1.8642444496260938e-06,17.556538541751856,0.0020626232055082883,25.099105662223025,0.015283075954988574
2000 QF135,32361,MBO,MBO,21163607333287238,745350154534519029,9.019873,3.138972,2.2129166,224.98491177752732,-39.0217430616798,2025060400135,74,60831.12057471301,i,224.98489401607463,-39.0217391431057,500.1828308105469,337915.0,674.857,False,324292.0,0.342865,343058.0,679.979,False,356.809,4.22218,17.57798132381343,0.0021683460991754316,17.62265941214974,1.1479189534169927e-06,17.561581121536648,0.0021520495747552456,25.018910528214434,0.0128476963629148
2000 QF135,32361,MBO,MBO,21163607333287238,745350154669785364,9.019975,3.1389723,2.2129188,224.98481799788547,-39.02170403320597,2025060400136,76,60831.121043322426,i,224.98480709746767,-39.02170325482133,470.16046142578125,341264.0,727.593,False,350232.0,4.47116,352306.0,746.202,False,746.545,3.99197,17.56727380776786,0.0023148473953120995,17.53911043954554,1.3860812886003716e-05,17.53269990109669,0.0022996445024800476,24.217360047070812,0.00580571368654333
2000 QF135,32361,MBO,MBO,21163607333287238,745350154802954504,9.020081,3.1389723,2.2129211,224.98472102048052,-39.021663667416455,2025060400137,74,60831.1215287136,i,224.98470283478147,-39.0216583046234,486.766357421875,342481.0,703.512,False,333107.0,0.45104,352759.0,721.136,False,861.243,4.04923,17.563408792721155,0.0022302798545288296,17.59354060207999,1.47012959047342e-06,17.531304743009333,0.0022195420922227604,24.062185761314716,0.00510471007229111
2000 QF135,32361,MBO,MBO,21163607333287238,745350154940317981,9.020185,3.1389725,2.2129235,224.98462464441488,-39.02162354537016,2025060400138,80,60831.12201084937,i,224.98460589995685,-39.021620237424294,487.9022521972656,338138.0,690.667,False,326277.0,0.207238,348140.0,707.342,False,972.061,4.1405,17.577265051028775,0.002217680825134616,17.61603384882131,6.896158893298384e-07,17.54561518754293,0.002205971151864465,23.930766230961602,0.004624700456077152
2000 QF135,32361,MBO,MBO,21163607333287238,745350155101274300,9.020293,3.1389728,2.212926,224.9845248707526,-39.021582001977976,2025060400139,131,60831.12250966196,i,224.98450849178056,-39.02157982043381,515.0341186523438,343164.0,664.445,False,332264.0,0.466965,347537.0,667.616,False,885.531,4.44662,17.561245696445003,0.0021022368328923917,17.5962917773201,1.5258974667420595e-06,17.547497380271537,0.0020856912855150597,24.031990569702867,0.005451933672871659
2000 QF135,32361,MBO,MBO,21163607333287238,745350155380195379,9.020517,3.1389732,2.2129307,224.98431873078212,-39.02149614786478,2025060400141,151,60831.1235406249,i,224.98430363683426,-39.02149526329208,540.2739868164062,345270.0,638.278,False,341965.0,1.49716,347973.0,638.823,False,714.27,5.0636,17.554602888042297,0.00200712934727921,17.565045853899964,4.753471175677939e-06,17.546136131555393,0.0019932387208536984,24.265343945966098,0.007696996604693507
2000 QF135,32361,MBO,MBO,21163607333287238,745350155485053092,9.02063,3.1389732,2.2129333,224.98421536369509,-39.02145308571852,2025060400142,95,60831.12405712095,i,224.9841997286152,-39.0214499367213,516.3201904296875,347108.0,671.218,False,348263.0,0.995518,353719.0,679.307,False,973.569,4.29068,17.54883844193918,0.002099535887880858,17.545231658021738,3.1036026402122627e-06,17.528354028625863,0.002085124665250256,23.929083191739775,0.004785019541162827
2000 QF135,32361,MBO,MBO,21163607333287238,745350155623989535,9.020738,3.1389735,2.2129357,224.98411599711176,-39.0214116829905,2025060400143,104,60831.12455407015,i,224.98410026317788,-39.0214090421417,523.759033203125,347309.0,660.481,False,347400.0,0.823977,351181.0,663.698,False,838.288,4.39354,17.54820990610768,0.002064755459461763,17.5479254647223,2.5751918646997895e-06,17.536172472079777,0.0020519360258811907,24.09151684443256,0.00569043717767397
2000 QF135,32361,MBO,MBO,21163607333287238,745350155755062088,9.020849,3.1389737,2.212938,224.98401303374823,-39.02136877417438,2025060400144,98,60831.12506960335,i,224.98426380601802,-39.02146364643259,529.435302734375,346935.0,656.542,False,352494.0,1.83555,350026.0,659.655,False,805.331,4.32254,17.549379712054467,0.002054654073131848,17.53212067745499,5.65377860902046e-06,17.53974923743041,0.0020461661361110364,24.13506396624767,0.005827588906016602
2000 QF135,32361,MBO,MBO,21163607333287238,745350155870405790,9.02096,3.138974,2.2129405,224.9839114719221,-39.02132644200802,2025060400145,62,60831.125577607454,i,224.9841684230979,-39.02144826529749,512.606201171875,342216.0,665.467,False,326984.0,0.888293,347997.0,673.504,False,833.15,4.26747,17.56424922318493,0.0021113027831423667,17.61368374435628,2.949538511979663e-06,17.54606124996876,0.0021013046307807475,24.098191971547102,0.005561239175271791
2000 QF135,32361,MBO,MBO,21163607333287238,745350156293505129,9.021654,3.1389751,2.212956,224.9832727591175,-39.02106004894468,2025060400148,101,60831.12877286271,z,224.98326194028897,-39.02105905244441,381.6236267089844,374507.0,978.056,False,379571.0,1.17426,382360.0,989.971,False,1004.31,9.6616,17.466350150966278,0.002835489970414129,17.451767439907748,3.3588883707975574e-06,17.443818867662863,0.0028110873662858795,23.895330535086575,0.01044493140961198
2000 QF135,32361,MBO,MBO,21163607333287238,745350156427722935,9.02177,3.1389754,2.2129583,224.9831660155956,-39.02101549978147,2025060400149,101,60831.12930685378,z,224.98315225542297,-39.0210131497963,389.1807556152344,380367.0,976.543,False,377344.0,0.482352,390184.0,993.136,False,878.183,9.39787,17.449492921894276,0.0027874871451570205,17.458156377912793,1.387876890609517e-06,17.42182635845946,0.0027635261738170195,24.041037456247373,0.011618999648995678
2000 QF135,32361,MBO,MBO,21163607333287238,745350156528386235,9.02189,3.1389754,2.2129612,224.9830554767796,-39.02096935791975,2025060400150,37,60831.12985930641,z,224.98303677995014,-39.02096677671728,422.59429931640625,378279.0,896.321,False,366629.0,0.666163,381064.0,893.515,False,416.805,9.86533,17.4554694192851,0.0025726200589782635,17.48943296435203,1.9727771589161325e-06,17.447505195242524,0.002545823276139438,24.85016771876176,0.025698218259029033
2000 QF135,32361,MBO,MBO,21163607333287238,745350156668371042,9.021997,3.1389756,2.2129636,224.9829563339705,-39.020927965474016,2025060400151,48,60831.130355154295,z,224.9829373410615,-39.02092403514717,414.7030334472656,373365.0,900.911,False,363041.0,0.327079,383500.0,916.78,False,357.023,9.83088,17.4696659903333,0.0026198269833220384,17.50011081297269,9.781856871291809e-07,17.440586579287498,0.0025955183040595456,25.01825948139838,0.02989651146657702
2000 QF135,32361,MBO,MBO,21163607333287238,745350156799967293,9.022108,3.1389759,2.212966,224.98285419529168,-39.02088531472836,2025060400152,43,60831.13086617373,z,224.98283874509016,-39.020881293926614,423.3587951660156,380528.0,897.973,False,373541.0,62.9201,383582.0,898.7,False,181.416,10.0209,17.449033453684933,0.0025621289928255604,17.469154307268568,0.00018288389184245446,17.440354451903126,0.002543787613782051,25.753311030175617,0.059972955337177496
2000 QF135,32361,MBO,MBO,21163607333287238,745350156954107963,9.022215,3.138976,2.2129683,224.98275625638144,-39.02084441053166,2025060400153,81,60831.131356691156,z,224.9827401324694,-39.02084400962879,421.6634216308594,380518.0,898.71,False,363795.0,0.436949,385697.0,906.563,False,106.817,10.6625,17.44906198642027,0.0025642992143201817,17.497858185441725,1.3040623561449879e-06,17.434384347795437,0.002551972813557463,26.328399045194633,0.10837846552403946
2000 QF135,32361,MBO,MBO,21163607333287238,745350157065257164,9.022321,3.138976,2.2129707,224.98265851958612,-39.0208035837294,2025060400154,37,60831.13184505954,z,224.98264537757447,-39.02080358688649,347.52984619140625,375917.0,1080.48,False,390860.0,2.27041,397980.0,1138.16,False,745.246,8.92617,17.46227008462974,0.003120678855468836,17.419946930776288,6.306775834690971e-06,17.40034688079495,0.0031050343130751214,24.219250907013944,0.013004386049931914
2000 QF135,32361,MBO,MBO,21163607333287238,745350157340508227,9.022558,3.1389766,2.212976,224.9824406689868,-39.02071255745527,2025060400156,50,60831.13293591782,z,224.98242293692232,-39.02070865072245,432.11676025390625,385548.0,891.816,False,371181.0,0.781205,388510.0,892.479,False,239.392,10.6289,17.434803863504513,0.0025114302146201166,17.476035656337302,2.285091505766947e-06,17.42649449563948,0.0024941359721178027,25.452225925092762,0.04820621059566523
2000 QF135,32361,MBO,MBO,21163607333287238,745350157477347641,9.022663,3.1389768,2.2129781,224.98234353941496,-39.02067196173184,2025060400157,55,60831.13342190023,z,224.98232865616174,-39.02067054550838,447.1454162597656,384482.0,860.587,False,380561.0,2.20375,387314.0,858.289,False,296.403,10.9513,17.43780996854883,0.0024302059295540704,17.44893930097801,6.2872733867565696e-06,17.429842011389308,0.0024059947304669697,25.22029345710813,0.040115052583126365
2000 QF135,32361,MBO,MBO,21163607333287238,745350157668712687,9.022785,3.138977,2.212981,224.9822312238311,-39.0206250102432,2025060400158,164,60831.13398304685,z,224.98221119901743,-39.020621998746265,433.22918701171875,389256.0,897.59,False,391405.0,1.86106,394190.0,900.709,False,814.101,9.76023,17.424411711210404,0.00250361199104652,17.418434076878107,5.16247939227472e-06,17.410735993266155,0.002480865456472416,24.123304261897164,0.013016855373068363
2000 QF135,32361,MBO,MBO,21163607333287238,745350157758890158,9.022902,3.1389773,2.2129834,224.9821245071119,-39.02058039058937,2025060400159,80,60831.134517216386,z,224.98210944157168,-39.020577099230955,443.3402404785156,382036.0,862.885,False,367399.0,0.110644,386017.0,862.308,False,971.48,10.3944,17.444739276852363,0.002452296369047972,17.48715507526791,3.2697474472732927e-07,17.433483921975935,0.0024253828127456965,23.93141536146784,0.011616889947257814
2000 QF135,32361,MBO,MBO,21163607333287238,745350157923516618,9.023013,3.1389773,2.212986,224.9820213903684,-39.02053726809091,2025060400160,138,60831.135033047016,z,224.98200075050707,-39.02053429817263,422.00146484375,380536.0,903.23,False,369128.0,1.91598,389255.0,915.523,False,1453.34,10.3151,17.44901062803653,0.0025770741559744677,17.48205752596861,5.635575825789791e-06,17.424414500474022,0.002553638305280123,23.494081958732178,0.007706027138139468
2000 QF135,32361,MBO,MBO,21163607333287238,745350158051967229,9.023126,3.1389775,2.2129884,224.98191827655825,-39.02049413889987,2025060400161,127,60831.13554982965,z,224.9819014204536,-39.020490916822695,413.7398986816406,382043.0,919.411,False,361559.0,0.153831,390547.0,930.133,False,1676.13,9.76426,17.444719383219812,0.002612893892614335,17.50455205862294,4.619436707357095e-07,17.420816734733165,0.002585806749428344,23.339230748551998,0.006324933555798718
2000 QF135,32361,MBO,MBO,21163607333287238,745350158189330660,9.0232315,3.1389778,2.2129908,224.9818205608032,-39.02045326021912,2025060400162,133,60831.1360389287,z,224.98180137003862,-39.0204467707086,405.51495361328125,380244.0,939.557,False,374804.0,1.34976,392233.0,957.778,False,1944.34,9.41362,17.4498440752548,0.0026827801589399403,17.465489457156366,3.909999253045017e-06,17.416139675861075,0.0026512156477280476,23.17806949207987,0.0052566465876360685
2000 QF135,32361,MBO,MBO,21163607333287238,745350158274789524,9.023347,3.138978,2.2129934,224.9817140556493,-39.02040869642477,2025060400163,40,60831.1365716153,z,224.98169491814767,-39.020405161883694,420.7348327636719,381107.0,904.685,False,374684.0,1.31478,389258.0,914.136,False,1617.94,9.91504,17.447382685577754,0.0025773582110821505,17.465837130089582,3.8098884497220436e-06,17.42440613270466,0.0025497498739363808,23.37759400903427,0.006653595502333335
2000 QF135,32361,MBO,MBO,21163607333287238,745350158415822889,9.023518,3.1389782,2.2129972,224.9815576008306,-39.02034321731743,2025060400164,53,60831.13735423785,z,224.98154472015813,-39.02034132735288,413.506103515625,385052.0,930.102,False,379945.0,0.22304,391687.0,936.914,False,1439.99,9.32934,17.436201541241154,0.002622620852209334,17.45069816586112,6.373622568517708e-07,17.417652105863265,0.002597077391221031,23.50410131698598,0.0070342170797357126
2000 QF135,32361,MBO,MBO,21163607333287238,745350158699462796,9.023788,3.1389787,2.2130032,224.9813082465729,-39.02023882010888,2025060400166,82,60831.13860286224,z,224.98128917631377,-39.02023445623507,393.9778747558594,378206.0,959.615,False,373393.0,0.442211,389072.0,978.547,False,599.169,9.30449,17.455678964069712,0.0027548181084543336,17.469584570077348,1.2858422496799846e-06,17.424925056394944,0.0027307128314979887,24.456126649487754,0.016860387720106944
2000 QF135,32361,MBO,MBO,21163607333287238,745350158868283613,9.023962,3.138979,2.213007,224.9811478143976,-39.02017162712546,2025060400167,148,60831.13940591714,z,224.981126967734,-39.020166261427015,401.26226806640625,382234.0,948.641,False,376972.0,0.728533,390904.0,962.719,False,230.195,9.23399,17.444176711860017,0.0026946160453422594,17.4592272657129,2.0982849828405597e-06,17.41982471385901,0.0026739528552964563,25.49476024993081,0.04355297304274102
2000 QF135,32361,MBO,MBO,21163607333287238,745350159004598488,9.024065,3.1389792,2.2130094,224.98105331682464,-39.02013204007473,2025060400168,152,60831.139878965,z,224.98103893610858,-39.020130715114504,392.7430114746094,379968.0,967.376,False,377201.0,0.391437,388573.0,982.447,False,77.722,9.27391,17.450632442725134,0.002764219937908345,17.458567911430713,1.1267131220483574e-06,17.426318449114078,0.0027451168776069716,26.67364007914869,0.12955172747317445
2000 QF135,32361,MBO,MBO,21163607333287238,745350159098970262,9.024183,3.1389794,2.213012,224.9809444382028,-39.02008642009574,2025060400169,76,60831.14042388135,z,224.9809300472973,-39.020083740987,408.624267578125,379874.0,927.438,False,378706.0,0.114565,392648.0,953.007,False,33.8973,9.27998,17.45090107542448,0.002650755254492276,17.454244535281845,3.284536506704715e-07,17.414991525843522,0.0026352209204263646,27.574587209432533,0.29723930023757195
2000 QF135,32361,MBO,MBO,21163607333287238,745350159247868072,9.024299,3.1389797,2.2130144,224.98083836000188,-39.02004196482265,2025060400170,104,60831.14095498783,z,224.98082208553612,-39.02004100093057,405.81121826171875,377088.0,929.297,False,376456.0,0.575499,386344.0,948.885,False,23.0977,9.3046,17.4588932196138,0.002675692132054713,17.46071444157907,1.6597958276927838e-06,17.43256457011801,0.002666635975334961,27.991078153661963,0.4373743178018298
2000 QF135,32361,MBO,MBO,21163607333287238,745350159556149458,9.024519,3.13898,2.2130194,224.9806358024748,-39.01995705315411,2025060400172,180,60831.14196845822,z,224.98061735485797,-39.01995374676051,411.68505859375,381621.0,924.754,False,371070.0,0.596885,391957.0,944.677,False,385.497,9.43984,17.44591933692994,0.0026309844820994856,17.47636038939829,1.7464620752545013e-06,17.416903937595826,0.002616792206346293,24.934947467245173,0.0265869154686012
2000 QF135,32361,MBO,MBO,21163607333287238,745350159637413936,9.024632,3.1389802,2.213022,224.98053113292968,-39.01991316362807,2025060400173,79,60831.14249296422,z,224.98051756063725,-39.01991022379692,419.64691162109375,379981.0,907.365,False,366533.0,0.515647,386453.0,917.062,False,597.027,9.37253,17.450595296625426,0.0025926533716882356,17.48971729626299,1.5274384854411127e-06,17.432258292409625,0.0025764774193275013,24.460015110486292,0.01704461526216966
2000 QF135,32361,MBO,MBO,21163607333287238,745350159825109055,9.024744,3.1389804,2.2130244,224.98042806478537,-39.01986993739488,2025060400174,181,60831.14300832761,z,224.9804116896177,-39.01986492433707,437.8753967285156,380333.0,868.588,False,363690.0,0.637394,385098.0,870.623,False,668.481,10.6043,17.44958997731951,0.0024795572627203384,17.498171600295066,1.9028341567299984e-06,17.436071842181285,0.0024546138811963256,24.337277300720988,0.017223334143013327
2000 QF135,32361,MBO,MBO,21163607333287238,745350159883305075,9.024864,3.1389806,2.213027,224.98031761005825,-39.0198236042196,2025060400175,36,60831.143561159515,z,224.9803011733483,-39.019821381067366,428.23187255859375,377716.0,879.19,False,361774.0,0.725123,382863.0,881.197,False,1076.46,10.855,17.45708654531446,0.002527212023086189,17.503906620654817,2.1761991774346184e-06,17.44239150494729,0.002498929146328094,23.82000529794375,0.010948540989276225
2000 QF135,32361,MBO,MBO,21163607333287238,745350160052650229,9.024974,3.1389806,2.2130294,224.9802167461557,-39.01978128597848,2025060400176,103,60831.14406696765,z,224.98020153670956,-39.01977634300418,423.35369873046875,375615.0,886.816,False,366822.0,1.05713,378117.0,884.956,False,1530.3,11.2074,17.463142681808534,0.002563391279268842,17.48886156396576,3.1289407164253013e-06,17.455934491199443,0.002541088504156266,23.438058519729694,0.007951564988897842
2000 QF135,32361,MBO,MBO,21163607333287238,745350160191062190,9.0251,3.1389809,2.2130322,224.98010070705485,-39.01973259117093,2025060400177,111,60831.144647023204,z,224.98008272739895,-39.0197271763887,397.314208984375,379302.0,951.404,False,370215.0,1.53478,391636.0,968.065,False,2592.85,9.74486,17.452537168311082,0.002723354369708687,17.47886497229615,4.5010770498375395e-06,17.417793484442782,0.0026837758063862913,22.86555647672545,0.004080585681056326
2000 QF135,32361,MBO,MBO,21163607333287238,745350160318464087,9.025205,3.138981,2.2130346,224.9800046437909,-39.01969227118994,2025060400178,98,60831.14512883438,z,224.97998573115592,-39.01968797734077,407.6620178222656,380064.0,931.39,False,363023.0,0.1884,390748.0,945.821,False,2997.67,9.70286,17.450358163020567,0.0026607199304696395,17.50016464638597,5.634703623154321e-07,17.420258090477226,0.0026280674128230106,22.70804047424995,0.0035143116268240276
2000 QF135,32361,MBO,MBO,21163607333287238,745350160477323492,9.02531,3.1389813,2.213037,224.9799079845388,-39.01965169385888,2025060400179,145,60831.14561285653,z,224.9798901233904,-39.01964629165512,390.29876708984375,375633.0,963.731,False,382196.0,0.35097,389216.0,986.464,False,3192.78,9.44739,17.463090653046557,0.0027855850203872077,17.444284656278246,9.970298899387326e-07,17.424523287344748,0.0027517873567051237,22.639577504272566,0.003212677615727766
2000 QF135,32361,MBO,MBO,21163607333287238,745350160608395503,9.025413,3.1389816,2.2130392,224.97981352520324,-39.01961203305843,2025060400180,139,60831.14608578975,z,224.9797951742317,-39.01960893108301,424.8124084472656,378228.0,887.031,False,360776.0,0.294235,384926.0,888.872,False,2748.57,10.3121,17.45561580932915,0.0025462992634192705,17.5069059021479,8.854845735728033e-07,17.436556883245785,0.002507184554611837,22.80223296809004,0.004073471108350595
2000 QF135,32361,MBO,MBO,21163607333287238,745350160708010191,9.025521,3.1389816,2.2130415,224.9797132779318,-39.019569934498186,2025060400181,73,60831.146587903335,z,224.9796973000793,-39.019568568411046,415.2337951660156,375876.0,904.28,False,365981.0,0.0878902,385492.0,916.546,False,2360.28,9.5621,17.462388508675826,0.002612057080120463,17.4913536513319,2.6073914363726323e-07,17.434961575756983,0.002581447080075122,22.967591170579222,0.004398596132791625
2000 QF135,32361,MBO,MBO,21163607333287238,745350160875782175,9.025626,3.1389818,2.213044,224.97961662859757,-39.019529339489296,2025060400182,137,60831.1470719184,z,224.9795944046724,-39.01952512494976,346.5382080078125,382038.0,1103.09,False,402971.0,0.197924,400627.0,1148.28,False,2369.9,8.72037,17.44473359292015,0.0031349360875005125,17.386815517359075,5.332722599224645e-07,17.393149462644352,0.0031119450286883877,22.963174992335297,0.003995114619093632
2000 QF135,32361,MBO,MBO,21163607333287238,745350160946561245,9.025747,3.138982,2.2130466,224.9795054061728,-39.01948261444071,2025060400183,16,60831.14762823339,z,224.97949438455123,-39.01948097234053,395.6603698730469,379504.0,960.17,False,370253.0,0.610502,389310.0,974.754,False,1319.11,9.29074,17.451959105621697,0.002746983729203252,17.478753534730135,1.7902464787511635e-06,17.42426110161494,0.002718465334261114,23.5992974803534,0.007647044532494965
2000 QF135,32361,MBO,MBO,21163607333287238,745350161095983336,9.025852,3.1389823,2.213049,224.9794085643849,-39.01944192290917,2025060400184,45,60831.148113354415,z,224.97939532405016,-39.01943791910837,415.8551025390625,378774.0,903.791,False,347348.0,0.460134,383744.0,907.406,False,518.838,10.6782,17.45404959927793,0.002590670497972888,17.548087993532032,1.438281327057581e-06,17.439896004599678,0.0025673458164205583,24.61242053203347,0.02234552559015748
2000 QF135,32361,MBO,MBO,21163607333287238,745350161297833991,9.025973,3.1389825,2.2130518,224.9792975500387,-39.019395267260826,2025060400185,174,60831.14866928883,z,224.979287564559,-39.01939683040985,407.20849609375,381586.0,939.068,False,383172.0,2.23573,390408.0,950.001,False,466.406,9.29955,17.446018918739835,0.0026719536851660757,17.441515585425424,6.335047790773258e-06,17.421203229048597,0.0026419808375071343,24.72808966462565,0.02164821648394621
2000 QF135,32361,MBO,MBO,21163607333287238,745350161514889338,9.026179,3.1389828,2.2130563,224.979107678246,-39.01931544808375,2025060400187,76,60831.14962062052,z,224.97909202017905,-39.01931042372729,426.850830078125,381761.0,892.964,False,374235.0,1.40854,387977.0,898.6,False,-144.605,9.99999,17.445521100999905,0.002539608112621395,17.46713899481552,4.086477441175796e-06,17.42798504857347,0.00251469166236252,nan,nan
2000 QF135,32361,MBO,MBO,21163607333287238,745416142450852117,12.376009,3.1444085,2.3107893,222.75806791690684,-37.65981629520251,2025061900263,148,60846.19040916792,g,222.75804973244874,-37.659811311102786,370.90081787109375,128206.0,347.647,False,118561.0,0.430698,129186.0,338.679,False,-12.4099,8.24621,18.63022912374511,0.002944112895039932,18.71514536575645,3.9441673053691e-06,18.621961371660944,0.002846407787624138,nan,nan
2000 QF135,32361,MBO,MBO,21163607333287238,745416142599749930,12.376112,3.1444087,2.3107932,222.75801873737944,-37.659771380060775,2025061900264,176,60846.190876307934,g,222.75800258760702,-37.65976702319068,361.6900329589844,127576.0,354.131,False,116076.0,0.269957,128393.0,347.189,False,-1.09128,11.2359,18.635577546950824,0.0030138338003679733,18.738143915447573,2.5250878314037384e-06,18.628646633507554,0.0029359518210291544,nan,nan
2000 QF135,32361,MBO,MBO,21163607333287238,745433742705164467,13.203568,3.1457634,2.3436904,222.4205646544076,-37.29677198815086,2025062300323,177,60850.07676085681,r,222.42054801896654,-37.296769350393966,476.85894775390625,215409.0,450.857,False,211345.0,1.26713,215968.0,445.131,False,-276.773,81.1795,18.06684038852032,0.0022724759050784553,18.087520055630645,6.509588284072575e-06,18.06402648384676,0.002237807710164165,nan,nan
2000 QF135,32361,MBO,MBO,21163607333287238,745433744174744053,13.204663,3.1457653,2.343736,222.4201489171768,-37.29629267776497,2025062300334,164,60850.08189362559,r,222.42012986239914,-37.296290007840646,488.17938232421875,216142.0,444.46,False,203324.0,0.113896,220311.0,451.574,False,-158.733,93.9475,18.063152085615577,0.002232635509476488,18.129528387487767,6.081968088356667e-07,18.042409545592932,0.0022254460580450643,nan,nan
2000 QF135,32361,MBO,MBO,21163607333287238,745433745793220615,13.206136,3.1457677,2.343797,222.41959046440488,-37.29564730473646,2025062300346,179,60850.08879551603,g,222.41957643092965,-37.29564350405595,374.93621826171875,126594.0,336.83,False,120799.0,0.319428,127234.0,334.313,False,-2.41427,42.017,18.643967193708217,0.002888829733397344,18.694841652206907,2.8710050664269703e-06,18.638492047990802,0.002852820119605085,nan,nan
