provid,permid,orbit_class,population,ssObjectId,diaSourceId,phaseAngle,helioRange,topoRange,ephRa,ephDec,visit,detector,midpointMjdTai,band,ra,dec,snr,psfFlux,psfFluxErr,psfFlux_flag,trailFlux,trailFluxErr,scienceFlux,scienceFluxErr,forced_PsfFlux_flag,templateFlux,templateFluxErr,psfMag,psfMagErr,trailMag,trailMagErr,scienceMag,scienceMagErr,templateMag,templateMagErr
2011 GK82,333791,MBO,MBO,21164710971322955,745200677343985704,16.70977,2.675741,1.9117008,271.58608052985653,-23.242710300745305,2025050100555,111,60797.20146763847,u,271.58606141969534,-23.242799611875192,6.46683931350708,2777.07,429.374,False,3191.41,32.8063,3464.03,435.638,False,1226.92,5.52628,22.791032906027723,0.16787004937550304,22.640043526076973,0.011160894353217057,22.5510458794677,0.13654268158713773,23.67795934624847,0.004890361212388419
2011 GK82,333791,MBO,MBO,21164710971322955,745200677436260368,16.709627,2.6757405,1.9116943,271.5860674982748,-23.242731879866387,2025050100556,31,60797.20204966084,u,271.5860681000592,-23.242748127500334,6.8107171058654785,3906.7,562.508,False,3761.37,193.529,4503.56,567.874,False,1386.79,5.09845,22.420474857242844,0.1563302285632621,22.461634825215896,0.05586300815361178,22.26611010303891,0.13690533244055,23.544973216060384,0.003991643865948041
2011 GK82,333791,MBO,MBO,21164710971322955,745200677580963923,16.709476,2.6757398,1.9116874,271.58605362203366,-23.24275482686305,2025050100557,51,60797.20266874632,u,271.5860821061855,-23.242834615090025,6.6590142250061035,3116.35,457.477,False,3870.65,37.5829,5206.88,466.709,False,2112.48,5.16837,22.665884396642333,0.15938495837956587,22.43054027136435,0.01054218731378742,22.10855610230271,0.09731794970506719,23.088018495192003,0.0026563499918591522
2011 GK82,333791,MBO,MBO,21164710971322955,745200678250479791,16.708744,2.6757371,1.911654,271.58598656411607,-23.242865277486164,2025050100562,48,60797.20564905228,u,271.5860204658333,-23.242863908573362,9.409062385559082,3517.39,374.747,False,3746.81,8.88891,3777.74,374.326,False,615.149,6.21738,22.534448721793584,0.11567565951553253,22.46584580636043,0.002575794229133743,22.456919841215687,0.10758264979579771,24.42754921740676,0.010973658024758389
2011 GK82,333791,MBO,MBO,21164710971322955,745200678682492987,16.70829,2.6757355,1.9116333,271.5859448242691,-23.24293366256021,2025050100565,104,60797.20749601422,u,271.5858796127876,-23.242922731071122,8.032960891723633,3082.14,379.667,False,3172.95,36.1879,3620.67,381.101,False,637.452,6.15946,22.677869133385375,0.13374415618259997,22.64634194557729,0.012382960462216345,22.50302766451255,0.11428138344882743,24.388881234952585,0.010491062104593402
2011 GK82,333791,MBO,MBO,21164710971322955,745200678921568695,16.708006,2.6757345,1.9116203,271.5859185809512,-23.24297651800609,2025050100567,48,60797.20865403733,u,271.5859118020044,-23.243025116561697,8.110170364379883,3181.58,393.332,False,3219.23,18.0018,3596.28,394.456,False,712.526,5.92687,22.64339285351152,0.13422726544629912,22.630619990966323,0.006071391827410858,22.51036624671061,0.11908837743537076,24.267998207685956,0.009031273510153807
2011 GK82,333791,MBO,MBO,21164710971322955,745200679085146156,16.707859,2.675734,1.9116136,271.58590496106825,-23.24299871697032,2025050100568,104,60797.20925426977,u,271.58591388942665,-23.24300112634749,10.095573425292969,3912.33,377.645,False,4219.01,9.39085,4528.09,378.919,False,629.693,6.50546,22.41891127871611,0.10480272086708356,22.33697367341888,0.0024166774854187476,22.26021241178347,0.0908564313118651,24.402177848081642,0.011216915694396567
2011 GK82,333791,MBO,MBO,21164710971322955,745200679355678904,16.707558,2.6757329,1.9115999,271.58587712954875,-23.243043990158203,2025050100570,108,60797.21047811331,u,271.5859176567062,-23.243044400508364,7.976032733917236,3069.35,384.567,False,3098.43,7.30479,3676.91,385.178,False,620.706,6.70655,22.682383930102777,0.1360347587148592,22.67214580150958,0.0025597077125634436,22.486292526601353,0.11373727387410693,24.417785152415465,0.01173106809051826
2011 GK82,333791,MBO,MBO,21164710971322955,745200679591608441,16.707262,2.6757317,1.9115863,271.5858496231526,-23.24308861776766,2025050100572,46,60797.21168550267,u,271.58583418964196,-23.243056599961527,9.35923957824707,3412.07,360.174,False,3570.14,10.0443,4132.87,363.802,False,602.939,6.58773,22.567455147461914,0.11460900748556768,22.518286915332666,0.0030546310720965504,22.359370607455723,0.09557353453749379,24.449316512615034,0.011862786428024618
2011 GK82,333791,MBO,MBO,21164710971322955,745200679758332084,16.707119,2.6757312,1.9115798,271.5858363153856,-23.243110167606527,2025050100573,108,60797.2122683731,u,271.58582985442166,-23.243145223890075,8.082769393920898,3239.19,404.331,False,3716.66,33.8219,3814.2,405.196,False,728.203,5.89584,22.623908962109468,0.1355267231793127,22.474617941524553,0.009880285411073352,22.446491359363982,0.1153416151471754,24.244368836187473,0.008790580514101703
2011 GK82,333791,MBO,MBO,21164710971322955,745200680030961857,16.706818,2.67573,1.911566,271.5858082614016,-23.24315550920916,2025050100575,116,60797.213495752854,u,271.58584255386467,-23.24312600155079,8.33785343170166,2975.01,355.376,False,3310.29,108.918,3507.58,356.82,False,631.862,6.52025,22.716278921747264,0.12969522654467286,22.600334881991238,0.03572382291556545,22.537481013086268,0.11045005157546083,24.39844440633058,0.011203825083218898
2011 GK82,333791,MBO,MBO,21164710971322955,745200680108032045,16.706673,2.6757295,1.9115595,271.5857948412402,-23.24317715759553,2025050100576,7,60797.214081899176,u,271.58592926583776,-23.24338933295532,6.501481533050537,3042.39,521.265,False,nan,nan,2949.0,530.768,False,422.9,6.93761,22.69196282601593,0.18602359285318068,nan,nan,22.725813068620504,0.19541337394325323,24.834405802802664,0.01781133748497268
2011 GK82,333791,MBO,MBO,21164710971322955,745200680270037063,16.706528,2.675729,1.9115529,271.5857813151959,-23.243198949707004,2025050100577,60,60797.21467157019,u,271.5857638802013,-23.24329357756305,6.546457767486572,2362.77,373.855,False,3336.34,24.9371,2501.87,375.186,False,438.934,6.19214,22.966446371024077,0.17179324157779552,22.591824215554695,0.00811521338012219,22.9043381003684,0.16281941494736232,24.794001966629466,0.015316723789758032
2011 GK82,333791,MBO,MBO,21164710971322955,745200680433090685,16.706385,2.6757286,1.9115463,271.5857678896947,-23.24322055308808,2025050100578,115,60797.21525600518,u,271.58573302420524,-23.243243617145094,8.101811408996582,2882.22,360.883,False,3270.37,17.914,3321.47,363.872,False,459.316,6.26825,22.75068219237815,0.1359451179969584,22.61350773550819,0.005947301740978585,22.59667417411575,0.11894402714917983,24.744721042313746,0.014816957850304468
2011 GK82,333791,MBO,MBO,21164710971322955,745200680509112401,16.70624,2.675728,1.9115398,271.5857543582737,-23.243242300087097,2025050100579,4,60797.21584555978,u,271.5857426671924,-23.24329885877017,7.301974773406982,2652.26,362.361,False,2662.58,29.5154,2830.69,367.083,False,380.775,6.29208,22.84095975716206,0.14833705866940444,22.836743304455943,0.012035671177856214,22.770269245794985,0.1407979397190868,24.94832895041271,0.01794114395086738
2011 GK82,333791,MBO,MBO,21164710971322955,745200680697331741,16.70609,2.6757274,1.911533,271.5857404675494,-23.24326459667553,2025050100580,107,60797.21644930975,u,271.5857133392467,-23.243266006817876,10.663501739501953,3715.43,345.375,False,3627.66,20.6757,3511.87,344.821,False,362.603,7.39517,22.47497731132937,0.10092671605106977,22.500933585464043,0.006188109073322759,22.536153885980777,0.1066054970734503,25.00142152721675,0.022143236844621356
2011 GK82,333791,MBO,MBO,21164710971322955,745200680935358498,16.705803,2.6757264,1.9115199,271.5857134257046,-23.243307922272503,2025050100582,49,60797.217623277495,u,271.58578709683695,-23.243360624571324,7.105963230133057,2677.42,375.125,False,3467.52,22.3433,2757.25,375.096,False,386.068,6.19396,22.83070877370327,0.15211913173659733,22.54995255718186,0.006996046010215086,22.798809636514548,0.1477034423691773,24.933340504800395,0.017419229120243455
2011 GK82,333791,MBO,MBO,21164710971322955,745200681098412192,16.705654,2.675726,1.9115131,271.58569944534105,-23.24333027980105,2025050100583,104,60797.21822903136,u,271.5856040797286,-23.243403858759997,6.814931392669678,2865.46,417.734,False,2909.77,16.6578,2996.31,424.667,False,419.164,5.58628,22.757014138897965,0.15828137314214888,22.740353337840656,0.00621560369461632,22.708533119480037,0.15388138055382097,24.844040055975015,0.01446981678430207
2011 GK82,333791,MBO,MBO,21164710971322955,745200681370517535,16.705328,2.6757247,1.9114982,271.58566878003063,-23.24337922217651,2025050100585,111,60797.21955676924,u,271.58563562844813,-23.24342154551057,8.583541870117188,3405.77,403.761,False,3443.69,0.450011,3543.01,407.617,False,374.754,5.65217,22.56946170465984,0.12871624285001873,22.557439894786793,0.00014188072312385438,22.526569051724326,0.12491202060574262,24.96563431371484,0.016375451195304563
2011 GK82,333791,MBO,MBO,21164710971322955,745200681462792218,16.705177,2.675724,1.9114914,271.58565461374315,-23.243401786754244,2025050100586,31,60797.22016826059,u,271.58565122875166,-23.243496973191917,7.1327900886535645,4299.91,607.525,False,4738.37,21.2026,3934.12,610.812,False,642.221,4.88409,22.316351546546667,0.15340132475655469,22.210927548156036,0.004858301569079012,22.41288096066338,0.1685715473014843,24.38078872979566,0.008257022448562872
2011 GK82,333791,MBO,MBO,21164710971322955,745200681607495775,16.705032,2.6757236,1.9114848,271.58564105849734,-23.243423351573902,2025050100587,51,60797.220753260866,u,271.58564802532004,-23.243409257277214,9.945253372192383,3817.3,380.45,False,4386.74,2.15116,3859.85,382.588,False,343.432,5.56475,22.44560925533494,0.10820955834494964,22.294645205142004,0.0005324209256410341,22.43357390349215,0.10761808007569866,25.0603980808551,0.017592567484671234
2011 GK82,333791,MBO,MBO,21164710971322955,745200681769500706,16.704885,2.675723,1.9114782,271.5856271647773,-23.243445428145108,2025050100588,104,60797.22135213876,u,271.5856357328308,-23.243471423961672,8.199542045593262,3161.69,382.395,False,3764.42,54.9678,2922.85,383.268,False,246.909,6.35717,22.65020180607501,0.13131587593487037,22.460754842242483,0.015853845199765737,22.735483643636943,0.14237060938927754,25.418657713659954,0.0279544684006287
2011 GK82,333791,MBO,MBO,21164710971322955,745200682277011573,16.704298,2.675721,1.9114515,271.5855716814708,-23.243533322022497,2025050100592,48,60797.22373820979,u,271.5855661675117,-23.243582474699714,8.550490379333496,3158.45,362.797,False,3090.21,6.15287,3505.54,367.248,False,164.576,6.1985,22.651315001374,0.12471365409814977,22.675030029772238,0.0021617928879001675,22.538112670407045,0.11374408219780432,25.859083716821985,0.04089257164031718
2011 GK82,333791,MBO,MBO,21164710971322955,745200682709024825,16.703863,2.6757193,1.9114317,271.585530402109,-23.243598441595456,2025050100595,104,60797.22550701859,u,271.5855702246537,-23.24363465588907,9.993688583374023,3403.82,338.612,False,3399.64,4.37019,3585.01,339.713,False,118.084,7.91719,22.57008351378942,0.10800903098635804,22.571417708092067,0.0013956989006177647,22.51377406848424,0.10288359477547795,26.219522363110965,0.07279546704847038
2011 GK82,333791,MBO,MBO,21164710971322955,745200682948100198,16.703566,2.675718,1.9114182,271.5855022143095,-23.24364277698964,2025050100597,48,60797.22671258443,u,271.58552624835056,-23.243670041523796,10.025946617126465,3340.67,328.409,False,3377.81,2.30792,3150.24,329.399,False,97.0751,7.94368,22.59041608282178,0.10673474060474447,22.57841193843997,0.0007418393087596453,22.654140899284464,0.11352798736156286,26.43223034145338,0.08884606283399427
2011 GK82,333791,MBO,MBO,21164710971322955,745200683382210709,16.703127,2.6757166,1.9113983,271.58546040366576,-23.2437083449204,2025050100600,108,60797.22849513817,u,271.5854080371441,-23.24375199590377,9.300406455993652,2997.01,322.401,False,3010.54,8.83784,2954.88,320.725,False,66.4878,8.33754,22.70827951636068,0.11679722058649022,22.70338898115846,0.0031873228133482076,22.723650421721608,0.11784666880144555,26.843145082942918,0.1361508216542632
2011 GK82,333791,MBO,MBO,21164710971322955,745200683618140289,16.70284,2.6757154,1.9113853,271.58543306669714,-23.24375109112746,2025050100602,46,60797.22965811858,u,271.5854344844822,-23.243810373686596,7.565261363983154,2410.0,313.858,False,2483.83,30.9599,2234.65,313.608,False,70.3845,7.51153,22.944957393562827,0.1413970936134785,22.912195295249163,0.013533246302032512,23.026976267896025,0.15237087527678245,26.7813074471527,0.11587125223063928
2011 GK82,333791,MBO,MBO,21164710971322955,745200683784863904,16.70269,2.675715,1.9113785,271.58541873144713,-23.243773468076867,2025050100603,108,60797.23026715459,u,271.5853732007382,-23.243801150039488,10.223678588867188,3514.04,342.408,False,3752.76,27.9389,3469.99,340.756,False,82.2554,7.987,22.535483236125117,0.10579411357529495,22.464123019933908,0.008083190815707022,22.5491794450057,0.10662023239787947,26.612088932139024,0.10542499197747089
2011 GK82,333791,MBO,MBO,21164710971322955,745200684057493659,16.702402,2.6757138,1.9113654,271.58539112821643,-23.24381648153737,2025050100605,116,60797.23143878038,u,271.5854032069608,-23.243833267263085,10.123268127441406,3052.92,303.861,False,2896.91,2.63755,3162.13,304.512,False,72.9092,7.93305,22.688211467753106,0.10806470170830648,22.745162525609963,0.0009885304476968692,22.65005073905325,0.10455601391435926,26.743044129287313,0.11813597548538711
2011 GK82,333791,MBO,MBO,21164710971322955,745200684134563916,16.70226,2.6757133,1.911359,271.5853774609158,-23.24383774293965,2025050100606,7,60797.23201766411,u,271.58545032456885,-23.243834215357605,8.0632905960083,3688.44,463.93,False,4899.86,84.8689,3329.35,470.654,False,69.9534,8.3778,22.482893209332094,0.1365633160694023,22.174540851701146,0.018805687538428845,22.59410133556448,0.1534852339684868,26.787977936064035,0.13003057474566046
2011 GK82,333791,MBO,MBO,21164710971322955,745200684296568874,16.70211,2.6757128,1.9113522,271.58536314294884,-23.24385999112906,2025050100607,60,60797.23262317332,u,271.5853736459505,-23.243872491985165,7.577138900756836,2414.46,314.596,False,2427.13,18.3731,2342.84,317.298,False,77.0107,8.42091,22.942949980306096,0.1414677739994169,22.937267456698514,0.008218900978368365,22.975643383625794,0.14704457746996571,26.68362237311733,0.1187222965318879
2011 GK82,333791,MBO,MBO,21164710971322955,745200684459622525,16.70196,2.6757123,1.9113454,271.5853487167539,-23.243882381327023,2025050100608,115,60797.23323346234,u,271.5853723498545,-23.243915661665,9.1251802444458,2737.5,299.032,False,2712.49,16.8004,2855.33,300.228,False,74.9151,8.05314,22.80661468037956,0.11860087044020663,22.816579639488946,0.006724744556302411,22.760859199436556,0.1141613743130658,26.713576589658857,0.11671325685077533
2011 GK82,333791,MBO,MBO,21164710971322955,745200684535644245,16.701809,2.6757116,1.9113384,271.5853341584251,-23.243904950124254,2025050100609,4,60797.2338485379,u,271.5853190019206,-23.243935893740332,8.787060737609863,2762.33,309.405,False,2702.89,8.2534,2879.53,310.689,False,89.1687,9.07473,22.796811069151573,0.12161189995652139,22.82042911440628,0.0033153459387832754,22.751695970131657,0.11714630069896959,26.524468898075046,0.11049575347003673
2011 GK82,333791,MBO,MBO,21164710971322955,745200684723863583,16.701662,2.6757112,1.9113318,271.5853200840398,-23.243926743544986,2025050100610,107,60797.234442450586,u,271.58533867454224,-23.243943050129744,8.24657154083252,2410.61,289.993,False,2426.52,10.8009,2072.16,289.308,False,77.288,8.38312,22.94468256705519,0.13061254108054768,22.9375403031795,0.004832817606386266,23.108941830971844,0.15158684578331283,26.679719798951528,0.11776545133814448
2011 GK82,333791,MBO,MBO,21164710971322955,745200684961890333,16.701378,2.6757102,1.9113189,271.5852927277891,-23.243969032966717,2025050100612,49,60797.23559562226,u,271.5852518412826,-23.24401085529695,8.90821647644043,2760.25,307.804,False,2783.74,23.0457,2769.02,306.583,False,112.463,7.80948,22.797628953620027,0.12107379082695577,22.7884283289754,0.008988465525262453,22.7941847609245,0.1202115799083406,26.272475863937558,0.07539400137108211
2011 GK82,333791,MBO,MBO,21164710971322955,745200685124944046,16.701231,2.6757095,1.9113123,271.58527859182993,-23.24399084933392,2025050100613,104,60797.236190814656,u,271.5853003600458,-23.24403270219166,6.804729461669922,2400.04,348.042,False,nan,nan,2474.47,345.516,False,145.461,6.48377,22.949453782597175,0.15744811984125165,nan,nan,22.916294530664658,0.15160386887783084,25.993133588714365,0.048395540988611346
2011 GK82,333791,MBO,MBO,21164710971322955,745200685397049399,16.700918,2.6757085,1.9112982,271.5852484241703,-23.244037326285333,2025050100615,111,60797.23745847828,u,271.5852295861987,-23.244043264712293,7.6461944580078125,2633.37,337.294,False,2636.39,10.3515,2666.11,336.65,False,176.145,6.72959,22.84872024251611,0.13906602491969183,22.847475905079623,0.0042630256908319395,22.835304796665593,0.13709602078605337,25.785324173822083,0.04148036710013116
2011 GK82,333791,MBO,MBO,21164710971322955,745200685489324064,16.70077,2.6757078,1.9112914,271.5852340576224,-23.24405942095977,2025050100616,31,60797.23806147524,u,271.5852359557984,-23.2440899106337,5.185490131378174,2959.24,503.184,False,3243.19,19.6406,2614.76,500.357,False,315.963,6.06366,22.72204953183644,0.1846166846623091,22.62256903897977,0.006575165534684735,22.85642041442719,0.20776503478086591,25.15090938461298,0.020836411504005028
2011 GK82,333791,MBO,MBO,21164710971322955,745200685634027607,16.700623,2.6757073,1.9112848,271.5852198689534,-23.24408121771693,2025050100617,51,60797.23865651993,u,271.58515818499416,-23.244101571195596,8.371461868286133,2647.38,315.644,False,2933.55,4.42625,2851.52,316.148,False,179.834,6.73133,22.842959339066432,0.12945106003044868,22.731516244889395,0.0016381993746865371,22.762308937593794,0.1203755675723211,25.76282049149824,0.0406399713787536
2011 GK82,333791,MBO,MBO,21164710971322955,745200685796032542,16.700474,2.6757069,1.911278,271.5852054766691,-23.244103302678404,2025050100618,104,60797.23925939443,u,271.5852151877684,-23.244119368745476,8.05058765411377,2476.88,301.644,False,2417.92,22.4761,2822.0,302.687,False,126.512,8.95993,22.915237635429435,0.1322251545338832,22.94139521615678,0.010092607406736839,22.773607476454174,0.11645579281824772,26.144670687461684,0.07689484609552436
2011 GK82,333791,MBO,MBO,21164710971322955,745200686303543410,16.69988,2.6757047,1.9112512,271.58514797103896,-23.24419130053989,2025050100622,48,60797.241663404435,u,271.58515678098905,-23.24415758580087,6.720873832702637,2416.51,353.369,False,2769.77,24.5274,2420.45,353.736,False,219.36,6.87521,22.94202850392296,0.1587684314983836,22.793890724807298,0.009614619619529417,22.94025973262445,0.15867461904061808,25.547106403365433,0.034029286029647804
2011 GK82,333791,MBO,MBO,21164710971322955,745200686735556671,16.69944,2.675703,1.9112313,271.5851051179735,-23.244256625616945,2025050100625,104,60797.24344942246,u,271.58511008208166,-23.244265952042532,9.758699417114258,2983.77,304.1,False,3016.54,12.7875,3201.15,304.273,False,192.908,9.01418,22.713086635218282,0.11065611100470306,22.701227264607127,0.004602575120081942,22.636734970968618,0.10320048527609764,25.686624377089213,0.050734140314606185
2011 GK82,333791,MBO,MBO,21164710971322955,745200686974632033,16.699144,2.6757019,1.9112179,271.5850763117673,-23.24430041929608,2025050100627,48,60797.24464707573,u,271.5850378260004,-23.244318859673893,7.841086387634277,2537.68,318.913,False,2740.96,7.87191,2578.61,319.971,False,250.074,7.9267,22.88890788693501,0.13644564858402372,22.80524327112107,0.003118184108042378,22.87153579839304,0.13472533408025028,25.404828625698357,0.03441503364161408
2011 GK82,333791,MBO,MBO,21164710971322955,745200687408742553,16.698696,2.6757004,1.9111975,271.5850325041755,-23.24436683952221,2025050100630,108,60797.24646588034,u,271.5850184659266,-23.24441874747909,9.074052810668945,2800.37,304.072,False,3170.22,5.75805,3064.08,304.353,False,253.788,9.08181,22.78196141340387,0.11789226267601735,22.647276506326165,0.0019720156246182587,22.68424972208181,0.10784544112927397,25.38882231588472,0.03885309840202436
2011 GK82,333791,MBO,MBO,21164710971322955,745200687644672084,16.6984,2.6756992,1.9111842,271.58500359977927,-23.244410546489007,2025050100632,46,60797.247662346024,u,271.58492489049064,-23.24446085099653,8.259725570678711,2630.66,314.568,False,2566.21,20.3037,3023.26,317.682,False,314.931,8.26768,22.849838233112386,0.12982972731069248,22.876769534023722,0.00859027981579075,22.698811251348758,0.11408838647944686,25.154461470349872,0.02850313146334283
2011 GK82,333791,MBO,MBO,21164710971322955,745200687811395731,16.698252,2.6756988,1.9111775,271.58498899661333,-23.24443259317358,2025050100633,108,60797.2482660204,u,271.58499754848555,-23.244458852698553,8.209552764892578,2722.55,331.344,False,2715.23,9.0761,2892.74,330.294,False,310.06,8.18495,22.812560319582357,0.13213794575511703,22.815483449240773,0.0036292508620904365,22.746726501328677,0.12396971802405456,25.171385651805885,0.028661215517187515
2011 GK82,333791,MBO,MBO,21164710971322955,745200688084025512,16.697954,2.6756976,1.9111642,271.5849599236048,-23.24447641578801,2025050100635,116,60797.249467010726,u,271.5849515614919,-23.24450203073247,8.024131774902344,2294.05,283.224,False,2305.16,12.6037,2513.73,281.918,False,288.8,8.75181,22.99849277854026,0.1340452663416003,22.993247354061374,0.005936374734389115,22.89920343783691,0.12176668972246066,25.248507073648017,0.03290220725757234
2011 GK82,333791,MBO,MBO,21164710971322955,745200688323100703,16.697657,2.6756966,1.9111506,271.5849305605103,-23.244520582633545,2025050100637,60,60797.25067847094,u,271.5848543470031,-23.24456183250473,9.338662147521973,2725.39,290.421,False,2873.86,14.9039,2863.04,292.18,False,288.353,9.17772,22.81142839761271,0.11569742161031255,22.753835940237785,0.00563065124128627,22.757931446028508,0.11080194200076139,25.250188826617567,0.03455689057054153
2011 GK82,333791,MBO,MBO,21164710971322955,745200688486154350,16.697514,2.675696,1.9111443,271.584916650312,-23.244541473487164,2025050100638,115,60797.25125113139,u,271.5849200468454,-23.244541025611362,10.127693176269531,3003.67,294.642,False,3537.14,8.79485,3324.94,291.587,False,304.069,8.26371,22.705869485914462,0.10650420762183586,22.52836940914752,0.0026996069507564378,22.595540487444616,0.09521572552061641,25.192569634522624,0.029507148539556532
2011 GK82,333791,MBO,MBO,21164710971322955,745200688562176080,16.697365,2.6756954,1.9111375,271.5849020003276,-23.244563453063595,2025050100639,4,60797.25185400197,u,271.58484971639155,-23.2445265733256,8.500140190124512,2257.4,265.261,False,2483.63,23.6787,2564.23,268.975,False,246.277,19.0193,23.01597874519789,0.12758193896760442,22.912282808505687,0.01035130938772093,22.877607566087605,0.11388834251451993,25.421440395165178,0.08384844586936352
2011 GK82,333791,MBO,MBO,21164710971322955,745200688750395421,16.697218,2.675695,1.9111308,271.58488741158715,-23.244585318129683,2025050100640,107,60797.252454148234,u,271.5848023950596,-23.244585578900406,8.3013334274292,2310.27,279.969,False,2294.04,1.78176,2442.55,285.517,False,277.597,9.01001,22.990843144274898,0.13157443527309795,22.998497516008243,0.0008432814086271993,22.930391321625642,0.12691496015287346,25.291463138269457,0.03523991376412581
2011 GK82,333791,MBO,MBO,21164710971322955,745200688988422174,16.696918,2.6756938,1.9111174,271.58485807765146,-23.2446292149124,2025050100642,49,60797.25365925135,u,271.5848330900124,-23.244558409914486,5.735264301300049,2128.59,363.185,False,nan,nan,2377.18,365.177,False,426.546,6.71171,23.079769911349434,0.18525083956635424,nan,nan,22.959844861875183,0.16678833894239586,24.82508534135725,0.017084081641840006
2011 GK82,333791,MBO,MBO,21164710971322955,745200689692017294,16.690218,2.6756694,1.910816,271.5841874172862,-23.24561021235573,2025050100647,111,60797.28074399984,g,271.5841739057593,-23.245623817909905,59.36664581298828,11133.6,185.781,False,11465.4,1.67,11805.0,183.009,False,1241.23,3.80713,21.283411002517397,0.01811715629220735,21.251526935980376,0.00015814357576504078,21.219835021463133,0.016831808556745105,23.66536935770579,0.0033301958936201572
2011 GK82,333791,MBO,MBO,21164710971322955,745200689782719378,16.690094,2.675669,1.9108104,271.58417485076484,-23.24562821655875,2025050100648,28,60797.28124434253,g,271.58416113915456,-23.24563805547695,49.77907943725586,11563.6,230.095,False,11583.7,0.191819,13576.6,226.406,False,2090.83,3.08706,21.242267385561526,0.021604213376312673,21.240381728093137,1.797912813507579e-05,21.068022474219255,0.018105947336508426,23.09920315221131,0.0016030632119876148
2011 GK82,333791,MBO,MBO,21164710971322955,745200689928995153,16.689976,2.6756685,1.9108051,271.5841629572129,-23.245645244941453,2025050100649,51,60797.281717596794,g,271.5841508856009,-23.245659249035114,62.034969329833984,11253.7,180.025,False,10551.9,0.0719866,11189.7,173.781,False,967.128,3.58409,21.271761647172177,0.017368478832961012,21.341673292897518,7.407050465373966e-06,21.277953873327398,0.016861964705707534,23.936290117826907,0.004023641447040419
2011 GK82,333791,MBO,MBO,21164710971322955,745200690091000237,16.689856,2.675668,1.9107997,271.5841507562885,-23.24566270168792,2025050100650,104,60797.28220231854,g,271.58414346489684,-23.245678014659497,62.217079162597656,11201.5,179.883,False,10511.2,0.0600602,11494.7,174.013,False,1148.31,3.58971,21.276809541962173,0.01743565423820068,21.345869230756666,6.203814187507803e-06,21.248755878781317,0.016436463023695645,23.74985207741662,0.0033940990757238146
2011 GK82,333791,MBO,MBO,21164710971322955,745200690363105644,16.689608,2.675667,1.9107887,271.5841256070793,-23.2456986473064,2025050100652,111,60797.28320126145,g,271.58411476681675,-23.245714730107423,64.43495178222656,11514.5,178.457,False,10757.4,0.0223328,11773.6,172.383,False,1050.44,3.91789,21.24688728970216,0.016827237542901424,21.320731666565106,2.2540325016023937e-06,21.222726843849912,0.01589679160352001,23.846571933017724,0.004049536703255809
2011 GK82,333791,MBO,MBO,21164710971322955,745200690598511124,16.689365,2.6756663,1.9107778,271.58410096349576,-23.245733822073564,2025050100654,48,60797.28417959226,g,271.58408833854935,-23.245750580179838,66.57572937011719,11449.7,170.885,False,10614.3,0.14434,12673.0,166.865,False,824.496,5.05284,21.253014712398894,0.01620444397853528,21.33527162432674,1.476453084287374e-05,21.142801412826554,0.014295855580453907,24.109528654722872,0.006653824598422769
2011 GK82,333791,MBO,MBO,21164710971322955,745200690762088719,16.68924,2.6756659,1.9107721,271.58408805314707,-23.245752230656777,2025050100655,104,60797.284691791996,g,271.5840750405692,-23.245773499557746,68.9763412475586,11147.7,160.1,False,10685.0,0.25808,12269.1,163.03,False,897.643,4.41007,21.282036799141597,0.015593025463824073,21.32806368374978,2.6224315007372517e-05,21.177968269023573,0.01442710368095,24.017240872205214,0.005334161324056154
2011 GK82,333791,MBO,MBO,21164710971322955,745200691030524441,16.688988,2.675665,1.9107609,271.584062517039,-23.245788604147737,2025050100657,104,60797.28570343807,g,271.5840478205712,-23.24580383762661,69.94227600097656,11773.7,167.245,False,11294.7,0.124228,11730.5,163.017,False,595.575,4.38875,21.222717568069257,0.01542284441178667,21.267813231082034,1.1941781154712263e-05,21.22670869038188,0.015088313118413518,24.462658829214742,0.00800071318272658
2011 GK82,333791,MBO,MBO,21164710971322955,745200691269599793,16.688738,2.675664,1.9107497,271.5840370077808,-23.24582488957844,2025050100659,48,60797.28671342708,g,271.5840308346934,-23.24584505523883,72.55078887939453,11757.3,161.101,False,10865.5,0.0355975,12485.4,160.458,False,689.636,4.7782,21.2242310184757,0.014876986125665423,21.309875709657625,3.557083793894467e-06,21.15899381456896,0.013953501402260865,24.30345021099796,0.007522613376883337
2011 GK82,333791,MBO,MBO,21164710971322955,745200691433177659,16.68862,2.6756635,1.9107443,271.58402487639046,-23.245842128451564,2025050100660,104,60797.28719301775,g,271.58401545633694,-23.24585844150177,74.5738525390625,10667.7,142.875,False,10836.3,0.135002,11077.3,148.83,False,329.235,4.97371,21.329822995520416,0.014541518548016667,21.312797469940598,1.3526440210996387e-05,21.288915225110692,0.014587500942586734,25.106235054413172,0.016402075491689497
2011 GK82,333791,MBO,MBO,21164710971322955,745200691705282670,16.688368,2.6756625,1.9107331,271.583999358184,-23.245878354048116,2025050100662,111,60797.28820217203,g,271.58398553718996,-23.245890752049228,69.32135772705078,11693.5,167.812,False,10938.2,0.15214,12228.7,164.947,False,671.858,4.41208,21.23013870002898,0.015581268238707199,21.302635330643557,1.5101562434043788e-05,21.18154925561102,0.01464496910262233,24.331806314564528,0.007130011095492107
2011 GK82,333791,MBO,MBO,21164710971322955,745200691939639669,16.688124,2.6756618,1.9107223,271.5839744249485,-23.24591370231939,2025050100664,46,60797.28918785686,g,271.5839650043113,-23.245931824362234,60.90185546875,11610.6,189.04,False,10857.3,0.391264,12052.8,185.389,False,1098.58,3.30909,21.237863378233534,0.0176776025152276,21.310695424375783,3.912662346384888e-05,21.197280142372797,0.016700149404527957,23.797920822712864,0.0032704025668873504
2011 GK82,333791,MBO,MBO,21164710971322955,745200692107935801,16.687998,2.6756613,1.9107165,271.58396153223777,-23.245931962510124,2025050100665,111,60797.28969674934,g,271.58395222289704,-23.245946777907008,62.8725471496582,11627.4,183.701,False,10750.8,0.171683,12438.0,183.181,False,1156.87,3.86678,21.236293430763908,0.017153518776628743,21.32139806312873,1.733847254535316e-05,21.16312361880624,0.01599021092287559,23.74178860688924,0.003629018909522486
2011 GK82,333791,MBO,MBO,21164710971322955,745200692399440287,16.68774,2.6756604,1.9107051,271.58393527332936,-23.24596911583281,2025050100667,155,60797.29073289838,g,271.58392730283333,-23.245985859435518,63.248870849609375,11868.5,186.185,False,11492.9,0.492871,11192.5,175.42,False,650.945,4.34769,21.214010414679095,0.017032294951524554,21.248925893316535,4.65616037804322e-05,21.277682242361294,0.017016738266752617,24.36613924910349,0.007251679483566339
2011 GK82,333791,MBO,MBO,21164710971322955,745200692618068303,16.687489,2.6756594,1.9106938,271.5839094226018,-23.24600564271547,2025050100669,60,60797.291751934696,g,271.5839090887119,-23.246020093947457,65.63642883300781,11584.1,174.732,False,10630.3,0.165503,11445.2,168.386,False,659.026,3.67738,21.240344291796895,0.016377004609376123,21.333636217411097,1.6903812427043124e-05,21.253441516001526,0.015973751020296648,24.352743626421326,0.006058432734088353
2011 GK82,333791,MBO,MBO,21164710971322955,745200692801568965,16.687365,2.675659,1.9106882,271.58389673009754,-23.24602355952473,2025050100670,154,60797.292251945415,g,271.58389630258614,-23.246039460256387,60.62914276123047,11719.4,192.688,False,11707.4,0.312724,12675.3,191.997,False,1023.35,3.32104,21.22773651979321,0.01785145439977803,21.228848821529866,2.9001806663346907e-05,21.142604399122348,0.01644600844341245,23.874939541152518,0.0035234996426221857
2011 GK82,333791,MBO,MBO,21164710971322955,745200693045362932,16.687113,2.675658,1.910677,271.58387087178664,-23.24606002570734,2025050100672,107,60797.2932699156,g,271.5838723850246,-23.246079828984588,53.13397979736328,11564.8,216.724,False,10906.3,0.154413,12336.1,210.579,False,1576.39,2.89403,21.242154701974442,0.020346663682352426,21.30580642026965,1.5372013177277626e-05,21.172055331284987,0.018533673187022107,23.405840811889878,0.001993258788546333
2011 GK82,333791,MBO,MBO,21164710971322955,745200693283389621,16.686857,2.675657,1.9106655,271.5838448391484,-23.24609668999056,2025050100674,49,60797.29429340684,g,271.5838415856372,-23.246099867409328,60.54070281982422,11845.6,194.508,False,11034.9,0.0919367,12097.3,190.994,False,947.461,3.48461,21.216107377358945,0.017828086370288442,21.293078956889516,9.045754855277385e-06,21.193278890487676,0.01714176780091855,23.95859664593161,0.0039931641829596375
2011 GK82,333791,MBO,MBO,21164710971322955,745200693448016110,16.686735,2.6756568,1.91066,271.58383214546103,-23.24611455052323,2025050100675,107,60797.29479243902,g,271.58382412080704,-23.246134506915983,66.16661834716797,11734.5,177.108,False,11264.1,0.257603,11522.0,172.04,False,781.886,3.87153,21.226338526745735,0.016386941889966252,21.27075879420638,2.4830115325844195e-05,21.24618032277373,0.016211599494627662,24.16714142655283,0.005376052804512326
2011 GK82,333791,MBO,MBO,21164710971322955,745200693720121433,16.686464,2.6756556,1.910648,271.5838044000401,-23.24615355052218,2025050100677,114,60797.29588233264,g,271.58380241642163,-23.246168187838926,47.953922271728516,11300.4,234.106,False,11469.6,0.604644,12503.3,232.378,False,2050.72,3.03624,21.267265421300642,0.022492774964886025,21.251129356396376,5.7236861331138594e-05,21.15743838791103,0.02017877026262846,23.120234098081283,0.0016075114354655363
2011 GK82,333791,MBO,MBO,21164710971322955,745200693809250649,16.686335,2.6756551,1.9106421,271.58379112973626,-23.24617218501477,2025050100678,28,60797.29640350863,g,271.5837898479459,-23.246182577913217,52.25075149536133,11662.4,219.901,False,13275.2,4.33129,12408.5,218.356,False,1087.09,3.03,21.233030131422645,0.020472155836351934,21.092397302157863,0.0003542423500561837,21.165701787408693,0.019106017469839042,23.80933628228076,0.003026226690328724
2011 GK82,333791,MBO,MBO,21164710971322955,745200693955526978,16.686216,2.675655,1.9106369,271.5837789244006,-23.24618931342621,2025050100679,51,60797.29688292678,g,271.583771171687,-23.24621022289669,72.94319152832031,11802.0,161.686,False,10891.4,0.048349,13138.5,162.96,False,655.809,4.36294,21.220110974242548,0.01487445763759506,21.307290690229486,4.819789782645406e-06,21.103635536504605,0.01346664986237953,24.35805653419454,0.007223142082440422
2011 GK82,333791,MBO,MBO,21164710971322955,745200694119104558,16.686094,2.6756544,1.9106314,271.5837664850433,-23.24620675983233,2025050100680,107,60797.29737012891,g,271.5837582357989,-23.246220486245406,77.54833221435547,11239.2,144.598,False,11434.9,0.441618,11426.1,142.293,False,495.764,5.32773,21.273161482398084,0.013968546589349559,21.25441903544595,4.1931335648606255e-05,21.25525498551859,0.013521032221850393,24.661812515430448,0.011667869099077128
2011 GK82,333791,MBO,MBO,21164710971322955,745200694389637703,16.685839,2.6756535,1.91062,271.5837400868565,-23.246243749134567,2025050100682,111,60797.29840548485,g,271.5837338736449,-23.246259547246606,65.39604949951172,12674.5,193.012,False,12158.2,0.790959,13035.9,188.13,False,1011.79,3.32321,21.14267291066192,0.016533994176955582,21.187826774643355,7.06332195244004e-05,21.11214741676746,0.015669002629806077,23.887274066689496,0.003566085346215605
2011 GK82,333791,MBO,MBO,21164710971322955,745200694625043068,16.685589,2.6756525,1.9106089,271.5837145615376,-23.24627947105675,2025050100684,48,60797.29940548696,g,271.5837108567894,-23.246292648648506,66.99436950683594,11773.6,174.56,False,10641.4,0.384445,11938.5,170.147,False,767.964,6.11874,21.222726843849912,0.0160975500730415,21.33250303961809,3.92247122115257e-05,21.207625590605815,0.015473867024912807,24.186647860185825,0.008650584828490902
2011 GK82,333791,MBO,MBO,21164710971322955,745200694788620839,16.685469,2.675652,1.9106035,271.5837020982034,-23.246296897437965,2025050100685,104,60797.29989384275,g,271.5836962286824,-23.24630763368774,65.77705383300781,11508.4,173.428,False,11099.7,0.217415,11722.1,170.3,False,816.794,3.69116,21.247462592272722,0.016361704960564268,21.286721878546828,2.1266821463503376e-05,21.227486481226194,0.015773699690781927,24.11971864442973,0.004906532098543446
2011 GK82,333791,MBO,MBO,21164710971322955,745200695058628666,16.685205,2.675651,1.9105917,271.5836749850704,-23.246334772128044,2025050100687,107,60797.3009545994,g,271.58366499107495,-23.24634859782327,67.17636108398438,11898.0,176.973,False,11616.6,0.917281,11834.3,168.722,False,822.133,3.77096,21.211315088527634,0.016149436979685135,21.237302448152203,8.573293345125332e-05,21.217143581759363,0.015479376650503453,24.112644803517597,0.004980055442438997
2011 GK82,333791,MBO,MBO,21164710971322955,745200695296131548,16.684948,2.6756501,1.9105803,271.58364854161823,-23.24637166530456,2025050100689,48,60797.30198891531,g,271.5836386706337,-23.24639178795939,80.21246337890625,11888.4,147.922,False,10914.2,0.00233195,13378.6,153.808,False,677.268,12.0713,21.212191441724812,0.013509325260109353,21.305020210924482,2.319805850121464e-07,21.083973358750498,0.012482241609691318,24.323098600733786,0.019351640501461244
2011 GK82,333791,MBO,MBO,21164710971322955,745200695731814854,16.68456,2.6756487,1.9105629,271.58360845541694,-23.2464275069666,2025050100692,111,60797.30355416398,g,271.58360084219316,-23.246444086578858,72.5294189453125,12873.3,175.367,False,11243.2,0.140428,14639.2,175.93,False,903.108,4.97843,21.12577529099849,0.014790481747484058,21.27277514065615,1.3560887321424738e-05,20.9862066251768,0.013048087327345326,24.010650811122453,0.005985177457131521
2011 GK82,333791,MBO,MBO,21164710971322955,745200695966696187,16.684303,2.6756477,1.9105514,271.5835818861612,-23.24646446298615,2025050100694,47,60797.30459107594,g,271.5835719755213,-23.246482900141483,77.8969955444336,11933.6,153.176,False,11092.8,0.0642158,12676.0,151.761,False,630.224,5.31882,21.20807134373862,0.013936174228843825,21.287397061979966,6.285286131846647e-06,21.14254442370434,0.012998770423893068,24.40126265712196,0.009163147466946164
2011 GK82,333791,MBO,MBO,21164710971322955,745200696134468071,16.68418,2.6756475,1.910546,271.5835692481835,-23.24648202606204,2025050100695,111,60797.30508495514,g,271.58355681501934,-23.246500882355278,74.3170394897461,11852.6,157.509,False,11440.8,0.314826,12530.3,156.853,False,691.894,4.64338,21.215465965445393,0.014428330697662146,21.25385903443861,2.9877106923620584e-05,21.15509634446918,0.013591133503068963,24.299901117140628,0.00728650066245095
2011 GK82,333791,MBO,MBO,21164710971322955,745200696427020384,16.683903,2.6756463,1.9105335,271.58354057273505,-23.246521839861632,2025050100697,157,60797.306202946434,g,271.58352769088236,-23.246542492299916,75.93910217285156,12345.4,161.177,False,12470.5,0.275,12215.0,156.759,False,578.588,4.49378,21.17123705075798,0.014174972123850264,21.16029033324677,2.394270179864301e-05,21.182766321726362,0.01393360005218789,24.49407642099164,0.008432701132654024
2011 GK82,333791,MBO,MBO,21164710971322955,745200696481547094,16.683765,2.6756458,1.9105275,271.5835264066001,-23.24654148990069,2025050100698,5,60797.30675439897,g,271.5835175091891,-23.2465571093901,76.3179931640625,11938.3,155.092,False,10923.2,0.341564,13012.2,155.213,False,540.049,5.82337,21.20764379734211,0.014104939317516616,21.304125266817465,3.3950526771838266e-05,21.11412315907746,0.012950951279290324,24.568917061826564,0.011707536703804203
2011 GK82,333791,MBO,MBO,21164710971322955,745200696644600192,16.683643,2.6756454,1.910522,271.5835137758873,-23.24655899983528,2025050100699,60,60797.307246393655,g,271.583498595143,-23.24657809573643,74.60678100585938,12129.3,161.928,False,11397.7,0.33352,13665.2,163.094,False,696.239,4.72387,21.19041067296496,0.014494743162073232,21.257956927195135,3.1770859700446834e-05,21.060960003766088,0.012958248081709667,24.293104111823183,0.0073665456378130875
2011 GK82,333791,MBO,MBO,21164710971322955,745200696828101328,16.683516,2.6756449,1.9105164,271.5835006273894,-23.24657721732411,2025050100700,154,60797.30775836383,g,271.5834939913458,-23.246600516980454,65.81997680664062,12011.4,181.007,False,11984.3,0.770253,12370.9,178.542,False,863.775,3.79321,21.201015889805376,0.01636161071415667,21.203468337501707,6.9782263913883e-05,21.16899672496735,0.015669798917913518,24.058998393740424,0.004767937651571155
2011 GK82,333791,MBO,MBO,21164710971322955,745200696884199709,16.68338,2.6756444,1.9105103,271.5834865238462,-23.24659674649124,2025050100701,5,60797.3083078934,g,271.58348538936946,-23.24661419791363,58.5858268737793,11835.4,201.079,False,11019.6,0.283736,12451.5,197.491,False,1017.03,3.86122,21.217042613349136,0.01844624916875974,21.29458546257584,2.79558648612829e-05,21.16194581770926,0.017220666256924245,23.881665559272804,0.004122067294675135
2011 GK82,333791,MBO,MBO,21164710971322955,745200697071895166,16.683247,2.675644,1.9105043,271.5834726980265,-23.246615879558167,2025050100702,107,60797.30884537083,g,271.5834672676906,-23.246628243240032,71.5146713256836,12049.4,167.304,False,12149.1,0.553896,12379.2,161.761,False,682.821,4.14571,21.197586410424442,0.01507527387586339,21.188639767956303,4.9500372124642675e-05,21.16826853408601,0.014187489754576687,24.314232852438295,0.00659198756096963
2011 GK82,333791,MBO,MBO,21164710971322955,745200697309921523,16.682987,2.675643,1.9104928,271.58344580380896,-23.24665306508022,2025050100704,49,60797.30989170977,g,271.58344333934315,-23.246675532514125,72.62985229492188,11983.3,163.46,False,11192.4,0.108322,12214.6,160.477,False,664.286,4.36727,21.203558937830742,0.014810148307382741,21.277691905080616,1.0507944250717365e-05,21.182801911224722,0.014264544065056598,24.34411223327007,0.007138044562867986
2011 GK82,333791,MBO,MBO,21164710971322955,745200697474548465,16.682861,2.6756425,1.9104872,271.58343291609606,-23.246670869321942,2025050100705,107,60797.31039287135,g,271.58343414660277,-23.246686446724922,74.7643051147461,12335.2,163.361,False,11675.0,0.644278,12987.4,160.895,False,649.311,4.52381,21.17213449423294,0.014378927064001134,21.231857776904622,5.99157121648407e-05,21.116194425818442,0.01345069267514267,24.368868142440938,0.007564425057168034
2011 GK82,333791,MBO,MBO,21164710971322955,745205072798417223,16.466846,2.6748421,1.9007834,271.56516894097444,-23.27777657440993,2025050200536,31,60798.196848103165,r,271.5651656351926,-23.27778226819176,48.25943374633789,17865.3,369.137,False,18500.5,0.906071,17275.3,347.902,False,3140.85,7.92921,20.769974168981655,0.022433733591515098,20.73204133516725,5.317445996891323e-05,20.806435955904675,0.021865309938054665,22.65738197635031,0.00274098740990739
2011 GK82,333791,MBO,MBO,21164710971322955,745205072943121409,16.466713,2.6748416,1.9007775,271.56515327628085,-23.277796616508752,2025050200537,51,60798.197381072954,r,271.5651350324276,-23.277798952009302,59.139835357666016,18722.9,316.179,False,17574.4,0.139057,19890.5,299.623,False,2064.42,7.38827,20.719067183055447,0.018335138503265545,20.787798708655856,8.590860068931877e-06,20.653385749012486,0.0163551204597195,23.11300489648313,0.003885697884107824
2011 GK82,333791,MBO,MBO,21164710971322955,745205073612637890,16.466078,2.6748393,1.9007496,271.56507892687563,-23.2778914837282,2025050200542,48,60798.199905881425,r,271.56506273236215,-23.27790511370178,64.36536407470703,18483.7,287.218,False,17401.8,0.125403,17118.1,269.38,False,1461.96,9.35463,20.733027768190617,0.01687124225074231,20.798514518820312,7.824166077096916e-06,20.81636112703454,0.01708575313926858,23.487661303366764,0.006947290798031845
2011 GK82,333791,MBO,MBO,21164710971322955,745205073776214157,16.465956,2.6748388,1.9007443,271.56506475595785,-23.27790951722588,2025050200543,104,60798.200385421536,r,271.5650655431195,-23.27792646465006,60.752708435058594,17417.7,284.196,False,16510.6,0.0559921,16987.8,264.689,False,1431.73,8.69866,20.7975230335668,0.0177154225831701,20.85559288584449,3.6820377218147614e-06,20.82465710173682,0.016916988194377935,23.510347202015083,0.0065965301500469885
2011 GK82,333791,MBO,MBO,21164710971322955,745205074044650083,16.465693,2.6748378,1.9007328,271.5650339291511,-23.277948693837637,2025050200545,104,60798.201428851826,r,271.5650288311767,-23.277967303872543,61.54924011230469,17975.6,289.429,False,17087.5,0.243046,18673.8,269.154,False,1396.59,8.09923,20.763291535019217,0.017481671554576868,20.8183036810603,1.5443092451964024e-05,20.72191819678121,0.015649210188449343,23.53732770647595,0.00629649879594766
2011 GK82,333791,MBO,MBO,21164710971322955,745205074446778833,16.465313,2.6748366,1.9007162,271.56498930516307,-23.278005277772436,2025050200548,103,60798.202935686815,r,271.5649727746273,-23.27801684760244,59.93644714355469,17225.3,283.643,False,15749.6,0.0783222,16647.3,263.204,False,1279.16,8.35429,20.809582964697917,0.01787843847075354,20.906826206217588,5.3993277557095156e-06,20.846640434048673,0.017166153640173848,23.632687795149494,0.007091024488693614
2011 GK82,333791,MBO,MBO,21164710971322955,745205074717836450,16.46506,2.6748357,1.900705,271.5649594915767,-23.278042998866795,2025050200550,108,60798.2039408542,r,271.5649501415543,-23.278055039723178,67.38838958740234,17904.4,263.385,False,15885.4,0.198788,20091.6,254.926,False,1097.81,10.1902,20.767600546781445,0.015971863600796637,20.897504585827114,1.3586773117479082e-05,20.642463712899236,0.013776025182111533,23.79868198587237,0.01007812674553061
2011 GK82,333791,MBO,MBO,21164710971322955,745205074953766235,16.464815,2.6748347,1.9006943,271.5649306752207,-23.2780793955432,2025050200552,46,60798.204910136104,r,271.5649170278281,-23.278094484157084,61.75178909301758,18033.6,289.449,False,16929.7,0.533928,18735.1,276.767,False,1307.71,8.50874,20.75979394242065,0.017426651977688334,20.82837689427248,3.42418921898235e-05,20.71835998384914,0.016039196833328793,23.60872142048053,0.007064446866955067
2011 GK82,333791,MBO,MBO,21164710971322955,745205075470188819,16.464281,2.6748328,1.9006709,271.56486767494806,-23.278158755835445,2025050200556,7,60798.20702649155,r,271.56485760447407,-23.278173119615996,57.08230209350586,17716.7,306.829,False,15838.7,0.283905,17669.3,282.989,False,1127.03,9.1016,20.779042969752865,0.018803466758928324,20.900701154272483,1.946156773358841e-05,20.78195159070014,0.017388996966897052,23.77016128046108,0.008768121568503883
2011 GK82,333791,MBO,MBO,21164710971322955,745205075632194224,16.464146,2.6748323,1.9006649,271.56485150733306,-23.2781790752397,2025050200557,60,60798.207568407095,r,271.56484660480226,-23.278185769449863,61.442115783691406,17035.5,276.119,False,16172.8,0.209321,17613.6,260.823,False,1085.16,9.0737,20.821612787900335,0.017598097040478204,20.8780369733525,1.4052445996045276e-05,20.78537970055079,0.016077631960154427,23.811265523580115,0.009078517672784179
2011 GK82,333791,MBO,MBO,21164710971322955,745205075795248301,16.464022,2.6748319,1.9006596,271.5648368204805,-23.278197517235014,2025050200558,115,60798.20806020977,r,271.5648273855542,-23.27820375922549,60.10282516479492,17490.2,289.487,False,16522.9,0.0996012,16990.6,269.574,False,1116.36,7.58108,20.79301310936347,0.01797043659970015,20.85478428825918,6.544893946021267e-06,20.82447823581034,0.017226364222395624,23.780489346735067,0.007373117176897365
2011 GK82,333791,MBO,MBO,21164710971322955,745205075871269737,16.463884,2.6748314,1.9006535,271.56482053963083,-23.278217942609512,2025050200559,4,60798.20860568728,r,271.5648070761432,-23.278232040617457,57.421356201171875,16757.6,289.874,False,16017.7,0.37621,16772.0,276.116,False,1059.01,8.32075,20.839470476057677,0.018781131920283363,20.888499598311192,2.550084076074936e-05,20.83853786567117,0.01787438200555689,23.83774983730109,0.008530740691043518
2011 GK82,333791,MBO,MBO,21164710971322955,745205076059488613,16.46376,2.674831,1.9006481,271.5648058612837,-23.27823634122192,2025050200560,107,60798.20909645736,r,271.5648024603191,-23.27825443611164,61.10538101196289,17323.7,281.594,False,15559.5,0.122252,17968.0,268.379,False,1131.32,9.22139,20.80339841319408,0.01764847049237707,20.920010907621915,8.530699898115673e-06,20.76375065270654,0.01621709675596233,23.766036389415405,0.008849836657497095
2011 GK82,333791,MBO,MBO,21164710971322955,745205076297515558,16.463507,2.6748302,1.900637,271.5647758754378,-23.27827387919202,2025050200562,49,60798.21009890037,r,271.5647701457218,-23.278283866271607,62.432220458984375,17417.3,278.565,False,15754.9,0.0600163,19791.1,269.395,False,1116.06,10.1804,20.797547870542203,0.01736480941149972,20.906460845702682,4.135974759892281e-06,20.65882518843336,0.01477896118586606,23.78078108514924,0.009903793850067922
2011 GK82,333791,MBO,MBO,21164710971322955,745205076462141465,16.463383,2.6748297,1.9006315,271.5647612264622,-23.278292194343244,2025050200563,107,60798.2105870055,r,271.564759510834,-23.27830697731761,66.85517120361328,15990.4,238.108,False,16173.1,0.0727776,15273.4,215.823,False,664.487,10.8419,20.89035165407062,0.01616735489935723,20.87801684660942,4.885722350242611e-06,20.940160657771152,0.015342152815084184,24.343783778697606,0.017715084309932537
2011 GK82,333791,MBO,MBO,21164710971322955,745205076732674780,16.4631,2.6748288,1.9006193,271.5647276372586,-23.27833413257788,2025050200565,111,60798.211707410024,r,271.5647196578467,-23.27835180988203,61.98850631713867,18143.1,291.41,False,17457.9,2.17441,14926.6,252.154,False,979.443,14.9749,20.753221287642408,0.017438827885901162,20.795019971965036,0.00013523022367503584,20.965097791317323,0.018341266041409253,23.92255209078811,0.016600038463533206
2011 GK82,333791,MBO,MBO,21164710971322955,745205076969653483,16.462854,2.6748278,1.9006084,271.5646982944105,-23.27837070407792,2025050200567,51,60798.21268402504,r,271.56469765063275,-23.27838799526267,64.55826568603516,17072.3,262.225,False,16056.3,0.421094,18697.2,252.466,False,958.808,9.73411,20.81926986603753,0.01667655616940593,20.88588632814718,2.847461789680591e-05,20.72055861132467,0.014660563711948512,23.945670896307437,0.011022723735324607
2011 GK82,333791,MBO,MBO,21164710971322955,745205077131658010,16.462723,2.6748273,1.9006027,271.56468266095294,-23.27839016430395,2025050200568,104,60798.213204770946,r,271.5646733211227,-23.278404863908257,65.18087005615234,16647.5,253.544,False,14996.2,0.0568493,16602.1,235.038,False,816.468,10.1867,20.846627441088543,0.016535930751829124,20.96004692623785,4.115932259937289e-06,20.849592461962494,0.015370902837685406,24.12015205659378,0.013546236490296163
2011 GK82,333791,MBO,MBO,21164710971322955,745205077400092876,16.462473,2.6748264,1.9005917,271.5646528365638,-23.27842724205528,2025050200570,104,60798.2141952809,r,271.56464702326394,-23.278444833981276,61.65718078613281,17341.5,280.699,False,15848.9,0.119711,18423.9,265.03,False,1119.4,10.1364,20.802283349394628,0.01757432012835803,20.90000216024806,8.200856846371622e-06,20.73654605765934,0.015618444461852843,23.777536719893366,0.009831567328712069
2011 GK82,333791,MBO,MBO,21164710971322955,745205077494464634,16.462337,2.674826,1.9005859,271.5646367490984,-23.27844721650984,2025050200571,28,60798.21472929536,r,271.5646236632805,-23.278461818843393,55.51266860961914,16765.8,300.281,False,15810.8,0.228025,16618.2,287.461,False,986.338,11.1852,20.838939246570217,0.019445892499648565,20.902615400758233,1.565860081601698e-05,20.848540097548806,0.018781024914745186,23.914935572960772,0.01231238800106888
2011 GK82,333791,MBO,MBO,21164710971322955,745205077639169828,16.462215,2.6748254,1.9005805,271.5646222182726,-23.278465242917207,2025050200572,48,60798.21521143279,r,271.5646140486921,-23.278483037090236,64.19510650634766,15502.2,240.463,False,15975.9,0.376469,14937.0,232.777,False,829.151,10.5781,20.92401664733689,0.016841440500841874,20.891336639862782,2.5585162549263515e-05,20.964341547512195,0.016920024684699053,24.1034159265825,0.01385154978529017
2011 GK82,333791,MBO,MBO,21164710971322955,745205077802746047,16.462086,2.674825,1.9005749,271.56460668220143,-23.27848450038961,2025050200573,104,60798.21572671798,r,271.5646073518338,-23.278503638124217,62.58246612548828,16941.7,268.317,False,15981.0,0.310413,17189.7,252.504,False,1026.31,10.056,20.827607582369033,0.017195528168777122,20.89099012123877,2.1089208169067678e-05,20.811829306068866,0.015948663718417973,23.87180353667233,0.010638269515681743
2011 GK82,333791,MBO,MBO,21164710971322955,745205078071182213,16.461836,2.6748242,1.900564,271.5645767564721,-23.2785215479248,2025050200575,104,60798.21671767479,r,271.5645700816674,-23.278535604077103,68.32835388183594,16448.6,238.453,False,14999.3,0.0958994,16987.0,227.781,False,803.453,11.7358,20.859677677082846,0.01573976293194575,20.959822535370485,6.941754302601661e-06,20.82470828303445,0.014558785236813272,24.13759880429962,0.01585902682137423
2011 GK82,333791,MBO,MBO,21164710971322955,745205078310258076,16.461588,2.6748233,1.9005531,271.5645470030921,-23.27855832190178,2025050200577,48,60798.217701478265,r,271.5645406176857,-23.278574468842717,66.84806823730469,15051.4,225.282,False,15447.9,0.183222,14252.4,209.816,False,694.205,11.5674,20.95605772797812,0.01625076835471634,20.92782634896843,1.2877527000496628e-05,21.015279963943776,0.015983610834998618,24.29628062990784,0.018091406202124807
2011 GK82,333791,MBO,MBO,21164710971322955,745205078473310775,16.461458,2.6748228,1.9005475,271.5645316577356,-23.278577264821266,2025050200578,103,60798.21820840134,r,271.5645190812162,-23.278593265512278,68.00447082519531,17272.1,252.234,False,15212.2,0.319434,17358.7,237.937,False,971.241,11.3158,20.806637165151855,0.01585560441637908,20.944519919571817,2.2798874614845138e-05,20.801207054938683,0.014882267861922737,23.93168245028719,0.01264976775308429
2011 GK82,333791,MBO,MBO,21164710971322955,745205078980297968,16.458395,2.6748118,1.9004139,271.5641620555609,-23.279028875640343,2025050200582,46,60798.23032175077,r,271.5641575495499,-23.27903988110452,62.650604248046875,15644.1,249.867,False,15217.2,0.72872,15543.2,224.063,False,1419.23,10.6777,20.914123568659875,0.01734134017422301,20.944163114573826,5.1993644501151736e-05,20.921148898187923,0.015651430338241117,23.519868057946212,0.008168630651463893
2011 GK82,333791,MBO,MBO,21164710971322955,745205079147021744,16.45827,2.6748114,1.9004084,271.5641465871453,-23.27904758803425,2025050200583,108,60798.230824741775,r,271.5641412701406,-23.279065384198816,62.17605209350586,16086.7,256.783,False,15049.2,1.03535,16157.9,236.45,False,1992.02,11.0096,20.88383257992318,0.017330999215708406,20.956216451170754,7.469612518341072e-05,20.879037683780968,0.015888346635099262,23.151765753224243,0.006000703236625766
2011 GK82,333791,MBO,MBO,21164710971322955,745205079496720681,16.457891,2.6748102,1.9003919,271.56410077307106,-23.27910292436501,2025050200586,7,60798.2323126608,r,271.5640967475046,-23.279114764476983,60.579158782958984,16863.9,274.559,False,14283.5,0.0424261,18448.8,256.531,False,2356.59,14.1206,20.8326049292277,0.017676731325458155,21.01291340219113,3.2249484212658007e-06,20.735079647070222,0.015097187291849102,22.969289883367964,0.006505690767637089
2011 GK82,333791,MBO,MBO,21164710971322955,745205079658726231,16.457766,2.6748097,1.9003865,271.5640852986762,-23.27912158627353,2025050200587,60,60798.2328141373,r,271.56407173726006,-23.279134116046137,65.84121704101562,15947.4,240.434,False,14873.4,0.308933,17174.2,225.819,False,1850.53,12.1348,20.893275254561093,0.01636930775485375,20.96897432683558,2.2551650806110142e-05,20.812808759104186,0.014276058007972344,23.23175965760008,0.007119685410410401
2011 GK82,333791,MBO,MBO,21164710971322955,745205079821780168,16.457638,2.6748092,1.900381,271.5640698767838,-23.27914017049964,2025050200588,115,60798.233314468176,r,271.5640603053438,-23.279156347964708,64.40030670166016,15503.2,238.389,False,14743.1,0.500227,15626.8,221.251,False,1618.06,13.5086,20.923946612040368,0.016695106369818136,20.978528000532613,3.6838558457010374e-05,20.915324878922938,0.015372323938902723,23.37751340608041,0.009064420243754494
2011 GK82,333791,MBO,MBO,21164710971322955,745205079897801640,16.45751,2.6748087,1.9003754,271.56405422970977,-23.27915901147685,2025050200589,4,60798.233821185844,r,271.56404846735245,-23.27917419194908,62.409393310546875,15989.7,253.495,False,13485.4,0.0548738,18970.1,248.118,False,2338.83,18.2186,20.89039919784862,0.017212873947717984,21.07534038630959,4.417998097666285e-06,20.704825971712406,0.014200805324734516,22.977503324071964,0.008457473275260398
2011 GK82,333791,MBO,MBO,21164710971322955,745205080086020521,16.457376,2.6748083,1.9003695,271.5640378937384,-23.279178666335717,2025050200590,107,60798.2343500782,r,271.5640275709598,-23.279185561595035,58.54861831665039,15651.0,263.925,False,14852.4,1.03121,17738.2,247.546,False,2609.52,14.2857,20.913644771394907,0.01830892048988394,20.970508378971687,7.538323390721126e-05,20.77772617956068,0.015152026252924828,22.858598417515072,0.005943813963962526
2011 GK82,333791,MBO,MBO,21164710971322955,745205080324047359,16.457119,2.6748073,1.9003583,271.5640066141925,-23.279216256427656,2025050200592,49,60798.23536296813,r,271.56400025038386,-23.27923286108026,62.56288146972656,15497.5,245.115,False,14163.7,0.487983,18309.6,235.567,False,2600.83,12.7964,20.92434588744097,0.017172462383830682,21.022058186445967,3.740694807570096e-05,20.743302881646127,0.013968826597016258,22.86222005236624,0.005341954079826461
2011 GK82,333791,MBO,MBO,21164710971322955,745205080488673414,16.456991,2.6748068,1.9003527,271.5639908678047,-23.279235157662796,2025050200593,107,60798.23587132639,r,271.5639791642357,-23.27925546580572,64.34538269042969,15908.9,245.457,False,15164.5,0.094892,14799.6,218.59,False,1556.9,13.6203,20.895899593433434,0.016751726760674202,20.947929761408478,6.794004603553788e-06,20.97437508478815,0.016036317149529796,23.41934818636924,0.0094983961178364
2011 GK82,333791,MBO,MBO,21164710971322955,745205081158189626,16.456324,2.6748044,1.9003237,271.5639091732794,-23.279332986612346,2025050200598,104,60798.23850791353,r,271.5639088970439,-23.279354092934007,65.53846740722656,15914.0,241.964,False,14343.8,0.1191,19361.8,235.359,False,2845.09,13.7725,20.895551615687346,0.016508048256373874,21.008339462045775,9.01512712620681e-06,20.682635631904038,0.013198037893185815,22.76475994351116,0.005255827217947744
2011 GK82,333791,MBO,MBO,21164710971322955,745205081520996616,16.455935,2.674803,1.9003069,271.56386167472925,-23.2793896881702,2025050200601,28,60798.24003654345,r,271.56385605617527,-23.27940923773832,59.0386848449707,16442.9,274.41,False,15288.0,0.309229,17589.0,257.857,False,2481.09,16.9038,20.860053935277065,0.018119484327329086,20.939123314882607,2.1961087533068534e-05,20.78689712773885,0.01591703193579658,22.913393665736777,0.007397178652933183
2011 GK82,333791,MBO,MBO,21164710971322955,745205081829277865,16.455679,2.674802,1.9002957,271.56383019214206,-23.279427199496528,2025050200603,104,60798.24104826262,r,271.5638217381684,-23.279438240819438,66.6050796508789,16257.3,242.531,False,15424.8,0.266133,17880.4,227.652,False,2545.4,17.2272,20.872378963168657,0.016197320403847415,20.929451159692835,1.8732835973085613e-05,20.7690569010018,0.013823516546953827,22.885609942220224,0.007348234061622241
2011 GK82,333791,MBO,MBO,21164710971322955,745205086661116814,16.450327,2.6747832,1.9000639,271.56316639906095,-23.280205673741055,2025050200639,104,60798.262140259765,i,271.5630454591643,-23.280374779733027,62.014217376708984,7130.68,283.287,False,18572.0,41.7232,12682.6,252.859,False,6036.67,28.3945,21.76717260506895,0.0431340252081713,20.727853312514657,0.0024391767564214003,21.141979295100406,0.021646836802415522,21.94800642554246,0.005106944368368932
2011 GK82,333791,MBO,MBO,21164710971322955,745205087332204950,16.449696,2.6747808,1.9000366,271.5630872318218,-23.28029703257829,2025050200644,104,60798.26462777427,i,271.5630932766362,-23.280300886372174,58.5471076965332,18747.6,318.682,False,17354.0,6.9894,25549.3,280.811,False,8219.92,35.019,20.717635825592374,0.018455941018376058,20.80150101721053,0.00043728503698231265,20.38155245222826,0.01193326882176196,21.612831033296224,0.004625519178923508
2011 GK82,333791,MBO,MBO,21164710971322955,745205087839716965,16.44919,2.6747792,1.9000149,271.5630240143602,-23.28036977314905,2025050200648,48,60798.266609027836,i,271.5630269689332,-23.28037245552019,58.50262451171875,17097.7,288.192,False,16189.7,6.03498,18692.8,239.146,False,3829.44,95.3849,20.817655818146598,0.018300735625843393,20.876902983849575,0.0004047262152346019,20.72081405624899,0.013890345765754618,22.442161843239184,0.027043861271937922
2011 GK82,333791,MBO,MBO,21164710971322955,745205088509757029,16.448547,2.6747768,1.8999871,271.56294315973446,-23.28046253828993,2025050200653,46,60798.26913964303,i,271.56293991299634,-23.28047717472566,55.84971618652344,17207.3,304.248,False,15401.0,1.32861,23456.4,275.42,False,6903.85,64.3589,20.810718124551023,0.019197261537440297,20.93112769784682,9.36640424349104e-05,20.4743465843911,0.012748481229582796,21.80227161741646,0.010121423406805403
2011 GK82,333791,MBO,MBO,21164710971322955,745205090659861115,16.445719,2.6747668,1.8998652,271.56258569096855,-23.280869194854827,2025050200669,51,60798.28026256796,g,271.5625781179831,-23.280886483097927,68.2530746459961,12543.6,183.674,False,11818.9,0.253151,23628.4,182.281,False,11171.5,4.85293,21.153944542702632,0.015898267922232243,21.218557318894632,2.325556493359376e-05,20.466414196240635,0.008375898674028572,21.27972127536087,0.00047164676856642333
2011 GK82,333791,MBO,MBO,21164710971322955,745205090821866195,16.445595,2.6747663,1.8998599,271.5625700338474,-23.28088688212536,2025050200670,104,60798.2807476119,g,271.56256007582385,-23.280900878155766,69.4300308227539,12939.8,182.265,False,11309.5,0.140817,24844.7,182.895,False,11317.0,6.4703,21.120181106771092,0.015293258913161278,21.266391487695422,1.3518733518966628e-05,20.411915641633797,0.00799267988956537,21.26567171028098,0.0006207510100017169
2011 GK82,333791,MBO,MBO,21164710971322955,745205091090301279,16.445341,2.6747653,1.8998489,271.5625377657585,-23.28092330248233,2025050200672,104,60798.281746804816,g,271.56253127089417,-23.28094132421618,70.42058563232422,12830.1,182.064,False,11503.2,0.272948,24072.0,182.131,False,11382.9,6.16886,21.1294249296718,0.015407009872493067,21.247953304806828,2.576235457696424e-05,20.44621956316994,0.008214781369654645,21.259367661382996,0.0005884049204808913
2011 GK82,333791,MBO,MBO,21164710971322955,745205091329377007,16.44509,2.6747646,1.8998381,271.56250579750485,-23.28095934261789,2025050200674,48,60798.28273546741,g,271.5624993945782,-23.280977321127885,66.66991424560547,12996.0,193.206,False,11293.0,0.0587132,26169.4,191.82,False,13408.9,5.35634,21.115475743317635,0.016141177461112568,21.267976679648594,5.64482852151963e-06,20.355515570170084,0.007958375952071245,21.081517088529917,0.0004337098508595284
2011 GK82,333791,MBO,MBO,21164710971322955,745205091492954513,16.444967,2.6747642,1.8998328,271.5624902091661,-23.28097690150504,2025050200675,104,60798.283217045726,g,271.5624788698083,-23.280995588218172,67.07875061035156,12509.1,183.761,False,10995.6,0.563256,24993.0,180.213,False,12771.1,6.20524,21.156934872999216,0.015949666936539583,21.296952707039807,5.561747253060368e-05,20.405454027026042,0.007828743083456066,21.13442926942482,0.0005275390284783882
2011 GK82,333791,MBO,MBO,21164710971322955,745205091761390317,16.444708,2.6747632,1.8998216,271.5624573008179,-23.28101393784048,2025050200677,104,60798.28423487743,g,271.56244639613755,-23.28102685402837,64.75930786132812,11913.8,182.273,False,11055.4,0.0157277,25684.9,181.681,False,13903.4,5.23179,21.209874254769954,0.016611021929211187,21.291063810169028,1.544596615850621e-06,20.37580528546676,0.00767990672152221,21.042197425573182,0.00040855788731551017
2011 GK82,333791,MBO,MBO,21164710971322955,745205092163518897,16.444324,2.6747618,1.8998052,271.5624086879925,-23.28106856981857,2025050200680,103,60798.28573578752,g,271.5624053488215,-23.28108653795543,66.526123046875,12449.4,185.722,False,11286.5,0.31242,26097.4,184.437,False,13745.5,5.23321,21.162128913250697,0.016197173616849365,21.26860178521124,3.0054110358675934e-05,20.358506878420144,0.007673175165192413,21.054598644591024,0.0004133633304258581
2011 GK82,333791,MBO,MBO,21164710971322955,745205092838801643,16.44368,2.6747596,1.8997775,271.5623264729041,-23.281160754024807,2025050200685,111,60798.28827062243,g,271.5623247489601,-23.281175805192248,70.32768249511719,12869.7,181.022,False,11613.7,0.0353789,20786.4,174.453,False,8736.7,6.58999,21.126078925092955,0.015271695511232832,21.237573473396225,3.3074861021480536e-06,20.60555177881651,0.009112204987399583,21.546631417718253,0.0008189580417053157
2011 GK82,333791,MBO,MBO,21164710971322955,745205093129781763,16.443415,2.6747587,1.8997661,271.562292735549,-23.281198506828,2025050200687,154,60798.28930930965,g,271.5622858742875,-23.28121188872669,66.59298706054688,13117.3,195.267,False,11230.6,0.040484,24872.2,196.076,False,11137.1,5.44662,21.105388888127656,0.016162506979007805,21.273992639602124,3.913855541060181e-06,20.410714530960597,0.008559227697780848,21.283069740062132,0.0005309813794784431
2011 GK82,333791,MBO,MBO,21164710971322955,745205095087472809,16.439201,2.6747437,1.8995855,271.56175303774046,-23.28179683378729,2025050200702,48,60798.30584145313,u,271.5617230656851,-23.28181532190433,7.789036273956299,2666.98,343.072,False,2930.3,10.3041,2982.73,344.803,False,631.612,8.16585,22.834950610760856,0.13966572083740836,22.732719769184186,0.003817880176360495,22.71346515129168,0.12551089534362064,24.398874069394388,0.014037033262822088
2011 GK82,333791,MBO,MBO,21164710971322955,745205095251050683,16.43905,2.6747432,1.8995789,271.56173358694656,-23.281818211816585,2025050200703,104,60798.30643426111,u,271.561756044428,-23.281831078131912,9.73792552947998,3290.92,329.59,False,3270.75,7.41311,3476.86,328.594,False,543.139,10.2052,22.606706713217974,0.10873792138529567,22.61338162483718,0.002460806138437799,22.547031957356392,0.10261166255811853,24.56272257499836,0.020400221300670096
2011 GK82,333791,MBO,MBO,21164710971322955,745205095521058869,16.438719,2.674742,1.8995647,271.56169092605774,-23.2818650571286,2025050200705,107,60798.30773465221,u,271.5616180367925,-23.281879229376674,10.0165376663208,3078.45,305.137,False,3399.13,9.56055,3682.1,309.054,False,489.468,10.2168,22.67916975672142,0.10761853738379384,22.571580601111435,0.0030537918066261423,22.48476102350935,0.09113035835164802,24.67568926832217,0.02266287002093816
2011 GK82,333791,MBO,MBO,21164710971322955,745205095758561419,16.438402,2.6747408,1.8995513,271.5616500775695,-23.281909858110087,2025050200707,48,60798.30897818114,u,271.56166680066633,-23.2819651374922,9.866573333740234,3240.1,325.446,False,3370.08,16.2077,3871.2,326.689,False,491.551,10.5533,22.623603931899936,0.109054816173296,22.58089944880487,0.005221622949550926,22.43038599094316,0.0916248384050743,24.67107855143035,0.02331009377421977
2011 GK82,333791,MBO,MBO,21164710971322955,745205095923187726,16.43825,2.6747403,1.8995447,271.5616304327769,-23.281931385068,2025050200708,106,60798.30957648018,u,271.561678789964,-23.281938866086307,11.293407440185547,3499.8,310.807,False,3292.41,14.3989,3878.66,312.654,False,489.691,9.50668,22.539891917817997,0.0964210570050361,22.606215248743123,0.004748317339218126,22.428295746133458,0.08751985635300963,24.675194673337398,0.02107807976334596
2011 GK82,333791,MBO,MBO,21164710971322955,745205096194244783,16.437914,2.6747391,1.8995303,271.5615871817423,-23.28197873773172,2025050200710,111,60798.310892209374,u,271.56158059269296,-23.281985302116297,10.55908489227295,3422.26,316.671,False,3182.95,9.25631,3594.63,315.637,False,467.149,9.3403,22.56421749391548,0.1004661124075559,22.642925475471344,0.003157420489256514,22.510864549104767,0.09533624391842979,24.726361471854702,0.02170849500281329
2011 GK82,333791,MBO,MBO,21164710971322955,745209471822725231,16.212927,2.673928,1.8898336,271.5366220929182,-23.31397581986078,2025050300543,104,60799.20929175007,u,271.53659876313225,-23.314025393503403,6.500548362731934,2411.21,362.649,False,2292.37,15.7236,2697.08,364.974,False,161.174,9.63557,22.944412427284895,0.1632960799698819,22.999288153852287,0.007447175341337291,22.822765397149638,0.14692388548232743,25.88176256633049,0.0649092719653836
2011 GK82,333791,MBO,MBO,21164710971322955,745209472091160617,16.212622,2.6739268,1.8898207,271.5365782282366,-23.314020609024418,2025050300545,104,60799.21047262172,u,271.5365752663705,-23.314028132593112,7.174381732940674,2468.83,344.934,False,2304.38,14.3474,2637.31,341.991,False,140.299,9.77837,22.918772000435645,0.1516942478271518,22.993614812026443,0.006759949358704587,22.84709702210299,0.1407919430162226,26.032363592306496,0.07567217537294596
2011 GK82,333791,MBO,MBO,21164710971322955,745209472331808787,16.212322,2.6739259,1.889808,271.5365352737831,-23.314064395871497,2025050300547,51,60799.21162771809,u,271.5364977283081,-23.31406768426358,8.350651741027832,2905.86,345.774,False,3133.18,31.6965,3211.58,347.116,False,154.644,7.00956,22.741813242848885,0.12919387798169346,22.660036659560177,0.010983741505395718,22.633203111842096,0.11734921638792115,25.92666733329719,0.04921324672833424
2011 GK82,333791,MBO,MBO,21164710971322955,745209472493813796,16.212172,2.6739254,1.8898017,271.5365136457558,-23.31408641586972,2025050300548,104,60799.212208461075,u,271.5365070510874,-23.314105660099862,9.162057876586914,3222.06,350.152,False,3709.42,25.281,3283.67,350.103,False,101.171,7.17959,22.62966592168464,0.11799057292612329,22.476734999834147,0.00739967372788548,22.60910126279817,0.11576056914741424,26.387359918813473,0.07704916652256318
2011 GK82,333791,MBO,MBO,21164710971322955,745209472762249325,16.211872,2.6739242,1.8897892,271.5364706094714,-23.31413017833481,2025050300550,104,60799.213363683346,u,271.5364894442213,-23.31418150590252,7.664069175720215,2333.8,307.409,False,2401.43,13.961,2546.85,308.661,False,37.7724,9.02152,22.97984088851845,0.14301357026068853,22.94882520145675,0.006312057426849884,22.88499153990403,0.1315838865697006,27.45706355254373,0.2593160758425257
2011 GK82,333791,MBO,MBO,21164710971322955,745209472997654719,16.211569,2.6739233,1.8897765,271.5364268472277,-23.314174606033056,2025050300552,41,60799.21453612241,u,271.5364657038332,-23.314208867678563,10.527470588684082,3300.16,311.611,False,3195.28,0.50519,3354.36,311.294,False,27.8617,11.4879,22.6036625387416,0.1025184673755381,22.63872768738745,0.00017166041297290765,22.585975788827557,0.10075935862343283,27.7874809685889,0.4476693339644904
2011 GK82,333791,MBO,MBO,21164710971322955,745209473164378190,16.211416,2.6739228,1.88977,271.53640485193336,-23.31419690816495,2025050300553,103,60799.215125856645,u,271.5363681217218,-23.314231727773244,7.918054580688477,2800.96,347.389,False,2963.85,4.91288,2943.11,348.845,False,27.904,9.3319,22.781732748173305,0.13465841279848975,22.720359413512313,0.001799717073708813,22.72798372450698,0.12869163362902325,27.78583386799227,0.3631014028560631
2011 GK82,333791,MBO,MBO,21164710971322955,745209473435435222,16.211117,2.6739216,1.8897575,271.536361866916,-23.31424043979137,2025050300555,108,60799.216275210085,u,271.5362824869902,-23.314306714136215,9.509571075439453,3169.81,326.273,False,2839.28,14.3038,3304.22,325.15,False,28.6185,10.6242,22.647416902007723,0.11175635552915235,22.76697943064296,0.005469750416582428,22.602327620629012,0.10684128886103642,27.758382841607382,0.4030637014819949
2011 GK82,333791,MBO,MBO,21164710971322955,745209473671364761,16.210806,2.6739206,1.8897445,271.53631703170066,-23.3142857708228,2025050300557,46,60799.21747359655,u,271.5363016286584,-23.31430617418084,9.3594331741333,2924.92,307.541,False,2769.24,6.19448,3018.8,310.553,False,20.9488,12.0017,22.734715048709944,0.114159837156861,22.79409851356303,0.0024286703813119434,22.700414129140164,0.11169293757458934,28.09710216858535,0.622025184424263
2011 GK82,333791,MBO,MBO,21164710971322955,745209473834418378,16.210655,2.6739202,1.8897382,271.536295192329,-23.314307824383665,2025050300558,101,60799.21805664257,u,271.5362671972763,-23.31427935734813,10.286499977111816,3753.05,360.926,False,4084.06,6.96684,3624.56,358.632,False,27.9368,8.48907,22.464039110027144,0.10441385400505757,22.37226969993241,0.0018521153177484886,22.501861749091162,0.10742813688607754,27.784558353160804,0.3299193385112053
2011 GK82,333791,MBO,MBO,21164710971322955,745209474187788493,16.210201,2.6739185,1.8897191,271.53622959396466,-23.31437395924825,2025050300561,7,60799.219805694986,u,271.53624773619396,-23.314455892811797,7.987734794616699,3446.01,432.524,False,3660.15,12.3742,3108.11,439.228,False,63.3138,9.39245,22.55670866343322,0.13627556234081853,22.491252819008803,0.003670646601709371,22.668759010875753,0.15343270405987394,26.896254036049804,0.16106635910011835
2011 GK82,333791,MBO,MBO,21164710971322955,745209474349793384,16.210047,2.673918,1.8897127,271.5362072504954,-23.31439644906619,2025050300562,60,60799.22040050759,u,271.53620234397016,-23.31440845615777,7.840057849884033,2646.2,333.105,False,2583.15,4.72662,2824.36,336.316,False,59.4133,10.1707,22.843443357278215,0.13667303192793392,22.869625976560776,0.0019866685513253335,22.77269982827888,0.12928608742833825,26.965290820238778,0.18586238062745217
2011 GK82,333791,MBO,MBO,21164710971322955,745209474512847020,16.209892,2.6739175,1.8897063,271.5361849308123,-23.31441889659103,2025050300563,115,60799.220994663,u,271.5362082428446,-23.314366142733228,8.441021919250488,2685.2,318.481,False,3239.15,14.818,2731.09,323.4,False,55.5321,8.22919,22.827558423461,0.1287748938614339,22.62392238278847,0.0049668707510298156,22.8091599349047,0.12856664214367472,27.038639744132986,0.16089305593811745
2011 GK82,333791,MBO,MBO,21164710971322955,745209474588868778,16.209736,2.6739168,1.8896997,271.5361622589846,-23.31444167956972,2025050300564,4,60799.221597537005,u,271.53609960858506,-23.31446593152947,10.456294059753418,3552.0,344.01,False,4044.96,16.3905,3506.05,350.609,False,81.9003,8.08443,22.52381760723359,0.10515318761310155,22.38271443224297,0.004399489358375862,22.53795472162186,0.10857486038565893,26.616786280849333,0.10717369977830965
2011 GK82,333791,MBO,MBO,21164710971322955,745209474777088059,16.209589,2.6739163,1.8896935,271.5361409278604,-23.31446309811969,2025050300565,107,60799.22216487663,u,271.5361485266072,-23.31447169573915,10.063699722290039,3220.18,316.681,False,3409.06,2.3163,3276.97,316.888,False,76.6406,10.2372,22.630299652177015,0.10677416606927317,22.56841336896789,0.0007377079417520434,22.61131884590146,0.10499234904789682,26.68885272991733,0.1450262411023589
2011 GK82,333791,MBO,MBO,21164710971322955,745209475015114818,16.209288,2.6739154,1.8896809,271.536097211306,-23.314506942129164,2025050300567,49,60799.22332541254,u,271.536105703392,-23.31453009348784,10.352243423461914,3298.78,316.819,False,3010.29,4.94599,3446.97,316.806,False,90.0422,9.40166,22.604116608262764,0.10427547634743527,22.703479146151604,0.0017838947193224751,22.556406250150523,0.09978843643635453,26.51388477800677,0.11336598634396215
2011 GK82,333791,MBO,MBO,21164710971322955,745209475179741198,16.20913,2.6739147,1.8896742,271.536074146151,-23.314530046652017,2025050300568,107,60799.223937647315,u,271.5360323564495,-23.314593420140547,8.194058418273926,2583.41,311.791,False,2866.73,39.9056,2962.52,308.658,False,92.6917,8.07494,22.86951669610086,0.1310371843281828,22.75653302915719,0.015113720726395791,22.720846765456642,0.11312030024463776,26.482397837149136,0.0945851036782403
2011 GK82,333791,MBO,MBO,21164710971322955,745209475446603851,16.208792,2.6739137,1.8896601,271.53602521752373,-23.31457899544049,2025050300570,104,60799.22523476149,u,271.5359425464006,-23.314502418152383,7.514794826507568,2629.5,348.561,False,3339.23,35.6889,2686.01,347.41,False,85.5032,7.03597,22.850317062126308,0.14392291397720947,22.590884172632876,0.011604091679221861,22.827230933023547,0.14042971452069147,26.570044119895936,0.08934411679437082
2011 GK82,333791,MBO,MBO,21164710971322955,745209475542024547,16.208645,2.673913,1.8896539,271.5360036944361,-23.3146005002654,2025050300571,30,60799.22580435996,u,271.53603349094095,-23.314711987745564,5.812610626220703,3562.37,623.288,False,4995.66,62.8294,3850.94,629.5,False,203.092,6.41221,22.52065240231265,0.18996520641233602,22.153517783473642,0.013655082852337781,22.436083136265328,0.17748158924692523,25.63076798434777,0.03427987660415228
2011 GK82,333791,MBO,MBO,21164710971322955,745209475687252111,16.208487,2.6739125,1.8896474,271.535980760787,-23.31462339630799,2025050300572,51,60799.22641118686,u,271.5359549228216,-23.314627265127505,11.550103187561035,3524.73,301.026,False,3556.19,8.68236,3766.73,304.925,False,84.114,9.13123,22.53218536865599,0.09272620304104671,22.52253762691653,0.002650801115628371,22.460088778132345,0.0878927081842636,26.5878293051647,0.11786513037902853
2011 GK82,333791,MBO,MBO,21164710971322955,745209475849257057,16.208328,2.673912,1.8896408,271.53595781333536,-23.31464628745858,2025050300573,104,60799.227018345504,u,271.5359245470598,-23.31460735624908,9.956320762634277,3386.59,333.364,False,4252.53,6.38085,3509.18,332.949,False,84.0463,9.17348,22.57559341770392,0.10687605219812131,22.328381589653738,0.0016291290212011884,22.536985907393067,0.10301403639782176,26.58870346614629,0.11850586004536671
2011 GK82,333791,MBO,MBO,21164710971322955,745209476117692466,16.208025,2.6739109,1.889628,271.5359133915822,-23.31469054741669,2025050300575,104,60799.22819260982,u,271.53593062760626,-23.314768969570963,7.450658321380615,2234.53,305.232,False,2366.14,14.6343,2402.98,305.056,False,121.115,10.6118,23.027034511470458,0.14830922971459118,22.964898955717054,0.006715152237173133,22.94812461835871,0.1378331680270654,26.192005185367577,0.09512955349273103
2011 GK82,333791,MBO,MBO,21164710971322955,745209476212064356,16.207874,2.6739104,1.8896217,271.5358915782035,-23.314712255977337,2025050300576,28,60799.22876898713,u,271.53590023455234,-23.314721836345786,6.105775356292725,2591.34,417.66,False,2889.89,18.97,2715.02,419.287,False,143.984,6.86635,22.866188965989835,0.17499385332493841,22.74779675985318,0.0071270587546058296,22.815567409349992,0.16767281973090498,26.004214462606623,0.05177690099863456
2011 GK82,333791,MBO,MBO,21164710971322955,745209476358340628,16.20772,2.67391,1.8896153,271.5358689945241,-23.314734713618183,2025050300577,51,60799.229364891,u,271.5358357372953,-23.31471734746241,9.659699440002441,3138.24,320.498,False,3045.66,12.1306,3286.04,321.9,False,123.141,7.62397,22.658284619328768,0.11088261823863527,22.690796482424577,0.004324393385671864,22.60831787291736,0.10635855726960196,26.173993320034047,0.06722066870825227
2011 GK82,333791,MBO,MBO,21164710971322955,745209476520345646,16.20756,2.6739094,1.8896085,271.53584552548995,-23.31475803285982,2025050300578,104,60799.22998395513,u,271.5358329142808,-23.3148403390467,9.432829856872559,3007.27,313.963,False,2851.74,5.86279,3108.92,313.535,False,139.681,8.96813,22.70456893828912,0.11335231210510684,22.762225185439384,0.0022321261765291295,22.6684761604241,0.10949664625958543,26.037156662996264,0.06970900529253733
2011 GK82,333791,MBO,MBO,21164710971322955,745209476788781153,16.207245,2.6739082,1.8895954,271.53579960850846,-23.31480360160004,2025050300580,104,60799.23119399808,u,271.5357423254434,-23.31482017554883,8.100028038024902,2797.19,339.82,False,2771.64,18.8075,2967.39,339.579,False,174.26,7.41382,22.783195105340553,0.13190197762100841,22.79315799108987,0.007367473904837015,22.719063467313298,0.12424832559606719,25.79700575998031,0.04619220024775271
2011 GK82,333791,MBO,MBO,21164710971322955,745209477024186536,16.20694,2.6739073,1.8895826,271.5357550447588,-23.31484775798819,2025050300582,41,60799.23236617951,u,271.53573700393196,-23.314848355817016,11.51424789428711,3822.65,327.882,False,3803.03,11.7499,4022.08,330.833,False,163.609,9.75848,22.444088687624788,0.09312737366083115,22.449675613300887,0.003354507218340242,22.388873217527205,0.0893063706674159,25.86548206747443,0.0647588796250615
2011 GK82,333791,MBO,MBO,21164710971322955,745209477190910021,16.206783,2.6739066,1.8895762,271.5357321927715,-23.314870374741385,2025050300583,103,60799.232967845805,u,271.53572588096426,-23.31486762165125,9.445321083068848,3439.88,356.291,False,3397.58,19.3068,3647.61,357.712,False,175.453,8.45833,22.558641805738688,0.11245684010448137,22.57207574629149,0.0061697126161900364,22.494978973861127,0.10647543567851614,25.78959798576831,0.05234173896772999
2011 GK82,333791,MBO,MBO,21164710971322955,745209477461967052,16.20647,2.6739056,1.8895631,271.5356862975692,-23.31491574389955,2025050300585,108,60799.234173184275,u,271.5356955752419,-23.31491297536366,11.23595905303955,3772.75,335.209,False,3822.13,1.74361,3877.18,333.841,False,180.97,9.69178,22.458354930555483,0.09646771284346406,22.44423639731663,0.0004952998952337905,22.428710109614173,0.09348631490782917,25.755983526695566,0.05814619252720485
2011 GK82,333791,MBO,MBO,21164710971322955,745209477697896594,16.206158,2.6739044,1.8895501,271.5356406555157,-23.314960792280484,2025050300587,46,60799.23537176185,u,271.53562966760467,-23.314955717792532,9.775871276855469,3243.85,333.93,False,3286.51,1.52225,3534.23,339.233,False,203.193,8.9175,22.62234805821209,0.11176838386110068,22.608162601613333,0.0005028927323735166,22.529262983423752,0.10421437027008928,25.630228180471402,0.047649537310090834
2011 GK82,333791,MBO,MBO,21164710971322955,745209477860950206,16.206001,2.673904,1.8895435,271.5356176247363,-23.31498349696878,2025050300588,101,60799.23597534599,u,271.5355911236875,-23.314988489188664,6.4549407958984375,2459.66,371.603,False,2741.61,27.3712,2374.31,375.496,False,214.551,9.0139,22.922812342510486,0.16403195639546367,22.804985768682982,0.010839580484800528,22.961156419073184,0.17170866241832575,25.571173668257394,0.04561487756393626
2011 GK82,333791,MBO,MBO,21164710971322955,745209478136725667,16.205688,2.6739028,1.8895304,271.5355718301671,-23.31502859061236,2025050300590,115,60799.23717577841,u,271.5355422350484,-23.315057854780274,12.177559852600098,3965.65,319.199,False,4036.67,3.7399,4308.5,316.816,False,202.491,8.12348,22.404214072648728,0.087391959684662,22.384941903393354,0.001005914536617954,22.314184756796017,0.07983720825913238,25.633985701537707,0.0435572755890124
2011 GK82,333791,MBO,MBO,21164710971322955,745209478214320360,16.205532,2.6739023,1.8895239,271.5355487230082,-23.31505131770157,2025050300591,7,60799.23778068028,u,271.53554280254525,-23.31513581384723,6.947455883026123,3466.23,480.076,False,4368.82,67.1836,3915.86,487.617,False,257.497,7.54103,22.55035656428678,0.15037544680507572,22.29908966446841,0.016696424050101657,22.41793207898273,0.13519978273059619,25.37306952686658,0.03179675460801805
2011 GK82,333791,MBO,MBO,21164710971322955,745209478376325193,16.205378,2.6739018,1.8895174,271.5355261000348,-23.315073551508537,2025050300592,60,60799.238372862776,u,271.5355422362735,-23.315116737614563,8.874194145202637,3088.57,350.885,False,2895.96,5.15644,3318.03,353.455,False,240.345,7.86283,22.67560635415257,0.12334787632382141,22.745518617292294,0.001933221948372363,22.59779921945386,0.11565865055028744,25.447912265124383,0.03551960446625151
2011 GK82,333791,MBO,MBO,21164710971322955,745209478539378815,16.205221,2.6739013,1.889511,271.5355031207531,-23.31509611827974,2025050300593,115,60799.238973200016,u,271.53550981865345,-23.315098724259585,8.522876739501953,3185.57,367.831,False,3387.58,12.4671,3561.21,373.647,False,274.346,6.88735,22.642032094829386,0.12536764800976063,22.575276074554537,0.003995767386128367,22.521006051360214,0.11391692250529474,25.304253385877296,0.0272569861162493
2011 GK82,333791,MBO,MBO,21164710971322955,745209478615400597,16.205065,2.6739006,1.8895044,271.5354800142223,-23.31511879259132,2025050300594,4,60799.23957716579,u,271.5355066804895,-23.315158008165422,9.75212287902832,3501.91,354.826,False,3677.29,7.09747,3851.69,360.228,False,270.001,7.53075,22.53923757622611,0.11001066048673072,22.486180286630038,0.0020955594607503757,22.43587170142592,0.10154311070503155,25.32158653989415,0.03028287854513178
2011 GK82,333791,MBO,MBO,21164710971322955,745209478803619885,16.20491,2.6739001,1.889498,271.53545739290246,-23.315140973907667,2025050300595,107,60799.240168812416,u,271.5354448740128,-23.31516837036359,9.68005657196045,3366.21,346.352,False,3129.81,6.13997,3661.18,349.246,False,262.641,6.85829,22.58214699805975,0.11171225182656762,22.661205045117626,0.0021299655286201842,22.490947317103462,0.1035701702818765,25.35159372810476,0.028351606250121623
2011 GK82,333791,MBO,MBO,21164710971322955,745209479041646643,16.2046,2.673899,1.889485,271.53541150130326,-23.315185921898323,2025050300597,49,60799.24136687386,u,271.5354264711476,-23.31522988461787,7.054157257080078,2499.08,356.543,False,2356.92,24.4263,2701.36,354.693,False,271.157,7.31481,22.905549568836918,0.15490165611191675,22.969137931765765,0.011252193197213123,22.82104379476859,0.14255893658686813,25.31694789729019,0.029289133051772474
2011 GK82,333791,MBO,MBO,21164710971322955,745209479206273039,16.204441,2.6738985,1.8894784,271.5353883071948,-23.31520861325257,2025050300598,107,60799.24197183933,u,271.5353526488072,-23.31520215703291,11.304616928100586,3683.46,327.824,False,3615.2,1.79934,4211.4,327.617,False,232.688,7.67558,22.484360116367732,0.09662936340552962,22.504669193856458,0.0005403874251979572,22.338933793187003,0.08446256618080525,25.48306501654321,0.035814717555570016
2011 GK82,333791,MBO,MBO,21164710971322955,745209479473135718,16.204103,2.6738973,1.8894644,271.535338465347,-23.315257316417924,2025050300600,104,60799.243270881525,u,271.53533580396726,-23.315268329699542,9.062970161437988,3338.75,361.517,False,3862.51,5.59513,3400.26,362.724,False,289.742,7.12635,22.591040247426427,0.11756258889705382,22.432825955208813,0.0015727687850266225,22.57121968056425,0.11582131276529764,25.244971349543324,0.026704226536282252
2011 GK82,333791,MBO,MBO,21164710971322955,745209479568556318,16.203947,2.6738968,1.8894578,271.5353153094301,-23.315279916389827,2025050300601,30,60799.243873680956,u,271.535249809872,-23.3152984954725,5.0288166999816895,3124.37,629.786,False,4456.25,104.375,4220.64,648.543,False,378.558,6.35781,22.663093811561843,0.2188541841926566,22.277576132010147,0.025430286983815935,22.336554188495647,0.16683408795157276,24.95466888887128,0.01823473356372934
2011 GK82,333791,MBO,MBO,21164710971322955,745209479713783940,16.20379,2.6738963,1.8894514,271.5352924104687,-23.31530224886745,2025050300602,51,60799.244469248064,u,271.5352591435947,-23.315289469258907,7.602511882781982,2715.17,347.679,False,3131.07,37.6799,3084.75,351.431,False,296.664,6.27451,22.815507465074162,0.13902911167863685,22.660768033639492,0.013065958904725127,22.67695006774781,0.1236927984145496,25.219337874296237,0.02296356328794329
2011 GK82,333791,MBO,MBO,21164710971322955,745209480116438085,16.202776,2.6738927,1.8894091,271.5351423195424,-23.31544822010344,2025050300605,51,60799.2483689388,g,271.53494820503005,-23.31564953085914,78.07257843017578,3168.38,137.096,False,11329.9,18.986,5881.39,136.497,False,2685.58,7.50118,22.647906882164705,0.04697987257791468,21.264434770794303,0.0018194147290882573,21.976300027772588,0.025198078141655103,22.827404733459232,0.003032604746161221
2011 GK82,333791,MBO,MBO,21164710971322955,745209480546877798,16.202374,2.6738913,1.8893923,271.53508251655614,-23.3155061876621,2025050300608,104,60799.2499180488,g,271.5348898801565,-23.315693319998637,71.92569732666016,3511.21,144.651,False,10580.3,1.24292,6757.37,141.328,False,3119.13,7.66666,22.53635800028264,0.04472897678064915,21.338755064760427,0.0001275467910301369,21.825555732711962,0.022707788217288048,22.664916351329065,0.002668683402713067
2011 GK82,333791,MBO,MBO,21164710971322955,745209480641249582,16.20224,2.6738908,1.8893868,271.5350629386553,-23.315525141000965,2025050300609,28,60799.25042573341,g,271.53486837893774,-23.315715584514262,57.85979080200195,4083.46,182.508,False,10716.1,1.49464,7693.97,179.414,False,3593.85,10.2698,22.372429245976107,0.04852638213237225,21.324908145367473,0.00015143427294658985,21.684623748203382,0.02531804407756794,22.511100104043138,0.003102604052688343
2011 GK82,333791,MBO,MBO,21164710971322955,745209481892724782,16.201067,2.6738868,1.889338,271.53488850924805,-23.31569349764371,2025050300618,111,60799.25493321822,g,271.5348836245915,-23.3157052159165,69.71440887451172,10292.8,145.891,False,10423.5,2.84045,12425.2,139.015,False,2460.0,19.0639,21.368666185461812,0.015389315898347425,21.354966073162167,0.00029586793835137106,21.164241512921365,0.012147379154398768,22.92266223224155,0.008413970092382803
2011 GK82,333791,MBO,MBO,21164710971322955,745209482127082284,16.200804,2.6738858,1.889327,271.5348494988585,-23.31573102656061,2025050300620,46,60799.25593967097,g,271.53484259338364,-23.315743966959563,67.21068572998047,11138.1,165.42,False,9980.68,1.50156,14668.3,164.674,False,3355.62,14.3076,21.282972256201734,0.016125056095913793,21.402099705278726,0.00016334539100441265,20.98405055524075,0.012189041796889838,22.585568026601386,0.004629331927897499
2011 GK82,333791,MBO,MBO,21164710971322955,745209482290135949,16.200674,2.6738853,1.8893217,271.53483025390415,-23.315749524286684,2025050300621,101,60799.25643550264,g,271.53482316506637,-23.315761267201488,66.92762756347656,10542.0,154.853,False,10185.7,1.41712,14452.0,161.216,False,3391.75,11.3765,21.34269247030265,0.015948539657510006,21.38002277735955,0.00015105672060978712,21.00018011776004,0.012111683621457169,22.573940415818498,0.0036417418955555472
2011 GK82,333791,MBO,MBO,21164710971322955,745209482643505523,16.200281,2.6738842,1.8893054,271.5347716591362,-23.315805777831336,2025050300624,7,60799.257944623445,g,271.53475580081755,-23.315823342875,63.195980072021484,10793.9,169.411,False,10019.4,0.795776,14104.6,169.062,False,3198.6,12.3626,21.317053985132613,0.0170407030474543,21.397895669933085,8.623298708226865e-05,21.026598094386053,0.013013962500804659,22.637600134579937,0.004196374147963143
2011 GK82,333791,MBO,MBO,21164710971322955,745209482805510697,16.200151,2.6738837,1.8893,271.5347523069271,-23.315824335049967,2025050300625,60,60799.25844262299,g,271.5347360662659,-23.315846980447095,72.73078155517578,10852.5,149.686,False,9858.53,1.14018,14210.7,153.265,False,3043.52,16.9163,21.311175513723157,0.014975306572844906,21.415469563993987,0.00012556990368929193,21.018461307034123,0.011709863446029485,22.6915595930464,0.006034670068602954
2011 GK82,333791,MBO,MBO,21164710971322955,745209483232805192,16.199753,2.6738822,1.8892834,271.53469288371,-23.31588125022144,2025050300628,107,60799.25997045313,g,271.5346711823257,-23.315906230086767,67.87588500976562,11238.4,165.217,False,10160.1,0.655021,14095.2,160.422,False,3158.31,7.50147,21.273238748376986,0.015961530746159663,21.38275508554613,6.999734793586389e-05,21.027321878568905,0.012357112197439011,22.651363091355776,0.002578789768386171
2011 GK82,333791,MBO,MBO,21164710971322955,745209483470832026,16.199486,2.6738813,1.8892723,271.53465306187155,-23.315919335214836,2025050300630,49,60799.26099359641,g,271.53479331205557,-23.315797679471395,73.62149047851562,4070.56,136.103,False,10782.3,4.07042,7080.84,133.012,False,3079.83,12.8318,22.375864582819442,0.03630260924864136,21.318221491667444,0.00040987564924374755,21.77478807121522,0.020395311869369066,22.67868310985959,0.0045236100626113536
2011 GK82,333791,MBO,MBO,21164710971322955,745209483635458282,16.199352,2.6738808,1.8892668,271.53463296437394,-23.315938539180785,2025050300631,107,60799.261509013304,g,271.53478045100667,-23.315811566253835,76.33879852294922,3357.48,124.949,False,10903.8,2.44185,6033.63,117.953,False,2675.83,15.6169,22.584966420511016,0.04040579575172688,21.30605532702133,0.00024314504498500626,21.94855333499744,0.02122534000726726,22.83135367202486,0.006336663286956079
2011 GK82,333791,MBO,MBO,21164710971322955,745209483902321219,16.199064,2.6738799,1.8892549,271.53459005660045,-23.31597950142349,2025050300633,104,60799.26261089513,g,271.5347320709168,-23.31584679020173,75.33334350585938,4259.51,140.485,False,10986.3,2.03332,7591.27,140.042,False,3337.44,11.1174,22.326600954317904,0.03580920335458976,21.297871384271346,0.00020094564365908825,21.699213901389903,0.020029412375036606,22.59146635215871,0.0036167134326276274
2011 GK82,333791,MBO,MBO,21164710971322955,745209484304974512,16.198668,2.6738784,1.8892384,271.53453052936203,-23.316036244816527,2025050300636,104,60799.26413609742,g,271.53468910102123,-23.315887207607084,75.84539794921875,3682.7,138.228,False,11246.0,1.44099,6976.99,139.337,False,3197.82,9.10731,22.484584159867,0.040752475807215784,21.27250480206654,0.000139119240830762,21.790829712245426,0.021683165172524953,22.637864940840505,0.003092149121584248
2011 GK82,333791,MBO,MBO,21164710971322955,745209484667781286,16.198275,2.6738772,1.8892221,271.53447175786687,-23.31609217213477,2025050300639,28,60799.265641146434,g,271.53466005727194,-23.31593223461008,66.24146270751953,3156.08,164.834,False,12035.1,2.44622,5930.65,157.039,False,2911.65,5.66759,22.65212996529896,0.05670522824117167,21.198875777260724,0.0002206836353130829,21.967244281118784,0.02874945111530934,22.73965211479591,0.00211340924098822
2011 GK82,333791,MBO,MBO,21164710971322955,745209491956433694,16.19063,2.6738508,1.8889062,271.5333177349062,-23.31717257188442,2025050300693,106,60799.29490756752,r,271.53344837132863,-23.31706412248369,52.17164993286133,3418.2,199.853,False,11036.8,7.74123,12290.4,191.984,False,8714.18,52.0895,22.565506340908655,0.06348008817014802,21.292892087495467,0.0007615372065295885,21.17608492162711,0.0169599008888976,21.54943372275039,0.006490049382703314
2011 GK82,333791,MBO,MBO,21164710971322955,745209492318192364,16.19022,2.6738493,1.8888893,271.5332553409388,-23.31723010003716,2025050300696,28,60799.296476856776,r,271.5333980293733,-23.31711598570404,35.398040771484375,3469.03,291.463,False,12080.7,22.5219,14810.0,272.438,False,11123.5,34.6844,22.54947985179188,0.09122202533810858,21.19476973337915,0.002024124597646056,20.97361235369698,0.01997270678112249,21.284396352135943,0.003385454879829938
2011 GK82,333791,MBO,MBO,21164710971322955,745209492896481706,16.189695,2.6738474,1.8888677,271.53317558218293,-23.317303518200298,2025050300700,107,60799.29848005946,r,271.5332972613332,-23.31720756863551,7.827291965484619,4882.5,231.305,False,13217.9,20.301,14314.6,214.345,False,9831.45,28.5038,22.17839437010027,0.05143598666449762,21.097093813181846,0.0016675516297990755,21.010551987577998,0.01625767639227765,21.418456041287108,0.003147817098058823
2011 GK82,333791,MBO,MBO,21164710971322955,745209493133984917,16.189442,2.6738467,1.8888574,271.5331370300391,-23.31733895769025,2025050300702,48,60799.299448293445,r,271.5332733896784,-23.31722471362376,62.398284912109375,3655.77,216.765,False,14326.4,13.7522,12645.8,203.838,False,9123.31,24.2614,22.492552832666973,0.06437757476655824,21.009657288637833,0.0010422200389116462,21.145134244431254,0.01750101196764101,21.49961897123208,0.0028872724746415784
2011 GK82,333791,MBO,MBO,21164710971322955,745209494475113351,16.188139,2.6738422,1.8888037,271.5329383181303,-23.317521142586944,2025050300712,46,60799.3044311003,r,271.5331427029913,-23.317333148506012,75.55323791503906,-388.385,175.348,False,15895.5,3.58717,6196.38,167.48,False,6350.98,64.2606,nan,nan,20.896814516522173,0.0002450203024410938,21.919654911775353,0.029346021124126157,21.892898140599822,0.010985715144036701
2011 GK82,333791,MBO,MBO,21164710971322955,745213854406410710,15.954903,2.6730235,1.8791553,271.5012662705054,-23.35027710887991,2025050400428,51,60800.21155702423,i,271.5010961543295,-23.350465667262974,51.437744140625,2771.24,323.972,False,18094.1,11.462,19294.9,259.272,False,17397.9,31.8749,22.793314656384055,0.12692805911178712,20.756157557972635,0.0006877771501003913,20.686393647799296,0.014589399013573836,20.798757899952303,0.001989190250777951
2011 GK82,333791,MBO,MBO,21164710971322955,745213855511609572,15.953868,2.67302,1.8791136,271.5010931427788,-23.350426274489056,2025050400436,111,60800.215448670584,i,271.5009225429313,-23.35059731534974,56.062767028808594,1087.25,263.751,False,15536.1,26.2444,10546.4,215.774,False,9696.3,114.246,23.809176459156564,0.2633837824127464,20.921645007393078,0.0018340829419931728,21.34223936211071,0.022213611983369026,21.433484912010968,0.012792614021122029
2011 GK82,333791,MBO,MBO,21164710971322955,745213855747539021,15.9536085,2.673019,1.8791032,271.501049710922,-23.350463583778406,2025050400438,49,60800.21642245044,i,271.500878679722,-23.350627711858465,57.339412689208984,1559.64,271.059,False,15439.1,19.5609,11355.2,230.958,False,10172.7,135.175,23.417439077339775,0.1886964663791677,20.92844507704768,0.0013755968661858318,21.262013011613014,0.022083226185420978,21.381409386553734,0.014427280070557075
2011 GK82,333791,MBO,MBO,21164710971322955,745213856205242519,15.953212,2.6730175,1.8790871,271.5009831084623,-23.350520711572543,2025050400441,154,60800.217914349145,i,271.5008332101649,-23.350679368944398,56.60603713989258,2209.35,252.21,False,15951.4,19.9568,10473.5,224.146,False,8593.36,48.2218,23.03933864894421,0.12394302549968336,20.893002959381622,0.001358364799379978,21.349770407388633,0.023236112389416967,21.564592440606724,0.006092628946673521
2011 GK82,333791,MBO,MBO,21164710971322955,745213856262390476,15.953083,2.6730173,1.879082,271.5009616182019,-23.350539122656905,2025050400442,7,60800.21839503231,i,271.50080686186413,-23.350699720248045,53.240169525146484,3662.81,284.757,False,15547.7,9.95284,13844.1,251.005,False,9982.3,84.7663,22.490464004624076,0.08440813666396087,20.920834606038504,0.0006950326048903422,21.046838211460106,0.019685297640607186,21.40192347708684,0.009219702746966325
2011 GK82,333791,MBO,MBO,21164710971322955,745213856663471465,15.95269,2.6730158,1.8790662,271.50089561697683,-23.350595600261443,2025050400445,4,60800.21987146064,i,271.5007642600155,-23.350739690752196,54.476783752441406,5208.7,267.15,False,15616.1,13.756,13543.4,240.078,False,8791.21,58.9973,22.108176597908233,0.05568652631137361,20.91606857365812,0.0009564095474600088,21.070680705175906,0.019246376259187077,21.53987836885847,0.007286312578457315
2011 GK82,333791,MBO,MBO,21164710971322955,745213856851690383,15.9525585,2.6730154,1.8790609,271.5008734188268,-23.350614572786984,2025050400446,107,60800.22036782186,i,271.50074194878505,-23.350742820981445,63.29023742675781,4791.44,233.108,False,15837.2,9.36002,11127.3,208.272,False,6346.09,88.97,22.198834877930167,0.05282207440128806,20.90080398350785,0.0006416861643890466,21.28402552631426,0.02032195215842626,21.893734459343875,0.015221648895788586
2011 GK82,333791,MBO,MBO,21164710971322955,745213857089193113,15.952301,2.6730146,1.8790505,271.5008302037728,-23.350651475846742,2025050400448,48,60800.221332223904,i,271.5007042199947,-23.35078098803609,58.47224807739258,6960.86,268.092,False,16373.7,10.4767,13655.9,231.674,False,7166.18,82.1979,21.79334277352659,0.04181627093795799,20.864632914662387,0.0006947074989253385,21.061699149321704,0.018419645569480416,21.76178069194449,0.012453668839378929
2011 GK82,333791,MBO,MBO,21164710971322955,745213857253818769,15.952165,2.6730142,1.879045,271.5008071262423,-23.350671165203885,2025050400449,106,60800.22184746791,i,271.50069808747037,-23.350790828973473,59.75649642944336,7098.01,255.966,False,16984.2,23.6296,14205.7,231.611,False,7301.94,89.1102,21.772158518686147,0.03915344811781347,20.82488731172237,0.001510551805441338,21.01884338787513,0.01770193911215803,21.741404358629765,0.013249926734031919
2011 GK82,333791,MBO,MBO,21164710971322955,745213858997600396,15.949575,2.6730053,1.878941,271.5003698426282,-23.35104199578667,2025050400462,104,60800.23156486126,u,271.5003579241807,-23.35106491641491,12.283564567565918,3507.92,285.348,False,3558.99,6.27538,3353.96,282.73,False,-160.926,11.471,22.537375822960513,0.08831804964417202,22.521683083651588,0.001914421627886481,22.58610531560069,0.09152470890371503,nan,nan
2011 GK82,333791,MBO,MBO,21164710971322955,745213859093020973,15.949416,2.6730049,1.8789347,271.5003429545235,-23.35106466087387,2025050400463,30,60800.23215964745,u,271.50034089989333,-23.351112766675676,8.74970817565918,3095.71,351.185,False,3254.0,30.9715,2882.47,351.916,False,-156.673,10.1613,22.673099338533056,0.12316860146090365,22.6189561284979,0.010334013305595855,22.75058802112033,0.13255573516731117,nan,nan
2011 GK82,333791,MBO,MBO,21164710971322955,745213859400253555,15.949099,2.6730037,1.878922,271.50028905008537,-23.35111005238297,2025050400465,104,60800.233351320014,u,271.50027007625454,-23.351102856768083,11.290592193603516,2973.18,262.8,False,2817.4,4.13758,2867.46,262.876,False,-161.951,49.4066,22.716947018146378,0.09596844722390292,22.77537876196861,0.0015944915427928727,22.756256593867786,0.09953547813646914,nan,nan
2011 GK82,333791,MBO,MBO,21164710971322955,745213859495673932,15.94894,2.6730032,1.8789155,271.50026212428025,-23.351132702634448,2025050400466,30,60800.23394617402,u,271.5002575458151,-23.351168610451044,5.414438724517822,2437.55,457.589,False,3078.38,30.231,2076.73,459.342,False,-133.365,9.56812,22.932616146041013,0.20381978732077197,22.679194469359786,0.010662391723242811,23.106549918527172,0.24014881850530634,nan,nan
2011 GK82,333791,MBO,MBO,21164710971322955,745213859668688975,15.948783,2.6730027,1.8789092,271.50023550303376,-23.35115508152204,2025050400467,104,60800.23453489755,u,271.50023341124927,-23.35118685169984,14.084338188171387,3730.47,262.069,False,3473.64,0.914602,3673.16,263.608,False,-100.542,45.425,22.470591129040145,0.07627398261999692,22.548038015652377,0.0002858720290873083,22.48740041025919,0.07791894667472479,nan,nan
2011 GK82,333791,MBO,MBO,21164710971322955,745213859909337119,15.948464,2.6730015,1.8788965,271.50018136306835,-23.35120054743912,2025050400469,51,60800.235729781474,u,271.50018608359466,-23.351184053853387,10.576279640197754,2684.8,255.64,False,2534.78,0.624153,2693.01,255.478,False,-88.8912,40.5611,22.827720132382332,0.10338110759601526,22.89014930799388,0.000267346878670643,22.824405080843768,0.10300062371375962,nan,nan
2011 GK82,333791,MBO,MBO,21164710971322955,745213860071342131,15.948306,2.673001,1.8788902,271.5001545238633,-23.351223063677796,2025050400470,104,60800.23632148316,u,271.5001366748195,-23.35122944779498,13.682732582092285,3755.07,270.156,False,3931.09,1.52679,3790.73,270.004,False,-19.1907,46.4058,22.463454886983804,0.07811256545274699,22.41371750859689,0.0004216874118398221,22.45319287484061,0.07733421197349771,nan,nan
2011 GK82,333791,MBO,MBO,21164710971322955,745213860339777635,15.94799,2.6729999,1.8788775,271.50010080920924,-23.35126808119788,2025050400472,104,60800.23750585418,u,271.5000937349859,-23.351269985930443,12.688419342041016,3497.83,276.749,False,3420.18,8.8541,3580.16,275.696,False,36.8152,14.6435,22.540503230085832,0.08590365870619414,22.56487761405331,0.002810734338408385,22.515243936605636,0.08360887549570416,27.484932065887932,0.43185907241121213
2011 GK82,333791,MBO,MBO,21164710971322955,745213860576755717,15.94767,2.672999,1.8788646,271.50004631964845,-23.351313686696265,2025050400474,44,60800.238705224896,u,271.5000279217383,-23.351340507487677,11.250397682189941,2898.12,251.592,False,2759.84,11.1192,3014.64,250.703,False,107.775,52.3139,22.74470904616949,0.0942550781241219,22.797790203314015,0.004374354076720447,22.701911395382226,0.09029182145186883,26.318704905813327,0.52701548996806
2011 GK82,333791,MBO,MBO,21164710971322955,745213860741906496,15.947513,2.6729984,1.8788584,271.50001946556387,-23.35133613980772,2025050400475,103,60800.239296573185,u,271.50000881095514,-23.351363985444898,11.69936466217041,3113.5,266.097,False,3311.52,8.67397,3244.31,265.461,False,129.662,43.8685,22.66687782485645,0.0927930401294493,22.5999315377909,0.002843903540968506,22.622194117424122,0.08883880142633269,26.11796818806155,0.3673367485593353
2011 GK82,333791,MBO,MBO,21164710971322955,745213861014536203,15.947196,2.6729972,1.8788457,271.4999655400302,-23.35138118288556,2025050400477,111,60800.240482091554,u,271.4999445491573,-23.351383837842345,13.382854461669922,3290.2,245.852,False,3211.13,1.8322,3454.78,244.3,False,101.051,43.8411,22.60694427104307,0.08112893648032093,22.633355319665203,0.0006194971868551994,22.553948998874827,0.07677633767895733,26.388648433993197,0.4710479562687845
2011 GK82,333791,MBO,MBO,21164710971322955,745213861250465800,15.946877,2.672996,1.8788329,271.4999110665709,-23.351426623137638,2025050400479,49,60800.24167975258,u,271.4999282365339,-23.351456027514033,11.304128646850586,3182.81,279.4,False,3207.5,1.50927,3347.18,282.545,False,111.213,21.9075,22.642973195283787,0.09531033376105505,22.634583337382583,0.0005108866813656667,22.588302352494964,0.09165009256075446,26.284611134737872,0.21387576729778304
2011 GK82,333791,MBO,MBO,21164710971322955,745213861708169228,15.946399,2.6729946,1.8788139,271.4998296092482,-23.351494460059584,2025050400482,154,60800.243467492146,u,271.4998224768607,-23.35150088413709,15.4953031539917,3693.93,238.601,False,3582.84,1.4425,3687.8,235.781,False,46.6001,40.6572,22.481278366845856,0.07013065941489628,22.514431437927254,0.00043713211635646387,22.483081585670686,0.06941698873754289,27.229032844099866,0.9472724839278835
2011 GK82,333791,MBO,MBO,21164710971322955,745213861765316765,15.946239,2.672994,1.8788074,271.49980229667824,-23.351517175743236,2025050400483,7,60800.2440661897,u,271.4997960144998,-23.351530370068833,8.676050186157227,3053.86,354.262,False,2973.68,11.2644,3026.82,359.1,False,21.2461,29.7687,22.687877152945433,0.12595045571284794,22.71676444511922,0.004112805235972048,22.697533488111738,0.1288110521768751,28.08180197382881,1.521265351165002
2011 GK82,333791,MBO,MBO,21164710971322955,745213861923651682,15.94608,2.6729934,1.8788011,271.4997750636535,-23.351539810369363,2025050400484,53,60800.24466319744,u,271.4997784697449,-23.351563126419926,13.73507308959961,3367.55,243.409,False,3244.01,2.20649,3392.22,242.771,False,-1.30789,38.9621,22.581714852584557,0.07847781215454401,22.622294535983222,0.0007384891274887804,22.57378998348741,0.07770287958936341,nan,nan
2011 GK82,333791,MBO,MBO,21164710971322955,745213862166397056,15.945763,2.6729925,1.8787884,271.4997208369857,-23.351584836556704,2025050400486,4,60800.24585190907,u,271.49971680038095,-23.35159716031187,11.365669250488281,3064.85,268.472,False,3127.08,2.25242,3093.08,278.906,False,-48.4329,20.639,22.68397690510923,0.09510734445128288,22.66215249305311,0.0007820502914516962,22.67402209052097,0.09790187794606742,nan,nan
2011 GK82,333791,MBO,MBO,21164710971322955,745213862354616374,15.945606,2.6729918,1.8787822,271.49969407211296,-23.351607038771657,2025050400487,107,60800.246437074595,u,271.4996939368538,-23.351620592106233,13.132447242736816,3530.73,268.804,False,3541.4,11.454,3425.48,266.303,False,-55.9278,22.4256,22.53033873673263,0.08266002236336144,22.527062572560435,0.003511612171968177,22.563196415710607,0.08440709622942066,nan,nan
2011 GK82,333791,MBO,MBO,21164710971322955,745213862592118868,15.945289,2.6729908,1.8787694,271.49963977794386,-23.351652033837563,2025050400489,48,60800.24762595736,u,271.49961841003324,-23.35165255124785,12.684934616088867,3551.6,275.863,False,3339.68,5.8823,3381.46,274.273,False,-81.1388,11.2071,22.523939851855324,0.08433225745426634,22.590737882808682,0.001912346721680398,22.577239376464444,0.08806496030137904,nan,nan
2011 GK82,333791,MBO,MBO,21164710971322955,745213862756745262,15.945131,2.6729903,1.8787632,271.49961284278675,-23.3516743342301,2025050400490,106,60800.24821428256,u,271.49960517799354,-23.351694120757777,13.103411674499512,3487.3,262.15,False,3326.15,2.2093,3276.88,259.813,False,-80.2057,22.4651,22.54377671032099,0.08161779470228883,22.595145454918658,0.0007211692534400954,22.611348694520718,0.08608443944586709,nan,nan
2011 GK82,333791,MBO,MBO,21164710971322955,745213863024132290,15.944789,2.6729891,1.8787495,271.4995541788427,-23.35172285473494,2025050400492,104,60800.249496678574,u,271.49952355272495,-23.351756821829433,10.89889144897461,3308.54,302.163,False,3518.82,4.82862,3114.66,300.118,False,-147.049,12.511,22.60090901318366,0.09915832931392553,22.534007349618825,0.0014898765507906553,22.666473416940207,0.1046178394922484,nan,nan
2011 GK82,333791,MBO,MBO,21164710971322955,745213863264780468,15.944471,2.672988,1.8787367,271.49949967898425,-23.35176787126765,2025050400494,51,60800.25068614685,u,271.4994887678915,-23.35177870459164,14.276410102844238,3393.71,235.486,False,3481.66,1.70477,3287.05,235.624,False,-88.0591,44.6938,22.57331319213103,0.07533810214759826,22.54553413237727,0.0005316229967422799,22.60798420818322,0.07782829467839632,nan,nan
2011 GK82,333791,MBO,MBO,21164710971322955,745213863426785386,15.944313,2.6729875,1.8787304,271.49947259598804,-23.351790220327032,2025050400495,104,60800.251277752366,u,271.4994686737616,-23.35180023946051,14.117733001708984,3408.63,236.098,False,3450.71,1.88888,3516.91,235.923,False,-75.4291,49.1312,22.56855038236238,0.07520328199408641,22.555228856232254,0.000594319847600925,22.534596890676852,0.07283386653135723,nan,nan
2011 GK82,333791,MBO,MBO,21164710971322955,745213863695220795,15.944003,2.6729865,1.878718,271.49941936119427,-23.35183410900228,2025050400497,104,60800.25243839897,u,271.49941534161,-23.35185822875669,14.806355476379395,3529.02,238.785,False,3426.19,7.91438,3443.58,240.909,False,-99.8458,50.8215,22.5308646948855,0.07346445250930912,22.562971410622694,0.0025080130205915514,22.557474533342187,0.07595688606245014,nan,nan
2011 GK82,333791,MBO,MBO,21164710971322955,745213863935868965,15.943691,2.6729853,1.8787056,271.49936585598806,-23.35187816616253,2025050400499,51,60800.25360402888,u,271.4993499195534,-23.35190751011398,13.361427307128906,2996.13,223.929,False,2933.64,6.01472,2898.51,223.246,False,-144.412,52.0323,22.70859840953581,0.08114729101623909,22.73148299332838,0.002226039822376297,22.744562988725974,0.08362443680940873,nan,nan
2011 GK82,333791,MBO,MBO,21164710971322955,745213864097873984,15.943541,2.6729848,1.8786997,271.4993400524029,-23.35189939390874,2025050400500,104,60800.25416605766,u,271.4993346007597,-23.351907450574178,14.174154281616211,3507.57,244.074,False,3262.63,1.77474,3435.34,243.866,False,-144.947,48.8753,22.537484111513162,0.07555087392184441,22.616080475941832,0.0005905970092489033,22.56007565671254,0.077073633357892,nan,nan
2011 GK82,333791,MBO,MBO,21164710971322955,745213864366309474,15.943229,2.672984,1.8786873,271.49928648680014,-23.35194342048404,2025050400502,104,60800.25533248155,u,271.4992751468623,-23.35194963614516,13.203354835510254,3150.67,236.682,False,3018.16,0.261983,3244.59,239.023,False,-122.332,50.1613,22.653992732637096,0.08156177264156574,22.700644383976584,9.424432244268705e-05,22.622100407260817,0.07998419288910438,nan,nan
2011 GK82,333791,MBO,MBO,21164710971322955,745213864603287574,15.942911,2.6729827,1.8786745,271.4992318231887,-23.351988294136,2025050400504,44,60800.2565211147,u,271.4992356100327,-23.352020030395305,14.323966026306152,3502.13,238.826,False,3284.3,0.690172,3440.86,239.973,False,-124.464,49.1945,22.539169378396448,0.07404124001335359,22.60889293308541,0.00022815964887962307,22.558332459547465,0.07572158528678911,nan,nan
2011 GK82,333791,MBO,MBO,21164710971322955,745213864768438324,15.942754,2.6729822,1.8786683,271.49920477489326,-23.35201047765858,2025050400505,103,60800.25710972361,u,271.4992154361701,-23.35202817924937,14.091718673706055,3781.89,269.203,False,3646.85,1.47136,3711.07,272.376,False,-126.871,48.5647,22.45572779881592,0.07728502283579705,22.495205219559452,0.0004380516733378673,22.476252114252972,0.07968819956154476,nan,nan
2011 GK82,333791,MBO,MBO,21164710971322955,745213865041068062,15.942445,2.6729813,1.8786559,271.4991515690712,-23.352054074653157,2025050400507,111,60800.25826578949,u,271.4991387537899,-23.35207634490118,14.29195499420166,3452.81,237.125,False,3263.72,3.15025,3279.81,236.925,False,-125.359,47.8882,22.554568279563306,0.07456396186998106,22.61571777767196,0.0010479883274860514,22.61037826640158,0.0784307777066874,nan,nan
2011 GK82,333791,MBO,MBO,21164710971322955,745213865276997640,15.942128,2.67298,1.8786433,271.4990969425296,-23.3520987816456,2025050400509,49,60800.259451414655,u,271.499100410622,-23.35209848836474,13.419525146484375,3175.86,234.033,False,2993.94,3.32349,3132.59,232.007,False,-111.006,37.5782,22.645346589851016,0.08000922514919691,22.70939228968972,0.0012052457250242435,22.660241076484013,0.08041218183626433,nan,nan
2011 GK82,333791,MBO,MBO,21164710971322955,745213865440051223,15.941971,2.6729796,1.8786371,271.4990698446715,-23.352120938617063,2025050400510,104,60800.260039684974,u,271.4990650145401,-23.352126525103845,16.092540740966797,3901.0,236.792,False,3550.28,0.339251,3697.11,233.978,False,-113.53,39.1939,22.422060124220522,0.06590455152058257,22.524343476248134,0.00010374874735691755,22.48034403766403,0.06871269042298213,nan,nan
2011 GK82,333791,MBO,MBO,21164710971322955,745213865734701099,15.941653,2.6729784,1.8786244,271.4990151584499,-23.352165613034,2025050400512,154,60800.261225728755,u,271.4990000561321,-23.35217729772557,14.226150512695312,3573.1,248.749,False,3178.08,0.054,3507.85,247.817,False,-111.331,27.7216,22.51738704300157,0.07558584426096462,22.64458791016768,1.8448168433921257e-05,22.537397434467746,0.07670336046919923,nan,nan
2011 GK82,333791,MBO,MBO,21164710971322955,745213865791848601,15.941493,2.672978,1.878618,271.4989875236921,-23.352188167951567,2025050400513,7,60800.26182492338,u,271.49901641090423,-23.352113813856,7.6803154945373535,2878.56,383.835,False,3696.9,89.7871,2836.64,385.5,False,-155.271,18.6875,22.75206176236617,0.14477500500003304,22.480405770678594,0.026369420233342634,22.767989484437674,0.14755179465302234,nan,nan
2011 GK82,333791,MBO,MBO,21164710971322955,745213866137354269,15.941176,2.672977,1.8786054,271.49893287079226,-23.352232734165494,2025050400515,154,60800.263008318245,u,271.49891895557545,-23.352240506776123,13.728004455566406,3127.99,230.079,False,2944.0,3.48712,3248.44,231.933,False,-47.0293,34.4863,22.661836613449374,0.07986121929270412,22.727655485836344,0.0012860368002673202,22.620812895631918,0.07751968891604548,nan,nan
2011 GK82,333791,MBO,MBO,21164710971322955,745213866192928919,15.941017,2.6729763,1.878599,271.4989053451173,-23.352255159536387,2025050400516,4,60800.26360424273,u,271.4988827069619,-23.352300945543185,11.712141036987305,3308.62,282.292,False,3401.37,27.6009,3194.11,272.334,False,-79.5697,17.3129,22.600882734926078,0.09263518487332544,22.570865270281036,0.008810360556834325,22.63912529233047,0.09257129210071972,nan,nan
2011 GK82,333791,MBO,MBO,21164710971322955,745213866381148246,15.940862,2.6729758,1.8785928,271.49887859528087,-23.35227693993265,2025050400517,107,60800.26418384469,u,271.4988768063275,-23.352278543986063,13.498863220214844,3276.79,242.859,False,3373.11,3.53979,3265.21,243.281,False,-38.4533,36.1192,22.61137846306668,0.0804692393420416,22.579923705087136,0.001139387077696908,22.615222218250366,0.0808949498352195,nan,nan
2011 GK82,333791,MBO,MBO,21164710971322955,745213866618650712,15.940541,2.6729748,1.8785801,271.49882317253827,-23.352322026300165,2025050400519,48,60800.26538259911,u,271.49883194018616,-23.352334397340638,12.30850887298584,3062.87,244.271,False,2937.37,5.20019,2978.9,246.722,False,-60.8503,34.4231,22.68467854829106,0.08658998066651626,22.730103319150167,0.00192213932954685,22.714860224498583,0.08992413871715248,nan,nan
2011 GK82,333791,MBO,MBO,21164710971322955,745213866783277108,15.94038,2.672974,1.8785737,271.4987954235656,-23.35234457978815,2025050400520,106,60800.26598213731,u,271.498771355217,-23.352367511149627,12.854618072509766,3148.49,238.07,False,2847.1,0.350521,3072.19,239.1,False,-66.2358,36.0436,22.65474420770159,0.08209688676815385,22.76399315941083,0.00013367051570469708,22.681379842732063,0.08449983176028782,nan,nan
2011 GK82,333791,MBO,MBO,21164710971322955,745213867146084688,15.93988,2.6729724,1.8785537,271.4987088780361,-23.35241483502647,2025050400523,30,60800.267852521865,u,271.49862992419133,-23.352413960285055,5.342719078063965,3100.28,507.559,False,3554.49,38.0245,3041.79,506.974,False,-228.315,48.1007,22.67149769308701,0.17775012799020984,22.523056761116504,0.011614768472033764,22.692176916555297,0.1809592439129717,nan,nan
2011 GK82,333791,MBO,MBO,21164710971322955,745213867291312308,15.939719,2.672972,1.8785474,271.49868104365305,-23.352437402633065,2025050400524,51,60800.26845398351,u,271.4986886774287,-23.352453193853624,12.9194917678833,2954.74,227.128,False,2855.62,0.894469,3005.2,229.903,False,-91.2764,55.9352,22.723701824837256,0.08345949221373462,22.760748917994604,0.00034008634278417905,22.705316567221608,0.08306069965582,nan,nan
2011 GK82,333791,MBO,MBO,21164710971322955,745213867453317237,15.939568,2.6729715,1.8785414,271.4986547290029,-23.352458725814184,2025050400525,104,60800.269021589615,u,271.4986298952351,-23.3524755678488,13.842937469482422,3352.97,241.144,False,3576.56,1.78478,3381.41,245.29,False,-124.843,51.0712,22.586425840269527,0.07808562874094536,22.516336194410712,0.0005418056063504358,22.57725544651332,0.07876011288128575,nan,nan
2011 GK82,333791,MBO,MBO,21164710971322955,745213867721752643,15.939256,2.6729705,1.878529,271.49860086931915,-23.352502332232586,2025050400527,104,60800.27018310997,u,271.49859385846105,-23.352524140560142,14.191073417663574,3386.43,238.368,False,3237.31,0.867737,3372.12,240.313,False,-143.164,54.0459,22.575644764795342,0.0764240715950032,22.624539258376757,0.00029102355192008945,22.580242409775263,0.07737462467238712,nan,nan
2011 GK82,333791,MBO,MBO,21164710971322955,745213867816124462,15.939103,2.6729698,1.8785229,271.49857434398075,-23.352523789797026,2025050400528,28,60800.270755802354,u,271.4985715516164,-23.352518732811735,10.954988479614258,3316.08,297.933,False,3158.58,3.82793,3123.39,298.615,False,-152.325,33.2708,22.59843747616396,0.09754790360316874,22.651270270371114,0.0013158197857329626,22.66343449857743,0.10380295682949117,nan,nan
2011 GK82,333791,MBO,MBO,21164710971322955,745213867962400799,15.938941,2.6729693,1.8785164,271.4985463257393,-23.352546442101502,2025050400529,51,60800.27135934638,u,271.4985212108617,-23.352561493415056,13.859682083129883,3206.35,229.293,False,2927.65,0.37768,3141.22,230.791,False,-153.768,50.8309,22.63497264820242,0.07764333376581846,22.733702147048895,0.00014006485319168431,22.657254125322147,0.07977096388249848,nan,nan
2011 GK82,333791,MBO,MBO,21164710971322955,745213868124405830,15.93879,2.6729689,1.8785105,271.4985201083318,-23.352567626470314,2025050400530,104,60800.27192493895,u,271.49852006773375,-23.3525898023188,11.420389175415039,2967.65,259.377,False,3056.37,2.25535,2766.5,258.609,False,-175.185,41.3778,22.718968336690402,0.09489495871239177,22.686985137905104,0.0008011841426621864,22.79517331362457,0.10149328166235258,nan,nan
2011 GK82,333791,MBO,MBO,21164710971322955,745213868392841342,15.938474,2.672968,1.878498,271.4984653277442,-23.3526118534383,2025050400532,104,60800.273104750595,u,271.49845623507076,-23.352638366643745,14.648043632507324,3776.96,256.471,False,3680.24,2.5737,3663.13,256.336,False,-164.775,38.7452,22.45714404761882,0.0737259229811541,22.485309649623204,0.0007592872270793342,22.490369205939825,0.07597690584172268,nan,nan
2011 GK82,333791,MBO,MBO,21164710971322955,745213869466583762,15.935208,2.6729567,1.8783684,271.4978975902043,-23.353067344860342,2025050400540,104,60800.28529242659,g,271.4977078727298,-23.353223947087372,88.24009704589844,746.949,93.8327,False,10336.3,0.866786,3192.07,92.7754,False,2425.84,34.7389,24.21677266146707,0.13639159555211533,21.364087256104398,9.1048147126147e-05,22.639818960308403,0.03155620228832326,22.937844578372385,0.015548131468670396
2011 GK82,333791,MBO,MBO,21164710971322955,745213869736591483,15.934946,2.672956,1.8783579,271.49785179709176,-23.35310386383873,2025050400542,107,60800.28627210597,g,271.4976779260125,-23.35324479426648,82.79158782958984,1824.23,106.351,False,10012.3,0.922019,4594.29,103.949,False,2786.36,31.829,23.247301027748755,0.06329746254331729,21.398665386280186,9.998396317910786e-05,22.24445397780009,0.02456553440723602,22.78740689085001,0.012402524025079934
2011 GK82,333791,MBO,MBO,21164710971322955,745213870137148304,15.934547,2.6729546,1.8783422,271.4977822750074,-23.353159245449657,2025050400545,103,60800.28775939335,g,271.4976249872438,-23.35329125530719,79.37033081054688,2467.29,102.484,False,9889.64,0.994293,5325.64,102.472,False,2837.57,24.4046,22.9194494864698,0.045098301661285554,21.412048831559705,0.00010915866693803258,22.084070457452725,0.020890927221954497,22.767633513989455,0.009337904368892019
2011 GK82,333791,MBO,MBO,21164710971322955,745213870409777704,15.934289,2.6729536,1.8783319,271.4977371339678,-23.353195166161413,2025050400547,111,60800.28872434353,g,271.49758353405525,-23.35332206653662,71.76020812988281,3257.12,117.879,False,9278.05,1.5777,6709.13,118.12,False,3349.67,20.8085,22.617915562699118,0.039294066872040095,21.481358251281964,0.0001846256559091928,21.833334501215543,0.019115319829571098,22.587494966117585,0.006744706988572947
2011 GK82,333791,MBO,MBO,21164710971322955,745213870645706786,15.934024,2.672953,1.8783214,271.49769085084733,-23.35323196419229,2025050400549,49,60800.28971380034,g,271.49755066984517,-23.353354022626313,68.25358581542969,3254.61,117.756,False,8970.87,0.944239,6330.21,113.396,False,3144.53,17.8165,22.61875257790638,0.039283338012582825,21.517913577794943,0.00011428038495090214,21.89645471256943,0.019449299071728092,22.65611063384148,0.006151640657610514
2011 GK82,333791,MBO,MBO,21164710971322955,745213871160557956,15.933498,2.672951,1.8783007,271.49759921066186,-23.35330473087073,2025050400553,7,60800.29167075854,g,271.49738659103485,-23.353476687868664,58.36290740966797,886.792,123.991,False,8366.49,0.559379,3315.34,122.533,False,2504.77,16.7152,24.030445593146474,0.15180731900419087,21.593641728827222,7.259173147635404e-05,22.59867978751563,0.04012816415092833,22.903080358956597,0.007245494847360302
2011 GK82,333791,MBO,MBO,21164710971322955,745213871506063942,15.933241,2.6729503,1.8782904,271.497554089242,-23.35334051442377,2025050400555,154,60800.292633740675,g,271.49767159285994,-23.353239083315454,63.65922164916992,3523.35,113.004,False,8397.2,2.09583,6141.35,111.226,False,2716.81,15.3482,22.532610502516672,0.034822690989025615,21.589663731992232,0.00027098537818104747,21.929340360621133,0.01966376951924626,22.814851808802665,0.006133699408309256
2011 GK82,333791,MBO,MBO,21164710971322955,745213872420946539,15.9323,2.672947,1.8782532,271.4973895284545,-23.353470771902803,2025050400562,107,60800.29614239233,g,271.4975299295051,-23.35335925651942,58.459381103515625,3244.74,140.552,False,8776.87,4.87888,7052.89,141.695,False,3778.43,5.82495,22.622050246643354,0.047030701267598424,21.541650821046577,0.0006035382328727013,21.779082202832996,0.02181281666141845,22.45672156765282,0.0016738061727316878
2011 GK82,333791,MBO,MBO,21164710971322955,745213872660021905,15.932041,2.6729462,1.878243,271.4973443747912,-23.353506446161365,2025050400564,51,60800.297104254336,g,271.49749809068464,-23.353389410240815,64.86367797851562,2633.79,130.33,False,9833.85,5.41005,6082.93,129.007,False,3381.67,7.35532,22.848547122895553,0.05372637888954043,21.418191094324015,0.0005973130865256418,21.939717921627068,0.023026332808080203,22.577171963241437,0.0023615365724315913
2011 GK82,333791,MBO,MBO,21164710971322955,745213872823599760,15.931896,2.6729457,1.8782372,271.4973189745467,-23.3535265014619,2025050400565,107,60800.297645860366,g,271.49747168752145,-23.35340913618317,64.97691345214844,2873.53,133.551,False,9376.09,5.89893,6202.32,131.496,False,3392.76,9.9773,22.753960649979977,0.050460983124166164,21.469945599502587,0.0006830866657733498,21.918614607536245,0.0230188017407679,22.573617148795172,0.003192891766067214
2011 GK82,333791,MBO,MBO,21164710971322955,745213873092035027,15.931632,2.6729448,1.8782268,271.4972727621887,-23.353562966472417,2025050400567,107,60800.29862960992,g,271.49743483332577,-23.353432274036322,72.74275207519531,1941.62,118.834,False,9706.39,2.69869,4954.46,118.275,False,3009.86,14.7629,23.17958941054544,0.06645088950623,21.432355696427358,0.00030186974526942437,22.162509192385045,0.025919162186582793,22.70363422279828,0.005325368896845976
2011 GK82,333791,MBO,MBO,21164710971322955,745213873494688155,15.93124,2.6729434,1.8782113,271.49720402363243,-23.353617152019226,2025050400570,107,60800.300092807156,g,271.49738547555825,-23.353477024020464,69.97693634033203,1813.6,121.917,False,9802.86,4.68134,4652.48,124.009,False,2816.51,12.2909,23.253646246819656,0.07298726425816511,21.421617960348357,0.0005184915809004644,22.230788717384797,0.028939633162716128,22.77572175240102,0.004738018087261889
2011 GK82,333791,MBO,MBO,21164710971322955,745213873762599692,15.930975,2.6729426,1.8782009,271.49715767654675,-23.35365365038725,2025050400572,106,60800.301078521596,g,271.49735483498637,-23.3534950362551,59.835994720458984,1978.29,147.966,False,9810.53,9.03752,4914.72,144.798,False,3010.62,4.56822,23.159275089316516,0.08120752964028766,21.420768794342223,0.0010001868232808924,22.171253001603034,0.03198807431763338,22.70336010176736,0.0016474619190288968
2011 GK82,333791,MBO,MBO,21164710971322955,745213874000626300,15.930711,2.6729417,1.8781904,271.4971112664888,-23.35369016930294,2025050400574,48,60800.302065948235,g,271.4973414521336,-23.35351341711447,74.41624450683594,153.162,116.949,False,10037.1,1.86903,2542.19,115.531,False,2391.92,12.8396,25.93712240992778,0.8290291232033435,21.395979414596297,0.00020217728391958101,22.886980009924265,0.049341784225906536,22.953133410026325,0.005828129120463628
2011 GK82,333791,MBO,MBO,21164710971322955,745213874165252592,15.930578,2.6729412,1.8781852,271.4970880790986,-23.35370840406761,2025050400575,106,60800.30255833615,g,271.4973195359414,-23.353530109866544,75.32552337646484,293.111,114.632,False,10199.7,4.69147,2678.43,113.816,False,2255.08,11.7919,25.23241973518261,0.424617704371771,21.378531483692015,0.0004993969326264701,22.830299275971747,0.046136788002278835,23.017095079176443,0.005677355997611276
2011 GK82,333791,MBO,MBO,21164710971322955,745433748140984447,3.6380088,2.6286044,1.6206555,262.55957128028854,-25.271123369056703,2025062300364,49,60850.10272036421,r,262.55956052633337,-25.271143776395913,78.03612518310547,32123.6,407.97,False,29418.6,1.07995,47514.3,259.367,False,19240.0,41.0132,20.132939489515607,0.01378885947299832,20.22844501124387,3.98571244984206e-05,19.707939143535782,0.005926724004363956,20.689487330745514,0.0023144238496437745
2011 GK82,333791,MBO,MBO,21164710971322955,745438122860349074,4.0602303,2.6277711,1.6218764,262.3297121466575,-25.298395855171705,2025062400190,100,60851.058877718926,r,262.32970364852486,-25.298413490659605,66.81375885009766,24453.5,360.13,False,24409.4,16.5025,47781.6,206.91,False,2722.09,630.836,20.42914743011354,0.01598978406857879,20.431107221903694,0.000734035331148417,19.701848243722615,0.0047015938092560515,22.8127437646701,0.25161602326141896
2011 GK82,333791,MBO,MBO,21164710971322955,745482082942190669,8.339409,2.619171,1.6484563,260.10500938777386,-25.547793334449143,2025070400038,134,60860.991433624746,z,260.104972390454,-25.547646283758375,34.606842041015625,50571.8,1542.58,False,nan,nan,203408.0,789.747,False,153591.0,547.922,19.640228953893935,0.03311796062527677,nan,nan,18.129079925884078,0.00421545327898542,18.434085579980877,0.003873265683553177
2011 GK82,333791,MBO,MBO,21164710971322955,745508474298303376,10.752081,2.6140177,1.6761771,258.9719664930146,-25.673134387027385,2025071000061,115,60867.00580381,z,258.9719529316197,-25.673154379893617,22.962055206298828,30149.8,1317.28,False,30841.7,0.41282,24145.1,958.948,False,-220.262,845.424,20.201788882929776,0.04743708358106007,20.177154256432942,1.4532715244448874e-05,20.442927496500598,0.04312115405626901,nan,nan
2011 GK82,333791,MBO,MBO,21164710971322955,745512888335075140,11.124243,2.6131911,1.6814123,258.80856871746704,-25.691884332036217,2025071100180,150,60867.97521047044,i,258.80855896671943,-25.69190051218689,43.601226806640625,30216.5,689.862,False,28396.2,3.33078,34587.6,455.634,False,9627.92,455.706,20.199389604353534,0.024788051202379757,20.266849464036255,0.00012735325738611828,20.052698881483742,0.014302764877773851,21.44116882632915,0.05138976020245836
2011 GK82,333791,MBO,MBO,21164710971322955,745512891153648151,11.128521,2.6131816,1.6814715,258.8066690837853,-25.69212466592144,2025071100201,150,60867.9862676499,r,258.8066589616735,-25.69213976723895,58.91225814819336,29510.5,499.117,False,27547.1,0.203927,24569.1,379.812,False,-2371.88,116.963,20.225058580333346,0.018363274159420035,20.299810301463644,8.037540255392126e-06,20.42402689734732,0.01678432090233021,nan,nan
2011 GK82,333791,MBO,MBO,21164710971322955,745512944247243533,11.215894,2.61299,1.6827128,258.7676971689159,-25.6964954911346,2025071100597,42,60868.21138067651,z,258.76768257729424,-25.69651622287962,24.972909927368164,28114.4,1115.4,False,25180.6,2.90413,30726.7,731.309,False,7201.05,822.631,20.277677936159144,0.043075085097609905,20.397334831326706,0.00012522017401051894,20.181210227090645,0.02584100151171341,21.7565104633844,0.12403194866524725
2011 GK82,333791,MBO,MBO,21164710971322955,745517298028118122,11.508116,2.6123285,1.6870941,258.6436030900941,-25.71125065343885,2025071200267,92,60868.98827403176,g,258.6435794675607,-25.711274716773637,46.93930435180664,11090.8,234.863,False,10394.0,0.396319,17946.4,182.269,False,7632.77,117.516,21.287592834753877,0.02299196396163298,21.358043218782896,4.139868087460335e-05,20.765056618028503,0.011027060856176291,21.69329455751162,0.016716260840137116
2011 GK82,333791,MBO,MBO,21164710971322955,745517304470569309,11.517064,2.6123087,1.6872251,258.63970771970963,-25.71174333645476,2025071200315,92,60869.01168697384,r,258.6396977266561,-25.711754432972246,66.82000732421875,27406.2,407.454,False,25064.9,0.542543,26394.3,333.2,False,1955.43,157.046,20.305377974155434,0.01614187968606838,20.402335042397702,2.3501333022184472e-05,20.346224596315825,0.013706266351863996,23.171894285677816,0.0871984827009853
2011 GK82,333791,MBO,MBO,21164710971322955,745521717378547808,11.953604,2.6113164,1.694051,258.45634159332,-25.73365331276647,2025071300426,22,60870.179238181234,i,258.4563219450688,-25.73365735882172,13.484864234924316,9790.81,725.106,False,9359.93,14.8463,33229.9,423.858,False,23875.2,479.641,21.42295349077228,0.08040947487017373,21.47181853425662,0.0017221460086475867,20.096177465197798,0.013848913170692787,20.455132489753957,0.021811905512177564
2011 GK82,333791,MBO,MBO,21164710971322955,745521723820998752,11.962666,2.611296,1.6941975,258.45249930375144,-25.73405726957388,2025071300474,22,60870.203325818286,z,258.45249162321016,-25.734074344586105,49.63364791870117,27643.0,566.326,False,31336.6,0.51119,26880.2,341.142,False,-12.5188,485.391,20.296037065622997,0.022243628756015116,20.159870328459682,1.771147777310443e-05,20.3264187922372,0.0137792958859371,nan,nan
2011 GK82,333791,MBO,MBO,21164710971322955,745543657006826580,13.667518,2.6072376,1.7252133,257.8002053309212,-25.8205164688327,2025071800049,14,60875.00037078853,g,257.8001856527419,-25.820533215712672,36.979000091552734,8512.75,229.408,False,7585.81,0.40518,17493.4,165.65,False,9339.25,159.299,21.574825301640278,0.029259237782157714,21.699995089535662,5.799230403663993e-05,20.79281440892951,0.010281145556341463,21.474219997310147,0.018519333705390908
2011 GK82,333791,MBO,MBO,21164710971322955,745548053507211802,13.996969,2.606418,1.7320664,257.6866997320656,-25.837523398826537,2025071900037,137,60875.9739337659,r,257.68668561384163,-25.837538118977807,29.078351974487305,8746.36,301.163,False,7616.09,1.14662,22551.5,167.961,False,15322.1,202.254,21.545431584036557,0.03738510116136423,21.69566985351841,0.0001634601102176299,20.51706141494651,0.00808643935423126,20.936704296568116,0.014331879675102653
2011 GK82,333791,MBO,MBO,21164710971322955,745548056325783990,14.0009,2.606408,1.7321469,257.68531838428873,-25.837748032581068,2025071900058,137,60875.98544226595,i,257.6853036772121,-25.837762442076013,45.8177604675293,24845.6,533.373,False,22583.6,4.10154,24267.9,219.931,False,-679.017,224.641,20.411876294448405,0.02330804530665263,20.51551708628724,0.00019718692531501555,20.437419490794618,0.009839625395686655,nan,nan
2011 GK82,333791,MBO,MBO,21164710971322955,745565682332599333,15.368879,2.6028526,1.764053,257.2673470405481,-25.910957962088148,2025072300310,133,60880.22604035609,z,257.26733255559606,-25.910977985033814,33.30982208251953,31846.7,951.567,False,30652.0,6.37617,20685.2,570.434,False,-6196.45,123.708,20.14233893464568,0.032441376548365194,20.183852957788375,0.00022585275964564486,20.610850730166618,0.029941257150659654,nan,nan
