provid,permid,orbit_class,population,ssObjectId,diaSourceId,phaseAngle,helioRange,topoRange,ephRa,ephDec,visit,detector,midpointMjdTai,band,ra,dec,snr,psfFlux,psfFluxErr,psfFlux_flag,trailFlux,trailFluxErr,scienceFlux,scienceFluxErr,forced_PsfFlux_flag,templateFlux,templateFluxErr,psfMag,psfMagErr,trailMag,trailMagErr,scienceMag,scienceMagErr,templateMag,templateMagErr
2014 UA114,466589,MBO,MBO,21164724091761729,745262191877816336,21.585642,2.7368839,2.453575,149.39068809666037,3.353536864128233,2025051500122,109,60811.04208450287,i,149.3906801027246,3.3535346422577104,13.736102104187012,6161.77,443.015,False,6255.88,4.00977,6006.31,442.585,False,-168.925,17.4976,21.925736288056633,0.07806156982987382,21.909278996550718,0.0006959136768422332,21.953480630866803,0.08000428619528371,nan,nan
2014 UA114,466589,MBO,MBO,21164724091761729,745262192012034065,21.585659,2.7368839,2.453581,149.39077901782852,3.35353738394818,2025051500123,109,60811.04255635306,i,149.39077085179784,3.3535428877291493,17.86981201171875,5882.63,328.196,False,5808.34,5.0954,5790.72,326.277,False,-99.644,16.6422,21.97607118810359,0.06057397833869863,21.989869952899955,0.0009524683904209762,21.993168544964462,0.06117559600258001,nan,nan
2014 UA114,466589,MBO,MBO,21164724091761729,745262192146251799,21.585676,2.7368839,2.4535873,149.39087052134505,3.353537906208988,2025051500124,109,60811.0430310299,i,149.39088287415808,3.353534161285871,16.200584411621094,5226.34,316.346,False,5083.3,1.24742,5211.34,313.874,False,-23.0887,17.7222,22.104505884021435,0.06571871036163403,22.134635688913733,0.0002664350044112702,22.107626511358276,0.0653928486843669,nan,nan
2014 UA114,466589,MBO,MBO,21164724091761729,745262192280993941,21.585695,2.7368839,2.4535937,149.39096299280777,3.353538433089608,2025051500125,110,60811.04351116055,i,149.39097901485533,3.3535261362662787,17.567306518554688,5924.91,330.702,False,5404.71,5.04686,5856.69,326.422,False,-13.7995,21.0281,21.968295576982698,0.06060094084311771,22.06806901780311,0.0010138488279096925,21.980869418289622,0.06051339302479676,nan,nan
2014 UA114,466589,MBO,MBO,21164724091761729,745262192416260155,21.585712,2.7368839,2.4535997,149.39105431311296,3.353538952519216,2025051500126,112,60811.043985125616,i,149.39105839506504,3.3535403761998013,18.214542388916016,6318.24,346.589,False,6138.05,1.32751,6244.56,344.294,False,-16.7413,15.6492,21.8985096630446,0.059558389654197345,21.92992397996365,0.00023481817747565697,21.91124538275838,0.05986209825277214,nan,nan
2014 UA114,466589,MBO,MBO,21164724091761729,745262192548905057,21.58573,2.7368839,2.453606,149.39114544525478,3.3535394699954955,2025051500127,109,60811.04445870916,i,149.3911562851239,3.353536594117406,13.924196243286133,6445.81,453.592,False,6712.94,1.36518,6579.82,453.389,False,-16.1236,14.2367,21.876806240434945,0.07640331680735271,21.83271809573967,0.00022080122596770344,21.854464996367433,0.07481372948001255,nan,nan
2014 UA114,466589,MBO,MBO,21164724091761729,745262192684171292,21.585747,2.7368839,2.4536123,149.39123773824156,3.353539993164893,2025051500128,111,60811.0449378077,i,149.39121924369442,3.3535101989934266,11.296067237854004,5611.87,489.661,False,5321.36,16.5208,5653.28,493.278,False,-41.5759,12.1566,22.027230972424192,0.0947353870134998,22.08494342600494,0.0033707982091278083,22.019248801101764,0.09473612140184595,nan,nan
2014 UA114,466589,MBO,MBO,21164724091761729,745262192818389075,21.585764,2.7368839,2.4536185,149.3913294578842,3.3535405121894875,2025051500129,111,60811.04541385244,i,149.3913567334916,3.35352110087095,15.919907569885254,5607.38,351.58,False,5323.18,0.989911,5642.37,349.599,False,-34.7205,13.3916,22.02810005195965,0.06807513103578501,22.08457208460414,0.00020190604078706303,22.02134607311021,0.06727178162785072,nan,nan
2014 UA114,466589,MBO,MBO,21164724091761729,745262192953655349,21.585781,2.7368839,2.4536247,149.39142137502216,3.353541031437228,2025051500130,113,60811.04589065211,i,149.3914344338698,3.3534994669007854,13.13290023803711,6281.01,474.273,False,6125.01,5.70365,6362.76,473.46,False,-44.411,15.5325,21.90492632840123,0.08198289723898404,21.932233036325442,0.0010110448046202827,21.89088618453595,0.08079083183439327,nan,nan
2014 UA114,466589,MBO,MBO,21164724091761729,745262193087348878,21.585798,2.7368839,2.453631,149.39151252608724,3.35354154547386,2025051500131,112,60811.046363020694,i,149.39152776572186,3.3535449028572564,15.707741737365723,6123.47,380.802,False,5622.49,1.65032,6054.95,379.579,False,-41.2211,15.8287,21.932505975667098,0.06751898937348445,22.02517822552928,0.0003186865883972218,21.944723561933994,0.06806375947615553,nan,nan
2014 UA114,466589,MBO,MBO,21164724091761729,745262193357357112,21.585835,2.7368839,2.4536433,149.3916965769837,3.353542580730611,2025051500133,115,60811.04731837158,i,149.39170367252652,3.3535279072229915,13.797415733337402,7202.99,515.624,False,7020.59,18.0889,7128.88,516.275,False,-48.2379,13.5339,21.75621793506991,0.0777221198520373,21.784065996340566,0.0027974534406010215,21.767446757042464,0.07862925099498101,nan,nan
2014 UA114,466589,MBO,MBO,21164724091761729,745262193491574876,21.585852,2.736884,2.4536495,149.3917877422858,3.3535430921954075,2025051500134,115,60811.04779119583,i,149.3917949574873,3.35354092628179,15.275843620300293,6249.27,405.015,False,5940.75,21.5591,6211.89,404.418,False,-58.4006,13.7985,21.910426774641717,0.07036653297106804,21.965396808296184,0.003940158151845432,21.916940584483108,0.07068561323471723,nan,nan
2014 UA114,466589,MBO,MBO,21164724091761729,745262193624219677,21.585869,2.736884,2.453656,149.39188353859626,3.353543628696192,2025051500135,112,60811.048288111924,i,149.39190067079514,3.353535361946177,17.46936798095703,6410.02,361.95,False,6597.99,2.18126,6407.87,360.165,False,-77.0865,12.4571,21.88285153526755,0.06130748911367029,21.851470828963723,0.0003589385537342455,21.883215749160524,0.06102561105528107,nan,nan
2014 UA114,466589,MBO,MBO,21164724091761729,745262193758437441,21.585886,2.736884,2.4536622,149.39197509935448,3.353544140571547,2025051500136,112,60811.048763050516,i,149.3919955065238,3.3535597301834073,14.648711204528809,6044.91,413.039,False,5973.54,2.18228,5870.86,409.806,False,-116.795,12.7867,21.946525373871058,0.07418661092983501,21.959420552499928,0.0003966459517321488,21.978245715139142,0.07578808236334873,nan,nan
2014 UA114,466589,MBO,MBO,21164724091761729,745262193892130854,21.585903,2.736884,2.4536684,149.39206647215752,3.353544650515575,2025051500137,111,60811.04923726723,i,149.39208214162633,3.3535280611809393,16.05162811279297,6158.52,378.768,False,6299.77,6.1736,6042.24,377.104,False,-106.799,14.2359,21.926309106186096,0.0667761305201894,21.901688261711918,0.0010639914197864777,21.947005028842995,0.06776219648979548,nan,nan
2014 UA114,466589,MBO,MBO,21164724091761729,745262194026872909,21.58592,2.736884,2.4536746,149.39215823539928,3.3535451617540297,2025051500138,112,60811.04971380338,i,149.3921676520896,3.353537412568182,15.12300968170166,6811.49,448.364,False,7028.25,8.9113,6589.04,447.2,False,-113.062,12.9156,21.816894654225898,0.071468214121119,21.78288199682296,0.0013766329771589853,21.852944633509715,0.07368922348975965,nan,nan
2014 UA114,466589,MBO,MBO,21164724091761729,745262194163187806,21.585938,2.736884,2.4536808,149.39224961797308,3.3535456699913837,2025051500139,116,60811.0501876124,i,149.3922701922209,3.3535511561345794,15.914122581481934,6570.4,410.564,False,6267.53,2.13169,6460.13,408.683,False,-97.2236,12.1073,21.856020491589216,0.06784430183236374,21.907258983672364,0.00036927675131334225,21.874396875746918,0.06868622651981551,nan,nan
2014 UA114,466589,MBO,MBO,21164724091761729,745262194296356957,21.585955,2.736884,2.453687,149.39234100545178,3.353546177378121,2025051500140,114,60811.050661436646,i,149.39235784523535,3.3535461733141894,11.761100769042969,6320.69,533.811,False,5829.59,9.41962,6185.39,534.247,False,-77.4047,13.0093,21.898088783174043,0.09169535390491401,21.985905000264687,0.0017543639030740792,21.921582256303566,0.09377764497226561,nan,nan
2014 UA114,466589,MBO,MBO,21164724091761729,745262194451021855,21.585974,2.736884,2.4536932,149.39243259071682,3.3535466849832427,2025051500141,153,60811.051136607966,i,149.39245354057587,3.3535671066751895,12.30711841583252,6212.94,500.223,False,6176.25,2.72007,6143.15,500.75,False,-87.2785,12.2108,21.916757111396926,0.08741597664348427,21.923187832756316,0.0004781669061149495,21.929022217737874,0.08850222006225279,nan,nan
2014 UA114,466589,MBO,MBO,21164724091761729,745262194563743885,21.58599,2.736884,2.4536994,149.39252418094668,3.353547191735576,2025051500142,112,60811.05161158222,i,149.39252165649833,3.353549056637141,14.015487670898438,6220.36,437.703,False,6269.93,4.95801,6075.87,433.016,False,-77.7363,13.309,21.915461223917482,0.07639911639475962,21.906843239008438,0.000858556797792567,21.94097879636795,0.07737840503979856,nan,nan
2014 UA114,466589,MBO,MBO,21164724091761729,745262194699534381,21.586008,2.736884,2.4537055,149.39261654751542,3.353547701892523,2025051500143,115,60811.05209077224,i,149.39266309505953,3.3535354443955496,10.616299629211426,5828.31,561.958,False,5879.15,10.5304,5650.45,560.698,False,-109.121,12.4946,21.98614338095,0.10468526013576508,21.97671366585203,0.0019447091876140378,22.01979237180054,0.10773833860528823,nan,nan
2014 UA114,466589,MBO,MBO,21164724091761729,745262194833752247,21.586025,2.736884,2.4537117,149.3927093047815,3.3535482133081445,2025051500144,115,60811.0525717431,i,149.39272995693796,3.3535383942447274,14.83551025390625,6916.43,461.856,False,6535.25,5.78557,6940.3,460.079,False,-140.202,14.4755,21.80029500771229,0.07250181875933424,21.86184448557058,0.0009611878614005335,21.796554421590116,0.071974475494488,nan,nan
2014 UA114,466589,MBO,MBO,21164724091761729,745262194967969805,21.586042,2.736884,2.453718,149.3928007173124,3.3535487164286,2025051500145,115,60811.05304537207,i,149.39279892248197,3.353564435046892,13.662749290466309,7400.18,534.607,False,7283.98,6.78516,7169.2,537.015,False,-178.603,11.2062,21.726894265403985,0.07843622122677034,21.74407814126195,0.0010113830566633088,21.761323230125164,0.08132799029433586,nan,nan
2014 UA114,466589,MBO,MBO,21164724091761729,745262195122634790,21.58606,2.736884,2.4537244,149.3928932919994,3.353549225054934,2025051500146,154,60811.05352545515,i,149.39289902108862,3.3535357780845056,14.324854850769043,7002.12,485.732,False,6674.71,0.388531,6782.25,486.433,False,-202.995,11.6864,21.786926108611745,0.07531673315393124,21.83891900284895,6.32000753908646e-05,21.821565514417763,0.07787060848512413,nan,nan
2014 UA114,466589,MBO,MBO,21164724091761729,745262195236405327,21.586079,2.736884,2.4537308,149.39299107962293,3.353549761349709,2025051500147,115,60811.05403220598,i,149.39300024430776,3.3535608993350374,14.203062057495117,7396.37,516.604,False,7120.78,4.00764,6980.66,507.748,False,-203.867,11.4861,21.727453411768103,0.07583391064498388,21.76868111216948,0.0006110622502035516,21.79025876125745,0.07897252677825292,nan,nan
2014 UA114,466589,MBO,MBO,21164724091761729,745262195501695058,21.586288,2.7368844,2.4538069,149.39411248885415,3.3535558403612447,2025051500149,109,60811.059844654694,z,149.39413893163032,3.353541584002899,6.679670333862305,6433.0,968.69,False,6127.42,23.8423,6218.63,970.979,False,-128.767,30.7936,21.87896612149908,0.16349165348016095,21.931805889383938,0.004224689852398168,21.915763226327467,0.16952722359546593,nan,nan
2014 UA114,466589,MBO,MBO,21164724091761729,745262196173832229,21.586376,2.7368844,2.4538379,149.3945713517136,3.353558290291227,2025051500154,111,60811.06222199426,z,149.39448624031448,3.353538152063725,6.337647914886475,6548.49,1043.66,False,8810.7,319.313,6264.89,1048.17,False,-190.012,20.1564,21.859647039508516,0.17303827966632718,21.537473940979826,0.0393487083138873,21.907716351353415,0.18165301236238346,nan,nan
2014 UA114,466589,MBO,MBO,21164724091761729,745262196444889097,21.58641,2.7368844,2.4538503,149.39475497331364,3.353559264606416,2025051500156,116,60811.06317210624,z,149.3947361007597,3.3535481581953794,6.5445356369018555,5948.28,888.915,False,nan,nan,5406.72,886.575,False,-95.1937,20.3722,21.964021530144976,0.16225315712359553,nan,nan,22.06766525892266,0.17803521372242348,nan,nan
2014 UA114,466589,MBO,MBO,21164724091761729,745262196712800282,21.586445,2.7368844,2.4538627,149.3949386167529,3.3535602355805043,2025051500158,115,60811.06412385822,z,149.3949138353784,3.3535425733749635,6.919186592102051,5953.72,856.415,False,nan,nan,5790.76,855.355,False,-149.747,22.5162,21.963028945387364,0.15617810619033728,nan,nan,21.9931611293811,0.16037444269886242,nan,nan
2014 UA114,466589,MBO,MBO,21164724091761729,745262197001682951,21.58648,2.7368844,2.453875,149.39512266846404,3.3535612052512462,2025051500160,154,60811.06507653877,z,149.39507322349206,3.353506710782858,7.2262282371521,7382.47,997.933,False,8214.99,60.9668,7424.49,1000.73,False,-113.883,26.9492,21.729495741386415,0.14676550510416234,21.613482371247763,0.008057692207605317,21.723333399133978,0.14634388849368357,nan,nan
2014 UA114,466589,MBO,MBO,21164724091761729,745262197113880717,21.586496,2.7368844,2.4538815,149.39521769650707,3.353561704549134,2025051500161,112,60811.065568884645,z,149.39522184051503,3.3535501592586567,7.61234712600708,6231.17,815.557,False,6045.97,12.2373,6406.0,817.279,False,62.2639,25.1367,21.91357601380401,0.1421048985131036,21.94633499170499,0.002197576087632913,21.883532664180493,0.1385184812169935,26.914409186964544,0.43832500975979233
2014 UA114,466589,MBO,MBO,21164724091761729,745262197517582349,21.586548,2.7368846,2.4539003,149.395493543372,3.353563148693957,2025051500164,114,60811.066996062786,z,149.3955387500781,3.353565759180811,6.8154754638671875,5384.61,782.916,False,6516.36,76.2844,5380.68,785.445,False,69.5515,18.4479,22.072114394035744,0.15786478222789013,21.8649873499198,0.012710276549563342,22.07290705343761,0.15849038661261775,26.79423377289569,0.2879816283912035
2014 UA114,466589,MBO,MBO,21164724091761729,745262197672771593,21.586565,2.7368846,2.4539065,149.3955851171113,3.3535636263992306,2025051500165,154,60811.06747001558,z,149.39563027283072,3.3535477391659723,6.464282512664795,4757.85,741.36,False,6666.35,124.762,4746.0,739.572,False,66.0829,30.7084,22.20647311275942,0.16917754034572416,21.84027970542872,0.020319758116546488,22.2091806652967,0.16919092283011863,26.849777249984108,0.5045363014298051
2014 UA114,466589,MBO,MBO,21164724091761729,745262197806465030,21.586582,2.7368846,2.4539127,149.3956772761251,3.353564106297737,2025051500166,153,60811.06794713614,z,149.3956464633506,3.3536927325717385,6.879448890686035,9752.71,1452.1,False,nan,nan,9530.37,1459.04,False,-46.929,18.1742,21.427186728047978,0.1616573775634454,nan,nan,21.4522255824202,0.16621942014035482,nan,nan
2014 UA114,466589,MBO,MBO,21164724091761729,745262198054977560,21.586617,2.7368846,2.4539251,149.39586025851236,3.353565056585953,2025051500168,115,60811.06889448274,z,149.3958903815291,3.3535296405211557,6.866560459136963,6767.02,998.358,False,7047.7,49.3345,6497.86,1006.19,False,-122.3,16.7435,21.82400634674792,0.160181792207328,21.77988144703584,0.007600245557189174,21.868074147859218,0.1681256502144143,nan,nan
2014 UA114,466589,MBO,MBO,21164724091761729,745262198209642527,21.586634,2.7368846,2.4539313,149.3959522412466,3.3535655330015244,2025051500169,154,60811.06937062166,z,149.39598597119664,3.3535623398893497,6.98492431640625,6164.17,878.645,False,6180.99,37.0514,6103.64,879.653,False,-148.767,25.2988,21.92531349500267,0.15476158524606567,21.922354856422636,0.006508349642468781,21.93602769944668,0.1564756612063342,nan,nan
2014 UA114,466589,MBO,MBO,21164724091761729,745262198343860264,21.58665,2.7368846,2.4539375,149.39604500273433,3.353566012583999,2025051500170,154,60811.069850944616,z,149.3960230730599,3.353549219152638,6.602232456207275,6141.43,916.0,False,5754.7,93.579,6149.74,915.978,False,-162.817,23.5525,21.929326203611467,0.16193856074117655,21.99994324260198,0.017655500276500282,21.92785807119566,0.16171585614154213,nan,nan
2014 UA114,466589,MBO,MBO,21164724091761729,745262198457630815,21.58667,2.7368846,2.4539442,149.39614376147352,3.353566522216853,2025051500171,115,60811.07036106307,z,149.3961596069288,3.3535696577720264,6.400176048278809,5877.15,922.751,False,6495.75,60.8378,5532.66,916.677,False,-250.127,25.7246,21.977083080117836,0.1704676858472323,21.86842674501979,0.010168772054121438,22.042665013782425,0.1798898506291471,nan,nan
2014 UA114,466589,MBO,MBO,21164724091761729,745262198612295824,21.586687,2.7368846,2.4539504,149.39623556862733,3.3535669950940057,2025051500172,154,60811.07083650702,z,149.39623187962056,3.353602345168394,8.956799507141113,6960.96,774.513,False,7190.39,8.53952,6781.58,772.676,False,-246.128,35.2475,21.793327160675574,0.1208047180855675,21.75811886248943,0.0012894524699274884,21.821672764129747,0.12370602804223792,nan,nan
2014 UA114,466589,MBO,MBO,21164724091761729,745262198745989136,21.586704,2.7368846,2.453957,149.3963335669767,3.353567498922712,2025051500173,153,60811.07134320839,z,149.3963339082207,3.3535487327291644,9.20824909210205,6599.27,717.57,False,6514.34,0.999776,6503.29,714.91,False,-206.581,36.0715,21.851260253578214,0.11805725998400649,21.865323971652522,0.00016663131370513192,21.867167191346756,0.1193555317882724,nan,nan
2014 UA114,466589,MBO,MBO,21164724091761729,745262198882304013,21.586721,2.7368846,2.4539635,149.39642944551002,3.353567990916918,2025051500174,157,60811.071839933895,z,149.39642694830366,3.3535847154253426,7.919554233551025,6433.47,802.181,False,6105.72,20.0691,6593.85,798.395,False,-234.503,43.6015,21.878886763404502,0.13537903468154955,21.935657751130655,0.0035687432566952376,21.852152325458924,0.13146285790023768,nan,nan
2014 UA114,466589,MBO,MBO,21164724091761729,745262199014424714,21.58674,2.7368846,2.4539702,149.39652823016473,3.3535684968564614,2025051500175,153,60811.07235048553,z,149.3965148005441,3.3535923812456137,7.593367576599121,7522.98,968.584,False,8362.72,34.9501,7357.59,964.771,False,-246.593,39.6533,21.709025234719448,0.13978858137534134,21.594131145472865,0.004537589457858561,21.733161065032608,0.14236819692379962,nan,nan
2014 UA114,466589,MBO,MBO,21164724091761729,745262199150739488,21.586758,2.7368846,2.4539766,149.3966204481596,3.353568968278936,2025051500176,157,60811.07282756046,z,149.39663942199027,3.3535757146038736,6.278923511505127,8776.91,1382.35,False,8209.98,56.257,8814.83,1385.06,False,-154.387,88.2122,21.54164586805536,0.17100179783330782,21.614144690125936,0.007439757240645877,21.53696513774912,0.17059998185461622,nan,nan
2014 UA114,466589,MBO,MBO,21164724091761729,745262199283384441,21.586775,2.7368846,2.453983,149.39671653891637,3.3535694585911604,2025051500177,154,60811.073324297315,z,149.39675857739988,3.3535528175101352,7.8912177085876465,6965.04,891.651,False,6856.7,9.53054,6526.2,887.079,False,-187.449,69.7616,21.79269095664494,0.1389938562218785,21.8097120983972,0.00150913012680031,21.86334902021575,0.14757956171898332,nan,nan
2014 UA114,466589,MBO,MBO,21164724091761729,745262199395582005,21.586796,2.7368846,2.4539905,149.3968282984575,3.3535700276901923,2025051500178,112,60811.07390261915,z,149.39683138578542,3.353584906785392,9.266596794128418,6576.38,689.568,False,6547.25,36.0717,6507.26,690.448,False,-161.915,35.0416,21.85503276959911,0.11384514720284672,21.859852689184407,0.005981801794186075,21.866504640409193,0.11520123922857745,nan,nan
2014 UA114,466589,MBO,MBO,21164724091761729,745262199529799690,21.586813,2.7368846,2.4539967,149.39691976209932,3.3535704925085006,2025051500179,112,60811.07437529799,z,149.39688759436274,3.35356810930001,11.317037582397461,7887.13,699.954,False,7855.73,8.59703,7733.78,702.596,False,-122.764,117.115,21.65770251822012,0.0963551239159001,21.662033631665224,0.0011881908373441257,21.679020495918916,0.09863662332289817,nan,nan
2014 UA114,466589,MBO,MBO,21164724091761729,745262199664017414,21.586832,2.7368848,2.4540033,149.39701858028357,3.353570993762196,2025051500180,112,60811.07488665495,z,149.39709145750538,3.3535108530250786,7.0934648513793945,7709.43,1095.38,False,8303.55,113.449,7866.64,1108.46,False,97.0481,39.8444,21.68244430151958,0.1542648032542673,21.60184051273233,0.014834099496468238,21.66052679097222,0.15298718260889138,26.432532369655295,0.44576353912291294
2014 UA114,466589,MBO,MBO,21164724091761729,745262199798759539,21.58685,2.7368848,2.4540098,149.3971104428698,3.353571458859007,2025051500181,113,60811.07536162604,z,149.39708133359946,3.353591015845188,5.811620712280273,5030.55,849.071,False,5331.29,46.1925,5133.75,847.373,False,144.421,45.6923,22.1459613673338,0.1832537482794455,22.0829192245927,0.009407267365029831,22.123913210345727,0.1792108165883255,26.00092409101042,0.3435080866321992
2014 UA114,466589,MBO,MBO,21164724091761729,745284180519157786,21.693848,2.7370138,2.5178308,150.41598957601298,3.3334062994702838,2025052000110,146,60815.997173178526,g,150.41599980954166,3.3334088477205284,11.602968215942383,2581.42,215.826,False,2620.19,3.7993,2640.95,215.012,False,67.7273,22.4902,22.870353356599246,0.09077566362454384,22.85416806224012,0.0015743276657512583,22.84559957265084,0.08839482383863985,26.823090552916312,0.36054033630165916
2014 UA114,466589,MBO,MBO,21164724091761729,745284180657045533,21.693857,2.7370138,2.5178385,150.4161138837135,3.3334007512320687,2025052000111,153,60815.99776202555,g,150.4161707910061,3.3334234222129795,12.111029624938965,2517.75,224.474,False,2801.77,2.60439,2642.21,224.466,False,156.841,25.5674,22.89746848840072,0.0968005353059625,22.78141879053037,0.0010092478656215447,22.84508168628375,0.09223750960418681,25.911350969718583,0.17699103686784282
2014 UA114,466589,MBO,MBO,21164724091761729,745284180791263251,21.69387,2.7370138,2.5178485,150.41627555378878,3.3333935336860554,2025052000112,153,60815.99852844935,g,150.41634857610975,3.33341519423172,11.019098281860352,2139.63,200.479,False,2467.74,4.73881,2460.52,200.506,False,318.143,24.3114,23.074153363068525,0.1017312922124376,22.919251502556378,0.002084943175776117,22.92243274266235,0.08847585801566869,25.143444051587466,0.08296824426831352
2014 UA114,466589,MBO,MBO,21164724091761729,745284180925481061,21.693878,2.7370138,2.5178547,150.41637602120045,3.3333890474805816,2025052000113,153,60815.999004494544,g,150.4163694905559,3.3333718238253662,17.55483055114746,2701.94,152.339,False,2544.37,0.879456,2958.25,151.776,False,229.922,12.5411,22.820810771709972,0.06121526613741182,22.886049284288028,0.000375282351996517,22.722412817030538,0.0557047914387422,25.49604869243083,0.05922150120740462
2014 UA114,466589,MBO,MBO,21164724091761729,745284181057601586,21.693886,2.7370138,2.5178618,150.41648852280525,3.333384023026883,2025052000114,149,60815.99953748862,g,150.41648148949963,3.333368872906623,17.66352081298828,2522.36,140.006,False,2857.09,1.39728,2878.45,141.687,False,294.302,17.133,22.895482277058115,0.06026482065650041,22.760190163781544,0.0005309869179517107,22.752103293513123,0.053443590963736326,25.228016959139026,0.06320690190050798
2014 UA114,466589,MBO,MBO,21164724091761729,745284181193916473,21.6939,2.7370138,2.5178716,150.4166500000222,3.33337680964125,2025052000115,153,60816.000302056374,g,150.41663732170096,3.3333673975661453,18.524242401123047,2608.6,138.206,False,2931.9,0.466581,2932.24,137.46,False,292.665,10.0289,22.85898123449634,0.05752328659258352,22.732127152439002,0.00017278348063906962,22.732001218971234,0.05089805285126471,25.23407299835933,0.03720547269070212
2014 UA114,466589,MBO,MBO,21164724091761729,745284181326037021,21.693909,2.7370138,2.5178788,150.4167625110993,3.3333717825047846,2025052000116,149,60816.00083512574,g,150.41676513065195,3.333386793228751,18.008882522583008,2492.72,135.89,False,2453.75,2.61817,2739.11,135.477,False,228.026,12.3877,22.90831626724759,0.05918863487914545,22.92542421847984,0.0011584888371451681,22.80597627379682,0.053700758084693,25.505039072884575,0.05898351246737827
2014 UA114,466589,MBO,MBO,21164724091761729,745284181460254767,21.69392,2.737014,2.5178878,150.41691091345382,3.333365150287125,2025052000117,149,60816.00153897185,g,150.41692927677246,3.333369680629996,16.22199249267578,2288.25,140.222,False,2334.15,3.01095,2329.88,140.325,False,28.8794,8.90057,23.00124132241473,0.06653298469840734,22.979678141002747,0.0014005516605950033,22.981666171229378,0.06539218212200926,27.74852957531388,0.33462159587026863
2014 UA114,466589,MBO,MBO,21164724091761729,745284181598142478,21.693928,2.737014,2.5178947,150.41702343362408,3.333360120603312,2025052000118,156,60816.002071902825,g,150.4170244577784,3.3333534141761074,18.16464614868164,2565.37,140.852,False,2660.53,0.915692,2542.77,139.62,False,-46.9086,9.57812,22.877124921159837,0.05961249814285459,22.837579587117524,0.000373684910607615,22.88673229437509,0.05961627769814151,nan,nan
2014 UA114,466589,MBO,MBO,21164724091761729,745284181728690233,21.693937,2.737014,2.517902,150.41713616883695,3.3333550803844503,2025052000119,149,60816.00260581951,g,150.41714294494798,3.333368448391599,17.685237884521484,2477.88,136.624,False,2515.87,3.06464,2463.56,136.041,False,-70.2122,10.4746,22.914799375545662,0.05986473217717396,22.898279458190892,0.0013225605840527386,22.921092114223725,0.059955769665068354,nan,nan
2014 UA114,466589,MBO,MBO,21164724091761729,745284181862908012,21.693947,2.737014,2.5179102,150.41727360994372,3.333348934356824,2025052000120,149,60816.003256159864,g,150.4172712234559,3.3333359871000443,21.182004928588867,2679.0,124.308,False,2651.74,0.137108,2622.66,122.744,False,-59.5797,9.8287,22.830068215979477,0.05037913202059567,22.8411726546108,5.613790118292527e-05,22.853145054948133,0.05081391135769582,nan,nan
2014 UA114,466589,MBO,MBO,21164724091761729,745284181998698527,21.693956,2.737014,2.5179174,150.4173865652971,3.333343882249016,2025052000121,152,60816.003791225885,g,150.41738491072954,3.3333311109519927,19.001453399658203,2335.33,120.462,False,2347.89,0.377503,2302.22,118.716,False,-25.8396,17.732,22.97912931774777,0.05600491071297998,22.97330568441177,0.000174568954066682,22.994632957740272,0.05598694505100339,nan,nan
2014 UA114,466589,MBO,MBO,21164724091761729,745284182136586256,21.693964,2.737014,2.5179236,150.41748791186888,3.3333393485790617,2025052000122,159,60816.00427132496,g,150.4174863707002,3.3333339411492497,17.61122703552246,2368.3,135.464,False,2356.37,0.836935,2432.02,133.763,False,31.6965,16.4722,22.963908190160687,0.06210284639312061,22.969391233749107,0.00038563152971454626,22.935082136063873,0.05971633922454237,27.647471700654492,0.564240969834355
2014 UA114,466589,MBO,MBO,21164724091761729,745284182399778833,21.69398,2.737014,2.517936,150.41768934805302,3.333330335274625,2025052000124,149,60816.00522575411,g,150.41769797406343,3.3333287115609576,16.562570571899414,2412.2,143.89,False,2609.39,0.703661,2810.97,142.423,False,418.741,7.35731,22.943966739161972,0.06476518738177975,22.858652560447844,0.0002927850117095829,22.777859484725248,0.055010837400663135,24.845136292327652,0.01907646418799823
2014 UA114,466589,MBO,MBO,21164724091761729,745284182533472281,21.693995,2.737014,2.5179477,150.4178753822854,3.333322008549328,2025052000125,148,60816.00610655401,g,150.4178633716849,3.333296778616619,17.93761444091797,2550.81,140.745,False,2381.53,0.649923,3466.19,140.998,False,874.448,11.4284,22.88330469782656,0.05990721901162689,22.957859844980277,0.0002962989975198392,22.550369105898582,0.04416567965955269,24.045665030451246,0.014189783398494226
2014 UA114,466589,MBO,MBO,21164724091761729,745284182806102083,21.694016,2.737014,2.517964,150.4181376655333,3.3333102647892408,2025052000127,156,60816.0073481772,g,150.41814522403465,3.3333060252459497,15.568109512329102,2194.57,138.925,False,2160.25,0.415029,3797.18,137.32,False,1683.9,9.97902,23.04662637104611,0.06873141474684813,23.063739965481737,0.00020859252388543277,22.45134705767251,0.03926421878173625,23.33420924191009,0.006434220128161665
2014 UA114,466589,MBO,MBO,21164724091761729,745284182937698328,21.694025,2.737014,2.5179722,150.4182747293878,3.3333041257947005,2025052000128,151,60816.00799732409,g,150.41827568200273,3.3332898935553765,14.833526611328125,2376.42,158.173,False,2450.47,1.70651,4617.65,157.799,False,2205.03,8.36929,22.960192038815176,0.07226591379773419,22.926876537956765,0.0007561078716461611,22.238947492992715,0.03710287410788223,23.04146372924418,0.004120960450617169
2014 UA114,466589,MBO,MBO,21164724091761729,745284183071916106,21.694033,2.737014,2.5179784,150.41837547224102,3.3332996127437333,2025052000129,151,60816.0084747443,g,150.41838094727007,3.333281675859551,14.287456512451172,2416.21,170.02,False,2323.18,0.42372,4800.32,171.912,False,2299.38,6.67607,22.942163324015283,0.07639935152825804,22.984792881340518,0.00019802518985949995,22.196824566318217,0.03888305197373307,22.99597318146126,0.0031523504186009295
2014 UA114,466589,MBO,MBO,21164724091761729,745284183340875781,21.69405,2.737014,2.5179925,150.41860062490306,3.333289523824424,2025052000131,152,60816.00954093928,g,150.41858602532625,3.333268082966483,12.61786937713623,2247.08,176.643,False,2183.86,3.94777,3436.04,178.737,False,1148.3,12.3182,23.02095362639752,0.08534974259070996,23.05193796221746,0.0019626884210131343,22.55985446029568,0.05647816361088081,23.749861541770105,0.011647056753188967
2014 UA114,466589,MBO,MBO,21164724091761729,745284183607214120,21.694069,2.7370143,2.518008,150.41885029886947,3.333278331954115,2025052000133,148,60816.010722717605,g,150.4188778489325,3.3332855951036513,13.232891082763672,2294.16,170.194,False,2232.85,0.693233,2692.48,172.578,False,214.807,17.9304,22.998440783298953,0.08054616721454927,23.02785108075173,0.0003370885405625369,22.82461879287372,0.0695916728387318,25.569878890990886,0.09062872600701631
2014 UA114,466589,MBO,MBO,21164724091761729,745284183743528999,21.694078,2.7370143,2.518015,150.41896310286492,3.333273273976627,2025052000134,152,60816.01125654897,g,150.41897137245664,3.33327048635656,15.120558738708496,2271.42,149.334,False,2281.45,0.919177,2356.7,148.452,False,110.315,6.99922,23.009256423703658,0.07138148628629695,23.004472635076525,0.0004374339846283158,22.96923926796299,0.06839212029616983,26.293413552660695,0.06888733423597379
2014 UA114,466589,MBO,MBO,21164724091761729,745284184011964472,21.694094,2.7370143,2.5180273,150.41916273901035,3.3332643203873897,2025052000136,152,60816.01220191838,g,150.41914873385048,3.3332524675201483,14.633367538452148,2284.54,155.395,False,2288.26,0.210822,2319.38,155.813,False,21.5627,6.78435,23.003003065139616,0.07385205743489238,23.001236572959396,0.0001000310621942058,22.986570285048323,0.07293838338823039,28.06574213473058,0.34160908602976575
2014 UA114,466589,MBO,MBO,21164724091761729,745284184145657914,21.694103,2.7370143,2.518035,150.41928654176223,3.333258766498257,2025052000137,151,60816.01278751195,g,150.41929472907444,3.333255105999906,13.732550621032715,2392.95,174.53,False,2202.29,0.493385,2359.95,174.996,False,-23.6017,13.2513,22.952665961528652,0.07918825815737433,23.042813713785932,0.00024324041515614824,22.967743018168335,0.08050996809451692,nan,nan
2014 UA114,466589,MBO,MBO,21164724091761729,745284184279875656,21.694113,2.7370143,2.5180428,150.41941140640697,3.333253163895151,2025052000138,151,60816.013378554475,g,150.4194273254105,3.3332574363352228,12.310744285583496,1949.17,155.4,False,2017.53,0.926472,1937.61,157.008,False,-28.1633,12.9246,23.175375679366326,0.0865616625479697,23.137949981092333,0.00049858202228544,23.181834090214686,0.08797914263144786,nan,nan
2014 UA114,466589,MBO,MBO,21164724091761729,745284184414093323,21.69412,2.7370143,2.518049,150.4195113443655,3.333248678960832,2025052000139,151,60816.013851595686,g,150.41950377281256,3.3332580807017633,13.670110702514648,2150.78,157.267,False,2115.12,3.93563,2130.37,156.721,False,-19.3649,7.23334,23.068510011859846,0.07939002200704441,23.086662410260843,0.0020202427441433405,23.07886234599422,0.0798723446308845,nan,nan
2014 UA114,466589,MBO,MBO,21164724091761729,745284184545689665,21.694132,2.7370143,2.518057,150.41964424866433,3.333242713522422,2025052000140,146,60816.014480708174,g,150.41965432012273,3.333262573717711,13.05053997039795,2217.33,168.142,False,2341.45,4.81081,2257.09,168.369,False,-5.40053,8.12835,23.03542412937218,0.08233228642228504,22.97628780222363,0.0022307846833752097,23.016127766137032,0.08099115033916898,nan,nan
2014 UA114,466589,MBO,MBO,21164724091761729,745284184679907401,21.69414,2.7370143,2.5180633,150.41974504038598,3.3332381886535503,2025052000141,146,60816.01495770269,g,150.41974087604763,3.333226339473632,16.54299545288086,2398.58,143.812,False,2348.88,5.06185,2381.1,143.416,False,-2.90233,12.0122,22.950114444394764,0.06509763532980962,22.972847979092094,0.002339767957189442,22.958055867907365,0.06539495928477336,nan,nan
2014 UA114,466589,MBO,MBO,21164724091761729,745284189512794197,21.694902,2.7370155,2.5186992,150.43001131976175,3.332773929716232,2025052000177,148,60816.06343342403,r,150.43003250868384,3.332769656352777,24.476478576660156,6189.68,248.854,False,6597.31,1.75748,6318.86,249.714,False,59.5701,14.3196,21.920829476594207,0.04365165793173372,21.851582761463256,0.0002892329867250299,21.89840319027278,0.042907034086054355,26.96242919760082,0.260991815777932
2014 UA114,466589,MBO,MBO,21164724091761729,745284189647536216,21.69491,2.7370155,2.5187056,150.43011260096807,3.332769319273809,2025052000178,149,60816.0639107544,r,150.43011506075518,3.332773093773965,22.30836296081543,6156.19,270.316,False,6084.72,5.38643,6254.9,269.581,False,94.5941,5.64927,21.926719972575714,0.047674272733075694,21.939398466322267,0.0009611357017733597,21.909449089909458,0.046794329164779574,26.460339865227326,0.06484143271449935
2014 UA114,466589,MBO,MBO,21164724091761729,745284189781753934,21.694918,2.7370155,2.5187118,150.43021346331292,3.332764727367998,2025052000179,149,60816.06438575081,r,150.43022886344585,3.332747540519532,19.683624267578125,5794.79,292.853,False,5879.68,2.37717,6044.7,294.71,False,191.329,5.62874,21.99240573770156,0.05487016771664313,21.97661574164255,0.00043896598964147937,21.94656308595355,0.052935182438803324,25.695548025713716,0.031941455777309655
2014 UA114,466589,MBO,MBO,21164724091761729,745284189917020215,21.694986,2.7370157,2.518772,150.43118415907526,3.3327205082915623,2025052000180,151,60816.06895572477,r,150.4311852354141,3.3327149029535224,14.805191040039062,6499.67,433.169,False,5863.79,4.54555,6528.08,439.582,False,78.5942,6.23937,21.86777174483447,0.07235863953458761,21.979553971475408,0.0008416515651162955,21.86303631713269,0.07311033067049735,26.661523753941434,0.08619350728588795
2014 UA114,466589,MBO,MBO,21164724091761729,745284190051762248,21.694994,2.7370157,2.5187786,150.43129188224702,3.3327155981226646,2025052000181,152,60816.069462385756,r,150.43130620604,3.3327080862358165,15.766475677490234,6731.29,423.954,False,6351.34,1.82351,6703.17,427.037,False,17.5645,8.00469,21.82975424019906,0.06838246683010282,21.892836621664898,0.00031172176746509884,21.83429942831812,0.06916869530257194,28.288410471369446,0.49480381027627446
2014 UA114,466589,MBO,MBO,21164724091761729,745284190335401990,21.69501,2.7370157,2.5187922,150.43151011107096,3.332705649176365,2025052000183,181,60816.07048924177,r,150.43151714406326,3.3327040186061643,18.787586212158203,6822.57,355.336,False,7026.65,4.82084,6944.66,358.526,False,11.0373,5.68796,21.81513002733947,0.056547777216435995,21.783129210816107,0.0007449012644520094,21.795872505081054,0.05605236985672726,28.792842871496173,0.5595230900926339
2014 UA114,466589,MBO,MBO,21164724091761729,745284190469619774,21.695017,2.7370157,2.5187984,150.43161105397184,3.3327010464365627,2025052000184,181,60816.070964540704,r,150.43160795891112,3.332688976182008,17.589496612548828,5569.75,309.708,False,5310.96,6.27603,5629.98,313.018,False,31.7667,6.90536,22.035410744586827,0.06037276304781091,22.087067431732446,0.0012830285131785848,22.023732873612047,0.060365220187563594,27.645069720471202,0.2360144246657632
2014 UA114,466589,MBO,MBO,21164724091761729,745284190603837496,21.695024,2.7370157,2.518805,150.43171944138862,3.3326961036836176,2025052000185,181,60816.071474644064,r,150.43171970334987,3.3326893704708564,16.56661033630371,5710.61,340.775,False,5875.83,1.86636,5867.03,345.193,False,60.0925,5.75968,22.008293772242467,0.0647902338642778,21.977326929923862,0.0003448660939677812,21.97895426748705,0.06388045468173242,26.952949341710237,0.10406445076390028
2014 UA114,466589,MBO,MBO,21164724091761729,745284190722326555,21.695032,2.7370157,2.5188117,150.43182741048253,3.3326911794305465,2025052000186,151,60816.07198260975,r,150.43178400164157,3.3327240045982527,14.40723991394043,5925.31,414.014,False,6736.86,24.1342,6038.11,418.15,False,59.9712,7.20783,21.968222297592906,0.07586269627224468,21.828856216313515,0.0038895530430470525,21.947747473155296,0.07518918960942678,26.955143169994997,0.1304926708608188
2014 UA114,466589,MBO,MBO,21164724091761729,745284190856019992,21.69504,2.7370157,2.5188184,150.43193581162782,3.33268623489587,2025052000187,150,60816.072492731924,r,150.43194146786823,3.3326703018597787,10.022780418395996,6729.7,669.426,False,6962.86,58.9279,6804.81,679.525,False,57.2628,5.33841,21.830010707352997,0.10800185016862934,21.793030863711238,0.009188775018749127,21.817959981682797,0.10842108959584489,27.00531858190532,0.10121937935484299
2014 UA114,466589,MBO,MBO,21164724091761729,745284190990237713,21.695047,2.7370157,2.5188246,150.43203699221004,3.3326816191951134,2025052000188,150,60816.07296889353,r,150.43203291936604,3.332691827412253,10.870301246643066,6341.98,583.139,False,6738.04,8.42189,6518.4,588.444,False,38.3464,6.61849,21.894437833076672,0.0998324027731883,21.828666031661122,0.0013570639404718267,21.86464749796592,0.09801407277482393,27.44068847015965,0.1873952763263776
2014 UA114,466589,MBO,MBO,21164724091761729,745284191124455491,21.695055,2.7370157,2.5188317,150.43215072133415,3.3326764304527865,2025052000189,150,60816.073503021646,r,150.43215375586502,3.332685579451595,12.644879341125488,6170.13,480.546,False,6255.78,12.3455,6299.01,481.257,False,19.5565,10.1775,21.92426423465147,0.08455999943163435,21.90929636908998,0.0021426515587014364,21.901819295860605,0.0829524251710759,28.171772198008217,0.5650336342678574
2014 UA114,466589,MBO,MBO,21164724091761729,745284191274926093,21.695063,2.737016,2.5188384,150.43225871794138,3.3326715026664577,2025052000190,181,60816.07401194263,r,150.43230041460822,3.332784696586239,6.021524906158447,7004.68,1190.51,False,nan,nan,7089.39,1208.56,False,-21.4151,6.83151,21.78652922305982,0.1845308832512583,nan,nan,21.77347780825168,0.185090309030047,nan,nan
2014 UA114,466589,MBO,MBO,21164724091761729,745284191539167258,21.695078,2.737016,2.5188522,150.43248111065014,3.3326613533125817,2025052000192,173,60816.07505704211,r,150.43247320654933,3.33264388655363,6.05333948135376,8036.39,1331.04,False,10951.9,161.575,8290.19,1356.38,False,-48.285,6.71747,21.63734747009339,0.17982680479756896,21.301276287093547,0.016018025887138253,21.603588733451634,0.17764017499979073,nan,nan
2014 UA114,466589,MBO,MBO,21164724091761729,745284191811797015,21.695095,2.737016,2.518867,150.4327216085907,3.33265037501231,2025052000194,181,60816.07618805147,r,150.432743900724,3.3326385603305417,17.803556442260742,6885.59,380.082,False,7015.76,8.38967,6878.15,381.568,False,-72.6531,7.07892,21.805147126566496,0.05993223504979355,21.784813226360484,0.001298358149819801,21.80632090850103,0.06023163069097363,nan,nan
2014 UA114,466589,MBO,MBO,21164724091761729,745284191945490451,21.695103,2.737016,2.5188732,150.43282283645192,3.332645753315408,2025052000195,180,60816.07666423876,r,150.43284743437655,3.332662520931581,15.255266189575195,6497.77,422.298,False,6694.67,3.95402,6618.28,424.969,False,-66.0876,13.7832,21.86808916007687,0.07056332109708223,21.835677077116173,0.0006412597997785851,21.848137192902236,0.06971663903858798,nan,nan
2014 UA114,466589,MBO,MBO,21164724091761729,745284192063979574,21.69511,2.737016,2.5188801,150.4329313016674,3.332640800646913,2025052000196,150,60816.07717479927,r,150.43293607872403,3.3326432415052136,13.426941871643066,6283.06,460.317,False,5853.76,2.32943,6309.99,464.457,False,-64.3805,10.0718,21.904571972311615,0.07954449150504941,21.98141276172698,0.0004320550724442684,21.899928282222596,0.07991736318408292,nan,nan
2014 UA114,466589,MBO,MBO,21164724091761729,745284192213925958,21.695116,2.737016,2.5188863,150.43303190425905,3.332636206498499,2025052000197,180,60816.07764777465,r,150.4330147732237,3.332613497516676,8.360102653503418,5557.36,659.5,False,6102.27,4.39331,5464.95,662.842,False,-63.6871,11.3832,22.03782869960707,0.12884589888969522,21.936271447896807,0.0007816723590567968,22.05603447907047,0.13168858086129465,nan,nan
2014 UA114,466589,MBO,MBO,21164724091761729,745284192332415084,21.695124,2.737016,2.518893,150.4331401704961,3.332631261846331,2025052000198,150,60816.07815667415,r,150.43314129022838,3.3326096108077747,18.92949867248535,6269.35,328.346,False,5955.59,0.252987,6261.46,330.071,False,-44.0026,7.90177,21.906943693230467,0.05686349355944331,21.962688048425296,4.6120896431697473e-05,21.908310980451027,0.05723426368861265,nan,nan
2014 UA114,466589,MBO,MBO,21164724091761729,745284192482361444,21.695131,2.737016,2.5188992,150.43324099857497,3.332626656408627,2025052000199,180,60816.07863047651,r,150.43326048480378,3.3326190984494697,17.23569679260254,6416.55,372.551,False,6292.08,7.72789,6518.24,376.367,False,-1.18866,7.2358,21.881746076074165,0.06303887845720958,21.903014397072567,0.0013334938321053506,21.86467409336053,0.0626910436336022,nan,nan
2014 UA114,466589,MBO,MBO,21164724091761729,745284192612909072,21.695139,2.737016,2.5189059,150.43334906575262,3.332621719788401,2025052000200,173,60816.07913864023,r,150.43334322603562,3.3326567140161245,14.859529495239258,6727.46,448.725,False,6273.6,3.0098,6889.64,452.907,False,22.3819,8.12092,21.83037219574465,0.07241915788957093,21.90620792070886,0.0005208889205281344,21.80450865449031,0.07137347257318682,28.025257584241583,0.3939422813339682
2014 UA114,466589,MBO,MBO,21164724091761729,745284192750796901,21.695147,2.737016,2.5189126,150.43345756564588,3.3326167628532435,2025052000201,180,60816.07964867999,r,150.43346183140667,3.3325979991520245,10.11795425415039,6231.1,604.044,False,6147.32,34.3187,6214.78,608.49,False,66.3181,6.90557,21.913588180236314,0.10525147031508654,21.928285478552937,0.006061349489370743,21.91643563890977,0.10630458929668599,26.845919812218757,0.11305552178145091
2014 UA114,466589,MBO,MBO,21164724091761729,745284193138245639,21.69517,2.737016,2.518933,150.433789705049,3.3326015853140767,2025052000204,151,60816.08120964865,r,150.43394245486311,3.3324635239101403,5.805031776428223,6341.62,1067.06,False,7511.65,142.368,6291.13,1082.53,False,1.9632,10.0476,21.8944994428074,0.18268923663948175,21.71066165389939,0.0205779142931242,21.903178371361722,0.18682527104655,30.667588651416033,5.556766001965078
2014 UA114,466589,MBO,MBO,21164724091761729,745284193556627464,21.69519,2.737016,2.5189528,150.43410765221574,3.3325870515625784,2025052000207,181,60816.08270365432,r,150.4341237245195,3.332618044548772,13.210454940795898,6752.13,526.039,False,7561.33,4.89133,6703.56,532.82,False,-36.8654,6.90646,21.826398030719687,0.084586582147809,21.703504507681593,0.0007023491582496452,21.834236238329048,0.0862977235252446,nan,nan
2014 UA114,466589,MBO,MBO,21164724091761729,745284193808810028,21.695206,2.7370162,2.5189657,150.4343145429735,3.3325775918676985,2025052000209,150,60816.083675456524,r,150.4343772252683,3.3325743880062952,6.246357440948486,8601.78,1328.16,False,10588.0,66.4161,8743.64,1344.68,False,-64.2925,9.23772,21.563529138485393,0.167643370207294,21.33796516842672,0.006810574599400512,21.545769373162805,0.16697483849199674,nan,nan
2014 UA114,466589,MBO,MBO,21164724091761729,745284193943027762,21.695213,2.7370162,2.5189724,150.43442268159484,3.3325726466625376,2025052000210,150,60816.08418383806,r,150.43444975942157,3.332620535224831,7.023852348327637,6276.24,886.921,False,8166.65,277.02,6407.62,900.023,False,-62.237,5.68039,21.905751103412783,0.15342979662445203,21.61989015466142,0.03682913252195671,21.88325810946766,0.15250397955504588,nan,nan
2014 UA114,466589,MBO,MBO,21164724091761729,745284194093498371,21.69522,2.7370162,2.518979,150.4345314662456,3.332567671385278,2025052000211,181,60816.08469416469,r,150.43450485230827,3.332550210479784,7.921238899230957,7602.79,971.667,False,8376.01,66.1091,7190.4,983.106,False,-65.2541,8.26284,21.697567507386843,0.13876143191723497,21.592407062457887,0.008569360078786996,21.758117387898313,0.14844706990252018,nan,nan
2014 UA114,466589,MBO,MBO,21164724091761729,745297374938136625,21.71151,2.7370927,2.5570283,151.08348695251715,3.2957792076214303,2025052300112,167,60819.010888985125,u,151.08352027865868,3.295860921372307,6.329897403717041,2145.22,339.459,False,2173.34,30.5806,2194.22,331.959,False,-10.8631,40.7525,23.07132042167663,0.17180659677506152,23.057180773087758,0.015277160518994276,23.046799591317765,0.16425879163301055,nan,nan
2014 UA114,466589,MBO,MBO,21164724091761729,745297377885159484,21.71158,2.7370932,2.5572467,151.0871862403193,3.2955166010361605,2025052300134,156,60819.02753780842,g,151.0871709416564,3.2955061407883646,23.007476806640625,3005.42,128.922,False,2698.75,0.0518424,2984.69,128.607,False,-31.7492,44.8469,22.705237097828594,0.04657428361013624,22.82209336164428,2.085675570998403e-05,22.712751945030302,0.046783174465334566,nan,nan
2014 UA114,466589,MBO,MBO,21164724091761729,745297378155167749,21.711586,2.7370932,2.5572605,151.08741949415722,3.2955000211180114,2025052300136,159,60819.028586217355,g,151.08743322887858,3.295506057719097,24.791555404663086,2919.19,116.657,False,2765.06,0.162834,2894.47,114.187,False,-40.633,43.5334,22.736844115201357,0.04338831266980431,22.795738577866935,6.393885459727611e-05,22.746077379386648,0.04283235183782247,nan,nan
2014 UA114,466589,MBO,MBO,21164724091761729,745297378289385572,21.711588,2.7370932,2.5572672,151.0875357957051,3.2954917533774246,2025052300137,159,60819.02910952353,g,151.08754529569163,3.29548495011523,23.564559936523438,2776.11,117.209,False,2718.59,0.419029,2803.65,115.474,False,-48.0312,39.9544,22.79140828169442,0.04584042040899791,22.814140677231794,0.00016734959616393323,22.780690546461166,0.04471824436536908,nan,nan
2014 UA114,466589,MBO,MBO,21164724091761729,745297378435661917,21.71159,2.7370932,2.557274,151.08765188026274,3.29548350046267,2025052300138,182,60819.029631473495,g,151.0876506361254,3.2954753743873164,19.595138549804688,2772.2,138.444,False,2616.16,2.27487,2763.72,137.475,False,-65.0078,44.6843,22.792938621154512,0.05422179714456225,22.855839283491633,0.0009440969646194625,22.79626490807403,0.05400749459358493,nan,nan
2014 UA114,466589,MBO,MBO,21164724091761729,745297378554151007,21.711592,2.7370934,2.557281,151.08776863753465,3.29547519912033,2025052300139,152,60819.03015675932,g,151.0877705857008,3.2954763557778635,24.255449295043945,2877.82,115.544,False,2795.34,1.88919,2924.0,117.135,False,-86.6112,42.4226,22.75234090800122,0.04359212864981582,22.783913368093955,0.0007337790290967304,22.73505657928544,0.04349442977555617,nan,nan
2014 UA114,466589,MBO,MBO,21164724091761729,745297378703573158,21.711594,2.7370934,2.557288,151.0878854003525,3.2954668967831457,2025052300140,181,60819.030681123004,g,151.08787507588036,3.2954573925083936,21.89795684814453,2651.7,118.283,False,2510.15,1.31237,2595.12,115.885,False,-66.3588,35.6384,22.84118904844584,0.048430868785154665,22.900750855842436,0.0005676503859221392,22.864606339216632,0.048483513951615646,nan,nan
2014 UA114,466589,MBO,MBO,21164724091761729,745297378839363589,21.711596,2.7370934,2.5572948,151.08800194637053,3.295458609265231,2025052300141,184,60819.03120546072,g,151.08800271514576,3.2954515566127762,19.668649673461914,2564.47,129.08,False,2359.05,0.727203,2557.95,129.969,False,-36.4961,46.6572,22.877505955118384,0.054649433566888804,22.968157112920274,0.0003346900750158977,22.88026989294142,0.05516606858153187,nan,nan
2014 UA114,466589,MBO,MBO,21164724091761729,745297378972532849,21.711597,2.7370934,2.5573018,151.08811805299396,3.2954503524028698,2025052300142,182,60819.03172731136,g,151.08811448477954,3.2954588151836774,17.791046142578125,2642.44,147.736,False,2516.39,0.389471,2654.78,147.736,False,-2.29651,39.6785,22.84498718688414,0.0607023505872162,22.89805516971579,0.00016804341833081898,22.83992864504409,0.060420190734743535,nan,nan
2014 UA114,466589,MBO,MBO,21164724091761729,745297379107799069,21.7116,2.7370934,2.5573087,151.08823483256074,3.2954420470938084,2025052300143,184,60819.0322521672,g,151.0882460514594,3.295432936606081,20.197927474975586,2666.21,130.694,False,2494.14,1.46469,2755.08,131.039,False,33.0196,13.2799,22.835264133473697,0.05322131785894172,22.90769797811513,0.0006376013366071358,22.799664433970243,0.051640527349956514,27.603070483040085,0.4366639155383697
2014 UA114,466589,MBO,MBO,21164724091761729,745297379377283083,21.711605,2.7370934,2.5573223,151.08846774121469,3.2954254809795764,2025052300145,186,60819.03329943505,g,151.0884644251159,3.2954255592169583,19.005388259887695,2446.63,128.715,False,2332.51,0.489593,2551.22,129.578,False,27.5212,34.6159,22.928579310386,0.05711960464519015,22.980441209600336,0.00022789563286914726,22.8831302353415,0.05514519748849516,27.80083157687173,1.3656284470370932
2014 UA114,466589,MBO,MBO,21164724091761729,745297379511500819,21.711607,2.7370934,2.5573292,151.08858409281612,3.2954172043575616,2025052300146,186,60819.033822497426,g,151.08859253578714,3.295411309188149,19.60300636291504,2558.23,128.434,False,2476.22,3.11695,2599.37,127.536,False,5.19714,30.7343,22.880151039441202,0.05450856686682803,22.915526945354344,0.0013666740199030274,22.862829695237473,0.053270773205444426,29.610588914805977,6.420712451791876
2014 UA114,466589,MBO,MBO,21164724091761729,745297379774693387,21.71161,2.7370934,2.5573428,151.08881636809022,3.2954006798308995,2025052300148,176,60819.03486655337,g,151.08880589005793,3.2954066674114197,21.16539192199707,2784.87,129.609,False,2601.64,1.6871,2815.79,129.656,False,-17.6481,21.6635,22.787987637405276,0.05053060674879781,22.86188204181243,0.0007040734629094101,22.77599932932562,0.04999386238780958,nan,nan
2014 UA114,466589,MBO,MBO,21164724091761729,745297379908911110,21.711613,2.7370934,2.5573497,151.088932959349,3.295392384436201,2025052300149,176,60819.03539085956,g,151.0889385919651,3.2953947269773978,19.657583236694336,2524.29,127.433,False,2511.47,2.33421,2516.25,126.028,False,0.348386,20.4461,22.894651866113723,0.05481090452443816,22.900180025680147,0.0010091047267541374,22.898115530258224,0.054379796236749676,32.54484829613781,63.719758916024844
2014 UA114,466589,MBO,MBO,21164724091761729,745297380042604584,21.711615,2.7370934,2.5573566,151.08904977885425,3.295384072229102,2025052300150,175,60819.03591508551,g,151.08904480661133,3.295394243972573,19.62779998779297,2866.57,145.01,False,2537.57,0.69415,2856.32,144.058,False,-0.883797,9.02201,22.7565935954507,0.054923688356921414,22.88895489251781,0.00029700214565613444,22.760482821954387,0.054758913911558835,nan,nan
2014 UA114,466589,MBO,MBO,21164724091761729,745297380178919426,21.711617,2.7370934,2.5573635,151.0891672717277,3.2953757115336995,2025052300151,179,60819.03644384879,g,151.0891828523937,3.29538725143673,17.468494415283203,2418.61,136.966,False,2361.52,4.41975,2466.17,135.259,False,26.1608,24.7408,22.94108534133463,0.06148529201774946,22.96702092096762,0.00203203139640143,22.91994250833055,0.059548044493026135,27.855872409678543,1.0268027838169738
2014 UA114,466589,MBO,MBO,21164724091761729,745297380310515797,21.711618,2.7370934,2.5573704,151.0892838803473,3.2953674131931114,2025052300152,174,60819.03696702246,g,151.0892770702236,3.2953672644406313,20.274274826049805,2555.62,125.217,False,2328.49,1.1703,2755.35,127.622,False,58.3436,31.7679,22.881259254678575,0.05319751263165685,22.982314061705534,0.0005456914537801819,22.799558028491198,0.050289009672761724,26.985016919495223,0.591179820251463
2014 UA114,466589,MBO,MBO,21164724091761729,745297380446306324,21.71162,2.7370934,2.5573773,151.0894002723175,3.295359129708999,2025052300153,177,60819.03749054286,g,151.08939920708846,3.2953543072604554,18.652870178222656,2558.89,136.935,False,2430.85,1.65503,2726.45,137.639,False,132.05,27.2747,22.87987100282261,0.0581014779022158,22.93560455452471,0.000739217118268283,22.81100617537512,0.05481107534716133,26.098153961050603,0.2242569387236842
2014 UA114,466589,MBO,MBO,21164724091761729,745297380579475458,21.711622,2.7370934,2.5573843,151.08951667014324,3.295350845250138,2025052300154,175,60819.03801396572,g,151.08950507740906,3.2953448676857953,16.81228256225586,2102.22,123.811,False,2044.81,0.917249,2283.64,123.762,False,148.105,19.6333,23.093304606278167,0.06394482208025629,23.12336756796281,0.0004870332429446975,23.003430947427503,0.05884153878050015,25.973575730126566,0.14392887540622998
2014 UA114,466589,MBO,MBO,21164724091761729,745297380847386715,21.711626,2.7370934,2.557398,151.08975037381168,3.2953342100317347,2025052300156,174,60819.039063642136,g,151.08975266331896,3.295337618063766,17.656661987304688,2562.45,142.545,False,2650.29,2.77784,2602.05,140.91,False,46.8297,6.88687,22.87836152083281,0.060397770988044684,22.841766489241305,0.0011379891653297508,22.86171088576886,0.05879636813959621,27.223696550059795,0.1596705492638289
2014 UA114,466589,MBO,MBO,21164724091761729,745297380980031622,21.711628,2.7370937,2.557405,151.08986701204887,3.295325906796115,2025052300157,171,60819.039587964784,g,151.08987711798113,3.2953188453274342,19.302934646606445,2657.38,135.105,False,2391.06,0.131625,2690.96,134.621,False,10.8019,10.7437,22.838865892656713,0.055200382246376634,22.95352378787004,5.976847959699626e-05,22.82523191024805,0.05431626561826416,28.81624962798416,1.0798863338949
2014 UA114,466589,MBO,MBO,21164724091761729,745297381112152203,21.71163,2.7370937,2.5574117,151.08998365615906,3.295317602593257,2025052300158,167,60819.040111307746,g,151.0899845680618,3.2953178211497867,20.171510696411133,2830.59,139.251,False,2529.07,0.68938,2861.02,138.251,False,10.2702,36.4902,22.77030754617106,0.053412841577686415,22.892597845697615,0.00029595258093179376,22.758697758194344,0.052465247606238836,28.871052771085076,3.8576397899298502
2014 UA114,466589,MBO,MBO,21164724091761729,745297381244797039,21.711634,2.7370937,2.5574188,151.09010119676,3.2953092340141845,2025052300159,164,60819.04063972704,g,151.09010681922751,3.295291311296656,20.426427841186523,2840.94,137.997,False,2578.11,0.518641,2886.61,138.071,False,39.5719,44.9618,22.766344868342745,0.05273900034633313,22.871746346214703,0.00021841864082920148,22.74902968008883,0.05193243182166187,27.406532758764513,1.2336191692351317
2014 UA114,466589,MBO,MBO,21164724091761729,745297381380587624,21.711636,2.7370937,2.5574255,151.09021763036225,3.2953009437061724,2025052300160,167,60819.04116299786,g,151.0902202654542,3.2953130118527105,17.67111587524414,2728.87,151.832,False,2475.18,0.939435,2787.34,154.263,False,16.6346,8.65924,22.810042836101108,0.06040943436544161,22.915983062049985,0.0004120826062425558,22.78702509769697,0.06008916006065788,28.347469115090828,0.5651864367355244
2014 UA114,466589,MBO,MBO,21164724091761729,745297381512708263,21.711637,2.7370937,2.5574324,151.09033496057393,3.295292589012643,2025052300161,163,60819.04168941305,g,151.09034925005028,3.295294883604569,20.409427642822266,2626.36,127.389,False,2426.43,1.14914,2619.73,128.324,False,-23.7324,42.0109,22.851614317147185,0.05266256098347303,22.93758061337658,0.0005141969633818811,22.85435867440647,0.05318335070585065,nan,nan
2014 UA114,466589,MBO,MBO,21164724091761729,745297381648498726,21.71164,2.7370937,2.5574393,151.0904518516164,3.2952842650496423,2025052300162,166,60819.04221461984,g,151.0904484660233,3.2952886648751867,21.612850189208984,2645.19,121.305,False,2625.16,0.150063,2662.95,119.774,False,-14.788,37.8539,22.843857843530515,0.049790462525162726,22.85211059080563,6.206434279535168e-05,22.836592489586216,0.04883417744467459,nan,nan
2014 UA114,466589,MBO,MBO,21164724091761729,745297381781143618,21.711641,2.7370937,2.5574462,151.09056874878203,3.2952759401129934,2025052300163,163,60819.04273919154,g,151.09057241402024,3.295263922727215,18.243053436279297,2287.66,124.687,False,2251.76,0.300496,2315.53,123.01,False,22.7462,38.962,23.00152134531846,0.059177146743941283,23.018694745018507,0.00014489084012903113,22.988373956051852,0.05767854926383118,28.007727839601582,1.8597592090281534
2014 UA114,466589,MBO,MBO,21164724091761729,745297381909594170,21.711643,2.7370937,2.5574563,151.09073865028057,3.295263839472576,2025052300164,152,60819.04350260107,g,151.090750256711,3.295258164470966,19.814420700073242,2669.49,131.986,False,2615.05,6.32982,2679.85,128.709,False,16.0546,8.55606,22.833929258184057,0.05368140394914277,22.856299987142933,0.0026280624786368715,22.829723745880894,0.05214620806694497,28.386001292097887,0.5786269401425819
2014 UA114,466589,MBO,MBO,21164724091761729,745297382043811942,21.711657,2.7370937,2.5575006,151.0914869967632,3.295210527883797,2025052300165,152,60819.04686286381,r,151.09149004346108,3.295201126681883,27.567928314208984,4491.21,160.459,False,4386.46,2.27552,4537.24,159.581,False,46.1425,46.5396,22.26909160374539,0.038790470006285376,22.294714576183736,0.0005632365425284039,22.258020563571062,0.0381868390143758,27.23974715468656,1.0950799604279227
2014 UA114,466589,MBO,MBO,21164724091761729,745297382312247417,21.71166,2.7370937,2.5575142,151.0917200168545,3.295193923399622,2025052300167,152,60819.04790885035,r,151.09172795677003,3.2951929066186185,27.30497932434082,4827.47,176.451,False,4278.75,0.176494,4910.28,176.327,False,16.2286,42.3602,22.190700992767795,0.03968522536926118,22.321707719635164,4.4785493021470944e-05,22.172234403252837,0.03898853255753233,28.37429739030968,2.8340092766782505
2014 UA114,466589,MBO,MBO,21164724091761729,745297382597984268,21.711664,2.737094,2.557528,151.09195373067416,3.295177267457945,2025052300169,185,60819.0489575571,r,151.0919617183099,3.295180386277,26.62504768371582,5246.75,194.176,False,4901.61,1.7984,5284.09,192.663,False,-9.21641,61.6449,22.100274072021364,0.040181809258797524,22.174153146911657,0.0003983564774331831,22.092574517048988,0.03958698555590815,nan,nan
2014 UA114,466589,MBO,MBO,21164724091761729,745297382730629151,21.711666,2.737094,2.557535,151.0920709315158,3.2951689142203917,2025052300170,182,60819.04948372305,r,151.09207001278497,3.2951610183196713,25.932281494140625,4716.75,180.082,False,4340.71,0.479451,4716.45,180.501,False,-20.5126,45.5703,22.21589285469938,0.04145259935770825,22.306098080077625,0.00011992446271271218,22.215961868140617,0.04155169041685584,nan,nan
2014 UA114,466589,MBO,MBO,21164724091761729,745297382865895436,21.711668,2.737094,2.5575418,151.09218747028103,3.295160607673882,2025052300171,184,60819.05000675553,r,151.09219700910919,3.295145855462305,24.00034523010254,4870.98,200.666,False,4455.13,0.481363,4835.36,197.667,False,-0.39976,41.3913,22.180959138393412,0.04472823590636825,22.277849075551202,0.00011731043736861271,22.188927996909293,0.04438433385286751,nan,nan
2014 UA114,466589,MBO,MBO,21164724091761729,745297382999588916,21.71167,2.737094,2.5575488,151.09230512966434,3.295152220752973,2025052300172,183,60819.05053419755,r,151.0923053344281,3.2951413397994416,22.079334259033203,4243.62,187.967,False,3850.78,1.35355,4341.62,186.667,False,29.7466,36.4667,22.330658751131175,0.04809162139756252,22.436128222912835,0.00038163649504307026,22.305870447728395,0.04668099067810236,27.71640669536228,1.3310166258720375
2014 UA114,466589,MBO,MBO,21164724091761729,745297383134330901,21.711672,2.737094,2.5575557,151.09242212709768,3.295143880521426,2025052300173,184,60819.05105965396,r,151.0924256466034,3.2951301910991218,23.196325302124023,4356.45,183.612,False,4258.41,0.901352,4398.32,182.501,False,21.3852,22.5596,22.302168116575967,0.04576069656722078,22.32688127761916,0.00022981123260488044,22.29178298516245,0.04505082820503088,28.07471668397064,1.1453610353360077
2014 UA114,466589,MBO,MBO,21164724091761729,745297383268024418,21.711674,2.737094,2.5575626,151.09253890813417,3.2951355552262247,2025052300174,183,60819.051583761844,r,151.09254303381886,3.2951388426895454,24.258163452148438,4600.85,187.903,False,4322.48,0.0274746,4596.54,186.06,False,-13.3637,23.1654,22.242904791116025,0.044342477068326634,22.31066752370195,6.9011699205599475e-06,22.243922381309076,0.043948725321617414,nan,nan
2014 UA114,466589,MBO,MBO,21164724091761729,745297383402242157,21.711676,2.737094,2.5575695,151.09265569580108,3.29512722897184,2025052300175,183,60819.05210794845,r,151.0926629450455,3.2951217612057664,20.78898048400879,4285.05,203.515,False,3925.37,0.0469024,4335.98,205.337,False,-18.9893,36.6524,22.320110314879813,0.05156616915092877,22.41529847005224,1.2972950758253851e-05,22.3072818290847,0.0514167090663047,nan,nan
2014 UA114,466589,MBO,MBO,21164724091761729,745297383538032676,21.711678,2.737094,2.5575764,151.09277271286328,3.295118885877739,2025052300176,186,60819.05263225407,r,151.0927698812687,3.295114555982291,23.859617233276367,4592.1,188.461,False,4062.06,0.322307,4678.51,190.416,False,-22.8067,31.339,22.244971634612117,0.04455890005510177,22.378134149322715,8.614849699875956e-05,22.224731149168576,0.04418961505260723,nan,nan
2014 UA114,466589,MBO,MBO,21164724091761729,745297383672250406,21.71168,2.737094,2.5575833,151.09288951356112,3.2951105577286,2025052300177,186,60819.053156911876,r,151.09290163638886,3.2951046002267677,23.276317596435547,4326.55,181.716,False,4080.1,0.835367,4352.9,181.062,False,-24.7013,36.9528,22.309645731446125,0.0456011493687384,22.373322955433075,0.000222295581100813,22.30305329900266,0.04516197690567602,nan,nan
2014 UA114,466589,MBO,MBO,21164724091761729,745297383801225229,21.711681,2.737094,2.5575902,151.09300632095926,3.295102228623451,2025052300178,176,60819.05368098723,r,151.09300828843377,3.2950974165939506,24.01955795288086,4553.1,187.768,False,4324.44,1.16363,4705.43,189.72,False,25.9883,32.7516,22.254232004593074,0.04477532168281508,22.310175325183764,0.00029215233567911786,22.218501666814976,0.043776204597037446,27.8630553078143,1.3682924877164382
2014 UA114,466589,MBO,MBO,21164724091761729,745297383935442961,21.711683,2.737094,2.5575972,151.09312358074348,3.29509386678203,2025052300179,176,60819.05420634805,r,151.09313371650646,3.2950870649830493,22.505083084106445,4136.75,181.193,False,3785.4,0.0497357,4171.24,180.963,False,22.1866,32.2676,22.358351811068673,0.0475561232191249,22.454720583535895,1.4265295689322502e-05,22.349336992743993,0.047103035787586435,28.034773129168034,1.5790658814225285
2014 UA114,466589,MBO,MBO,21164724091761729,745297384069136396,21.711685,2.737094,2.557604,151.09324017842803,3.295085551682823,2025052300180,175,60819.05472985945,r,151.09324459490227,3.295086233585095,24.069181442260742,4520.9,185.265,False,4105.51,2.42826,4585.66,188.253,False,-2.40795,32.1523,22.261937771532274,0.044493114569414224,22.36658227623166,0.0006421735771156996,22.24649533505654,0.04457223110396164,nan,nan
2014 UA114,466589,MBO,MBO,21164724091761729,745297384203354147,21.711687,2.737094,2.557611,151.09335722867442,3.295077203838525,2025052300181,175,60819.05525411703,r,151.0933502598037,3.2950612079859183,23.4417781829834,4603.99,192.837,False,4103.29,2.51764,4735.43,196.002,False,55.3062,33.191,22.242164015582127,0.045475795550211244,22.367169460134214,0.0006661710471633536,22.21160140676153,0.044939204784509086,27.043065487356472,0.6515846984848063
2014 UA114,466589,MBO,MBO,21164724091761729,745297384339144718,21.711687,2.737094,2.5576177,151.0934731707144,3.295068934567315,2025052300182,178,60819.05577405935,r,151.0934895365587,3.2950812240115543,21.589792251586914,4325.38,202.077,False,4092.9,4.19506,4517.83,202.298,False,144.757,23.8279,22.309939359940586,0.05072440259282308,22.36992219127672,0.00111283647021319,22.26267526882048,0.0486167614669443,25.998401036510174,0.17871890799171633
2014 UA114,466589,MBO,MBO,21164724091761729,745297384467595407,21.711689,2.737094,2.5576246,151.09359023434706,3.2950605848373047,2025052300183,167,60819.05629904333,r,151.09359317468355,3.295063397186123,21.65428352355957,4645.28,210.172,False,4099.53,3.26335,4869.12,210.381,False,131.265,25.6199,22.232470308325386,0.04912327287039445,22.36816488467811,0.0008642789393542511,22.18137377908594,0.04691161019183948,26.104627647805728,0.2119106604953619
2014 UA114,466589,MBO,MBO,21164724091761729,745297384603385873,21.71169,2.737094,2.5576315,151.0937073047392,3.295052234161552,2025052300184,170,60819.056824495594,r,151.09371752145893,3.2950476735683005,22.565217971801758,4365.32,190.866,False,3927.2,0.145722,4483.71,191.464,False,47.2839,36.2973,22.299959830752215,0.04747192230724059,22.41479246576977,4.028713972842319e-05,22.270906221257768,0.04636325797670079,27.213216746662322,0.8334610729985498
2014 UA114,466589,MBO,MBO,21164724091761729,745297384862384235,21.711704,2.7370942,2.5576777,151.09449040230888,3.294996363798931,2025052300186,152,60819.060335375776,i,151.09449839869052,3.2949904553490725,16.655555725097656,5259.5,302.643,False,5558.77,3.87145,5235.04,300.208,False,-32.4767,10.5067,22.0976388513848,0.06247560947774607,22.03755323364556,0.0007561696846578836,22.102699980914416,0.06226250431863243,nan,nan
2014 UA114,466589,MBO,MBO,21164724091761729,745297384996601980,21.711706,2.7370942,2.5576847,151.09460707922412,3.29498803773123,2025052300187,152,60819.06085855108,i,151.09461533661914,3.2949803828643676,16.760576248168945,4566.28,272.102,False,4670.87,7.61422,4653.43,269.888,False,4.15643,12.5908,22.251093704833004,0.06469839684690941,22.2265055224105,0.0017699131579667258,22.23056699561043,0.06297014509532449,29.853198883747698,3.2889495266359274
2014 UA114,466589,MBO,MBO,21164724091761729,745297385130819743,21.711708,2.7370942,2.5576916,151.09472443243385,3.294979662962934,2025052300188,152,60819.06138473396,i,151.09473855665019,3.2949716847590858,18.8564510345459,4645.71,245.825,False,4325.13,1.43465,4642.27,243.6,False,8.18555,45.4897,22.23236976846188,0.05745108959996349,22.310002115560458,0.00036013979415428215,22.233174005573858,0.05697327923475559,29.117380370867107,6.033781012999689
2014 UA114,466589,MBO,MBO,21164724091761729,745297385280766067,21.711708,2.7370942,2.5576985,151.09484134629167,3.2949713191123533,2025052300189,182,60819.06190884062,i,151.0948470059072,3.294984858096275,17.216842651367188,4433.35,255.433,False,4255.4,2.40313,4530.57,255.975,False,1.99409,51.1828,22.28316992875785,0.06255604642608786,22.327649051803746,0.0006131422110170214,22.259617929873787,0.0613435709905861,30.650638132228483,27.867859737715055
2014 UA114,466589,MBO,MBO,21164724091761729,745297385416032294,21.71171,2.7370942,2.5577054,151.09495849031455,3.2949629584017703,2025052300190,184,60819.06243327331,i,151.09497005920377,3.294949288837694,18.398548126220703,4717.53,251.065,False,4318.55,2.01446,4753.61,247.944,False,27.9854,52.7569,22.215713372852903,0.05778243600200065,22.311655168586206,0.0005064598877450419,22.20744116105095,0.05663102054231296,27.78267123241737,2.0467843510722035
2014 UA114,466589,MBO,MBO,21164724091761729,745297385683943451,21.711714,2.7370942,2.5577192,151.0951939152322,3.294946154538545,2025052300192,183,60819.063488538115,i,151.0952063453122,3.2949534720093974,19.288164138793945,4824.46,247.193,False,4476.34,3.42289,4753.31,244.319,False,-32.8685,41.2127,22.1913782338373,0.05563034710906752,22.272692373130337,0.0008302219382465047,22.207509639339683,0.05580658126767597,nan,nan
2014 UA114,466589,MBO,MBO,21164724091761729,745297385818161210,21.711716,2.7370942,2.5577261,151.09531152681762,3.294937759161248,2025052300193,183,60819.064015990574,i,151.09532529954922,3.2949403069206458,18.733388900756836,4810.93,248.922,False,4986.15,7.72403,4778.36,248.02,False,-49.1738,20.5715,22.194427365638496,0.05617699997818966,22.155586672792552,0.0016819107329844553,22.201802865456514,0.05635496401435995,nan,nan
2014 UA114,466589,MBO,MBO,21164724091761729,745297385952903227,21.711718,2.7370942,2.5577333,151.0954293686876,3.294929346918156,2025052300194,184,60819.06454344802,i,151.0954408572481,3.294922606578072,18.932836532592773,4433.94,229.895,False,4106.54,0.0397107,4412.54,229.622,False,-44.8989,49.162,22.28302548446593,0.05629425132729062,22.36630984603351,1.0499190279891961e-05,22.28827835207545,0.05650009067513601,nan,nan
2014 UA114,466589,MBO,MBO,21164724091761729,745297386086596770,21.71172,2.7370942,2.5577402,151.09554654817964,3.2949209815378526,2025052300195,183,60819.06506858168,i,151.0955552816624,3.2949173061333012,18.944664001464844,4526.39,236.426,False,4033.41,0.338746,4583.45,235.561,False,-27.0791,37.8319,22.2606200406008,0.05671103343418603,22.385819096902154,9.118557663457805e-05,22.24701870854762,0.055800128782236315,nan,nan
2014 UA114,466589,MBO,MBO,21164724091761729,745297386220814433,21.711721,2.7370942,2.5577471,151.0956641812466,3.294912583356996,2025052300196,183,60819.06559514809,i,151.0956827659716,3.2949030465652718,18.02056121826172,4473.25,249.547,False,4324.33,3.069,4572.33,250.087,False,-12.9376,42.0943,22.27344207348941,0.06056943151129696,22.310202908884513,0.0007705527465331967,22.249656063182115,0.05938515192397411,nan,nan
2014 UA114,466589,MBO,MBO,21164724091761729,745297386352935013,21.711723,2.7370942,2.557754,151.09578115187057,3.294904232055345,2025052300197,179,60819.06611941331,i,151.09579525193553,3.2948987516257486,18.793594360351562,4677.42,242.186,False,4417.29,3.53002,4668.51,239.309,False,-6.93137,32.3012,22.224984097376137,0.05621691400683982,22.287110210123803,0.0008676519952400157,22.227054320989012,0.055655115807362605,nan,nan
2014 UA114,466589,MBO,MBO,21164724091761729,745297386487152731,21.711725,2.7370944,2.557761,151.09589835283995,3.2948958638959907,2025052300198,179,60819.06664482081,i,151.0959020726104,3.2948907994095333,20.561622619628906,4988.82,236.765,False,4716.5,1.21382,5072.67,236.931,False,8.78305,33.8642,22.155005451797955,0.051528084980927126,22.215950403063147,0.0002794208203157845,22.1369084906544,0.0507118674044124,29.040886663735794,4.1861984585985645
2014 UA114,466589,MBO,MBO,21164724091761729,745297386619797523,21.711725,2.7370944,2.5577676,151.09601466795857,3.294887558581743,2025052300199,176,60819.067165975925,i,151.09602473311855,3.2948829956925554,19.713668823242188,4442.23,217.383,False,4116.17,6.59609,4452.08,216.396,False,-39.628,48.2845,22.280997402929557,0.05313110524789389,22.363766762975274,0.001739873155137568,22.278592581881597,0.0527728530037205,nan,nan
2014 UA114,466589,MBO,MBO,21164724091761729,745297386753490980,21.711727,2.7370944,2.5577745,151.0961316599625,3.2948792045313207,2025052300200,175,60819.06768914743,i,151.0961336503698,3.294881468114958,20.28322982788086,4700.65,227.877,False,4730.86,1.19186,4664.28,227.144,False,-69.2205,33.9115,22.21960523309199,0.0526340640292062,22.212649790893728,0.000273532834954817,22.22803851617092,0.05287385680209305,nan,nan
2014 UA114,466589,MBO,MBO,21164724091761729,745297386887708678,21.71173,2.7370944,2.5577815,151.09624843594213,3.2948708655053083,2025052300201,175,60819.06821238123,i,151.09626028557085,3.2948714325167576,20.356189727783203,5084.62,244.376,False,4398.7,1.46029,4981.09,242.569,False,-54.6134,38.475,22.13435372149032,0.052182438873689715,22.291689093670314,0.00036044504133943864,22.156689062105013,0.052873157075756065,nan,nan
2014 UA114,466589,MBO,MBO,21164724091761729,745297387021402155,21.711731,2.7370944,2.5577884,151.09636566573573,3.2948624936715416,2025052300202,174,60819.068737992246,i,151.09637741597857,3.294855950021595,19.406400680541992,4545.83,230.79,False,4301.71,3.11832,4432.02,227.205,False,-75.7739,33.7747,22.255967005289108,0.05512239725203158,22.315897187225374,0.0007870528092337733,22.283495716393833,0.05565965300314767,nan,nan
2014 UA114,466589,MBO,MBO,21164724091761729,745301777408589842,21.709555,2.7371182,2.5696383,151.30512683057984,3.2796676174101576,2025052400145,157,60819.98026129721,i,151.3051281626329,3.2796537870800537,27.011775970458984,7161.35,260.589,False,6575.0,1.13737,7283.17,257.882,False,89.8559,56.7509,21.76251273588936,0.03950803917422376,21.85526060709551,0.0001878150230763671,21.744198893770164,0.03844367418314403,26.516133460056267,0.6857257518771388
2014 UA114,466589,MBO,MBO,21164724091761729,745301777542807571,21.709555,2.7371182,2.5696452,151.30524433919246,3.279658380590219,2025052400146,157,60819.9807832778,i,151.30525203005217,3.279655440018541,27.223079681396484,6795.9,240.876,False,6866.81,2.68387,6880.82,238.388,False,39.3334,58.5417,21.81938256633352,0.03848317448793226,21.8081124134227,0.0004243564168436074,21.80589953525324,0.0376156460308729,27.413096258255678,1.6159508287565232
2014 UA114,466589,MBO,MBO,21164724091761729,745301777677025328,21.709555,2.7371182,2.569652,151.30536207597945,3.279649125034278,2025052400147,157,60819.98130642876,i,151.30537319786583,3.2796441754562924,31.707263946533203,7243.16,223.381,False,6656.35,0.681073,7288.18,221.475,False,-8.81552,58.6935,21.750179779609475,0.03348439498018306,21.84190960986662,0.00011109175661688984,21.74345224857408,0.03299361799186562,nan,nan
2014 UA114,466589,MBO,MBO,21164724091761729,745301777811243103,21.709557,2.7371182,2.5696588,151.3054798158055,3.279639868441137,2025052400148,157,60819.98182965605,i,151.30549141144243,3.2796370188434363,29.57754898071289,7127.69,237.982,False,6717.11,0.626005,7087.17,231.966,False,-41.1324,79.2169,21.76762800154731,0.03625096907598934,21.832043871092402,0.00010118582248727694,21.773817886189903,0.03553659513744317,nan,nan
2014 UA114,466589,MBO,MBO,21164724091761729,745301778080727063,21.709557,2.7371182,2.5696726,151.30571552977702,3.279621334444997,2025052400150,159,60819.98287619607,i,151.30571631857023,3.2796211102061164,31.055904388427734,6764.26,216.274,False,5980.1,0.496767,6861.33,212.823,False,35.926,71.7494,21.824449306717632,0.03471429577472442,21.958228866326657,9.019212453125359e-05,21.808979218897157,0.03367709052816847,27.511477875761102,2.168371684562018
2014 UA114,466589,MBO,MBO,21164724091761729,745301778362793986,21.709558,2.7371182,2.5696862,151.30595103117076,3.279602814001489,2025052400152,185,60819.98392289992,i,151.30594929749344,3.2795967498299348,26.123205184936523,6983.85,265.202,False,6254.84,0.799913,7110.51,263.482,False,103.611,65.9236,21.789762727401182,0.0412293225716095,21.909459515032754,0.00013885159567002115,21.77024815694424,0.04023226889490747,26.361485336085906,0.690811191901488
2014 UA114,466589,MBO,MBO,21164724091761729,745301778631229443,21.709562,2.7371185,2.5697541,151.30711995021488,3.2795108411368457,2025052400154,185,60819.98911337381,i,151.30713040199544,3.279518993639099,28.463294982910156,6739.79,231.715,False,6260.46,0.78157,6750.56,229.009,False,-15.5483,64.8041,21.828384081472112,0.037327774196425856,21.90848439414698,0.00013554576974724605,21.826650486342157,0.03683299804357956,nan,nan
2014 UA114,466589,MBO,MBO,21164724091761729,745301778765447191,21.709562,2.7371185,2.5697608,151.3072384144009,3.279501515930126,2025052400155,185,60819.98963994597,i,151.30724505187,3.279490379387738,29.208038330078125,7188.67,243.713,False,6689.21,0.811451,7162.71,240.992,False,-99.3858,60.1978,21.75837864296703,0.03680903807834617,21.836562930493095,0.00013170789280342272,21.762306585845813,0.03652999292939762,nan,nan
2014 UA114,466589,MBO,MBO,21164724091761729,745301779167576068,21.709564,2.7371185,2.5697813,151.30759180123547,3.2794736936701,2025052400158,184,60819.99120829157,i,151.30759826412776,3.2794710282897515,25.015966415405273,6907.42,272.356,False,6307.25,0.623223,6936.76,270.626,False,-18.7268,66.0852,21.80171035295928,0.04281001583933646,21.90039988641844,0.00010728221999126238,21.797108364396273,0.04235817063927062,nan,nan
2014 UA114,466589,MBO,MBO,21164724091761729,745301779435487265,21.709564,2.7371185,2.5697951,151.30782763559716,3.279455122611145,2025052400160,183,60819.99225536175,i,151.30782750249037,3.279450145661067,25.047500610351562,7152.5,280.189,False,6343.3,3.45131,7056.42,276.318,False,-96.8428,51.0026,21.76385533380675,0.04253216867369472,21.894211904919366,0.0005907354608271877,21.7785389564796,0.042515674028171364,nan,nan
2014 UA114,466589,MBO,MBO,21164724091761729,745301779569705020,21.709566,2.7371185,2.569802,151.30794567077493,3.2794458266730326,2025052400161,183,60819.99277955042,i,151.30794595003562,3.2794486288226654,22.132701873779297,6128.32,271.133,False,5654.33,2.77715,6081.21,268.188,False,-36.5801,44.6867,21.931646444653985,0.048035826797096406,22.019047106646642,0.0005332642714256125,21.94002500449972,0.04788215016889707,nan,nan
2014 UA114,466589,MBO,MBO,21164724091761729,745301779836043304,21.709566,2.7371185,2.5698156,151.3081804006201,3.2794273381697696,2025052400163,179,60819.99382186806,i,151.3081880351904,3.2794240142659334,25.317703247070312,6680.78,261.455,False,6086.52,0.889776,6662.33,257.588,False,-57.6169,38.7529,21.83793210854708,0.04249072023999069,21.939077362952798,0.00015872156912829344,21.840934636123087,0.04197820102208243,nan,nan
2014 UA114,466589,MBO,MBO,21164724091761729,745301780102905903,21.709566,2.7371187,2.5698292,151.3084146946304,3.2794088810939326,2025052400165,176,60819.994861739484,i,151.3084176437047,3.2794112308356116,25.45444679260254,6453.6,251.485,False,5844.55,0.60809,6454.4,249.608,False,7.11827,41.8797,21.875494873733306,0.04230915550770508,21.98312234036997,0.00011296427147687975,21.875360325095706,0.041988170636028235,29.269063869611127,6.387831133845529
2014 UA114,466589,MBO,MBO,21164724091761729,745301780238696478,21.709568,2.7371187,2.5698361,151.30853229775806,3.279399615538489,2025052400166,179,60819.99538363117,i,151.3085293118712,3.279399112546893,24.42881202697754,6616.43,270.8,False,6022.92,0.794096,6654.31,269.11,False,-1.18273,22.3032,21.84844066579769,0.04443745995704835,21.95048227745417,0.00014314963188662898,21.842242417445,0.04390875261076547,nan,nan
2014 UA114,466589,MBO,MBO,21164724091761729,745301780372389912,21.709568,2.7371187,2.5698428,151.30864990477517,3.279390348954518,2025052400167,178,60819.995905787044,i,151.30865318445305,3.279389023660125,22.8486385345459,6452.37,277.178,False,6136.6,4.04348,6378.57,273.984,False,-31.8235,21.2452,21.875701822038295,0.046640566815671296,21.930180443395187,0.0007154046983472601,21.888191715061083,0.04663652920088391,nan,nan
2014 UA114,466589,MBO,MBO,21164724091761729,745301780505034794,21.709568,2.7371187,2.5698497,151.3087677408649,3.279381063600149,2025052400168,175,60819.99642804626,i,151.3087726025355,3.2793706048056435,23.004484176635742,7142.1,307.256,False,6377.06,1.17884,7084.8,303.848,False,-64.4013,14.8559,21.76543516848777,0.04670880717944306,21.888448732115116,0.0002007052310228439,21.774181042774856,0.04656430311237468,nan,nan
2014 UA114,466589,MBO,MBO,21164724091761729,745301780772945982,21.709568,2.7371187,2.5698633,151.30900229794122,3.279362578622905,2025052400170,174,60819.997469902744,i,151.30902040852754,3.2793632295257997,26.879758834838867,6952.56,255.651,False,6542.86,0.385746,6916.73,251.855,False,-10.4342,34.7195,21.794638127157995,0.03992335847567666,21.86058095359286,6.401151930162882e-05,21.80024794560935,0.03953430132197548,nan,nan
2014 UA114,466589,MBO,MBO,21164724091761729,745301780908736546,21.70957,2.7371187,2.56987,151.30911924429654,3.2793533612555703,2025052400171,177,60819.99798851295,i,151.30912768714,3.2793478687323647,22.302566528320312,6133.0,270.021,False,5885.55,0.516378,6149.88,267.603,False,-24.3828,35.2173,21.930817588281265,0.04780231069685926,21.9755324021496,9.525877662719069e-05,21.927833416553796,0.04724421739812506,nan,nan
2014 UA114,466589,MBO,MBO,21164724091761729,745301781167734800,21.709572,2.7371187,2.56992,151.30997787270817,3.279285665437717,2025052400173,159,60820.00179829667,z,151.30996903879443,3.279235800637965,8.504692077636719,5190.1,605.011,False,5579.85,15.2594,4932.66,603.136,False,-164.575,29.2433,22.112060665378586,0.12656448233618972,22.03344367050336,0.00296919866164692,22.16729701235292,0.1327572863334638,nan,nan
2014 UA114,466589,MBO,MBO,21164724091761729,745301781301952542,21.709572,2.7371187,2.5699267,151.3100959791731,3.2792763508196976,2025052400174,159,60820.00232259649,z,151.31009039612232,3.2792586754047264,10.184557914733887,5782.07,573.569,False,5558.51,2.14868,5672.74,565.586,False,-99.5798,34.7899,21.994791670244425,0.10770271118994851,22.037604067499515,0.0004196987566946487,22.01551775788733,0.1082505403284263,nan,nan
2014 UA114,466589,MBO,MBO,21164724091761729,745301781436170290,21.709572,2.7371187,2.5699337,151.3102140899241,3.2792670351734494,2025052400175,159,60820.002846007206,z,151.3101935556692,3.279204770045399,8.54832935333252,4728.04,566.623,False,5421.72,43.7495,4531.84,558.453,False,-40.5469,32.322,22.213297135800147,0.13011799500252472,22.064657244316273,0.008761133829485346,22.259313616507836,0.13379392583188293,nan,nan
2014 UA114,466589,MBO,MBO,21164724091761729,745301781986672663,21.709574,2.737119,2.569961,151.31068477155625,3.2792299047128077,2025052400179,185,60820.00493446327,z,151.31067910946518,3.279257799560142,9.234105110168457,4985.75,534.312,False,4644.66,16.4466,4741.55,522.142,False,-242.816,33.9465,22.15567375518557,0.11635599373418178,22.232615143177338,0.003844558788240364,22.210199208255176,0.11956185805385956,nan,nan
2014 UA114,466589,MBO,MBO,21164724091761729,745301782120366131,21.709574,2.737119,2.569968,151.31080245255677,3.2792206195776274,2025052400180,184,60820.005456584026,z,151.31078692518722,3.2791833756987323,8.051438331604004,4424.98,550.02,False,4230.56,9.76316,4346.91,543.793,False,-205.066,33.7213,22.28522172450105,0.1349557853781727,22.33400533791216,0.0025056294837214007,22.304548339739195,0.1358242427633243,nan,nan
2014 UA114,466589,MBO,MBO,21164724091761729,745301782255108110,21.709574,2.737119,2.5699747,151.3109201379745,3.279211333425743,2025052400181,185,60820.00597883633,z,151.3108989875824,3.2792078086970324,8.124250411987305,4633.0,561.166,False,5142.25,11.5478,4675.32,551.48,False,-147.464,32.573,22.23534424949211,0.13150836607898309,22.122117032874872,0.0024382059633209995,22.22547168757091,0.1280686249296927,nan,nan
2014 UA114,466589,MBO,MBO,21164724091761729,745301782388801583,21.709576,2.737119,2.5699816,151.3110382785567,3.279202010689278,2025052400182,184,60820.00650210535,z,151.3110745631053,3.27914058554249,7.904379844665527,4881.29,596.671,False,5320.69,9.51545,4774.7,590.562,False,-268.789,31.4881,22.178663466096324,0.13271641801881823,22.085080121180845,0.0019417158613727055,22.202634731723677,0.13429001425206258,nan,nan
2014 UA114,466589,MBO,MBO,21164724091761729,745301782524592143,21.709576,2.737119,2.5699885,151.31115619811743,3.27919270472843,2025052400183,187,60820.00702511784,z,151.31113898072874,3.279166703424116,9.265748023986816,6070.04,648.826,False,6876.71,22.2182,5112.28,633.704,False,-250.709,25.0347,21.942021110579336,0.11605423721453284,21.806548231285664,0.003507942755153055,22.12846346526164,0.13458483935713275,nan,nan
2014 UA114,466589,MBO,MBO,21164724091761729,745301782658809908,21.709576,2.737119,2.5699952,151.3112734456946,3.279183451142614,2025052400184,187,60820.00754595589,z,151.31129109201134,3.279163585336593,9.605158805847168,5714.23,577.885,False,5819.99,14.7601,4570.11,572.045,False,-72.8717,34.0069,22.007605711406384,0.1098014394650029,21.98769436017966,0.002753539904096282,22.25018339892641,0.13590262975644782,nan,nan
2014 UA114,466589,MBO,MBO,21164724091761729,745301782793027645,21.709576,2.737119,2.570002,151.31139137397204,3.279174143175951,2025052400185,187,60820.00806811941,z,151.3113848866087,3.279180072571985,8.335646629333496,4974.59,588.363,False,5808.22,36.5611,4226.72,577.534,False,-20.864,38.6516,22.158106802843008,0.12841400089810576,21.98989231501645,0.006834401674537254,22.33499124769206,0.1483536968843227,nan,nan
2014 UA114,466589,MBO,MBO,21164724091761729,745301782925148192,21.709576,2.737119,2.570009,151.31150817937583,3.2791649231895805,2025052400186,183,60820.0085868014,z,151.31151505202848,3.279131304733502,10.71534538269043,5577.87,510.033,False,5604.1,28.9905,5585.92,499.763,False,1.60993,128.094,22.033829006658202,0.09927826763426209,22.028735290410907,0.0056166082598154915,22.032263236274737,0.09713901935897176,30.882982490936453,86.38654086128227
2014 UA114,466589,MBO,MBO,21164724091761729,745301783055695945,21.709576,2.737119,2.5700157,151.31162589110994,3.279155631013561,2025052400187,176,60820.009108688195,z,151.3116234988235,3.2791085741691663,8.159632682800293,4771.07,581.542,False,5257.92,44.6049,4734.31,573.449,False,-34.3901,30.013,22.203460568825378,0.13233954202473408,22.097965081211566,0.009210706125270824,22.211858256846035,0.13151109783877593,nan,nan
2014 UA114,466589,MBO,MBO,21164724091761729,745301783189913651,21.709578,2.737119,2.5700226,151.31174360744944,3.279146337825566,2025052400188,176,60820.00963091398,z,151.3117583495546,3.2791193613619556,9.080246925354004,4594.29,496.402,False,5139.75,24.067,4636.69,488.009,False,5.99251,93.3425,22.24445397780009,0.11731119012497317,22.122645011977262,0.005083985140704153,22.234479861747722,0.11427312353409355,29.455978110053636,16.912000654273587
2014 UA114,466589,MBO,MBO,21164724091761729,745301783459921953,21.709578,2.737119,2.5700364,151.31197995576534,3.2791276772176605,2025052400190,179,60820.010678378465,z,151.31199110026347,3.2791447581635427,8.855081558227539,4258.85,476.384,False,3853.25,7.91171,4316.0,464.843,False,52.397,105.916,22.32676911471726,0.12144765540537225,22.435432032296035,0.0022292946877608883,22.312296409972816,0.11693625129275959,27.10173395806956,2.1947217906998486
2014 UA114,466589,MBO,MBO,21164724091761729,745301783593091106,21.709578,2.737119,2.570043,151.31209813678106,3.2791183454035706,2025052400191,177,60820.01120266389,z,151.3120909448743,3.2790925795157433,9.417285919189453,4274.24,451.807,False,4557.33,7.45142,4329.65,443.424,False,6.98045,114.652,22.32285267973301,0.11476734998188763,22.2532237880365,0.0017752228054462326,22.308868048739743,0.11119640476967403,29.290291424526448,17.832922673625927
2014 UA114,466589,MBO,MBO,21164724091761729,745301783859953702,21.709578,2.737119,2.570057,151.31233361063127,3.279099749996924,2025052400193,174,60820.012246618,z,151.31236678894257,3.279090866278957,11.115470886230469,5385.54,489.304,False,5299.62,19.7337,5343.99,476.87,False,29.9043,104.173,22.07192685244456,0.09864471314675892,22.08938815001789,0.004042854365290123,22.080335860407306,0.09688547245672807,27.710665872709743,3.7822116308493126
2014 UA114,466589,MBO,MBO,21164724091761729,745301783996268563,21.709578,2.7371192,2.5700638,151.31245180572495,3.2790904151584988,2025052400194,178,60820.0127708697,z,151.31246387258284,3.279066821356483,9.704523086547852,4338.0,443.579,False,4372.95,8.20496,4274.74,427.083,False,16.2471,131.429,22.306776130804565,0.11102115971377852,22.29806367230452,0.0020371652067585366,22.322725677898113,0.10847430688073767,28.37306031068665,8.782934634020064
2014 UA114,466589,MBO,MBO,21164724091761729,745301784129961989,21.70958,2.7371192,2.5700705,151.31256977991072,3.2790810971354167,2025052400195,177,60820.01329302211,z,151.31258477702409,3.279089593865324,11.114277839660645,4933.55,434.41,False,4529.94,5.62198,4886.57,422.051,False,0.00910505,133.985,22.16710120798132,0.09560148115600896,22.25976888971889,0.0013474764597258557,22.177489728033738,0.0937745825541572,36.50179416178301,15977.107866185715
2014 UA114,466589,MBO,MBO,21164724091761729,745301784394727447,21.70958,2.7371192,2.5700843,151.31280529120585,3.279062493735433,2025052400197,170,60820.014337399916,z,151.31281107154257,3.279053376215229,9.014129638671875,4089.21,440.168,False,4563.52,61.562,4210.18,431.57,False,31.0631,124.481,22.370901474937476,0.1168700892216338,22.25175009984956,0.014646608812815487,22.339248295046698,0.11129480503828706,27.669387984562036,4.350934968100492
2014 UA114,466589,MBO,MBO,21164724091761729,745301784527372336,21.70958,2.7371192,2.570091,151.31292327964803,3.2790531727126773,2025052400198,167,60820.01486095751,z,151.3129383203473,3.2790601865347484,10.891769409179688,4594.23,418.595,False,4301.82,30.3939,4666.63,401.949,False,129.529,152.193,22.244468171117294,0.09892490142814306,22.315869458480307,0.007671115688888543,22.227491605686335,0.09351729155555542,26.119082410016013,1.2757099484465206
2014 UA114,466589,MBO,MBO,21164724091761729,745301784662638641,21.70958,2.7371192,2.570098,151.31304194979816,3.279043797210543,2025052400199,169,60820.015386180174,z,151.313057523901,3.2790426585143457,13.09920883178711,6069.93,454.187,False,5118.07,6.06123,6034.29,429.898,False,122.428,145.073,21.942040761787688,0.08124101399411603,22.127234483663088,0.0012858161925678468,21.948434548073635,0.07735057994637987,26.18029810040354,1.2865603007989446
2014 UA114,466589,MBO,MBO,21164724091761729,745301784794759196,21.70958,2.7371192,2.5701048,151.31316017348854,3.279034456360421,2025052400200,165,60820.0159104199,z,151.3131688696346,3.2790336318099946,10.13652229309082,4383.01,426.874,False,4585.29,8.26833,4438.0,416.165,False,121.446,173.381,22.29556890427297,0.10574298798458989,22.246582970388133,0.0019578314011158603,22.282031755260025,0.10181284743819242,26.18904196949272,1.5500389198754105
2014 UA114,466589,MBO,MBO,21164724091761729,745301785194266697,21.709581,2.7371192,2.5701287,151.31356812821437,3.279002219157182,2025052400203,159,60820.01771853029,z,151.31357372008853,3.2789917433486457,8.110960006713867,4082.47,483.704,False,3724.19,20.3117,4528.08,470.791,False,358.527,186.112,22.372692502764757,0.12864147435819107,22.472420443017693,0.005921596188287892,22.260214753367762,0.11288555162136922,25.01369530774386,0.5636075706125806
2014 UA114,466589,MBO,MBO,21164724091761729,745301785328484415,21.709581,2.7371192,2.5701354,151.3136863738385,3.2789928738535923,2025052400204,159,60820.01824204062,z,151.31367737279936,3.278987294534843,10.132368087768555,4994.5,488.357,False,4545.15,7.97663,5107.31,472.026,False,85.6729,174.745,22.15376995633769,0.10616215235068072,22.256129472146206,0.0019054412721239782,22.129519439633313,0.10034552689533811,26.567891364030565,2.214550618599654
2014 UA114,466589,MBO,MBO,21164724091761729,745301785744769076,21.709581,2.7371192,2.570156,151.31404181806127,3.278964778418086,2025052400207,185,60820.01981795414,z,151.31405819548218,3.27895767777139,9.709827423095703,4686.71,466.431,False,4571.85,20.7374,4822.76,455.313,False,-27.1036,121.182,22.222829805372676,0.10805469672272305,22.24977004435111,0.004924777836380714,22.19176092723029,0.10250350834331934,nan,nan
2014 UA114,466589,MBO,MBO,21164724091761729,745301786145849355,21.709583,2.7371194,2.5702155,151.31506101489893,3.278884188365343,2025052400210,182,60820.024332603716,r,151.3150661378093,3.278872491346469,21.60989761352539,4847.97,222.106,False,4646.51,3.19177,4882.31,218.655,False,88.7378,9.53121,22.186100142674114,0.04974216380372562,22.232182864377897,0.0007458114809593716,22.178436608763455,0.04862486111633924,26.529728349120965,0.116617491569771
2014 UA114,466589,MBO,MBO,21164724091761729,745301786415857731,21.709583,2.7371194,2.570229,151.31529651259623,3.278865560980573,2025052400212,185,60820.025375670215,r,151.31531433783755,3.2788647308383725,20.08791160583496,4714.57,234.216,False,4480.68,1.44174,4679.31,231.021,False,22.6738,9.23697,22.216394819613033,0.05393849367514287,22.27164013567065,0.000349355297306668,22.22454544201263,0.0536035989018541,28.01118924445275,0.44231284165992146
2014 UA114,466589,MBO,MBO,21164724091761729,745301786548502607,21.709583,2.7371194,2.570236,151.3154150597521,3.278856183296913,2025052400213,182,60820.02590084262,r,151.31541758727926,3.2788602817876344,15.452486991882324,4101.5,262.796,False,3793.23,0.660609,4123.25,263.801,False,1.31876,9.56781,22.367643210282523,0.06956652951302021,22.452477063938606,0.00018908611385385992,22.361900830878664,0.06946420687197737,31.099585554546337,7.877185754862726
2014 UA114,466589,MBO,MBO,21164724091761729,745301786683768895,21.709583,2.7371194,2.570243,151.3155329347932,3.2788468582223635,2025052400214,184,60820.026422853975,r,151.31553905279677,3.278841220452075,17.943628311157227,4453.31,244.207,False,4082.86,3.3791,4440.35,244.212,False,-27.9335,8.62503,22.278292665917434,0.05953872033655608,22.372588750544914,0.0008985885395293773,22.2814569668947,0.05971371858111133,nan,nan
2014 UA114,466589,MBO,MBO,21164724091761729,745301786819035145,21.709583,2.7371194,2.5702496,151.31565104108287,3.278837514298309,2025052400215,186,60820.026945783255,r,151.31566164508905,3.2788231329810897,16.334333419799805,4513.93,274.298,False,4667.81,5.29317,4459.9,272.91,False,-61.2404,7.55847,22.26361290784405,0.06597693415747848,22.22721706118478,0.0012311954016895846,22.27668722112749,0.06643832330427663,nan,nan
2014 UA114,466589,MBO,MBO,21164724091761729,745301786952204352,21.709583,2.7371194,2.5702565,151.31576847531082,3.2788282229955223,2025052400216,184,60820.02746558065,r,151.31578431739706,3.278821664423017,21.2912540435791,4731.4,219.605,False,4635.42,2.77873,4626.06,216.219,False,-56.4298,24.9904,22.21252585856101,0.05039377341345277,22.23477729269166,0.0006508509959139996,22.236971833071223,0.05074659367181342,nan,nan
2014 UA114,466589,MBO,MBO,21164724091761729,745301787087470602,21.709583,2.7371194,2.5702634,151.3158872699208,3.278818823506962,2025052400217,186,60820.027991999144,r,151.31589012318955,3.278837397556415,18.94052505493164,4263.69,224.98,False,4123.06,1.29291,4248.68,222.361,False,-55.2488,9.57465,22.325535962599336,0.057290499558969726,22.36195084749461,0.0003404653715043697,22.329364899224377,0.056823618163865955,nan,nan
2014 UA114,466589,MBO,MBO,21164724091761729,745301787221688347,21.709583,2.7371194,2.5702703,151.31600516670974,3.278809494509848,2025052400218,186,60820.0285134994,r,151.31601443650715,3.278809268814835,20.17350196838379,4595.46,223.586,False,4326.74,3.82782,4548.37,219.334,False,-48.995,10.4249,22.24417753360013,0.05282505245396453,22.309597944672475,0.0009605390206433818,22.255360506117295,0.05235696704560733,nan,nan
2014 UA114,466589,MBO,MBO,21164724091761729,745301787752792119,21.709583,2.7371194,2.5702977,151.3164795193206,3.278771954243291,2025052400222,175,60820.030613783456,r,151.31647472994015,3.278778110257282,16.517704010009766,4348.87,260.508,False,3981.01,2.94537,4189.27,257.685,False,-44.7701,8.6917,22.304058906814518,0.0650382639251478,22.400016826084645,0.0008032873047080341,22.344654115680207,0.06678441111888048,nan,nan
2014 UA114,466589,MBO,MBO,21164724091761729,745301787887009850,21.709583,2.7371197,2.5703046,151.3165972178491,3.2787626382438724,2025052400223,175,60820.031134837554,r,151.31660773796975,3.278766306010679,21.58152961730957,4395.86,203.497,False,3964.15,0.299129,4329.72,200.946,False,-57.1667,31.5883,22.292390402526365,0.05026185111380498,22.40462482811965,8.192808123645614e-05,22.308850416781326,0.050389941069540305,nan,nan
2014 UA114,466589,MBO,MBO,21164724091761729,745306225920966732,21.703978,2.7371442,2.5825217,151.5347747533208,3.2612072619806947,2025052500521,157,60820.97064975185,g,151.53478492754792,3.2612157566195537,20.11665916442871,2872.43,142.148,False,2689.06,0.260691,2894.17,138.636,False,30.9029,11.684,22.754376391083944,0.05372984834196654,22.82599874488375,0.00010525672048679674,22.746189935663153,0.05200873834950979,27.675001884200476,0.4105032714513041
2014 UA114,466589,MBO,MBO,21164724091761729,745306226055184452,21.703976,2.7371442,2.5825286,151.53489399689096,3.261196971765929,2025052500522,157,60820.97117170756,g,151.53488688137975,3.2611772352623487,17.703561782836914,2598.96,146.436,False,2508.67,0.494555,2650.84,143.204,False,35.4479,11.0705,22.863001027755594,0.06117480619400695,22.901391193005402,0.00021404022117521812,22.8415411758025,0.058653768847615084,27.526023755115546,0.33907913996619754
2014 UA114,466589,MBO,MBO,21164724091761729,745306226190974978,21.703976,2.7371442,2.5825353,151.535013700021,3.261186641079501,2025052500523,160,60820.97169588203,g,151.53502025368496,3.2612045536216074,16.53118896484375,2728.12,164.173,False,2774.05,0.763839,2759.84,158.319,False,8.71756,11.0024,22.81034127979396,0.06533750963786282,22.792214269355643,0.0002989591569306051,22.797790203314015,0.06228356172532952,29.049012660210387,1.370303698040005
2014 UA114,466589,MBO,MBO,21164724091761729,745306226593628261,21.70397,2.7371442,2.5825558,151.53537168273178,3.2611557414198176,2025052500526,160,60820.97326288884,g,151.53539788971594,3.261162274724607,19.01714515686035,2861.92,148.685,False,2754.22,0.427323,2796.07,140.832,False,-15.2156,10.5001,22.75835630552372,0.05640712855724347,22.800003442471223,0.0001684542526981658,22.783629873874773,0.05468618391005965,nan,nan
2014 UA114,466589,MBO,MBO,21164724091761729,745306227679952971,21.703959,2.7371442,2.5826104,151.53632764189874,3.261073191773503,2025052500534,184,60820.977446518904,g,151.53634019724288,3.2610746353045195,21.800580978393555,2916.51,132.725,False,2739.3,1.20902,2992.64,129.325,False,35.8387,18.8894,22.737841321718964,0.0494098576452035,22.805900986895786,0.0004792015416524321,22.70986384778866,0.04691938770019439,27.514119400381546,0.5722558677322414
2014 UA114,466589,MBO,MBO,21164724091761729,745306227815219215,21.703957,2.7371445,2.5826173,151.53644692117433,3.261062888164398,2025052500535,186,60820.97796848843,g,151.5364483560797,3.261073098626644,19.211441040039062,2780.92,143.853,False,2720.76,3.16479,2753.6,137.164,False,11.8174,16.3431,22.789528791763118,0.05616357579682639,22.81327441092282,0.0012629291002983444,22.80024782903572,0.05408335164813358,28.71869516209288,1.5015396753411245
2014 UA114,466589,MBO,MBO,21164724091761729,745306227949436969,21.703957,2.7371445,2.582624,151.5365650607577,3.261052682243525,2025052500536,186,60820.9784858992,g,151.53656156618112,3.261050071446267,18.928401947021484,2823.84,147.944,False,2717.37,1.96722,2864.2,139.828,False,25.7024,12.9295,22.772899751799415,0.05688288017109225,22.814628012066265,0.0007860106753919755,22.757491667499636,0.05300479289432028,27.87506579593171,0.5461756777649608
2014 UA114,466589,MBO,MBO,21164724091761729,745306228083654763,21.703955,2.7371445,2.5826309,151.53668480283284,3.2610423371158497,2025052500537,186,60820.979009012066,g,151.53669223185202,3.261039441707427,20.150924682617188,2766.99,135.921,False,2710.26,0.939287,2835.02,130.34,False,35.1983,19.1115,22.794981029861603,0.05333389600498134,22.817472607325303,0.0003762804698909952,22.76860967496009,0.04991670322507575,27.533695796956707,0.5895184595368476
2014 UA114,466589,MBO,MBO,21164724091761729,745306228217872469,21.703953,2.7371445,2.5826375,151.53680317687193,3.2610321094208743,2025052500538,186,60820.97952775342,g,151.53682525972232,3.261033730063956,16.989177703857422,2552.15,151.06,False,2648.26,2.63996,2553.75,147.932,False,13.9306,13.5203,22.882734551514353,0.06426397927857654,22.84259844379184,0.0010823333794503863,22.882054050898738,0.06289383677505803,28.54007543160582,1.0537578379854977
2014 UA114,466589,MBO,MBO,21164724091761729,745306230888595541,21.703901,2.737145,2.5828674,151.54082068979935,3.260684563339064,2025052500558,160,60820.99709920843,r,151.54083494586285,3.2606971711939368,12.888340950012207,4779.75,366.994,False,4767.28,14.3135,4730.34,359.109,False,-62.2915,7.22966,22.201487045321084,0.08336391228421183,22.204323397933702,0.0032598643893778,22.21276914236084,0.08242487118811259,nan,nan
2014 UA114,466589,MBO,MBO,21164724091761729,745306231842275368,21.70389,2.737145,2.5829153,151.54165915402317,3.260611930966073,2025052500565,187,60821.000764293705,r,151.54165133000222,3.260636453790646,14.321768760681152,4210.4,290.523,False,4407.68,1.4785,4018.81,294.823,False,-9.76017,9.46842,22.33919163265957,0.07491719500857771,22.28947481427709,0.00036419634003261465,22.38975629856194,0.07965044336701892,nan,nan
2014 UA114,466589,MBO,MBO,21164724091761729,745306232110710831,21.703886,2.737145,2.582929,151.5418984908343,3.2605911924313293,2025052500567,187,60821.00181050827,r,151.54192131008026,3.2606141550384877,13.327471733093262,3917.26,292.178,False,3796.97,6.61042,3866.26,286.091,False,-83.4621,8.41981,22.417544002545455,0.08098217678955567,22.451407093935796,0.0018902368532152005,22.431772356492054,0.08034104263083444,nan,nan
2014 UA114,466589,MBO,MBO,21164724091761729,745306232244928620,21.703884,2.737145,2.5829358,151.54201839432417,3.260580801829692,2025052500568,187,60821.00233476552,r,151.54203045812062,3.260555807085677,13.94530963897705,4275.12,304.883,False,4190.85,2.29012,4412.25,302.562,False,-53.6271,10.41,22.32262919619984,0.07742998967751646,22.344244682874233,0.0005933082825581835,22.288349720552134,0.07445238377415157,nan,nan
2014 UA114,466589,MBO,MBO,21164724091761729,745306232647057441,21.70388,2.737145,2.5829563,151.54237652863466,3.260549762815182,2025052500571,186,60821.00389933289,r,151.5423918716288,3.2605517110314035,18.64174461364746,4236.78,224.742,False,4019.1,1.65377,4201.55,218.418,False,-14.411,11.0471,22.332410271775267,0.05759339481271959,22.389677943391263,0.0004467562108624534,22.341476210033665,0.056442108412251064,nan,nan
2014 UA114,466589,MBO,MBO,21164724091761729,745306232777605154,21.703878,2.737145,2.5829632,151.5424962204534,3.2605393880297937,2025052500572,179,60821.00442242049,r,151.54250232280108,3.260530767841704,15.068107604980469,4408.75,291.807,False,4188.81,1.2727,4434.91,290.79,False,34.3676,10.8867,22.289211318311132,0.07186287090986795,22.344773330640788,0.0003298828059729556,22.28278793452995,0.0711899968963768,27.559627003656487,0.3439310328754797
2014 UA114,466589,MBO,MBO,21164724091761729,745306232911298597,21.703876,2.7371452,2.5829701,151.54261614554602,3.260528992397389,2025052500573,178,60821.00494649089,r,151.54263679297043,3.2605254789466254,16.462993621826172,4007.84,244.711,False,4129.11,1.33946,4123.65,241.064,False,91.1719,10.625,22.392724037669996,0.06629296204080073,22.36035890423123,0.0003522067180547439,22.361795533504267,0.06347093318438107,26.500347511438342,0.12652963734179598
2014 UA114,466589,MBO,MBO,21164724091761729,745306233045516346,21.703875,2.7371452,2.5829768,151.54273584599335,3.260518615615549,2025052500574,178,60821.00546957778,r,151.5427570925347,3.2604876858273286,14.718756675720215,4418.6,299.913,False,4123.43,0.705609,4548.82,299.39,False,105.649,9.12653,22.286788255451665,0.07369447089219118,22.361853387940467,0.00018579319416993202,22.255253162375126,0.0714599810078658,26.34033650197836,0.09379173979412275
2014 UA114,466589,MBO,MBO,21164724091761729,745306233581862929,21.703869,2.7371452,2.5830042,151.54321377686293,3.2604771778475348,2025052500578,177,60821.00755743646,r,151.54322457041133,3.2604629486897307,13.469602584838867,4841.53,354.791,False,4833.57,7.97893,4649.06,352.748,False,-116.13,8.38167,22.187543480042542,0.07956357489195916,22.189330008363115,0.0017922598591653882,22.231587108435924,0.08238036389180864,nan,nan
2014 UA114,466589,MBO,MBO,21164724091761729,745306236262547464,21.703812,2.7371457,2.5832212,151.5470037379207,3.260148252515509,2025052500598,170,60821.02410394958,i,151.54698510687524,3.260106066272254,5.741116523742676,4541.84,782.522,False,4698.79,1.90439,4528.7,788.266,False,-270.853,10.3488,22.25692046029838,0.1870634954028131,22.220034901442297,0.0004400420383359163,22.260066072785396,0.18898334814106876,nan,nan
2014 UA114,466589,MBO,MBO,21164724091761729,745306237881024527,21.703789,2.7371457,2.5833068,151.5484995219934,3.260018289616317,2025052500610,185,60821.030627249565,i,151.54832062883798,3.259956323839131,5.1321845054626465,5985.46,1216.58,False,nan,nan,6259.87,1230.82,False,-130.107,12.9928,21.95725617503971,0.22068227218827452,nan,nan,21.908586694120068,0.21347819558673187,nan,nan
2014 UA114,466589,MBO,MBO,21164724091761729,745306238418419764,21.703781,2.737146,2.5833344,151.54898003527595,3.259976523790004,2025052500614,186,60821.032722705946,i,151.54890742949604,3.259949232417531,5.257874488830566,4428.73,836.685,False,4675.56,59.4863,3476.84,847.394,False,-293.261,10.6859,22.284301994573305,0.2051195710358441,22.2254159000596,0.013813624535191011,22.54703820897187,0.2646214098496675,nan,nan
