provid,permid,orbit_class,population,ssObjectId,diaSourceId,phaseAngle,helioRange,topoRange,ephRa,ephDec,visit,detector,midpointMjdTai,band,ra,dec,snr,psfFlux,psfFluxErr,psfFlux_flag,trailFlux,trailFluxErr,scienceFlux,scienceFluxErr,forced_PsfFlux_flag,templateFlux,templateFluxErr,psfMag,psfMagErr,trailMag,trailMagErr,scienceMag,scienceMagErr,templateMag,templateMagErr
2009 BO104,477084,MBO,MBO,21163645736137807,745262191853174834,22.996113,2.5766726,2.277813,149.4238177670954,2.981202830061287,2025051500122,62,60811.04208450287,i,149.42381307592305,2.9811957753120373,45.98162078857422,21449.8,457.84,False,20036.4,2.06537,21466.4,456.89,False,24.8181,12.1615,20.571441842614878,0.023174735517585948,20.64545074579759,0.00011191865961260448,20.57060193613248,0.023108766326417975,27.913078675717756,0.532038344688138
2009 BO104,477084,MBO,MBO,21163645736137807,745262192125280340,22.99616,2.5766714,2.2778237,149.4239813179523,2.981123611038017,2025051500124,69,60811.0430310299,i,149.42397818377884,2.9811183188082486,65.46275329589844,22025.3,333.269,False,21401.5,0.206747,21803.5,327.585,False,-44.8481,14.6188,20.542695380190445,0.01642848087914691,20.573889466289053,1.0488643234540351e-05,20.553684464534484,0.01631255923856999,nan,nan
2009 BO104,477084,MBO,MBO,21163645736137807,745262192279945245,22.996187,2.5766706,2.2778292,149.42406422361995,2.981083456753212,2025051500125,108,60811.04351116055,i,149.4240627428853,2.9810770884486932,63.811588287353516,21970.1,340.113,False,20820.3,1.44269,21961.4,337.617,False,-44.6053,18.0871,20.545419935110665,0.01680798046123921,20.603782501821925,7.523334066165641e-05,20.545849925294178,0.016691240016260867,nan,nan
2009 BO104,477084,MBO,MBO,21163645736137807,745262192410493016,22.996212,2.5766702,2.2778347,149.4241460981342,2.981043803678235,2025051500126,101,60811.043985125616,i,149.4241433848581,2.9810396908829544,62.84587478637695,23173.5,364.605,False,22449.0,0.599894,23272.7,363.284,False,-5.54201,13.014,20.487520919421016,0.017082653067689038,20.522007500143253,2.9013614009387278e-05,20.482883108411286,0.016948209745286484,nan,nan
2009 BO104,477084,MBO,MBO,21163645736137807,745262192548380679,22.996235,2.5766695,2.27784,149.42422780486402,2.9810042336421128,2025051500127,108,60811.04445870916,i,149.42422085067523,2.981004003587279,47.05003356933594,21589.7,452.696,False,20492.5,2.28932,21611.1,449.542,False,25.3806,12.3237,20.564383520212022,0.022765877727541132,20.621012640603354,0.00012129303890018448,20.563307837288168,0.02258487653563596,27.888745289428496,0.5271856152507836
2009 BO104,477084,MBO,MBO,21163645736137807,745262192678928439,22.99626,2.576669,2.2778454,149.42431055331377,2.9809641609291724,2025051500128,101,60811.0449378077,i,149.42430173911276,2.9809693838997187,43.005943298339844,22069.0,511.531,False,20319.5,1.0218,22292.4,512.957,False,22.517,10.6269,20.540543363326176,0.02516596732601687,20.63021745724891,5.459806091453086e-05,20.529607913111292,0.024983220482595984,28.018723670883343,0.5124132729878103
2009 BO104,477084,MBO,MBO,21163645736137807,745262192813146182,22.996284,2.5766683,2.2778509,149.42439278864947,2.980924338529604,2025051500129,101,60811.04541385244,i,149.4243887924549,2.980923267789799,58.58001708984375,22176.6,376.798,False,21061.6,0.132117,22196.1,375.015,False,-2.3654,11.3988,20.535262611213014,0.018447518654471154,20.591271619065417,6.810698916580997e-06,20.534308337178373,0.018344095850053446,nan,nan
2009 BO104,477084,MBO,MBO,21163645736137807,745262192951033929,22.99631,2.5766678,2.2778563,149.4244752019995,2.9808844317645358,2025051500130,108,60811.04589065211,i,149.42447060243376,2.980882876028784,44.73180389404297,22255.1,492.391,False,21228.9,3.11739,22447.6,490.935,False,-32.856,13.9582,20.531426143904657,0.02402176289650273,20.582681251826138,0.00015943657162456002,20.52207523154457,0.02374534071828315,nan,nan
2009 BO104,477084,MBO,MBO,21163645736137807,745262193217372207,22.996359,2.5766666,2.277867,149.4246393531378,2.980804950885229,2025051500132,104,60811.04684006958,i,149.42463626471667,2.9807934800327223,45.03804016113281,22582.5,493.397,False,21644.1,0.17002,22670.6,494.165,False,-68.5955,12.9155,20.51556995273885,0.02372186381777867,20.561651190117168,8.52873863721744e-06,20.511342482921563,0.023666460091331637,nan,nan
2009 BO104,477084,MBO,MBO,21163645736137807,745262193355260007,22.996384,2.5766659,2.2778726,149.42472195507264,2.980764958386929,2025051500133,111,60811.04731837158,i,149.42471602047712,2.980763427448686,40.78400802612305,22197.6,535.944,False,21552.2,3.99062,22215.6,535.36,False,-68.2292,11.6442,20.534234966211933,0.026214265591499586,20.566271017953525,0.00020103565573699182,20.53335490113671,0.026164484816771777,nan,nan
2009 BO104,477084,MBO,MBO,21163645736137807,745262193489477699,22.996408,2.5766652,2.277878,149.42480369808445,2.980725383606728,2025051500134,111,60811.04779119583,i,149.42479755821424,2.9807209018701553,54.055747985839844,22430.7,408.233,False,22081.9,1.34211,22345.3,405.408,False,-77.0685,11.7719,20.522892970510735,0.019760121858440748,20.539908883782985,6.598967629757889e-05,20.527034487745354,0.019698375788694628,nan,nan
2009 BO104,477084,MBO,MBO,21163645736137807,745262193622122541,22.996435,2.5766647,2.2778835,149.42488959448812,2.9806838000255667,2025051500135,108,60811.048288111924,i,149.42488034191058,2.9806722092137843,59.447059631347656,22711.4,376.683,False,21466.8,0.457341,22640.6,373.512,False,-87.2178,11.5019,20.509390215620826,0.018007625196676553,20.57058168520379,2.3131144271415272e-05,20.51278018889553,0.01791187076099973,nan,nan
2009 BO104,477084,MBO,MBO,21163645736137807,745262193752670267,22.99646,2.576664,2.277889,149.42497169403282,2.9806440564881918,2025051500136,101,60811.048763050516,i,149.42497023789943,2.9806411854162014,51.26536178588867,21990.6,426.021,False,21542.1,0.341991,22040.5,425.408,False,-96.897,10.5584,20.544407321835333,0.021033824800707746,20.566779925723292,1.7236575129202156e-05,20.541946393790887,0.020956006261003007,nan,nan
2009 BO104,477084,MBO,MBO,21163645736137807,745262193886888005,22.996485,2.5766635,2.2778945,149.4250536260005,2.980604395968549,2025051500137,101,60811.04923726723,i,149.42504895886884,2.9806011927279443,55.32923889160156,22595.4,404.221,False,21467.8,1.91956,22583.7,403.524,False,-87.2632,12.6949,20.514949896409686,0.019423306329994845,20.570531108924268,9.70819397027279e-05,20.515512297446303,0.01939985994903647,nan,nan
2009 BO104,477084,MBO,MBO,21163645736137807,745262194160566313,22.996532,2.5766623,2.2779052,149.425217851683,2.9805249055639207,2025051500139,111,60811.0501876124,i,149.42521737879366,2.98051516482915,52.17066955566406,22236.0,424.279,False,20324.5,0.724502,22342.7,423.733,False,-31.2576,10.4107,20.53235833658369,0.020716633486513567,20.629950324040998,3.87029487157023e-05,20.52716090246959,0.0205911674593103,nan,nan
2009 BO104,477084,MBO,MBO,21163645736137807,745262194291114039,22.996557,2.5766616,2.2779107,149.42529979969936,2.9804852430294853,2025051500140,104,60811.050661436646,i,149.42529221284408,2.980480914353017,41.6102409362793,23160.1,552.013,False,22410.5,0.613775,23247.2,552.09,False,3.88622,14.7782,20.48814894270381,0.025878148636488865,20.52387113456389,2.973596105523148e-05,20.48407340662449,0.02578478916115648,29.92618154982436,4.128749024237683
2009 BO104,477084,MBO,MBO,21163645736137807,745262194426904594,22.996582,2.576661,2.2779162,149.42538192604474,2.980445496127329,2025051500141,107,60811.051136607966,i,149.42538134048556,2.980438186674618,40.865333557128906,21827.5,528.813,False,21002.6,0.790769,21909.4,531.727,False,15.3684,10.6722,20.55249000777015,0.026304038800746284,20.59431736719702,4.08790591744819e-05,20.548423769768497,0.026350116092698776,28.433428387913928,0.7539623143088684
2009 BO104,477084,MBO,MBO,21163645736137807,745262194697437238,22.996632,2.5766597,2.277927,149.4255468867511,2.980365665581782,2025051500143,111,60811.05209077224,i,149.42554907567936,2.9803575444010937,38.90312194824219,23087.3,580.382,False,22310.1,2.99871,23072.8,582.719,False,-35.2001,11.5663,20.491567097582784,0.027293869328255702,20.528746226721452,0.00014593426212944225,20.492249209404633,0.027420993018448827,nan,nan
2009 BO104,477084,MBO,MBO,21163645736137807,745262194831655017,22.996656,2.5766592,2.2779324,149.42563006704466,2.980325414601178,2025051500144,111,60811.0525717431,i,149.42562850471128,2.980326445312918,48.89912796020508,22948.6,461.561,False,21779.8,1.65925,22987.4,462.721,False,-73.2453,12.0662,20.49810952809208,0.021837214556482874,20.55486524258003,8.271461427119559e-05,20.496275349104145,0.021855144247595614,nan,nan
2009 BO104,477084,MBO,MBO,21163645736137807,745262194965872653,22.996681,2.5766585,2.277938,149.42571204243407,2.9802857486683765,2025051500145,111,60811.05304537207,i,149.42571531083246,2.9802847762192477,41.46744918823242,23277.2,560.279,False,22167.1,2.08348,23553.1,565.254,False,-79.4097,12.3777,20.482673191178353,0.0261335214918476,20.535727817963227,0.00010204806126469308,20.469879828060968,0.02605673026527933,nan,nan
2009 BO104,477084,MBO,MBO,21163645736137807,745262195101663249,22.996706,2.576658,2.2779434,149.42579506100705,2.9802455799924656,2025051500146,114,60811.05352545515,i,149.42578787928596,2.9802411580524977,45.54602813720703,21830.4,475.869,False,20279.5,0.286684,22035.1,478.444,False,-67.5763,10.7805,20.55234574709403,0.023667371179109678,20.63235689232085,1.5348662695365173e-05,20.542212454817975,0.023574387328540187,nan,nan
2009 BO104,477084,MBO,MBO,21163645736137807,745262195230638118,22.996733,2.5766573,2.277949,149.42588275550807,2.9802031510894023,2025051500147,104,60811.05403220598,i,149.42588983415143,2.9801985564389035,45.961448669433594,23230.3,500.922,False,22185.7,0.399594,23370.6,502.554,False,-42.9329,9.83126,20.484862917514967,0.02341205794536935,20.534817198069554,1.9555555964854065e-05,20.478325362397452,0.02334732810140948,nan,nan
2009 BO104,477084,MBO,MBO,21163645736137807,745262195501170691,22.997034,2.57665,2.2780154,149.4268885010321,2.9797167127289805,2025051500149,108,60811.059844654694,z,149.42689121903646,2.979721867584235,22.301591873168945,22840.0,1013.82,False,21334.9,21.7302,22849.2,1008.69,False,41.3185,27.4691,20.50325975106547,0.048193567734678464,20.577273451135515,0.0011058530502858516,20.502822539419913,0.04793039985968111,27.35963861939531,0.7218121916678544
2009 BO104,477084,MBO,MBO,21163645736137807,745262195635388422,22.997057,2.5766492,2.2780209,149.4269712553712,2.979676701874037,2025051500150,108,60811.060322134006,z,149.4269609408826,2.9796707761157513,13.189987182617188,23397.8,1748.18,False,23046.6,25.1724,23427.7,1750.81,False,-41.3464,24.4644,20.477062402783694,0.0811214008741797,20.493482857879307,0.001185883643734213,20.475675900964347,0.0811397589887344,nan,nan
2009 BO104,477084,MBO,MBO,21163645736137807,745262195769606204,22.997082,2.5766487,2.2780263,149.4270536693206,2.9796368577682872,2025051500151,108,60811.060798141785,z,149.42705379662675,2.9796317549448834,24.433876037597656,25321.7,1019.9,False,23746.2,23.4571,25268.5,1019.14,False,-67.6225,22.9292,20.391267885601398,0.04373096655851959,20.461014732510176,0.0010725178543834878,20.393551345245527,0.04379037978596034,nan,nan
2009 BO104,477084,MBO,MBO,21163645736137807,745262196038041614,22.997131,2.5766475,2.278037,149.42721782225766,2.9795575023809504,2025051500153,108,60811.061746839274,z,149.42725450437936,2.9795475703633945,5.304664134979248,19868.7,3371.75,False,nan,nan,20396.0,3404.5,False,-79.596,18.1418,20.6545764118192,0.18425116853842718,nan,nan,20.62613749176141,0.1812310702637307,nan,nan
2009 BO104,477084,MBO,MBO,21163645736137807,745262196170162177,22.997156,2.5766468,2.2780426,149.42730008061503,2.97951774003589,2025051500154,104,60811.06222199426,z,149.42727949865989,2.979511097367211,23.467567443847656,23794.0,1006.96,False,23403.3,19.2537,23625.0,1001.27,False,-68.3527,19.1714,20.45883135687601,0.045948262276193766,20.476807214381957,0.0008932261153787981,20.466570457046746,0.046015454431490264,nan,nan
2009 BO104,477084,MBO,MBO,21163645736137807,745262196304379935,22.99718,2.5766463,2.2780478,149.42738251819873,2.979477893264741,2025051500155,104,60811.062697028916,z,149.42737637027992,2.9794770982491405,20.83035659790039,22731.1,1088.88,False,22606.9,0.113653,22525.6,1091.95,False,-58.811,18.9255,20.508448887289767,0.05200964600282196,20.514397448131245,5.45838532416063e-06,20.518309099254385,0.05263209931502779,nan,nan
2009 BO104,477084,MBO,MBO,21163645736137807,745262196442267658,22.997206,2.5766456,2.2780533,149.4274647884073,2.9794381296102883,2025051500156,111,60811.06317210624,z,149.42745985896974,2.9794403205574556,26.758481979370117,22371.4,831.905,False,21480.1,0.0762043,22327.2,831.278,False,-35.934,20.7353,20.52576707341005,0.04037429009613982,20.569909272549733,3.851833506052145e-06,20.527914381319455,0.04042372840456706,nan,nan
2009 BO104,477084,MBO,MBO,21163645736137807,745262196707033137,22.997253,2.5766444,2.2780643,149.42762952004782,2.979358516567801,2025051500158,104,60811.06412385822,z,149.42763153467646,2.979361583328578,25.98741912841797,23366.1,888.513,False,22169.4,0.210803,23513.0,891.525,False,-54.2541,23.2127,20.478534440617274,0.04128591203306131,20.535615132410488,1.032398023580106e-05,20.471729890360194,0.04116705637112333,nan,nan
2009 BO104,477084,MBO,MBO,21163645736137807,745262196846493721,22.997278,2.5766437,2.2780697,149.42771232803693,2.9793184997416344,2025051500159,114,60811.06460105517,z,149.4277249683851,2.979335871174399,14.094093322753906,22873.7,1631.54,False,22029.8,19.1622,22652.5,1625.89,False,-86.545,21.4882,20.50165898503157,0.07744362085825544,20.54247357555193,0.0009444068748818943,20.51220965230779,0.07792904332230588,nan,nan
2009 BO104,477084,MBO,MBO,21163645736137807,745262196980711434,22.997303,2.5766432,2.278075,149.42779462221435,2.979278733474973,2025051500160,114,60811.06507653877,z,149.42780205976572,2.9792717142080787,24.801206588745117,24670.3,988.774,False,23834.6,1.70518,24593.4,991.488,False,-144.809,24.002,20.41956388885766,0.04351579355795819,20.456980348161267,7.767597295991373e-05,20.422953549158933,0.04377167756828376,nan,nan
2009 BO104,477084,MBO,MBO,21163645736137807,745262197111783549,22.997328,2.5766425,2.2780807,149.42787986807951,2.979237543277937,2025051500161,108,60811.065568884645,z,149.4278768941894,2.9792444290749924,30.09488296508789,22624.4,745.495,False,20291.5,1.09334,22578.9,742.362,False,-186.95,26.0171,20.51355730494707,0.03577601583642921,20.63171461903022,5.8501286978730575e-05,20.515743030907196,0.03569745585312797,nan,nan
2009 BO104,477084,MBO,MBO,21163645736137807,745262197243904002,22.997353,2.576642,2.2780862,149.42796234787758,2.9791976919472902,2025051500162,104,60811.06604488674,z,149.42797045550827,2.9791658044153246,10.211437225341797,20347.3,2086.91,False,21537.4,241.524,20179.1,2089.16,False,-283.118,26.3022,20.628732987418683,0.11135794727788739,20.567016795322576,0.012175626984455543,20.637745539673418,0.11240722321686951,nan,nan
2009 BO104,477084,MBO,MBO,21163645736137807,745262197378121742,22.997377,2.5766413,2.2780914,149.42804414066208,2.9791581748228158,2025051500163,104,60811.06651652131,z,149.42804846687085,2.9791578576858,19.427703857421875,23871.1,1221.27,False,23272.1,5.48626,24204.0,1233.31,False,-290.839,21.763,20.455318937476356,0.0555473814649908,20.48291108221818,0.00025595589322015006,20.440282139349023,0.05532347472763197,nan,nan
2009 BO104,477084,MBO,MBO,21163645736137807,745262197512339469,22.997402,2.5766408,2.278097,149.42812732586083,2.9791179872951306,2025051500164,104,60811.066996062786,z,149.42813636489663,2.979112429579012,29.305490493774414,23361.5,785.157,False,22796.4,5.59941,23158.3,783.673,False,-341.789,18.36,20.47874818848723,0.036490523392507836,20.505334309462224,0.0002666860609601134,20.488233274321736,0.036741129161449684,nan,nan
2009 BO104,477084,MBO,MBO,21163645736137807,745262197651800067,22.997427,2.5766401,2.2781024,149.42820947735848,2.9790783014676623,2025051500165,114,60811.06747001558,z,149.42820341464028,2.9790724956566845,33.83489227294922,24230.1,709.892,False,23207.1,0.302345,23874.1,701.975,False,-228.55,29.5275,20.439112001210816,0.03180983526986715,20.485947834163255,1.414510760360417e-05,20.45518249617244,0.03192412104742026,nan,nan
2009 BO104,477084,MBO,MBO,21163645736137807,745262197782347790,22.997452,2.5766397,2.278108,149.4282921550083,2.979038363793342,2025051500166,107,60811.06794713614,z,149.42830654867848,2.9790154821903614,18.044374465942383,25660.2,1414.14,False,26911.0,16.9041,25598.1,1415.7,False,-281.693,20.7801,20.376849940511846,0.05983519455215648,20.325175409398422,0.0006820034124628678,20.379480688263065,0.06004651577723701,nan,nan
2009 BO104,477084,MBO,MBO,21163645736137807,745262197916565534,22.997475,2.576639,2.2781131,149.42837431877098,2.97899867667646,2025051500167,107,60811.068421857584,z,149.42836088713074,2.978997968392243,25.768407821655273,23727.4,919.284,False,23518.1,9.3029,23433.1,925.115,False,-367.68,16.0512,20.461874602818604,0.0420652874361332,20.47149443634801,0.00042947754488201315,20.475425653431486,0.04286376344596241,nan,nan
2009 BO104,477084,MBO,MBO,21163645736137807,745262198052880399,22.9975,2.5766382,2.2781186,149.4284563153541,2.978959072629494,2025051500168,111,60811.06889448274,z,149.42846183498494,2.9789618385562084,23.893529891967773,23300.0,960.408,False,23249.8,14.1452,23281.3,968.429,False,-337.436,17.9864,20.481610197434954,0.044753208526835855,20.483951910158133,0.000660562886732133,20.48248189571506,0.04516321722793486,nan,nan
2009 BO104,477084,MBO,MBO,21163645736137807,745262198188670989,22.997524,2.5766377,2.278124,149.42853883815775,2.978919216767715,2025051500169,114,60811.06937062166,z,149.42853752091344,2.9789102067573143,28.44977378845215,25387.3,887.122,False,25355.9,6.65902,24947.2,886.937,False,-254.107,25.775,20.38845867890317,0.0379394600398619,20.389802407501662,0.00028513832809479297,20.407445512087342,0.03860071090622746,nan,nan
2009 BO104,477084,MBO,MBO,21163645736137807,745262198319218697,22.99755,2.576637,2.2781296,149.42862206074824,2.978879025326572,2025051500170,107,60811.069850944616,z,149.4286279799557,2.9788747917601293,26.758426666259766,24613.0,915.371,False,22861.4,6.54511,24611.0,908.96,False,-217.167,24.1909,20.42208862075718,0.040379125045190145,20.50224292530533,0.00031084111273711984,20.422176848955242,0.04009958167215707,nan,nan
2009 BO104,477084,MBO,MBO,21163645736137807,745262198455533622,22.997576,2.5766366,2.2781353,149.4287106651206,2.978836237467505,2025051500171,111,60811.07036106307,z,149.42870140975765,2.978832908763793,23.97730827331543,21691.8,894.855,False,21221.1,8.93118,21667.5,895.303,False,-126.753,27.393,20.55926098200962,0.044790031961885975,20.58308029025836,0.00045694641917891837,20.560477986910257,0.044862714111097435,nan,nan
2009 BO104,477084,MBO,MBO,21163645736137807,745262198591324211,22.997599,2.5766358,2.2781408,149.4287930338225,2.9787964633366286,2025051500172,114,60811.07083650702,z,149.42879190563644,2.9787954505843506,31.446712493896484,24543.6,772.156,False,22893.7,8.30114,24586.8,772.118,False,-41.6844,37.6727,20.42515435627952,0.034157896340629816,20.500710068282146,0.00039368246999962566,20.423244944261352,0.0340961987583639,nan,nan
2009 BO104,477084,MBO,MBO,21163645736137807,745262198859759692,22.99765,2.5766346,2.2781522,149.42896698239764,2.9787124750433143,2025051500174,114,60811.071839933895,z,149.42896869464502,2.978710676755661,30.695667266845703,24725.1,792.535,False,23273.4,3.1643,24447.5,788.887,False,-105.366,45.281,20.417154875240527,0.03480204033450123,20.48285039728417,0.00014761895455534427,20.429413862998807,0.03503520619041266,nan,nan
2009 BO104,477084,MBO,MBO,21163645736137807,745262198990307396,22.997677,2.576634,2.2781582,149.42905561504966,2.9786696843029614,2025051500175,107,60811.07235048553,z,149.42904194363066,2.978661996715614,23.661928176879883,21723.1,910.935,False,21182.5,7.98609,21677.3,912.817,False,-122.272,42.0116,20.557695515939525,0.045529188965454416,20.585056962302694,0.0004093372947681698,20.55998699084948,0.045719644398755685,nan,nan
2009 BO104,477084,MBO,MBO,21163645736137807,745262199148642335,22.997702,2.5766332,2.2781634,149.42913835706494,2.978629740013633,2025051500176,153,60811.07282756046,z,149.42914219676842,2.9786197229977445,17.259231567382812,24155.2,1400.95,False,22490.6,22.8179,23955.7,1396.1,False,-44.2901,92.0857,20.44247344085381,0.0629703803833977,20.51999741481559,0.0011015366533324185,20.451477871092752,0.06327497582576037,nan,nan
2009 BO104,477084,MBO,MBO,21163645736137807,745262199262412821,22.997726,2.5766327,2.2781692,149.42922457510136,2.978588120255215,2025051500177,114,60811.073324297315,z,149.4292167747794,2.978588173568401,26.975337982177734,23677.3,872.077,False,22928.1,1.70582,23589.6,866.026,False,-1.79494,62.0708,20.464169522041793,0.03998959212506478,20.499079850458685,8.07773223996572e-05,20.46819857603047,0.03985976019484738,nan,nan
2009 BO104,477084,MBO,MBO,21163645736137807,745262199389814874,22.997757,2.576632,2.2781758,149.42932485361047,2.97853971648723,2025051500178,101,60811.07390261915,z,149.42932602900382,2.9785373482181754,33.605289459228516,23283.2,688.513,False,21008.4,3.25681,23257.3,682.016,False,94.3803,67.0338,20.48239336465267,0.032106562549822644,20.594017535331126,0.00016831535999159745,20.48360172615041,0.03183901093452334,26.462796588378996,0.7711463069540951
2009 BO104,477084,MBO,MBO,21163645736137807,745262199527702571,22.997782,2.5766313,2.2781813,149.42940692246293,2.9785001050976136,2025051500179,108,60811.07437529799,z,149.42940737646967,2.9785000107625343,33.043617248535156,23209.3,692.63,False,21033.9,1.40324,23432.5,691.794,False,134.846,178.549,20.485844857974698,0.03240138425068779,20.592700467706287,7.243299655063295e-05,20.47545343575424,0.032054018944898136,26.075404885274793,1.4376186112500746
2009 BO104,477084,MBO,MBO,21163645736137807,745262199661920341,22.997807,2.5766306,2.278187,149.42949559169566,2.978457310706524,2025051500180,108,60811.07488665495,z,149.42949462244673,2.978465465153986,19.435489654541016,22872.1,1147.92,False,20428.8,0.843075,23188.5,1153.83,False,97.2197,48.2519,20.501734915668134,0.054491645855202095,20.624392816822198,4.480718354876203e-05,20.486818359408954,0.054024838062964646,26.430614267472897,0.5388705426323548
2009 BO104,477084,MBO,MBO,21163645736137807,745262199797710895,22.997831,2.57663,2.2781925,149.4295780208775,2.978417530512153,2025051500181,111,60811.07536162604,z,149.42956757581567,2.978418940100069,28.278118133544922,23877.9,840.932,False,22870.1,2.73594,23997.0,841.27,False,31.9125,41.7669,20.455009659607764,0.03823746270087316,20.501829859612588,0.00012988614569166404,20.4496076212296,0.03806297946337695,27.64009791749076,1.4210053734720824
2009 BO104,477084,MBO,MBO,21163645736137807,745262199928258612,22.997856,2.5766294,2.278198,149.42966080354103,2.9783775822236747,2025051500182,104,60811.075838666715,z,149.42966466554856,2.978378347733532,21.6246395111084,21758.1,999.02,False,20358.8,7.54225,21854.5,1002.28,False,-117.339,32.0199,20.55594759840014,0.04985142195120269,20.628119518370674,0.0004022287043395376,20.551147812757936,0.04979348487101768,nan,nan
2009 BO104,477084,MBO,MBO,21163645736137807,745279797077213216,23.150263,2.571608,2.3230648,150.1725883341681,2.6349891076923364,2025051900219,98,60815.04869665905,y,150.17258631529305,2.6350085339855682,5.060704708099365,8367.37,1783.19,False,12077.1,59.3662,19949.5,1772.52,False,13051.6,135.928,21.593527550675105,0.2313837982818979,21.195093379288235,0.005337045666068052,20.650169961717786,0.09646803974353566,21.110840644386744,0.01130757520135773
2009 BO104,477084,MBO,MBO,21163645736137807,745279797215100942,23.15028,2.5716074,2.3230703,150.1726790834838,2.634946614998229,2025051900220,105,60815.04917177312,y,150.17264261101778,2.634946705292317,5.886084079742432,10670.4,1814.12,False,10847.0,310.695,22137.3,1799.45,False,12024.9,174.206,21.32954821006662,0.18459061388220338,21.311725899607996,0.031099181164330827,20.537188335254882,0.08825502169136783,21.199796281144387,0.01572917431745842
2009 BO104,477084,MBO,MBO,21163645736137807,745279797483536422,23.150335,2.5716054,2.3230891,150.17299436132836,2.6347990040801545,2025051900222,105,60815.05082106824,y,150.17299402630408,2.634789722511266,5.954984664916992,10208.4,1645.4,False,9442.56,231.595,12919.3,1640.98,False,3378.02,169.72,21.377605761322926,0.17500003031394448,21.462275666641244,0.026629546342168197,21.121902558576956,0.13790773517244082,22.578344452375674,0.054550046752677814
2009 BO104,477084,MBO,MBO,21163645736137807,745279797634531352,23.150352,2.5716047,2.3230946,150.17308475352812,2.6347566875801527,2025051900223,137,60815.051294858786,y,150.1731261857842,2.6347190637101567,5.557258605957031,8534.86,1482.0,False,8109.73,105.957,9684.22,1463.14,False,1165.14,173.774,21.572008951177445,0.18852810581217916,21.627484014270095,0.014185595836092753,21.434838413381666,0.16403841831230634,23.734054706046756,0.1619313757374326
2009 BO104,477084,MBO,MBO,21163645736137807,745279797751971864,23.150368,2.5716043,2.3230999,150.17317515125754,2.634714370517381,2025051900224,105,60815.0517675796,y,150.1731702385867,2.6347574442086694,7.781991004943848,12344.4,1596.06,False,13413.6,76.5674,14522.0,1584.52,False,1028.93,147.332,21.171325000937486,0.1403794543070454,21.081136653299556,0.0061975904016118005,20.994933918947055,0.1184665164832073,23.869035368535762,0.15546604624650323
2009 BO104,477084,MBO,MBO,21163645736137807,745279797882519620,23.150385,2.5716035,2.3231053,150.17326612816524,2.6346717843839444,2025051900225,98,60815.052243887585,y,150.17323424660407,2.6347588304884555,6.700414180755615,11342.6,1653.1,False,11529.2,197.475,11247.5,1632.48,False,728.387,161.117,21.263218495305413,0.15823801909528312,21.245502048938082,0.0185967595348541,21.272359995405985,0.15758547395756975,24.244094499201395,0.2401615612679307
2009 BO104,477084,MBO,MBO,21163645736137807,745279798822043685,23.150507,2.571599,2.3231468,150.17395877343455,2.6343476269274304,2025051900232,98,60815.0558667983,y,150.17394278348814,2.634374260031136,6.998966693878174,9985.25,1462.02,False,nan,nan,12321.7,1439.78,False,624.08,415.275,21.401602643142112,0.15897128938046273,nan,nan,21.173323406058564,0.12686733810404088,24.411899308034865,0.7224700093853749
2009 BO104,477084,MBO,MBO,21163645736137807,745279799761567775,23.150623,2.5715947,2.323186,150.17460947790133,2.6340432108438807,2025051900239,98,60815.05926810602,y,150.17462768609164,2.6340092274060054,5.169713497161865,7382.73,1419.09,False,7819.34,50.9622,9220.84,1407.64,False,1629.39,401.247,21.729457538457893,0.20869750861486372,21.667074777938232,0.0070762374955828326,21.488073802871522,0.1657469116770302,23.36993737373407,0.26736901607767005
2009 BO104,477084,MBO,MBO,21163645736137807,745279800164220980,23.150677,2.5715928,2.3232036,150.17490624109624,2.633904414820813,2025051900242,98,60815.06081909503,y,150.17493652423104,2.633894154655776,5.3910393714904785,9139.76,1602.22,False,8315.06,109.214,9489.28,1577.1,False,924.109,131.095,21.497663048366345,0.1903319425004531,21.60033658770907,0.014260582198369733,21.456916814855905,0.18044725128521544,23.985691989906414,0.15402359216759665
2009 BO104,477084,MBO,MBO,21163645736137807,745279800587321371,23.150726,2.571591,2.3232205,150.17518890547166,2.633772234972679,2025051900245,137,60815.062296702374,y,150.1752024547307,2.6337769986078063,5.872920989990234,8912.17,1499.51,False,9183.73,75.9089,9900.66,1487.9,False,1348.84,388.564,21.525041354284383,0.18267967523864614,21.492452176926523,0.008974244012363965,21.410839616370268,0.1631675969149446,23.575098936205798,0.31277097974532053
2009 BO104,477084,MBO,MBO,21163645736137807,745279800721014792,23.150743,2.5715904,2.3232265,150.1752865215578,2.6337265926977795,2025051900246,136,60815.06280658315,y,150.17528371078384,2.6337324403026345,6.4118828773498535,9748.43,1503.78,False,8986.65,72.0048,11857.5,1507.29,False,1443.05,389.184,21.427663341004532,0.16748424865734127,21.516005383554567,0.008699372254632909,21.215017166690224,0.13801554851203468,23.501796515383127,0.29281808286407923
2009 BO104,477084,MBO,MBO,21163645736137807,745279800855756845,23.15076,2.5715897,2.3232324,150.1753887390512,2.633678801758393,2025051900247,137,60815.063340557,y,150.17536654063375,2.633686171175201,5.234539985656738,8292.97,1542.91,False,8447.69,156.005,9858.03,1529.57,False,1033.1,192.216,21.60322480001063,0.20200161582983012,21.583155023703526,0.020050484015073464,21.41552463121539,0.168462605848429,23.864644121795436,0.20200936886716714
2009 BO104,477084,MBO,MBO,21163645736137807,745279801375850511,23.150833,2.571587,2.323257,150.17579826126084,2.633487362159619,2025051900251,105,60815.06547983771,y,150.1758650448267,2.6335494377863675,5.210050106048584,9485.11,1821.65,False,9716.27,163.023,10126.5,1793.31,False,390.324,132.428,21.457394030205066,0.20851959656737848,21.431251115711166,0.01821686474474849,21.386351582388745,0.19227390085144488,24.921436846408803,0.368365423278541
2009 BO104,477084,MBO,MBO,21163645736137807,745279801661063193,23.150867,2.5715857,2.3232687,150.17599454741992,2.633395620830789,2025051900253,137,60815.0665048862,y,150.17599940823627,2.6333731410118255,6.343639373779297,9598.67,1496.54,False,9377.57,44.4695,11081.4,1492.74,False,919.917,398.476,21.444472356362073,0.1692784224799038,21.469774177122975,0.0051486841657375805,21.28851338252745,0.14625605018828738,23.990628397563654,0.4703031229071194
2009 BO104,477084,MBO,MBO,21163645736137807,745279801778503706,23.150885,2.5715852,2.3232741,150.17608571070224,2.633353016135588,2025051900254,105,60815.06698084937,y,150.17609711087738,2.6333183473776267,6.449073314666748,10515.7,1578.82,False,10438.5,21.0597,11477.7,1561.34,False,1196.03,418.484,21.345404510526365,0.16301168202231914,21.353404761123258,0.002190475524701671,21.250362808709085,0.1476953832196502,23.705644790429623,0.37989283573566834
2009 BO104,477084,MBO,MBO,21163645736137807,745279801909051457,23.1509,2.5715845,2.3232796,150.17617649722968,2.6333105898674707,2025051900255,98,60815.06745496728,y,150.17624284646834,2.6332437846712926,7.055803298950195,11189.5,1556.17,False,10560.0,42.9019,11327.8,1545.31,False,1100.95,420.498,21.27797329844509,0.15099782452044105,21.340840204505515,0.004410998810111894,21.264636087096523,0.14811341188231972,23.795581058664915,0.41468723148425407
2009 BO104,477084,MBO,MBO,21163645736137807,745279802201604104,23.150932,2.5715833,2.3232908,150.1763628784209,2.633223497791846,2025051900257,144,60815.06842792957,y,150.17638086477314,2.6331864798669016,6.094056606292725,9523.78,1507.48,False,11935.0,74.2083,10223.9,1490.79,False,458.91,211.121,21.452976582289693,0.17185671505966424,21.207943941643066,0.006750786387798924,21.375958476018923,0.15831577551236245,24.74568118781881,0.49949165161186027
2009 BO104,477084,MBO,MBO,21163645736137807,745279802332151831,23.15095,2.5715828,2.3232963,150.17645368421373,2.633181069743874,2025051900258,137,60815.06890175534,y,150.17639725996796,2.6331999351871005,6.0153632164001465,9507.43,1545.78,False,11825.5,231.164,9924.29,1527.45,False,341.414,205.703,21.454842194358047,0.1765260851317444,21.217951218938328,0.02122389122042553,21.408251379710844,0.167105929634842,25.066796680854676,0.654159456700627
2009 BO104,477084,MBO,MBO,21163645736137807,745279802466369567,23.150967,2.571582,2.3233018,150.17654871145157,2.6331366718233373,2025051900259,137,60815.06939779273,y,150.17653162619843,2.633140268149673,5.563816547393799,8933.88,1569.48,False,9585.76,122.935,8614.77,1550.31,False,110.887,124.852,21.52239972742808,0.190739215188726,21.445933648294538,0.013924298224107933,21.56189084157738,0.1953886001372454,26.287798404882384,1.222472720143026
2009 BO104,477084,MBO,MBO,21163645736137807,745279802600587333,23.150982,2.5715816,2.3233073,150.17663953025414,2.633094242585943,2025051900260,137,60815.06987171872,y,150.1766195384703,2.633089464820177,6.637455463409424,11294.5,1645.26,False,13994.7,117.259,11427.6,1655.26,False,207.383,120.92,21.267832475614547,0.15815825037347847,21.035091002179268,0.00909718270293293,21.25511246116891,0.15726624858438887,25.60806714129305,0.6330664648179504
2009 BO104,477084,MBO,MBO,21163645736137807,745279802734805052,23.151001,2.5715806,2.3233142,150.17675258376258,2.6330414289717385,2025051900261,137,60815.07046171026,y,150.17673829668115,2.633013350790175,5.350601673126221,8609.24,1626.11,False,7785.21,122.806,9692.56,1621.42,False,370.452,183.654,21.56258793338027,0.20507343690625607,21.671824175900547,0.01712669546042638,21.433903802864428,0.1816274052340113,24.97817015266865,0.5382608455001006
2009 BO104,477084,MBO,MBO,21163645736137807,745279802848575522,23.151018,2.5715802,2.3233194,150.176843225238,2.632999087971567,2025051900262,98,60815.07093486421,y,150.17689583558513,2.6330406904573533,5.255665302276611,7991.06,1504.43,False,10003.7,375.18,7679.94,1492.01,False,398.012,437.005,21.643489013210456,0.20440519341155183,21.399598330706613,0.04071958309384947,21.68660544055203,0.21092994187757266,24.900259602526056,1.1921051709995873
2009 BO104,477084,MBO,MBO,21163645736137807,745279803117010985,23.15105,2.571579,2.323331,150.17703621924585,2.632908943477856,2025051900264,98,60815.07194161648,y,150.17707880470124,2.6328731625936332,7.300408840179443,13020.2,1748.81,False,12193.3,14.9015,11235.7,1745.74,False,-181.739,129.194,21.11345584528533,0.14583081422542196,21.18469686945784,0.0013268842758731865,21.27349964423029,0.1686955933803151,nan,nan
2009 BO104,477084,MBO,MBO,21163645736137807,745279803251228721,23.151068,2.5715783,2.3233368,150.17713109780863,2.632864631214594,2025051900265,98,60815.0724362451,y,150.1771582234325,2.6327756695481432,5.580873012542725,10538.0,1879.87,False,11243.0,338.829,8159.43,1856.32,False,-267.666,189.609,21.343104514408076,0.19368408748692525,21.272794473339925,0.03272070829760359,21.620850424241233,0.2470115841278982,nan,nan
2009 BO104,477084,MBO,MBO,21163645736137807,745279803409563675,23.151085,2.5715778,2.323342,150.17722253299053,2.632821929683656,2025051900266,144,60815.072913340686,y,150.177251176239,2.63282251473346,7.792290210723877,13964.8,1775.46,False,13893.0,25.6719,14161.2,1763.34,False,-31.8854,168.776,21.037413214594643,0.13803858176622352,21.04300991071611,0.0020062557441108586,21.022249843996853,0.13519489985190675,nan,nan
2009 BO104,477084,MBO,MBO,21163645736137807,745279803539587086,23.1511,2.571577,2.3233478,150.17731800054,2.632777347637888,2025051900267,136,60815.0734113994,y,150.17728661450965,2.6328203865796183,5.307515621185303,9389.72,1736.73,False,9817.96,1491.66,8766.65,1739.31,False,13.2678,242.045,21.46836842695558,0.20081862639089815,21.419946858370814,0.16495782328949196,21.542915781335687,0.2154108830363185,28.593002682146373,19.807127868537933
2009 BO104,477084,MBO,MBO,21163645736137807,745279803673804826,23.151117,2.5715764,2.3233533,150.17740925751497,2.632734734420972,2025051900268,136,60815.07388749375,y,150.17739272048516,2.6326723798115306,5.2133893966674805,12411.8,2138.76,False,nan,nan,10693.6,2148.25,False,-343.743,138.779,21.165413094889495,0.18709044718997184,nan,nan,21.327190202051312,0.21811484318403176,nan,nan
2009 BO104,477084,MBO,MBO,21163645736137807,745279803946434586,23.15115,2.5715752,2.3233647,150.17759869418046,2.6326462833537665,2025051900270,144,60815.07487590716,y,150.17756500518743,2.632665002183312,5.370134353637695,9572.6,1794.39,False,12788.5,894.241,10624.6,1796.54,False,-558.966,170.247,21.44742526457217,0.2035219568206175,21.132950980462102,0.07592054265139449,21.334218568656595,0.18358984201028952,nan,nan
2009 BO104,477084,MBO,MBO,21163645736137807,745279804076982287,23.151165,2.5715747,2.3233702,150.17769016311732,2.632603578893755,2025051900271,137,60815.07535216378,y,150.17764421533306,2.6326468559266205,6.869299411773682,12202.8,1800.9,False,13262.6,104.254,12600.2,1801.25,False,-331.133,112.934,21.18385128392313,0.16023391262266307,21.09342835322331,0.008534702338837881,21.14905638660513,0.15521041797003585,nan,nan
2009 BO104,477084,MBO,MBO,21163645736137807,745279804345417766,23.1512,2.5715733,2.323382,150.17788597143303,2.6325121696392126,2025051900273,137,60815.07637350922,y,150.1778896063607,2.6324491251248574,6.852978229522705,13398.0,1837.32,False,13858.2,308.295,10233.2,1831.89,False,129.652,179.502,21.082400066362293,0.14889123640918772,21.04573292286741,0.02415371787875495,21.374971323875876,0.19436239632542146,26.11805200895159,1.5031918509539317
2009 BO104,477084,MBO,MBO,21163645736137807,745279804459188297,23.151217,2.5715728,2.3233879,150.17798398299502,2.632466419264495,2025051900274,98,60815.07688456784,y,150.1779523812819,2.63236601373418,6.583107948303223,11695.6,1806.3,False,12832.4,16.3819,9921.08,1815.37,False,209.366,157.026,21.229943769744494,0.16768403717386446,21.129230245482105,0.0013860557842770938,21.408602612347526,0.1986691885570209,25.597734624429364,0.8143099478210732
2009 BO104,477084,MBO,MBO,21163645736137807,745279804613853234,23.151234,2.571572,2.3233936,150.17807989222382,2.6324216530782216,2025051900275,137,60815.07738493587,y,150.17802671533357,2.6324777580591707,5.3252482414245605,8971.65,1700.21,False,9779.59,20.5319,7246.53,1678.94,False,46.4213,173.451,21.517819146121216,0.20575695996906213,21.424198397880534,0.002279464474412781,21.749674795972027,0.25155294106887505,27.233206777738673,4.056802350650281
2009 BO104,477084,MBO,MBO,21163645736137807,745279804882288697,23.151268,2.5715709,2.323405,150.17827326780488,2.632331402521356,2025051900277,137,60815.07839298821,y,150.1782552862275,2.6323397856773756,7.411902904510498,13427.7,1788.87,False,13186.8,49.7252,11026.3,1760.95,False,-480.274,136.268,21.0799959098795,0.1446443464668841,21.099651467501488,0.004094128328141916,21.29392550811292,0.1733969827250268,nan,nan
2009 BO104,477084,MBO,MBO,21163645736137807,745279804996059216,23.151283,2.5715702,2.3234105,150.17836440261937,2.632288872888885,2025051900278,98,60815.07886782832,y,150.1783833146662,2.6323323424388176,5.803633213043213,11010.8,1914.86,False,14493.8,147.111,4309.6,1858.6,False,-413.284,92.7203,21.295452833781653,0.18881760181069956,20.99704435414984,0.011020141905732302,22.31390756905229,0.4682451359590597,nan,nan
2009 BO104,477084,MBO,MBO,21163645736137807,745279805130276904,23.151304,2.5715694,2.323418,150.17848701365693,2.632231658406029,2025051900279,98,60815.079506076014,y,150.1784683584365,2.6322156191883543,8.845115661621094,15481.1,1724.02,False,15086.8,11.3458,14158.0,1703.49,False,-173.823,144.297,20.925495487472077,0.12091072340877888,20.953507181303088,0.0008165115482060884,21.02249523001792,0.1306357364628149,nan,nan
2009 BO104,477084,MBO,MBO,21163645736137807,745279805268164631,23.151321,2.5715687,2.3234234,150.17857854821952,2.6321889483207883,2025051900280,105,60815.079983128235,y,150.178541431708,2.632172130453026,9.906383514404297,16559.9,1629.96,False,16391.5,34.5943,16538.9,1608.26,False,1.87099,126.127,20.852355699664685,0.10686697988218988,20.86345325489087,0.002291448814694303,20.85373342108184,0.10557812660006083,30.719821312234366,73.1915436904631
2009 BO104,477084,MBO,MBO,21163645736137807,745279805402382357,23.151337,2.5715683,2.3234286,150.17866951382368,2.632146506309488,2025051900281,105,60815.08045722329,y,150.1786549613257,2.6321635499861373,8.382660865783691,14489.4,1706.87,False,14910.9,111.568,14729.2,1683.67,False,-243.876,108.431,20.99737396600304,0.1279011208575018,20.966240327505425,0.00812381644170199,20.979552087440755,0.12410867523953514,nan,nan
2009 BO104,477084,MBO,MBO,21163645736137807,745279805557047302,23.151356,2.5715675,2.3234353,150.17877871988946,2.6320955572401847,2025051900282,144,60815.0810264781,y,150.1787293877177,2.632091481103097,7.2748894691467285,12064.7,1578.69,False,11939.0,270.471,11100.2,1564.92,False,-383.608,113.038,21.196208664317368,0.1420707350969411,21.207580119505202,0.024596713799279232,21.286672971291125,0.15306844195302144,nan,nan
2009 BO104,477084,MBO,MBO,21163645736137807,745279805687595044,23.151371,2.571567,2.3234408,150.17887027632077,2.632052845338425,2025051900283,137,60815.08150358246,y,150.17889373032423,2.631998590501304,6.4727983474731445,10963.1,1630.07,False,12278.3,224.642,10313.5,1618.63,False,-436.167,120.891,21.30016659981813,0.1614348149733788,21.177154416163575,0.0198644726495972,21.366484817698606,0.17039852604926525,nan,nan
2009 BO104,477084,MBO,MBO,21163645736137807,745279805805035548,23.151388,2.5715663,2.3234465,150.17896625481634,2.6320080733486884,2025051900284,105,60815.08200349407,y,150.17900752409258,2.6320101223149823,9.070436477661133,15216.1,1711.95,False,15275.4,8.39,14215.6,1685.24,False,-512.077,145.612,20.94424164342262,0.12215522311486522,20.940018493603844,0.0005963396636247475,21.018087042967466,0.12871254969062418,nan,nan
2009 BO104,477084,MBO,MBO,21163645736137807,745284180493991968,23.176407,2.5704236,2.3337889,150.3604971344995,2.5496341014592336,2025052000110,98,60815.997173178526,g,150.3604943634377,2.549640332144238,41.36506271362305,9015.59,213.793,False,9439.36,4.52888,8968.13,212.349,False,-16.9258,9.06187,21.512514635885335,0.02574682340829374,21.462643585546886,0.0005209218558697307,21.518245276517682,0.02570825794190999,nan,nan
2009 BO104,477084,MBO,MBO,21163645736137807,745284180628209688,23.176424,2.570423,2.3337955,150.3606116472447,2.5495806443415963,2025052000111,98,60815.99776202555,g,150.3606066180818,2.549573597308245,41.313114166259766,9434.56,224.911,False,9401.01,4.17861,9328.68,221.928,False,3.05483,8.50782,21.463195922543996,0.025882926364990812,21.467063740445838,0.00048259369053588354,21.47544954685265,0.025829513474783253,30.18753235622283,3.023817401738509
2009 BO104,477084,MBO,MBO,21163645736137807,745284180762427407,23.176449,2.570422,2.3338041,150.36076057963692,2.5495111213909283,2025052000112,98,60815.99852844935,g,150.36075297491712,2.549501508680803,43.51875686645508,9115.26,202.614,False,9770.65,4.12793,9166.03,201.019,False,74.1564,23.7206,21.500577375896064,0.024133744876639836,21.42519131545788,0.00045870469732847924,21.494546781767696,0.023811137055528404,26.72462836618947,0.347297245537558
2009 BO104,477084,MBO,MBO,21163645736137807,745284180900315224,23.176462,2.5704215,2.3338096,150.3608531321437,2.549467918241719,2025052000113,105,60815.999004494544,g,150.36085247802492,2.5494651068050165,56.82376480102539,9233.88,160.721,False,8858.81,0.877243,9443.86,160.696,False,135.572,10.9321,21.48653944796528,0.01889786343605978,21.53156158461063,0.00010751494981221892,21.462126108884327,0.018474803495288065,26.06957494278103,0.08755035361567491
2009 BO104,477084,MBO,MBO,21163645736137807,745284181051310115,23.17648,2.5704207,2.3338156,150.36095677145337,2.5494195409017464,2025052000114,137,60815.99953748862,g,150.3609478141046,2.5494132050388463,59.73408889770508,9205.97,152.847,False,8626.67,0.240534,9404.53,151.212,False,150.867,7.8328,21.48982614399629,0.018026511790753857,21.560392047113115,3.0273149043395013e-05,21.466657228021532,0.017457155681050357,25.953514332242264,0.05636987678433041
2009 BO104,477084,MBO,MBO,21163645736137807,745284181168750626,23.176502,2.5704198,2.3338244,150.36110552958155,2.549350104780633,2025052000115,105,60816.000302056374,g,150.3611032469843,2.5493468188390525,63.56959533691406,9282.36,145.358,False,9180.86,1.54553,9388.48,143.581,False,54.3908,7.75061,21.48085393948613,0.017002189004671906,21.492791546335646,0.00018277566269121745,21.468511732177806,0.016604506303484104,27.061186373931747,0.1547158283439287
2009 BO104,477084,MBO,MBO,21163645736137807,745284181319745544,23.17652,2.570419,2.3338304,150.36120917936893,2.5493017254071444,2025052000116,137,60816.00083512574,g,150.36121144503707,2.549298700956874,66.04297637939453,9428.84,141.946,False,9233.57,0.481419,9392.38,139.864,False,-30.6969,6.55977,21.463854352582423,0.016345161541268687,21.486575848409593,5.660800936851115e-05,21.468060875826545,0.016167937063236482,nan,nan
2009 BO104,477084,MBO,MBO,21163645736137807,745284181453439003,23.17654,2.5704184,2.3338385,150.36134589477538,2.5492379142275325,2025052000117,136,60816.00153897185,g,150.36134211395878,2.549228866466112,61.527130126953125,9302.73,149.686,False,8783.49,0.369867,9213.18,147.969,False,-60.6691,7.34527,21.478473904565043,0.017470087425163996,21.540832193056396,4.571963751041858e-05,21.488976146436837,0.0174375513741569,nan,nan
2009 BO104,477084,MBO,MBO,21163645736137807,745284181571403891,23.176558,2.5704176,2.3338444,150.36144955463365,2.549189532960598,2025052000118,105,60816.002071902825,g,150.3614450746238,2.549190000919845,63.87534713745117,9611.18,149.66,False,9449.57,0.794911,9609.96,147.956,False,-46.708,10.4111,21.443058258110575,0.016906486993632786,21.461469847814904,9.133364301067311e-05,21.443196054444694,0.016716113248368022,nan,nan
2009 BO104,477084,MBO,MBO,21163645736137807,745284181722398738,23.176575,2.570417,2.3338506,150.36155341334134,2.549141060124524,2025052000119,137,60816.00260581951,g,150.3615564785066,2.5491379896564412,63.22499465942383,9551.79,149.379,False,9090.83,0.862825,9606.35,148.491,False,-26.2073,12.0665,21.449788081187606,0.016979664071513887,21.503491149511007,0.00010304893032257766,21.44360402970499,0.016782863254071512,nan,nan
2009 BO104,477084,MBO,MBO,21163645736137807,745284181856616475,23.176594,2.5704162,2.333858,150.36168003366842,2.5490819657092216,2025052000120,137,60816.003256159864,g,150.3616764109208,2.5490779578264173,66.18779754638672,9298.78,139.654,False,8402.43,0.015741,9364.47,138.272,False,-13.4655,8.90097,21.478935035942012,0.016306161349675635,21.58898778267389,2.0340037563613934e-06,21.471292024992557,0.016031545227213267,nan,nan
2009 BO104,477084,MBO,MBO,21163645736137807,745284181990834265,23.17661,2.5704155,2.3338642,150.361784096848,2.5490334002594435,2025052000121,137,60816.003791225885,g,150.36178077904634,2.549032635729519,69.20318603515625,9348.3,134.251,False,8623.98,0.391432,9324.78,131.885,False,-15.0129,12.8431,21.473168420033726,0.015592266182883011,21.560730589322986,4.928024615042006e-05,21.475903482486633,0.015356105902923564,nan,nan
2009 BO104,477084,MBO,MBO,21163645736137807,745284182128722000,23.176626,2.5704148,2.3338695,150.3618774657692,2.548989826837184,2025052000122,144,60816.00427132496,g,150.36187458089742,2.5489894887466535,64.80054473876953,9512.93,145.474,False,9296.39,0.593784,9530.1,143.122,False,-39.1235,12.8965,21.45421428305786,0.01660333806505861,21.47921420393453,6.934872390900216e-05,21.4522564001419,0.016305467620743176,nan,nan
2009 BO104,477084,MBO,MBO,21163645736137807,745284182238822449,23.17664,2.5704143,2.333875,150.36197006023897,2.548946615878083,2025052000123,98,60816.00474765939,g,150.3619647315158,2.5489429071033647,62.014442443847656,9483.64,151.458,False,9334.58,0.642715,9484.86,150.676,False,-66.0081,8.94914,21.45756239086483,0.01733969574040536,21.47476303570533,7.475632693875072e-05,21.457422647439685,0.017247948494536067,nan,nan
2009 BO104,477084,MBO,MBO,21163645736137807,745284182373040213,23.176655,2.5704136,2.3338804,150.36206304742367,2.548903222706485,2025052000124,98,60816.00522575411,g,150.36205590025148,2.548899223916177,62.48265838623047,9925.73,157.255,False,9277.93,0.182981,9846.54,156.027,False,-90.9537,8.30378,21.40809380539859,0.017201499951890978,21.481372307729842,2.1413084865837803e-05,21.416790871958355,0.01720443468752629,nan,nan
2009 BO104,477084,MBO,MBO,21163645736137807,745284182506733629,23.176682,2.5704126,2.3338904,150.36223444155382,2.5488232431505624,2025052000125,97,60816.00610655401,g,150.36223359016603,2.5488211146027004,63.85105514526367,9667.28,150.572,False,8927.39,0.715336,9685.5,150.201,False,-101.301,7.13911,21.436739225436977,0.01691080365502367,21.523188773552278,8.699813173125328e-05,21.434694886346197,0.01683740313505436,nan,nan
2009 BO104,477084,MBO,MBO,21163645736137807,745284182641475697,23.176704,2.5704117,2.3338985,150.36237238300208,2.548758876677573,2025052000126,98,60816.00681531953,g,150.36236766731315,2.548758930957463,65.37053680419922,9972.0,150.741,False,8943.79,0.768281,9938.86,149.247,False,-81.2695,9.77557,21.40304432542066,0.016412450694509598,21.52119601166595,9.326588336664746e-05,21.406658528796246,0.016303968375185978,nan,nan
2009 BO104,477084,MBO,MBO,21163645736137807,745284182799810576,23.17672,2.570411,2.3339045,150.3624760878212,2.548710487359045,2025052000127,144,60816.0073481772,g,150.36247245988832,2.5487106206343735,65.26880645751953,9772.74,148.5,False,9389.8,0.103982,9776.0,147.479,False,-59.5453,8.51771,21.42495911224669,0.016498118494898635,21.468359167536626,1.2023368555966458e-05,21.4245970177538,0.01637922401623171,nan,nan
2009 BO104,477084,MBO,MBO,21163645736137807,745284182929834037,23.17674,2.5704103,2.333912,150.36260236890345,2.54865156569391,2025052000128,136,60816.00799732409,g,150.36259648914432,2.548653251815965,59.4799690246582,9829.83,164.866,False,9366.63,0.576914,9853.73,164.643,False,-43.6122,8.19692,21.41863497367258,0.01820997726259801,21.471041600841506,6.68731911227958e-05,21.41599830312707,0.018141238220235202,nan,nan
2009 BO104,477084,MBO,MBO,21163645736137807,745284183064051797,23.176754,2.5704095,2.3339174,150.3626951870931,2.54860825885736,2025052000129,136,60816.0084747443,g,150.36268793474636,2.5485978972943824,56.74641036987305,9624.33,168.561,False,9160.3,0.96855,9765.46,169.759,False,-34.3865,8.31184,21.44157372688612,0.019015638902761256,21.495225780516314,0.00011479862583340565,21.425768240696442,0.018874020889604503,nan,nan
2009 BO104,477084,MBO,MBO,21163645736137807,745284183178346534,23.176773,2.5704088,2.3339243,150.36281019354567,2.548554601069244,2025052000130,98,60816.00906569423,g,150.3628067149007,2.548547835608233,44.649959564208984,9732.22,216.508,False,9617.68,0.397477,9737.23,214.465,False,-25.287,7.17666,21.429470236160387,0.024153849384111702,21.442324227509786,4.4871027577774575e-05,21.4289113765859,0.02391361814066824,nan,nan
2009 BO104,477084,MBO,MBO,21163645736137807,745284183336681477,23.176788,2.5704083,2.3339295,150.36290263103558,2.5485114744134028,2025052000131,144,60816.00954093928,g,150.3628978432295,2.5485029402878148,51.66800308227539,9128.19,176.735,False,9495.16,0.39265,9526.96,183.527,False,-17.9904,8.46517,21.499038270921414,0.021021427005568943,21.45624426389218,4.4898066245090105e-05,21.452614149982274,0.020915580777921477,nan,nan
2009 BO104,477084,MBO,MBO,21163645736137807,745284183467229190,23.176805,2.5704076,2.3339362,150.36301764821073,2.548457814832881,2025052000132,137,60816.01013182878,g,150.36301024047484,2.5484530134532686,53.16844940185547,9686.8,182.009,False,9286.42,0.221816,9741.14,182.44,False,-17.52,6.97719,21.43454918913681,0.02040031463352751,21.48037920474649,2.593396245573521e-05,21.42847557647028,0.020334552526261034,nan,nan
2009 BO104,477084,MBO,MBO,21163645736137807,745284183580999735,23.176825,2.570407,2.3339431,150.36313267139144,2.548404154259857,2025052000133,98,60816.010722717605,g,150.3631342961721,2.548405489552934,52.22365188598633,9827.49,185.565,False,9161.14,0.723718,9950.9,185.661,False,9.76789,11.1189,21.41889344767051,0.020501128638310842,21.495126241528816,8.577173269463793e-05,21.405344052661214,0.02025734925431209,28.925498102097787,1.2359058753569838
2009 BO104,477084,MBO,MBO,21163645736137807,745284183735664664,23.17684,2.5704062,2.333949,150.36323660612902,2.5483556682368724,2025052000134,137,60816.01125654897,g,150.36323157369054,2.5483541025221,58.035011291503906,9762.05,167.511,False,9119.21,1.10427,9828.94,165.311,False,55.2172,7.55291,21.426147452402034,0.01863059119314042,21.500106962421142,0.0001314747553518592,21.418733242637916,0.018260782437853437,27.044814025023634,0.1485129179582182
2009 BO104,477084,MBO,MBO,21163645736137807,745284184004100144,23.17687,2.570405,2.3339598,150.36342054782116,2.548269862319108,2025052000136,137,60816.01220191838,g,150.36341270566626,2.548269208580888,56.981754302978516,9525.81,165.384,False,8599.28,0.00849802,9706.74,163.715,False,125.183,6.76146,21.452745261708642,0.018850198303683206,21.563844740017473,1.0729511294728807e-06,21.432316481334524,0.018312151607437915,26.1561366237149,0.05864344048629416
2009 BO104,477084,MBO,MBO,21163645736137807,745284184137793567,23.176888,2.5704043,2.3339665,150.36353461908786,2.548216652272879,2025052000137,136,60816.01278751195,g,150.36353582790315,2.5482135113615514,52.179473876953125,9837.2,187.333,False,9147.4,0.275435,10117.6,187.313,False,133.139,11.0773,21.41782122565602,0.02067602654443974,21.49675577751605,3.269232126085774e-05,21.387306278043,0.020100865562713358,26.089236711618288,0.09033435022907932
2009 BO104,477084,MBO,MBO,21163645736137807,745284184272535613,23.176905,2.5704036,2.3339734,150.36364966979508,2.548162987249398,2025052000138,137,60816.013378554475,g,150.36364658754647,2.5481663491056237,55.127716064453125,9550.62,171.394,False,8749.98,0.256346,9655.91,169.89,False,102.89,7.10154,21.449921072420402,0.019484459202297664,21.544982290965233,3.180854178723609e-05,21.438016959499834,0.01910288312327397,26.369067088384448,0.07493827611557125
2009 BO104,477084,MBO,MBO,21163645736137807,745284184386306129,23.17692,2.5704029,2.3339787,150.36374175371012,2.5481200363959005,2025052000139,98,60816.013851595686,g,150.36373117508643,2.548110301063866,54.895591735839844,9503.01,171.284,False,8667.85,0.022699,9688.42,171.338,False,99.0562,8.48916,21.455347061097207,0.019569509131462843,21.555221581170457,2.8432803478659573e-06,21.43436761494923,0.019201053274700244,26.410295861768716,0.09304806850340543
2009 BO104,477084,MBO,MBO,21163645736137807,745284184520523839,23.176939,2.5704021,2.3339858,150.3638642141935,2.548062918877092,2025052000140,98,60816.014480708174,g,150.3638631936105,2.5480600732291427,52.21232604980469,9629.93,181.871,False,9178.94,0.414165,9762.84,182.628,False,87.9043,7.55595,21.440942209613958,0.020505230888397032,21.49301862164245,4.898974212040892e-05,21.426059587729892,0.020310262307926572,26.539974738837405,0.09332613930046864
2009 BO104,477084,MBO,MBO,21163645736137807,745284184654741553,23.176954,2.5704017,2.3339913,150.36395708633842,2.548019603311869,2025052000141,98,60816.01495770269,g,150.3639573512083,2.548013505131427,62.86347198486328,9832.79,156.104,False,8979.72,0.589405,9999.58,155.684,False,67.4373,10.8667,21.41830808572381,0.017236996628159442,21.516843045610933,7.12648465074349e-05,21.400045593395575,0.01690388598422613,26.82774953857959,0.1749531715723228
2009 BO104,477084,MBO,MBO,21163645736137807,745284184788959246,23.177057,2.5703974,2.33403,150.36461490491052,2.5477128343018274,2025052000142,98,60816.018335805216,u,150.3645971087951,2.547693366403895,7.172721862792969,2198.66,300.092,False,2492.46,8.33644,2110.89,290.584,False,-38.7809,30.2091,23.044604854879776,0.14819061318300772,22.908429523747955,0.0036314223547882925,23.0888360490057,0.14946188647836867,nan,nan
2009 BO104,477084,MBO,MBO,21163645736137807,745284184923176975,23.177074,2.5703967,2.3340364,150.36472553612015,2.547661248853222,2025052000143,98,60816.0189032681,u,150.36475274688058,2.547601398187038,5.074056148529053,1773.67,348.949,False,1837.75,46.9514,1689.56,340.02,False,-67.4708,11.1233,23.277817922114558,0.21360600286055498,23.239283921445903,0.02773872162470685,23.33056591449888,0.2185018582416497,nan,nan
2009 BO104,477084,MBO,MBO,21163645736137807,745284185057394698,23.177092,2.570396,2.3340428,150.36483578379588,2.5476098441863293,2025052000144,98,60816.01946972869,u,150.36491736536743,2.5476812349088225,5.374432563781738,1879.56,346.315,False,1868.45,42.9042,1747.23,337.193,False,-108.299,13.6176,23.21485948120805,0.20005039726309976,23.221296326982994,0.024931170826271835,23.29412481728667,0.20953317237079713,nan,nan
2009 BO104,477084,MBO,MBO,21163645736137807,745284185460047896,23.177263,2.570389,2.3341072,150.3659327565313,2.5470984735753515,2025052000147,98,60816.02509965065,u,150.3659542270909,2.547077561312471,7.084484577178955,2304.03,324.67,False,2504.99,3.82173,2219.96,318.229,False,37.3827,49.8065,22.993779662218266,0.15299539662917247,22.902985013009463,0.0016564499386157382,23.0341371459688,0.15563918134776633,27.468323281840032,1.4465706599162969
2009 BO104,477084,MBO,MBO,21163645736137807,745284185614188552,23.177282,2.570388,2.3341143,150.3660567172441,2.5470407003775204,2025052000148,136,60816.02573518561,u,150.36609265729305,2.5470568737129824,8.177330017089844,2487.62,306.626,False,2627.36,2.90895,2524.1,299.265,False,-2.99032,26.2425,22.910539849347806,0.1338286963138313,22.851200996234205,0.0012021010831628706,22.89473356592537,0.1287281996157709,nan,nan
2009 BO104,477084,MBO,MBO,21163645736137807,745284185752600581,23.177301,2.5703874,2.3341208,150.36616743127044,2.546989103242272,2025052000149,144,60816.02630374748,u,150.36623774957243,2.5469904144452444,5.736151218414307,2388.38,398.859,False,2600.14,30.25,2490.61,394.105,False,-48.0601,16.4948,22.95474148878124,0.18131774997462713,22.862508213784153,0.0126314435187439,22.909235634438808,0.17180291593186625,nan,nan
2009 BO104,477084,MBO,MBO,21163645736137807,745284185883148295,23.177319,2.5703866,2.3341274,150.36627854170698,2.5469373235688013,2025052000150,137,60816.02687330909,u,150.36631873350325,2.5469653026650305,6.406334400177002,2162.12,331.314,False,2899.26,11.1378,2043.21,323.793,False,-52.6726,15.9741,23.06280045590285,0.16637355022383607,22.74428208687738,0.004170965313864465,23.124217507071208,0.17205954790408629,nan,nan
2009 BO104,477084,MBO,MBO,21163645736137807,745284186017366027,23.177336,2.570386,2.3341339,150.36638926904362,2.546885724642656,2025052000151,137,60816.02744184488,u,150.36627761429745,2.5468114289018677,7.453361511230469,2443.01,323.366,False,2556.08,13.3433,2164.65,312.994,False,-80.4972,16.528,22.930186883961134,0.14371212940945105,22.881063861277205,0.00566778164703919,23.061530834621852,0.1569902386134481,nan,nan
2009 BO104,477084,MBO,MBO,21163645736137807,745284186265354270,23.177896,2.5703628,2.3343458,150.37000875733443,2.545200371498202,2025052000153,98,60816.045988970014,u,150.36993272466225,2.5452187653978995,5.935345649719238,2335.84,384.737,False,2435.55,42.5531,2451.67,381.139,False,-62.5184,11.2936,22.97889223108647,0.17883197220795516,22.93350735389143,0.018969613025647626,22.926345002551486,0.16878961391591815,nan,nan
2009 BO104,477084,MBO,MBO,21163645736137807,745284186399047712,23.177914,2.570362,2.3343525,150.37012246526223,2.5451474704949413,2025052000154,97,60816.046570195766,u,150.37004272367548,2.5451587025442928,7.3425397872924805,2706.63,367.97,False,2736.64,16.3546,2699.31,359.482,False,21.6401,14.7891,22.818927819053457,0.14760730867829808,22.80695586631705,0.006488534485876408,22.821868067413536,0.14459347316721574,28.06185181762108,0.7420049175963846
2009 BO104,477084,MBO,MBO,21163645736137807,745284186554236939,23.17793,2.5703614,2.3343592,150.3702377445692,2.5450938414455044,2025052000155,137,60816.047160759714,u,150.37022987882978,2.5450709339994564,5.08046293258667,1584.97,313.014,False,1814.93,9.24113,1658.43,304.797,False,149.876,21.157,23.39994740409108,0.21442087036048907,23.252850269369564,0.005528273256505503,23.350757101630407,0.1995436190271045,25.960669714188928,0.15326616237170598
2009 BO104,477084,MBO,MBO,21163645736137807,745284186936442900,23.177984,2.5703592,2.3343792,150.37058070251902,2.544934312221129,2025052000158,98,60816.048915019186,u,150.37052216117812,2.5448710755507533,5.757724285125732,1730.04,290.115,False,nan,nan,1952.73,283.675,False,246.852,17.3523,23.304859614226153,0.18206997602853323,nan,nan,23.173394514796037,0.1577259568459191,25.418908352405225,0.07632111817191867
2009 BO104,477084,MBO,MBO,21163645736137807,745284187091107854,23.178,2.5703585,2.3343859,150.37069152064396,2.5448827702753394,2025052000159,137,60816.04948290947,u,150.37068542586005,2.544854729733503,5.147426605224609,1479.31,278.431,False,1544.04,14.1946,1802.54,270.042,False,225.806,26.2629,23.47485197436622,0.20435378993455294,23.428353605016177,0.009981341711662923,23.26028769925257,0.16265623030236318,25.515661307198513,0.12627911016550294
2009 BO104,477084,MBO,MBO,21163645736137807,745284187225325574,23.178019,2.5703578,2.334393,150.37081387949675,2.5448258640482124,2025052000160,137,60816.050108495045,u,150.37083712760887,2.5448629474249103,5.429205894470215,1674.97,299.421,False,1817.85,63.9644,1771.81,290.356,False,143.215,18.7539,23.339982436754156,0.1940883806773267,23.251104903257716,0.03820362911142585,23.278957092869078,0.17792539692447107,26.010028759438477,0.14217637331493066
2009 BO104,477084,MBO,MBO,21163645736137807,745284187339096091,23.178036,2.570357,2.3343997,150.37092881972998,2.5447724112745447,2025052000161,98,60816.05069686947,u,150.370948141683,2.544791649744974,6.870119571685791,2170.8,306.111,False,2360.15,41.9923,2362.81,297.27,False,90.4441,26.0002,23.058450443309777,0.1531029020092806,22.967651031035285,0.019317653658930317,22.966427972495623,0.13659870309350503,26.50904940313814,0.3121194079538376
2009 BO104,477084,MBO,MBO,21163645736137807,745284187493761043,23.178055,2.5703564,2.3344069,150.37105139327232,2.5447154121080358,2025052000162,137,60816.051323338674,u,150.37104374382056,2.544631229842489,7.772590160369873,2504.0,313.88,False,2958.14,9.88926,2615.85,305.457,False,23.0817,29.8199,22.90341418865402,0.13609859634621724,22.722453229382168,0.0036296890367822814,22.85596786763741,0.1267831535871145,27.991830549403225,1.4026933237473387
2009 BO104,477084,MBO,MBO,21163645736137807,745284187607007263,23.178074,2.5703554,2.334414,150.3711735856575,2.544658593769011,2025052000163,97,60816.051948159235,u,150.37114448535485,2.5446841046697424,6.91145658493042,2216.65,315.937,False,2471.86,12.0409,2248.75,304.284,False,8.44184,16.9902,23.035757234835152,0.15474895322145701,22.91744027843002,0.0052888273405040775,23.020147059115978,0.14691368610010458,29.083907186352015,2.1851723009469626
2009 BO104,477084,MBO,MBO,21163645736137807,745284187762196506,23.178091,2.5703547,2.3344207,150.3712887489035,2.544605047207557,2025052000164,137,60816.0525374446,u,150.3712898131645,2.5445941809151513,6.404702186584473,1997.42,314.747,False,2600.03,21.3202,1946.08,305.333,False,-124.609,21.1169,23.148826490821335,0.1710868098813928,22.862554090185824,0.008903017555722908,23.177098301022202,0.17034814014620686,nan,nan
2009 BO104,477084,MBO,MBO,21163645736137807,745284187895889938,23.178108,2.570354,2.3344274,150.37139942348543,2.544553590732771,2025052000165,136,60816.05310390027,u,150.37147208192798,2.544579719232487,7.030122756958008,2154.94,310.618,False,2178.77,6.81144,2059.15,303.152,False,-174.605,24.6385,23.06641207301488,0.1565005197722033,23.054471523420297,0.0033943128179973097,23.115780090969473,0.1598441717708789,nan,nan
2009 BO104,477084,MBO,MBO,21163645736137807,745284188030631969,23.178125,2.5703533,2.3344338,150.37151069293304,2.5445018606917715,2025052000166,137,60816.053672519745,u,150.37146864669603,2.5445315465098797,5.810223579406738,1719.27,292.206,False,2182.9,10.6927,1469.26,282.809,False,-170.82,19.2243,23.311639774857124,0.18453100615467757,23.052415446407927,0.00531836202076785,23.48225335461172,0.20898680829310995,nan,nan
2009 BO104,477084,MBO,MBO,21163645736137807,745284188278620199,23.178164,2.5703518,2.334448,150.37175477188586,2.5443883971076526,2025052000168,98,60816.05492018438,u,150.37171883691246,2.544412991037632,7.420872688293457,2108.44,283.788,False,2245.0,55.3475,1956.35,278.644,False,-110.257,35.0268,23.090096913214374,0.1461359623901514,23.021959136651645,0.026767387272686134,23.17138362684927,0.15464201003539857,nan,nan
2009 BO104,477084,MBO,MBO,21163645736137807,745284188412837923,23.17818,2.5703511,2.3344548,150.37186978472351,2.5443349368527914,2025052000169,98,60816.055508450416,u,150.37178367876214,2.544313748296918,6.942297458648682,2266.87,323.186,False,2289.59,18.8407,2110.49,314.877,False,-84.5351,22.0439,23.011433406349667,0.15479261182492848,23.00060565932732,0.008934363571685972,23.089041758260173,0.16198767864416827,nan,nan
2009 BO104,477084,MBO,MBO,21163645736137807,745284188701720584,23.178215,2.5703497,2.334468,150.3720924031334,2.5442314687599823,2025052000171,137,60816.05664611027,u,150.37207246383892,2.5441882071034345,5.287188529968262,2003.05,372.193,False,nan,nan,1832.59,364.606,False,-33.3719,24.1297,23.145770497886467,0.20174403933238533,nan,nan,23.242336739261084,0.2160144541532263,nan,nan
2009 BO104,477084,MBO,MBO,21163645736137807,745284193801469989,23.179008,2.570316,2.3347778,150.37739047002538,2.541772994335845,2025052000209,136,60816.083675456524,r,150.37737871561308,2.5417538872242984,12.495759963989258,11734.7,921.016,False,11498.9,38.5645,11808.8,925.756,False,298.345,11.6375,21.226320003805284,0.08521567574588386,21.2483592202283,0.0036412936240152655,21.219485599888465,0.08511676058963978,25.213203085939448,0.04235115327586116
2009 BO104,477084,MBO,MBO,21163645736137807,745284193935687707,23.179024,2.5703154,2.3347838,150.37749025075806,2.541726770876892,2025052000210,136,60816.08418383806,r,150.37748720603602,2.5417211097370735,13.88105583190918,10254.4,737.913,False,11038.5,30.7624,10616.3,738.172,False,341.004,6.93975,21.372724323040632,0.07813025204589562,21.292724845045676,0.0030257599375564845,21.33506706369672,0.07549335242058396,25.068101323680853,0.022095746931854038
2009 BO104,477084,MBO,MBO,21163645736137807,745284194070429726,23.179039,2.5703146,2.3347895,150.37759062883762,2.5416802737917608,2025052000211,137,60816.08469416469,r,150.37760233013063,2.541685036394764,10.65437126159668,9283.95,862.97,False,8895.33,25.0022,9533.88,870.802,False,291.036,8.96626,21.48066799506609,0.10092231443513326,21.527094829897695,0.0030516903366438262,21.451825810107906,0.09916857274453676,25.240133177887163,0.03344944507405523
2009 BO104,477084,MBO,MBO,21163645736137807,745284194204123163,23.179054,2.570314,2.334796,150.37770123095578,2.5416290443385057,2025052000212,136,60816.085257778046,r,150.3777011454031,2.541628385539732,8.860360145568848,9491.39,1053.9,False,9331.82,9.06468,9649.05,1058.42,False,251.172,10.5957,21.456675493045267,0.12055741625676436,21.47508408072899,0.0010546550446734065,21.438788629826778,0.11909617887917345,25.400071953298024,0.04580182315524892
2009 BO104,477084,MBO,MBO,21163645736137807,745284194338340903,23.179068,2.5703135,2.3348014,150.37779494583646,2.541585639800682,2025052000213,136,60816.08573409721,r,150.37777690316355,2.5416016731021123,7.4118428230285645,9521.44,1286.83,False,8927.05,94.8409,9326.96,1296.3,False,212.099,7.29465,21.453243363454927,0.14673807844237519,21.52323010564387,0.01153485164642752,21.475649718964853,0.15090017552739202,25.58365345270227,0.037341362887127534
2009 BO104,477084,MBO,MBO,21163645736137807,745297371300102162,23.235218,2.5667257,2.3676348,150.97738954426006,2.2718919104069277,2025052300085,140,60818.98851694912,u,150.97736278648514,2.2718969206029733,5.784742832183838,1632.27,275.257,False,nan,nan,1511.64,269.718,False,-51.0144,26.2923,23.368019990345836,0.18309254870743394,nan,nan,23.451379050965684,0.1937250805670336,nan,nan
2009 BO104,477084,MBO,MBO,21163645736137807,745297371434319883,23.23523,2.566725,2.3676417,150.97751708378087,2.27183334230374,2025052300086,140,60818.989132629984,u,150.97754019949326,2.271807041829541,5.135279655456543,1360.25,266.242,False,1519.37,42.4498,1333.79,262.166,False,-80.0087,30.4139,23.565953163555143,0.2125113643804562,23.44584113599641,0.03033446978381812,23.587281325698616,0.2134092273528146,nan,nan
2009 BO104,477084,MBO,MBO,21163645736137807,745297371568537610,23.23524,2.5667243,2.3676488,150.97764504263816,2.2717745830110414,2025052300087,140,60818.98975045244,u,150.97777808292412,2.2717162017727723,5.14735746383667,1474.26,291.691,False,1698.79,84.2947,1319.04,284.84,False,-162.761,20.455,23.478564787040188,0.2148192907235353,23.324650735451442,0.05387470271821645,23.599355053438888,0.23445921839266257,nan,nan
2009 BO104,477084,MBO,MBO,21163645736137807,745297371706425379,23.235252,2.5667236,2.3676558,150.97777300679914,2.2717158226850493,2025052300088,147,60818.990368601706,u,150.97780395733784,2.2717237582425334,7.552608489990234,2351.1,309.779,False,2462.78,10.3815,2285.55,302.841,False,-152.622,28.1386,22.971822201183457,0.1430556985202785,22.921435941909337,0.004576767125234029,23.00252316029465,0.14386271780167675,nan,nan
2009 BO104,477084,MBO,MBO,21163645736137807,745297371838545949,23.235264,2.5667229,2.3676627,150.97790035503698,2.271657346602489,2025052300089,143,60818.99098326173,u,150.9779523778651,2.271648977064703,5.983974456787109,2018.14,326.831,False,nan,nan,1841.38,318.465,False,-94.1096,24.2241,23.13762176635803,0.17583132987293731,nan,nan,23.23714144265424,0.18777708868095266,nan,nan
2009 BO104,477084,MBO,MBO,21163645736137807,745297371971190808,23.235275,2.566722,2.3676698,150.978027708723,2.271598869453896,2025052300090,140,60818.99159898592,u,150.97810800368788,2.271605738220381,6.490257740020752,2027.99,307.689,False,2206.98,9.67505,1939.42,300.264,False,-29.067,27.1809,23.13233548231705,0.16472915728289256,23.0405040157721,0.0047596951145454655,23.180820300651078,0.1680953566611326,nan,nan
2009 BO104,477084,MBO,MBO,21163645736137807,745297372240674842,23.235298,2.5667205,2.367684,150.97828326066414,2.2714815317791563,2025052300092,142,60818.992832710624,u,150.9782672193412,2.2714800394879626,6.376714706420898,2010.03,303.787,False,2034.04,14.0502,1963.01,294.661,False,-48.7258,21.9059,23.14199363572675,0.16409333484757715,23.129101256147788,0.007499759608028361,23.16769371460812,0.16297630980068953,nan,nan
2009 BO104,477084,MBO,MBO,21163645736137807,745297372509110291,23.235321,2.566719,2.3676977,150.97853800617236,2.2713645704146845,2025052300094,142,60818.99406224796,u,150.97839853307812,2.2714486261168267,5.32490348815918,1600.4,311.678,False,nan,nan,1511.69,300.003,False,-58.8743,16.7985,23.38942862666972,0.21144719662084158,nan,nan,23.451343191638824,0.21547018316487582,nan,nan
2009 BO104,477084,MBO,MBO,21163645736137807,745297373043884058,23.235367,2.566716,2.3677258,150.97904715066065,2.2711308255792964,2025052300098,138,60818.99652042048,u,150.9790487645974,2.271151281293194,6.562374591827393,2311.45,347.302,False,3166.33,20.3266,2161.66,342.147,False,-57.3981,14.2214,22.990288764287655,0.16313498690045725,22.6486095338262,0.0069700012446096615,23.06303157835285,0.17185006143395776,nan,nan
2009 BO104,477084,MBO,MBO,21163645736137807,745297373308649489,23.23539,2.5667145,2.3677397,150.9793011359031,2.271014232382984,2025052300100,131,60818.99774671452,u,150.9792677990851,2.2710548543340976,6.2416253089904785,2134.13,339.439,False,2093.3,43.9886,2066.56,329.468,False,-38.5793,15.2126,23.076947882531616,0.17268921143863666,23.097921291061102,0.0228156577325642,23.111879921713196,0.17309698809520024,nan,nan
2009 BO104,477084,MBO,MBO,21163645736137807,745297373712351233,23.235424,2.5667121,2.3677607,150.97968215786082,2.2708393350104887,2025052300103,133,60818.99958518341,u,150.97973433814178,2.270789425859631,6.600531578063965,2643.64,390.891,False,4434.72,14.7139,2521.12,383.619,False,-52.3425,13.0476,22.844494258099655,0.16053793955182744,22.28283443618852,0.0036023498097841567,22.89601615535571,0.16520792536026116,nan,nan
2009 BO104,477084,MBO,MBO,21163645736137807,745297373978165294,23.235546,2.566704,2.3678365,150.98106229560958,2.270205957989996,2025052300105,128,60819.006244870674,u,150.98114542511524,2.2701556217229233,5.008477210998535,1956.26,386.777,False,2588.23,50.1163,1621.4,379.18,False,-103.188,14.0501,23.171433557278668,0.2146635921190421,22.8674928412497,0.021023278584636387,23.375274561948494,0.25390985566118596,nan,nan
2009 BO104,477084,MBO,MBO,21163645736137807,745297374648729618,23.23561,2.5667,2.3678756,150.9817699651835,2.269881281603203,2025052300110,127,60819.00965783103,u,150.9817150305727,2.2699728897872373,5.589615345001221,2178.27,391.809,False,2379.06,26.1731,2152.41,385.967,False,60.9291,13.7576,23.054720714660174,0.19529314662458663,22.95898648550517,0.011944667657543023,23.067687541605096,0.1946926348844541,26.9379380916171,0.24515583223301585
2009 BO104,477084,MBO,MBO,21163645736137807,745297374784520194,23.23562,2.566699,2.3678825,150.981897712078,2.26982267865666,2025052300111,130,60819.01027344731,u,150.98187885561958,2.2698012331708926,5.8114213943481445,1984.31,330.969,False,nan,nan,2025.74,331.357,False,51.1728,24.4207,23.155976165364653,0.18109318049091586,nan,nan,23.133540745974642,0.17759746438476742,27.127402087293873,0.5181353994723308
2009 BO104,477084,MBO,MBO,21163645736137807,745297375051382830,23.235643,2.5666976,2.3678966,150.98215322661898,2.2697054697610426,2025052300113,127,60819.01150549284,u,150.9821450871681,2.269723591166044,8.050992965698242,2386.49,295.997,False,2297.71,23.2571,2394.05,291.146,False,43.614,28.9499,22.9556009571885,0.1346641598278726,22.996761982542022,0.01098967014803347,22.952166936721806,0.13203890577980454,27.300935241402946,0.7206849943426032
2009 BO104,477084,MBO,MBO,21163645736137807,745297375165153334,23.235655,2.566697,2.3679037,150.98228161658062,2.269646578412233,2025052300114,88,60819.01212471474,u,150.9822611384394,2.269679597951641,6.402779579162598,1986.48,302.56,False,2168.41,26.2482,1861.34,298.328,False,24.2758,33.2058,23.15478951839892,0.16536806144070992,23.05964654041302,0.013142635212753889,23.225435743965683,0.17401738512137002,27.937066091396538,1.4851307576625614
2009 BO104,477084,MBO,MBO,21163645736137807,745297375326634013,23.23567,2.566696,2.3679132,150.98245523442782,2.2695669450190614,2025052300115,140,60819.0129616186,u,150.98246569755884,2.269529298357197,6.823726654052734,1972.89,286.505,False,2546.76,9.296,2042.33,280.415,False,-3.77042,23.0864,23.162242813178047,0.15767166660889892,22.885029945546556,0.00396307591102108,23.124685231384674,0.1490732318899745,nan,nan
2009 BO104,477084,MBO,MBO,21163645736137807,745297375460851734,23.23568,2.566695,2.3679202,150.98258281139962,2.269508431879463,2025052300116,140,60819.01357651569,u,150.98257205524084,2.269500060660354,5.653229236602783,1729.76,306.118,False,2048.15,44.1375,1645.1,298.767,False,23.4985,15.9402,23.305035368860747,0.19214423163337074,23.121595652226006,0.02339754649355739,23.359519260203022,0.1971808106774363,27.972399610772143,0.7365087764547061
2009 BO104,477084,MBO,MBO,21163645736137807,745297375729287194,23.235703,2.5666935,2.3679342,150.98283964667144,2.269390641392646,2025052300118,140,60819.01481426267,u,150.98286922853544,2.269387560549388,5.130540370941162,1184.49,236.344,False,1309.81,20.1406,1384.67,231.209,False,178.373,107.697,23.71617151254161,0.2166394256863622,23.606979196901598,0.016695076270086897,23.54663425813398,0.18129371893758423,25.77167720171073,0.655539402260843
2009 BO104,477084,MBO,MBO,21163645736137807,745297375864553513,23.235714,2.5666928,2.3679414,150.9829678677821,2.269331839791893,2025052300119,142,60819.01543220354,u,150.98294967194428,2.2693365815172664,7.67727518081665,1940.86,245.613,False,nan,nan,2184.92,240.222,False,117.957,42.7122,23.180014484278313,0.13739833662854709,nan,nan,23.05141118863905,0.11937175367421314,26.22069069673326,0.3931448054447479
2009 BO104,477084,MBO,MBO,21163645736137807,745297375997198369,23.235725,2.566692,2.3679483,150.98309547379657,2.2692733226230173,2025052300120,139,60819.01604786089,u,150.98307655532614,2.2692588008566994,9.516732215881348,2323.43,241.516,False,2219.22,0.111876,2447.03,236.378,False,136.941,89.2374,22.98467605033493,0.11286015931955372,23.034499120120984,5.473446931199086e-05,22.928401752674972,0.10487985681823958,26.05866630813475,0.7075183909539
2009 BO104,477084,MBO,MBO,21163645736137807,745297376132464657,23.235737,2.5666912,2.3679554,150.98322308703663,2.2692148045086165,2025052300121,141,60819.01666260169,u,150.9832025103045,2.269259884225695,5.175775051116943,1607.4,315.277,False,1543.25,30.3224,1795.23,300.584,False,262.315,16.5964,23.38469007352962,0.21295735782988734,23.42890928590213,0.021332983353816937,23.264699769036348,0.18179004979362853,25.352942175819233,0.06869340841658543
2009 BO104,477084,MBO,MBO,21163645736137807,745297376266682388,23.235748,2.5666904,2.3679624,150.9833515377289,2.2691559047875054,2025052300122,141,60819.017281629225,u,150.98334684799985,2.269162802380903,6.309389591217041,1774.88,275.674,False,1687.19,5.35825,1995.08,271.303,False,204.337,96.6466,23.277077507900852,0.1686363325297482,23.332090056032946,0.0034481275816173073,23.15009923643742,0.14764495952817647,25.6241324378102,0.5135276945320619
2009 BO104,477084,MBO,MBO,21163645736137807,745297376535117830,23.23577,2.566689,2.3679764,150.98360680143273,2.269038863562768,2025052300124,141,60819.01851106773,u,150.98358434942296,2.268983903727071,5.962238788604736,1576.43,262.798,False,1529.38,13.289,1835.84,256.721,False,294.375,79.8758,23.4058132353972,0.18099712510084873,23.438711480192204,0.009434115719129445,23.24041294970838,0.1518276638615525,25.22774768881757,0.2946039885302461
2009 BO104,477084,MBO,MBO,21163645736137807,745297376669335564,23.23578,2.5666883,2.3679836,150.98373423696688,2.268980436630714,2025052300125,141,60819.01912587398,u,150.98374182620125,2.268917383538809,5.63580846786499,1418.77,261.746,False,nan,nan,1948.92,255.83,False,472.753,89.0572,23.520219993285885,0.20030526944047303,nan,nan,23.17551494451692,0.14252195523066247,24.713414287617997,0.20453096139933577
2009 BO104,477084,MBO,MBO,21163645736137807,745297376803553305,23.235792,2.5666876,2.3679905,150.9838625103108,2.2689216280729974,2025052300126,141,60819.019743997706,u,150.98389095756306,2.2689186799642322,6.919551849365234,1943.86,279.388,False,2008.9,35.6273,2535.19,273.674,False,596.753,59.8285,23.178337550400787,0.15605119174787024,23.142604189893532,0.01925523883848546,22.889973742291733,0.1172053333918968,24.460513489449472,0.10885235311282716
2009 BO104,477084,MBO,MBO,21163645736137807,745297377070415889,23.235815,2.566686,2.3680046,150.98411783450473,2.2688045789633047,2025052300128,138,60819.02097333546,u,150.98411555682227,2.268833189538825,5.25172233581543,1553.59,301.214,False,nan,nan,2286.63,297.475,False,637.505,33.919,23.421658981017668,0.21050530752118574,nan,nan,23.00201031307897,0.14124690076208377,24.388791003374408,0.05776752285157504
2009 BO104,477084,MBO,MBO,21163645736137807,745297377200963590,23.235826,2.5666852,2.3680117,150.98424550807093,2.268746052957245,2025052300129,131,60819.02158864962,u,150.9842473712347,2.2687737647370754,5.483851909637451,1536.9,283.161,False,nan,nan,2150.42,275.838,False,690.313,62.3431,23.433385956262782,0.20003783997329835,nan,nan,23.06869181306457,0.1392692255058275,24.302384888143713,0.09805430806912979
2009 BO104,477084,MBO,MBO,21163645736137807,745297377469399051,23.235847,2.5666838,2.3680258,150.98450108624635,2.268628902768203,2025052300131,131,60819.02281900284,u,150.98450643227696,2.268618828734082,6.534504413604736,1656.11,248.542,False,1650.93,10.4161,2240.71,242.499,False,545.861,76.9909,23.352277060717938,0.16294271411594446,23.35567831613264,0.006850160833026722,23.024035888020173,0.11750290792672939,24.557294788151623,0.15313752406697476
2009 BO104,477084,MBO,MBO,21163645736137807,745297377607286813,23.235859,2.566683,2.3680327,150.98462857558528,2.268570468969473,2025052300132,138,60819.02343359553,u,150.9847038532371,2.2684966574970655,6.2819108963012695,1565.63,264.842,False,1586.08,9.67206,1768.71,252.274,False,302.512,65.1344,23.41327716033003,0.18366316335396568,23.399187307996726,0.006620918252211446,23.280858445837172,0.1548603352847549,25.198143506514327,0.23377180792828256
2009 BO104,477084,MBO,MBO,21163645736137807,745297377737310233,23.23587,2.566682,2.3680398,150.98475669570257,2.26851174870141,2025052300133,130,60819.02405021712,u,150.98478981943788,2.268464687915382,5.444753646850586,1489.03,271.382,False,1424.51,16.7015,1705.48,265.912,False,222.614,64.5565,23.46774135933611,0.19787999198404763,23.515836236769047,0.012729586337187843,23.320383435324807,0.16928388207555006,25.531118824594344,0.3148559092446733
2009 BO104,477084,MBO,MBO,21163645736137807,745297377876246635,23.235933,2.566678,2.3680797,150.98548092313308,2.268179870199348,2025052300134,139,60819.02753780842,g,150.98547841004003,2.2681773239829224,72.33808898925781,9482.94,130.69,False,9009.16,0.383611,9485.21,130.375,False,-22.4031,36.7738,21.457642444001362,0.01496317184555372,21.513289231349916,4.623076259018274e-05,21.457382628235777,0.014923534458203,nan,nan
2009 BO104,477084,MBO,MBO,21163645736137807,745297378010464337,23.235943,2.5666773,2.3680856,150.98559019252107,2.268129804961841,2025052300135,139,60819.02806302253,g,150.98559234575725,2.26812427814503,73.06653594970703,9485.46,127.58,False,8858.57,0.0697159,9394.67,125.76,False,-34.5334,36.3459,21.457354012055927,0.014603216666510918,21.53159090845773,8.54461571176863e-06,21.467796185163706,0.014534005831523015,nan,nan
2009 BO104,477084,MBO,MBO,21163645736137807,745297378144682064,23.235952,2.5666766,2.3680916,150.98569884470362,2.2680800245439543,2025052300136,139,60819.028586217355,g,150.98569675921948,2.268078239618467,75.10977172851562,9224.16,122.297,False,8830.31,0.293556,9295.09,122.665,False,-16.0391,36.1275,21.487682912816624,0.014395053338538152,21.53506017697856,3.609436112710134e-05,21.479366020255682,0.014328192065860269,nan,nan
2009 BO104,477084,MBO,MBO,21163645736137807,745297379085254674,23.236017,2.566672,2.3681335,150.98646061784575,2.2677310660865992,2025052300143,141,60819.0322521672,g,150.98671192070208,2.267613127482826,70.99956512451172,1985.32,109.178,False,9179.82,0.357354,2624.04,108.47,False,606.755,12.4952,23.155423735210785,0.059707509164364014,21.492914549190104,4.226576845266962e-05,22.85257385634761,0.04488110154658764,24.442466581643245,0.02235909236373631
2009 BO104,477084,MBO,MBO,21163645736137807,745297379353690161,23.236036,2.566671,2.3681455,150.98667823340654,2.267631398190338,2025052300145,141,60819.03329943505,g,150.9868454253843,2.267547383504191,69.96867370605469,3417.57,108.949,False,8315.02,1.68482,4540.68,107.745,False,1086.35,29.3857,22.565706431483463,0.03461227383466287,21.600341815809248,0.000219995891336787,22.257197716721336,0.025763243794989517,23.810075602658898,0.02936909776257361
2009 BO104,477084,MBO,MBO,21163645736137807,745297379487907886,23.236046,2.5666702,2.3681514,150.98678694660558,2.267581610785044,2025052300146,141,60819.033822497426,g,150.98677848389414,2.2675772569594135,68.23884582519531,8826.49,129.301,False,8269.64,1.63271,9727.13,129.054,False,827.104,28.4578,21.53552988739223,0.01590516362870626,21.606283536307515,0.00021436149729967853,21.430038212775525,0.014404927536147473,24.106099692011547,0.0373564431144736
2009 BO104,477084,MBO,MBO,21163645736137807,745297379616882700,23.236055,2.5666697,2.3681574,150.9868952502809,2.2675320130827337,2025052300147,131,60819.034343319145,g,150.98688834876137,2.2675338307145614,63.20314025878906,8133.19,127.146,False,7536.57,0.352852,9397.36,126.585,False,1207.32,25.6679,21.624347712818615,0.016973293446613056,21.707065682199897,5.08326979006892e-05,21.46748529837867,0.014625161890533953,23.69544406068279,0.023083001741622904
2009 BO104,477084,MBO,MBO,21163645736137807,745297379751100429,23.236065,2.566669,2.3681633,150.9870039759722,2.2674822242921877,2025052300148,131,60819.03486655337,g,150.98700544209333,2.2674719559458913,62.71928405761719,8438.46,133.382,False,7786.48,0.1954,9786.49,133.054,False,1274.14,24.1649,21.58434201480275,0.017161623239553853,21.67164707165636,2.7246310852621147e-05,21.423432582325326,0.014761323258487578,23.63695711240351,0.020591698183762767
2009 BO104,477084,MBO,MBO,21163645736137807,745297379883745353,23.236074,2.5666683,2.3681693,150.98711291591846,2.2674323395857967,2025052300149,128,60819.03539085956,g,150.98712083856142,2.267422603864237,61.609901428222656,8801.9,141.345,False,8253.79,2.19386,9859.56,140.515,False,963.515,30.1073,21.538558876426176,0.017435255839790564,21.608366457387827,0.0002885890333464882,21.415356211748154,0.015473533179745499,23.940353783143642,0.03392638923990595
2009 BO104,477084,MBO,MBO,21163645736137807,745297380153753654,23.236092,2.566667,2.3681815,150.9873318544049,2.267332092136305,2025052300151,131,60819.03644384879,g,150.9871017122417,2.267430466856862,68.85318756103516,2599.06,114.844,False,8729.09,1.6578,3610.63,113.478,False,987.09,28.1697,22.862959211968423,0.04797514786498699,21.547577591321254,0.0002061994398213229,22.506042569496792,0.03412345590560245,23.91410808999881,0.03098487778317688
2009 BO104,477084,MBO,MBO,21163645736137807,745297381091180608,23.236156,2.5666625,2.3682234,150.9880947039631,2.26698287022382,2025052300158,127,60819.040111307746,g,150.98809151410558,2.266980055666054,67.61373901367188,9572.84,139.595,False,9153.17,0.293325,9656.13,138.896,False,28.6677,22.0061,21.447398017231183,0.01583264206885553,21.496071188012756,3.4793801768966035e-05,21.437992253142188,0.01561747962021032,27.756517879443226,0.8334403989844054
2009 BO104,477084,MBO,MBO,21163645736137807,745297381204951100,23.236166,2.5666618,2.3682294,150.98820454070918,2.2669325977811963,2025052300159,88,60819.04063972704,g,150.98820451020646,2.266929214283069,69.20854949951172,9235.69,133.002,False,8954.49,0.176935,9287.53,131.882,False,28.8191,31.8865,21.48632658147563,0.015635548485713094,21.51989783210285,2.1453453268446017e-05,21.48024939402985,0.015417345844250516,27.750798986660087,1.2012980119478955
2009 BO104,477084,MBO,MBO,21163645736137807,745297381359616037,23.236176,2.5666611,2.3682353,150.98831334399824,2.266882800696807,2025052300160,127,60819.04116299786,g,150.98830852095543,2.266878035632901,65.51537322998047,9806.65,149.231,False,9431.7,0.348153,9925.89,148.504,False,26.6358,6.20361,21.42119826780906,0.016522002535696162,21.4635250314424,4.007785486791577e-05,21.408076393504874,0.01624400156323838,27.836335661009077,0.2528733533607901
2009 BO104,477084,MBO,MBO,21163645736137807,745297381472862236,23.236185,2.5666606,2.3682415,150.98842298613573,2.266832622060296,2025052300161,87,60819.04168941305,g,150.98841942533778,2.26682610367139,66.77667999267578,9230.64,137.113,False,8728.97,0.623379,9273.84,136.071,False,14.6999,32.6939,21.48692050741316,0.01612765323637711,21.547592531765094,7.753780368008801e-05,21.481851021255864,0.01593053284066105,28.481714073233395,2.414775124070397
2009 BO104,477084,MBO,MBO,21163645736137807,745297381628051460,23.236195,2.56666,2.3682475,150.98853221887964,2.266782633166293,2025052300162,127,60819.04221461984,g,150.98853250834446,2.2667756180414815,72.16877746582031,9230.13,127.876,False,8688.81,0.297051,9261.72,126.77,False,-4.03147,34.927,21.486980469268403,0.015041998767728307,21.55259930239356,3.71188983184385e-05,21.483270913853325,0.014861038672731306,nan,nan
2009 BO104,477084,MBO,MBO,21163645736137807,745297381741821959,23.236204,2.5666592,2.3682535,150.9886414583459,2.266732643584137,2025052300163,88,60819.04273919154,g,150.98863475079642,2.2667265784587385,71.48719024658203,9498.14,132.497,False,9131.89,0.657589,9544.67,132.336,False,-1.24149,34.5861,21.45590362349798,0.015145785253981966,21.49859836312649,7.81840596585128e-05,21.45059771495079,0.015053635796575806,nan,nan
2009 BO104,477084,MBO,MBO,21163645736137807,745297381902778453,23.236217,2.5666583,2.3682623,150.98880023172777,2.266659990839527,2025052300164,139,60819.04350260107,g,150.98879496130485,2.2666522230545456,62.19432067871094,9528.43,150.828,False,9480.98,0.671219,9524.22,149.564,False,-19.7882,5.87994,21.452446666097387,0.017186402045549744,21.457866870223,7.686618093514307e-05,21.452926484623987,0.01704990533126643,nan,nan
2009 BO104,477084,MBO,MBO,21163645736137807,745297382036996230,23.236277,2.5666542,2.3683007,150.9894995889125,2.2663400349315896,2025052300165,139,60819.04686286381,r,150.98949655928573,2.2663399888865863,84.9778823852539,17405.2,203.24,False,15953.6,0.527075,17345.0,200.876,False,-80.5994,47.5239,20.79830250361389,0.012678110112147109,20.89285327930497,3.587055060688162e-05,20.802064239554802,0.012574133961031487,nan,nan
2009 BO104,477084,MBO,MBO,21163645736137807,745297382171213934,23.236286,2.5666535,2.3683066,150.98960826448956,2.266290324961984,2025052300166,139,60819.04738498699,r,150.98960309881923,2.2662891960849163,85.77176666259766,17326.5,200.093,False,16073.2,0.11958,17337.4,198.327,False,-45.027,48.9253,20.80322289272494,0.012538494037275583,20.88474411506148,8.077566040431989e-06,20.802540052709578,0.012420016549382676,nan,nan
2009 BO104,477084,MBO,MBO,21163645736137807,745297382305431637,23.236294,2.566653,2.3683126,150.98971736329378,2.266240423899184,2025052300167,139,60819.04790885035,r,150.98971588190062,2.2662364040176652,84.4974136352539,17062.4,198.326,False,15427.5,0.205485,17136.1,197.101,False,-16.0362,43.0895,20.819899677488934,0.012620130696081174,20.92926111228394,1.4461351829172207e-05,20.81522005505328,0.012488237949074487,nan,nan
2009 BO104,477084,MBO,MBO,21163645736137807,745297382575439955,23.236313,2.5666516,2.3683248,150.98993579015072,2.266140524485219,2025052300169,142,60819.0489575571,r,150.989933641447,2.266133426169285,88.23301696777344,17494.2,197.369,False,15692.8,0.382043,17680.8,196.846,False,103.127,47.3443,20.792764830414463,0.012249241585502823,20.910748913937404,2.643237194248059e-05,20.781245173109056,0.012087847380414176,26.36656905117364,0.49844774311614676
2009 BO104,477084,MBO,MBO,21163645736137807,745297382708084834,23.236322,2.566651,2.3683307,150.99004532658248,2.266090430874596,2025052300170,139,60819.04948372305,r,150.99004051229474,2.266084147030442,90.6358871459961,17035.6,187.663,False,15608.3,0.142481,17274.2,186.421,False,89.7333,44.1318,20.821606439440437,0.011960395405438671,20.916611003980194,9.91118707939738e-06,20.8065051902663,0.011717129816736966,26.51761591024863,0.5339767419855261
2009 BO104,477084,MBO,MBO,21163645736137807,745297382843351070,23.236332,2.5666504,2.3683367,150.99015424527678,2.266040622319209,2025052300171,141,60819.05000675553,r,150.99015134544678,2.266039273375128,80.78770446777344,17110.9,209.17,False,16159.1,0.22848,17310.1,209.547,False,63.2227,26.3796,20.81681784225018,0.013272442406692092,20.878957104815413,1.535166005954931e-05,20.80425108252448,0.01314335367512068,26.897817433316646,0.45302222409192106
2009 BO104,477084,MBO,MBO,21163645736137807,745297382973898804,23.23634,2.5666497,2.3683426,150.99026421237352,2.265990336919792,2025052300172,134,60819.05053419755,r,150.99025664918236,2.2659889079889144,84.40243530273438,17097.5,202.243,False,16119.0,0.476885,17261.6,201.402,False,22.6766,35.7602,20.81766846898733,0.012842962020779499,20.881654761779107,3.2121800369691556e-05,20.807297403166267,0.012667970538043371,28.011055175152837,1.7121678392918127
2009 BO104,477084,MBO,MBO,21163645736137807,745297383246004240,23.236359,2.5666485,2.3683548,150.99048271013777,2.2658904307390797,2025052300174,141,60819.051583761844,r,150.9904788709047,2.26588689213665,88.09834289550781,17300.6,194.33,False,15542.0,0.165758,17524.4,194.469,False,49.6921,37.1903,20.804847111754576,0.012195595726309736,20.92123273843962,1.1579556077184535e-05,20.790892081976413,0.01204845945852318,27.159281612226867,0.812580968323677
2009 BO104,477084,MBO,MBO,21163645736137807,745297383376551946,23.236368,2.5666478,2.3683608,150.99059186567487,2.26584052422711,2025052300175,134,60819.05210794845,r,150.99058636145924,2.2658383000771822,80.11984252929688,16568.9,204.602,False,15207.0,0.0689609,16694.6,203.475,False,12.7908,35.2093,20.851765782381065,0.013407275025058299,20.94489113514234,4.923610394129713e-06,20.84355998068608,0.013233032600908176,28.63275572132804,2.9887116170696553
2009 BO104,477084,MBO,MBO,21163645736137807,745297383510769743,23.236378,2.566647,2.3683667,150.99070123667923,2.26579052182213,2025052300176,134,60819.05263225407,r,150.99069810628012,2.265788411569915,84.02584838867188,16850.5,197.616,False,14976.4,0.18842,16905.1,195.87,False,-4.90582,35.8683,20.833468019768066,0.012733084651712828,20.961481394218815,1.3659785252725046e-05,20.829955664778144,0.01257982206780921,nan,nan
2009 BO104,477084,MBO,MBO,21163645736137807,745297383644987450,23.236385,2.5666466,2.3683727,150.99081040652106,2.2657406140120684,2025052300177,134,60819.053156911876,r,150.9908054335367,2.2657377174937996,85.53195190429688,16946.5,196.626,False,15662.9,0.589048,17083.5,195.315,False,-10.8714,34.782,20.82729996011885,0.012597526019170276,20.912819534971902,4.08322056823758e-05,20.818557869983007,0.012413180524076285,nan,nan
2009 BO104,477084,MBO,MBO,21163645736137807,745297383910277230,23.236404,2.5666451,2.3683848,150.9910291847729,2.265640605844647,2025052300179,128,60819.05420634805,r,150.99102431764206,2.265634661338533,87.6623306274414,17315.7,196.415,False,15348.1,0.169303,17547.8,196.979,False,13.5849,30.4726,20.80389991669497,0.012315694946765997,20.934863477218713,1.1976622599770754e-05,20.789443261872275,0.012187694559806485,28.56735889311889,2.435439813923069
2009 BO104,477084,MBO,MBO,21163645736137807,745297384043970676,23.236414,2.5666447,2.3683908,150.99113816807096,2.265590791253248,2025052300180,127,60819.05472985945,r,150.99113920913643,2.2655839327322234,84.82524108886719,16788.8,195.942,False,15223.7,0.0926091,16959.6,196.181,False,20.3548,32.9441,20.8374508106802,0.012671621258869665,20.943699443306052,6.6047709503996e-06,20.82646101249361,0.012559306765876641,28.128332940173827,1.7572564093944751
2009 BO104,477084,MBO,MBO,21163645736137807,745297384178188483,23.236423,2.566644,2.3683968,150.99124757545428,2.265540785496859,2025052300181,127,60819.05525411703,r,150.99124188831544,2.265539103854511,83.47819519042969,16859.6,198.772,False,14917.2,0.024648,17040.2,199.067,False,18.1613,29.3184,20.832881858605564,0.01280065750897885,20.96578170452914,1.7939844703563505e-06,20.82131333039365,0.01268378660107819,28.25213262950471,1.7527405290702345
2009 BO104,477084,MBO,MBO,21163645736137807,745297384314503220,23.236431,2.5666432,2.3684027,150.99135594805978,2.2654912553526154,2025052300182,131,60819.05577405935,r,150.9913531012979,2.2654862528885564,79.65217590332031,17003.0,210.163,False,15466.7,0.192314,17283.9,210.351,False,90.1015,31.1069,20.82368611295153,0.013420077157202816,20.92650583175515,1.350011758756777e-05,20.805895613123518,0.01321378213206099,26.51316992953172,0.37484266296189267
2009 BO104,477084,MBO,MBO,21163645736137807,745297384446099593,23.23644,2.5666428,2.3684087,150.9914653701151,2.2654412482661623,2025052300183,126,60819.05629904333,r,150.99146112265754,2.265438549447882,77.9291000366211,16207.3,205.667,False,14810.2,0.114466,16487.8,205.815,False,145.512,27.0673,20.87572333542733,0.013777749458556485,20.973597677273634,8.391505523786954e-06,20.857093171723022,0.013553099203329663,25.99275302431819,0.20196237953669202
2009 BO104,477084,MBO,MBO,21163645736137807,745297384581890062,23.23645,2.566642,2.3684149,150.99157479957853,2.265391240512716,2025052300184,129,60819.056824495594,r,150.99156662974875,2.265391136680958,82.8314437866211,16484.7,199.057,False,15306.0,0.42354,16695.7,198.937,False,155.953,32.4646,20.857297431558187,0.013110545498260658,20.937845727516414,3.004395060630378e-05,20.843488469753154,0.012937050236257833,25.917515645834953,0.22601675188496922
2009 BO104,477084,MBO,MBO,21163645736137807,745297384855568490,23.23651,2.5666378,2.368455,150.99230681433704,2.2650567906532757,2025052300186,139,60819.060335375776,i,150.99230213593944,2.2650536062671285,59.720638275146484,20275.7,334.45,False,18836.3,0.448303,20608.3,333.561,False,176.661,16.4994,20.63256039993028,0.017909344729239815,20.712510958214747,2.5840467228571838e-05,20.614894539201828,0.017573465327194896,25.782148316615086,0.10140322714184456
2009 BO104,477084,MBO,MBO,21163645736137807,745297384989786220,23.236519,2.566637,2.3684611,150.99241588445696,2.2650069683276843,2025052300187,139,60819.06085855108,i,150.99241253771797,2.2650027764017264,61.47289276123047,19561.5,314.441,False,18632.0,0.417596,19379.5,310.249,False,83.4709,9.19667,20.671494615084548,0.01745264873850018,20.724351311183437,2.4334430526795252e-05,20.681643580344478,0.017381695301886414,26.59616224018675,0.11962440738605044
2009 BO104,477084,MBO,MBO,21163645736137807,745297385124003912,23.236528,2.5666363,2.368467,150.9925255878981,2.264956859529877,2025052300188,139,60819.06138473396,i,150.9925208999938,2.26495725779678,72.05411529541016,20020.4,274.359,False,18144.9,0.404366,20041.3,272.984,False,-28.0242,54.6904,20.64631810314322,0.014878898679934926,20.753113528967276,2.4196043084126405e-05,20.64518523498285,0.014788891444590675,nan,nan
2009 BO104,477084,MBO,MBO,21163645736137807,745297385393488031,23.236546,2.5666351,2.368479,150.99274439187877,2.2648569258205726,2025052300190,141,60819.06243327331,i,150.99273931860904,2.2648510536154656,77.14706420898438,20324.1,262.394,False,18514.8,0.368964,20389.5,262.927,False,-67.1357,47.6623,20.629971713146737,0.014017382551037082,20.73120239146536,2.1636611880124928e-05,20.626483560113677,0.014000802630227285,nan,nan
2009 BO104,477084,MBO,MBO,21163645736137807,745297385661923356,23.236565,2.566634,2.3684912,150.99296447834126,2.264756417866595,2025052300192,141,60819.063488538115,i,150.99295953799245,2.264752695478447,74.5105209350586,20227.0,267.493,False,18683.5,1.01009,20299.1,266.526,False,-3.02861,31.0501,20.635171313841717,0.014358374799909288,20.72135440908932,5.869838499112789e-05,20.631308063265276,0.014255653420017098,nan,nan
2009 BO104,477084,MBO,MBO,21163645736137807,745297385792471074,23.236574,2.5666332,2.3684971,150.9930744289827,2.2647062105212323,2025052300193,134,60819.064015990574,i,150.99307087109997,2.2647059672586116,71.04930114746094,19913.7,278.752,False,19242.8,1.66483,19904.9,276.602,False,-38.0933,19.0065,20.65212014211344,0.015198138256400262,20.689329290813475,9.393467162596606e-05,20.652599978496635,0.015087580881184259,nan,nan
2009 BO104,477084,MBO,MBO,21163645736137807,745297386060906504,23.236591,2.5666318,2.3685093,150.99329414503435,2.2646058891487213,2025052300195,134,60819.06506858168,i,150.99329105888785,2.2646084197791474,75.95930480957031,19701.4,251.893,False,17569.6,0.332282,20160.1,255.374,False,-46.6979,42.7834,20.663757256892282,0.013881721615427478,20.788095338638023,2.0533797748892205e-05,20.638768316020762,0.013753344241308599,nan,nan
2009 BO104,477084,MBO,MBO,21163645736137807,745297386195124232,23.2366,2.5666313,2.3685153,150.99340411919945,2.264555679828617,2025052300196,134,60819.06559514809,i,150.9933958629379,2.264555365849037,74.04927825927734,19801.3,264.261,False,17470.5,0.157513,19929.3,263.286,False,-15.301,37.8152,20.658265698138685,0.01448984203266196,20.794236663682685,9.788933276542875e-06,20.651269845593458,0.01434366198828583,nan,nan
2009 BO104,477084,MBO,MBO,21163645736137807,745297386329342033,23.236609,2.5666306,2.3685215,150.99351347519578,2.264505755658808,2025052300197,134,60819.06611941331,i,150.99351107633555,2.264505665691198,75.20421600341797,19870.0,256.282,False,17938.3,0.920492,20046.5,255.465,False,37.2213,30.6224,20.65450533222546,0.01400375742710899,20.765546745520442,5.57138324104037e-05,20.644903604164746,0.013836210589003108,27.47302120865641,0.8932479590100868
2009 BO104,477084,MBO,MBO,21163645736137807,745297386463559727,23.236618,2.56663,2.3685274,150.9936230476899,2.2644557355845003,2025052300198,134,60819.06664482081,i,150.99362142762442,2.264455164444303,71.74578857421875,19572.1,267.373,False,18309.6,0.984797,19804.3,266.218,False,50.0483,31.0212,20.670906456568538,0.014832160917551712,20.743302881646127,5.839722227735689e-05,20.6581012159194,0.014594936226333323,27.15152663743129,0.672966694346443
2009 BO104,477084,MBO,MBO,21163645736137807,745297386594631934,23.236628,2.5666294,2.3685334,150.99373179313005,2.264406095975923,2025052300199,128,60819.067165975925,i,150.9937313982135,2.2644026086763707,78.14205169677734,18955.2,239.306,False,17500.2,0.277682,19196.8,239.825,False,15.8509,47.2593,20.705679116968945,0.013707225387204905,20.792392518411212,1.722777003537946e-05,20.691927855170512,0.013564066479610535,28.39986520552866,3.2371117259141893
2009 BO104,477084,MBO,MBO,21163645736137807,745297386728849508,23.236635,2.5666287,2.3685393,150.99384117255045,2.264356169909833,2025052300200,128,60819.06768914743,i,150.99383637048135,2.2643561327071984,72.77901458740234,18868.8,258.388,False,17408.2,0.547275,19067.7,257.532,False,44.9299,30.1601,20.71063925205663,0.01486799348074961,20.798115379761086,3.413312780627097e-05,20.69925426854953,0.014664162001131749,27.2686613428877,0.7288222922338815
2009 BO104,477084,MBO,MBO,21163645736137807,745297386862542955,23.236645,2.566628,2.3685453,150.99395035115293,2.264306338456665,2025052300201,127,60819.06821238123,i,150.99394535411489,2.2643056579861063,68.96308898925781,19283.4,271.767,False,18060.9,1.33159,19548.4,272.539,False,99.6612,35.7855,20.6870409529668,0.015301620218727037,20.758151506466483,8.004891798754903e-05,20.672221935816967,0.01513706774907883,26.403684703616097,0.3898569545184783
2009 BO104,477084,MBO,MBO,21163645736137807,745297386996760696,23.236654,2.5666275,2.3685515,150.99405995520166,2.264256315795909,2025052300202,127,60819.068737992246,i,150.9940572419872,2.2642520707731224,70.07345581054688,18461.7,256.69,False,16753.3,0.433507,18713.0,256.723,False,93.1064,34.5327,20.734320822283316,0.015095990122460533,20.83974903576837,2.8094418294655385e-05,20.719641456022373,0.014895176986412378,26.477551168445892,0.4026941474938857
2009 BO104,477084,MBO,MBO,21163645736137807,745301777401249835,23.246708,2.5655124,2.3788517,151.1901398290122,2.176949976951871,2025052400145,143,60819.98026129721,i,151.19013691691632,2.176945754934265,49.59190368652344,12445.1,248.325,False,11501.7,0.627582,12611.5,247.587,False,109.315,46.6537,21.162504057475996,0.02166438583826641,21.24809489240615,5.924241651732976e-05,21.148083139439542,0.021315004228213474,26.303300577961885,0.46337293125070367
2009 BO104,477084,MBO,MBO,21163645736137807,745301777535467539,23.246716,2.5655117,2.3788574,151.19025000285805,2.1768996018376017,2025052400146,143,60819.9807832778,i,151.19049660706656,2.1768056058404572,51.830780029296875,1110.74,215.709,False,12866.6,1.97025,1505.8,214.291,False,409.295,54.1851,23.785968979610175,0.21085319035388664,21.126340533673066,0.0001662577397104876,23.455581732781543,0.1545115486166314,24.869908866178243,0.14373672656988395
2009 BO104,477084,MBO,MBO,21163645736137807,745301777669685281,23.246723,2.565511,2.3788633,151.1903603911803,2.1768491294692534,2025052400147,143,60819.98130642876,i,151.1903536409189,2.1768456837510195,51.07722091674805,12684.5,243.963,False,12681.9,2.3712,12861.3,243.789,False,120.114,49.9266,21.141816618015493,0.02088213638205276,21.14203915570181,0.0002030056774907816,21.126787844960795,0.02058038839245027,26.20101593945926,0.4512972629954861
2009 BO104,477084,MBO,MBO,21163645736137807,745301777807573056,23.24673,2.5655105,2.3788693,151.19047078290075,2.176798656374061,2025052400148,150,60819.98182965605,i,151.19046216128493,2.17679982741795,46.773746490478516,11774.7,246.731,False,10792.0,0.761141,12214.7,245.47,False,384.328,44.125,21.222625354909347,0.022750879270043274,21.317245158340377,7.657508737868323e-05,21.182792970338582,0.021819255752967014,24.938244926981376,0.1246542267796115
2009 BO104,477084,MBO,MBO,21163645736137807,745301777953849373,23.246738,2.5655098,2.3788753,151.190581389087,2.1767480860648734,2025052400149,173,60819.98235309965,i,151.19057463809054,2.176747880565426,46.72496795654297,11663.9,248.06,False,11049.8,2.19084,12504.0,248.134,False,771.705,51.8904,21.232890494681726,0.02309070819209446,21.291613975650144,0.00021526854379764706,21.157377587472173,0.021545750987463943,24.18137169064973,0.07300624544200313
2009 BO104,477084,MBO,MBO,21163645736137807,745301778072338500,23.246746,2.565509,2.3788812,151.19069178770357,2.1766976115149705,2025052400150,143,60819.98287619607,i,151.190686862373,2.176694447337238,51.076908111572266,11424.7,220.08,False,10316.3,0.76686,12542.1,220.971,False,928.878,81.9976,21.25538796944283,0.02091510690400883,21.36619011301287,8.070797579464403e-05,21.154074385948768,0.0191288711475162,23.98010331844904,0.09584440623390938
2009 BO104,477084,MBO,MBO,21163645736137807,745301778221760531,23.246754,2.5655086,2.3788872,151.19080261200895,2.1766469432140867,2025052400151,172,60819.98340187362,i,151.1908010645417,2.176639065090518,45.69182586669922,11096.2,237.076,False,10114.4,1.63564,12303.2,239.011,False,1036.97,54.184,21.287064291035737,0.023197310459635443,21.387649645742954,0.00017557873177443146,21.17495477294723,0.021092308800866745,23.860584550075515,0.056732142806810736
2009 BO104,477084,MBO,MBO,21163645736137807,745301778355978294,23.246761,2.565508,2.3788931,151.19091259544004,2.176596660237626,2025052400152,172,60819.98392289992,i,151.190906160174,2.1765921317734636,43.09638214111328,11473.8,264.542,False,10109.3,0.653391,12872.6,263.935,False,1297.81,46.5176,21.250731829936893,0.025032929237572117,21.388197309215194,7.01740261132901e-05,21.12583434719141,0.022261531566895924,23.616972160481623,0.03891620599183272
2009 BO104,477084,MBO,MBO,21163645736137807,745301778474991718,23.24683,2.5655022,2.3789463,151.1918979628785,2.1761462046763405,2025052400153,143,60819.988589141874,i,151.19189328690032,2.176139094133954,46.46967697143555,10465.8,217.575,False,9668.73,0.987111,10617.2,218.603,False,33.8725,64.3801,21.350568942324312,0.022571523996765354,21.43657636562285,0.00011084620926371779,21.334974984039516,0.02235478127534878,27.575381827364993,2.0636149895032583
2009 BO104,477084,MBO,MBO,21163645736137807,745301778624413708,23.246838,2.5655015,2.3789523,151.19200861633948,2.1760956249424592,2025052400154,172,60819.98911337381,i,151.19200450452556,2.1760954232729173,46.59877014160156,10523.6,222.889,False,9709.66,0.701985,10543.1,221.744,False,-18.6102,57.6352,21.344589209606028,0.022995806961715912,21.431989925963308,7.849610791008522e-05,21.342579225809363,0.02283536165704831,nan,nan
2009 BO104,477084,MBO,MBO,21163645736137807,745301778892849195,23.246853,2.5655003,2.3789642,151.1922299348043,2.1759944633472688,2025052400156,172,60819.99016198833,i,151.19222008976183,2.1759883935039936,40.597251892089844,10180.4,248.603,False,9172.57,0.000825541,10390.6,248.322,False,119.132,49.6514,21.380587852635784,0.026513424217981495,21.493772376168053,9.771740060629112e-08,21.358398474819985,0.025947702994351986,26.20992888345154,0.4525091707906099
2009 BO104,477084,MBO,MBO,21163645736137807,745301779145031715,23.246868,2.565499,2.378976,151.19245105773967,2.1758933954130653,2025052400158,141,60819.99120829157,i,151.19244538102419,2.1758861460831587,37.66560363769531,10151.4,262.278,False,8910.45,0.651494,10763.1,261.51,False,588.043,54.0961,21.383685106207086,0.028051768799211348,21.525250882331854,7.938438977907232e-05,21.320156601089828,0.02638002952809972,24.476477233642534,0.09988060596285203
2009 BO104,477084,MBO,MBO,21163645736137807,745301779275579415,23.246876,2.5654984,2.3789818,151.1925613084226,2.175843005131578,2025052400159,134,60819.991730077396,i,151.1925484431952,2.175838615666757,33.66842269897461,9231.18,272.712,False,8654.58,1.05697,10264.7,271.936,False,954.385,42.2733,21.486856988216957,0.0320753476795175,21.556884998321085,0.000132599223333057,21.37163432674732,0.028763700838365498,23.95069097653791,0.04809133842266012
2009 BO104,477084,MBO,MBO,21163645736137807,745301779409797136,23.246883,2.5654976,2.378988,151.19267219671232,2.175792324547943,2025052400160,134,60819.99225536175,i,151.1926658348709,2.175789350137407,37.2988166809082,10094.3,270.151,False,9464.52,0.352327,10830.7,269.208,False,720.323,35.8727,21.389809501733225,0.029057262830225902,21.459753570527063,4.041770602263154e-05,21.31335866426988,0.02698707151171468,24.25618179776115,0.05407058912887806
2009 BO104,477084,MBO,MBO,21163645736137807,745301779544014879,23.246891,2.5654972,2.378994,151.19278287779252,2.175741739799105,2025052400161,134,60819.99277955042,i,151.19278325224323,2.1757352945855706,37.596534729003906,10205.7,264.037,False,9213.64,0.148952,10482.9,261.621,False,269.437,34.8562,21.377892984344626,0.02808964706249474,21.488921943241635,1.7552519228120034e-05,21.348796352213625,0.027096641523438346,25.32385686710467,0.1404582070266623
2009 BO104,477084,MBO,MBO,21163645736137807,745301779681902639,23.246899,2.5654964,2.3789997,151.19289250682132,2.1756916369993644,2025052400162,141,60819.993298227986,i,151.1928924595719,2.1756898500663824,42.115413665771484,9805.31,230.614,False,8856.2,1.04824,9958.86,229.427,False,68.8591,46.4341,21.421346725909377,0.025535753420699116,21.531881436867813,0.00012851020030520298,21.404475893736482,0.025012621281564576,26.805096639350857,0.7321499185229713
2009 BO104,477084,MBO,MBO,21163645736137807,745301779811926081,23.246906,2.5654957,2.3790057,151.19300298486425,2.1756411473319885,2025052400163,133,60819.99382186806,i,151.19300115128794,2.1756408432805556,39.607322692871094,9906.51,247.552,False,9090.56,1.11535,9931.93,247.007,False,9.07466,33.6966,21.410198320022346,0.02713126796821019,21.503523457286306,0.00013321246896939217,21.40741590917076,0.027002249842227568,29.005424058173677,4.031624260379619
2009 BO104,477084,MBO,MBO,21163645736137807,745301779946143840,23.246914,2.5654953,2.3790116,151.1931130445298,2.1755908500294963,2025052400164,133,60819.99434295512,i,151.19310857986113,2.175590702451741,37.16426086425781,9293.71,245.571,False,8181.54,1.25484,9422.08,247.729,False,-16.5865,33.8362,21.47952721288203,0.028688793359332436,21.61791234977197,0.00016652430110247757,21.46463302254864,0.02854659971890289,nan,nan
2009 BO104,477084,MBO,MBO,21163645736137807,745301780078788634,23.246922,2.5654945,2.3790176,151.19322268580112,2.175540745100034,2025052400165,130,60819.994861739484,i,151.19321594898474,2.1755375216278505,37.09120559692383,9346.85,248.464,False,8396.77,0.123116,9331.41,247.463,False,-18.3633,30.777,21.47333686260918,0.028861742357797524,21.589719417166428,1.5919396108440242e-05,21.475131802530537,0.028793026043855252,nan,nan
2009 BO104,477084,MBO,MBO,21163645736137807,745301780347224129,23.246937,2.5654933,2.3790295,151.19344324840418,2.175439953850202,2025052400167,130,60819.995905787044,i,151.19344155657473,2.175439057640263,33.69949722290039,9367.11,274.969,False,8871.12,2.55727,9463.25,274.613,False,58.4594,16.6702,21.470985908565353,0.03187149301327525,21.530053850645963,0.00031298422769659377,21.459899216430138,0.031506859012939176,26.98286411259162,0.30960700936865543
2009 BO104,477084,MBO,MBO,21163645736137807,745301780479869018,23.246944,2.5654926,2.3790355,151.19355374732305,2.1753894606076565,2025052400168,127,60819.99642804626,i,151.1935654694823,2.175388941225236,30.944459915161133,9422.68,300.274,False,8397.83,0.782208,9588.28,301.044,False,101.841,13.6799,21.464563929854915,0.03459932308493188,21.589582292832734,0.0001011298829565025,21.44564819915637,0.03408894688055523,26.380193325803027,0.14584266054809947
2009 BO104,477084,MBO,MBO,21163645736137807,745301780615659571,23.246952,2.565492,2.3790412,151.19366319400612,2.175339449412668,2025052400169,130,60819.99694684725,i,151.19365826093645,2.175332982671668,36.4677848815918,9626.02,262.765,False,8686.33,0.376621,9747.07,262.605,False,91.3927,28.0739,21.441383153679297,0.02963774266418527,21.55290917897701,4.7075238920550064e-05,21.427814752628315,0.029251842742235554,26.497721228157232,0.3335151474406387
2009 BO104,477084,MBO,MBO,21163645736137807,745301780747780160,23.246958,2.5654914,2.3790472,151.19377370146907,2.1752889547456777,2025052400170,126,60819.997469902744,i,151.19376750297874,2.1752833919341703,35.674068450927734,9045.18,249.031,False,8095.21,0.590756,9060.78,246.099,False,41.5397,34.3256,21.508957003045634,0.029892383403119352,21.629429706778044,7.923267950840566e-05,21.507086003088055,0.029489578726216173,27.353841622314,0.8971790049504952
2009 BO104,477084,MBO,MBO,21163645736137807,745301780884095016,23.246965,2.5654907,2.379053,151.19388336803215,2.175238845567033,2025052400171,130,60819.99798851295,i,151.1938760211161,2.175236689982024,33.63395690917969,8857.71,255.381,False,8609.01,1.18128,8911.31,254.697,False,-8.5195,25.5607,21.531696361162986,0.0313033950481161,21.56261699885045,0.00014897863020504377,21.525146172744925,0.031031775826067268,nan,nan
2009 BO104,477084,MBO,MBO,21163645736137807,745301781016215631,23.246973,2.56549,2.379059,151.19399409553304,2.175188252901194,2025052400172,126,60819.998512696766,i,151.19398663088432,2.1751856384147246,35.7680549621582,8919.16,246.927,False,8163.14,0.891708,8853.26,245.039,False,-52.2503,31.0136,21.52419009407034,0.030058613283788026,21.62035686974579,0.00011860137903535802,21.532241982136348,0.030050819981715444,nan,nan
2009 BO104,477084,MBO,MBO,21163645736137807,745301781159346229,23.24702,2.565486,2.3790965,151.19468856829508,2.174870970524914,2025052400173,143,60820.00179829667,z,151.19467583989845,2.1748682121211034,15.42890453338623,9127.92,590.125,False,8749.56,5.77217,8838.35,589.957,False,-312.393,26.1711,21.499070446463747,0.07019343764151673,21.545034519157653,0.0007162707986864353,21.534072058750507,0.07247253957144206,nan,nan
2009 BO104,477084,MBO,MBO,21163645736137807,745301781293563952,23.247028,2.5654855,2.3791025,151.1947993284721,2.174820372701556,2025052400174,143,60820.00232259649,z,151.19479825080614,2.1748168074158496,16.791202545166016,9486.78,555.029,False,8762.55,2.05372,9322.98,552.453,False,-300.817,36.3098,21.45720289536465,0.06352155880172881,21.543423751424985,0.00025446909921432323,21.476113064016964,0.06433760412978025,nan,nan
2009 BO104,477084,MBO,MBO,21163645736137807,745301781427257380,23.247036,2.5654848,2.3791084,151.19491009337847,2.1747697741196688,2025052400175,142,60820.002846007206,z,151.1949234179731,2.17477455024316,17.16143035888672,9698.66,556.253,False,9160.29,6.99749,9502.03,553.387,False,-178.758,28.4928,21.433220645504086,0.062270870543224756,21.495226938000076,0.0008293872929966246,21.45545897563451,0.06323199461899986,nan,nan
2009 BO104,477084,MBO,MBO,21163645736137807,745301781561999408,23.247044,2.565484,2.3791144,151.19501980590516,2.1747196576716084,2025052400176,143,60820.00336581418,z,151.19500212440911,2.174727033805085,15.720471382141113,8954.1,569.733,False,8216.87,1.47215,9080.84,566.566,False,-39.1057,31.1659,21.51994519660321,0.06908340769621026,21.613233944496866,0.00019452254890918506,21.504684959468417,0.06774056214769097,nan,nan
2009 BO104,477084,MBO,MBO,21163645736137807,745301781711421461,23.247051,2.5654836,2.3791203,151.19513036866078,2.174669154259827,2025052400177,172,60820.003888935134,z,151.19512886100756,2.1746857842392364,18.039703369140625,8904.29,486.902,False,7995.79,1.21415,9059.15,483.126,False,76.8471,110.711,21.526001755467938,0.05936993696267652,21.642846546287807,0.00016486758086203248,21.50728132643853,0.057902493581507265,26.685931302191825,1.5641831697344888
2009 BO104,477084,MBO,MBO,21163645736137807,745301781829910562,23.247059,2.5654829,2.3791263,151.1952411474853,2.174618553593104,2025052400178,142,60820.00441263528,z,151.19524670314817,2.1746176159492965,15.981698036193848,8816.18,539.613,False,8045.49,1.53833,8910.46,536.674,False,59.2037,29.5219,21.536798917007026,0.06645478715817764,21.636118719932487,0.00020759711125155827,21.52524969239346,0.06539352701208753,26.969127858107694,0.5414018938610674
2009 BO104,477084,MBO,MBO,21163645736137807,745301781979332622,23.247066,2.5654821,2.3791323,151.19535150830646,2.174568145308131,2025052400179,171,60820.00493446327,z,151.19533704718305,2.174563296244924,16.446500778198242,8695.85,526.593,False,8040.98,4.56744,8750.2,521.344,False,13.5222,30.3729,21.55171994943853,0.06574873417095553,21.636727547850803,0.0006167202279934224,21.544955026665665,0.06468903990047183,28.572381641956774,2.4387272843153784
2009 BO104,477084,MBO,MBO,21163645736137807,745301782113550366,23.247074,2.5654817,2.3791382,151.19546187377165,2.1745177363620463,2025052400180,171,60820.005456584026,z,151.19546936237347,2.174521277583918,15.898770332336426,8826.67,552.092,False,8754.56,8.83816,8900.81,545.525,False,-9.6948,27.946,21.53550778446872,0.06791080399821528,21.544414244452273,0.001096104234817045,21.526426226104157,0.06654408960544866,nan,nan
2009 BO104,477084,MBO,MBO,21163645736137807,745301782232563786,23.247082,2.565481,2.3791442,151.1955722441063,2.1744673266659573,2025052400181,142,60820.00597883633,z,151.19557853196392,2.174473266138371,14.844752311706543,8204.04,539.739,False,7517.52,7.9116,8293.08,533.768,False,29.3253,34.5401,21.614930571910605,0.07142995225203255,21.709813516695025,0.0011426521855403026,21.603210352605963,0.0698813037994872,27.731893832790004,1.2788082957347293
2009 BO104,477084,MBO,MBO,21163645736137807,745301782381985798,23.24709,2.5654802,2.3791502,151.19568304204827,2.1744167231642875,2025052400182,171,60820.00650210535,z,151.19567966533288,2.1744259084467665,13.86904239654541,8015.2,572.005,False,7509.73,0.792849,8013.15,566.538,False,-1.50518,30.5144,21.640214064549163,0.07748359716171836,21.710939195472484,0.00011462793883132002,21.640491832043026,0.07676267791130735,nan,nan
2009 BO104,477084,MBO,MBO,21163645736137807,745301782516203533,23.247097,2.5654798,2.379156,151.19579363344437,2.174366215504543,2025052400183,171,60820.00702511784,z,151.19581143228694,2.174371550167332,12.646784782409668,8086.68,633.805,False,8142.16,1.86929,8098.58,632.287,False,-153.486,23.9026,21.630574331706583,0.08509611018938008,21.623150898255727,0.00024926503347890637,21.628977797955123,0.0847675601514929,nan,nan
2009 BO104,477084,MBO,MBO,21163645736137807,745301782650421274,23.247105,2.565479,2.379162,151.19590359535272,2.174315996843139,2025052400184,171,60820.00754595589,z,151.19591314703348,2.174321825004917,17.340381622314453,8811.2,499.455,False,8181.66,0.182487,8674.76,495.036,False,-152.418,41.8294,21.537412328090127,0.06154398374207654,21.617896409665175,2.42166913230602e-05,21.554356358751388,0.061958893853368044,nan,nan
2009 BO104,477084,MBO,MBO,21163645736137807,745301782897885268,23.247118,2.5654778,2.379174,151.1961237450913,2.174215460916149,2025052400186,131,60820.0085868014,z,151.19612230476903,2.1741924850269565,15.93725299835205,8353.51,517.455,False,7861.5,2.76323,8203.87,507.389,False,-186.533,90.9484,21.595327538361673,0.06725552039216957,21.661236453104312,0.00038162423783836175,21.614953059884993,0.06715008984102785,nan,nan
2009 BO104,477084,MBO,MBO,21163645736137807,745301783031578696,23.247126,2.5654771,2.37918,151.1962341445464,2.174165047046883,2025052400187,130,60820.009108688195,z,151.19622610326613,2.174161858761877,14.819801330566406,8580.63,573.438,False,8177.82,12.8209,8648.59,572.525,False,-211.272,26.0379,21.566202076243915,0.0725590537715337,21.61840615540357,0.001702179256456348,21.557636746656808,0.07187427758359866,nan,nan
2009 BO104,477084,MBO,MBO,21163645736137807,745301783165796410,23.247133,2.5654764,2.379186,151.1963445490742,2.174114632430922,2025052400188,130,60820.00963091398,z,151.1963431774991,2.1741131923067023,18.504392623901367,9224.59,493.394,False,8327.72,8.29217,9049.87,488.123,False,-184.605,93.6252,21.48763233732771,0.05807258117737064,21.59868474910631,0.001081101311614495,21.5083941342504,0.05856137063165521,nan,nan
2009 BO104,477084,MBO,MBO,21163645736137807,745301783300014149,23.24714,2.565476,2.3791919,151.19645580458203,2.174063830828984,2025052400189,130,60820.01015619562,z,151.19643422173198,2.174064077722856,19.863540649414062,10347.2,517.861,False,9522.09,0.853387,10377.3,513.301,False,-113.029,80.6462,21.36294287049817,0.05433938176858347,21.453169312861398,9.730565199385587e-05,21.35978909032245,0.05370467440425425,nan,nan
2009 BO104,477084,MBO,MBO,21163645736137807,745301783436328973,23.247149,2.5654752,2.3791978,151.1965662191835,2.174013414805616,2025052400190,134,60820.010678378465,z,151.19654860185946,2.1740066012425387,15.967724800109863,7730.71,471.026,False,7337.8,12.7751,7690.53,465.3,False,36.5391,87.2713,21.6794515504697,0.06615304224667529,21.736085352908866,0.0018902652963925157,21.685109353732834,0.06569027842469734,27.493105365834715,2.5932113748545347
2009 BO104,477084,MBO,MBO,21163645736137807,745301783569498115,23.247156,2.5654745,2.3792038,151.19667706182378,2.1739628049570365,2025052400191,132,60820.01120266389,z,151.19667203170187,2.173949381555989,19.10146141052246,8062.21,424.523,False,7779.88,4.10224,8309.47,417.223,False,160.42,109.862,21.633864739691724,0.057170428979001105,21.672567770583107,0.000572496060175395,21.601066725189494,0.05451540503990877,25.886853732382583,0.7435553656556758
2009 BO104,477084,MBO,MBO,21163645736137807,745301783703715861,23.247164,2.565474,2.3792098,151.19678812119028,2.1739120977943145,2025052400192,132,60820.011727967314,z,151.19681613751203,2.1738975252327175,15.729089736938477,8350.81,529.999,False,7589.94,5.72159,8374.72,525.671,False,9.72773,34.1667,21.595678549351977,0.06890818469603927,21.69940415157192,0.0008184699095729691,21.592574296024537,0.06815034740174546,28.92997125275027,3.813430500565725
2009 BO104,477084,MBO,MBO,21163645736137807,745301783835312229,23.247171,2.5654733,2.3792157,151.19689791638623,2.173861969451392,2025052400193,127,60820.012246618,z,151.1968936740908,2.173885434185779,15.004361152648926,7232.78,482.287,False,7128.46,8.45881,7262.06,477.161,False,-44.8233,83.4115,21.751736893923667,0.0723976754103694,21.76751071348707,0.0012883618841179353,21.747350409279377,0.07133939690414742,nan,nan
2009 BO104,477084,MBO,MBO,21163645736137807,745301783971102763,23.247179,2.5654726,2.3792217,151.19700877455855,2.17381135744966,2025052400194,130,60820.0127708697,z,151.19700335375336,2.1738195664828104,19.895540237426758,8884.23,442.649,False,7903.38,0.855724,8918.81,435.543,False,11.8531,110.709,21.52845045950293,0.05409585362250243,21.655467857044826,0.00011755609840108544,21.524232772004112,0.05302106736394686,28.715420145237278,10.14087208324518
2009 BO104,477084,MBO,MBO,21163645736137807,745301784104796162,23.247187,2.5654721,2.3792276,151.19711942631878,2.173760841357823,2025052400195,129,60820.01329302211,z,151.19711565852975,2.173759281339167,18.65522003173828,8355.84,438.021,False,7435.45,4.31728,8230.59,423.923,False,14.8589,108.293,21.595024731818533,0.05691531465372978,21.72173182763285,0.0006304160311508311,21.61142260009006,0.055921697274882484,28.470033345066966,7.912943049030701
2009 BO104,477084,MBO,MBO,21163645736137807,745301784237441047,23.247192,2.5654714,2.3792336,151.197229448491,2.1737106143634053,2025052400196,126,60820.01381386521,z,151.19721994128003,2.173711522829573,20.4089412689209,8628.42,413.325,False,7969.54,0.299174,8699.45,408.834,False,-0.760672,116.38,21.56017181779156,0.052009746181633607,21.646416857821343,4.0758193497466454e-05,21.551270484742847,0.051024591409773695,nan,nan
2009 BO104,477084,MBO,MBO,21163645736137807,745301784505876483,23.247208,2.5654702,2.3792455,151.19745098974528,2.17360948211684,2025052400198,126,60820.01486095751,z,151.19744827833836,2.1736011900026235,19.105823516845703,8181.23,424.731,False,7851.34,1.82293,8291.73,412.112,False,91.3183,121.186,21.617953497064324,0.056366317969955816,21.662640559699142,0.0002520870470065731,21.60338705884687,0.05396279099658085,26.498605474790395,1.4408505946203545
2009 BO104,477084,MBO,MBO,21163645736137807,745301784640094249,23.247215,2.5654695,2.3792515,151.19756229745795,2.173558673420022,2025052400199,126,60820.015386180174,z,151.1975657390812,2.173558197269192,19.82619857788086,8257.57,407.629,False,7812.05,5.25886,8439.62,398.657,False,-12.5491,126.122,21.607869299101736,0.05359658401621399,21.66808749147121,0.000730888174202611,21.58419275331804,0.05128623637308178,nan,nan
2009 BO104,477084,MBO,MBO,21163645736137807,745301784750194748,23.247223,2.5654688,2.3792574,151.1976731872149,2.173508057256556,2025052400200,80,60820.0159104199,z,151.19766495046937,2.173512965135051,18.702335357666016,8205.8,432.979,False,7554.24,1.4887,8149.79,422.932,False,-94.3829,125.63,21.61469770659608,0.05728886782889653,21.704523020440398,0.00021396400867240673,21.622133949331392,0.05634410086294844,nan,nan
2009 BO104,477084,MBO,MBO,21163645736137807,745301784908529685,23.24723,2.5654683,2.3792634,151.19778387076994,2.173457536969101,2025052400201,126,60820.016433712604,z,151.19778272554888,2.1734728512966655,19.748821258544922,8593.95,434.16,False,8017.8,0.500765,8529.64,425.043,False,-158.173,141.977,21.5645179188003,0.054850589533435544,21.639861979469465,6.78114609533806e-05,21.572673290193997,0.05410364234652393,nan,nan
2009 BO104,477084,MBO,MBO,21163645736137807,745301785022300178,23.247238,2.5654676,2.3792694,151.19789540631723,2.17340662958542,2025052400202,87,60820.01696019084,z,151.1978942932595,2.173403046034814,19.490840911865234,8994.31,445.551,False,8606.25,2.75775,8829.67,436.01,False,-185.876,148.783,21.515080421905523,0.053784100093284104,21.5629651059975,0.000347908677524767,21.535138828198683,0.05361376556859543,nan,nan
2009 BO104,477084,MBO,MBO,21163645736137807,745301785185353782,23.247248,2.5654666,2.3792782,151.19805584094718,2.1733334067100274,2025052400203,142,60820.01771853029,z,151.19805808047215,2.173340282253077,17.430095672607422,8286.23,468.762,False,7876.17,2.08223,8227.66,454.257,False,-148.615,153.188,21.604107479092495,0.06142139897958383,21.659212307218297,0.0002870370521412561,21.611809137883682,0.059944534574846456,nan,nan
2009 BO104,477084,MBO,MBO,21163645736137807,745301785319571490,23.247255,2.565466,2.3792841,151.19816675490046,2.1732827874353244,2025052400204,142,60820.01824204062,z,151.19816417737246,2.173271920329128,18.213186264038086,8372.58,450.253,False,8101.74,3.95142,8271.57,442.206,False,-129.933,134.964,21.592851725080422,0.05838773338286076,21.628554214219662,0.0005295405313832251,21.606030085455206,0.05804448721711729,nan,nan
2009 BO104,477084,MBO,MBO,21163645736137807,745301785453789228,23.247263,2.5654655,2.37929,151.19827809783743,2.17323197420933,2025052400205,142,60820.01876831184,z,151.198269173959,2.1732383468469214,19.150712966918945,8897.15,456.651,False,8263.34,4.68104,8956.98,450.418,False,-64.7685,144.957,21.526872670969873,0.055725991236668874,21.607110964463025,0.0006150508745772252,21.51959593197622,0.054598213179734435,nan,nan
2009 BO104,477084,MBO,MBO,21163645736137807,745301785588006967,23.24727,2.5654647,2.379296,151.19838902286952,2.1731813535374904,2025052400206,142,60820.0192924014,z,151.19839517220382,2.1731768749834717,19.420772552490234,8088.79,415.246,False,7832.89,3.99397,8254.47,406.783,False,129.654,144.342,21.630291093576986,0.05573733726421446,21.66519491195684,0.0005536140127379758,21.608277052285466,0.053505438121697675,26.118035142032923,1.2087349537067928
2009 BO104,477084,MBO,MBO,21163645736137807,745301785856442441,23.247328,2.56546,2.3793416,151.1992351177346,2.172795299588585,2025052400208,142,60820.023288582335,r,151.19922598075667,2.172796317300356,39.935787200927734,7483.17,187.223,False,6784.48,0.157532,7449.27,186.84,False,-58.2967,42.6322,21.714785982627696,0.027164263193976967,21.821208586763696,2.521021557436472e-05,21.719715708069618,0.02723205736790961,nan,nan
2009 BO104,477084,MBO,MBO,21163645736137807,745301785990660143,23.247334,2.5654593,2.3793476,151.19934609175127,2.1727446729294053,2025052400209,142,60820.02381293694,r,151.19933915367048,2.1727355714753536,35.488555908203125,7007.46,194.559,False,6465.94,0.472151,7050.86,194.627,False,-31.8535,9.66697,21.786098437555857,0.03014498230004519,21.873420834076462,7.928181388157483e-05,21.779394792235372,0.02996990200175334,nan,nan
2009 BO104,477084,MBO,MBO,21163645736137807,745301786124877868,23.247341,2.5654585,2.3793535,151.19945622447713,2.172694432008068,2025052400210,142,60820.024332603716,r,151.19944628290855,2.1726905246404398,35.24716567993164,7231.08,203.04,False,6727.62,0.0333919,7334.37,203.699,False,11.1113,11.1706,21.751992072484192,0.030486161035816306,21.830346348638866,5.388948028521977e-06,21.736592944625347,0.030154380158872323,28.78558777046582,1.0915306282455253
2009 BO104,477084,MBO,MBO,21163645736137807,745301786259095608,23.247349,2.5654578,2.3793595,151.19956699824303,2.172643900614673,2025052400211,142,60820.02485572451,r,151.1995602233602,2.1726445629948796,37.611148834228516,7573.31,200.754,False,6735.25,0.995474,7628.36,200.285,False,34.695,10.9641,21.701785655944605,0.028780794920317265,21.82911569858841,0.00016047246085323767,21.693922068905515,0.028506347844545737,27.549332779984336,0.3431076610862489
2009 BO104,477084,MBO,MBO,21163645736137807,745301786408517658,23.247356,2.5654573,2.3793654,151.19967714253417,2.1725936583300465,2025052400212,171,60820.025375670215,r,151.19967278149682,2.172592491902012,33.62799835205078,7681.23,224.384,False,7222.12,1.43962,7754.87,225.367,False,19.0214,7.45267,21.686423079165998,0.03171651364478172,21.75333823182577,0.0002164250316085406,21.676063678978338,0.03155296121423239,28.20189377816555,0.4253963196545883
2009 BO104,477084,MBO,MBO,21163645736137807,745301786527006753,23.247364,2.5654566,2.3793714,151.1997883517548,2.172542932276486,2025052400213,141,60820.02590084262,r,151.199782235294,2.172543873724036,30.863096237182617,6945.73,221.268,False,6138.06,0.65895,7059.02,223.146,False,9.62305,8.47035,21.795705260406443,0.03458796772427937,21.92992216619082,0.0001165589508778822,21.7781389660854,0.03432171692890153,28.941718173952697,0.9556810161556909
2009 BO104,477084,MBO,MBO,21163645736137807,745301786807500815,23.247377,2.5654554,2.3793833,151.2000097287295,2.17244196124417,2025052400215,164,60820.026945783255,r,151.2000038714931,2.1724323857634253,28.799911499023438,7967.83,275.244,False,7657.31,0.491613,8046.63,277.993,False,-23.29,6.45938,21.64664984061487,0.037506116473837635,21.689809417915523,6.970620615214359e-05,21.6359649356502,0.03750975024617751,nan,nan
2009 BO104,477084,MBO,MBO,21163645736137807,745301786929659951,23.247385,2.5654547,2.3793893,151.2001198965244,2.1723917162342388,2025052400216,141,60820.02746558065,r,151.20011068944552,2.172381626865476,38.18650817871094,7640.92,197.233,False,7088.6,1.50277,7675.63,196.852,False,-13.7386,24.7553,21.692135879430086,0.028025815336122244,21.773598809042348,0.00023017404232978048,21.68721493754059,0.0278451869196584,nan,nan
2009 BO104,477084,MBO,MBO,21163645736137807,745301787060207694,23.247393,2.565454,2.3793955,151.20023134141442,2.172340890827216,2025052400217,134,60820.027991999144,r,151.2002299241322,2.172329471389058,36.897125244140625,7984.45,215.586,False,7364.28,0.392294,8066.75,215.892,False,-8.12208,7.68809,21.644387459415732,0.02931567210300459,21.73217430013446,5.783699151947022e-05,21.633253505622903,0.029057769096865017,nan,nan
2009 BO104,477084,MBO,MBO,21163645736137807,745301787194425416,23.2474,2.5654535,2.3794014,151.20034194491822,2.1722904511993306,2025052400218,134,60820.0285134994,r,151.20033758733942,2.1722826281527468,36.73557662963867,7941.24,215.402,False,7347.53,1.06484,8083.51,217.133,False,-5.64558,8.9523,21.650279164309232,0.029450027357859367,21.734646611810444,0.00015735020200287155,21.631000081700513,0.029164207307445195,nan,nan
2009 BO104,477084,MBO,MBO,21163645736137807,745301787344371725,23.247408,2.5654528,2.3794074,151.20045319009668,2.172239721023089,2025052400219,164,60820.0290386908,r,151.2004474212287,2.172238250688968,34.06968307495117,8058.62,233.187,False,7482.37,0.299058,8034.45,233.13,False,-11.959,7.48319,21.634348290895268,0.03141723531493954,21.71490203282094,4.33950850224205e-05,21.637609592619228,0.03150404577333546,nan,nan
2009 BO104,477084,MBO,MBO,21163645736137807,745301787478589447,23.247414,2.565452,2.3794134,151.20056465325328,2.172188893549741,2025052400220,164,60820.029564888915,r,151.20056516843866,2.1721845906338397,34.69361877441406,7847.07,225.373,False,7131.29,0.364863,7792.65,224.793,False,-16.9402,7.88903,21.66323120741601,0.031183057160083454,21.767079749645074,5.555025467702251e-05,21.670787086797024,0.03132001320982878,nan,nan
2009 BO104,477084,MBO,MBO,21163645736137807,745301787594981416,23.247421,2.5654516,2.3794193,151.2006756987202,2.172138258652838,2025052400221,130,60820.030088322615,r,151.2006719057721,2.1721357014613774,37.224491119384766,8151.63,217.811,False,7792.68,0.608527,8181.1,217.743,False,-21.9029,7.78532,21.621888868229433,0.02901079869064836,21.670782868860414,8.478466787968274e-05,21.61797073403134,0.02889726949945967,nan,nan
2009 BO104,477084,MBO,MBO,21163645736137807,745301787729199141,23.247429,2.565451,2.3794253,151.2007869623181,2.1720875264156523,2025052400222,130,60820.030613783456,r,151.20078282894795,2.1720836816179485,34.848350524902344,8771.59,248.892,False,8011.93,0.885705,8777.07,251.651,False,-47.1792,6.87705,21.542304209916928,0.03080753414521556,21.640657110629455,0.00012002625557655474,21.54162605631644,0.031129590284215608,nan,nan
2009 BO104,477084,MBO,MBO,21163645736137807,745301787863416858,23.247437,2.5654502,2.3794312,151.2008973843109,2.172037180035005,2025052400223,130,60820.031134837554,r,151.2008924712898,2.1720367081788314,42.15462112426758,8429.09,198.837,False,7679.15,0.408013,8426.59,198.383,False,-49.4101,26.5785,21.58554829273139,0.02561184420192525,21.686717136495318,5.768795722757491e-05,21.585870361088418,0.025560945142830964,nan,nan
2009 BO104,477084,MBO,MBO,21163645736137807,745306225933025323,23.254303,2.564307,2.3900473,151.40657953093543,2.080716612042724,2025052500521,180,60820.97064975185,g,151.40657760132723,2.080720031929809,59.03363037109375,9288.69,156.588,False,8535.82,0.0555005,9614.16,154.467,False,265.467,5.62386,21.480113777246917,0.018303253761588267,21.571886839544455,7.059532642676745e-06,21.442721618770904,0.017444103951444804,25.33997360217038,0.023001081276742125
2009 BO104,477084,MBO,MBO,21163645736137807,745306226067243040,23.254309,2.5643063,2.390053,151.40669176596705,2.080665494349119,2025052500522,180,60820.97117170756,g,151.40668429782482,2.0806598767171276,56.21576690673828,8757.18,156.21,False,8549.42,0.0155918,9215.49,155.683,False,257.476,6.34564,21.544089347413717,0.01936729242599044,21.570158377879892,1.9800854494400674e-06,21.48870389190965,0.01834201586769148,25.37315806051072,0.026758575306936358
2009 BO104,477084,MBO,MBO,21163645736137807,745306226197790758,23.254314,2.5643055,2.390059,151.4068044340247,2.0806141800399875,2025052500523,173,60820.97169588203,g,151.40680195819854,2.0806124345884625,51.6321907043457,8939.96,173.453,False,8699.14,0.389941,9179.61,172.619,False,189.146,5.31242,21.521661065645226,0.02106544167173549,21.551309243284607,4.866838400346842e-05,21.4929393824429,0.020416847156885964,25.70800711891507,0.03049436271474208
2009 BO104,477084,MBO,MBO,21163645736137807,745306226335678503,23.25432,2.564305,2.390065,151.40691731999746,2.0805627671063496,2025052500524,180,60820.972220035575,g,151.40691240510628,2.0805561417649097,58.21623992919922,9127.91,156.324,False,8720.23,0.0172685,9247.63,153.711,False,75.5436,5.95477,21.499071608053505,0.018594248752866437,21.54868009214573,2.1500618617396237e-06,21.484923900776852,0.018046742602590673,26.70450577861715,0.08558381259927887
2009 BO104,477084,MBO,MBO,21163645736137807,745306226467799062,23.254326,2.5643044,2.390071,151.40702977889015,2.0805115493185977,2025052500525,176,60820.97274321155,g,151.40702819281898,2.0805063458278283,54.650245666503906,9190.28,167.198,False,8543.38,0.0256066,9302.12,165.38,False,51.2435,5.04905,21.49167810963285,0.019752707691326074,21.570925705577658,3.2542171480706557e-06,21.478545141986295,0.019303025179450758,27.12590304271486,0.10697817776960422
2009 BO104,477084,MBO,MBO,21163645736137807,745306226600443948,23.254332,2.5643036,2.3900769,151.40714138062643,2.080460722551964,2025052500526,173,60820.97326288884,g,151.40714053632877,2.080457029588685,54.472469329833984,9563.06,174.484,False,9232.22,0.628314,9720.19,174.144,False,24.1788,5.8468,21.448507847258856,0.019809935045757586,21.486734669673076,7.389157729942344e-05,21.430813066657475,0.019451722058406905,27.941413116541085,0.262547443487182
2009 BO104,477084,MBO,MBO,21163645736137807,745306226735710230,23.254337,2.5643032,2.3900828,151.40725384550825,2.080409503343779,2025052500527,175,60820.97378587482,g,151.40725331774138,2.080401464198728,57.09275436401367,9138.22,159.51,False,8775.8,0.363788,9258.68,157.507,False,20.608,5.6349,21.49784600908928,0.01895180694259679,21.541783231333817,4.50076141983657e-05,21.483627351144975,0.01847035023172245,28.11491039625156,0.29687573273194573
2009 BO104,477084,MBO,MBO,21163645736137807,745306227002572870,23.254349,2.5643017,2.3900945,151.40747792424236,2.080307454540644,2025052500529,172,60820.97482747467,g,151.40747755981297,2.080301718815799,55.83256530761719,9350.3,167.83,False,8920.29,0.370539,9378.38,165.991,False,10.633,5.283,21.472936159601055,0.019488049906298082,21.524052561280385,4.510028443075346e-05,21.469680449021762,0.01921679839163904,28.833360427134537,0.5394473958230503
2009 BO104,477084,MBO,MBO,21163645736137807,745306227138363400,23.254354,2.5643013,2.3901005,151.40759039824937,2.080256233247134,2025052500530,175,60820.97535075101,g,151.40758278219937,2.0802507170693096,63.74566650390625,9558.01,149.962,False,8899.38,0.0240688,9586.59,147.405,False,9.14209,6.13256,21.449081325217364,0.0170348412302501,21.526600635875205,2.9364257627485806e-06,21.44583963312248,0.016694460339444987,28.997386287508117,0.7283172984272287
2009 BO104,477084,MBO,MBO,21163645736137807,745306227272056855,23.25436,2.5643005,2.3901064,151.4077022303527,2.0802053049942564,2025052500531,174,60820.97587058709,g,151.40769543964134,2.08020544935883,62.1026725769043,9391.51,149.672,False,8910.88,0.388641,9495.15,148.844,False,12.1731,6.20877,21.4681614639104,0.01730332077729319,21.5251985262761,4.7353528459477735e-05,21.456245380555607,0.01701977395311651,28.686496983724417,0.5537690395954951
2009 BO104,477084,MBO,MBO,21163645736137807,745306227406274601,23.254366,2.5642998,2.3901124,151.40781600119604,2.080153494586176,2025052500532,174,60820.97639929077,g,151.40781494732377,2.0801432073776236,62.34204864501953,9133.98,146.07,False,8726.22,0.133753,9258.1,145.627,False,11.2853,7.22661,21.49834980345687,0.017363021075399037,21.547934639147634,1.6641854202658025e-05,21.48369537721063,0.017078289472860903,28.76871720416436,0.695257736787436
2009 BO104,477084,MBO,MBO,21163645736137807,745306227540492319,23.254372,2.5642993,2.3901184,151.40792826971958,2.0801023690747424,2025052500533,174,60820.97692103904,g,151.4079240473849,2.0800954676340178,61.29941177368164,9064.39,147.369,False,8612.44,0.0571127,9119.89,145.91,False,8.86259,6.98238,21.506653584613332,0.017651917949606032,21.56218442247784,7.199971714290774e-06,21.500026041614433,0.017370799397719166,29.031098373842724,0.85539586141976
2009 BO104,477084,MBO,MBO,21163645736137807,745306227669467151,23.254377,2.5642986,2.3901243,151.4080411867723,2.080050948999417,2025052500534,164,60820.977446518904,g,151.40803704675872,2.0800452911725262,64.8791275024414,9225.52,141.837,False,8800.68,0.106109,9311.56,141.28,False,3.35182,8.04466,21.487522918423117,0.016692563670728727,21.53870946362127,1.309062343450611e-05,21.47744393501792,0.016473374682788935,30.086798282496897,2.6058613586538075
2009 BO104,477084,MBO,MBO,21163645736137807,745306227803684886,23.254383,2.564298,2.3901303,151.40815346189484,2.079999822022849,2025052500535,164,60820.97796848843,g,151.40814850980178,2.0799962970339263,62.033607482910156,9389.31,149.284,False,8827.74,0.624457,9359.53,146.936,False,10.097,7.55928,21.46841585448586,0.017262508884847177,21.535376137245983,7.680284614687743e-05,21.47186486660908,0.017045058390534176,28.889519096224422,0.8128536981654463
2009 BO104,477084,MBO,MBO,21163645736137807,745306227937378310,23.254389,2.5642974,2.3901362,151.4082646647667,2.079949184097004,2025052500536,163,60820.9784858992,g,151.4082646713615,2.079945765149889,62.243831634521484,9381.4,150.492,False,8900.71,0.283688,9505.87,149.318,False,21.3509,6.6291,21.469330820756472,0.01741686857977464,21.526438376696646,3.460514311168988e-05,21.455020309884898,0.017054719789082906,28.076459500767687,0.3371030489820103
2009 BO104,477084,MBO,MBO,21163645736137807,745306228071596042,23.254395,2.5642967,2.3901422,151.40837737656742,2.0798978598615885,2025052500537,163,60820.979009012066,g,151.4083741404576,2.079889711815577,63.46787643432617,9376.44,146.225,False,8737.56,0.0450682,9522.43,145.461,False,29.7961,7.65504,21.469905002970844,0.01693198867503034,21.546524625835307,5.600210993155066e-06,21.453130563586285,0.016585291535122018,27.714601419638516,0.27894099140400336
2009 BO104,477084,MBO,MBO,21163645736137807,745306228206338070,23.2544,2.564296,2.390148,151.40848880118006,2.07984712256712,2025052500538,164,60820.97952775342,g,151.40848525892707,2.079840784424227,65.34516906738281,9748.46,148.648,False,9033.52,0.110616,9840.61,147.454,False,34.3134,7.57504,21.42765996929061,0.01655569295843761,21.510357530306585,1.3294906153527688e-05,21.41744491040156,0.016268923869334,27.561340609063837,0.23968755553260962
2009 BO104,477084,MBO,MBO,21163645736137807,745306228339507247,23.254404,2.5642955,2.390154,151.408602380185,2.079795405110844,2025052500539,162,60820.98005534505,g,151.4085991812662,2.0797861124976023,56.92986297607422,9470.11,165.77,False,8954.79,0.226011,9583.7,163.005,False,38.3112,5.71396,21.459112400750676,0.019005321862149666,21.51986148125026,2.740302305655524e-05,21.44616695169147,0.01846681675670618,27.441685634615446,0.16193315691956395
2009 BO104,477084,MBO,MBO,21163645736137807,745306228479492546,23.25444,2.5642915,2.390191,151.40930286254851,2.0794764647325152,2025052500540,173,60820.983311723336,u,151.40924834504472,2.0795131154008764,5.440911293029785,2632.28,505.187,False,3592.36,78.1308,2751.31,499.026,False,53.6034,16.5449,22.849169777852943,0.20837442167698605,22.51155033756518,0.02361384547416772,22.80115116020492,0.19692822140622343,27.077019132642345,0.3351167558051243
2009 BO104,477084,MBO,MBO,21163645736137807,745306229017935908,23.254467,2.5642884,2.390219,151.40983348024727,2.079234890343488,2025052500544,176,60820.985777339905,u,151.40977144990097,2.079279688339953,5.515918254852295,1899.57,368.303,False,2044.08,133.492,2089.96,356.02,False,157.52,19.9632,23.203361775373068,0.21051075903253852,23.123755300949234,0.07090578907520789,23.099655084854504,0.18495272584855732,25.906660712726104,0.13760010155819916
2009 BO104,477084,MBO,MBO,21163645736137807,745306229150056468,23.254473,2.5642877,2.390226,151.40996604001526,2.0791745432680253,2025052500545,172,60820.986393106185,u,151.4099468416832,2.079208715475065,6.470853328704834,2153.18,331.551,False,2047.47,20.7746,2257.85,318.112,False,156.318,16.2485,23.067299191519417,0.1671838537817682,23.121956147793785,0.011016393245396872,23.01576223742906,0.1529710565800623,25.91497757283258,0.11285703750761387
2009 BO104,477084,MBO,MBO,21163645736137807,745306229419540499,23.254486,2.5642862,2.39024,151.41023117537603,2.079053846185087,2025052500547,174,60820.987625629394,u,151.4102459977958,2.0790309011411163,6.138576507568359,2013.22,324.684,False,2152.0,40.0221,2233.65,318.913,False,160.971,16.2418,23.14027192536742,0.17510315251082512,23.067894332514122,0.020192119598811915,23.027462240758343,0.15501775090538727,25.883130941857814,0.10954961693312133
2009 BO104,477084,MBO,MBO,21163645736137807,745306229956411406,23.254513,2.5642834,2.3902678,151.4107595735522,2.078813322079449,2025052500551,174,60820.99008081766,u,151.410750027571,2.0787870651145988,8.405172348022461,2697.24,321.04,False,3256.99,4.59617,2954.02,309.064,False,263.008,22.1097,22.822701024860052,0.1292301618376912,22.617958940395198,0.00153215948816386,22.723966414450413,0.11359502208256536,25.35007762122283,0.09127213374628028
2009 BO104,477084,MBO,MBO,21163645736137807,745306230090629130,23.254519,2.5642824,2.390275,151.41089217108393,2.078752968188485,2025052500552,174,60820.99069647894,u,151.41097231293523,2.078806367030139,5.794128894805908,1863.24,317.339,False,nan,nan,1871.2,305.16,False,224.578,31.2854,23.224328008060127,0.1849179019473589,nan,nan,23.219699506329057,0.17706459644389042,25.521581961171492,0.1512511975408853
2009 BO104,477084,MBO,MBO,21163645736137807,745306230895411244,23.254587,2.5642748,2.3903477,151.41227079425008,2.0781255634072937,2025052500558,173,60820.99709920843,r,151.41225519392194,2.0781293421309464,42.409515380859375,16655.1,392.341,False,15995.1,0.154721,20381.0,394.597,False,3569.32,5.45597,20.84613191393568,0.02557648059830529,20.890032627513733,1.0502354018964269e-05,20.626936277537997,0.021020962305797558,22.518536265520112,0.0016596281201631362
2009 BO104,477084,MBO,MBO,21163645736137807,745306231029628954,23.254593,2.564274,2.3903537,151.4123832139431,2.078074410040958,2025052500559,173,60820.99762132482,r,151.41238546120962,2.0780625584001937,33.184757232666016,16581.1,498.433,False,16339.7,0.853353,19842.3,505.272,False,2952.41,5.6372,20.85096667927008,0.032637568171254065,20.866889790671173,5.6703382682082836e-05,20.656019928404767,0.027647605645353495,22.72455836321981,0.002073056311270093
2009 BO104,477084,MBO,MBO,21163645736137807,745306231163322394,23.254597,2.5642736,2.3903596,151.41249563795208,2.0780232560271035,2025052500560,172,60820.99814325482,r,151.41249654007223,2.0780194650321646,36.37947463989258,16745.1,455.953,False,16173.0,0.576251,20099.2,462.497,False,3050.54,5.27144,20.840280661714697,0.029563555577286196,20.878023533629253,3.8685249585777704e-05,20.6420531128923,0.024983569847714462,22.689058176039918,0.0018761901884795876
2009 BO104,477084,MBO,MBO,21163645736137807,745306231298064422,23.254602,2.5642729,2.3903656,151.41260828184383,2.077972003298165,2025052500561,173,60820.998666450614,r,151.41260942226953,2.07797185690962,54.77737045288086,17007.0,307.513,False,16002.0,1.03057,19541.2,310.26,False,2342.55,5.7854,20.823430720723415,0.019631798557295896,20.8895643348162,6.992420905763557e-05,20.672621969237007,0.01723847762464488,22.975777803984467,0.002681444585803551
2009 BO104,477084,MBO,MBO,21163645736137807,745306231433330730,23.254608,2.5642722,2.3903716,151.41272136101767,2.077920553873592,2025052500562,175,60820.99919193251,r,151.4127173972405,2.0779226248514946,60.356910705566406,16568.1,273.198,False,15524.9,0.393848,18845.1,273.293,False,1950.82,5.73464,20.851818257692372,0.01790313702478533,20.922427944052476,2.7543818262081946e-05,20.712003906654594,0.015745425068707682,23.174457031461955,0.003191635605823898
2009 BO104,477084,MBO,MBO,21163645736137807,745306231565975583,23.254614,2.5642717,2.3903775,151.41283422939503,2.077869201727932,2025052500563,172,60820.99971589072,r,151.4128221656596,2.0778686607874577,53.463558197021484,16499.9,306.776,False,15322.9,0.0656828,18506.6,309.074,False,1714.66,5.93446,20.856296694000456,0.02018665586614202,20.93664755405251,4.654092285269202e-06,20.731683427259675,0.018132603741312887,23.31455493674348,0.0037577467989874133
2009 BO104,477084,MBO,MBO,21163645736137807,745306231701241875,23.25462,2.564271,2.3903835,151.41294710224116,2.077817848930847,2025052500564,174,60821.000239021814,r,151.41294260832686,2.0778138766894596,54.81366729736328,16859.5,303.973,False,15450.7,0.14106,18697.6,304.669,False,1588.65,5.55387,20.832888273338227,0.01957557950245004,20.9276295860558,9.912427356049978e-06,20.720535361107462,0.017691584886301452,23.397429415581804,0.003795699405913769
2009 BO104,477084,MBO,MBO,21163645736137807,745306231831789611,23.254625,2.5642703,2.3903894,151.4130601951571,2.077766397410388,2025052500565,167,60821.000764293705,r,151.41304944808513,2.0777629299368083,58.980140686035156,16072.1,271.423,False,15053.0,0.131259,17623.2,272.025,False,1300.19,6.70276,20.884818461607104,0.01833573643597863,20.955942345921613,9.4673913742147e-06,20.78478812333297,0.016759010711193165,23.614982995234996,0.005597204847110987
2009 BO104,477084,MBO,MBO,21163645736137807,745306231968104507,23.254631,2.5642698,2.3903954,151.4131732927191,2.077714945191308,2025052500566,171,60821.00128955838,r,151.4131643953453,2.0777200661859045,46.19588851928711,15439.2,333.259,False,14772.9,0.0559534,16945.8,338.091,False,1109.79,6.35943,20.928438003485034,0.023435887882789462,20.97633557621173,4.112302172093224e-06,20.827344758913537,0.021661864650270948,23.78689794380284,0.006221594150091321
2009 BO104,477084,MBO,MBO,21163645736137807,745306232102322231,23.254637,2.564269,2.3904014,151.4132855332014,2.077663884301635,2025052500567,171,60821.00181050827,r,151.4132854089278,2.0776608213651,61.38998794555664,16283.7,265.323,False,15539.3,0.153566,17449.1,265.898,False,1007.65,5.92902,20.870617255402443,0.017690744823304225,20.921421385622104,1.0729709266523099e-05,20.795567445367837,0.016544985298307602,23.891725700623113,0.006388479569860539
2009 BO104,477084,MBO,MBO,21163645736137807,745306232368660513,23.254646,2.5642679,2.3904133,151.4135108899229,2.07756136842331,2025052500569,167,60821.002856651525,r,151.41349830633223,2.077555601299975,65.90303802490234,16487.1,247.522,False,15230.0,0.159529,17191.4,246.155,False,596.278,6.79064,20.857139345490438,0.01630023513458165,20.94325024165989,1.137271251308005e-05,20.811721861925562,0.015546109571307556,24.461378007160647,0.012364775123546034
2009 BO104,477084,MBO,MBO,21163645736137807,745306232502878214,23.254652,2.5642672,2.3904192,151.41362271349757,2.077510501490171,2025052500570,167,60821.003375144894,r,151.41362141559026,2.077509969856019,67.28201293945312,16616.8,246.249,False,15443.2,0.240326,17126.7,242.965,False,500.378,7.47066,20.84863146714259,0.016089826827560678,20.928156746536846,1.6896150945200365e-05,20.815815823352754,0.015402611422297601,24.65175450283181,0.016210078007937365
2009 BO104,477084,MBO,MBO,21163645736137807,745306232619270233,23.254658,2.5642664,2.3904252,151.41373561908063,2.0774591438385657,2025052500571,133,60821.00389933289,r,151.4137346737155,2.0774627919726387,71.59514617919922,15967.9,222.479,False,14873.1,0.0301795,16443.8,220.384,False,381.799,7.37219,20.89188046305271,0.015127443397715625,20.96899628364346,2.203103406931439e-06,20.85999448348255,0.014551312914107314,24.945413001653336,0.02096457391041572
2009 BO104,477084,MBO,MBO,21163645736137807,745306232753487928,23.254663,2.564266,2.3904312,151.41384831403437,2.0774078834841827,2025052500572,133,60821.00442242049,r,151.41384211705713,2.077406662305839,55.545745849609375,15779.2,283.661,False,14991.8,0.0570255,16132.3,283.281,False,289.112,8.82374,20.904787534433314,0.019518164763038436,20.960365564589917,4.129901036716656e-06,20.88075928901544,0.01906538112392718,25.247334706714256,0.03313682587203822
2009 BO104,477084,MBO,MBO,21163645736137807,745306232887181383,23.25467,2.5642653,2.3904371,151.41396122934657,2.077356524402224,2025052500573,132,60821.00494649089,r,151.41396029695466,2.077355990616488,64.59686279296875,15950.7,245.963,False,14933.9,0.900815,16200.7,244.358,False,256.44,7.50993,20.893050619403212,0.016742270124677276,20.964566874374597,6.549176334652751e-05,20.876165537040187,0.016376349551518603,25.377535569134142,0.0317961432064603
2009 BO104,477084,MBO,MBO,21163645736137807,745306233021399100,23.254675,2.5642645,2.390443,151.41407393386837,2.077305262712739,2025052500574,132,60821.00546957778,r,151.414068358307,2.0772970911338082,60.2869873046875,16450.6,271.427,False,15397.8,0.537825,16973.9,272.296,False,262.057,6.48843,20.859545669467842,0.01791412653442239,20.931353327932904,3.792334418544153e-05,20.8255458768973,0.017417423688084264,25.354010559284305,0.02688240804273192
2009 BO104,477084,MBO,MBO,21163645736137807,745306233156141128,23.254679,2.564264,2.390449,151.4141853503922,2.077254588347704,2025052500575,133,60821.00598691785,r,151.4141865151398,2.0772463007625914,55.4721794128418,15908.7,285.934,False,15186.1,0.55408,16188.6,285.539,False,199.533,6.55628,20.895913256267516,0.01951440921144296,20.94638438951019,3.9614169673465975e-05,20.876976795384245,0.019150515748213904,25.649963143427723,0.03567525443144119
2009 BO104,477084,MBO,MBO,21163645736137807,745306233286164540,23.254684,2.5642633,2.390455,151.41429849567598,2.077203129250544,2025052500576,125,60821.00651108364,r,151.4142930637246,2.0771895080175193,41.45728302001953,15386.2,368.92,False,14483.2,1.49669,15868.2,372.341,False,204.315,6.05713,20.9321715527546,0.02603305625520045,20.997838665511814,0.00011219968903564702,20.898680822616743,0.02547636801596942,25.62424935705688,0.032187774305645366
2009 BO104,477084,MBO,MBO,21163645736137807,745306233420382283,23.25469,2.5642626,2.390461,151.41441121496717,2.0771518654547205,2025052500577,125,60821.00703421028,r,151.41440353697305,2.0771604196573628,50.10551071166992,15608.2,311.554,False,14857.1,0.379452,16098.8,314.986,False,181.182,5.87282,20.916617932976386,0.021672290056834128,20.9701649122709,2.7729824426098134e-05,20.88301625054624,0.021243303856423156,25.754712335630792,0.035192971428915205
2009 BO104,477084,MBO,MBO,21163645736137807,745306233556697113,23.254696,2.5642622,2.390467,151.41452393921793,2.0771006009713378,2025052500578,129,60821.00755743646,r,151.41451430922274,2.0771007622322273,46.60710906982422,15900.8,341.047,False,14959.4,1.88685,16299.4,342.733,False,153.634,6.03915,20.896452575672704,0.023287323706453977,20.962714534270745,0.0001369454191900951,20.86957092945523,0.022830142189457888,25.933781636144946,0.04267885978881293
2009 BO104,477084,MBO,MBO,21163645736137807,745306233981894680,23.254738,2.5642571,2.390514,151.41541168456345,2.076696930464512,2025052500581,172,60821.011675497255,i,151.41539425112646,2.0766272659887255,7.284985542297363,15838.2,2182.96,False,16972.6,170.271,17481.1,2206.11,False,1864.46,7.48207,20.900735429602186,0.149645706829031,20.825629084609332,0.010892225665719457,20.793578131304418,0.1370196194080501,23.223617346566034,0.004357054816014681
2009 BO104,477084,MBO,MBO,21163645736137807,745306234116112399,23.254744,2.5642564,2.3905199,151.4155246696641,2.0766455618905724,2025052500582,172,60821.01219956014,i,151.41553671248982,2.0766319900010575,9.0562744140625,18966.5,2105.4,False,20301.4,31.5891,20192.0,2151.7,False,1309.98,7.5865,20.70503201159333,0.12052349666352988,20.631185008548954,0.0016894119991670087,20.637051656089895,0.11569822398789638,23.606838353300258,0.006287834945910657
2009 BO104,477084,MBO,MBO,21163645736137807,745306234250330134,23.25475,2.5642557,2.3905258,151.41563744444056,2.076594290643284,2025052500583,172,60821.012722662526,i,151.41564061625795,2.076556735056272,8.307966232299805,20477.1,2480.87,False,21869.3,50.8369,22480.5,2522.22,False,1848.46,6.98587,20.62182889278136,0.13154062620762066,20.55041275567742,0.002523878660818316,20.520485084089056,0.12181515262366811,23.232974880352597,0.004103314118567371
2009 BO104,477084,MBO,MBO,21163645736137807,745306234650361857,23.254765,2.5642538,2.3905437,151.41597666318316,2.0764400806576613,2025052500586,167,60821.01429518061,i,151.41594472106055,2.0765247670358,9.890674591064453,23535.0,2314.42,False,23433.3,4.34384,23793.6,2371.22,False,1059.68,6.45259,20.47071449339345,0.1067707457910843,20.475416332485725,0.00020126334452003745,20.458849627122934,0.10820218100263812,23.837063100711344,0.006611250764480019
2009 BO104,477084,MBO,MBO,21163645736137807,745306235572060179,23.254803,2.5642495,2.3905854,151.41676548680385,2.0760815407426896,2025052500593,133,60821.017952859016,i,151.41670207111187,2.076098119931595,5.887835502624512,18716.9,3178.08,False,20477.6,211.107,20093.8,3265.5,False,14.3211,6.96669,20.71941517728343,0.1843551298787264,20.621802382118954,0.011193035879134425,20.64234476960258,0.17644604001180478,28.510059038934287,0.5281708461733249
2009 BO104,477084,MBO,MBO,21163645736137807,745306235839971329,23.254812,2.564248,2.3905973,151.41699029796865,2.075979374824927,2025052500595,132,60821.01899406759,i,151.41702511945488,2.076017085623979,13.018293380737305,17073.2,1316.76,False,19495.3,8.21602,17501.5,1346.76,False,-83.1007,6.77367,20.819212730185267,0.08373673833842125,20.675175149891007,0.00045756821461011125,20.79231181916919,0.08354861593137451,nan,nan
2009 BO104,477084,MBO,MBO,21163645736137807,745306235974713368,23.254854,2.5642433,2.3906434,151.41786343422714,2.075582647617179,2025052500596,133,60821.02304002378,i,151.41787975054277,2.075572847320955,10.932820320129395,14568.0,1324.73,False,14866.5,30.5432,14397.7,1345.64,False,-236.183,7.36299,20.99150016803284,0.0987305945444434,20.969478162017577,0.0022306432279853698,21.004267185083336,0.10147523997969714,nan,nan
2009 BO104,477084,MBO,MBO,21163645736137807,745306236104736778,23.25486,2.5642426,2.3906496,151.4179799935497,2.0755296953254327,2025052500597,125,60821.023580709094,i,151.4179887530718,2.075558752624113,13.682238578796387,16344.4,1183.24,False,17559.3,21.3047,15920.0,1194.19,False,-205.544,7.39402,20.866577518210626,0.07860101720537885,20.7887319546868,0.0013173238122699076,20.895142341495873,0.08144316926776099,nan,nan
2009 BO104,477084,MBO,MBO,21163645736137807,745306236239478821,23.254864,2.564242,2.3906555,151.41809288937958,2.07547840935904,2025052500598,126,60821.02410394958,i,151.41809067550554,2.075451680966712,19.165122985839844,17687.1,912.66,False,16762.3,3.69431,17823.7,923.329,False,-169.519,7.68356,20.780858445837172,0.056024333970017985,20.839165926671583,0.00023928970828778037,20.7725053882951,0.05624487316765607,nan,nan
2009 BO104,477084,MBO,MBO,21163645736137807,745306236375269414,23.25487,2.5642414,2.3906615,151.41820643867914,2.0754268285542645,2025052500599,129,60821.02462903415,i,151.418200655227,2.07542856173927,25.91780662536621,17788.6,682.256,False,16236.7,4.96693,17963.1,691.74,False,-124.267,8.87968,20.774645599978435,0.041641840068038526,20.87375557083152,0.00033213495154188754,20.764046804597793,0.041810554303474544,nan,nan
2009 BO104,477084,MBO,MBO,21163645736137807,745306236638461955,23.25488,2.56424,2.3906734,151.41843182810126,2.075324449399431,2025052500601,119,60821.02567340035,i,151.4184209677979,2.0753283070283395,12.120412826538086,13952.5,1137.43,False,13685.1,2.41081,14062.0,1151.39,False,-86.9412,7.23007,21.038369922028252,0.08851094712015399,21.059380092886293,0.00019126668915199875,21.02988226600166,0.08889957507472633,nan,nan
2009 BO104,477084,MBO,MBO,21163645736137807,745306236772679741,23.254885,2.5642395,2.3906796,151.41854517944878,2.075272964620491,2025052500602,119,60821.02619863588,i,151.41854471306127,2.0752725145290523,11.091306686401367,16832.5,1493.4,False,18041.1,55.225,17041.8,1517.33,False,-53.8075,7.71892,20.83462844215004,0.09632784640980377,20.759342489084695,0.0033235102931258036,20.821211289762715,0.09666936546196375,nan,nan
2009 BO104,477084,MBO,MBO,21163645736137807,745306236886450217,23.25489,2.5642388,2.3906856,151.41865788900094,2.075221773398426,2025052500603,80,60821.02672083935,i,151.4186614429155,2.0752386355119063,15.818398475646973,16425.4,1034.82,False,15646.0,23.7889,16642.2,1055.47,False,-27.2517,7.81344,20.861210087857337,0.06840268452348798,20.913991685224985,0.0016508034263658026,20.84697320871639,0.06885880556797339,nan,nan
2009 BO104,477084,MBO,MBO,21163645736137807,745306237041115150,23.254896,2.564238,2.3906915,151.418771468396,2.0751701891856444,2025052500604,119,60821.02724621368,i,151.41881768279688,2.0751665819261746,7.444918155670166,12122.5,1712.79,False,12596.4,521.261,12640.7,1748.91,False,7.16664,7.26054,21.19101951803109,0.15340384875720742,21.149383858204917,0.04492965509460886,21.145572172227002,0.1502175444108554,29.26171105653279,1.0999619581896953
2009 BO104,477084,MBO,MBO,21163645736137807,745306237154361366,23.254902,2.5642376,2.3906975,151.41888462190278,2.075118800487544,2025052500605,79,60821.02777030504,i,151.41887963372685,2.075148836438907,6.094437122344971,14848.5,2470.42,False,16685.6,273.785,14957.2,2509.94,False,5.12927,7.25711,20.97079354172991,0.18063941476482048,20.84414545508757,0.017815259730238953,20.962874233679493,0.18219537283503795,29.62486108244142,1.5361458999170503
2009 BO104,477084,MBO,MBO,21163645736137807,745306237421748254,23.254911,2.5642362,2.3907094,151.41911137926527,2.075015824893763,2025052500607,77,60821.02882074547,i,151.41908611297225,2.0750035161573064,7.277846336364746,17713.8,2420.66,False,19628.9,51.5004,18248.8,2473.37,False,-25.8079,7.48702,20.779220609839115,0.1483700837804227,20.667760072148717,0.002848649099876097,20.746914174758214,0.147156381188429,nan,nan
2009 BO104,477084,MBO,MBO,21163645736137807,745306237873684506,23.254929,2.564234,2.3907301,151.41950167576695,2.074838602543681,2025052500610,171,60821.030627249565,i,151.41951024788375,2.0748362854926015,12.796197891235352,13591.0,1062.27,False,13788.9,15.726,13790.1,1072.21,False,-40.3001,8.43783,21.0668714688192,0.08486093881496604,21.05117591420592,0.001238263160229792,21.051081491985016,0.08441832957469877,nan,nan
2009 BO104,477084,MBO,MBO,21163645736137807,745306238008426518,23.254934,2.5642333,2.390736,151.4196150851316,2.0747871114427907,2025052500611,172,60821.03115241413,i,151.41956377793855,2.074759283310644,9.067109107971191,12745.6,1401.58,False,12813.6,24.2505,12612.5,1408.48,False,-31.8827,7.89738,21.136599321452373,0.11939384170145789,21.130822126675085,0.0020548203735050938,21.14799705188758,0.12124778659837025,nan,nan
2009 BO104,477084,MBO,MBO,21163645736137807,745306238143692819,23.25494,2.5642328,2.390742,151.41972850078645,2.0747356196748816,2025052500612,174,60821.03167765079,i,151.41977212555545,2.074676316133399,16.48052215576172,14013.6,858.587,False,15205.2,16.6293,14385.5,878.92,False,69.1104,6.71498,21.033625737857342,0.0665210217062044,20.945019643642247,0.001187424823744033,21.00518759660529,0.06633591091939474,26.801141525297826,0.10549349037395
2009 BO104,477084,MBO,MBO,21163645736137807,745306238276337673,23.254946,2.564232,2.390748,151.41984084246027,2.074684617674722,2025052500613,171,60821.03219755592,i,151.4198299333222,2.0747123124595226,8.103715896606445,19600.2,2357.59,False,22560.6,17.2163,20472.7,2399.04,False,11.1408,6.7004,20.66934878600114,0.1305966784232001,20.516623404941782,0.0008285399999017756,20.62206223524319,0.12722917477774334,28.782709009025016,0.6529931800648914
2009 BO104,477084,MBO,MBO,21163645736137807,745306238406885418,23.25495,2.5642316,2.390754,151.41995427071495,2.074633124581608,2025052500614,164,60821.032722705946,i,151.41995518845383,2.0746279875227573,18.905797958374023,14148.0,743.316,False,14695.0,15.5932,14549.5,751.368,False,92.0712,7.38979,21.023262372143215,0.05704304989961652,20.98207602397842,0.0011520994552431587,20.992879827858772,0.05606979071590539,26.48969052056972,0.08714302440596491
