provid,permid,orbit_class,population,ssObjectId,diaSourceId,phaseAngle,helioRange,topoRange,ephRa,ephDec,visit,detector,midpointMjdTai,band,ra,dec,snr,psfFlux,psfFluxErr,psfFlux_flag,trailFlux,trailFluxErr,scienceFlux,scienceFluxErr,forced_PsfFlux_flag,templateFlux,templateFluxErr,psfMag,psfMagErr,trailMag,trailMagErr,scienceMag,scienceMagErr,templateMag,templateMagErr
2010 NF20,482113,MBO,MBO,21164706793402438,745464541838049966,11.745011,3.683277,2.9195135,227.05025353665923,-40.34287482700741,2025063000419,29,60857.21840192778,g,227.05028198368868,-40.342871596123885,34.32565689086914,6914.47,201.01,False,6964.34,1.11212,7395.36,199.768,False,-204.334,3.25925,21.80060272456425,0.03156334784489866,21.792800111166994,0.00017337881410251578,21.727601720214132,0.029328573591208388,nan,nan
2010 NF20,482113,MBO,MBO,21164706793402438,745464541972267494,11.745089,3.6832762,2.9195166,227.05021520632707,-40.34281428451437,2025063000420,29,60857.21883607846,g,227.05024389262607,-40.34282428334065,32.89360046386719,6710.36,203.286,False,6837.68,0.135647,6831.19,207.605,False,-214.039,3.21114,21.83313547213842,0.032891673429373644,21.812728041658488,2.153900942529305e-05,21.813759097321096,0.03299633915663672,nan,nan
2010 NF20,482113,MBO,MBO,21164706793402438,745464542135321135,11.745165,3.6832752,2.91952,227.0501768833357,-40.34275374032662,2025063000421,84,60857.219271350696,g,227.05018350096864,-40.34273763361387,35.0412712097168,6707.03,189.783,False,6655.27,0.02377,6668.14,193.134,False,-218.941,3.14414,21.833674412506696,0.030722135716849494,21.84208579877774,3.87782169082617e-06,21.839988204187108,0.03144693644497059,nan,nan
2010 NF20,482113,MBO,MBO,21164706793402438,745464542380687586,11.745321,3.6832733,2.9195263,227.0500985863129,-40.34263000220361,2025063000423,40,60857.22016088512,g,227.05013166213686,-40.34262305007793,34.759300231933594,6775.75,194.15,False,6757.26,0.582937,6790.75,196.02,False,-220.291,2.99718,21.822606565586316,0.03111030919484676,21.82557346352482,9.366456674965983e-05,21.820205644242137,0.03134057585619468,nan,nan
2010 NF20,482113,MBO,MBO,21164706793402438,745464542800642168,11.745554,3.6832707,2.919536,227.04998194654905,-40.34244556519396,2025063000426,73,60857.221485952716,g,227.04999683768452,-40.34245589758236,34.51662826538086,6946.75,200.751,False,6926.62,0.151617,6823.83,202.747,False,-185.482,3.1286,21.795545825641994,0.0313762027607869,21.798696575275322,2.3765713913559424e-05,21.814929490449614,0.0322589732293437,nan,nan
2010 NF20,482113,MBO,MBO,21164706793402438,745464543988679022,11.746244,3.6832626,2.919565,227.0496365691048,-40.341898707809,2025063000435,35,60857.22541367485,g,227.04966147020284,-40.34189275791059,37.27153015136719,6849.2,182.843,False,6802.68,0.178351,6969.06,183.863,False,-166.022,3.37904,21.810900349021587,0.028984299150817867,21.8182998666815,2.8465565453365008e-05,21.792064481904635,0.028644712672009614,nan,nan
2010 NF20,482113,MBO,MBO,21164706793402438,745464544521879659,11.746558,3.683259,2.919578,227.0494796450006,-40.3416498784949,2025063000439,28,60857.227200629015,g,227.04950007087183,-40.34163301881486,32.78636932373047,7403.74,224.494,False,7449.29,0.181814,7461.55,227.911,False,-239.373,2.84345,21.726372067976044,0.032921369390808135,21.719712790213155,2.64994437467396e-05,21.717927394549346,0.03316351505197194,nan,nan
2010 NF20,482113,MBO,MBO,21164706793402438,745464545217085886,11.746947,3.6832542,2.9195943,227.0492853125319,-40.34134141682414,2025063000444,74,60857.229415438866,g,227.04929103194226,-40.34135434003238,39.9538459777832,7286.25,181.398,False,7158.36,0.331706,7155.58,181.24,False,-210.81,3.48543,21.743739829181244,0.027030416282275888,21.7629661816334,5.031113366633467e-05,21.763387884314266,0.0275000536037678,nan,nan
2010 NF20,482113,MBO,MBO,21164706793402438,745464545464550010,11.7471,3.6832526,2.9196007,227.049208949244,-40.34122011047474,2025063000446,34,60857.23028681749,g,227.04921426344347,-40.34123116783426,36.096004486083984,7570.04,208.981,False,7347.01,0.0342174,7420.83,211.531,False,-275.247,3.1312,21.702254558615103,0.02997318900350098,21.734723457230547,5.056624353671988e-06,21.723868781887944,0.03094894628667427,nan,nan
2010 NF20,482113,MBO,MBO,21164706793402438,745464545582514248,11.747177,3.6832516,2.919604,227.04917064754488,-40.34115924618267,2025063000447,3,60857.230723377426,g,227.04921133704906,-40.34114924660016,23.836206436157227,7076.33,296.489,False,7537.28,5.77219,7289.84,307.121,False,-318.07,2.8935,21.77547979364374,0.045490932856806214,21.706963408352888,0.0008314771302689209,21.74320503233938,0.045742073690831525,nan,nan
2010 NF20,482113,MBO,MBO,21164706793402438,745464546156085734,11.747724,3.6832452,2.919627,227.04889758716368,-40.34072493635595,2025063000451,73,60857.233841860565,r,227.04890236414218,-40.34073781490459,37.27056121826172,10337.0,276.081,False,9753.56,0.932569,10114.8,276.599,False,-236.379,5.06137,21.36401370931616,0.028997884323686652,21.427092148030262,0.00010381071122734733,21.387606771254177,0.029690508288698934,nan,nan
2010 NF20,482113,MBO,MBO,21164706793402438,745468900622729300,11.87719,3.6816967,2.9250839,226.98777834152125,-40.23810673848077,2025070100126,151,60857.98743670322,i,226.98781269680453,-40.2381294385316,20.18111801147461,8480.01,414.226,False,8896.08,4.7593,7801.95,415.965,False,-539.777,6.14535,21.579009119017822,0.05303533744608829,21.527003291099263,0.0005808563463620678,21.669492065966104,0.05788658542161342,nan,nan
2010 NF20,482113,MBO,MBO,21164706793402438,745468900734403075,11.877272,3.6816957,2.9250872,226.98773872139813,-40.23804439046443,2025070100127,108,60857.98789705879,i,226.9877385692918,-40.23805710600635,24.126375198364258,8710.75,359.523,False,8560.98,1.70325,8263.68,351.608,False,-388.733,7.11989,21.54986112601739,0.04481211705952922,21.568691234398457,0.0002160126696215384,21.607066312653583,0.046196555502454856,nan,nan
2010 NF20,482113,MBO,MBO,21164706793402438,745468901022237201,11.877429,3.6816938,2.9250937,226.9876618827064,-40.23792347111678,2025070100129,145,60857.98879158037,i,226.9876531896021,-40.23793366571047,28.164798736572266,9825.95,346.491,False,8946.57,0.0380991,9294.37,339.779,False,-359.572,7.35983,21.419063603748405,0.03828615176438813,21.520858551324718,4.623623316474711e-06,21.479450092970914,0.039691807863542115,nan,nan
2010 NF20,482113,MBO,MBO,21164706793402438,745468901407064214,11.877663,3.6816912,2.9251034,226.9875482461168,-40.23774463715355,2025070100132,111,60857.990113633656,i,226.98756833730664,-40.237748824987754,29.687070846557617,9140.56,304.118,False,9165.29,0.666436,8739.49,301.244,False,-292.342,9.17025,21.497568041611753,0.03612382076141789,21.49463446767877,7.89471700567765e-05,21.546284746461634,0.03742455171940641,nan,nan
2010 NF20,482113,MBO,MBO,21164706793402438,745468901540757784,11.877743,3.6816902,2.9251065,226.9875092180791,-40.23768321538592,2025070100133,110,60857.99056782855,i,226.9875067721903,-40.23767250445109,24.69129180908203,8887.82,358.545,False,8055.6,0.156709,8698.93,354.833,False,-385.488,7.86704,21.528011835572606,0.043799861881375184,21.634755253756495,2.1121286230351124e-05,21.551335448743046,0.044287637337596934,nan,nan
2010 NF20,482113,MBO,MBO,21164706793402438,745468902116425931,11.878062,3.6816864,2.9251199,226.98735360639952,-40.23743830508473,2025070100137,184,60857.99237754175,i,226.98735752895323,-40.237436628501726,25.537616729736328,8697.79,339.185,False,8318.94,0.290731,8304.14,332.734,False,-313.84,9.48697,21.551477700568732,0.04234011516790498,21.599829963973892,3.794439798360615e-05,21.601763390057727,0.043503767420935584,nan,nan
2010 NF20,482113,MBO,MBO,21164706793402438,745468902611353809,11.878381,3.6816828,2.925133,226.9871982293946,-40.237193745074855,2025070100141,104,60857.99418406141,i,226.98722044054415,-40.23721170888102,23.636383056640625,8267.86,347.605,False,7942.87,0.862391,8050.53,339.148,False,-292.821,7.44057,21.606517168603045,0.04564752297876917,21.650056347576523,0.00011788297078289193,21.635438847155108,0.04573925981657623,nan,nan
2010 NF20,482113,MBO,MBO,21164706793402438,745468903147700762,11.878705,3.681679,2.9251463,226.9870404223574,-40.23694533840076,2025070100145,103,60857.996019817365,i,226.9870597851215,-40.236948377323664,20.772457122802734,8083.8,382.469,False,7884.55,1.19116,7633.45,379.235,False,-264.673,7.36502,21.630961125817393,0.05136946042319195,21.658057747886446,0.0001640278177174391,21.693197809074697,0.05394011137453344,nan,nan
2010 NF20,482113,MBO,MBO,21164706793402438,745468903549305275,11.878948,3.6816761,2.9251564,226.98692198853888,-40.23675889386335,2025070100148,101,60857.99739695183,i,226.9869264628004,-40.23677461597092,20.7634220123291,8942.98,424.298,False,8983.38,1.09162,8538.86,414.729,False,-243.095,8.78501,21.521294294337917,0.05151254733502564,21.51640058698218,0.00013193378628148077,21.571500222591098,0.052733769632606155,nan,nan
2010 NF20,482113,MBO,MBO,21164706793402438,745468904091943050,11.879268,3.6816726,2.9251695,226.98676638181212,-40.23651390724618,2025070100152,112,60857.99920588362,i,226.98676547787028,-40.23651870475857,18.153852462768555,7770.15,425.505,False,7556.14,4.26009,7360.66,423.127,False,-111.569,8.10699,21.67392650668731,0.05945653493347701,21.704249990546995,0.0006121291728748119,21.732708083259702,0.06241346682672248,nan,nan
2010 NF20,482113,MBO,MBO,21164706793402438,745468905277358344,11.880236,3.6816611,2.9252093,226.986294638324,-40.235771016857896,2025070100161,69,60858.004688799854,g,226.98631233412905,-40.23576439927667,20.588937759399414,4317.29,208.305,False,4174.99,3.78802,4241.41,209.772,False,-138.293,4.6417,22.311971935266236,0.05238570263606479,22.34836134006892,0.0009851017880434223,22.331224320039684,0.053698428164238546,nan,nan
2010 NF20,482113,MBO,MBO,21164706793402438,745468905450897540,11.880317,3.6816602,2.9252126,226.98625505463556,-40.23570866777289,2025070100162,144,60858.0051481855,g,226.98626565878502,-40.235722491842814,21.175024032592773,4232.46,198.119,False,4007.62,2.79084,4054.22,199.748,False,-133.561,5.46543,22.333517854061242,0.050822683903501316,22.39278363004531,0.0007560886121731783,22.380231728481693,0.05349330776031863,nan,nan
2010 NF20,482113,MBO,MBO,21164706793402438,745468905592979794,11.880394,3.6816592,2.925216,226.9862177074389,-40.23564983933704,2025070100163,159,60858.0055823245,g,226.9862375936425,-40.235640109422675,22.001922607421875,4554.79,205.163,False,4131.88,0.706088,4706.65,204.239,False,-130.13,4.9102,22.253829094465218,0.04890519408573605,22.359630780677485,0.00018553910910808907,22.218220262218917,0.04711412142428563,nan,nan
2010 NF20,482113,MBO,MBO,21164706793402438,745468905808986409,11.880557,3.6816576,2.9252226,226.9861381054372,-40.23552444517563,2025070100165,59,60858.006507750004,g,226.9861525373115,-40.23553182873958,17.35736083984375,4893.07,278.776,False,4742.14,0.12353,4766.05,280.549,False,-126.242,4.80183,22.17604646700903,0.0618583441789058,22.210064040432535,2.8282798482043775e-05,22.204603559092696,0.06391083416762304,nan,nan
2010 NF20,482113,MBO,MBO,21164706793402438,745468905966272840,11.880634,3.6816566,2.9252257,226.98610023949303,-40.23546479293351,2025070100166,103,60858.00694735229,g,226.98612449667885,-40.23546406570522,21.93201446533203,4453.75,200.5,False,4435.25,1.59594,4340.77,202.293,False,-116.626,4.73107,22.27818541160232,0.048877936357901754,22.282704738588272,0.0003906814344069587,22.306083057802667,0.050598587873963756,nan,nan
2010 NF20,482113,MBO,MBO,21164706793402438,745468906349527369,11.880868,3.6816537,2.9252355,226.98598637910388,-40.235285409031846,2025070100169,66,60858.0082708691,g,226.98598539076704,-40.23531226304582,17.919086456298828,4612.46,254.995,False,4878.34,1.7083,4205.67,256.58,False,-107.139,4.21961,22.24016847691656,0.060023783528861376,22.179319870898127,0.00038020376029337954,22.34041203878516,0.06623871725854936,nan,nan
2010 NF20,482113,MBO,MBO,21164706793402438,745468906666721288,11.88103,3.6816518,2.9252422,226.98590771454488,-40.2351614629502,2025070100171,159,60858.0091840213,g,226.98590280106353,-40.23514223089305,15.924124717712402,4152.58,259.309,False,4159.12,0.464516,3862.22,260.309,False,-107.666,6.46973,22.3542049597125,0.0677990921029821,22.352496342103766,0.00012126167067267636,22.432907487097147,0.07317731706905105,nan,nan
2010 NF20,482113,MBO,MBO,21164706793402438,745468906772103415,11.88111,3.6816509,2.9252455,226.98586838121224,-40.23509948439028,2025070100172,104,60858.00964125115,g,226.98588532055436,-40.23509275271595,16.204824447631836,4510.87,275.531,False,4500.13,3.13822,4420.57,277.796,False,-109.359,4.10465,22.26434919372814,0.0663184664650616,22.266937378575673,0.0007571512910010492,22.28630436307338,0.06822947625814929,nan,nan
2010 NF20,482113,MBO,MBO,21164706793402438,745468906932011138,11.881187,3.6816502,2.9252486,226.98583094073723,-40.23504048601932,2025070100173,153,60858.01007654422,g,226.98584431834482,-40.23504269244525,14.182496070861816,4231.95,298.006,False,4239.59,0.716817,3881.86,303.043,False,-114.571,4.14341,22.333648630095354,0.07645551140513888,22.331690392251822,0.000183572991957123,22.42740029889506,0.08475956031342448,nan,nan
2010 NF20,482113,MBO,MBO,21164706793402438,745468907040538967,11.881265,3.6816492,2.9252517,226.98579341361875,-40.23498134869958,2025070100174,104,60858.01051297934,g,226.98579879487258,-40.234992290320115,14.285845756530762,4109.99,282.472,False,3896.24,5.94267,4124.01,286.051,False,-104.679,4.52559,22.36539802509212,0.07462063005183579,22.423385751131075,0.001655999590706464,22.361700787452854,0.07530921098429572,nan,nan
2010 NF20,482113,MBO,MBO,21164706793402438,745473291023548726,12.04543,3.6796718,2.9323843,226.9117194881396,-40.10419985968517,2025070200069,160,60858.97067785703,i,226.91172329875442,-40.104208076050334,33.08829116821289,11169.5,335.492,False,11059.3,0.594573,10993.1,331.141,False,-49.5026,14.1628,21.279915668845074,0.03261164918555137,21.290680921408928,5.837163894661661e-05,21.297199592087132,0.03270522198585346,nan,nan
2010 NF20,482113,MBO,MBO,21164706793402438,745473291286216866,12.045583,3.6796699,2.9323907,226.9116499862861,-40.10408246121869,2025070200071,149,60858.97154963976,i,226.9116774275298,-40.10408506486915,34.421669006347656,11071.0,317.555,False,11099.6,2.1313,11086.3,314.91,False,-44.2636,10.7074,21.28953287308159,0.031142710915888206,21.28673171757734,0.00020847865011507967,21.28803345260513,0.030840695113792747,nan,nan
2010 NF20,482113,MBO,MBO,21164706793402438,745473291398939297,12.045658,3.6796691,2.932394,226.91161515254183,-40.1040236228006,2025070200072,108,60858.97198599988,i,226.91162567350466,-40.10401972384303,37.34699249267578,11858.9,311.596,False,11037.6,0.293516,12042.1,306.473,False,-15.1245,17.0711,21.214888946995913,0.028528030114640567,21.29281341021052,2.8872306485227172e-05,21.19824446183418,0.027632126782475754,nan,nan
2010 NF20,482113,MBO,MBO,21164706793402438,745473292071600285,12.046043,3.6796644,2.9324105,226.9114388001983,-40.10372574812731,2025070200077,111,60858.97419810419,i,226.9114619006028,-40.10374430049099,35.236854553222656,11529.9,324.548,False,11963.0,1.03591,11691.9,321.364,False,362.262,13.1633,21.245436111639393,0.030561714008785955,21.205399743162513,9.4016969246439e-05,21.23028723319802,0.02984258614020655,25.00244306857724,0.03945175361208314
2010 NF20,482113,MBO,MBO,21164706793402438,745473292205294024,12.046123,3.6796637,2.9324138,226.91140275804256,-40.10366487068708,2025070200078,110,60858.974650471995,i,226.9113944677996,-40.10371185980107,33.51850891113281,11457.5,334.519,False,12911.6,8.13389,11818.8,331.236,False,426.183,10.797,21.252275335207937,0.03169970787677703,21.122549874874238,0.0006839786928581117,21.21856655920085,0.03042905500094737,24.826009659135202,0.027506243434028622
2010 NF20,482113,MBO,MBO,21164706793402438,745473292780437576,12.046437,3.6796598,2.9324272,226.9112587282424,-40.10342159735679,2025070200082,183,60858.97645685562,i,226.9112786475779,-40.10342967744199,33.808265686035156,12412.8,363.173,False,12889.8,1.93702,13081.5,360.63,False,1039.03,8.1589,21.165325622283895,0.03176640930339894,21.12438456937729,0.00016315945279320065,21.10835613613557,0.02993151036374808,23.858429751488508,0.008525656770759303
2010 NF20,482113,MBO,MBO,21164706793402438,745473297480155168,12.050016,3.6796174,2.9325802,226.90961917068248,-40.100651808270186,2025070200117,187,60858.99699046508,i,226.90961497628084,-40.100651611921386,35.19557571411133,11039.5,311.084,False,10503.2,1.59522,11089.5,295.449,False,-155.037,10.8489,21.292626490465956,0.030595151745132405,21.346695891512738,0.0001649009866995699,21.287720086867,0.02892643325002058,nan,nan
2010 NF20,482113,MBO,MBO,21164706793402438,745473297570333002,12.050097,3.6796165,2.9325836,226.9095819288817,-40.10058886784813,2025070200118,103,60858.99745662402,i,226.90958960985168,-40.10059587031373,39.4998664855957,11136.6,280.907,False,10170.4,0.345913,11081.3,279.588,False,-113.987,8.79745,21.283118485274784,0.02738635892611937,21.381654873343045,3.692777528138178e-05,21.288523237806192,0.0273937925288573,nan,nan
2010 NF20,482113,MBO,MBO,21164706793402438,745473297729716645,12.050175,3.6796155,2.932587,226.90954652412947,-40.10052903046391,2025070200119,151,60858.99789949492,i,226.90956304790245,-40.10052308867351,33.89214324951172,10713.5,313.619,False,10421.5,1.12111,10702.5,309.81,False,-71.5211,7.59761,21.325171565130972,0.031783029804591995,21.3551744178411,0.00011679985374096992,21.326286908734133,0.03142928576924951,nan,nan
2010 NF20,482113,MBO,MBO,21164706793402438,745473297882284441,12.050251,3.6796148,2.9325902,226.9095116778143,-40.10047013527447,2025070200120,186,60858.99833593835,i,226.90951255951114,-40.10048163376018,31.425323486328125,10803.9,341.578,False,11163.1,1.60607,10573.9,334.009,False,-39.8265,9.05346,21.316048571393186,0.034326825601942244,21.280537999978748,0.00015620826227685008,21.33941196274614,0.03429630065858965,nan,nan
2010 NF20,482113,MBO,MBO,21164706793402438,745473297971937546,12.050336,3.6796136,2.9325938,226.9094727542873,-40.100404347082566,2025070200121,101,60858.998822746675,i,226.90947166877123,-40.10040760648335,34.71735382080078,11069.0,315.522,False,10904.4,3.15324,11153.7,312.507,False,21.8802,8.62782,21.2897290313847,0.03094892603158683,21.305995525855643,0.000313963782521287,21.28145258314873,0.03042041167867732,28.049871809596013,0.4281284815216145
2010 NF20,482113,MBO,MBO,21164706793402438,745473298244043229,12.050495,3.679612,2.9326007,226.9094000193402,-40.10028140549035,2025070200123,108,60858.999732900775,i,226.90939704551627,-40.10028728595466,34.855709075927734,10875.5,310.39,False,10233.5,0.223488,11117.0,304.571,False,52.706,11.6623,21.308876918174875,0.03098723520750446,21.37493951525011,2.3711244071240737e-05,21.285030985847577,0.02974577469269181,27.09534982937113,0.24024174006956017
2010 NF20,482113,MBO,MBO,21164706793402438,745473298514051137,12.0506525,3.67961,2.9326074,226.9093278399789,-40.10015939545947,2025070200125,111,60859.000635239,i,226.9093354758607,-40.100171558858236,33.498817443847656,11013.5,324.176,False,10439.7,0.209509,11046.4,322.775,False,57.6139,10.5551,21.295186609669976,0.031958016465896646,21.353279932786254,2.1789084213603763e-05,21.291948048198282,0.03172513076399262,26.998681828285747,0.19891128437062458
2010 NF20,482113,MBO,MBO,21164706793402438,745473299158925600,12.052816,3.6795845,2.9327002,226.9083359688346,-40.09848184204488,2025070200130,61,60859.01304083431,g,226.90833913768807,-40.0984712432763,24.135183334350586,5899.95,243.339,False,5607.23,2.82666,5624.78,246.091,False,-63.2571,6.78764,21.97287913614559,0.044780372458632665,22.02812907738341,0.0005473303256720802,22.02473618969199,0.04750228849514381,nan,nan
2010 NF20,482113,MBO,MBO,21164706793402438,745473299696320651,12.053152,3.6795805,2.9327147,226.9081820160472,-40.0982212784767,2025070200134,62,60859.01496544499,g,226.9081829835833,-40.0982348640834,24.241947174072266,5999.84,245.862,False,5901.89,1.75296,5759.16,247.53,False,-82.4699,9.17473,21.95465085566753,0.04449139996997917,21.97252219780723,0.00032248179095248553,21.99910211006155,0.046665186267959714,nan,nan
2010 NF20,482113,MBO,MBO,21164706793402438,745473299853082953,12.053235,3.6795795,2.9327183,226.9081437069811,-40.09815643194872,2025070200135,105,60859.015444611985,g,226.9081354462178,-40.09815969195037,24.587614059448242,5779.92,233.756,False,5639.22,0.8293,5815.38,234.978,False,-83.5367,10.7975,21.995195446218887,0.04391018424674531,22.02195236406818,0.00015966764649996752,21.98855477558882,0.04387058517531096,nan,nan
2010 NF20,482113,MBO,MBO,21164706793402438,745473300011942063,12.053314,3.6795785,2.9327216,226.90810771700615,-40.09809550771146,2025070200136,152,60859.01589429082,g,226.90812427459977,-40.098104437976865,24.888153076171875,5736.36,228.029,False,5934.19,2.1876,5623.22,230.055,False,-83.8864,12.9924,22.003409028926406,0.043159661264301305,21.966596392273914,0.0004002494752557289,22.02503727112211,0.044419216230250816,nan,nan
2010 NF20,482113,MBO,MBO,21164706793402438,745473300231618745,12.053477,3.6795766,2.9327285,226.90803293720612,-40.09796890928626,2025070200138,59,60859.016829316504,g,226.90804801797438,-40.09798096030544,23.85197639465332,5984.44,247.84,False,6079.35,0.382437,5946.06,250.218,False,-84.5883,6.84369,21.957441217879893,0.044964751864138244,21.940357114354264,6.830099931948058e-05,21.96442677121816,0.045689202854201756,nan,nan
2010 NF20,482113,MBO,MBO,21164706793402438,745473300388905135,12.053559,3.6795757,2.932732,226.9079953470752,-40.09790526574034,2025070200139,103,60859.01729986523,g,226.90800559011976,-40.097889370347424,21.774049758911133,5448.17,249.688,False,5560.81,1.47134,5233.1,251.694,False,-83.6836,6.30626,22.05937338940216,0.049758966630008915,22.03715484732547,0.0002872759591938439,22.103102395214663,0.052220153156989274,nan,nan
2010 NF20,482113,MBO,MBO,21164706793402438,745473300949893345,12.054239,3.6795676,2.9327612,226.90768374475252,-40.09737755028056,2025070200143,149,60859.02119566854,g,226.9076599928516,-40.09737139387766,19.725086212158203,5569.95,279.907,False,6141.33,2.91614,5495.0,281.197,False,35.1521,8.24263,22.035371720323155,0.05456156110153799,21.929343899902392,0.0005155493715824177,22.050080758101224,0.0555606467264233,27.53512182443876,0.25458854288010097
2010 NF20,482113,MBO,MBO,21164706793402438,745473301060518047,12.054319,3.6795666,2.9327648,226.90764695380128,-40.09731522516652,2025070200144,104,60859.02165514418,g,226.9076408285521,-40.09733007146567,23.015655517578125,5916.45,255.386,False,5772.64,1.01122,6161.64,255.72,False,3.99527,5.35711,21.96984696756128,0.046866249010431155,21.99656378835484,0.00019019341504880637,21.925759174330828,0.045060155647772715,29.896134660684304,1.4558235827068677
2010 NF20,482113,MBO,MBO,21164706793402438,745473301220425802,12.054397,3.6795657,2.932768,226.90761136263583,-40.09725492885285,2025070200145,153,60859.022100203365,g,226.90759119583072,-40.09725127774053,18.45224952697754,5319.54,286.256,False,5213.58,1.36875,5746.82,286.735,False,3.17966,12.3689,22.085314794794797,0.05842582511561672,22.107159878784838,0.0002850443231153322,22.00143104691441,0.0541723186543969,30.144048263294863,4.223521546956142
2010 NF20,482113,MBO,MBO,21164706793402438,745473301328429235,12.054472,3.6795647,2.9327712,226.907576651312,-40.09719611959188,2025070200146,103,60859.02253443672,g,226.90760081397218,-40.0971972819091,20.871341705322266,5547.9,262.428,False,5104.56,1.50942,5590.76,265.633,False,26.5112,5.00749,22.0396784581515,0.05135773816495362,22.130104205126997,0.00032105254200935813,22.0313229223246,0.051586434151669004,27.841426536912213,0.20507609499427
2010 NF20,482113,MBO,MBO,21164706793402438,745473301480472653,12.054555,3.6795638,2.9327748,226.90753882086557,-40.09713202179622,2025070200147,137,60859.02300724175,g,226.9075390963032,-40.09711426888116,21.831876754760742,5685.7,257.502,False,5623.56,1.66817,5886.05,259.924,False,12.7888,10.8665,22.01304011053856,0.049172353442469154,22.024971655780746,0.0003220722316435455,21.97544016861793,0.047945382530425504,28.632925490597213,0.9225378565864396
2010 NF20,482113,MBO,MBO,21164706793402438,745473301732131154,12.054714,3.6795619,2.9327817,226.90746579973717,-40.097008286924925,2025070200149,105,60859.02392051439,g,226.90746680798188,-40.09703301981121,19.1607608795166,5059.36,262.473,False,4845.88,0.153288,4853.41,261.467,False,-11.3003,14.0127,22.13976107224407,0.056326578425926095,22.186568387835447,3.434470988629002e-05,22.18488251348535,0.05849169769466738,nan,nan
2010 NF20,482113,MBO,MBO,21164706793402438,745477693202497974,12.216429,3.6775825,2.9400816,226.8394439731404,-39.96686215076519,2025070300100,106,60859.98260033729,i,226.83946057644,-39.966874778309375,23.82378578186035,10706.2,444.826,False,10156.2,1.04732,12246.4,441.457,False,1504.57,8.73191,21.325911600002744,0.04511065289399962,21.383171867648944,0.00011196246914074383,21.17997886400712,0.03913850872506586,23.456469043602954,0.00630116969815399
2010 NF20,482113,MBO,MBO,21164706793402438,745477693445767426,12.216586,3.6775806,2.9400885,226.8393765020304,-39.966739166394376,2025070300102,58,60859.98351551601,i,226.8393795430594,-39.96673372149531,24.873512268066406,10355.0,413.089,False,9653.01,0.175054,12607.0,412.433,False,2211.06,9.26924,21.36212474192632,0.043312957163124,21.43834313612141,1.968945115874639e-05,21.148470617915525,0.035519430098051204,23.038498651511595,0.0045516402104649745
2010 NF20,482113,MBO,MBO,21164706793402438,745477693739368508,12.216743,3.6775787,2.9400957,226.83930917196997,-39.96661643694749,2025070300104,106,60859.98442810026,i,226.8393233753738,-39.96662840386619,26.553207397460938,10851.0,407.799,False,9728.76,1.03921,13943.8,406.677,False,3038.06,8.9969,21.311325591296793,0.04080381077849847,21.429856301506994,0.00011597653834122387,21.039047152873323,0.031665969882511226,22.69350911234335,0.0032152951038183597
2010 NF20,482113,MBO,MBO,21164706793402438,745477694118953111,12.21698,3.6775758,2.9401062,226.83920783335628,-39.96643171176252,2025070300107,62,60859.985802010786,i,226.8392094440622,-39.96643985875329,22.454917907714844,10073.3,442.439,False,9756.37,2.47046,15258.6,445.329,False,4891.03,8.36173,21.392070600622738,0.04768765399368657,21.42677933167804,0.00027492476863084545,20.941213307143652,0.03168769360063854,22.176499231062916,0.0018561801877457623
2010 NF20,482113,MBO,MBO,21164706793402438,745477694255792172,12.217058,3.6775749,2.9401095,226.83917405080877,-39.966370129753294,2025070300108,67,60859.9862603468,i,226.83917969832504,-39.96637500921204,22.284557342529297,10648.9,472.466,False,9839.64,5.29355,17632.8,476.218,False,6580.32,8.81964,21.33173808829531,0.048171494390150796,21.417552015497048,0.0005841066449368123,20.784196748004728,0.029323027936576068,21.854382494491745,0.0014552184225119947
2010 NF20,482113,MBO,MBO,21164706793402438,745477694524752292,12.2172165,3.6775732,2.9401166,226.83910648125536,-39.96624695516433,2025070300110,68,60859.98717632402,i,226.839110232431,-39.966240042857216,20.130779266357422,10309.2,503.827,False,9900.71,3.0185,20707.9,505.471,False,10356.1,8.06385,21.366937566722356,0.053061653665157374,21.410834154652008,0.00033101614372342715,20.609659831833376,0.026502357255698158,21.362009452469636,0.0008454161955126798
2010 NF20,482113,MBO,MBO,21164706793402438,745477694852431930,12.217378,3.677571,2.9401238,226.83903728287635,-39.96612080766557,2025070300112,181,60859.988114707696,i,226.8390495407997,-39.96612677722083,21.43799591064453,10583.0,487.875,False,10325.7,13.1422,31689.7,490.579,False,20703.7,7.56461,21.338478009683605,0.05005230566912713,21.3652012219029,0.0013818881616293776,20.147704707188105,0.016807966171760128,20.60988012587977,0.0003967006509272358
2010 NF20,482113,MBO,MBO,21164706793402438,745477694975639755,12.217456,3.67757,2.9401271,226.83900364062455,-39.96605947694693,2025070300113,160,60859.98857080155,i,226.83899724497746,-39.96605480653548,19.149179458618164,9866.36,506.646,False,9789.48,2.68436,33442.9,508.228,False,23007.1,7.15608,21.414607566843827,0.055753477610172165,21.423100889374194,0.0002977182371999405,20.08924022514723,0.016499811984212815,20.495345318065212,0.00033770510066034404
2010 NF20,482113,MBO,MBO,21164706793402438,745477695346835738,12.217695,3.6775672,2.9401379,226.83890100860583,-39.9658723696618,2025070300116,100,60859.989961473344,i,226.83891320797483,-39.96585857045236,25.15208625793457,10706.9,421.555,False,9841.11,3.67054,26600.9,424.938,False,15674.3,10.9818,21.325840594181017,0.04274790099340098,21.417389745702224,0.0004049581936500868,20.33775915766462,0.017344170756589894,20.912029626682106,0.0007606934975172274
2010 NF20,482113,MBO,MBO,21164706793402438,745477695793004968,12.217934,3.6775644,2.9401484,226.83879873350145,-39.96568590257639,2025070300119,183,60859.99134740156,i,226.83882267904843,-39.96569514871164,24.116405487060547,10655.0,439.338,False,9829.1,3.10611,20867.0,439.287,False,9971.5,10.4373,21.331116364874447,0.044768201455634676,21.418715659282768,0.000343105301725828,20.60134995988278,0.022856653395113048,21.403098766025618,0.0011364543142986586
2010 NF20,482113,MBO,MBO,21164706793402438,745477695884755104,12.218013,3.6775634,2.940152,226.8387647130293,-39.965623874223,2025070300120,102,60859.991808865634,i,226.8387679914191,-39.965630183639455,27.181705474853516,10787.3,393.689,False,9701.02,7.14994,17470.4,391.356,False,6724.04,9.09419,21.317718127560614,0.03962459590609588,21.432956552600285,0.000800219885128306,20.794242854107292,0.024321672951390975,21.830924272922235,0.0014684461859111356
2010 NF20,482113,MBO,MBO,21164706793402438,745477696044138807,12.218091,3.6775625,2.9401555,226.83873120791105,-39.96556278419631,2025070300121,150,60859.9922627722,i,226.83873473841425,-39.965570168264655,28.024118423461914,10991.3,386.829,False,10745.4,1.5085,17293.0,385.552,False,6169.6,22.5492,21.2973773647957,0.03821151899061391,21.32194349342824,0.00015242177895598744,20.805324146308156,0.02420677541996674,21.9243574630975,0.003968244700428357
2010 NF20,482113,MBO,MBO,21164706793402438,745477696193036404,12.218169,3.6775615,2.9401588,226.83869770161104,-39.96550169068176,2025070300122,178,60859.99271660465,i,226.83871411815244,-39.965508534005004,24.072650909423828,10685.8,440.344,False,10531.0,0.371865,19433.4,438.972,False,8903.81,8.8296,21.3279824161403,0.04474137881345605,21.343825968080576,3.833893252798504e-05,20.678628003431445,0.024525186908129864,21.52606034255232,0.0010766870832811001
2010 NF20,482113,MBO,MBO,21164706793402438,745477696286884351,12.218253,3.6775606,2.9401627,226.8386618323646,-39.96543628717912,2025070300123,101,60859.993202036996,i,226.83868263062269,-39.96544144218369,26.771549224853516,11228.3,412.156,False,10742.0,3.00661,20745.5,410.967,False,9446.07,13.2771,21.274214999672026,0.03985400330896148,21.322287129901298,0.00030388989388679125,20.607690233778996,0.021508363850422683,21.46187206511312,0.0015260766925482754
2010 NF20,482113,MBO,MBO,21164706793402438,745477696465141825,12.218332,3.6775596,2.9401662,226.83862765944988,-39.96537397523397,2025070300124,185,60859.99366581381,i,226.8386599983803,-39.96536992146425,24.138103485107422,11493.3,474.054,False,10456.4,3.56984,29676.3,476.594,False,17547.4,9.05093,21.2488881612595,0.04478240226198799,21.351544488370376,0.00037067292173829057,20.2189755895486,0.017436652843729684,20.789468035549767,0.0005600215527174936
2010 NF20,482113,MBO,MBO,21164706793402438,745477696560562455,12.218411,3.6775587,2.9401696,226.838593780586,-39.96531219797153,2025070300125,111,60859.99412464926,i,226.83860219048833,-39.965312403070484,24.39160919189453,10965.7,445.226,False,9771.71,0.841956,27961.6,449.343,False,16513.6,8.27115,21.299909079995402,0.04408273007684323,21.42507358005333,9.354986350726666e-05,20.28359496843415,0.017447783968776463,20.855395623915342,0.000543811575093246
2010 NF20,482113,MBO,MBO,21164706793402438,745477696830570672,12.218569,3.6775568,2.9401767,226.83852638858465,-39.96518930573227,2025070300127,114,60859.99503732545,i,226.83855580641907,-39.96519212032623,26.09385108947754,11533.2,437.468,False,10437.1,1.6001,35094.4,439.83,False,23166.8,8.48942,21.245125423366673,0.041183264309184814,21.35355042925573,0.0001664530003695268,20.03690549386552,0.013607280979904691,20.48783483988629,0.00039786549166519425
2010 NF20,482113,MBO,MBO,21164706793402438,745477697468104817,12.219252,3.6775486,2.940207,226.8382334481571,-39.96465503730256,2025070300132,50,60859.99900534162,g,226.83821469233558,-39.96466765058869,20.181533813476562,6249.22,308.667,False,6130.2,1.12345,14754.6,314.171,False,8255.57,4.1327,21.910435427647222,0.053627639467037524,21.931313355996032,0.00019897725109940193,20.977681428269825,0.02311867670745628,21.608132298426874,0.0005435144765422865
2010 NF20,482113,MBO,MBO,21164706793402438,745477698007597227,12.219579,3.6775446,2.9402215,226.8380929333412,-39.96439871354608,2025070300136,55,60860.00090866034,g,226.83809038400264,-39.96441425823713,17.169544219970703,5912.92,342.439,False,6134.84,0.962469,9988.61,353.107,False,3870.81,3.54456,21.97049500642719,0.06287898704822929,21.93049192622325,0.00017033654440050562,21.401237320132704,0.03838182036623005,22.430495347683298,0.0009942252436756292
2010 NF20,482113,MBO,MBO,21164706793402438,745477698164359183,12.219658,3.6775436,2.9402251,226.8380590393229,-39.96433687942885,2025070300137,98,60860.00136757026,g,226.8380574894108,-39.96432752653218,18.151714324951172,6297.73,343.174,False,6454.95,15.0271,8390.79,350.178,False,2595.24,3.39255,21.90203990994191,0.059163611282244885,21.875267760714813,0.0025275897729239273,21.590492865076044,0.04531169779573553,22.864556188358392,0.0014192962370342033
2010 NF20,482113,MBO,MBO,21164706793402438,745477698327412908,12.219736,3.677543,2.9402287,226.83802536608283,-39.96427544589729,2025070300138,153,60860.00182361258,g,226.83804554183428,-39.964292598879446,17.996749877929688,6686.8,370.494,False,6967.77,1.70827,10615.9,385.995,False,3310.39,3.1461,21.836954197242136,0.06015713767520427,21.79226548056959,0.00026618710592681954,21.335107912813097,0.03947745604548711,22.600302131706307,0.0010318526918814577
2010 NF20,482113,MBO,MBO,21164706793402438,745477698464776270,12.219817,3.6775417,2.9402323,226.83799080592172,-39.96421239195341,2025070300139,159,60860.00229121951,g,226.83798411667775,-39.96421889210689,18.656572341918945,6896.3,364.11,False,6917.31,2.76143,9377.73,375.647,False,2182.36,3.26092,21.803459666431674,0.05732456604358103,21.80015689313003,0.00043343214772239116,21.469755634371666,0.043491711871420605,23.052683964155555,0.0016223257310440894
2010 NF20,482113,MBO,MBO,21164706793402438,745477698544468045,12.219902,3.6775408,2.9402359,226.8379543987432,-39.96414596559891,2025070300140,55,60860.00278432827,g,226.83795210361473,-39.96415605890205,20.40319061279297,6536.81,313.667,False,6244.65,6.13748,7991.01,321.043,False,1339.14,3.6907,21.861585335582404,0.052098746422627115,21.911229761816394,0.001067102897618145,21.643495846480192,0.043620020224275705,23.58293503168543,0.0029923134443605834
2010 NF20,482113,MBO,MBO,21164706793402438,745477698701754535,12.21998,3.6775398,2.9402394,226.8379205016849,-39.96408411663227,2025070300141,99,60860.0032437928,g,226.83793751015438,-39.96407807594981,19.3210391998291,6439.15,332.129,False,6341.47,0.324139,8129.43,341.88,False,1336.84,3.4431,21.87792866121637,0.05600187649509565,21.894525107593743,5.549650706371091e-05,21.624849736933275,0.045660211227348854,23.584801448413952,0.0027963693453775425
2010 NF20,482113,MBO,MBO,21164706793402438,745477698819719301,12.220061,3.6775389,2.940243,226.83788586541277,-39.96402091642327,2025070300142,68,60860.003712110105,g,226.83791632402202,-39.96402223332319,15.16356372833252,6588.44,432.819,False,6455.5,2.88919,8385.26,446.059,False,1212.28,3.40447,21.853043521575295,0.07132602905263472,21.875175286347755,0.0004859264410883249,21.591208697275007,0.05775639741129575,23.69099262300861,0.0030490944433080947
2010 NF20,482113,MBO,MBO,21164706793402438,745477699081863361,12.22022,3.677537,2.9402502,226.837817846368,-39.96389679582151,2025070300144,56,60860.00463369273,g,226.837825252726,-39.96389297414036,20.402610778808594,6983.11,338.152,False,7031.03,2.49214,8310.84,348.536,False,1012.53,3.59971,21.789877813184198,0.052575984775677355,21.782452655708617,0.00038483789251343064,21.600887716990844,0.04553308361601301,23.886480219383145,0.003859969923978098
2010 NF20,482113,MBO,MBO,21164706793402438,745477699399057463,12.220424,3.6775346,2.9402592,226.8377304740554,-39.96373734462916,2025070300146,149,60860.005816301695,g,226.8377562466163,-39.96371532138057,18.419292449951172,6227.44,335.189,False,6380.16,8.22212,7475.18,342.953,False,891.027,3.91777,21.914226130470862,0.05843923524345037,21.887921048454686,0.0013991895900282228,21.715945837473868,0.04981237683309307,24.025272866678343,0.004773889836375542
2010 NF20,482113,MBO,MBO,21164706793402438,745477699507585319,12.220503,3.6775336,2.9402628,226.83769649898375,-39.9636753367298,2025070300147,100,60860.006276789805,g,226.8377158723056,-39.96366592759879,19.510181427001953,6398.84,323.839,False,6650.32,3.76747,7528.64,332.742,False,821.36,3.91685,21.88474689907565,0.05494804116607345,21.842893670744708,0.0006150799601208052,21.708208653274124,0.04798609502570614,24.113666146828372,0.005177590858084045
2010 NF20,482113,MBO,MBO,21164706793402438,745477699645473025,12.221005,3.6775277,2.940285,226.83748081948067,-39.963281635806354,2025070300148,107,60860.009196189174,g,226.83750183185376,-39.96326927373295,20.856813430786133,6680.66,316.625,False,6920.72,1.46996,7752.21,324.554,False,777.389,4.33255,21.837951550378982,0.05145767301303783,21.79962176925672,0.00023061021311159368,21.67643618340402,0.045455426818340305,24.173404054296483,0.006051033119591066
2010 NF20,482113,MBO,MBO,21164706793402438,745477699777593395,12.221084,3.6775267,2.9402885,226.83744728412935,-39.9632204100343,2025070300149,103,60860.009650021224,g,226.83745192526743,-39.963229411691145,23.221784591674805,6456.5,277.157,False,7039.74,1.46429,7150.95,280.494,False,597.538,6.26568,21.875007111594513,0.04660720256346033,21.781108414949735,0.0002258368404435226,21.76409061676899,0.04258769390234505,24.45908613189178,0.011384841068108753
2010 NF20,482113,MBO,MBO,21164706793402438,745477699909189846,12.221162,3.6775258,2.9402921,226.83741367455588,-39.96315904582609,2025070300150,98,60860.01010593424,g,226.83739837325513,-39.96316896921437,21.36980438232422,6734.36,314.581,False,6896.02,2.22804,7757.38,322.255,False,840.446,4.10051,21.82925919994798,0.05071780853283939,21.803503716000943,0.00035079127743427074,21.67571235103709,0.045103363668059025,24.08872548442438,0.0052972735678949055
2010 NF20,482113,MBO,MBO,21164706793402438,745477700083777677,12.221241,3.6775248,2.9402955,226.8373796953028,-39.96309700363761,2025070300151,175,60860.01056543173,g,226.8373805319485,-39.9630898957854,17.624065399169922,6689.58,372.984,False,7095.14,6.42054,8285.36,387.698,False,1168.97,4.012,21.83650285785134,0.06053627244292067,21.772597555835986,0.0009825052699986472,21.60422149563369,0.05080500245379863,23.73049161286836,0.003726335024661193
2010 NF20,482113,MBO,MBO,21164706793402438,745477707813880265,12.228665,3.6774356,2.9406276,226.83419522719385,-39.95726296859032,2025070300209,71,60860.05369743027,r,226.834196077126,-39.95727293084786,27.704055786132812,9396.47,333.236,False,9001.9,2.62958,11022.9,337.866,False,1279.68,14.1962,21.467588202768468,0.03850450139681315,21.514164492502196,0.00031715861186134214,21.294260292768975,0.03327920353458035,23.632246498295732,0.01204467371970744
2010 NF20,482113,MBO,MBO,21164706793402438,745477708594545218,12.229165,3.6774297,2.94065,226.8339811051465,-39.95686884746936,2025070300215,24,60860.05660208196,r,226.83402237201344,-39.956877417206435,26.748306274414062,8770.64,326.31,False,7681.95,1.88099,10528.1,334.034,False,1187.23,15.335,21.542421830251772,0.04039461117149177,21.686321282100195,0.00026585162916687875,21.34412503681455,0.034448078681380806,23.71366286231444,0.014024043374317159
2010 NF20,482113,MBO,MBO,21164706793402438,745477709414006925,12.229687,3.6774232,2.9406734,226.83375748360135,-39.956456928968855,2025070300221,51,60860.059637112165,r,226.83375583200103,-39.95646327949426,27.089088439941406,9143.81,337.547,False,8909.72,0.778624,10963.4,342.588,False,1529.25,9.68071,21.497182067922914,0.040080339896459524,21.525339893421226,9.488292456395479e-05,21.30013681220106,0.03392744909850308,23.4388037770754,0.006873105875309035
2010 NF20,482113,MBO,MBO,21164706793402438,745477715043811828,12.23548,3.6773536,2.9409347,226.83128185758184,-39.95187192953404,2025070300263,37,60860.09333946743,r,226.8312933935192,-39.951872530060314,19.454273223876953,6011.34,304.868,False,5508.45,1.86642,5859.58,308.338,False,-280.98,7.35307,21.95257179757418,0.055063637447606284,22.04742643222599,0.00036787839204318706,21.98033376553825,0.057132719277316606,nan,nan
2010 NF20,482113,MBO,MBO,21164706793402438,745477715223642364,12.235566,3.6773527,2.9409385,226.83124533148413,-39.95180389560112,2025070300264,124,60860.0938382693,r,226.83129327681883,-39.95183303268431,15.795806884765625,5722.3,360.322,False,5866.89,4.86241,5166.98,372.011,False,-337.019,5.1054,22.006073480574294,0.0683666784887283,21.978980110745834,0.0008998454940757613,22.116908052826766,0.07817057506531781,nan,nan
2010 NF20,482113,MBO,MBO,21164706793402438,745477715469533438,12.235742,3.6773505,2.9409466,226.8311705362864,-39.951664542394674,2025070300266,81,60860.09486090587,r,226.8311832150822,-39.951660371662086,19.20009422302246,6512.13,340.449,False,6251.42,1.3284,6590.44,349.938,False,-307.137,6.2554,21.865692365342344,0.05676143095914075,21.910053318961232,0.00023071430324846787,21.852713983337523,0.05765022467014676,nan,nan
2010 NF20,482113,MBO,MBO,21164706793402438,745477715627868367,12.235829,3.6773493,2.9409504,226.8311331456901,-39.95159485917882,2025070300267,127,60860.095371542004,r,226.83113805127311,-39.95162297710994,18.487346649169922,6567.56,352.535,False,6970.98,2.82057,6538.3,365.187,False,-319.467,4.71141,21.856489867539885,0.058280398428887555,21.791765411213685,0.0004393062334162466,21.86133792331684,0.060642180991183355,nan,nan
2010 NF20,482113,MBO,MBO,21164706793402438,745477715714376136,12.235914,3.6773484,2.9409542,226.83109729610948,-39.95152803551284,2025070300268,36,60860.09586159121,r,226.8310902480692,-39.95152354649683,16.57866096496582,5840.17,343.246,False,5682.35,4.23766,5881.42,353.83,False,-283.085,5.70287,21.98393629186836,0.06381228914730133,22.013680030723012,0.0008096968211507775,21.976294529286704,0.06531858494268493,nan,nan
2010 NF20,482113,MBO,MBO,21164706793402438,745477716256489663,12.236242,3.6773443,2.9409692,226.83095752457575,-39.95126738458217,2025070300272,46,60860.09777297561,r,226.8309770229992,-39.95127190206881,18.283052444458008,5956.74,319.044,False,5508.81,3.19651,5917.32,324.176,False,-177.459,6.73039,21.962478346251686,0.05815221328668161,22.04735550413963,0.0006300029737893984,21.969687392448975,0.05948125583927221,nan,nan
2010 NF20,482113,MBO,MBO,21164706793402438,745477716381794447,12.236322,3.6773434,2.9409728,226.83092337823595,-39.95120367884324,2025070300273,29,60860.098239063474,r,226.83090413414882,-39.951207412321935,15.359837532043457,5703.64,370.259,False,5664.09,39.5226,5968.63,380.694,False,-216.934,5.86029,22.009619708752822,0.07048193692398773,22.01717466621971,0.007575994913200427,21.960313377630865,0.06925094487589425,nan,nan
2010 NF20,482113,MBO,MBO,21164706793402438,745477716659667120,12.236487,3.6773415,2.9409802,226.8308528317338,-39.95107202680715,2025070300275,47,60860.099204957616,r,226.83088529362732,-39.95109403931461,14.56876277923584,5503.16,374.407,False,5400.5,2.93935,5419.57,384.749,False,-295.971,4.50544,22.04846961976954,0.07386796635421103,22.068915073966437,0.0005909376157317082,22.06508796002965,0.07707916401235895,nan,nan
2010 NF20,482113,MBO,MBO,21164706793402438,745477716904509501,12.236648,3.6773396,2.9409876,226.83078493360892,-39.95094527141564,2025070300277,2,60860.10013341848,r,226.8308299932464,-39.95096002643282,15.47860050201416,6519.18,407.254,False,6737.38,6.94149,6484.9,418.116,False,-300.658,5.24358,21.864517539627542,0.06782607598261806,21.82877241135781,0.0011186288033712163,21.87024180769889,0.07000318939522637,nan,nan
2010 NF20,482113,MBO,MBO,21164706793402438,745477717058125945,12.236944,3.677336,2.941001,226.8306586096574,-39.95070932357308,2025070300278,39,60860.10186211521,z,226.83069544782504,-39.950709158352645,11.70687198638916,7527.45,620.892,False,7151.47,32.9769,7827.56,624.017,False,-235.697,20.0505,21.70838027318879,0.08955555167180108,21.76401166453345,0.0050065526686858325,21.66593397870726,0.08655543687834769,nan,nan
2010 NF20,482113,MBO,MBO,21164706793402438,745477717210694200,12.237075,3.6773343,2.941007,226.830602881892,-39.95060518504248,2025070300279,74,60860.1026256387,z,226.8306173728093,-39.95061223935503,12.970726013183594,7691.24,587.988,False,7661.57,4.83569,7688.94,593.358,False,-148.399,27.2965,21.685009058326255,0.08300349672254298,21.689205590231325,0.0006852751918738413,21.68533382843269,0.08378661253875212,nan,nan
2010 NF20,482113,MBO,MBO,21164706793402438,745477717617017584,12.237317,3.6773314,2.9410179,226.8304998558852,-39.95041257845676,2025070300282,81,60860.104036669974,z,226.83049926567045,-39.950392328410935,10.680682182312012,6393.45,589.039,False,6627.38,26.6554,6113.27,588.455,False,51.0854,31.7289,21.88566178402086,0.10003064861189524,21.846645337110314,0.004366843701202234,21.934316053138602,0.10451148319717063,27.12925801224457,0.6743456389812592
2010 NF20,482113,MBO,MBO,21164706793402438,745477717723971978,12.237399,3.6773305,2.9410217,226.83046489005216,-39.95034718572232,2025070300283,29,60860.1045158526,z,226.83045521622464,-39.950357810568796,13.10776138305664,8368.11,629.407,False,7859.64,5.40105,8614.4,628.049,False,135.639,30.1358,21.59343150332672,0.08166359185444942,21.6614933455297,0.0007461048502572815,21.561937366087044,0.0791576336058825,26.069038491225626,0.24122506543746033
2010 NF20,482113,MBO,MBO,21164706793402438,745477717927919991,12.237486,3.6773295,2.9410255,226.8304279582815,-39.95027810286391,2025070300284,162,60860.10502169024,z,226.83046543556438,-39.950290149363255,9.065850257873535,5924.4,640.829,False,5430.0,32.4378,6142.07,648.878,False,169.772,20.392,21.968389084729097,0.11744163722263565,22.06300042602788,0.0064859844089284364,21.929213126806395,0.11470242884904175,25.825334817468264,0.13041215564930178
2010 NF20,482113,MBO,MBO,21164706793402438,745477718185345149,12.237655,3.6773274,2.9410331,226.83035637211407,-39.950144157556686,2025070300286,141,60860.106002778644,z,226.83038061847202,-39.950132844114215,8.860359191894531,5568.53,615.627,False,5186.72,6.02136,5779.36,619.263,False,181.335,22.6646,22.035648632566712,0.12003321589166503,22.112767945866565,0.0012604513443502142,21.99530065621532,0.11633749685134603,25.75379586820749,0.1357034013262843
2010 NF20,482113,MBO,MBO,21164706793402438,745477718425469455,12.237826,3.6773252,2.941041,226.8302833466824,-39.95000746514898,2025070300288,87,60860.107003892816,z,226.83030882984863,-39.95002280117636,12.006461143493652,7021.1,576.709,False,6234.38,6.0955,7174.2,578.954,False,142.858,25.1807,21.78398708829713,0.08918172583157552,21.913016845385876,0.001061549849739676,21.760566271371196,0.08761830995937002,26.01273857264949,0.1913760353086377
2010 NF20,482113,MBO,MBO,21164706793402438,745477718556541397,12.237906,3.6773243,2.9410446,226.8302491390424,-39.949943414792735,2025070300289,81,60860.10747203736,z,226.83020843958334,-39.94991774013699,10.992753982543945,6383.56,567.489,False,5728.68,16.6145,6554.17,567.118,False,6.75327,24.5532,21.887342628199086,0.09652033697349868,22.00486355782096,0.0031488865969367774,21.85870575847655,0.09394637789894693,29.3262146924204,3.9474650564488925
2010 NF20,482113,MBO,MBO,21164706793402438,745477719230775815,12.238309,3.6773195,2.941063,226.8300782424179,-39.94962324579309,2025070300294,87,60860.1098161034,z,226.83007225848635,-39.94963985339667,13.286632537841797,7173.78,536.081,False,6775.83,1.70587,6372.7,527.078,False,-225.951,32.3917,21.7606298976835,0.08113471014198205,21.82259373406128,0.00027334287214060896,21.889191281230154,0.08979987336189298,nan,nan
2010 NF20,482113,MBO,MBO,21164706793402438,745477719385964645,12.238388,3.6773186,2.9410665,226.8300444996381,-39.94955999364522,2025070300295,127,60860.11027996723,z,226.83011333967096,-39.94952928899276,11.997318267822266,6635.25,553.168,False,6855.58,0.241371,6580.75,551.702,False,-278.681,23.6629,21.845356773342097,0.09051573900794506,21.809889479804596,3.8226559497631205e-05,21.854311518890746,0.09102349493071148,nan,nan
2010 NF20,482113,MBO,MBO,21164706793402438,745477720139367065,12.23888,3.6773126,2.941089,226.82983573200775,-39.94916838158531,2025070300301,28,60860.11314524174,z,226.82985059796488,-39.949174526494346,13.441019058227539,7555.12,556.624,False,7585.38,9.97004,7149.82,556.731,False,-343.157,31.9048,21.704396566294843,0.07999169375340229,21.70005666116215,0.0014270654742441922,21.764262255753767,0.08454241330376437,nan,nan
2010 NF20,482113,MBO,MBO,21164706793402438,745477720411472566,12.239037,3.6773107,2.941096,226.82976919121745,-39.9490434642084,2025070300303,35,60860.1140599175,z,226.82975592414832,-39.94906301677589,13.604276657104492,7477.54,543.904,False,6878.95,2.12852,6469.39,531.729,False,-340.565,31.2041,21.71560313206814,0.07897466982662198,21.8061945872494,0.00033595405895638455,21.87284164482803,0.08923830816513496,nan,nan
2010 NF20,482113,MBO,MBO,21164706793402438,745477720532058705,12.2391205,3.6773098,2.9411,226.8297336715137,-39.94897676322706,2025070300304,9,60860.114547815385,z,226.82977177149618,-39.94898943462431,13.04894733428955,7414.37,565.62,False,6770.64,11.1525,7156.98,566.539,False,-346.72,45.3262,21.72481434565818,0.0828275493571933,21.82342567145481,0.0017884089162510787,21.76317549398628,0.08594573506933474,nan,nan
2010 NF20,482113,MBO,MBO,21164706793402438,745477720803639774,12.239277,3.6773078,2.941107,226.82966723187045,-39.948851962049226,2025070300306,15,60860.11546031776,z,226.82968875352734,-39.94886307195922,12.653833389282227,7716.98,592.577,False,7382.57,17.0191,7361.45,594.324,False,-416.704,21.5526,21.68138156600827,0.08337229502514368,21.729481091984248,0.0025029567871084186,21.732591554583628,0.0876565132506146,nan,nan
2010 NF20,482113,MBO,MBO,21164706793402438,745477720931041986,12.239357,3.677307,2.9411106,226.8296333278783,-39.94878825768144,2025070300307,2,60860.115926589046,z,226.829619479833,-39.94881329577007,10.348856925964355,6349.37,598.546,False,5671.95,13.5668,5698.47,592.154,False,-378.157,30.4249,21.893173390785066,0.10235079585612429,22.015668978234864,0.0025969843815716164,22.01060429345987,0.11282379363941543,nan,nan
2010 NF20,482113,MBO,MBO,21164706793402438,745504070878363806,13.172608,3.6651328,2.989196,226.5397351385153,-39.16836160917944,2025070900021,106,60865.96076368546,i,226.53981196029406,-39.16842452553074,8.930486679077148,8254.04,923.087,False,9063.65,38.9866,7449.48,926.646,False,-99.6188,5.95512,21.608333571896527,0.12142283587929203,21.506742136819796,0.004670211247807614,21.719685106550504,0.13505548166998863,nan,nan
2010 NF20,482113,MBO,MBO,21164706793402438,745504070986891307,13.172679,3.6651318,2.9892,226.5397181213162,-39.16830239471149,2025070900022,57,60865.96121875044,i,226.53974556048107,-39.16828064182377,9.650627136230469,8424.25,877.581,False,8099.59,11.786,7700.67,887.136,False,-77.4507,5.92322,21.58617188351849,0.11310460366394205,21.62884243215713,0.0015798932328048032,21.6836787290435,0.12507946304309772,nan,nan
2010 NF20,482113,MBO,MBO,21164706793402438,745504071139459255,13.17275,3.6651306,2.9892042,226.53970099015223,-39.168242786621775,2025070900023,92,60865.96167607195,i,226.53965343530865,-39.16829334368529,10.22960376739502,9196.43,894.111,False,9556.24,13.6985,8063.52,894.695,False,-149.555,6.20009,21.490951863148425,0.10555930308571648,21.449282352633986,0.0015563607326940065,21.63368832869508,0.12046882246405259,nan,nan
2010 NF20,482113,MBO,MBO,21164706793402438,745504071249559720,13.172821,3.6651297,2.989208,226.539683894633,-39.16818330542354,2025070900024,46,60865.96213329272,i,226.53966685031182,-39.16817839387152,10.024154663085938,7799.73,759.055,False,8467.87,20.5057,6957.72,758.963,False,-123.581,6.47068,21.669801079819393,0.1056617971409548,21.580564529861768,0.002629206597562213,21.79383259792211,0.11843442902426479,nan,nan
2010 NF20,482113,MBO,MBO,21164706793402438,745504071523762461,13.172964,3.6651278,2.9892159,226.5396495113295,-39.168063682434266,2025070900026,57,60865.96305255608,i,226.53964292522835,-39.168089874272084,10.003713607788086,8134.03,800.665,False,9043.99,7.4461,7112.95,806.254,False,-187.047,5.68425,21.624235604077004,0.1068733429170078,21.509099788184933,0.0008939085956388478,21.769875580524698,0.12306837033054617,nan,nan
2010 NF20,482113,MBO,MBO,21164706793402438,745504071904395718,13.173178,3.665125,2.9892278,226.53959820434787,-39.16788519991048,2025070900029,15,60865.96442325917,i,226.5395872612983,-39.16789464770818,12.602779388427734,8490.36,673.014,False,7925.09,11.5546,7766.17,659.958,False,-214.765,6.9129,21.57768469212451,0.08606414933352208,21.652489514124518,0.0015829785580218237,21.674482778575705,0.09226430916529368,nan,nan
2010 NF20,482113,MBO,MBO,21164706793402438,745504072043855895,13.173249,3.665124,2.9892318,226.53958102387205,-39.16782543883685,2025070900030,25,60865.96488278034,i,226.53962239139057,-39.1678021639386,11.645620346069336,8937.97,763.778,False,9266.54,36.2681,7973.75,766.039,False,-276.037,6.39774,21.521902801636315,0.09277962096557336,21.482705983527026,0.0042494382891174465,21.645843462103706,0.10430679142776568,nan,nan
2010 NF20,482113,MBO,MBO,21164706793402438,745504072447033593,13.173462,3.665121,2.9892435,226.53952973489905,-39.16764704751072,2025070900033,26,60865.966252614235,i,226.53955041880766,-39.16766343656321,13.513960838317871,8614.76,633.455,False,8427.81,6.50268,8090.36,631.24,False,-229.429,8.08872,21.56189207235884,0.07983566168431926,21.585713215021258,0.000837725966025288,21.63008040080202,0.08471317999081736,nan,nan
2010 NF20,482113,MBO,MBO,21164706793402438,745504072621621538,13.173533,3.6651201,2.9892476,226.53951258551703,-39.1675874035375,2025070900034,103,60865.96671038775,i,226.53955700826057,-39.16762587324996,12.117241859436035,8098.58,658.014,False,7999.38,5.39915,7146.79,644.999,False,-230.751,8.17351,21.628977797955123,0.08821664924332319,21.642359196242353,0.0007328133682215353,21.764722441422606,0.09798787818756106,nan,nan
2010 NF20,482113,MBO,MBO,21164706793402438,745504072780480629,13.173605,3.6651192,2.9892514,226.53949550951697,-39.16752801681897,2025070900035,150,60865.96716664883,i,226.53949820465743,-39.16753342043548,14.110547065734863,9551.36,667.322,False,9529.71,13.0017,8523.42,658.047,False,-227.373,7.2147,21.449836924154972,0.07585680492511646,21.452300792549305,0.0014813060320807145,21.57346528679545,0.08382380027035384,nan,nan
2010 NF20,482113,MBO,MBO,21164706793402438,745504072914174093,13.173676,3.6651182,2.9892554,226.5394783570934,-39.167468366289576,2025070900036,149,60865.967624468314,i,226.53949918806103,-39.16748343350323,14.156702995300293,9391.64,657.694,False,8886.43,10.5341,8408.83,646.468,False,-223.029,6.93413,21.46814644848686,0.07603381106109931,21.528181727625753,0.0012870470705890976,21.588161058649778,0.08347103287634673,nan,nan
2010 NF20,482113,MBO,MBO,21164706793402438,745504073113403622,13.173821,3.6651163,2.9892635,226.53944322372044,-39.16734618974601,2025070900038,17,60865.96856239363,i,226.53940597942105,-39.1673807093569,8.67528247833252,7838.56,897.249,False,7584.55,18.2428,7164.89,919.355,False,-348.113,4.89586,21.664409274424933,0.12427993689503448,21.70017548120846,0.0026114757875492357,21.76197616124147,0.13931504437229966,nan,nan
2010 NF20,482113,MBO,MBO,21164706793402438,745504073582641381,13.174037,3.6651134,2.9892755,226.5393915239185,-39.16716641648369,2025070900041,144,60865.969942590134,i,226.53942689378718,-39.16714195480506,7.987655162811279,6477.14,788.336,False,6045.84,17.3859,5198.71,788.731,False,-243.055,5.21258,21.871541766572737,0.1321455020359299,21.946358404017268,0.0031222298489932947,22.110261028582848,0.1647242928659183,nan,nan
2010 NF20,482113,MBO,MBO,21164706793402438,745504073671246039,13.1741085,3.6651125,2.9892795,226.53937432529383,-39.167106615689455,2025070900042,57,60865.970401223625,i,226.53937239117388,-39.167090226974366,12.011674880981445,7734.96,635.751,False,7637.86,5.92104,6956.18,631.607,False,-174.642,7.61539,21.678854825076016,0.0892387104716935,21.692570785423243,0.0008416870269965433,21.794072944069022,0.09858263643524144,nan,nan
2010 NF20,482113,MBO,MBO,21164706793402438,745504073826959394,13.174179,3.6651115,2.9892833,226.5393572751921,-39.167047332753874,2025070900043,98,60865.97085643295,i,226.53934307451723,-39.16706332902433,9.74843692779541,6973.53,711.177,False,6782.22,5.13588,5777.11,702.429,False,-141.598,7.68237,21.79136834952537,0.11072593690722292,21.821570282583714,0.0008221807425192591,21.99572343350793,0.13201282857959254,nan,nan
2010 NF20,482113,MBO,MBO,21164706793402438,745504073982673071,13.17425,3.6651106,2.9892874,226.53934026122843,-39.166988176818045,2025070900044,139,60865.971310373,i,226.53936335986438,-39.16702064451301,11.047279357910156,7666.1,690.082,False,8056.42,15.2933,6576.32,679.367,False,-170.884,6.60916,21.68856378595751,0.09773508951991686,21.634644763223896,0.002061025779237877,21.855042685097995,0.1121620256777649,nan,nan
2010 NF20,482113,MBO,MBO,21164706793402438,745504074074947611,13.174323,3.6651096,2.9892914,226.5393226462913,-39.166926932699006,2025070900045,59,60865.97178081765,i,226.5393336420598,-39.166921615296275,10.286564826965332,7322.18,721.242,False,7633.15,33.7627,6278.96,712.365,False,-72.3951,6.08694,21.738398971760766,0.10694609225180843,21.69324052178691,0.004802392889139798,21.90528071574931,0.12317970901412648,nan,nan
2010 NF20,482113,MBO,MBO,21164706793402438,745504074252681457,13.174397,3.6651084,2.9892955,226.53930465514503,-39.16686438188953,2025070900046,142,60865.97226007635,i,226.53933838247534,-39.16690745341019,8.68643569946289,8088.62,945.443,False,8195.02,23.7606,6573.94,955.51,False,-92.4021,4.92246,21.630313901965952,0.12690689788137077,21.616125017587578,0.0031479781873256524,21.85543566972444,0.15780974892651864,nan,nan
2010 NF20,482113,MBO,MBO,21164706793402438,745504074640654536,13.174612,3.6651056,2.9893074,226.5392528853168,-39.16668439756207,2025070900049,114,60865.97364172688,i,226.53923612375866,-39.16665097453495,7.904939651489258,6836.72,857.396,False,7442.16,38.7704,5440.43,869.542,False,-107.26,4.94166,21.812880481885035,0.13616264020172714,21.720752470351115,0.005656210986591004,22.060916898005566,0.17353282589274419,nan,nan
2010 NF20,482113,MBO,MBO,21164706793402438,745504074790600909,13.174685,3.6651046,2.9893115,226.5392356012118,-39.166624309145455,2025070900050,144,60865.974102140724,i,226.5392647261163,-39.16662415395725,10.66801929473877,7059.58,658.903,False,7350.49,1.49789,5962.24,643.896,False,-174.706,6.4833,21.778052827815586,0.10133674397645415,21.73420923766912,0.00022125237189421303,21.961476322703504,0.11725478470779326,nan,nan
2010 NF20,482113,MBO,MBO,21164706793402438,745504075950850140,13.175595,3.6650925,2.989362,226.53901609563627,-39.16586124273085,2025070900059,53,60865.97995476727,y,226.53890882441814,-39.16575848493721,5.182658672332764,10176.6,1970.71,False,11452.3,183.943,8145.45,1949.6,False,-1395.28,106.374,21.380993280337066,0.21025403728139125,21.252768228246524,0.017438730272155093,21.622712268586092,0.2598691573250739,nan,nan
2010 NF20,482113,MBO,MBO,21164706793402438,745504077289881679,13.176323,3.6650827,2.9894025,226.5388407019693,-39.16525151459466,2025070900069,47,60865.98462757774,y,226.53880770813328,-39.16525092128989,5.836771011352539,9683.4,1607.32,False,9876.53,281.705,8543.68,1598.63,False,-1408.44,92.4273,21.434930276262737,0.1802182485406132,21.41348900183067,0.03096809248942429,21.570887605540346,0.2031549095705649,nan,nan
2010 NF20,482113,MBO,MBO,21164706793402438,745504077425147934,13.176394,3.6650817,2.9894066,226.5388236574311,-39.16519225823276,2025070900070,49,60865.985081576495,y,226.53875888365295,-39.1651635587666,5.517531394958496,9682.04,1725.56,False,12356.1,673.309,8410.24,1727.9,False,-1621.65,89.6791,21.435082814280182,0.19350292103121713,21.170296498169193,0.05916397602776269,21.58797899654169,0.2230665905405281,nan,nan
2010 NF20,482113,MBO,MBO,21164706793402438,745504077877608531,13.176606,3.6650789,2.9894183,226.53877248225177,-39.165014338538136,2025070900073,144,60865.98644490543,y,226.53870721001155,-39.16505750775103,5.293451309204102,10382.7,1954.91,False,13451.3,368.473,9008.18,1974.03,False,-1982.59,66.9812,21.359224215587034,0.2044281893174664,21.078089368944152,0.029741695868606068,21.51340739867426,0.2379255239614544,nan,nan
2010 NF20,482113,MBO,MBO,21164706793402438,745504078934048924,13.177422,3.6650677,2.9894638,226.53857591908712,-39.1643308340131,2025070900081,111,60865.99167894689,z,226.5385023671744,-39.1643750240017,8.530006408691406,7966.6,926.516,False,8175.88,19.0399,7177.68,928.49,False,-43.0015,13.3244,21.64681745681626,0.12627117510781388,21.618663744165442,0.0025284506221242347,21.760039742336232,0.1404486092253696,nan,nan
2010 NF20,482113,MBO,MBO,21164706793402438,745504079554281524,13.177784,3.665063,2.9894838,226.53848869789493,-39.16402746135638,2025070900086,14,60865.994000396386,z,226.5385202619104,-39.16407383624535,9.740972518920898,8278.58,849.862,False,9870.1,35.0545,9169.76,860.014,False,1291.44,13.202,21.605110364896614,0.11145944512346799,21.414196160984567,0.00385608473323712,21.494105105162483,0.10182909207528372,23.62231446486554,0.011099152621169674
2010 NF20,482113,MBO,MBO,21164706793402438,745504079687975245,13.1778555,3.665062,2.989488,226.53847126772644,-39.16396682845859,2025070900087,13,60865.99446427022,z,226.53839341853683,-39.16390738996812,9.709686279296875,7497.26,769.831,False,7415.64,13.0796,9995.71,771.468,False,2565.94,15.5008,21.712743603562622,0.11148518358475165,21.72462838406199,0.0019150060365329127,21.40046588501339,0.08379702500081261,22.87688378243303,0.006558914195639517
2010 NF20,482113,MBO,MBO,21164706793402438,745504080030859559,13.17801,3.6650598,2.9894965,226.5384341150411,-39.16383757961948,2025070900089,155,60865.99545329548,z,226.53842605613272,-39.16387566642396,7.444913387298584,6122.96,798.82,False,7228.81,42.158,8903.39,801.113,False,2587.64,17.4686,21.932596451198663,0.14164845247563287,21.75233296614072,0.006331950566737223,21.526111549300484,0.0976928334679767,22.867740405352095,0.00732957115939816
2010 NF20,482113,MBO,MBO,21164706793402438,745504080425648144,13.178241,3.6650567,2.9895093,226.53837847808788,-39.163644002737335,2025070900092,140,60865.9969348686,z,226.53844142024423,-39.16365382522772,9.763376235961914,7435.58,755.256,False,7255.56,0.768824,11132.1,755.82,False,3857.13,15.4122,21.721712862104663,0.11028174726108093,21.74832264656697,0.00011504832498475674,21.28355729069758,0.07371665499124398,22.434339341751773,0.004338351057706072
2010 NF20,482113,MBO,MBO,21164706793402438,745504080512155813,13.178314,3.6650558,2.9895134,226.5383607460436,-39.16358230148703,2025070900093,49,60865.99740604441,z,226.53842787924498,-39.163576225336996,9.30894947052002,6613.24,698.318,False,6707.77,45.6024,10589.5,698.835,False,3823.4,16.1815,21.848964251773086,0.11464714735013962,21.833554589732827,0.00738131725472239,21.3378113632741,0.07165120964244352,22.44387568818665,0.0045950829844519465
2010 NF20,482113,MBO,MBO,21164706793402438,745504080676258056,13.178385,3.6650548,2.9895175,226.53834361496405,-39.163522688312064,2025070900094,106,60865.99786223304,z,226.53834875638546,-39.16353722491566,7.54481840133667,4925.43,657.44,False,5273.03,24.115,8728.87,656.985,False,3941.46,17.2287,22.168889583063404,0.14492265398802184,22.09484943878092,0.004965367046274167,21.547604921557387,0.08171875340132964,22.410857202076745,0.004745912486440308
2010 NF20,482113,MBO,MBO,21164706793402438,745504080803135746,13.178457,3.6650538,2.9895213,226.5383262959298,-39.16346241794081,2025070900095,92,60865.99832314386,z,226.53837390176545,-39.16345333171312,9.162890434265137,6448.06,700.369,False,6927.18,13.3424,10668.2,703.905,False,3754.71,16.5659,21.876427315183907,0.11792942268307291,21.798608790569396,0.002091229899236997,21.329772107759176,0.07163862329418555,22.463559012980653,0.004790302966926645
2010 NF20,482113,MBO,MBO,21164706793402438,745504080939974885,13.178528,3.665053,2.9895253,226.538309202227,-39.16340292854587,2025070900096,97,60865.9987783953,z,226.53823285489275,-39.16331859062618,9.469377517700195,7652.57,840.315,False,8591.31,26.922,11150.6,849.646,False,4408.4,12.4548,21.690481747716127,0.11922275033213348,21.564851579417287,0.003402297499136943,21.28175444588009,0.08273020747791651,22.289297539755704,0.003067468288914561
2010 NF20,482113,MBO,MBO,21164706793402438,745504081036968086,13.178608,3.665052,2.9895298,226.5382900045977,-39.16333611322297,2025070900097,26,60865.99928914566,z,226.53831386271463,-39.16329663115996,6.420694351196289,4781.11,730.572,False,5557.06,16.0774,7345.68,733.696,False,3034.3,14.6676,22.201178191759993,0.16590467832599545,22.03788727374876,0.0031411961180256034,21.734919960912382,0.10844472859270995,22.69485368979999,0.005248374831453027
2010 NF20,482113,MBO,MBO,21164706793402438,745504081238294751,13.178679,3.6650507,2.9895337,226.53827257268068,-39.16327543965375,2025070900098,154,60865.99975303552,z,226.53825644998267,-39.16334783380425,7.35174036026001,5052.61,720.733,False,6060.71,167.874,8637.75,720.477,False,3540.05,16.5052,22.141210586170402,0.1548755795439987,21.94369124731631,0.030073518304821693,21.558998424428083,0.09056154119562218,22.527476494811076,0.005062157976103461
2010 NF20,482113,MBO,MBO,21164706793402438,745504081319559205,13.178748,3.66505,2.9895375,226.53825619266752,-39.163218424126654,2025070900099,53,60866.00018957651,z,226.53821432616425,-39.163180682212825,9.503122329711914,6389.41,656.767,False,6886.2,16.3728,7654.28,657.022,False,1524.43,16.3281,21.88634808062494,0.11160274952319323,21.80505088914382,0.0025814733999887235,21.690239167883743,0.09319655971001775,23.442231244553923,0.011629270561646157
2010 NF20,482113,MBO,MBO,21164706793402438,745504081458495496,13.17882,3.665049,2.9895415,226.53823876074327,-39.16315774361154,2025070900100,62,60866.000653441,z,226.53827541566352,-39.1631723423817,9.96552562713623,6510.09,641.131,False,7150.28,17.2308,7216.6,632.892,False,1230.16,15.284,21.866032544564305,0.10692619230371712,21.764192410611926,0.002616415670662987,21.754168400325312,0.09521849348469283,23.675095966441894,0.013489620962472144
2010 NF20,482113,MBO,MBO,21164706793402438,745504081611587766,13.178893,3.665048,2.9895456,226.53822114099407,-39.16309640553391,2025070900101,98,60866.001122084046,z,226.53827037396712,-39.16311601836423,10.465497016906738,6544.94,623.796,False,6856.06,6.09812,7074.48,617.449,False,686.363,23.702,21.860235835821843,0.10348115183832478,21.809813466699303,0.0009657076862153765,21.775763695132184,0.0947612698283107,24.308615378313345,0.03749345471385104
2010 NF20,482113,MBO,MBO,21164706793402438,745504081744756931,13.178965,3.665047,2.9895496,226.53820400968496,-39.1630367641292,2025070900102,96,60866.001578424475,z,226.53826107186907,-39.163046027346006,11.822366714477539,7441.48,624.63,False,7324.14,16.414,7413.61,622.194,False,305.815,25.4042,21.72085170568132,0.09113555538139026,21.738108386751417,0.0024332240033354113,21.724925680471507,0.09112140128389766,25.186353032776058,0.09019262965735397
2010 NF20,482113,MBO,MBO,21164706793402438,745504082041504056,13.179139,3.6650445,2.9895594,226.5381618580273,-39.162890000238654,2025070900104,150,60866.0027008749,z,226.53812979943993,-39.162917110036936,9.619912147521973,6380.33,647.742,False,6608.24,38.6138,6487.28,646.359,False,99.6854,15.5401,21.887892132585737,0.11022579347813542,21.849785442909045,0.006344260987701378,21.869843428240102,0.10817714055120878,26.403421089458973,0.16925697220665298
2010 NF20,482113,MBO,MBO,21164706793402438,745504082147409958,13.17921,3.6650436,2.9895632,226.53814472705625,-39.162830346838405,2025070900105,96,60866.00315603626,z,226.538181942634,-39.1628614520351,8.107685089111328,5606.49,675.466,False,5899.22,60.1534,5281.39,672.968,False,-40.9387,16.9109,22.028272324959076,0.13080873493680892,21.973013478848877,0.011071077582798334,22.093129374894588,0.13834723858950276,nan,nan
2010 NF20,482113,MBO,MBO,21164706793402438,745504082279006434,13.179281,3.6650426,2.9895673,226.5381275211128,-39.16277042836659,2025070900106,91,60866.003614421774,z,226.53814001767321,-39.16275907281726,9.682318687438965,6854.08,713.284,False,7214.07,91.3324,7081.74,717.782,False,-120.862,14.0234,21.810127064733045,0.11298938012634661,21.7545491462674,0.01374576251782234,21.774650019151835,0.11004666362310762,nan,nan
2010 NF20,482113,MBO,MBO,21164706793402438,745504082548490554,13.179453,3.6650405,2.9895768,226.538086235061,-39.16262663581064,2025070900108,93,60866.004713727394,z,226.5381134628165,-39.16259397260516,9.770143508911133,6470.02,657.7,False,6425.22,10.5922,6041.84,655.392,False,-263.369,17.2064,21.872735938838872,0.11036885712368674,21.880279957364223,0.0017898741127420155,21.947076977819655,0.11777585510206336,nan,nan
2010 NF20,482113,MBO,MBO,21164706793402438,745504082800672968,13.179651,3.6650379,2.989588,226.5380384515488,-39.16246018287459,2025070900110,62,60866.005985853626,z,226.53801834899727,-39.16248420678226,10.523164749145508,6328.81,601.7,False,6571.48,6.88712,6066.45,600.966,False,-279.006,26.7306,21.896694845638432,0.10322437892878421,21.855842027025947,0.0011378860322291413,21.942663408866107,0.10755722485678047,nan,nan
2010 NF20,482113,MBO,MBO,21164706793402438,745504082954813556,13.179742,3.6650364,2.989593,226.53801651391024,-39.16238375204362,2025070900111,100,60866.006569111545,z,226.53804970889772,-39.16242576071658,10.250024795532227,7330.21,708.656,False,7105.73,18.1386,6895.29,707.652,False,-357.45,19.7581,21.737208963952895,0.10496472630129249,21.770978249582427,0.0027715286285438993,21.803618653047685,0.11142727398415714,nan,nan
2010 NF20,482113,MBO,MBO,21164706793402438,745504083218530319,13.179888,3.6650345,2.9896011,226.53798139218668,-39.16226137221057,2025070900113,91,60866.00750468912,z,226.53799069691058,-39.162245112826405,11.036449432373047,7536.52,674.948,False,7878.41,14.1254,6403.16,669.883,False,-409.766,17.3034,21.707072857205546,0.09723525923229623,21.65890353306216,0.0019466437310161019,21.88401408859679,0.11358707318460075,nan,nan
2010 NF20,482113,MBO,MBO,21164706793402438,745530475478515730,14.031688,3.65236,3.044548,226.4530459282588,-38.393150046224456,2025071500143,4,60872.00444052537,r,226.45303195616557,-38.393121453027724,5.098072052001953,10206.2,2056.43,False,10996.3,84.6754,10239.6,2067.78,False,-100.425,28.503,21.377839793010935,0.2187631426587109,21.296883570001015,0.008360552988435375,21.374292562218507,0.21925306915594095,nan,nan
2010 NF20,482113,MBO,MBO,21164706793402438,745530475628462197,14.031753,3.652359,3.0445526,226.45304489245535,-38.39309146725894,2025071500144,34,60872.004909892494,r,226.45305923093434,-38.39313918748612,7.365633010864258,8531.67,1160.95,False,10126.0,48.8691,8315.72,1173.42,False,-104.737,15.3261,21.572414887827172,0.14774193158453452,21.386405192372944,0.00523987257679978,21.600250391442614,0.15320677788487097,nan,nan
2010 NF20,482113,MBO,MBO,21164706793402438,745530475759534129,14.031815,3.652358,3.0445569,226.45304387974076,-38.39303413392204,2025071500145,28,60872.005368304235,r,226.45301412649872,-38.393070059428716,11.765507698059082,9782.99,822.098,False,9165.78,9.95928,9520.5,833.941,False,-106.213,31.1161,21.423820949994386,0.0912381148771458,21.49457639521483,0.0011797305370609627,21.453350606575903,0.09510423964455439,nan,nan
2010 NF20,482113,MBO,MBO,21164706793402438,745530476330483995,14.032081,3.6523538,3.0445755,226.4530395955052,-38.39279089829831,2025071500149,93,60872.007315739786,r,226.45303553280394,-38.3927732510649,19.184917449951172,8002.53,413.129,False,8175.84,1.91433,7824.15,414.185,False,-118.692,9.76147,21.641931751877124,0.05605091417240035,21.618669061264864,0.00025421943613209336,21.66640709380744,0.05747533635345033,nan,nan
2010 NF20,482113,MBO,MBO,21164706793402438,745530477268959536,14.032549,3.6523466,3.0446084,226.4530321082668,-38.39236287149573,2025071500156,91,60872.01074066723,r,226.45303105746916,-38.392361387505325,17.400859832763672,7189.57,398.687,False,7549.81,19.6682,7027.62,400.461,False,-130.341,16.1656,21.758242735293507,0.06020790305585674,21.705159936007252,0.002828478618186243,21.782979306568862,0.06186945188454768,nan,nan
2010 NF20,482113,MBO,MBO,21164706793402438,745534870080454935,14.158144,3.6502945,3.0539029,226.4591704372044,-38.27257357778868,2025071600117,90,60872.973562362706,r,226.45917738037926,-38.272578646515356,30.43023681640625,7411.99,240.204,False,7089.13,0.693479,7307.14,241.085,False,-167.917,5.56136,21.725162903887384,0.0351859845172419,21.77351766672606,0.00010620982710692104,21.74063140913112,0.03582177367836037,nan,nan
2010 NF20,482113,MBO,MBO,21164706793402438,745534870210478192,14.158205,3.6502934,3.0539074,226.45917204909935,-38.2725171230932,2025071600118,82,60872.97402084846,r,226.45918129101725,-38.27251712231084,30.644851684570312,7234.41,234.146,False,6852.58,1.20522,7244.52,235.748,False,-146.604,5.58495,21.7514921811718,0.03514049931748918,21.81036470166211,0.00019095741406412024,21.749975957771284,0.035331552580719704,nan,nan
2010 NF20,482113,MBO,MBO,21164706793402438,745534870344696066,14.158266,3.6502924,3.0539117,226.45917366420392,-38.27246054184849,2025071600119,82,60872.974479547614,r,226.4591811688099,-38.27246251629048,33.699119567871094,7703.53,227.943,False,7186.98,0.494067,7529.86,228.766,False,-127.478,5.61229,21.683275584810133,0.032126306667371145,21.758633912202107,7.463864451200679e-05,21.708032765729985,0.03298594398194808,nan,nan
2010 NF20,482113,MBO,MBO,21164706793402438,745534870724804976,14.15845,3.6502895,3.053925,226.45917852193017,-38.27229028535079,2025071600122,39,60872.97586007262,r,226.45919723345253,-38.272294145842835,33.13328170776367,7268.26,218.26,False,6787.45,0.0150456,7272.87,218.833,False,-57.0404,6.65041,21.746423898800238,0.03260378491246795,21.82073336035132,2.4067289166348987e-06,21.74573542055733,0.032668657487727924,nan,nan
2010 NF20,482113,MBO,MBO,21164706793402438,745534870982754675,14.158572,3.6502876,3.053934,226.45918175689383,-38.27217684679589,2025071600124,19,60872.97678056924,r,226.4591915784701,-38.27218819813433,30.866193771362305,7858.11,253.783,False,7469.63,1.68919,7618.82,254.581,False,11.2454,10.4069,21.661704759158177,0.035064589476989934,21.7167522919255,0.0002455295377638281,21.69528074209871,0.0362796086833557,28.77256268874121,1.0047795649028746
2010 NF20,482113,MBO,MBO,21164706793402438,745534871803265449,14.158951,3.6502814,3.0539615,226.4591917426504,-38.2718264605878,2025071600130,48,60872.9796210153,r,226.45920438655233,-38.27182939606349,40.506431579589844,7682.79,188.215,False,6922.34,0.0685287,7809.49,187.733,False,170.95,20.3762,21.686202588421978,0.026598649027691355,21.799367708414337,1.0748401402249895e-05,21.668443284584413,0.026100105213804223,25.817827256550764,0.12941315091436345
2010 NF20,482113,MBO,MBO,21164706793402438,745534871940104550,14.159011,3.6502805,3.053966,226.45919334861995,-38.27177008613362,2025071600131,53,60872.98007815458,r,226.45919582667042,-38.27177712459668,38.70851516723633,7919.2,200.997,False,7528.0,1.53008,8147.15,200.574,False,207.136,8.33491,21.65329669511157,0.02755703960895844,21.708300973951996,0.00022067789713609132,21.622485732188352,0.026729649228256873,25.609361028337347,0.04368875476742511
2010 NF20,482113,MBO,MBO,21164706793402438,745534872100536500,14.159072,3.6502795,3.0539703,226.45919495455536,-38.27171370842326,2025071600132,103,60872.98053552857,r,226.45920301189057,-38.27171680958444,41.447532653808594,8236.25,193.609,False,7778.25,0.638668,8499.46,193.036,False,204.394,13.3233,21.610676198611017,0.025522330410393118,21.672795255865573,8.914922651989922e-05,21.5765216690777,0.024658763036838265,25.623829657650866,0.07077306461146622
2010 NF20,482113,MBO,MBO,21164706793402438,745534872212734438,14.159133,3.6502786,3.0539749,226.45919656750527,-38.2716570807021,2025071600133,61,60872.98099402989,r,226.45920217916571,-38.271662075155504,40.6848258972168,8044.38,196.561,False,7761.39,0.515251,8394.69,197.918,False,220.178,10.2398,21.6362685718436,0.02652950286892996,21.6751512140465,7.207815025348917e-05,21.589988286681834,0.02559793469192906,25.543065224536136,0.0504942473629475
2010 NF20,482113,MBO,MBO,21164706793402438,745534872319689184,14.159196,3.6502776,3.0539794,226.45919820857617,-38.27159946262357,2025071600134,9,60872.98146106364,r,226.4592116315222,-38.27160847075228,35.5074348449707,8141.18,225.932,False,7352.1,0.411557,8454.7,226.352,False,206.403,7.33331,21.62328158400625,0.030131081039721445,21.733971471831033,6.077750809889508e-05,21.582254469819624,0.029067685568513635,25.613209987319387,0.038575216012328654
2010 NF20,482113,MBO,MBO,21164706793402438,745534872852365372,14.159447,3.6502736,3.0539975,226.45920483664463,-38.27136673485997,2025071600138,1,60872.983347925554,r,226.45921318157727,-38.27138675791112,28.492374420166016,8187.54,282.765,False,8236.18,3.04436,8484.51,283.817,False,77.0288,5.62899,21.617116407973256,0.037497003053181384,21.610685467532278,0.000401323418561485,21.57843311531468,0.03631917291971159,26.683367155860328,0.07934173128633931
2010 NF20,482113,MBO,MBO,21164706793402438,745534873007555059,14.159509,3.6502726,3.054002,226.45920648512208,-38.271308852765,2025071600139,41,60872.98381629876,r,226.459240716403,-38.27130319419965,37.084678649902344,7639.15,204.098,False,7426.33,0.269108,7705.19,203.07,False,3.89904,9.19207,21.692387419418964,0.029008017720711366,21.72306437898039,3.934383372572261e-05,21.683041627442464,0.028614539126100194,29.922605778000353,2.5596462835003084
2010 NF20,482113,MBO,MBO,21164706793402438,745534873438519879,14.159703,3.6502695,3.0540164,226.4592116108266,-38.2711288903092,2025071600142,95,60872.98527456897,r,226.45923224966032,-38.27113803673247,38.11772537231445,7846.56,202.459,False,7433.0,1.47902,7840.49,202.708,False,-101.577,11.0424,21.663301741893928,0.028014450184545323,21.722089667992627,0.0002160400324260649,21.66414195444079,0.02807061802646954,nan,nan
2010 NF20,482113,MBO,MBO,21164706793402438,745534873955467951,14.159961,3.6502652,3.054035,226.4592183991607,-38.27089061710672,2025071600146,57,60872.987204540565,r,226.45922583449743,-38.27089120414402,42.39249801635742,7955.26,184.486,False,7021.02,0.87681,7781.39,183.697,False,-114.958,37.2403,21.64836408657536,0.02517870278972968,21.78399947157242,0.00013559060856046216,21.672357024628894,0.02563121587024045,nan,nan
2010 NF20,482113,MBO,MBO,21164706793402438,745534876362473813,14.161315,3.6502435,3.0541337,226.4592542888172,-38.26963420905012,2025071600164,40,60872.997373475504,g,226.45927951768599,-38.26945848269296,39.32147979736328,1724.55,104.509,False,4243.51,2.50376,3182.97,104.12,False,1454.42,23.4645,23.308310493217594,0.06579641339836323,22.33068698510151,0.0006406072185765238,22.64291864662959,0.03551615555974211,23.493275372236543,0.017516437391302625
2010 NF20,482113,MBO,MBO,21164706793402438,745534876480438715,14.161379,3.6502426,3.0541382,226.45925598324007,-38.2695751107053,2025071600165,9,60872.99785148266,g,226.4592681055609,-38.269590597515894,37.236427307128906,4649.16,124.378,False,4505.8,3.18344,5824.97,124.173,False,1123.59,16.7974,22.231563731994648,0.029046471050180548,22.265570270351468,0.000767094895677626,21.986765727498238,0.023145031305497776,23.77348036976089,0.016231494905069647
2010 NF20,482113,MBO,MBO,21164706793402438,745534876612034563,14.161437,3.6502416,3.0541425,226.4592575437128,-38.26952070734355,2025071600166,4,60872.99829147222,g,226.459263535456,-38.269534399639774,36.08127975463867,4557.83,125.079,False,4281.79,2.48035,5916.42,125.011,False,1298.25,16.9209,22.25310467480237,0.02979549456904363,22.320936581226203,0.0006289439206396803,21.96985252309714,0.022941064395066477,23.616604171832265,0.014151075772390893
2010 NF20,482113,MBO,MBO,21164706793402438,745534876750970899,14.1615,3.6502407,3.0541472,226.45925921849667,-38.26946234400064,2025071600167,13,60872.99876336702,g,226.45926981475554,-38.269466567356496,34.96737289428711,4448.51,126.194,False,4197.14,1.51268,6014.08,127.466,False,1498.75,19.0664,22.279463629265987,0.03079984131923554,22.342616325132084,0.0003913072823471207,21.952076983797816,0.023011741278619484,23.460677009732734,0.013812231090988676
2010 NF20,482113,MBO,MBO,21164706793402438,745534876886237316,14.161561,3.6502397,3.0541515,226.459260851544,-38.269405461037614,2025071600168,15,60872.99922374837,g,226.45927040322582,-38.269410950447906,34.66051483154297,4100.34,118.431,False,3960.25,1.65185,5697.29,119.142,False,1512.38,22.6696,22.36795036664651,0.03135955289087438,22.405693493397443,0.0004528687162873232,22.010829177021776,0.022704966776287337,23.450847682654974,0.01627448450850238
2010 NF20,482113,MBO,MBO,21164706793402438,745534877039853783,14.161623,3.6502388,3.054156,226.45926250320764,-38.26934795640648,2025071600169,52,60872.999688804106,g,226.45927107811826,-38.26934493851832,36.72956085205078,4298.66,115.693,False,4008.39,2.14397,5913.57,115.749,False,1565.23,30.9519,22.316667220017067,0.029221216619307457,22.39257510410468,0.0005807284039349582,21.970375677273733,0.021251610160460777,23.413554605500707,0.021470071094285375
2010 NF20,482113,MBO,MBO,21164706793402438,745534877149429944,14.161681,3.6502378,3.0541604,226.4592640526737,-38.26929403503636,2025071600170,5,60873.00012422761,g,226.45927903612915,-38.26928763797866,35.91777801513672,4276.23,118.722,False,3937.87,0.68809,5775.73,119.39,False,1429.29,30.8893,22.322347364970902,0.03014355505259822,22.411846530753127,0.00018971785039620303,21.995982796358145,0.022443231463682798,23.51219908235595,0.023464538178875092
2010 NF20,482113,MBO,MBO,21164706793402438,745534877340795375,14.161747,3.6502366,3.0541651,226.4592658127926,-38.26923281323234,2025071600171,114,60873.000619886574,g,226.45927947992317,-38.269222187626646,37.16853332519531,4466.0,119.539,False,4413.36,0.432489,5987.71,119.977,False,1497.08,25.455,22.27520320316145,0.029061312532695012,22.288076647354515,0.00010639716415127782,21.956848111593622,0.021755123517763587,23.461887510588515,0.018460881062169206
2010 NF20,482113,MBO,MBO,21164706793402438,745534877448274133,14.161808,3.6502357,3.0541697,226.4592674316149,-38.26917653526206,2025071600172,63,60873.00107401906,g,226.45927637828026,-38.269157905992174,39.38406753540039,4867.68,122.582,False,4654.86,0.933008,6248.49,123.213,False,1308.59,22.6064,22.181694910562783,0.02734191882800046,22.23023347280744,0.00021762214355258646,21.910562261474553,0.021409461677263066,23.607991035414283,0.018756514322055478
2010 NF20,482113,MBO,MBO,21164706793402438,745534877711990900,14.16197,3.650233,3.0541816,226.45927178747556,-38.26902524881668,2025071600174,54,60873.00229735322,g,226.45928300248622,-38.269245508668035,43.41334915161133,1647.69,106.855,False,5249.77,3.54355,3180.84,106.226,False,1521.84,7.32557,23.357811273777532,0.07041151547308595,22.09964930407379,0.000732862683469107,22.64364540966823,0.036258789705459774,23.444077537138618,0.005226329222363788
2010 NF20,482113,MBO,MBO,21164706793402438,745534882432156188,14.180206,3.6499395,3.055529,226.45989906080908,-38.25186987368347,2025071600209,97,60873.13983114339,i,226.45990654757207,-38.25186773452001,25.076391220092773,8075.65,318.368,False,7573.22,1.92564,8308.66,317.69,False,278.499,6.85555,21.63205629241657,0.042803202302580626,21.701798536335083,0.00027606975525538654,21.601172510835106,0.04151421902614098,25.287940927348714,0.026726554939089004
2010 NF20,482113,MBO,MBO,21164706793402438,745534882592588192,14.180266,3.6499386,3.0555336,226.4599018963081,-38.2518123346868,2025071600210,147,60873.14028966846,i,226.4599238984627,-38.25181513767132,27.104082107543945,8567.77,312.987,False,7979.21,0.913728,8872.77,311.621,False,304.379,7.11131,21.56783056081298,0.03966275186896975,21.645100267422293,0.00012433155342231558,21.52985199765827,0.03813219796332505,25.191463293132873,0.025366424068769825
2010 NF20,482113,MBO,MBO,21164706793402438,745534882726805717,14.180326,3.6499376,3.0555382,226.45990474468093,-38.25175466795946,2025071600211,147,60873.140748109836,i,226.45990935032032,-38.2517454286622,23.743825912475586,7880.19,329.012,False,7685.33,1.37332,8240.15,327.732,False,269.583,7.0297,21.658658285746146,0.04533142420412037,21.6858436880001,0.00019401420779944066,21.61016215485231,0.043182524002357586,25.323268713630327,0.028311871901636296
2010 NF20,482113,MBO,MBO,21164706793402438,745534882881995181,14.180387,3.6499367,3.0555425,226.45990759353043,-38.25169712478218,2025071600212,187,60873.14120665759,i,226.45995037872174,-38.25171397860699,18.224010467529297,8942.75,484.026,False,9001.99,4.5873,9598.24,492.544,False,742.971,6.35885,21.521322275109114,0.05876543046652848,21.514153656331928,0.0005532773721214425,21.444520960775154,0.05571571945168036,24.222570331616886,0.00929246712318051
2010 NF20,482113,MBO,MBO,21164706793402438,745534883143090261,14.180508,3.6499348,3.0555515,226.4599133175746,-38.2515819063775,2025071600214,173,60873.142123648184,i,226.45991741851864,-38.251602632514434,22.99262046813965,8219.68,354.539,False,8389.8,0.31849,8574.34,357.983,False,355.299,6.49332,21.612862765353547,0.04683100127059255,21.590621005185945,4.121625430411483e-05,21.566998268082713,0.04533003271695002,25.02351500279194,0.01984253368988513
2010 NF20,482113,MBO,MBO,21164706793402438,745534883251617930,14.180568,3.6499338,3.055556,226.459916186551,-38.25152435690157,2025071600215,124,60873.142581092325,i,226.45992111861582,-38.25153024339418,26.38420867919922,8910.02,334.807,False,8430.56,0.67973,9130.99,337.485,False,152.27,6.57878,21.525303359912076,0.04079812481370422,21.58535899634629,8.753955917812446e-05,21.498705304246158,0.04012923656177134,25.943464100195044,0.046908909292162404
2010 NF20,482113,MBO,MBO,21164706793402438,745534884198482105,14.180988,3.649927,3.0555878,226.45993644592207,-38.251121703846096,2025071600222,138,60873.1457857793,i,226.45995867605407,-38.251123357133146,26.81268882751465,8288.33,305.396,False,8099.86,2.38331,8261.31,304.843,False,-68.3516,8.05072,21.603832404296995,0.04000558455342878,21.6288062371028,0.0003194680012045111,21.607377758793426,0.04006375321022255,nan,nan
2010 NF20,482113,MBO,MBO,21164706793402438,745534884307009985,14.181048,3.649926,3.0555923,226.4599393755028,-38.25106401221748,2025071600223,89,60873.14624410936,i,226.45994655374423,-38.25107041200804,29.030038833618164,8752.98,297.771,False,8337.16,0.798632,8826.97,297.352,False,-89.0826,8.32534,21.544610101521656,0.036936075927523,21.59745463914228,0.00010400468365143218,21.535470907222997,0.03657493237488743,nan,nan
2010 NF20,482113,MBO,MBO,21164706793402438,745534884437557371,14.181109,3.649925,3.0555968,226.4599423119552,-38.25100631856066,2025071600224,82,60873.14670360522,i,226.45996310421643,-38.25099693440884,28.104827880859375,9199.62,325.895,False,8695.43,3.2762,9309.59,328.57,False,-53.4348,6.6955,21.490575264357716,0.03846202169373607,21.551772380818093,0.00040907570330030125,21.47767363119862,0.03831966378078901,nan,nan
2010 NF20,482113,MBO,MBO,21164706793402438,745534884573348182,14.1811695,3.649924,3.0556014,226.4599452488741,-38.250948748556254,2025071600225,85,60873.14716102631,i,226.45997814521408,-38.25094988236515,24.7724609375,8449.39,335.343,False,8271.84,0.753979,8395.85,336.455,False,-48.0924,6.43079,21.582936654220234,0.043091162464108,21.605994707037613,9.896496341805585e-05,21.589838373295652,0.04350975508005945,nan,nan
2010 NF20,482113,MBO,MBO,21164706793402438,745534884749508817,14.18123,3.6499228,3.055606,226.4599481990957,-38.25089105087167,2025071600226,165,60873.14762014261,i,226.45994753036993,-38.25088905167092,25.917964935302734,8434.99,322.387,False,8114.2,1.01459,8410.04,323.707,False,-84.8368,6.85812,21.58478853969944,0.04149705227398431,21.62688570372892,0.00013575917484868056,21.588004841449774,0.04179057516925156,nan,nan
2010 NF20,482113,MBO,MBO,21164706793402438,745534885115986158,14.181409,3.64992,3.0556195,226.4599570329624,-38.25071907732666,2025071600229,96,60873.14898896945,i,226.45995514414895,-38.250722125141955,25.61347198486328,8516.09,329.017,False,8302.18,0.673878,8451.63,328.451,False,-131.346,6.62702,21.574399413634122,0.04194714635233315,21.60201967810285,8.812791158773624e-05,21.5826488250064,0.04219436190892616,nan,nan
2010 NF20,482113,MBO,MBO,21164706793402438,745534885288477297,14.181469,3.649919,3.055624,226.45996000428255,-38.250661497406895,2025071600230,169,60873.14944626219,i,226.459997732813,-38.25065442740869,23.791263580322266,9209.46,381.585,False,8972.85,0.56805,8897.13,378.3,False,-132.513,8.14045,21.489414589779663,0.044986420720908915,21.517674028094383,6.873540816596694e-05,21.52687517358017,0.04616477430545794,nan,nan
2010 NF20,482113,MBO,MBO,21164706793402438,745534885406966292,14.181529,3.649918,3.0556285,226.459962969514,-38.25060416703769,2025071600231,139,60873.14990233266,i,226.45995441084443,-38.25060867997848,31.998191833496094,9205.39,283.808,False,8498.43,1.99007,9037.72,282.996,False,-135.221,9.74149,21.489894559566185,0.033473937299484134,21.576653286025028,0.0002542459151386712,21.50985282732137,0.033997403624315366,nan,nan
2010 NF20,482113,MBO,MBO,21164706793402438,745534885518639348,14.181589,3.6499171,3.055633,226.4599659416359,-38.250546834671816,2025071600232,96,60873.150358841165,i,226.45997956930026,-38.25054291955846,31.616235733032227,8908.63,279.699,False,8193.16,0.936399,8858.98,278.638,False,-125.178,11.7463,21.52547270962972,0.0340882201074549,21.61637138915573,0.0001240891497974796,21.53154063949044,0.03414923040170409,nan,nan
2010 NF20,482113,MBO,MBO,21164706793402438,745534885783929256,14.181708,3.6499152,3.055642,226.45997190659105,-38.250432164215965,2025071600234,90,60873.15127007482,i,226.45998322386254,-38.2504250354487,29.726421356201172,9076.13,303.477,False,8469.77,1.8532,8957.49,302.701,False,-139.372,8.07279,21.505248244565493,0.036303574247247526,21.58032101746371,0.0002375609256548284,21.519534141594093,0.03669034675158599,nan,nan
2010 NF20,482113,MBO,MBO,21164706793402438,745534886319751279,14.181949,3.6499112,3.05566,226.45998396603343,-38.25020192012921,2025071600238,88,60873.15310129379,i,226.45998932765252,-38.25019567676289,24.179813385009766,8285.25,340.313,False,7990.18,0.399795,8087.19,342.971,False,-181.428,6.17868,21.604235956499537,0.04459613558147094,21.643608568465545,5.432567124335156e-05,21.63050589156317,0.04604517064549224,nan,nan
2010 NF20,482113,MBO,MBO,21164706793402438,745534886494863455,14.182218,3.6499069,3.0556803,226.45999757464605,-38.249944604352265,2025071600239,166,60873.15514737979,g,226.45999597943867,-38.249945541185454,27.404342651367188,5651.98,204.47,False,5717.04,1.58113,5801.41,211.776,False,-122.811,2.78806,22.01949846277143,0.03927835623611755,22.00707191552737,0.000300276035125111,21.99116607271303,0.0396339623240454,nan,nan
2010 NF20,482113,MBO,MBO,21164706793402438,745534886631178377,14.182278,3.649906,3.0556848,226.4600006470104,-38.249886872964005,2025071600240,170,60873.15560602792,g,226.4600317453448,-38.24990249005929,26.53841209411621,5639.87,211.474,False,6028.19,1.37532,5587.23,217.495,False,-133.937,2.61147,22.021827243604704,0.040711039852675046,21.94953268004206,0.0002477086299123756,22.032008629818268,0.04226462690419117,nan,nan
2010 NF20,482113,MBO,MBO,21164706793402438,745534886986645793,14.182458,3.649903,3.0556984,226.46000988674072,-38.24971404507016,2025071600243,80,60873.15698063691,g,226.46002478730082,-38.24970763941235,29.959781646728516,5760.39,190.823,False,5605.02,0.160204,5822.04,195.758,False,-117.111,2.9707,21.99887025477255,0.03596691070615547,22.028557079725854,3.103276617902341e-05,21.9873120304429,0.03650636920627652,nan,nan
2010 NF20,482113,MBO,MBO,21164706793402438,745534887258227212,14.182578,3.649901,3.0557075,226.46001608904788,-38.2495986914727,2025071600245,86,60873.157897838835,g,226.4600216187679,-38.2496060775165,34.374900817871094,5393.49,154.939,False,5032.43,0.224149,5402.35,155.565,False,-80.6196,5.03104,22.070325258194995,0.031189984496586293,22.145555605421805,4.8359675146064315e-05,22.068543187286682,0.031264644514097314,nan,nan
2010 NF20,482113,MBO,MBO,21164706793402438,745534887572275692,14.182697,3.649899,3.0557165,226.4600223064758,-38.24948358222996,2025071600247,173,60873.15881231543,g,226.46003592284092,-38.24948881544874,30.025964736938477,5515.19,183.259,False,5467.94,0.289982,5696.82,188.367,False,-72.2295,3.4478,22.0460988150023,0.036076896023064686,22.05544066067161,5.757999352361464e-05,22.0109187898632,0.03590018339416646,nan,nan
2010 NF20,482113,MBO,MBO,21164706793402438,745534887819739649,14.182817,3.649897,3.0557256,226.4600285320903,-38.24936884330072,2025071600249,133,60873.15972467338,g,226.46003427582096,-38.24938012714835,31.4863338470459,5295.7,166.998,False,5241.15,0.0611996,5381.02,169.808,False,-57.6401,3.50913,22.090191523803327,0.034238300739818234,22.10143354711362,1.2677871185442993e-05,22.072838480506427,0.0342624058878211,nan,nan
2010 NF20,482113,MBO,MBO,21164706793402438,745534888111767810,14.182938,3.6498952,3.0557346,226.46003482069307,-38.24925346823935,2025071600251,178,60873.16064105592,g,226.46004298383568,-38.24923960674625,30.297731399536133,5618.98,183.813,False,5328.63,0.44098,5845.62,186.943,False,-31.854,3.44679,22.025856288061128,0.03551755541796854,22.08346111009129,8.985197853949594e-05,21.98292352768501,0.03472185530963469,nan,nan
2010 NF20,482113,MBO,MBO,21164706793402438,745534888593064092,14.183176,3.6498911,3.0557528,226.46004741572756,-38.24902395533646,2025071600255,72,60873.162465976835,g,226.46006934103644,-38.24902078556682,30.625368118286133,5278.95,171.215,False,5026.48,0.204468,5401.18,172.809,False,17.354,4.47351,22.09363108841633,0.03521425916968211,22.14684010704859,4.416575971076018e-05,22.06877833755872,0.03473777728774029,28.30150101148262,0.2798808063907337
2010 NF20,482113,MBO,MBO,21164706793402438,745534888763982087,14.183236,3.6498902,3.0557573,226.4600506103353,-38.24896606941521,2025071600256,142,60873.162925519864,g,226.46005968298311,-38.24897474452747,31.879749298095703,5423.28,168.426,False,5515.14,1.47294,5633.1,170.86,False,25.5036,3.88974,22.06434497470561,0.03371874727108617,22.04610861974105,0.00028996983053323306,22.023131328695964,0.032931935415960206,27.883496314796414,0.16559355041852633
2010 NF20,482113,MBO,MBO,21164706793402438,745534888910258276,14.183296,3.6498892,3.0557618,226.46005379140047,-38.24890855932711,2025071600257,165,60873.163382654515,g,226.46007564195023,-38.24892066846822,30.240097045898438,5687.7,186.14,False,5513.24,0.0473668,5839.88,188.696,False,23.0295,3.36501,22.012658259490095,0.03553262822424371,22.046482707814025,9.328062857414541e-06,21.983990213883466,0.03508189929869226,27.99428877216163,0.158644927660497
2010 NF20,482113,MBO,MBO,21164706793402438,745534889047097580,14.183356,3.6498883,3.0557663,226.4600569797475,-38.24885104753743,2025071600258,170,60873.16383988669,g,226.46007288758554,-38.24885459546189,30.965957641601562,5499.76,176.737,False,5059.95,0.22718,5702.44,178.457,False,31.6041,4.65634,22.049140701147145,0.034890571091769546,22.13963439466305,4.874703227287669e-05,22.00984820013627,0.03397795131183038,27.650641456707426,0.15996523136399962
2010 NF20,482113,MBO,MBO,21164706793402438,745534889177121035,14.183415,3.6498873,3.0557709,226.460060175387,-38.24879353405465,2025071600259,162,60873.16429620897,g,226.46007506057958,-38.248806898498124,27.180118560791016,5213.58,190.825,False,5147.81,1.56952,5311.62,195.453,False,8.64445,3.28084,22.107159878784838,0.03973960404461225,22.120943714649528,0.0003310309947435681,22.0869324823064,0.03995210442907648,29.05815655977755,0.4120709363659602
2010 NF20,482113,MBO,MBO,21164706793402438,745534889311862822,14.1834755,3.6498864,3.0557754,226.4600633713131,-38.24873614477329,2025071600260,163,60873.16475253175,g,226.46006981997556,-38.24872765872428,27.67494010925293,5530.85,197.829,False,5291.31,0.094538,5542.18,200.496,False,-2.01011,3.45208,22.043020280080444,0.038834916542587285,22.0910919726625,1.9398472527585758e-05,22.040798398623906,0.03927800280584541,nan,nan
2010 NF20,482113,MBO,MBO,21164706793402438,745534889427730455,14.183536,3.6498854,3.05578,226.4600665745264,-38.24867875376485,2025071600261,128,60873.1652086689,g,226.4600881817583,-38.248686249510854,32.3580207824707,5937.55,182.676,False,5825.39,0.259312,5887.21,185.516,False,-22.8004,3.40756,21.96598183612917,0.03340400466490338,21.986687459638823,4.833057088051554e-05,21.975226188178702,0.034213395839928634,nan,nan
2010 NF20,482113,MBO,MBO,21164706793402438,745534889581871367,14.183596,3.6498845,3.0557845,226.46006981322648,-38.248620857699535,2025071600262,166,60873.16566817125,g,226.46007659820978,-38.248612847633794,33.31813049316406,5587.76,164.263,False,5284.8,1.75699,5673.71,165.512,False,-38.8401,8.28624,22.03190568441279,0.03191731466865969,22.092428649257645,0.00036096497067443793,22.015332172577025,0.0316728145785023,nan,nan
2010 NF20,482113,MBO,MBO,21164706793402438,745534889647931922,14.183655,3.6498835,3.0557888,226.4600729957837,-38.24856409267307,2025071600263,36,60873.16611992644,g,226.46007368761582,-38.24857013501416,33.48140335083008,5772.87,171.249,False,5616.16,0.287787,5822.8,172.728,False,-52.4921,4.09392,21.996520533770877,0.03220776284017837,22.026401289774036,5.5636012159022596e-05,21.98717035308908,0.032207365188573034,nan,nan
2010 NF20,482113,MBO,MBO,21164706793402438,745534889803121154,14.183715,3.6498826,3.0557935,226.4600762562997,-38.24850606744644,2025071600264,76,60873.16658076435,g,226.4600843065567,-38.24850879840015,31.470857620239258,5738.29,181.177,False,5631.6,1.09072,5820.66,183.373,False,-70.5958,3.4525,22.003043760832853,0.03428032203861552,22.023420480522205,0.0002102837977012761,21.987569391486257,0.034204832600329305,nan,nan
2010 NF20,482113,MBO,MBO,21164706793402438,745534890051109273,14.183834,3.6498804,3.0558023,226.46008273580415,-38.24839114474941,2025071600266,37,60873.16749333593,g,226.46009697453778,-38.24839793356788,34.23685073852539,5737.33,166.749,False,5310.5,0.172131,5736.67,168.04,False,-84.8322,4.41685,22.0032254092905,0.0315556916291773,22.08716146706182,3.519232855242601e-05,22.003350344891373,0.031803660842043974,nan,nan
2010 NF20,482113,MBO,MBO,21164706793402438,745534890508288073,14.184238,3.649874,3.055833,226.46010488451208,-38.24800214735973,2025071600269,141,60873.1705832555,r,226.46011208854,-38.248000039402726,33.226654052734375,8347.31,249.199,False,8046.35,1.00476,8636.86,250.758,False,-15.7053,5.03555,21.596133699628517,0.032413363824232835,21.636002687871866,0.0001355775382743199,21.55911025601204,0.03152268571902788,nan,nan
2010 NF20,482113,MBO,MBO,21164706793402438,745534891548475617,14.184718,3.649866,3.0558693,226.4601316411493,-38.24753991569924,2025071600277,77,60873.17425442111,r,226.46014145409882,-38.247530838599175,32.07404327392578,8810.44,272.98,False,8245.6,0.883587,9334.11,277.598,False,238.764,5.35556,21.53750595218158,0.03364012088481267,21.609444393840526,0.00011634598384491344,21.47481767254633,0.03228997503448282,25.4550778506046,0.024353441119302568
2010 NF20,482113,MBO,MBO,21164706793402438,745534891983110228,14.184897,3.6498632,3.055883,226.4601417880442,-38.24736675837088,2025071600280,138,60873.17562969573,r,226.46016005929474,-38.24736946882999,30.560829162597656,8308.41,269.772,False,8251.9,2.31019,9325.32,272.219,False,747.369,4.97906,21.601205180137953,0.035253583461526065,21.60861505768002,0.0003039611196570083,21.475840604545617,0.03169414107579135,24.216162273406276,0.00723330210554807
2010 NF20,482113,MBO,MBO,21164706793402438,745534892138299450,14.1849575,3.6498623,3.0558875,226.46014519793204,-38.24730882642572,2025071600281,178,60873.17608912877,r,226.46013212214112,-38.24731228784939,28.918777465820312,8555.19,294.486,False,8007.16,0.0964016,9966.77,301.042,False,1080.92,4.78083,21.569425797673645,0.03737311359752395,21.641303712021692,1.3071639317560213e-05,21.403613960313233,0.032794195656442544,23.815516074454386,0.00480213143174963
2010 NF20,482113,MBO,MBO,21164706793402438,745534892247875701,14.185018,3.649861,3.055892,226.46014857831912,-38.247251522639466,2025071600282,131,60873.17654421207,r,226.46015674847203,-38.247265660618865,27.673547744750977,8495.28,305.039,False,8211.17,0.174894,10091.2,310.181,False,1473.74,4.35703,21.577055721151723,0.038985398608825016,21.613987401227995,2.312566358943959e-05,21.390142944862752,0.03337311072467331,23.47894782912846,0.0032099184083489636
2010 NF20,482113,MBO,MBO,21164706793402438,745534892383666633,14.185077,3.6498601,3.0558965,226.4601519960488,-38.24719371368423,2025071600283,134,60873.177003637626,r,226.460178339321,-38.24720259848187,36.5988883972168,8820.65,237.491,False,8170.58,0.402065,10481.1,238.866,False,1457.94,8.76278,21.536248477463637,0.029232830082742564,21.61936777305521,5.342785122132836e-05,21.348982878964705,0.02474410806457596,23.49065091510184,0.006525692475998751
2010 NF20,482113,MBO,MBO,21164706793402438,745534892516311419,14.185137,3.6498592,3.055901,226.46015541397625,-38.24713602925715,2025071600284,131,60873.177461051535,r,226.46016276759437,-38.24714388164938,36.58451843261719,8995.71,244.561,False,8452.77,3.0302,11097.2,246.262,False,1928.76,7.67421,21.514911388758804,0.029517263024402184,21.582502430267272,0.0003892212890065232,21.286966447876384,0.024093965810595575,23.18680451761726,0.00431996084294007
2010 NF20,482113,MBO,MBO,21164706793402438,745534892733890924,14.185257,3.6498573,3.0559103,226.46016231030947,-38.24702002628499,2025071600286,34,60873.17838279411,r,226.46017946908592,-38.24702303956745,32.24166488647461,8885.36,274.195,False,8228.37,0.616035,11699.0,276.913,False,2571.28,5.6454,21.528312386016523,0.033504937879471966,21.6117154542575,8.128602343353282e-05,21.229628147566764,0.025699159207754903,22.874626558144094,0.0023837991785653208
2010 NF20,482113,MBO,MBO,21164706793402438,745534892937838805,14.185318,3.6498563,3.0559149,226.46016578890345,-38.24696170772707,2025071600287,167,60873.178845682254,r,226.46017616592977,-38.246967775062245,32.20670700073242,8907.73,273.815,False,8146.14,2.12772,11685.3,276.283,False,2564.89,6.57813,21.525582330943195,0.033374478785536094,21.622620307721732,0.0002835874078355071,21.230900351557406,0.025670752952418815,22.877328184637847,0.002784569298582742
2010 NF20,482113,MBO,MBO,21164706793402438,745534893191594157,14.185437,3.6498544,3.055924,226.46017267142244,-38.2468467038369,2025071600289,139,60873.179758114464,r,226.4601922341642,-38.24685803101933,33.89077377319336,8961.59,263.218,False,8606.23,0.145309,11143.2,263.473,False,2104.58,5.92946,21.5190373421622,0.03189002211415703,21.562967569998584,1.8331747454467035e-05,21.2824751675253,0.02567145535527461,23.092086362333056,0.0030589615080123173
2010 NF20,482113,MBO,MBO,21164706793402438,745534893325287610,14.185496,3.6498535,3.0559285,226.4601761279329,-38.24678913684407,2025071600290,138,60873.180215411805,r,226.46016982595697,-38.246800071770494,30.72759437561035,8388.23,270.945,False,7913.81,0.404414,10369.1,272.372,False,1791.73,5.22969,21.590824114230564,0.03506994771379932,21.6540359438983,5.5483631301036855e-05,21.360647383775966,0.028519752223014283,23.266818598331383,0.0031690399311843412
2010 NF20,482113,MBO,MBO,21164706793402438,745534893563314638,14.185616,3.6498513,3.0559375,226.46018306398437,-38.24667399873949,2025071600292,80,60873.181129060584,r,226.46019335306354,-38.246672712929005,31.111087799072266,8700.97,277.436,False,8664.27,3.7206,9756.09,280.48,False,971.327,5.48614,21.55108085597481,0.034619395792180804,21.55567011495446,0.00046623549615539076,21.42681052231407,0.0312140732112981,23.931586318032743,0.006132332793851271
2010 NF20,482113,MBO,MBO,21164706793402438,745534893724270660,14.185676,3.6498504,3.055942,226.46018655116865,-38.24661630163806,2025071600293,131,60873.181587626226,r,226.4601948944572,-38.24661786759214,34.035125732421875,9296.4,270.655,False,8927.86,0.834041,10164.0,273.288,False,621.684,5.90761,21.479212949342628,0.03161007689275027,21.523131528828777,0.00010142951095290834,21.382338359054167,0.029193100140621448,24.4160757376533,0.01031730875873047
2010 NF20,482113,MBO,MBO,21164706793402438,745534893857440024,14.185735,3.6498494,3.0559466,226.46019003844825,-38.246558729193005,2025071600294,129,60873.182044864414,r,226.46018486143035,-38.246559047273365,34.49675369262695,8505.46,243.808,False,8116.86,0.209928,8902.08,244.081,False,291.135,7.2349,21.575755488757085,0.031122499237841914,21.626529880040053,2.808061741536891e-05,21.526271258415196,0.029769174100431815,25.239763915861978,0.026981271924813414
2010 NF20,482113,MBO,MBO,21164706793402438,745534894130594140,14.185854,3.6498475,3.0559556,226.4601970438237,-38.24644345433571,2025071600296,138,60873.18295989862,r,226.4602049410403,-38.246448813425815,30.64444351196289,8712.96,282.376,False,8115.39,0.0544399,8977.01,285.172,False,188.866,5.1761,21.549585704236474,0.03518733652127222,21.626726492998127,7.2833675123725805e-06,21.517170755924436,0.03449050072196963,25.70961555924432,0.02975590634355017
2010 NF20,482113,MBO,MBO,21164706793402438,745534894369145044,14.185973,3.6498456,3.0559645,226.46020403395175,-38.24632893008228,2025071600298,81,60873.18386844436,r,226.46020212092984,-38.24631222669115,30.464637756347656,9569.79,310.915,False,10160.2,2.03802,10069.7,316.966,False,37.676,4.73645,21.44774397631987,0.035274721807060136,21.382744336709244,0.00021778625854643944,21.39245864870525,0.03417593959238005,27.45983806725277,0.13649367337825452
2010 NF20,482113,MBO,MBO,21164706793402438,745534898713919598,14.188646,3.6498017,3.0561683,226.460370356268,-38.24373886905628,2025071600330,176,60873.2044163522,z,226.46039352923253,-38.24372967207348,15.269936561584473,9612.69,622.94,False,9835.76,42.7882,16380.4,619.109,False,6875.75,16.9397,21.442887609070354,0.07035995999142353,21.417980218168385,0.004723244507216963,20.864188717166435,0.041036180404901354,21.80669980625475,0.002674914691460396
2010 NF20,482113,MBO,MBO,21164706793402438,745534898951946376,14.188764,3.6497998,3.0561771,226.4603780536355,-38.24362474733303,2025071600332,118,60873.205321573085,z,226.46037683505668,-38.24362523880953,15.37636947631836,9851.79,637.987,False,9909.25,2.67934,12918.7,636.778,False,3494.97,19.1515,21.41621213100038,0.0703106319550428,21.409898036639362,0.0002935697776087664,21.121952950836977,0.053517221932189246,22.541391378561094,0.005949544019494093
2010 NF20,482113,MBO,MBO,21164706793402438,745534899741524019,14.18912,3.6497939,3.0562046,226.46040160457508,-38.24327845257354,2025071600338,88,60873.208067375745,z,226.4604031098994,-38.24327407946948,15.121986389160156,10183.9,669.409,False,9841.65,8.83332,10196.6,667.015,False,157.582,16.6168,21.38021464298868,0.07136770348313642,21.417330166665526,0.000974496612534033,21.37886158458938,0.0710239077991484,25.90623347455595,0.11448935549760869
2010 NF20,482113,MBO,MBO,21164706793402438,745534900008386803,14.189239,3.649792,3.0562136,226.46040953473704,-38.243162804323255,2025071600340,85,60873.20898414855,z,226.46042427234372,-38.24316247118209,14.67247200012207,9596.37,646.485,False,8863.45,11.2893,9509.82,645.6,False,-129.023,17.7876,21.444732525782918,0.0731435059149674,21.530992978263924,0.0013828928270792468,21.454569222384897,0.07370815054867702,nan,nan
2010 NF20,482113,MBO,MBO,21164706793402438,745534900323483888,14.189359,3.64979,3.0562227,226.46041753261943,-38.24304664838871,2025071600342,174,60873.2099059027,z,226.46044704322043,-38.2430222223786,13.771214485168457,9476.32,694.865,False,8877.3,8.64328,9272.25,697.866,False,-218.886,15.3977,21.458400669894246,0.07961318871009458,21.529297782133554,0.0010571144674775203,21.482037168410123,0.0817167799064931,nan,nan
2010 NF20,482113,MBO,MBO,21164706793402438,745534900428865554,14.189419,3.649789,3.0562272,226.46042156581967,-38.242988254023786,2025071600343,119,60873.21036872236,z,226.46047962824957,-38.243031243837706,12.46237850189209,9169.46,740.473,False,9739.43,76.8949,8340.98,746.707,False,-213.94,14.0328,21.49414060381602,0.08767783190694269,21.428666183476814,0.008572121449950537,21.596957239370862,0.0971980206577565,nan,nan
2010 NF20,482113,MBO,MBO,21164706793402438,745534900539490550,14.189477,3.649788,3.0562317,226.4604255287908,-38.24293099392877,2025071600344,74,60873.21082258179,z,226.4604439201087,-38.242920933185886,12.60008716583252,8726.37,684.664,False,9337.78,2.85474,8243.63,682.048,False,-224.718,16.353,21.547915927363555,0.0851859919419209,21.474390874084442,0.0003319305422291579,21.609703787822955,0.08982986728928884,nan,nan
2010 NF20,482113,MBO,MBO,21164706793402438,745534900722466924,14.189538,3.649787,3.0562365,226.4604296049208,-38.24287221963993,2025071600345,167,60873.211288737235,z,226.46045687056832,-38.24285098890552,13.152664184570312,9034.88,679.987,False,8921.44,4.75198,8845.03,681.9,False,-215.368,17.3846,21.510194042339382,0.08171514327923722,21.523912550113298,0.0005783142962252875,21.533251690784923,0.0837039016989218,nan,nan
2010 NF20,482113,MBO,MBO,21164706793402438,745534901123023169,14.189715,3.649784,3.05625,226.46044163782364,-38.24269942383045,2025071600348,163,60873.2126585219,z,226.460462837374,-38.24269767218126,13.498059272766113,10219.3,762.098,False,9833.77,14.0108,9723.79,772.689,False,-294.972,14.4729,21.376447149294343,0.08096811233396596,21.418199935630014,0.0015469178082649167,21.430411068077774,0.08627669324880899,nan,nan
2010 NF20,482113,MBO,MBO,21164706793402438,745534901477965970,14.189895,3.6497812,3.0562637,226.4604538509748,-38.24252510815343,2025071600351,72,60873.21404055966,z,226.4603950531547,-38.24257907822641,11.042730331420898,10101.4,906.592,False,10881.5,62.2813,9609.59,932.815,False,-375.598,13.5975,21.38904603589937,0.09744388872276448,21.30827808401633,0.0062143143725962744,21.44323787120259,0.10539378235283255,nan,nan
2010 NF20,482113,MBO,MBO,21164706793402438,745534901660418223,14.189954,3.6497803,3.0562685,226.46045795948604,-38.24246670722084,2025071600352,164,60873.21450361489,z,226.46050397555277,-38.24246153275434,13.425912857055664,9338.85,692.264,False,9671.87,11.1567,9202.1,697.272,False,-336.191,15.4102,21.474266545792783,0.0804827248079205,21.436223860539712,0.0012524189339442064,21.490282674915676,0.08226964034433328,nan,nan
2010 NF20,482113,MBO,MBO,21164706793402438,745534901769994409,14.190013,3.649779,3.056273,226.4604620141534,-38.24240918855442,2025071600353,117,60873.21495980236,z,226.4604906681352,-38.24239244017682,13.181750297546387,10629.5,798.571,False,11302.1,27.3557,9805.21,806.3,False,-378.342,14.5044,21.333717909328648,0.08156897589492745,21.267102173578472,0.0026279252902302475,21.421357755653347,0.0892820339524032,nan,nan
2010 NF20,482113,MBO,MBO,21164706793402438,745534901893202231,14.190072,3.6497781,3.0562773,226.460466059192,-38.24235192158017,2025071600354,96,60873.215413864644,z,226.46043881479645,-38.24237169669359,15.568005561828613,10736.3,691.878,False,9942.42,1.60022,10239.4,685.431,False,-315.217,17.4101,21.322863423986636,0.0699679589307782,21.40626974554388,0.00017474787478389783,21.374313686200104,0.07267977196339635,nan,nan
2010 NF20,482113,MBO,MBO,21164706793402438,745534902151676242,14.19019,3.6497762,3.0562866,226.46047423640263,-38.24223650265391,2025071600356,77,60873.21632856528,z,226.46042566173273,-38.2422365911887,14.056973457336426,9128.33,651.327,False,8824.09,5.48646,8775.22,653.527,False,-276.133,16.8985,21.499021660816055,0.07746973735743394,21.535825196782817,0.0006750666176613051,21.541855000591553,0.08085927445810713,nan,nan
2010 NF20,482113,MBO,MBO,21164706793402438,745534902429024781,14.190309,3.6497743,3.0562954,226.4604824197689,-38.24212145970614,2025071600358,94,60873.21724084181,z,226.4605227411865,-38.242146159165756,12.800027847290039,8284.81,634.278,False,7927.06,2.63998,8093.03,632.635,False,-242.815,18.0045,21.60429367390912,0.08312304574673336,21.652219628511375,0.00036158701070252943,21.6297221531255,0.08487238435225782,nan,nan
2010 NF20,482113,MBO,MBO,21164706793402438,745565646985625702,14.978418,3.6351523,3.1252906,226.66208334403507,-37.43363276493292,2025072300047,42,60880.01070794087,u,226.6621014975774,-37.433554380091316,5.178884506225586,1355.92,261.886,False,1525.09,37.6163,1448.9,251.511,False,79.8487,11.3692,23.56941479810665,0.209701964466797,23.441761340781724,0.026779651218187792,23.497403950647865,0.18847028484820663,26.644330355230053,0.15459176620797227
2010 NF20,482113,MBO,MBO,21164706793402438,745565649419370758,14.9796295,3.635128,3.1254091,226.6625686614585,-37.43234497040626,2025072300065,76,60880.02192824356,g,226.66257885626385,-37.43236611554507,22.366241455078125,3277.72,145.148,False,3193.22,1.19756,3504.6,143.609,False,96.6342,4.69643,22.611070381926993,0.04807989536105622,22.63942790818316,0.00040718591577876777,22.538403828187437,0.04449052081832917,26.437172849115782,0.05276686983183408
2010 NF20,482113,MBO,MBO,21164706793402438,745565651833716793,14.980543,3.6351097,3.1254988,226.66293559215117,-37.43137283712719,2025072300083,73,60880.03038881032,g,226.6629527852371,-37.43138018811542,21.461334228515625,3331.81,154.361,False,3297.86,1.922,3545.53,154.114,False,145.493,4.18176,22.59329941256281,0.050301582364561455,22.604419426810086,0.0006327694239446487,22.525797079910113,0.047193831769719204,25.992894780922533,0.031206231019921964
2010 NF20,482113,MBO,MBO,21164706793402438,745565653692842286,14.982314,3.6350741,3.1256728,226.66365136652243,-37.429481623619445,2025072300097,35,60880.04682116041,r,226.66365223534305,-37.42948467549261,22.1490421295166,5001.67,226.43,False,4855.28,0.628184,5662.78,225.391,False,657.963,5.94996,22.15221243077324,0.04915223210072474,22.18446434711474,0.00014047432166802132,22.017425817349462,0.04321467287012003,24.35449629876837,0.009818313667894926
2010 NF20,482113,MBO,MBO,21164706793402438,745565654143205909,14.982465,3.635071,3.1256876,226.66371251024148,-37.42932044392754,2025072300100,126,60880.04822017721,r,226.6636981460195,-37.42934233816785,23.183979034423828,4981.53,213.264,False,4787.4,1.43519,5864.15,212.434,False,564.464,6.05115,22.156593171600136,0.04648139510853427,22.199750733505674,0.00032548726545828254,21.97948734142865,0.039331752255958544,24.52090939814503,0.011639276538978916
2010 NF20,482113,MBO,MBO,21164706793402438,745565654386999426,14.982564,3.6350691,3.1256974,226.663752650707,-37.42921466597624,2025072300102,79,60880.04913893725,r,226.6637699855012,-37.42923641210342,21.40662956237793,5101.77,236.783,False,4948.77,2.64884,5999.44,235.629,False,585.446,5.84006,22.13069780664196,0.050391115231763255,22.163756820902144,0.0005811426725396284,21.95472322475316,0.042642469347786566,24.48128292219687,0.010830657325552264
2010 NF20,482113,MBO,MBO,21164706793402438,745565654676406746,14.982664,3.635067,3.1257074,226.66379341892943,-37.42910726304839,2025072300104,119,60880.05007087181,r,226.66379882867128,-37.42910603986047,25.53826141357422,5078.74,198.204,False,4999.33,1.17566,5605.79,195.332,False,381.887,6.29357,22.135609999363126,0.04237217166026372,22.152720470593096,0.0002553255380030015,22.02840793116649,0.03783213849702075,24.945162832249725,0.017893138465974276
2010 NF20,482113,MBO,MBO,21164706793402438,745565655460741342,14.982966,3.635061,3.1257372,226.66391621362249,-37.42878394581045,2025072300110,79,60880.05287571541,r,226.66394745301994,-37.42879616287625,25.994152069091797,5490.04,210.794,False,5296.3,0.0952038,5743.79,208.183,False,84.6161,6.73066,22.0510612205321,0.041687616631070595,22.090068597517856,1.95166849427972e-05,22.002003609650792,0.03935238184544726,26.581367533457712,0.08636325125952032
2010 NF20,482113,MBO,MBO,21164706793402438,745565655861297264,14.983125,3.6350577,3.1257527,226.6639806247725,-37.42861446423985,2025072300113,75,60880.05434525187,r,226.66400803465612,-37.42861393755272,22.849023818969727,5072.52,220.927,False,4974.9,1.94355,5148.47,218.279,False,-41.1696,6.55661,22.136940575692286,0.04728782611120063,22.158039132671064,0.0004241658389179296,22.120804488536145,0.04603181347144167,nan,nan
2010 NF20,482113,MBO,MBO,21164706793402438,745565656317427741,14.98331,3.635054,3.125771,226.66405582333616,-37.42841669893711,2025072300116,177,60880.05606065408,r,226.66404770878552,-37.42843742316686,21.229684829711914,5315.82,249.322,False,5438.65,0.140272,5120.89,249.535,False,-165.629,5.49789,22.086074368925246,0.050923081999272625,22.06127224190024,2.8002978420939758e-05,22.126636353485978,0.05290665892004559,nan,nan
2010 NF20,482113,MBO,MBO,21164706793402438,745565656558600359,14.98347,3.6350508,3.1257868,226.66412137811935,-37.4282443861946,2025072300118,125,60880.05755417685,r,226.66413006524436,-37.42824540014713,25.027265548706055,5348.16,210.981,False,5424.47,1.37031,5024.45,207.156,False,-204.488,5.98074,22.079488989531974,0.042831498416648885,22.064106677802357,0.0002742747336344014,22.14727863586601,0.04476445518445859,nan,nan
2010 NF20,482113,MBO,MBO,21164706793402438,745565656702255394,14.983833,3.6350434,3.1258225,226.6642695878563,-37.42785513148203,2025072300119,143,60880.06092800721,r,226.66428087709838,-37.4278504961209,28.115568161010742,5586.54,197.189,False,5491.28,0.237091,5424.69,194.281,False,-146.094,6.47282,22.032142710681498,0.038323404101048016,22.050816070177508,4.687764926535346e-05,22.064062699267495,0.038884788667510085,nan,nan
2010 NF20,482113,MBO,MBO,21164706793402438,745565656989565290,14.983932,3.6350415,3.1258323,226.6643098647134,-37.42774942759045,2025072300121,179,60880.061844772805,r,226.66432247115185,-37.427742776586456,28.80877113342285,5769.89,197.911,False,5640.03,0.79413,5650.36,196.079,False,-109.133,8.0209,21.997081140191717,0.03724146006673307,22.021796506223005,0.00015287432066193301,22.019809729274257,0.03767725751012361,nan,nan
