provid,permid,orbit_class,population,ssObjectId,diaSourceId,phaseAngle,helioRange,topoRange,ephRa,ephDec,visit,detector,midpointMjdTai,band,ra,dec,snr,psfFlux,psfFluxErr,psfFlux_flag,trailFlux,trailFluxErr,scienceFlux,scienceFluxErr,forced_PsfFlux_flag,templateFlux,templateFluxErr,psfMag,psfMagErr,trailMag,trailMagErr,scienceMag,scienceMagErr,templateMag,templateMagErr
2006 WD161,570876,MBO,MBO,21163633203949892,745262191870476329,16.395704,3.5609002,3.3072183,150.09313402935487,2.3454433179656844,2025051500122,95,60811.04208450287,i,150.09311477951718,2.3454521997339493,6.582408905029297,2846.32,415.158,False,3153.24,20.1726,2910.2,419.367,False,-24.0592,10.0074,22.7642906628548,0.1583630965848055,22.653107435588126,0.006945910240458553,22.74019292727119,0.1564572700816505,nan,nan
2006 WD161,570876,MBO,MBO,21163633203949892,745262192004694051,16.395718,3.5609007,3.3072257,150.09318984381284,2.345450146648847,2025051500123,95,60811.04255635306,i,150.0931896815435,2.345443902500985,9.37144660949707,2817.09,303.0,False,2728.55,6.7843,2825.43,301.494,False,-36.8182,12.2142,22.77549816115804,0.11677939284080358,22.81017018924439,0.002699587634372829,22.772288645954273,0.11585597457684176,nan,nan
2006 WD161,570876,MBO,MBO,21163633203949892,745262192138911767,16.395733,3.5609012,3.3072329,150.09324601640802,2.3454570181385628,2025051500124,95,60811.0430310299,i,150.093245136994,2.3454792581925528,8.684867858886719,2521.55,284.142,False,2697.38,1.99695,2482.86,283.324,False,-45.2707,12.9924,22.895831018381227,0.12234667123908692,22.82264471452107,0.0008038025940780737,22.912619373371204,0.1238954740639129,nan,nan
2006 WD161,570876,MBO,MBO,21163633203949892,745262192273129538,16.395746,3.5609016,3.3072402,150.0933027838722,2.3454639613667005,2025051500125,95,60811.04351116055,i,150.09330886487905,2.345490657442998,9.719280242919922,2863.24,288.362,False,2695.31,6.31818,2857.04,286.338,False,-30.3946,13.2106,22.757855622203802,0.10934642712946008,22.823478169893637,0.002545116041012267,22.760209183238047,0.10881455734999335,nan,nan
2006 WD161,570876,MBO,MBO,21163633203949892,745262192408920099,16.39576,3.560902,3.3072474,150.09335884530554,2.3454708172219485,2025051500126,98,60811.043985125616,i,150.09335557952153,2.3454788683495256,9.180103302001953,2784.41,301.884,False,2905.09,12.4801,2757.22,299.246,False,-20.6857,11.7858,22.78816707220239,0.1177148486390403,22.74210098859106,0.00466426019486249,22.798821461366252,0.11783688721500446,nan,nan
2006 WD161,570876,MBO,MBO,21163633203949892,745262192541564976,16.395775,3.5609026,3.3072548,150.09341479187714,2.345477658020513,2025051500127,95,60811.04445870916,i,150.0934086504263,2.345504944644082,6.071247100830078,2319.43,374.92,False,2256.74,15.6536,2309.27,373.36,False,-31.0517,11.5122,22.986546856700592,0.1755018450499009,23.01629618794059,0.007531075819567818,22.991313206754075,0.17554051716587082,nan,nan
2006 WD161,570876,MBO,MBO,21163633203949892,745262192675258433,16.395788,3.560903,3.307262,150.0934714517646,2.345484585008984,2025051500128,94,60811.0449378077,i,150.0934884992937,2.345471240358706,7.395143508911133,3678.84,484.404,False,4077.72,4.24397,3636.17,486.984,False,-30.5682,9.45857,22.48572272426295,0.14296216713751184,22.37395650460592,0.0011300020168671804,22.498389574895555,0.14541019282396245,nan,nan
2006 WD161,570876,MBO,MBO,21163633203949892,745262192944218182,16.395815,3.5609038,3.3072765,150.09358419082218,2.345498364902233,2025051500130,95,60811.04589065211,i,150.09355694913813,2.3455050947645,8.747199058532715,4059.96,451.903,False,4098.13,18.0702,3798.46,443.08,False,-47.7629,10.1208,22.37869562346443,0.12085032101154006,22.36853570384701,0.004787420333615265,22.45098111769021,0.12664816477531646,nan,nan
2006 WD161,570876,MBO,MBO,21163633203949892,745262193348444204,16.395857,3.5609052,3.3072984,150.09375314899,2.345519008642297,2025051500133,98,60811.04731837158,i,150.09374375674903,2.3455071888983805,6.209262371063232,3122.97,488.564,False,3321.2,52.8366,3150.31,488.491,False,-47.1952,12.178,22.66358047940259,0.16985485710118675,22.596762442834407,0.01727285672794382,22.65411675035969,0.16835560678730715,nan,nan
2006 WD161,570876,MBO,MBO,21163633203949892,745262193482661945,16.395872,3.5609057,3.3073056,150.0938091205811,2.3455258453483965,2025051500134,98,60811.04779119583,i,150.09379556710547,2.3455307526020217,8.640446662902832,2987.86,337.559,False,2972.24,2.20478,2952.68,335.723,False,-45.4229,12.8858,22.71159935047241,0.12266304446240281,22.71729031716883,0.0008053890627586527,22.72445906922462,0.12344941394311332,nan,nan
2006 WD161,570876,MBO,MBO,21163633203949892,745262193615306782,16.395885,3.5609062,3.3073132,150.09386793613663,2.345533028334039,2025051500135,95,60811.048288111924,i,150.09384328296397,2.3455774056020053,9.55176830291748,3039.72,314.335,False,3173.9,3.86365,2959.24,310.722,False,-55.6407,11.7912,22.692916058066956,0.11227510558025913,22.646016935088127,0.0013216877996437362,22.72204953183644,0.11400295673675742,nan,nan
2006 WD161,570876,MBO,MBO,21163633203949892,745262193883217944,16.395914,3.5609071,3.3073277,150.09398025296247,2.3455467421508787,2025051500137,94,60811.04923726723,i,150.09398129749985,2.345544337199433,8.375945091247559,3114.06,369.718,False,3068.57,5.096,2953.99,365.175,False,-124.086,10.0066,22.66668253941948,0.12890445159982086,22.6826598887435,0.0018030912729443149,22.72397745163375,0.13421971862791465,nan,nan
2006 WD161,570876,MBO,MBO,21163633203949892,745262194017435684,16.395927,3.5609074,3.3073351,150.0940365944242,2.3455536198572906,2025051500138,94,60811.04971380338,i,150.09398307027573,2.34558945043528,5.864597320556641,2407.11,410.113,False,2801.68,3.90582,2209.77,409.012,False,-153.167,8.53277,22.946260108803454,0.18498303751290904,22.78145370176731,0.001513624029310382,23.039132307241722,0.20096169533415079,nan,nan
2006 WD161,570876,MBO,MBO,21163633203949892,745262194153750532,16.39594,3.5609078,3.3073423,150.09409270284775,2.34556046808372,2025051500139,98,60811.0501876124,i,150.0940930608274,2.345551090718051,8.027182579040527,3120.17,380.923,False,3176.36,10.3261,2916.92,377.712,False,-149.044,9.0991,22.664554385047488,0.13255108125097784,22.645175667532477,0.003529644191520065,22.737688733473675,0.14059199787858964,nan,nan
2006 WD161,570876,MBO,MBO,21163633203949892,745262194287443984,16.395956,3.5609083,3.3073497,150.09414881497045,2.345567315730079,2025051500140,97,60811.050661436646,i,150.09418411711835,2.3456228189816546,5.867070198059082,2833.06,476.095,False,2722.69,239.122,2552.96,476.061,False,-142.497,9.56766,22.769360546720982,0.1824576849903649,22.81250453271634,0.09535548000218051,22.882389990878387,0.20246172142078012,nan,nan
2006 WD161,570876,MBO,MBO,21163633203949892,745262194554830864,16.395983,3.5609093,3.3073642,150.09426128722757,2.345581038178097,2025051500142,95,60811.05161158222,i,150.09423230090667,2.345566573799593,9.116941452026367,3780.54,411.205,False,3948.54,2.59359,3685.77,415.752,False,-123.259,9.62089,22.456115395094322,0.11809427671325566,22.408908634468094,0.0007131634878679234,22.483679417206723,0.12247020611237269,nan,nan
2006 WD161,570876,MBO,MBO,21163633203949892,745262194823266437,16.396011,3.5609102,3.3073788,150.09437495863048,2.345594902704452,2025051500144,95,60811.0525717431,i,150.09436211531482,2.3455779075780647,8.722607612609863,3971.77,459.239,False,4111.15,17.7956,4053.1,465.509,False,-61.0013,10.429,22.402539766844058,0.12553909751295586,22.365091718792364,0.0046997381832009355,22.38053167635823,0.12469960417429912,nan,nan
2006 WD161,570876,MBO,MBO,21163633203949892,745262194957484046,16.396025,3.5609107,3.3073862,150.0944310896337,2.345601747445537,2025051500145,95,60811.05304537207,i,150.09437739117897,2.345591657098056,5.850608825683594,2974.83,499.235,False,nan,nan,2818.73,503.08,False,-88.9845,9.3996,22.71634459016651,0.18220788550710282,nan,nan,22.774866313166928,0.19377952450057248,nan,nan
2006 WD161,570876,MBO,MBO,21163633203949892,745262195093274642,16.396038,3.5609112,3.3073933,150.09448793496475,2.345608678233833,2025051500146,98,60811.05352545515,i,150.09448591926048,2.345576494399916,7.481265068054199,2923.44,390.571,False,3304.59,51.461,2839.14,391.119,False,-64.9498,9.83369,22.735264559495576,0.14505414832085503,22.602206010345974,0.016907715558237033,22.76703302002567,0.1495706663804577,nan,nan
2006 WD161,570876,MBO,MBO,21163633203949892,745262198715056167,16.396555,3.5609279,3.3076663,150.0966009645184,2.3458655392569208,2025051500173,94,60811.07134320839,z,150.09663141404664,2.3458467705894916,5.2462615966796875,3772.45,690.63,False,3473.92,37.05,3686.95,683.785,False,-128.166,33.7415,22.458441283171233,0.19876791212581152,22.547950491988157,0.011579577670928579,22.48333189430679,0.2013615892389893,nan,nan
2006 WD161,570876,MBO,MBO,21163633203949892,745284180513914953,16.478657,3.5655296,3.3826904,150.7384213843595,2.3961513434209905,2025052000110,136,60815.997173178526,g,150.73840953718812,2.396147057312837,8.649653434753418,1698.9,197.94,False,1628.68,0.384286,1682.96,195.431,False,-5.97764,9.57687,23.324580443531936,0.1264998669328222,23.370410555887823,0.0002561787427128572,23.33481554034973,0.1260793583281769,nan,nan
2006 WD161,570876,MBO,MBO,21163633203949892,745284180782350388,16.478672,3.565531,3.3827112,150.7386038148634,2.3961593401585084,2025052000112,136,60815.99852844935,g,150.73867392608847,2.3962256754670834,7.320469856262207,1340.05,178.636,False,1654.96,24.3475,1275.64,178.314,False,-47.88,23.9526,23.582197452737283,0.14473457507482954,23.353031272023145,0.015973173190669522,23.635679665348235,0.15176849138918175,nan,nan
2006 WD161,570876,MBO,MBO,21163633203949892,745284180918665220,16.478676,3.5655315,3.3827186,150.73866790566586,2.396162148191756,2025052000113,140,60815.999004494544,g,150.73866908110065,2.3961681612647685,10.634345054626465,1518.49,140.35,False,1475.18,4.72997,1538.23,139.918,False,-43.4948,8.20082,23.44647016642768,0.1003517204226624,23.477887421145443,0.0034812697202459227,23.43244682098912,0.09875898885798451,nan,nan
2006 WD161,570876,MBO,MBO,21163633203949892,745284181052358716,16.478683,3.565532,3.3827267,150.73873967388576,2.3961652917641083,2025052000114,139,60815.99953748862,g,150.73874427731405,2.396188075774694,11.257230758666992,1481.92,128.186,False,1383.15,4.30865,1411.86,126.981,False,-55.1175,7.99869,23.472938069518744,0.09391612371270121,23.54782677814046,0.0033821763614085027,23.525520925710993,0.097649819029607,nan,nan
2006 WD161,570876,MBO,MBO,21163633203949892,745284181320794156,16.478697,3.5655332,3.3827467,150.73891446159269,2.396172944077343,2025052000116,139,60816.00083512574,g,150.73892470225715,2.3961754088192766,12.483366012573242,1483.67,118.322,False,1519.68,3.96655,1429.01,116.894,False,-66.4997,6.79033,23.471656679628328,0.08658695929022935,23.44561959187138,0.0028339037903539876,23.51241182275534,0.08881396491510996,nan,nan
2006 WD161,570876,MBO,MBO,21163633203949892,745284181454487608,16.478704,3.5655336,3.3827574,150.73900913448534,2.396177086727499,2025052000117,138,60816.00153897185,g,150.73899507564272,2.3961190788353455,9.81067180633545,1308.48,129.782,False,1209.89,1.2127,1185.43,128.237,False,-68.2896,8.07714,23.60808229402082,0.10768908635289422,23.693135268841722,0.001088257849652618,23.715310166178966,0.11745235640311738,nan,nan
2006 WD161,570876,MBO,MBO,21163633203949892,745284181589753871,16.47871,3.565534,3.3827655,150.73908091704973,2.3961802267282706,2025052000118,140,60816.002071902825,g,150.73914932230966,2.3962010371530704,10.011737823486328,1294.19,128.431,False,1489.34,11.4589,1263.71,125.394,False,-63.1718,9.78062,23.62000494971896,0.10774476124942134,23.467515390563634,0.008353595131138614,23.64588147814503,0.10773421656826097,nan,nan
2006 WD161,570876,MBO,MBO,21163633203949892,745284181723447331,16.478718,3.5655346,3.3827736,150.73915283733777,2.396183371865896,2025052000119,139,60816.00260581951,g,150.73912944849116,2.3961947477299534,13.510052680969238,1714.41,125.649,False,1676.61,0.167438,1642.15,124.55,False,-63.9053,6.11099,23.314713250249042,0.07957353720811838,23.338919879127243,0.00010842921175406498,23.361467922245364,0.08234841251138428,nan,nan
2006 WD161,570876,MBO,MBO,21163633203949892,745284181857665078,16.478724,3.5655353,3.3827837,150.73924051967094,2.396187205088913,2025052000120,139,60816.003256159864,g,150.73924223761148,2.396199619163486,12.983641624450684,1572.16,119.615,False,1422.03,1.39694,1511.26,117.689,False,-53.3948,6.47546,23.408758120258632,0.08260630660321032,23.517728081061644,0.0010665796747773998,23.451652023977093,0.08455144093221396,nan,nan
2006 WD161,570876,MBO,MBO,21163633203949892,745284181993455617,16.478731,3.5655358,3.382792,150.73931258160596,2.396190354442426,2025052000121,142,60816.003791225885,g,150.73930577705696,2.3961827720527666,13.724781036376953,1599.1,114.539,False,1615.46,0.536521,1576.55,112.968,False,-30.5158,10.4643,23.390310958383008,0.07776820877109823,23.379259503678504,0.0003605909817976527,23.405730594188597,0.0777986402578679,nan,nan
2006 WD161,570876,MBO,MBO,21163633203949892,745284182126100568,16.478735,3.5655363,3.3827994,150.73937723797428,2.3961931793865623,2025052000122,139,60816.00427132496,g,150.73936874025512,2.3962192995080014,12.09894847869873,1407.12,120.691,False,1483.89,3.68662,1447.56,119.786,False,34.558,9.39076,23.529172164026576,0.09312538432933057,23.47149571900607,0.0026974349611100816,23.49840852137651,0.08984497716051507,27.55362854144426,0.2950370095571137
2006 WD161,570876,MBO,MBO,21163633203949892,745284182258745390,16.47874,3.5655367,3.3828065,150.7394413580675,2.396195980189007,2025052000123,136,60816.00474765939,g,150.73940635411446,2.3961827455259326,10.898110389709473,1413.61,130.886,False,1437.43,3.85656,1445.28,130.829,False,56.1349,8.86813,23.524175989384652,0.10052820232703762,23.50603319794617,0.0029129812599567994,23.500119995770472,0.09828252888981759,27.026917633344407,0.17152341349515388
2006 WD161,570876,MBO,MBO,21163633203949892,745284182526656558,16.478756,3.565538,3.3828275,150.73962443773044,2.3962039733131317,2025052000125,135,60816.00610655401,g,150.73960504190194,2.396233824093604,10.395191192626953,1356.45,129.055,False,1329.95,2.51213,1588.32,128.28,False,195.717,6.14532,23.56899056434105,0.10329881897362864,23.590411755362098,0.002050836960890941,23.397655025376864,0.08768903226734624,25.670928651003766,0.034091042216687725
2006 WD161,570876,MBO,MBO,21163633203949892,745284182797189139,16.47877,3.5655391,3.3828466,150.73979177388736,2.396211274028278,2025052000127,139,60816.0073481772,g,150.73977941377214,2.3962264029767764,11.609892845153809,1496.8,126.147,False,1550.02,8.83915,1676.78,125.359,False,188.717,7.48838,23.46209052835158,0.09150345002647112,23.42415673148426,0.006191523669948051,23.338809767945914,0.08117153339931032,25.710472467310687,0.04308252800516181
2006 WD161,570876,MBO,MBO,21163633203949892,745284182930882613,16.478777,3.5655396,3.3828564,150.73987922155905,2.3962150873612407,2025052000128,138,60816.00799732409,g,150.73989776000835,2.39622064892952,10.855853080749512,1613.24,145.676,False,1607.99,8.04045,1811.71,145.079,False,187.788,7.19172,23.380752552262866,0.09804226448344364,23.38429164767462,0.005429018728311424,23.254778319692416,0.08694411387435313,25.71583044097234,0.04158045786512462
2006 WD161,570876,MBO,MBO,21163633203949892,745284183197745174,16.478788,3.5655408,3.3828728,150.74002313694567,2.396221360204382,2025052000130,135,60816.00906569423,g,150.7400212250974,2.3962029034118157,8.513927459716797,1634.03,190.757,False,1766.83,8.54955,1767.17,191.877,False,135.368,5.78373,23.36684991626835,0.12674906923760013,23.282013115056976,0.0052537914013047905,23.281804147464,0.1178878089753298,26.07120999920386,0.046389141213046
2006 WD161,570876,MBO,MBO,21163633203949892,745284183334060037,16.478794,3.565541,3.3828802,150.74008714852468,2.396224149126681,2025052000131,139,60816.00954093928,g,150.74005612835214,2.396208691216354,7.843836784362793,1308.47,162.737,False,1249.95,5.1902,1440.33,162.914,False,94.0975,8.65259,23.608090599846413,0.13503516028620244,23.657768440209928,0.004508330820727944,23.503845016847045,0.1228063256678415,26.46605474483652,0.09983718635421882
2006 WD161,570876,MBO,MBO,21163633203949892,745284183600398365,16.478807,3.5655422,3.3828983,150.7402464481117,2.3962310865737755,2025052000133,135,60816.010722717605,g,150.74022327999188,2.3962460885378984,9.27892017364502,1465.1,161.278,False,1393.96,3.31885,1478.57,161.739,False,12.445,14.5524,23.485331847210077,0.11951768917913982,23.539374251021194,0.0025850065626280084,23.475395314015046,0.11876738516100871,28.662512774262847,1.2695916060762589
2006 WD161,570876,MBO,MBO,21163633203949892,745284183736713252,16.478813,3.5655427,3.3829064,150.74031842143827,2.3962342195467485,2025052000134,139,60816.01125654897,g,150.74031188175715,2.396273099897631,9.858699798583984,1463.57,144.049,False,1472.94,6.09694,1429.39,143.583,False,-24.694,7.01661,23.486466292809894,0.10686145242464616,23.479537402492223,0.0044941876815332675,23.512123140234934,0.10906278328901245,nan,nan
2006 WD161,570876,MBO,MBO,21163633203949892,745284183868833849,16.478819,3.5655432,3.3829138,150.74038217601603,2.396236994010048,2025052000135,135,60816.011729216334,g,150.7403950419926,2.396253714298682,12.090286254882812,1594.19,129.623,False,1537.57,3.80631,1553.99,129.326,False,-44.1534,11.5762,23.3936498384818,0.08828081372665264,23.432912796041677,0.0026877791912225985,23.421379457402715,0.0903570329748814,nan,nan
2006 WD161,570876,MBO,MBO,21163633203949892,745284184005148705,16.478825,3.5655437,3.382921,150.74044579850013,2.39623976202152,2025052000136,139,60816.01220191838,g,150.74046044679235,2.396274993592603,12.13347053527832,1750.55,142.511,False,1720.66,5.72165,1673.89,142.189,False,-40.7475,10.1861,23.292063670232004,0.08838899185021112,23.31076232136968,0.0036103603075251494,23.340682703372586,0.09222812659791367,nan,nan
2006 WD161,570876,MBO,MBO,21163633203949892,745284184138842126,16.47883,3.5655441,3.38293,150.74052479130216,2.3962431977684724,2025052000137,138,60816.01278751195,g,150.74053436443643,2.3962790704216252,10.25018310546875,1746.28,167.063,False,1710.3,1.48248,1709.7,167.11,False,-38.7671,13.3809,23.294715281549024,0.10387014016995295,23.31731922969334,0.0009411110426375182,23.31770025177432,0.10612235071741663,nan,nan
2006 WD161,570876,MBO,MBO,21163633203949892,745284184405704743,16.478842,3.565545,3.3829463,150.74066822928674,2.396249433749943,2025052000139,135,60816.013851595686,g,150.7406479883933,2.3962486650077643,12.342281341552734,1816.93,148.762,False,1810.31,1.36382,1832.3,148.236,False,-42.2411,8.6373,23.251654478471902,0.08889515686384952,23.255617588788237,0.0008179530886534406,23.242508517062976,0.08783778832196135,nan,nan
2006 WD161,570876,MBO,MBO,21163633203949892,745284184540446785,16.47885,3.5655458,3.382956,150.7407530315949,2.3962531188564062,2025052000140,136,60816.014480708174,g,150.74076395632088,2.3962680285928872,9.108299255371094,1539.82,167.417,False,1652.26,1.592,1458.39,165.824,False,-54.6019,6.39402,23.431325147429526,0.11804672794034225,23.354804020987892,0.0010461380388330286,23.490315794710746,0.12345197387252528,nan,nan
2006 WD161,570876,MBO,MBO,21163633203949892,745284184674664516,16.478855,3.565546,3.3829634,150.7408173443818,2.396255912751021,2025052000141,136,60816.01495770269,g,150.74077521323417,2.396220122940052,10.333925247192383,1382.13,133.579,False,1321.75,9.11984,1271.53,132.521,False,-49.8644,7.95311,23.54862776189121,0.10493336392666495,23.597126702307126,0.007491386502314635,23.639183446951257,0.11315725152724762,nan,nan
2006 WD161,570876,MBO,MBO,21163633203949892,745284189505978436,16.479374,3.565591,3.3837092,150.747370952617,2.396536802787631,2025052000177,135,60816.06343342403,r,150.7473689924733,2.3965512031505956,11.226752281188965,2492.49,215.804,False,3036.99,5.40408,2447.88,215.958,False,-51.9016,8.77987,22.908416442816296,0.09400487776375947,22.693891598730133,0.0019319804263445014,22.928024741961195,0.09578632222470468,nan,nan
2006 WD161,570876,MBO,MBO,21163633203949892,745284189640720463,16.479378,3.5655916,3.3837166,150.74743563934254,2.3965395374075187,2025052000178,136,60816.0639107544,r,150.74746604947111,2.3964864764594465,9.22768497467041,2150.76,243.668,False,2250.63,21.2799,2045.25,242.904,False,-64.7466,6.79871,23.068520117975183,0.12300729395401802,23.01923979767011,0.01026572943099415,23.123133996666674,0.12894740233963067,nan,nan
2006 WD161,570876,MBO,MBO,21163633203949892,745284189774938176,16.479383,3.5655918,3.383724,150.74750005924616,2.396542260010468,2025052000179,136,60816.06438575081,r,150.74752116367617,2.3966393260123176,8.349345207214355,2230.55,269.009,False,2315.98,9.39831,2218.06,273.974,False,-76.878,6.39392,23.028970069157204,0.13094205789061888,22.988162997518593,0.004405947028545121,23.035066746501045,0.13410975449001428,nan,nan
2006 WD161,570876,MBO,MBO,21163633203949892,745284189910204429,16.47943,3.565596,3.3837943,150.74812007016115,2.3965684261682005,2025052000180,138,60816.06895572477,r,150.74809163229457,2.3965208320101605,5.6257548332214355,2151.05,376.903,False,2571.31,20.0113,2097.93,379.546,False,-87.5183,6.62873,23.06837371173821,0.19024069172141073,22.87461387819323,0.00844977520336545,23.09552255204585,0.1964254460971933,nan,nan
2006 WD161,570876,MBO,MBO,21163633203949892,745284190044946450,16.479435,3.5655966,3.3838022,150.7481888800611,2.396571325936313,2025052000181,139,60816.069462385756,r,150.74813843498077,2.3965140707484167,7.659826755523682,2784.07,363.334,False,3388.31,25.9908,2636.21,367.905,False,-77.025,8.36531,22.788299596936284,0.14169359416355046,22.575042137400672,0.008328385830606628,22.84755000829326,0.15152350647522958,nan,nan
2006 WD161,570876,MBO,MBO,21163633203949892,745284190178639893,16.47944,3.565597,3.3838103,150.7482589165914,2.396574276535704,2025052000182,138,60816.06997807289,r,150.74827486500436,2.3965332935023844,7.901210784912109,2370.66,296.716,False,3047.65,19.8748,2378.16,299.113,False,-66.8459,7.14892,22.962826860402416,0.13589267098011412,22.690087309713135,0.007080468662374595,22.95939736481929,0.13655844542544573,nan,nan
2006 WD161,570876,MBO,MBO,21163633203949892,745284190312857624,16.479446,3.5655975,3.3838181,150.7483282797231,2.396577197909384,2025052000183,138,60816.07048924177,r,150.7483207212644,2.3965772285679376,8.391410827636719,2418.25,281.802,False,2419.46,7.46611,2326.62,282.643,False,-59.5506,6.55629,22.941247008886542,0.1265223347850011,22.940703901327723,0.00335042791191042,22.98318630271708,0.13189765775944767,nan,nan
2006 WD161,570876,MBO,MBO,21163633203949892,745284190447075418,16.47945,3.565598,3.3838253,150.74839276091663,2.396579912906112,2025052000184,138,60816.070964540704,r,150.74835120418777,2.396597740315981,9.279134750366211,2717.44,279.764,False,2933.01,7.1065,2677.98,282.181,False,-54.2356,7.61559,22.814600113876097,0.11177796689335748,22.731716137145824,0.0026306710427008236,22.83048168481903,0.11440493579647823,nan,nan
2006 WD161,570876,MBO,MBO,21163633203949892,745284190581293119,16.479456,3.5655985,3.3838332,150.7484619983889,2.396582827347744,2025052000185,138,60816.071474644064,r,150.74840144663824,2.396568565629416,7.2735114097595215,2080.52,283.795,False,2168.85,38.4264,2165.7,285.47,False,-46.4984,6.18392,23.104570252272964,0.1481007238169873,23.059426159165128,0.019236429898325094,23.061004283146627,0.14311544659265998,nan,nan
2006 WD161,570876,MBO,MBO,21163633203949892,745284190713937944,16.479462,3.565599,3.383841,150.74853096946885,2.396585729732568,2025052000186,135,60816.07198260975,r,150.74852529184437,2.3966225684651343,6.942009925842285,2656.4,389.618,False,2918.95,38.8438,2582.58,392.768,False,-7.28294,13.6845,22.839266360997502,0.15924649775458044,22.736933378593875,0.014448387348832753,22.869865508549285,0.16512264115799918,nan,nan
2006 WD161,570876,MBO,MBO,21163633203949892,745284191112921113,16.479477,3.5656004,3.3838646,150.748737506689,2.396594416030269,2025052000189,128,60816.073503021646,r,150.74871286032197,2.3965514279819375,7.056814193725586,3061.49,423.797,False,3053.82,20.0911,3041.24,429.561,False,22.7911,15.0683,22.685167890458814,0.15029666752292317,22.687891388091515,0.007143065055328503,22.692373268677784,0.15335518945761928,28.005586804835666,0.7178328139826124
2006 WD161,570876,MBO,MBO,21163633203949892,745284191789252612,16.479504,3.5656028,3.383906,150.74910221887487,2.396609736243104,2025052000194,138,60816.07618805147,r,150.74901003184343,2.3966337800315656,6.525008201599121,2442.59,384.614,False,3282.36,16.8939,2429.13,384.516,False,8.83883,6.75392,22.930373524035996,0.17096170232210972,22.609534435654762,0.005588149435105218,22.936373158354897,0.17186521639707572,29.034013048070033,0.8296319261530456
2006 WD161,570876,MBO,MBO,21163633203949892,745284191918227513,16.479507,3.5656033,3.3839133,150.74916689091347,2.396612450422978,2025052000195,128,60816.07666423876,r,150.7491535805085,2.3966745961270894,6.916042804718018,1945.54,322.431,False,2525.86,27.099,1987.28,323.234,False,11.339,7.74352,23.177399567554126,0.17993719118727938,22.89397676534753,0.011648454455919936,23.15435232944545,0.17659658466731637,28.76356313587052,0.7414604433691825
2006 WD161,570876,MBO,MBO,21163633203949892,745284192056115204,16.479513,3.5656037,3.3839211,150.74923618755258,2.396615357869885,2025052000196,135,60816.07717479927,r,150.74921291381816,2.3966014247973546,5.922883987426758,2595.16,437.518,False,2601.58,20.6469,2524.61,443.71,False,-4.9767,7.27171,22.864589690100516,0.1830442649982402,22.861907004323214,0.008616719979787977,22.894514208486854,0.19082233756390304,nan,nan
2006 WD161,570876,MBO,MBO,21163633203949892,745284192320880659,16.479523,3.5656047,3.3839364,150.74936963282954,2.3966209543824712,2025052000198,128,60816.07815667415,r,150.7493683449568,2.396623149146909,8.210436820983887,2646.83,313.266,False,2655.23,9.11879,2634.25,316.174,False,-58.8366,7.67973,22.843184846880185,0.12850247969756295,22.839744642272738,0.0037287165948772707,22.84835752819233,0.13031472753023568,nan,nan
2006 WD161,570876,MBO,MBO,21163633203949892,745284192589316129,16.479532,3.5656056,3.3839514,150.74950309819383,2.3966265485933382,2025052000200,128,60816.07913864023,r,150.7494750357505,2.39659622145994,5.807875633239746,2658.02,443.777,False,2557.57,13.882,2477.26,445.114,False,-102.062,8.38294,22.838604380963268,0.18127206000927942,22.88043114830638,0.005893167951792144,22.915071020192414,0.19508505283403124,nan,nan
2006 WD161,570876,MBO,MBO,21163633203949892,745284192725106701,16.479538,3.565606,3.3839593,150.74957242117907,2.3966294530311445,2025052000201,131,60816.07964867999,r,150.74958833344553,2.3966767819407004,5.710201740264893,2448.2,425.804,False,2340.76,1.9259,2336.67,429.831,False,-126.322,8.77016,22.927882787655687,0.18883702822976958,22.976607776926002,0.0008933078696525483,22.978506579345385,0.19972143577773005,nan,nan
2006 WD161,570876,MBO,MBO,21163633203949892,745284193534083122,16.479568,3.565609,3.3840065,150.74998779417666,2.396646838238447,2025052000207,138,60816.08270365432,r,150.75000192920848,2.3966075792800723,5.647039890289307,1964.04,339.379,False,1887.62,32.9523,1735.95,341.057,False,-66.3736,7.82534,23.167124157250143,0.18761127966863847,23.21021357731209,0.018953765241893347,23.301157000092378,0.21331141485861607,nan,nan
2006 WD161,570876,MBO,MBO,21163633203949892,745297377878343721,16.485968,3.5683212,3.4289901,151.17242931017037,2.4063326783894867,2025052300134,143,60819.02753780842,g,151.1724271456288,2.406316106219235,14.325652122497559,1601.89,109.916,False,1448.5,1.31994,1613.96,108.643,False,-0.123634,30.6444,23.388418264435693,0.07449936012366878,23.497703751150546,0.0009893728785569141,23.380268108606728,0.07308585026675664,nan,nan
2006 WD161,570876,MBO,MBO,21163633203949892,745297378012561439,16.485968,3.5683217,3.4289982,151.17250540517568,2.406333046761372,2025052300135,143,60819.02806302253,g,151.17250368653924,2.406319136931585,13.805667877197266,1457.92,105.15,False,1371.78,1.71492,1451.21,103.09,False,-5.95452,33.4125,23.490665732955804,0.07830687564873186,23.5567888099872,0.001357324600308693,23.495674373316508,0.07712773780861011,nan,nan
2006 WD161,570876,MBO,MBO,21163633203949892,745297378146779170,16.485968,3.5683222,3.429006,151.17258107038356,2.4063334123393574,2025052300136,143,60819.028586217355,g,151.17258265395535,2.4063281043239155,13.699740409851074,1387.0,100.756,False,1324.71,2.38288,1379.59,99.1874,False,-9.6109,32.6527,23.544808847316787,0.07887125700658532,23.59469799517229,0.0019530154780897312,23.550624932624324,0.07806040547691634,nan,nan
2006 WD161,570876,MBO,MBO,21163633203949892,745297378280996911,16.485968,3.5683227,3.4290142,151.17265673977278,2.406333777226748,2025052300137,143,60819.02910952353,g,151.17264401826884,2.4063431827189707,14.711820602416992,1580.73,105.869,False,1471.72,3.83716,1560.8,103.998,False,-12.9896,33.7482,23.40285577426449,0.07271691639955397,23.480437042162983,0.002830799159030587,23.416631825067633,0.07234392073477919,nan,nan
2006 WD161,570876,MBO,MBO,21163633203949892,745297378430418975,16.485968,3.5683231,3.4290223,151.17273226863233,2.406334140728128,2025052300138,172,60819.029631473495,g,151.1727229487133,2.4063323702184456,13.245043754577637,1512.18,111.437,False,1554.26,1.56932,1517.69,110.23,False,-8.52825,33.1646,23.450991236905907,0.080011094782772,23.421190817504506,0.0010962564117119314,23.447042360446435,0.0788571514049438,nan,nan
2006 WD161,570876,MBO,MBO,21163633203949892,745297378548908063,16.485968,3.5683236,3.4290304,151.17280823584252,2.406334505625802,2025052300139,142,60819.03015675932,g,151.17279970461342,2.406348546985005,13.049942970275879,1400.25,105.743,False,1373.48,3.29259,1456.56,104.666,False,12.7161,15.4588,23.534486046648052,0.08199178674602248,23.555444165936752,0.0026027929899316254,23.49167900831838,0.0780192106287312,28.639115185858262,1.3199156604188123
2006 WD161,570876,MBO,MBO,21163633203949892,745297378698854414,16.485968,3.568324,3.4290385,151.1728842073238,2.406334869829049,2025052300140,172,60819.030681123004,g,151.17287351971422,2.406327934564817,13.026507377624512,1430.77,106.398,False,1410.16,3.50975,1448.41,104.947,False,15.1979,34.0573,23.511075421672075,0.08073985475403632,23.52682899492673,0.002702290826697322,23.497771187934696,0.07866885292680166,28.445541056501387,2.4330496124066037
2006 WD161,570876,MBO,MBO,21163633203949892,745297378832547866,16.485968,3.5683246,3.4290466,151.1729600384078,2.406335232646747,2025052300141,171,60819.03120546072,g,151.17294757091705,2.4063492478983814,12.276529312133789,1510.18,120.11,False,1517.96,1.42345,1514.44,118.529,False,7.90217,31.8439,23.45242817535751,0.0863524689627115,23.446849209067803,0.0010181369950320012,23.44936986233663,0.08497611715478778,29.155634053950862,4.375263386697979
2006 WD161,570876,MBO,MBO,21163633203949892,745297378951561282,16.485968,3.568325,3.4290545,151.17303558425917,2.40633559339236,2025052300142,142,60819.03172731136,g,151.17303133628332,2.406307142552691,14.114253997802734,1603.55,111.894,False,1504.71,0.263256,1610.35,110.185,False,8.58975,28.5645,23.387293701607835,0.07576150425467389,23.456368010147905,0.00018995460406431101,23.38269932242286,0.07428934261760238,29.065048653078307,3.610525527764246
2006 WD161,570876,MBO,MBO,21163633203949892,745297379100983315,16.485968,3.5683255,3.4290626,151.17311156863548,2.4063359555203063,2025052300143,171,60819.0322521672,g,151.17308988993784,2.4063831502478727,13.163158416748047,1484.67,116.045,False,1528.59,3.50195,1512.61,114.843,False,20.9414,12.1421,23.470925135254245,0.08486347280120358,23.43927248899257,0.0024873864247578355,23.45068259244139,0.0824331497800105,28.09748569188379,0.6295241770966384
2006 WD161,570876,MBO,MBO,21163633203949892,745297379235201049,16.485968,3.568326,3.4290707,151.17318755735892,2.4063363169557026,2025052300144,171,60819.03277742538,g,151.173192203519,2.4063473776004667,13.36244010925293,1592.6,117.848,False,1512.09,1.04469,1635.3,116.588,False,24.4471,31.7021,23.394733238168406,0.08034148044450672,23.451055921397607,0.0007501258492737777,23.3660063757128,0.0774070849858978,27.929431641475993,1.407942823395561
2006 WD161,570876,MBO,MBO,21163633203949892,745297379369418794,16.485968,3.5683265,3.4290788,151.1732631161533,2.406336675639422,2025052300145,171,60819.03329943505,g,151.17326164382143,2.4063451314925666,12.522428512573242,1403.0,110.6,False,1305.81,2.77838,1432.05,109.002,False,15.809,28.4406,23.5323558224291,0.0855897523802902,23.61029997592152,0.0023101274544213507,23.510104508928556,0.08264195563211373,28.40273900031022,1.9532537458970742
2006 WD161,570876,MBO,MBO,21163633203949892,745297379503636519,16.485968,3.568327,3.429087,151.173338824079,2.406337034324768,2025052300146,171,60819.033822497426,g,151.17333665202565,2.4063386570780785,13.5927734375,1516.86,112.117,False,1509.26,2.483,1530.44,110.547,False,20.8952,23.5232,23.447636262923673,0.08025096827143592,23.45308983780572,0.0017862283651983262,23.437959271549555,0.0784250814417741,28.09988363114546,1.2222897126100851
2006 WD161,570876,MBO,MBO,21163633203949892,745297379618455567,16.485968,3.5683274,3.4290948,151.1734142468342,2.406337390956547,2025052300147,134,60819.034343319145,g,151.17341304921322,2.4063419274855846,13.661681175231934,1512.49,108.16,False,1404.36,1.87444,1552.86,106.324,False,62.1686,23.0264,23.450768727143874,0.07764232004241337,23.531303883627274,0.0014491635647224334,23.422169252388997,0.07434013021565296,26.916072313311343,0.40214186033350513
2006 WD161,570876,MBO,MBO,21163633203949892,745297379752673291,16.485968,3.568328,3.429103,151.1734899635033,2.406337748273234,2025052300148,134,60819.03486655337,g,151.1735024009206,2.406347993585184,13.110732078552246,1501.92,113.185,False,1471.75,0.451173,1629.0,111.613,False,124.738,21.9651,23.458382966927534,0.08182129946279638,23.480414888789483,0.0003328383684998162,23.370197289228727,0.07439059170970641,26.160003067871052,0.1911871585818762
2006 WD161,570876,MBO,MBO,21163633203949892,745297379884793929,16.485968,3.5683284,3.429111,151.1735658294017,2.4063381055865665,2025052300149,130,60819.03539085956,g,151.1735481128096,2.4063316612511945,10.762787818908691,1277.97,117.918,False,1237.91,3.36145,1458.25,117.085,False,142.601,24.1453,23.633698377398563,0.10018063329532904,23.668277291922756,0.0029482335694135126,23.490420037244867,0.08717532833196255,26.014693588178833,0.18383760752138265
2006 WD161,570876,MBO,MBO,21163633203949892,745297380020584454,16.485968,3.5683289,3.429119,151.17364184450605,2.406338462892589,2025052300150,133,60819.03591508551,g,151.17365582326397,2.4063058984662153,11.3233060836792,1447.06,126.793,False,1335.8,2.42962,1637.39,126.3,False,157.952,9.03411,23.498783609012055,0.09513340444795491,23.585646362490785,0.0019747913844007756,23.364619656028214,0.08374821193947395,25.903687205166378,0.06209899613627447
2006 WD161,570876,MBO,MBO,21163633203949892,745297380155326509,16.485968,3.5683293,3.4291272,151.1737182984699,2.406338821545245,2025052300151,134,60819.03644384879,g,151.1737197673056,2.40633100288743,11.974715232849121,1392.29,116.571,False,1293.68,4.24814,1534.77,115.455,False,138.378,21.8089,23.54067570986796,0.09090444565870033,23.620432794656587,0.003565301353872602,23.434891732440022,0.08167586929192021,26.047332329610516,0.17111616150679212
2006 WD161,570876,MBO,MBO,21163633203949892,745297380288495637,16.485968,3.5683298,3.4291353,151.1737941777308,2.406339176792108,2025052300152,132,60819.03696702246,g,151.1738013368138,2.406337861998433,13.399444580078125,1539.53,111.974,False,1495.16,2.39628,1666.44,110.853,False,95.2381,20.4742,23.43152958887218,0.07896840101704426,23.4632808005538,0.0017401000213021116,23.34552583430036,0.07222409225174217,26.452973214540805,0.23341057697653161
2006 WD161,570876,MBO,MBO,21163633203949892,745297380422713379,16.485968,3.5683303,3.4291434,151.17386991670324,2.4063395306777258,2025052300153,132,60819.03749054286,g,151.1738540378435,2.406329646438937,10.79590129852295,1249.41,114.508,False,1300.63,1.90087,1314.09,113.341,False,70.5293,18.8565,23.658237526246783,0.09950735262685735,23.61461557814091,0.001586802806632538,23.603437252233935,0.0936453622623053,26.779076114322624,0.2902791652744585
2006 WD161,570876,MBO,MBO,21163633203949892,745297380555882514,16.485968,3.5683308,3.4291513,151.1739456601771,2.406339883880884,2025052300154,130,60819.03801396572,g,151.1739641325957,2.4063547490966597,9.060347557067871,1105.81,116.766,False,1092.87,1.00508,1147.37,116.321,False,38.4831,19.311,23.790798659948955,0.11464633681024355,23.80357874371056,0.0009985192501432267,23.750741278859714,0.11007253168845342,27.43682485161409,0.5448275284267706
2006 WD161,570876,MBO,MBO,21163633203949892,745297380690100310,16.485968,3.5683312,3.4291594,151.17402184272126,2.4063402384225343,2025052300155,130,60819.03853933948,g,151.17400180560273,2.40634235722037,10.302963256835938,1308.47,123.317,False,1299.26,10.3519,1353.77,121.969,False,32.3701,8.5765,23.608090599846413,0.10232541519321871,23.615759821496102,0.0086506416290035,23.571137769946723,0.09782027904988752,27.62463996061388,0.2876672310674506
2006 WD161,570876,MBO,MBO,21163633203949892,745297380824317990,16.485968,3.5683317,3.4291675,151.1740977400929,2.40634059093048,2025052300156,130,60819.039063642136,g,151.17409328744304,2.4063310099072748,11.033596992492676,1408.49,127.81,False,1464.66,6.0139,1449.67,127.243,False,20.99,5.89797,23.528115587707983,0.09852249049801351,23.485657921915674,0.004458037084173833,23.496827088206455,0.0952991533283207,28.09496891538322,0.3050805073892953
2006 WD161,570876,MBO,MBO,21163633203949892,745297380956962880,16.485968,3.5683322,3.4291756,151.1741736421056,2.406340942755309,2025052300157,127,60819.039587964784,g,151.17416283551788,2.406293458883947,10.865643501281738,1327.72,122.292,False,1367.28,3.87963,1314.9,121.072,False,-6.59623,6.69915,23.59223378079806,0.1000036564059226,23.560356323815082,0.0030807550452206867,23.602768166406822,0.0999712904537266,nan,nan
2006 WD161,570876,MBO,MBO,21163633203949892,745297381092229159,16.485968,3.5683327,3.4291837,151.17424954864325,2.406341293896844,2025052300158,129,60819.040111307746,g,151.17424333475287,2.4063425236336307,10.487492561340332,1231.42,118.002,False,1233.14,2.79392,1226.53,117.4,False,-9.55862,27.8951,23.673984454082394,0.10404170621631781,23.672469023561504,0.0024599478605305987,23.67830453609552,0.1039236129981894,nan,nan
2006 WD161,570876,MBO,MBO,21163633203949892,745297381224874035,16.485968,3.5683331,3.4291918,151.17432603928864,2.406341647028598,2025052300159,126,60819.04063972704,g,151.17431835930765,2.406354120614237,13.209328651428223,1545.55,114.917,False,1451.64,3.83825,1517.77,113.388,False,-16.5473,30.4609,23.427292317042056,0.0807282477445419,23.495352672304538,0.002870771583143614,23.446985075079038,0.0811120629153557,nan,nan
2006 WD161,570876,MBO,MBO,21163633203949892,745297381360664590,16.485968,3.5683336,3.4292,151.17440181025214,2.406341996133883,2025052300160,129,60819.04116299786,g,151.1744021365311,2.4063218007757627,11.329635620117188,1504.59,131.628,False,1450.19,3.18888,1523.71,130.785,False,-12.976,6.24915,23.456454597092623,0.0949848762126082,23.4964377787191,0.002387468243749935,23.44274423333114,0.09319228537956721,nan,nan
2006 WD161,570876,MBO,MBO,21163633203949892,745297381489639442,16.485968,3.568334,3.429208,151.17447816541326,2.4063423472226204,2025052300161,119,60819.04168941305,g,151.17446908456486,2.406315164391548,12.431183815002441,1415.26,114.168,False,1532.11,0.318866,1381.74,112.811,False,-30.2794,32.5232,23.52290941195173,0.08758555274245121,23.43677514237742,0.0002259657463880221,23.548934182256676,0.08864401740812143,nan,nan
2006 WD161,570876,MBO,MBO,21163633203949892,745297381627527223,16.485968,3.5683346,3.4292161,151.17455423549185,2.4063426962941867,2025052300162,126,60819.04221461984,g,151.17455084264174,2.4063651663685026,13.385563850402832,1496.98,109.325,False,1448.05,1.69946,1465.67,107.817,False,-7.19754,32.1001,23.461960018898694,0.07929171319619822,23.49804106849247,0.0012742413731980605,23.484909470933097,0.07986846857509546,nan,nan
2006 WD161,570876,MBO,MBO,21163633203949892,745297381741297740,16.485968,3.568335,3.4292243,151.17463031027245,2.406343044682749,2025052300163,87,60819.04273919154,g,151.1746236766981,2.4063721487438006,12.14145565032959,1413.34,114.853,False,1522.48,2.84781,1399.33,113.669,False,6.11532,34.1012,23.52438340018925,0.08823075827107779,23.443621023304406,0.0020308775770401053,23.535199671601106,0.08819545864292136,29.43395199459755,6.0544511706701885
2006 WD161,570876,MBO,MBO,21163633203949892,745297381904875567,16.485968,3.5683358,3.429236,151.17474088069702,2.4063435497910106,2025052300164,143,60819.04350260107,g,151.17472838858703,2.4063243652780733,9.803089141845703,1294.0,130.79,False,1281.63,6.31009,1319.13,129.435,False,1.72686,6.07724,23.620164309168295,0.10973990025566233,23.63059333413723,0.005345609273156934,23.599281002754726,0.10653405084560241,30.806857146157945,3.820969450423987
2006 WD161,570876,MBO,MBO,21163633203949892,745297382039093315,16.485968,3.5683389,3.429288,151.1752279163704,2.4063457570134643,2025052300165,143,60819.04686286381,r,151.17523566674865,2.4063333033158667,14.561358451843262,2521.92,169.289,False,2350.37,0.126773,2642.24,166.688,False,106.194,45.7494,22.895671769070255,0.0728822498935964,22.972159357942445,5.8561855693484884e-05,22.845069346723296,0.06849461101609404,26.334750048401638,0.4677456447441895
2006 WD161,570876,MBO,MBO,21163633203949892,745297382173311027,16.485968,3.5683393,3.4292958,151.1753035986326,2.4063460974248003,2025052300166,143,60819.04738498699,r,151.1753022664795,2.406348424794317,14.111900329589844,2433.89,172.913,False,2413.55,6.2393,2523.18,169.349,False,115.859,50.1649,22.93424768207607,0.07713491840742874,22.94335922739962,0.002806750852523098,22.895129445513117,0.07287167164481215,26.2401755498702,0.4701046053817077
2006 WD161,570876,MBO,MBO,21163633203949892,745297382307004473,16.485968,3.5683398,3.429304,151.175379575652,2.4063464384664197,2025052300167,142,60819.04790885035,r,151.17536999519487,2.4063577562096032,13.083203315734863,2203.59,167.511,False,2041.8,6.2036,2282.64,165.234,False,97.2676,40.4799,23.0421729745552,0.08253475095828998,23.124966975336797,0.003298791694855239,23.003906492629813,0.07859344332669341,26.43007948834112,0.45185131460179884
2006 WD161,570876,MBO,MBO,21163633203949892,745297382441746543,16.485968,3.5683403,3.429312,151.17545570259355,2.4063467794826385,2025052300168,143,60819.04843320498,r,151.17543646973326,2.406360147903532,11.385143280029297,1939.51,165.264,False,1843.04,18.0631,2036.72,162.347,False,83.0905,42.0828,23.18076993668629,0.09251466373306957,23.236163074655757,0.010640985604860405,23.127671695465317,0.08654406020556321,26.601121570697586,0.5498922451966191
2006 WD161,570876,MBO,MBO,21163633203949892,745297382591168555,16.485968,3.5683408,3.42932,151.1755316893985,2.406347119174498,2025052300169,172,60819.0489575571,r,151.17551586986679,2.4063561274106413,13.812668800354004,2448.57,175.299,False,2301.64,4.20264,2535.19,172.383,False,83.0846,44.5333,22.9277186592079,0.07773045543749893,22.994906559389293,0.001982481481895616,22.889973742291733,0.07382581334702733,26.601198635829974,0.5819539736542645
2006 WD161,570876,MBO,MBO,21163633203949892,745297382709657672,16.485968,3.5683413,3.4293282,151.17560797124213,2.406347459486029,2025052300170,142,60819.04948372305,r,151.17561526200188,2.406349278068185,14.750007629394531,2316.11,156.312,False,2223.43,4.83834,2415.88,155.061,False,78.0586,46.5974,22.988101995447572,0.07327527013968993,23.03244138049299,0.002362638292806202,22.942311656427492,0.06968696907496066,26.668948086219196,0.6481346585243024
2006 WD161,570876,MBO,MBO,21163633203949892,745297382859079700,16.485968,3.5683417,3.4293363,151.17568382290895,2.4063477971842477,2025052300171,171,60819.05000675553,r,151.17568579507906,2.4063512658144384,12.79677963256836,2450.28,189.315,False,2372.47,3.85754,2499.0,188.117,False,60.5654,33.9304,22.926960699059315,0.08388680060927213,22.961998189760067,0.0017653630073199238,22.90558435968387,0.08173086930843805,26.94443854029305,0.6082592560761463
2006 WD161,570876,MBO,MBO,21163633203949892,745297382989627428,16.485968,3.5683422,3.4293444,151.17576040470857,2.4063481374316,2025052300172,164,60819.05053419755,r,151.1757518730538,2.4063806940551857,13.339738845825195,2448.88,180.876,False,2418.51,4.61264,2467.6,179.166,False,33.9237,22.1287,22.927581291078646,0.08019324705848171,22.94113027701817,0.002070741953966241,22.919313053101703,0.07883247104912465,27.573742015585957,0.7082344245415116
2006 WD161,570876,MBO,MBO,21163633203949892,745297383112310894,16.485968,3.5683427,3.4293525,151.17583655641565,2.406348475069541,2025052300173,142,60819.05105965396,r,151.17581599218923,2.4063576087871423,13.069595336914062,2206.59,169.223,False,2183.6,4.3998,2240.18,166.008,False,42.7545,31.8022,23.040695842562016,0.08326491930046472,23.052067237358255,0.002187681694772371,23.024292744141917,0.08045822059310391,27.322545386233422,0.8076061979702918
2006 WD161,570876,MBO,MBO,21163633203949892,745297383261732881,16.485968,3.5683432,3.4293606,151.1759125680268,2.406348811392444,2025052300174,171,60819.051583761844,r,151.17591487145623,2.406344770452394,15.503673553466797,2672.86,169.796,False,2598.77,2.02409,2765.11,169.043,False,56.8388,35.9441,22.832559427056097,0.06897243511183444,22.863080380189217,0.0008456415282044229,22.795718925732167,0.06637569475916326,27.013387777264665,0.6866051202466864
2006 WD161,570876,MBO,MBO,21163633203949892,745297383526498377,16.485968,3.568344,3.4293768,151.1760647514605,2.406349482666387,2025052300176,164,60819.05263225407,r,151.1760417922915,2.4063509170791697,12.64457893371582,2241.71,172.969,False,1967.88,2.02284,2376.93,170.833,False,105.642,26.3814,23.02355144602603,0.08377475342998185,23.1650034675133,0.0011160592332863926,22.959959051096405,0.07803324890385667,26.340408481021896,0.2711349714863279
2006 WD161,570876,MBO,MBO,21163633203949892,745297383660716082,16.485968,3.5683446,3.429385,151.17614077814085,2.406349816978045,2025052300177,164,60819.053156911876,r,151.1761288898911,2.4063651838650695,12.06955623626709,2067.4,168.548,False,2089.69,2.86041,2216.57,166.034,False,131.989,28.8006,23.11143877144233,0.08851633887490389,23.099795369322496,0.0014861777380596407,23.035796338984184,0.08132795975325405,26.098655666826456,0.23691258037446114
2006 WD161,570876,MBO,MBO,21163633203949892,745297383911850126,16.485968,3.5683455,3.4294012,151.17629313697884,2.4063504848655124,2025052300179,131,60819.05420634805,r,151.17629732825358,2.4063536810555415,13.118800163269043,2250.63,168.844,False,2069.18,4.41338,2406.35,166.99,False,112.17,36.7255,23.01923979767011,0.08145276964214129,23.110504355838135,0.0023157805353846072,22.94660296823937,0.07534526874259802,26.27530821803877,0.35548010772791183
2006 WD161,570876,MBO,MBO,21163633203949892,745297384045543512,16.485966,3.568346,3.4294093,151.1763690338037,2.406350816536399,2025052300180,130,60819.05472985945,r,151.17635708936788,2.4063465248608944,12.59121322631836,2171.36,168.025,False,2030.88,0.819539,2256.03,167.107,False,91.7983,28.9227,23.058170363407832,0.08401684204942068,23.13078934062238,0.0004381367549038027,23.016637809736885,0.08042185244913269,26.492913383340596,0.3420806584271929
2006 WD161,570876,MBO,MBO,21163633203949892,745297384179761248,16.485966,3.5683465,3.4294171,151.1764452259832,2.4063511488073384,2025052300181,130,60819.05525411703,r,151.17644253921026,2.4063669219843606,13.473526954650879,2279.71,168.241,False,2036.78,1.4364,2373.43,167.279,False,73.6472,32.8676,23.005301007912134,0.0801265709405412,23.127639679857293,0.0007656946370048933,22.96155896247729,0.07652253463608734,26.732109377303118,0.4845471651547004
2006 WD161,570876,MBO,MBO,21163633203949892,745297384316076073,16.485966,3.568347,3.4294252,151.17652069755306,2.406351477254088,2025052300182,134,60819.05577405935,r,151.17651389912052,2.4063350904074183,12.264634132385254,2316.97,185.476,False,2383.67,0.460356,2369.5,183.38,False,89.7794,27.4109,22.987698987215218,0.08691437895480901,22.95688470898332,0.00020968724256929377,22.963358217411447,0.08402714097066558,26.51705820875584,0.33149035790913045
2006 WD161,570876,MBO,MBO,21163633203949892,745297384447672424,16.485966,3.5683475,3.4294333,151.1765968999864,2.406351808193834,2025052300183,129,60819.05629904333,r,151.17658346918358,2.4063366329596585,12.240140914916992,2219.66,178.334,False,2222.16,1.76605,2293.67,178.132,False,65.8402,27.8151,23.03428390352269,0.08723123704014836,23.033061728420627,0.0008628831766167824,22.99867270129012,0.08432092337701942,26.853772107941104,0.4586842040482767
2006 WD161,570876,MBO,MBO,21163633203949892,745297384583462925,16.485966,3.568348,3.4294415,151.17667310759683,2.406352138465675,2025052300184,132,60819.056824495594,r,151.17666110069763,2.406350964549914,13.113102912902832,2364.1,176.377,False,2381.99,1.1927,2413.97,175.686,False,28.3918,29.4414,22.965835347671295,0.08100287021841826,22.95765016968045,0.0005436452745729961,22.943170341850863,0.0790186531814854,27.767017685162994,1.1258741803776569
2006 WD161,570876,MBO,MBO,21163633203949892,745297384715059328,16.485966,3.5683484,3.4294496,151.17674873970836,2.40635246556138,2025052300185,127,60819.05734536407,r,151.1767397941576,2.406339983390494,14.667723655700684,2467.45,165.062,False,2438.18,1.8441,2460.84,163.985,False,-1.02301,35.6109,22.91937911908788,0.07263117353246541,22.93233561919444,0.0008211888333403276,22.922291517554385,0.0723510857434699,nan,nan
2006 WD161,570876,MBO,MBO,21163633203949892,745297384857141330,16.485966,3.5683513,3.4294956,151.17718288936692,2.406354330072813,2025052300186,142,60819.060335375776,i,151.17716459756875,2.4063631177221008,9.00900936126709,2957.32,317.707,False,2864.45,15.955,2987.67,312.64,False,1.6987,15.0856,22.722754173973936,0.1166414135862111,22.75739690379231,0.006047555851689389,22.711668462779745,0.11361515556808635,30.824708314243296,9.642068906788161
2006 WD161,570876,MBO,MBO,21163633203949892,745297384991359048,16.485964,3.5683517,3.4295037,151.17725884686246,2.40635465399256,2025052300187,142,60819.06085855108,i,151.17725959628797,2.4063409052499787,7.700314044952393,2249.71,286.573,False,2385.25,2.67442,2154.59,282.403,False,-11.0528,16.8378,23.019683671925755,0.13830346341886374,22.95616523869758,0.0012173628547139607,23.066588356102145,0.14230789401197622,nan,nan
2006 WD161,570876,MBO,MBO,21163633203949892,745297385125576776,16.485964,3.5683522,3.4295118,151.1773352454266,2.406354979107165,2025052300188,142,60819.06138473396,i,151.17732819549133,2.4063873348035716,10.750476837158203,2719.89,248.954,False,2687.01,0.135253,2667.7,246.195,False,-25.6692,27.5513,22.81362169213292,0.09937842195666625,22.826826789278186,5.46514807962526e-05,22.834657547906662,0.10019973676768841,nan,nan
2006 WD161,570876,MBO,MBO,21163633203949892,745297385260318806,16.485964,3.5683527,3.42952,151.17741135876273,2.406355302324465,2025052300189,143,60819.06190884062,i,151.17739185527526,2.406360156199753,10.52712345123291,2514.09,232.526,False,2306.78,2.95891,2452.16,231.222,False,-40.1033,49.7236,22.89904791052651,0.10041879526270235,22.99248454275805,0.0013926753570903622,22.926128029223612,0.10237753893185854,nan,nan
2006 WD161,570876,MBO,MBO,21163633203949892,745297385409740911,16.485964,3.5683532,3.429528,151.17748762273993,2.40635562549798,2025052300190,172,60819.06243327331,i,151.17745715947166,2.4063470804152747,12.607470512390137,2979.48,233.445,False,2796.57,0.610055,2937.88,231.29,False,-31.9022,47.4837,22.714648820782713,0.08506843406682503,22.783435737262884,0.00023684685744152273,22.729914911509166,0.08547657818760657,nan,nan
2006 WD161,570876,MBO,MBO,21163633203949892,745297385528229948,16.485964,3.5683537,3.429536,151.17756418265336,2.4063559492379043,2025052300191,142,60819.06296078522,i,151.17753651737,2.4063711089505593,12.845938682556152,2852.08,214.33,False,2600.62,1.02857,2896.98,212.27,False,15.151,50.1118,22.762095712303253,0.08159162308894094,22.862307705687137,0.000429419022604253,22.745136264926384,0.0795549953318912,28.44889675287301,3.591063078954881
2006 WD161,570876,MBO,MBO,21163633203949892,745297385677651988,16.485964,3.5683541,3.4295444,151.1776408932555,2.406356272924877,2025052300192,171,60819.063488538115,i,151.1776241603272,2.406371389806381,9.57984447479248,2245.33,234.653,False,1991.32,14.3973,2290.33,230.834,False,60.5857,36.4671,23.021799514634942,0.11346717349251569,23.15214739018186,0.007849903596064165,23.00025480858473,0.1094273847622461,26.944074657176465,0.6535147434330582
2006 WD161,570876,MBO,MBO,21163633203949892,745297385808199709,16.485964,3.5683546,3.4295526,151.17771746405847,2.4063565953336266,2025052300193,164,60819.064015990574,i,151.1777048126267,2.4063528757179737,10.343428611755371,2598.42,247.431,False,2487.82,2.86361,2598.65,245.098,False,50.5217,23.9436,22.863226656813875,0.10338775205378828,22.910452583008144,0.0012497387269183105,22.863130564927516,0.1024038597478761,27.14130507188342,0.5145597265089661
2006 WD161,570876,MBO,MBO,21163633203949892,745297386080305156,16.485964,3.5683556,3.4295688,151.17787047671774,2.4063572375510027,2025052300195,171,60819.06506858168,i,151.1778525078248,2.406348605500814,11.55537223815918,2577.78,217.689,False,2478.55,8.39937,2588.49,214.998,False,7.26775,34.5302,22.871885363052414,0.09168851529418005,22.914505767638023,0.0036793690410007493,22.867383775270486,0.09018041971345529,29.24650008242292,5.1585002841212955
2006 WD161,570876,MBO,MBO,21163633203949892,745297386210852877,16.485962,3.568356,3.4295769,151.1779470639535,2.4063575579708565,2025052300196,164,60819.06559514809,i,151.1779475318994,2.4063788042461196,10.742494583129883,2512.17,225.92,False,2296.82,5.40566,2503.24,225.457,False,-18.1174,32.3583,22.89987747121763,0.09764049766499802,22.997182564667433,0.00255532465035874,22.903743779457116,0.09778799846052774,nan,nan
2006 WD161,570876,MBO,MBO,21163633203949892,745297386345070659,16.485962,3.5683565,3.429585,151.17802322070628,2.406357875910345,2025052300197,164,60819.06611941331,i,151.1780421956877,2.406368346609224,11.51361083984375,2581.02,221.129,False,2372.12,8.43725,2593.9,219.409,False,-23.8455,37.0782,22.870521567158118,0.09302049461821413,22.96215830838862,0.0038617892392228377,22.86511696798772,0.09183866001286986,nan,nan
2006 WD161,570876,MBO,MBO,21163633203949892,745297386479288363,16.485962,3.568357,3.429593,151.17809952824652,2.406358193800646,2025052300198,164,60819.06664482081,i,151.1780875033719,2.406374777094023,11.526885986328125,2667.55,223.408,False,2651.38,2.3286,2675.47,221.818,False,-18.4748,35.3671,22.834718558881526,0.09093068724542722,22.841320108062916,0.0009535582835868871,22.831499797886824,0.09001626954598979,nan,nan
2006 WD161,570876,MBO,MBO,21163633203949892,745297386596204697,16.485962,3.5683575,3.4296012,151.1781752598338,2.406358508620462,2025052300199,131,60819.067165975925,i,151.17815887824815,2.406355488165655,12.859810829162598,2727.11,206.819,False,2597.84,2.72722,2726.34,203.749,False,-19.3588,44.6642,22.81074331752182,0.08234023106944782,22.86346896445476,0.0011398090165728545,22.811049926387422,0.08114088894438827,nan,nan
2006 WD161,570876,MBO,MBO,21163633203949892,745297386729898110,16.485962,3.568358,3.4296093,151.1782514329485,2.4063588246020955,2025052300200,130,60819.06768914743,i,151.1782378336539,2.406349770631725,12.027134895324707,2824.45,231.23,False,2919.6,7.24987,2828.21,228.052,False,1.73733,29.3542,22.77266529123085,0.08888625478503988,22.73669157623764,0.0026960699697976837,22.771220881201465,0.08754806697802701,30.800294227426203,18.344769751396136
2006 WD161,570876,MBO,MBO,21163633203949892,745297386864115803,16.485962,3.5683584,3.4296172,151.1783274662271,2.4063591393307133,2025052300201,130,60819.06821238123,i,151.1783147401622,2.4063715062437554,11.231768608093262,2749.77,240.026,False,2652.62,5.05614,2743.48,237.509,False,12.8242,33.3657,22.801759068538132,0.09477335104118599,22.84081235263763,0.0020695138968858558,22.804245511399543,0.09399453431682561,28.629924321275112,2.8248428088362347
2006 WD161,570876,MBO,MBO,21163633203949892,745297386998333536,16.485962,3.568359,3.4296253,151.17840379580804,2.406359454610103,2025052300202,130,60819.068737992246,i,151.178403945057,2.4063722801084704,12.489874839782715,2858.91,222.837,False,2627.45,4.03665,2830.31,221.455,False,2.33799,31.6832,22.75949882399591,0.08462743220119152,22.8511638696355,0.0016680573669162876,22.77041496299114,0.08495242861561898,30.477893355661067,14.713321083627674
2006 WD161,570876,MBO,MBO,21163633203949892,745301777404919866,16.481457,3.5691924,3.4435453,151.31504635813076,2.4063111354189304,2025052400145,150,60819.98026129721,i,151.31504679221538,2.40630764282282,11.595190048217773,2741.57,228.553,False,2429.33,2.45206,3109.02,225.305,False,364.406,52.7777,22.80500162512336,0.09051319275426686,22.93628368173034,0.0010958948415717787,22.668441203621548,0.07868131633894809,24.996036184831492,0.15724948865321944
2006 WD161,570876,MBO,MBO,21163633203949892,745301777539137572,16.481455,3.569193,3.4435532,151.31512321199602,2.4063106807615977,2025052400146,150,60819.9807832778,i,151.3151020866343,2.4063167032676858,9.600543022155762,2139.76,216.952,False,1969.53,17.92,2437.29,214.043,False,315.987,60.4033,23.0740873333083,0.11008367083851482,23.164093482861258,0.009878698259323691,22.932731966052053,0.09534943726648858,25.15082696241338,0.20754667484247727
2006 WD161,570876,MBO,MBO,21163633203949892,745301777673355331,16.481453,3.5691934,3.4435613,151.31520021551162,2.4063102245161265,2025052400147,150,60819.98130642876,i,151.31520074430142,2.4063160760057047,12.18120002746582,2726.52,220.412,False,2855.3,2.98708,2926.16,218.012,False,205.83,52.8576,22.810978272872447,0.08777096424457971,22.760870618104583,0.001135845954043218,22.734254859360504,0.0808922005031997,25.61622830522615,0.2788194664131075
2006 WD161,570876,MBO,MBO,21163633203949892,745301777808097368,16.481453,3.5691938,3.4435694,151.31527722143622,2.406309767553238,2025052400148,151,60819.98182965605,i,151.3152588584908,2.406313443689685,12.045065879821777,2837.77,225.493,False,2549.63,1.89935,2957.5,222.542,False,110.645,52.0633,22.767557009595635,0.08627404906876314,22.883807148443083,0.0008088205764921529,22.722688116750078,0.08169802690244776,26.290170550126632,0.5108862817458272
2006 WD161,570876,MBO,MBO,21163633203949892,745301777957519491,16.481451,3.5691943,3.4435773,151.31535437700367,2.406309308997623,2025052400149,180,60819.98235309965,i,151.31533922989144,2.4063044344302846,13.888559341430664,3208.9,231.226,False,2988.27,1.36908,3241.42,228.138,False,27.0346,52.036,22.634109574928566,0.0782356711235909,22.711450405784408,0.0004974315093558598,22.623161757547717,0.07641641403498686,27.82020015744068,2.089817117427574
2006 WD161,570876,MBO,MBO,21163633203949892,745301778076008557,16.48145,3.5691948,3.4435854,151.3154313878145,2.4063088505992587,2025052400150,150,60819.98287619607,i,151.3154188047523,2.4063069473714194,12.0462064743042,2511.45,199.139,False,2423.0,0.678099,2538.01,194.846,False,1.61695,79.1248,22.900188680379095,0.08609067849259086,22.939116464656234,0.0003038533261730018,22.888766673513643,0.08335323666326966,30.878258499735693,53.13006584348278
2006 WD161,570876,MBO,MBO,21163633203949892,745301778222284875,16.481447,3.5691953,3.4435935,151.3155086956112,2.4063083897271587,2025052400151,173,60819.98340187362,i,151.31548507568831,2.4063332220412033,9.160655975341797,2095.96,223.451,False,2048.11,10.7554,2129.42,221.26,False,12.7849,61.1217,23.096542544809985,0.11575070592216165,23.121616747951055,0.005701610871866097,23.07934671797501,0.11281475496346861,28.633256685884433,5.190658072786223
2006 WD161,570876,MBO,MBO,21163633203949892,745301778358075406,16.481445,3.5691957,3.4436014,151.3155854168761,2.406307931652776,2025052400152,176,60819.98392289992,i,151.3155780395576,2.4063320587562096,9.736658096313477,2449.55,247.516,False,2527.35,18.9841,2451.27,242.228,False,25.8785,51.0724,22.927284206698115,0.10970875635298592,22.893336484684973,0.008155468874282366,22.926522116062618,0.10728956984123031,27.86765225154133,2.1427498828063816
2006 WD161,570876,MBO,MBO,21163633203949892,745301778494390325,16.481434,3.5692,3.4436731,151.31627278237104,2.406303796657677,2025052400153,180,60819.988589141874,i,151.31627572890687,2.4063003371607232,12.645482063293457,2683.19,204.207,False,2702.92,1.81899,2699.58,200.072,False,0.231685,60.915,22.828371456985057,0.08263109910290596,22.82041705186766,0.0007306702927369627,22.821759463617614,0.08046637418830967,32.98775521803572,285.46354994827124
2006 WD161,570876,MBO,MBO,21163633203949892,745301778624938071,16.481432,3.5692005,3.443681,151.31634997139224,2.40630332883662,2025052400154,173,60819.98911337381,i,151.31634790441055,2.4063131149638,12.803255081176758,2742.76,211.323,False,2578.72,1.84414,2721.59,209.032,False,-24.5166,57.9328,22.804530478249198,0.08365333790072646,22.87148954091476,0.0007764509697493842,22.812943213604047,0.08339007730981092,nan,nan
2006 WD161,570876,MBO,MBO,21163633203949892,745301779028639760,16.481428,3.569202,3.443705,151.31658155481642,2.406301921077518,2025052400157,175,60819.990685411554,i,151.3165668142337,2.406298262545618,10.752156257629395,2694.62,250.117,False,2838.6,1.52855,2743.28,248.707,False,7.32149,47.2964,22.823756130588336,0.10077898749610452,22.767239466566934,0.0005846551292743116,22.80432464525129,0.09843333242986789,29.238501344198816,7.013792706956588
2006 WD161,570876,MBO,MBO,21163633203949892,745301779160760323,16.481426,3.5692024,3.4437132,151.31665860754015,2.4063014512920358,2025052400158,171,60819.99120829157,i,151.31664790400865,2.4063274689562184,9.851343154907227,2562.22,254.74,False,2368.54,13.8225,2642.6,250.693,False,82.6004,52.6085,22.878458970278448,0.10794562915232984,22.96379817332177,0.006336219228413274,22.84492138324299,0.10299948872279614,26.607544586683858,0.6915093961644457
2006 WD161,570876,MBO,MBO,21163633203949892,745301779294978056,16.481424,3.569203,3.4437213,151.3167355157697,2.4063009816941165,2025052400159,171,60819.991730077396,i,151.316731054001,2.406335040330043,8.387218475341797,2157.92,254.778,False,2264.16,2.01664,2263.65,254.39,False,140.164,48.3906,23.064911688906957,0.12818904716490873,23.012732258093106,0.0009670425625313744,23.01297685143618,0.12201552553677399,26.03340878141289,0.37484249873008507
2006 WD161,570876,MBO,MBO,21163633203949892,745301779425525771,16.481422,3.5692034,3.4437294,151.31681286881317,2.406300508681969,2025052400160,164,60819.99225536175,i,151.31679510831236,2.4063113802881575,9.54957389831543,2593.07,263.419,False,2349.77,14.0517,2731.78,256.875,False,148.359,47.5646,22.86546436957807,0.1102953428458704,22.97243660403995,0.006492737122761022,22.80888568552595,0.10209405025522109,25.971715303984936,0.34809221279354274
2006 WD161,570876,MBO,MBO,21163633203949892,745301779559743504,16.481422,3.5692039,3.4437373,151.31689007734695,2.4063000358556117,2025052400161,164,60819.99277955042,i,151.31690871314487,2.4063282370037653,9.304849624633789,2439.64,258.769,False,2166.12,3.57905,2522.46,255.571,False,137.028,41.562,22.931685684366244,0.11516244112193186,23.06079366061411,0.001793946791033242,22.895439296505536,0.11000479331904134,26.057976703459236,0.3293149464384163
2006 WD161,570876,MBO,MBO,21163633203949892,745301779697631257,16.48142,3.5692043,3.4437454,151.31696655202822,2.406299566836698,2025052400162,171,60819.993298227986,i,151.31695868932727,2.406298313652338,11.62210464477539,2659.21,220.088,False,2528.75,3.99974,2723.82,216.65,False,95.8392,43.098,22.838118427753564,0.08986033843123234,22.892735260552847,0.0017173158292113206,22.8120539617032,0.08635839968523419,26.44614201769481,0.4882454891341196
2006 WD161,570876,MBO,MBO,21163633203949892,745301779827654700,16.481419,3.5692048,3.4437532,151.317043618996,2.406299093494354,2025052400163,163,60819.99382186806,i,151.31704427649748,2.4063057601562816,11.667000770568848,2780.81,236.442,False,2549.3,1.2751,2860.29,232.53,False,68.1061,30.8919,22.789571685805967,0.09231613658400635,22.883947614267754,0.0005430597420080679,22.75897481579824,0.0882659572697724,26.817034938949487,0.492473542257689
2006 WD161,570876,MBO,MBO,21163633203949892,745301779961872454,16.481417,3.5692053,3.4437613,151.3171203941472,2.406298621255172,2025052400164,163,60819.99434295512,i,151.31710553267163,2.406312223913255,10.533884048461914,2464.65,232.14,False,2266.92,0.11619,2466.62,229.715,False,25.954,36.1936,22.92061190625955,0.10226312535106595,23.011409552244416,5.5648940176219314e-05,22.919744327038632,0.10111402504262072,27.864489229466148,1.5140903467527742
2006 WD161,570876,MBO,MBO,21163633203949892,745301780080885807,16.481415,3.5692058,3.4437692,151.31719687746926,2.406298150127555,2025052400165,134,60819.994861739484,i,151.31720584833505,2.406320093933516,10.465806007385254,2514.42,237.992,False,2498.52,4.19963,2502.84,236.339,False,-24.2789,34.4322,22.89890547759977,0.10276586395378717,22.90579291599663,0.0018249564009991366,22.9039172439032,0.10252425436274336,nan,nan
2006 WD161,570876,MBO,MBO,21163633203949892,745301780230832129,16.481415,3.5692062,3.4437773,151.31727380579574,2.406297675571267,2025052400166,164,60819.99538363117,i,151.31725473926542,2.4063034244548906,11.725164413452148,3163.1,261.562,False,2935.86,2.66715,3126.78,260.254,False,-21.8313,20.9742,22.64971766108019,0.08978133386383882,22.73066160556003,0.0009863621681310579,22.662256676348083,0.09037002449801779,nan,nan
2006 WD161,570876,MBO,MBO,21163633203949892,745301780348797002,16.481413,3.5692067,3.4437854,151.31735073715518,2.406297200307052,2025052400167,133,60819.995905787044,i,151.31736009768753,2.4062892172934984,9.744232177734375,2601.76,263.649,False,2533.19,1.23553,2533.26,261.041,False,-14.0218,15.9472,22.861831914748677,0.11002292650357003,22.89083061276018,0.0005295535291518562,22.890800581572535,0.11188020470235013,nan,nan
2006 WD161,570876,MBO,MBO,21163633203949892,745301780617232474,16.48141,3.5692077,3.4438014,151.31750416656627,2.406296250399948,2025052400169,133,60819.99694684725,i,151.31750552275537,2.4062856281699867,9.519527435302734,2472.13,253.557,False,2261.35,6.20193,2402.93,253.143,False,-57.3566,30.0714,22.91732178914925,0.11135985378676069,23.01408048963644,0.002977716717719653,22.948147232109573,0.11437975044283702,nan,nan
2006 WD161,570876,MBO,MBO,21163633203949892,745301780749877360,16.48141,3.5692081,3.4438093,151.31758125429027,2.4062957721044373,2025052400170,130,60819.997469902744,i,151.3175957249926,2.4062953566445766,12.191630363464355,2863.16,233.677,False,2913.41,5.15671,2772.74,228.897,False,-73.3569,30.6085,22.75788598813039,0.08861243836462039,22.738996016337772,0.0019217436179171357,22.792727134656843,0.08963038885065257,nan,nan
2006 WD161,570876,MBO,MBO,21163633203949892,745301780885667885,16.481407,3.5692086,3.4438174,151.31765775545196,2.4062952967663462,2025052400171,133,60819.99798851295,i,151.31767055564305,2.406323174131731,10.835540771484375,2755.64,250.345,False,2514.87,1.11865,2694.92,248.23,False,-80.8188,28.0206,22.799443841806234,0.0986372102674259,22.89871109893101,0.00048295089008746847,22.82363533779283,0.10000753316663702,nan,nan
2006 WD161,570876,MBO,MBO,21163633203949892,745301781017788518,16.481405,3.569209,3.4438252,151.31773499673503,2.406294816140768,2025052400172,129,60819.998512696766,i,151.31773458252678,2.4062844231646388,10.556146621704102,2445.24,226.567,False,2465.98,21.3051,2355.26,224.848,False,-89.175,33.8547,22.929196275584403,0.10060034889980456,22.920026133632188,0.009380334813157537,22.96990285448712,0.10365124061669201,nan,nan
2006 WD161,570876,MBO,MBO,21163633203949892,745301781297234002,16.481394,3.5692127,3.443884,151.3182967120449,2.406291300160916,2025052400174,150,60820.00232259649,z,151.31826101585781,2.406331752873788,5.645786285400391,3101.96,549.399,False,nan,nan,2968.09,537.626,False,94.9795,34.4506,22.670909530535667,0.1922985397476654,nan,nan,22.71880730356337,0.19666518538431305,26.455925304597535,0.3938140694560647
2006 WD161,570876,MBO,MBO,21163633203949892,745301781427781690,16.481392,3.5692132,3.443892,151.318373979685,2.406290813665115,2025052400175,143,60820.002846007206,z,151.31830940865126,2.406306778328182,6.313793659210205,3665.62,558.922,False,3847.24,12.7534,3678.16,551.754,False,109.228,29.7835,22.489631361771767,0.16554957372957774,22.437126804064246,0.003599158873607279,22.485923483124825,0.1628692985033794,26.30416507741311,0.29605070058022354
2006 WD161,570876,MBO,MBO,21163633203949892,745301781713518601,16.48139,3.569214,3.443908,151.31852763991978,2.406289844140496,2025052400177,176,60820.003888935134,z,151.31849962257175,2.406264181474501,5.740381717681885,2853.85,484.41,False,nan,nan,2905.18,481.902,False,50.5052,140.23,22.761422106321177,0.18429190774767895,nan,nan,22.74206741128335,0.18009846880542935,27.141659774081987,3.01459622109472
2006 WD161,570876,MBO,MBO,21163633203949892,745301781979856972,16.481386,3.569215,3.443924,151.31868190324158,2.406288868080461,2025052400179,172,60820.00493446327,z,151.31868176336025,2.4063118538280963,6.726016044616699,3451.73,514.366,False,nan,nan,3326.8,508.677,False,-147.316,29.2281,22.55490796328654,0.1617930203332485,nan,nan,22.59493325203605,0.1660120925340478,nan,nan
2006 WD161,570876,MBO,MBO,21163633203949892,745301782516203591,16.48138,3.569217,3.4439561,151.31899032271306,2.406286908454494,2025052400183,171,60820.00702511784,z,151.31896359274276,2.406257460950339,5.009012699127197,3105.62,619.44,False,3349.53,18.2777,2786.76,615.311,False,-18.1256,23.4126,22.66962917182383,0.21655850102335425,22.58754031076709,0.005924640447076862,22.78725107563534,0.2397283581819628,nan,nan
2006 WD161,570876,MBO,MBO,21163633203949892,745301782651994132,16.481379,3.5692174,3.4439642,151.31906703046715,2.406286419380282,2025052400184,174,60820.00754595589,z,151.31907525501424,2.406258511630759,5.637815475463867,2883.73,499.638,False,2717.97,69.7673,2816.5,492.379,False,98.2816,32.624,22.75011351858686,0.18811576329171695,22.814388364621365,0.02786965569845971,22.775725611071575,0.18980781266712307,26.41881944430211,0.36040376018790954
2006 WD161,570876,MBO,MBO,21163633203949892,745301783301587023,16.48137,3.5692198,3.4440043,151.31945224366115,2.4062839531779847,2025052400189,133,60820.01015619562,z,151.31944247259443,2.4063219006412484,5.214261531829834,2694.66,505.683,False,nan,nan,3077.33,493.763,False,341.204,66.2525,22.82374009624341,0.20375051926684168,nan,nan,22.67956479576419,0.17420827554734503,25.067464683540887,0.21082032580567367
2006 WD161,570876,MBO,MBO,21163633203949892,745301784910102560,16.481352,3.5692255,3.4441009,151.32037868636746,2.406277952946432,2025052400201,129,60820.016433712604,z,151.3203890457344,2.406266646794223,5.052741527557373,2104.18,410.927,False,1949.49,17.982,2601.23,402.837,False,469.917,116.075,23.092292814364342,0.2120343022116714,23.175197475949076,0.010014777666365408,22.86205312293869,0.16814150417180623,24.719947126536887,0.26818954996122035
2006 WD161,570876,MBO,MBO,21163633203949892,745301785201606667,16.481348,3.5692267,3.4441206,151.32056840991638,2.406276712226354,2025052400203,173,60820.01771853029,z,151.3205629191843,2.4062864598970406,5.304067611694336,2478.1,448.791,False,2696.14,67.1825,3038.67,446.68,False,577.997,108.961,22.914702887977196,0.19662991876762595,22.823143944104267,0.02705441055155225,22.69329118242092,0.15960161928016806,24.49518602184533,0.2046773583900166
2006 WD161,570876,MBO,MBO,21163633203949892,745301785335824385,16.481346,3.5692272,3.4441288,151.3206457823752,2.406276205079198,2025052400204,173,60820.01824204062,z,151.32060038743793,2.406299869957722,6.099231243133545,2718.36,440.929,False,2926.45,28.2781,3227.81,439.527,False,566.711,112.95,22.814232529506505,0.1761107963884028,22.73414724722897,0.010491399635571363,22.62773007345272,0.14784339132520627,24.516595896591177,0.21639583726275446
2006 WD161,570876,MBO,MBO,21163633203949892,745301785470042114,16.481344,3.5692277,3.4441366,151.32072345411504,2.40627569529516,2025052400205,173,60820.01876831184,z,151.32077286550756,2.406246156847333,5.560488700866699,2630.7,450.378,False,2530.44,19.8893,3109.77,441.996,False,499.868,129.646,22.84982170816032,0.18587892934577427,22.892009914931045,0.008533904355749173,22.668179319186663,0.15431721925734598,24.652861636437027,0.28159703867760966
2006 WD161,570876,MBO,MBO,21163633203949892,745301785604259858,16.481342,3.5692282,3.4441447,151.32080083435494,2.406275186752149,2025052400206,173,60820.0192924014,z,151.32078553067777,2.4062701354060487,6.479579448699951,2678.05,403.087,False,2660.07,26.968,3196.0,403.046,False,491.113,131.404,22.830453277302954,0.16341970750528387,22.83776730889127,0.011007279381661395,22.638483073395115,0.13692165942270967,24.67204640975221,0.29050358245385
2006 WD161,570876,MBO,MBO,21163633203949892,745301785739526156,16.48134,3.5692286,3.4441528,151.3208783662261,2.4062746765405065,2025052400207,175,60820.01981795414,z,151.32086304503687,2.4063158152002377,5.954312801361084,2488.76,408.985,False,2782.24,25.0024,2770.52,406.252,False,250.742,128.206,22.910042450583376,0.17842210741745335,22.789013528473884,0.009756890267585567,22.7935967682986,0.1592056786885162,25.401932266932352,0.5551438791097758
2006 WD161,570876,MBO,MBO,21163633203949892,745301785872695323,16.481329,3.5692317,3.4442062,151.32139106287224,2.4062712857655963,2025052400208,173,60820.023288582335,r,151.32137423937476,2.406266482950217,11.239673614501953,2299.58,198.911,False,2134.02,5.11533,2282.29,197.536,False,-19.6326,37.3952,22.99587865604648,0.09391491576014038,23.077003776792495,0.0026025525381778852,23.004072912984434,0.09397227274731611,nan,nan
2006 WD161,570876,MBO,MBO,21163633203949892,745301786006913031,16.481327,3.5692322,3.4442143,151.32146847750272,2.4062707712334395,2025052400209,173,60820.02381293694,r,151.32145781380208,2.406284247582458,11.394227981567383,2264.31,199.791,False,2376.42,5.67292,2248.45,198.468,False,-38.5118,8.77514,23.012660260497796,0.09579974335191457,22.960192038815176,0.002591837755826439,23.020291937653695,0.09583664314689988,nan,nan
2006 WD161,570876,MBO,MBO,21163633203949892,745301786141130757,16.481327,3.5692327,3.4442225,151.3215453052794,2.4062702599443555,2025052400210,173,60820.024332603716,r,151.32157625348938,2.4062786794301654,11.722641944885254,2447.02,207.009,False,2451.16,0.463966,2303.25,208.395,False,-59.274,8.92371,22.928406193971988,0.09184933802447004,22.92657088682162,0.00020551278377152788,22.994147300413076,0.09823597135757556,nan,nan
2006 WD161,570876,MBO,MBO,21163633203949892,745301786275348509,16.481325,3.5692332,3.4442303,151.3216225802652,2.406269745019071,2025052400211,173,60820.02485572451,r,151.32160789653682,2.406289589808191,10.884644508361816,2264.41,207.661,False,2263.98,5.75539,2263.84,207.056,False,-60.4049,10.1195,23.012612381813398,0.09956901350180528,23.012818544427603,0.0027601107478802105,23.012885634742414,0.09930392016195637,nan,nan
2006 WD161,570876,MBO,MBO,21163633203949892,745301786410614791,16.481323,3.5692337,3.4442384,151.32169941615828,2.4062692323640653,2025052400212,175,60820.025375670215,r,151.32169662060306,2.4063115126679024,10.626357078552246,2251.8,212.212,False,2315.31,5.17238,2238.95,212.983,False,-57.5729,7.6252,23.018675439465035,0.10232092218876304,22.988477103710597,0.0024255240363804226,23.024889036008673,0.10328205676615201,nan,nan
2006 WD161,570876,MBO,MBO,21163633203949892,745301786543259654,16.481321,3.5692341,3.4442465,151.32177699496253,2.406268714089779,2025052400213,172,60820.02590084262,r,151.32181107900016,2.406249063467568,11.362760543823242,2584.4,222.843,False,2384.88,3.51072,2534.72,223.446,False,-39.4378,8.13225,22.86910071010619,0.09361891531402841,22.9563337245213,0.0015982841953846286,22.890175033524855,0.09571211569116027,nan,nan
2006 WD161,570876,MBO,MBO,21163633203949892,745301786676953143,16.48132,3.5692346,3.4442546,151.32185413455872,2.406268198090177,2025052400214,171,60820.026422853975,r,151.3218544077427,2.4062695298142076,11.088815689086914,2583.03,230.624,False,2380.18,5.49222,2542.14,230.965,False,-40.6221,7.5293,22.86967636214886,0.09693918226231464,22.95847552714347,0.0025053156434592205,22.887001385337143,0.09864408299795015,nan,nan
2006 WD161,570876,MBO,MBO,21163633203949892,745301786812743681,16.481318,3.569235,3.4442625,151.32193142612326,2.4062676804152856,2025052400215,174,60820.026945783255,r,151.321948684686,2.4063086950298005,7.789475917816162,2049.03,252.762,False,2206.3,12.0996,2010.91,253.87,False,-44.8334,5.65343,23.121129192012674,0.13393305295984045,23.040838563500742,0.005954300556018547,23.141518397020477,0.13707020220471494,nan,nan
2006 WD161,570876,MBO,MBO,21163633203949892,745301786945912869,16.481316,3.5692356,3.4442706,151.32200827850724,2.4062671650286163,2025052400216,172,60820.02746558065,r,151.3219805605286,2.4062539509580243,11.056059837341309,2233.48,196.76,False,2081.71,3.00951,2232.43,196.502,False,-18.0879,21.6143,23.02754483980363,0.09564869690000405,23.103949449238264,0.0015696394169373302,23.02805540811912,0.09556821089464829,nan,nan
2006 WD161,570876,MBO,MBO,21163633203949892,745301787079606323,16.481314,3.569236,3.4442787,151.32208602180884,2.4062666430053525,2025052400217,171,60820.027991999144,r,151.32206265733592,2.4062810465118227,11.576597213745117,2446.55,209.193,False,2563.3,3.40601,2509.94,209.636,False,-19.4243,8.01977,22.92861473873665,0.09283619869895363,22.878001385511567,0.0014426825597132187,22.90084167580728,0.09068320440214278,nan,nan
2006 WD161,570876,MBO,MBO,21163633203949892,745301787213824055,16.481312,3.5692365,3.4442868,151.32216317818742,2.406266124265537,2025052400218,171,60820.0285134994,r,151.32215548261698,2.4062468629306113,9.943591117858887,2126.17,209.168,False,1873.69,3.72758,2094.13,207.543,False,-23.316,8.6667,23.081005074856684,0.10681238001963561,23.218255686605165,0.002159999127515431,23.0974909646665,0.10760409380446975,nan,nan
2006 WD161,570876,MBO,MBO,21163633203949892,745301787349614602,16.48131,3.569237,3.444295,151.32224078221842,2.4062656018559725,2025052400219,174,60820.0290386908,r,151.32224693000762,2.4062515568754987,11.175917625427246,2611.97,232.423,False,2335.38,6.88372,2513.92,229.738,False,-44.4175,7.47755,22.857579550912867,0.09661292941924486,22.979106162915706,0.0032002947343904107,22.899121400994385,0.09922148641060745,nan,nan
2006 WD161,570876,MBO,MBO,21163633203949892,745301787480162307,16.48131,3.5692375,3.4443028,151.32231853833258,2.406265077759448,2025052400220,167,60820.029564888915,r,151.32230551255478,2.4062542640200517,10.97556209564209,2171.76,208.551,False,2285.68,1.51301,2099.88,205.225,False,-49.196,7.66267,23.057970420305878,0.10426168851706148,23.002461462032894,0.0007187050730903886,23.094513867598163,0.10611093571212177,nan,nan
2006 WD161,570876,MBO,MBO,21163633203949892,745301787597078583,16.481308,3.569238,3.444311,151.32239600309208,2.4062645549672337,2025052400221,134,60820.030088322615,r,151.322393781545,2.406276460921202,10.83753490447998,2328.52,211.55,False,2110.1,10.4382,2273.24,211.942,False,-36.2134,7.82563,22.982300059633495,0.09864098032372691,23.089242356034617,0.005370897646884592,23.008386781417208,0.10122692947303823,nan,nan
2006 WD161,570876,MBO,MBO,21163633203949892,745301787730772029,16.481306,3.5692384,3.444319,151.32247362004156,2.4062640304885266,2025052400222,133,60820.030613783456,r,151.3224303614632,2.406249407884189,8.290246963500977,2003.35,238.341,False,2277.6,7.9322,2045.84,238.569,False,-23.0158,7.26284,23.145607937314203,0.1291713677804016,23.006306318099835,0.0037812944789439263,23.122820854076082,0.1266096103436688,nan,nan
2006 WD161,570876,MBO,MBO,21163633203949892,745301787864989718,16.481304,3.569239,3.444327,151.32255064991406,2.4062635093249995,2025052400223,133,60820.031134837554,r,151.32255051919077,2.4062704615180874,12.649020195007324,2477.51,190.961,False,2369.85,4.48113,2483.9,189.06,False,0.355556,23.9736,22.914961455449607,0.08368614818472406,22.963197809889976,0.0020530096894041472,22.91216477399194,0.082639917988306,32.52272993642864,73.20648527737609
2006 WD161,570876,MBO,MBO,21163633203949892,745306225933549572,16.473604,3.570095,3.458676,151.46611516392463,2.4046622783759504,2025052500521,181,60820.97064975185,g,151.4661218383465,2.40468220111774,9.734749794006348,1279.18,128.251,False,1308.45,3.14096,1296.25,126.756,False,4.31199,5.92903,23.63267080293647,0.10885626404162042,23.60810721168822,0.002606331226401993,23.618278076507256,0.10617054950190564,29.81330569182436,1.4928983575453738
2006 WD161,570876,MBO,MBO,21163633203949892,745306226052038737,16.473602,3.5700955,3.4586842,151.46619358348013,2.404660956997167,2025052500522,151,60820.97117170756,g,151.46616432316313,2.404670759925664,11.067069053649902,1489.35,133.236,False,1579.76,1.80085,1465.34,132.329,False,-6.46547,5.80225,23.467508093419482,0.09712904497346286,23.40352221038437,0.0012376867808441938,23.485154013101862,0.09804849652070556,nan,nan
2006 WD161,570876,MBO,MBO,21163633203949892,745306226336202770,16.473595,3.5700965,3.4587002,151.4663511801055,2.4046582994215457,2025052500524,181,60820.972220035575,g,151.46636082184,2.4046599329055223,10.58907699584961,1499.47,141.657,False,1533.26,3.67003,1453.85,140.178,False,-59.3815,5.65809,23.46015556815646,0.10257099778204636,23.43596047843586,0.002598831604058218,23.493701016252217,0.10468502631428811,nan,nan
2006 WD161,570876,MBO,MBO,21163633203949892,745306226471993381,16.473593,3.570097,3.4587083,151.46642975621108,2.404656973357394,2025052500525,184,60820.97274321155,g,151.4664520140124,2.4046593845765214,8.898502349853516,1279.85,148.843,False,1318.22,4.50392,1242.57,148.328,False,-82.1095,5.64731,23.632102338758767,0.12626810917351156,23.600030282982846,0.003709600219237107,23.66419788690436,0.12960645269201387,nan,nan
2006 WD161,570876,MBO,MBO,21163633203949892,745306226604113950,16.473589,3.5700974,3.4587162,151.4665077334578,2.4046556567271806,2025052500526,180,60820.97326288884,g,151.46651389875532,2.404653370607838,11.06811237335205,1554.97,139.893,False,1699.07,1.54505,1481.52,137.715,False,-91.5046,5.67949,23.420694983930247,0.09767834979806063,23.324471854972643,0.000987314709411408,23.473231188989676,0.10092483091081655,nan,nan
2006 WD161,570876,MBO,MBO,21163633203949892,745306226870452278,16.473583,3.5700984,3.4587321,151.4666647461022,2.4046530035701394,2025052500528,176,60820.9743077991,g,151.4666497178461,2.4046400669680237,10.979743957519531,1584.91,140.853,False,1755.33,2.38876,1524.58,138.578,False,-95.9938,5.68196,23.399988462587547,0.0964907754414018,23.289103088843206,0.0014775360638675118,23.442124485703417,0.09868892370407288,nan,nan
2006 WD161,570876,MBO,MBO,21163633203949892,745306227006767167,16.47358,3.5700989,3.45874,151.46674288010553,2.4046516822732804,2025052500529,180,60820.97482747467,g,151.46676803763032,2.404627855125172,11.074422836303711,1732.7,155.764,False,1684.55,1.85984,1641.61,154.154,False,-96.0668,5.59044,23.30319159210795,0.09760410179547084,23.33379020345992,0.001198715148261108,23.361825037238958,0.10195514644545858,nan,nan
2006 WD161,570876,MBO,MBO,21163633203949892,745306227138887704,16.473576,3.5700994,3.458748,151.4668214669934,2.4046503526419647,2025052500530,176,60820.97535075101,g,151.46682524516353,2.4046268860374416,10.420342445373535,1395.68,132.106,False,1379.73,1.84356,1325.18,130.324,False,-76.0066,6.964,23.538035320387465,0.10276873251340142,23.55051474679876,0.0014507330018843582,23.594312774090472,0.10677604927660798,nan,nan
2006 WD161,570876,MBO,MBO,21163633203949892,745306227273105461,16.473574,3.5700998,3.4587562,151.46689960541897,2.4046490299267425,2025052500531,176,60820.97587058709,g,151.46689617685382,2.4046706117165675,12.248552322387695,1644.07,132.432,False,1505.44,2.58942,1610.52,131.268,False,-57.6216,6.21719,23.3601992738008,0.08745748610945824,23.455841414287278,0.0018675119830807037,23.382584680808463,0.08849466273586773,nan,nan
2006 WD161,570876,MBO,MBO,21163633203949892,745306227407323201,16.47357,3.5701003,3.4587643,151.46697909851,2.40464768359346,2025052500532,176,60820.97639929077,g,151.466964230972,2.4046385343267414,10.909687042236328,1444.16,131.93,False,1331.47,6.16949,1356.62,128.4,False,-54.566,9.13861,23.500961694703186,0.09918649329119156,23.589171559928904,0.005030859616708703,23.568854465477607,0.10276165954055066,nan,nan
2006 WD161,570876,MBO,MBO,21163633203949892,745306227541540923,16.473566,3.5701008,3.4587722,151.4670575419549,2.404646354359482,2025052500533,176,60820.97692103904,g,151.4670726726594,2.404641174597968,11.119438171386719,1348.54,124.768,False,1490.89,2.59529,1259.84,123.533,False,-46.7304,7.8647,23.57534038630959,0.10045317782148924,23.46638598491734,0.001890012159246876,23.64921154668088,0.10646133723853944,nan,nan
2006 WD161,570876,MBO,MBO,21163633203949892,745306227673661492,16.473564,3.5701013,3.4587803,151.4671364385789,2.4046450167675286,2025052500534,172,60820.977446518904,g,151.46712693347365,2.4046202548867517,12.826348304748535,1518.12,119.717,False,1463.13,2.334,1469.22,117.663,False,-49.7213,9.75313,23.446734749036736,0.08561976968730665,23.486792708448192,0.0017319776189124992,23.48228294260283,0.08695156871994093,nan,nan
2006 WD161,570876,MBO,MBO,21163633203949892,745306227807354931,16.47356,3.5701017,3.4587882,151.46721488672094,2.4046436861047744,2025052500535,171,60820.97796848843,g,151.4672037105283,2.4046219386548047,11.678936004638672,1487.4,127.137,False,1510.57,0.471089,1444.39,124.635,False,-52.7704,7.67582,23.46893053930015,0.09280438532012879,23.45214790026663,0.0003385996061679242,23.500788806494487,0.09368711554846154,nan,nan
2006 WD161,570876,MBO,MBO,21163633203949892,745306227937902657,16.473557,3.5701022,3.4587963,151.46729258570863,2.404642367487256,2025052500536,164,60820.9784858992,g,151.46729667291302,2.404677780254676,10.317437171936035,1174.73,124.256,False,1370.28,0.209387,1079.06,123.218,False,-55.5627,6.4352,23.725154868520633,0.11484276090929195,23.557976679278745,0.00016590700192349494,23.817385956434585,0.12398035228031845,nan,nan
2006 WD161,570876,MBO,MBO,21163633203949892,745306228072120387,16.473555,3.5701027,3.4588041,151.46737133904858,2.404641030304776,2025052500537,164,60820.979009012066,g,151.4673699205842,2.404643134992969,12.617827415466309,1622.58,126.827,False,1533.69,0.325503,1570.85,123.887,False,-51.5283,7.81321,23.37448473305585,0.0848652597391624,23.435656076761045,0.00023043144072264823,23.409663225952563,0.08562791126839157,nan,nan
2006 WD161,570876,MBO,MBO,21163633203949892,745306228211580932,16.47355,3.5701032,3.4588122,151.46744919305323,2.4046397077283843,2025052500538,174,60820.97952775342,g,151.46744278659938,2.404633199532694,12.747603416442871,1623.69,126.497,False,1587.85,7.24851,1580.49,124.932,False,-39.9223,8.88263,23.3737422493019,0.08458657714143215,23.397976333256373,0.004956368506144421,23.40302062586556,0.08582350758908806,nan,nan
2006 WD161,570876,MBO,MBO,21163633203949892,745306228341604383,16.473547,3.5701036,3.4588203,151.4675285524061,2.404638358900247,2025052500539,166,60820.98005534505,g,151.46752834285817,2.4046404110738933,11.948518753051758,1811.5,150.289,False,1858.28,1.68156,1781.64,148.513,False,-35.2612,5.71901,23.25490415407361,0.09007684795325885,23.227222100970742,0.0009824841178928615,23.272950104627093,0.09050422093219913,nan,nan
2006 WD161,570876,MBO,MBO,21163633203949892,745306230899081274,16.47344,3.5701191,3.4590816,151.47009175001136,2.404594429348559,2025052500558,180,60820.99709920843,r,151.46999408569783,2.4045331723718637,6.3833327293396,2298.82,357.779,False,2584.06,5.16713,3423.41,361.031,False,1503.53,4.78505,22.99623755048791,0.1689795603998412,22.869243491772934,0.002171056392404866,22.563852740536323,0.1145011681818266,23.45721973379444,0.0034554028409133327
2006 WD161,570876,MBO,MBO,21163633203949892,745306231033298989,16.473438,3.5701196,3.4590898,151.47017030062565,2.4045930720807727,2025052500559,180,60820.99762132482,r,151.47018527903487,2.404589405034869,6.144504070281982,3091.71,501.899,False,3499.84,67.9271,3715.89,507.797,False,849.215,4.97124,22.674503137039984,0.17625518176121413,22.539879496648076,0.021072652216879522,22.474842908220616,0.14837188407759166,24.077455823998637,0.006355816992440118
2006 WD161,570876,MBO,MBO,21163633203949892,745306231167516707,16.473434,3.57012,3.4590979,151.47024885429056,2.404591714113177,2025052500560,180,60820.99814325482,r,151.4702984699583,2.4046039343780716,6.6283769607543945,2971.35,441.567,False,3240.61,10.9848,3319.29,447.261,False,495.653,4.88279,22.717615436695358,0.16134930178556656,22.623433044435156,0.0036803549438112915,22.597386993367664,0.14629858798643308,24.66205561898673,0.010695833209090861
2006 WD161,570876,MBO,MBO,21163633203949892,745306231433855016,16.473429,3.570121,3.4591138,151.4704065731433,2.40458898565566,2025052500562,176,60820.99919193251,r,151.47036829417866,2.4046213850042064,7.720128059387207,2071.88,266.663,False,2087.24,10.7082,2323.31,266.879,False,264.661,5.48248,23.109088566023395,0.13974056598287612,23.10106903253245,0.005570169686228884,22.98473206832056,0.12471869139127285,25.343275083153053,0.022491137113530672
2006 WD161,570876,MBO,MBO,21163633203949892,745306231566499933,16.473425,3.5701215,3.459122,151.4704854374038,2.40458762036816,2025052500563,173,60820.99971589072,r,151.47048351007146,2.4045461460261017,5.335021018981934,1582.4,291.361,False,2257.45,88.5531,1494.59,292.54,False,68.8877,5.52581,23.401709297615955,0.1999122682359839,23.015954673600177,0.042590227659235695,23.463694844446742,0.21251399104847218,26.804645741352758,0.08709205658050856
2006 WD161,570876,MBO,MBO,21163633203949892,745306231701766177,16.473421,3.570122,3.45913,151.47056430482098,2.4045862543767624,2025052500564,175,60821.000239021814,r,151.47059395695575,2.404660852768788,7.881537914276123,2244.68,279.382,False,2262.05,20.2288,1914.19,283.184,False,-2.04051,5.10652,23.022113940473588,0.1351351413729755,23.01374447588116,0.009709396286213302,23.195037425525683,0.16062309409301856,nan,nan
2006 WD161,570876,MBO,MBO,21163633203949892,745306231835983920,16.473417,3.5701225,3.459138,151.47064332604128,2.404584885071187,2025052500565,175,60821.000764293705,r,151.470643368685,2.4045840622488144,10.132122993469238,2487.0,239.219,False,2830.34,5.64177,2426.93,239.296,False,-37.2284,5.59964,22.91081053682516,0.10443454877535158,22.770403443503458,0.0021642183037896986,22.9373569052158,0.10705390920669093,nan,nan
2006 WD161,570876,MBO,MBO,21163633203949892,745306231970725894,16.473415,3.570123,3.459146,151.47072235054182,2.404583515058625,2025052500566,176,60821.00128955838,r,151.47073013559637,2.4045900326534273,8.213555335998535,3004.35,361.409,False,3623.12,14.2029,2888.57,365.598,False,-70.353,5.63001,22.705623650690193,0.1306088902956193,22.502293168938657,0.004256166555591543,22.748292733165385,0.13741850356610127,nan,nan
2006 WD161,570876,MBO,MBO,21163633203949892,745306232104419361,16.473412,3.5701234,3.4591541,151.47080077620947,2.404582154785657,2025052500567,175,60821.00181050827,r,151.47079426747277,2.4045877930759842,10.252830505371094,2552.37,243.839,False,2982.87,11.1942,2345.42,243.617,False,-91.5259,5.30087,22.882640871705902,0.10372509596201594,22.7134141416676,0.004074581617817723,22.97444847573417,0.11277460351509698,nan,nan
2006 WD161,570876,MBO,MBO,21163633203949892,745306232238112809,16.473408,3.570124,3.4591622,151.47087965673174,2.4045807859790367,2025052500568,174,60821.00233476552,r,151.47091261543204,2.404592066083736,10.420608520507812,2183.44,207.664,False,2243.98,9.04056,1894.4,209.049,False,-92.7143,6.04359,23.05214687365083,0.10326289289647812,23.02245255482616,0.0043742204197747435,23.20632077340052,0.11981210967572248,nan,nan
2006 WD161,570876,MBO,MBO,21163633203949892,745306232506548273,16.473402,3.5701249,3.4591782,151.47103637402094,2.404578064563545,2025052500570,174,60821.003375144894,r,151.4710653070192,2.4045835243890865,11.556195259094238,2494.89,213.388,False,2555.35,0.676782,2410.72,211.89,False,-61.2521,6.14236,22.907371541034266,0.09286304717506383,22.881373976529424,0.00028755618802134785,22.944633085878785,0.09543067903337589,nan,nan
2006 WD161,570876,MBO,MBO,21163633203949892,745306232639193129,16.473398,3.5701253,3.459186,151.4711152645456,2.4045766936574955,2025052500571,171,60821.00389933289,r,151.47110693726987,2.4045406601923625,10.17862606048584,2108.7,208.483,False,2182.39,17.0494,1959.11,206.692,False,-49.8868,6.92654,23.089963030050107,0.1073445953779725,23.052669145976964,0.008482055049010092,23.169852954563382,0.11454843820393988,nan,nan
2006 WD161,570876,MBO,MBO,21163633203949892,745306232769740836,16.473394,3.5701258,3.4591942,151.4711940079293,2.4045753246669066,2025052500572,164,60821.00442242049,r,151.47116721733167,2.4045917860841053,10.025314331054688,2745.17,268.603,False,2734.89,4.69106,2671.0,270.335,False,-18.2298,6.78871,22.803576920522257,0.10623458899094955,22.807650384485726,0.0018623249756472753,22.833315279946568,0.10988861386587714,nan,nan
2006 WD161,570876,MBO,MBO,21163633203949892,745306232903434273,16.47339,3.5701263,3.4592023,151.47127290531682,2.404573952356867,2025052500573,163,60821.00494649089,r,151.47127544412086,2.404577922793547,9.247041702270508,2020.26,217.162,False,2346.02,12.3357,2037.04,219.986,False,10.5145,6.63685,23.13648183190371,0.1167080709122672,22.974170715488505,0.005708952194625804,23.12750108659015,0.11725187131451952,28.845528471305446,0.6853267802137558
2006 WD161,570876,MBO,MBO,21163633203949892,745306233037652021,16.473389,3.5701268,3.4592104,151.47135165545058,2.404572581968185,2025052500574,163,60821.00546957778,r,151.4713328319514,2.404565479181602,9.749547958374023,2437.27,253.461,False,2609.62,8.6834,2275.82,255.59,False,14.8787,6.75296,22.932740884161433,0.11290984601562236,22.858556770942428,0.0036127411287296767,23.00715519313492,0.12193552401446922,28.46858751339846,0.49278050216894453
2006 WD161,570876,MBO,MBO,21163633203949892,745306233172394032,16.473385,3.5701272,3.4592183,151.47142950565146,2.4045712266121666,2025052500575,164,60821.00598691785,r,151.47138500362797,2.4045771917390146,7.9977288246154785,2121.3,269.392,False,2287.58,11.8998,2191.66,272.549,False,9.51284,6.60314,23.08349474509938,0.13788178903699927,23.001559235635646,0.005647908958160234,23.048067090059853,0.1350192734871642,28.95422448845147,0.7536411655881886
2006 WD161,570876,MBO,MBO,21163633203949892,745306233305563184,16.473381,3.5701277,3.4592264,151.47150856382245,2.40456984958778,2025052500576,162,60821.00651108364,r,151.47161131205704,2.4045718610084887,5.29445219039917,1810.97,365.313,False,2446.76,76.382,1859.24,367.824,False,-32.9962,4.97997,23.255221877619125,0.21901718077155025,22.92852156573562,0.033894091193847925,23.22666136996583,0.21479735883646184,nan,nan
2006 WD161,570876,MBO,MBO,21163633203949892,745306233558794268,16.473373,3.5701287,3.4592423,151.47166608841553,2.404567103932844,2025052500578,133,60821.00755743646,r,151.47167959974854,2.4045345891368624,8.392569541931152,2675.57,325.379,False,2592.99,5.35776,2619.63,329.026,False,-23.147,5.42232,22.831459177877022,0.13203756551177473,22.865497899355415,0.0022434000820634433,22.854400160256745,0.13636866944864007,nan,nan
2006 WD161,570876,MBO,MBO,21163633203949892,745306233708740626,16.473372,3.5701292,3.4592505,151.47174455475405,2.4045657353149643,2025052500579,163,60821.00807812068,r,151.4717662058904,2.4046105488834004,8.960367202758789,2351.38,266.677,False,2444.68,11.053,2154.36,268.579,False,-81.8296,5.11228,22.971693004302104,0.12313657955197804,22.9294449814546,0.004908880955988808,23.066704253529696,0.1353561802416884,nan,nan
2006 WD161,570876,MBO,MBO,21163633203949892,745306236377366582,16.473263,3.5701442,3.459505,151.4742391846718,2.404521899734268,2025052500599,133,60821.02462903415,i,151.47412464035165,2.4044970215218027,5.876420974731445,3512.49,649.497,False,nan,nan,3630.79,656.202,False,274.757,7.62645,22.535962261804112,0.20076424981000004,nan,nan,22.49999716173941,0.19622789806002325,25.30262813088798,0.030136860177112007
2006 WD161,570876,MBO,MBO,21163633203949892,745319361557299215,16.42986,3.5728097,3.5044603,151.94157575235903,2.389654567627592,2025052800085,187,60823.970929467236,i,151.94156711913786,2.3896519014279622,6.949717044830322,2396.04,354.5,False,nan,nan,2425.11,345.164,False,-40.8669,18.1989,22.951264822344317,0.16063733423142393,nan,nan,22.938171345788156,0.15453197437207156,nan,nan
2006 WD161,570876,MBO,MBO,21163633203949892,745319361691516933,16.429852,3.5728102,3.5044682,151.94165852387198,2.3896506529167274,2025052800086,187,60823.971449116994,i,151.94168089198146,2.3896532365324585,7.060727119445801,2652.49,364.594,False,2544.36,13.7636,2511.35,355.44,False,-41.8297,15.6285,22.840865615827795,0.14923822556663904,22.8860535556738,0.005873240648445667,22.900231849358967,0.15366797310741817,nan,nan
2006 WD161,570876,MBO,MBO,21163633203949892,745319361825734674,16.429844,3.5728106,3.5044763,151.9417419343212,2.389646707396166,2025052800087,187,60823.971973280684,i,151.9417354637778,2.389642239387747,8.472254753112793,3185.83,371.012,False,3383.55,22.7113,2850.96,358.336,False,-41.834,15.0449,22.641943479451353,0.1264415062211505,22.576568487829274,0.007287754044899648,22.762522204767393,0.13646574220910437,nan,nan
2006 WD161,570876,MBO,MBO,21163633203949892,745319361959952416,16.429834,3.5728111,3.5044844,151.94182534717604,2.3896427611699878,2025052800088,187,60823.9724977966,i,151.94182264401675,2.3896423855006934,9.199566841125488,3139.9,339.102,False,3034.12,0.621755,3110.33,331.298,False,-33.3778,20.9976,22.65771049172196,0.11725702054961458,22.69491807502426,0.0002224901757947381,22.667983799537744,0.1156476093003696,nan,nan
2006 WD161,570876,MBO,MBO,21163633203949892,745319362227863582,16.429817,3.572812,3.5045004,151.94199281660593,2.3896348364812416,2025052800090,186,60823.97354942407,i,151.94197722054102,2.3896313605221216,7.809408664703369,2861.9,359.131,False,3010.38,10.2048,2897.8,349.076,False,-46.8426,16.8248,22.758363900427316,0.13624569525307625,22.703446742245255,0.0036805057420979995,22.74482896148791,0.13079040404188422,nan,nan
2006 WD161,570876,MBO,MBO,21163633203949892,745319363293216803,16.42975,3.572816,3.5045645,151.94265913040343,2.389603282995013,2025052800098,170,60823.97773406464,i,151.94264958545256,2.3896230065165533,7.095555305480957,2650.49,369.734,False,2669.11,40.49,2297.87,355.355,False,-324.424,16.2798,22.841684578946825,0.15145637257703734,22.834083775292005,0.01647045606353487,22.996686306594196,0.16790409435425774,nan,nan
2006 WD161,570876,MBO,MBO,21163633203949892,745319363427434529,16.42974,3.5728164,3.5045724,151.9427424110007,2.389599336612284,2025052800099,170,60823.9782570753,i,151.9427414536657,2.389652295569024,8.674459457397461,3454.7,387.687,False,3628.6,17.7037,2850.0,377.628,False,-366.417,15.1574,22.553974165376438,0.12184150018433672,22.50065223019514,0.005297234902350176,22.762887849978725,0.1438611864763701,nan,nan
2006 WD161,570876,MBO,MBO,21163633203949892,745319363561128041,16.429733,3.5728168,3.5045805,151.94282553496345,2.389595397078881,2025052800100,169,60823.978779000485,i,151.9428333501226,2.389597015162033,7.333210468292236,2791.17,384.912,False,3148.56,43.678,2772.08,374.103,False,-332.622,15.5991,22.78553430891607,0.14972677836158502,22.654720045354463,0.015061738252746546,22.792985570625422,0.14652432704520696,nan,nan
2006 WD161,570876,MBO,MBO,21163633203949892,745319363695345756,16.429726,3.5728173,3.5045884,151.9429081837236,2.389591479500617,2025052800101,169,60823.979298783684,i,151.94290576339077,2.3896128034289084,8.047430992126465,3092.62,384.038,False,3024.08,38.6539,1844.08,373.988,False,-313.651,19.4445,22.674183558496388,0.134825467954802,22.698516782077746,0.013877919155555148,23.23555063157834,0.22019236073188686,nan,nan
2006 WD161,570876,MBO,MBO,21163633203949892,745319363830087726,16.429716,3.5728178,3.5045965,151.9429914720776,2.389587531035407,2025052800102,170,60823.97982178057,i,151.94299585194702,2.389559300715197,7.382721424102783,2671.64,353.589,False,3293.8,10.2141,2602.98,347.665,False,-274.935,18.4765,22.83305520082594,0.14369615018383847,22.605756920874292,0.0033668765191306065,22.861322930097046,0.14501551672970994,nan,nan
2006 WD161,570876,MBO,MBO,21163633203949892,745319364230119443,16.429691,3.5728192,3.5046203,151.9432408751853,2.38957570413095,2025052800105,165,60823.98138725439,i,151.94327417205673,2.3895797634790337,7.0985493659973145,2675.91,377.862,False,2620.93,12.1138,2518.92,367.142,False,-128.948,16.7087,22.831321279327398,0.15331549519496782,22.853861473490607,0.0050182155316073175,22.896964096975836,0.15825011203019268,nan,nan
2006 WD161,570876,MBO,MBO,21163633203949892,745319364364337317,16.429682,3.5728197,3.5046284,151.94332449273872,2.3895717377767305,2025052800106,165,60823.98191238269,i,151.94331572725213,2.3896078788508586,6.044291019439697,2229.51,368.663,False,nan,nan,2283.81,358.029,False,-101.001,14.9821,23.029476433677033,0.17953306269307176,nan,nan,23.003350046528297,0.17020900541976156,nan,nan
2006 WD161,570876,MBO,MBO,21163633203949892,745319365416583175,16.429615,3.5728235,3.5046926,151.94399146232067,2.389540080129573,2025052800114,124,60823.98609996366,i,151.9439424484283,2.3895455811736084,8.230568885803223,3000.03,364.858,False,2920.94,5.17629,3181.63,355.145,False,146.98,16.2989,22.707185995290295,0.13204519227562267,22.7361934315853,0.0019240674612746585,22.643375857450504,0.121193786428016,25.98185442395145,0.1203994216776982
2006 WD161,570876,MBO,MBO,21163633203949892,745319365583306797,16.429602,3.5728242,3.504704,151.9441125463081,2.3895343290521023,2025052800115,186,60823.9868594163,i,151.9441734493705,2.389539056992072,7.6841936111450195,2859.49,366.394,False,2866.1,1.46325,2650.13,359.295,False,61.0365,16.9339,22.759278548452116,0.13911825041647805,22.756771615184583,0.0005543084651632923,22.84183210194432,0.1472001832051903,26.936025962305578,0.301225488297633
2006 WD161,570876,MBO,MBO,21163633203949892,745319365717524510,16.429594,3.5728247,3.504712,151.94419555609556,2.389530385693875,2025052800116,186,60823.98738087852,i,151.9442125513238,2.3894843331742437,7.387304306030273,2882.74,384.176,False,2893.13,12.1292,2917.57,374.16,False,82.9633,16.6092,22.750486317979153,0.1446935166007559,22.746580172255275,0.004551856324566315,22.73744676285393,0.13923883671346585,26.6027849195806,0.2173636859594246
2006 WD161,570876,MBO,MBO,21163633203949892,745319370142515253,16.429102,3.5728517,3.5051715,151.94897405784465,2.38930250278435,2025052800149,178,60824.017337786245,z,151.94899878576643,2.3893610407211106,6.0564093589782715,3750.29,617.427,False,3794.05,0.670965,3999.03,599.714,False,499.907,70.4039,22.464837859018417,0.17874960145305288,22.452242361144407,0.00019200880338965428,22.395113336684847,0.16282228086984865,24.65277692677454,0.1529085637261752
2006 WD161,570876,MBO,MBO,21163633203949892,745319371209441421,16.429031,3.5728552,3.5052357,151.94964227252555,2.3892705060431254,2025052800157,165,60824.021520801994,z,151.94963012651954,2.3892988010759533,6.770465850830078,4056.95,589.188,False,4072.82,26.96,7804.74,566.674,False,3826.55,61.1664,22.37950087491219,0.15768070545232618,22.375261940071496,0.00718702191478083,21.66910386752406,0.07883138603109503,22.442981505008063,0.01735520903547313
2006 WD161,570876,MBO,MBO,21163633203949892,745319371343659055,16.429024,3.5728557,3.5052438,151.94972583795604,2.389266502495842,2025052800158,165,60824.022043167475,z,151.9497049161171,2.389367836375302,5.659640789031982,3474.67,620.034,False,4436.35,59.6765,10365.1,596.871,False,6994.95,66.6203,22.5477161128767,0.19374311039787087,22.282435471297784,0.014605009405030712,21.361066299869815,0.06252177479661258,21.788038433444306,0.010340612867895243
2006 WD161,570876,MBO,MBO,21163633203949892,745319371887345724,16.428856,3.5728648,3.5053973,151.9513230419156,2.3891898943836543,2025052800162,178,60824.032034955926,r,151.9513104002691,2.3891896332307945,8.663147926330566,2433.14,274.685,False,2815.52,1.44931,2270.69,269.1,False,-106.705,11.506,22.93458230183225,0.12257225639305802,22.776103450739022,0.0005588908153386639,23.009605409639434,0.12867085637692882,nan,nan
2006 WD161,570876,MBO,MBO,21163633203949892,745319372289474622,16.42883,3.5728662,3.5054214,151.95157513684006,2.389177788109843,2025052800165,177,60824.03361075795,r,151.9515376931412,2.3891166994785396,6.330350875854492,1771.89,276.308,False,2009.39,37.9757,1839.18,271.99,False,-47.6578,12.639,23.278908098212877,0.1693093882201001,23.14233940057524,0.02051945739817427,23.238439379317374,0.1605657799155778,nan,nan
2006 WD161,570876,MBO,MBO,21163633203949892,745319373356924966,16.428759,3.57287,3.505486,151.9522462091181,2.389145542361926,2025052800173,165,60824.037804515276,r,151.9522349546739,2.3891692642470814,7.8144683837890625,2395.32,308.221,False,2538.94,25.595,2159.05,304.344,False,-229.046,10.5393,22.95159111727816,0.13970855594610515,22.888368930588783,0.01094528348704327,23.06434322547759,0.15304753741976715,nan,nan
2006 WD161,570876,MBO,MBO,21163633203949892,745319374274953253,16.428696,3.5728734,3.5055428,151.9528367299324,2.389117144739464,2025052800180,124,60824.04149341594,r,151.95278518408315,2.389172336390773,6.632841110229492,1824.7,273.888,False,1871.15,17.1534,1775.0,268.905,False,-21.4699,11.5851,23.247021348927873,0.16296932434724923,23.219728475981228,0.009953273456937178,23.277004106522217,0.16448444665640746,nan,nan
2006 WD161,570876,MBO,MBO,21163633203949892,745319374942371915,16.42865,3.5728757,3.5055833,151.9532577177318,2.3890968872640035,2025052800185,117,60824.044122991545,r,151.9532610343615,2.389122486460791,6.733437538146973,1957.85,288.82,False,1958.03,6.73178,2082.39,284.494,False,71.3789,10.7766,23.17055147498826,0.16016668412837134,23.170451629828214,0.0037328014462324225,23.1035948821378,0.14833217542440955,26.76607539377675,0.16392161947577916
2006 WD161,570876,MBO,MBO,21163633203949892,745319375458795562,16.428614,3.5728776,3.5056157,151.9535953669298,2.3890806325456944,2025052800189,78,60824.04623003084,r,151.95354760473498,2.3890605469321593,7.384754657745361,2250.02,307.228,False,2483.28,37.1484,2261.02,304.467,False,70.4519,11.6757,23.01953404435129,0.14825137393176765,22.912435760194214,0.01624197096201647,23.014238980764794,0.14620430318911384,26.78026827639604,0.17993455122295127
2006 WD161,570876,MBO,MBO,21163633203949892,745319375779659827,16.428593,3.5728786,3.5056355,151.95380219333856,2.389070672535802,2025052800191,178,60824.04752198832,r,151.95388758307325,2.389035058042759,6.038672924041748,1931.75,325.826,False,2144.6,11.6441,1953.57,326.884,False,154.772,10.8614,23.185122697707335,0.18312984209043395,23.071634196428626,0.005895001665378823,23.17292758633021,0.18167242854351176,25.925768991025002,0.07619346259756442
2006 WD161,570876,MBO,MBO,21163633203949892,745319375913877553,16.428583,3.572879,3.5056436,151.95388631047712,2.3890666210677054,2025052800192,178,60824.0480465993,r,151.95391025050722,2.389038894277848,5.2790422439575195,1514.5,280.814,False,1469.65,51.1916,1624.94,277.125,False,134.229,13.4656,23.449326805827813,0.2013139132166229,23.481965184493035,0.03781891841206726,23.372906715324877,0.18516662559430105,26.080384081590132,0.10891900430038608
