provid,permid,orbit_class,population,ssObjectId,diaSourceId,phaseAngle,helioRange,topoRange,ephRa,ephDec,visit,detector,midpointMjdTai,band,ra,dec,snr,psfFlux,psfFluxErr,psfFlux_flag,trailFlux,trailFluxErr,scienceFlux,scienceFluxErr,forced_PsfFlux_flag,templateFlux,templateFluxErr,psfMag,psfMagErr,trailMag,trailMagErr,scienceMag,scienceMagErr,templateMag,templateMagErr
2015 XS287,736876,MBO,MBO,21164728438175571,745284180471447555,25.722364,2.3318086,2.0950975,149.02361889266507,2.781503976832769,2025052000110,55,60815.997173178526,g,149.0236477301282,2.781544817109299,12.095503807067871,2235.41,190.888,False,3376.93,2.99773,4368.25,191.913,False,-59.8644,15.6153,23.026607069200388,0.09271409778640806,22.578694876259807,0.0009638174546456198,22.29923128604131,0.04770031160466632,nan,nan
2015 XS287,736876,MBO,MBO,21164728438175571,745284180724678741,25.722397,2.3318076,2.0951123,149.02399173806367,2.781474028841838,2025052000112,26,60815.99852844935,g,149.0240059008987,2.7814752917573506,10.385741233825684,2175.78,205.028,False,2840.03,3.31362,2044.46,199.711,False,-95.9277,12.9473,23.055962534488316,0.10231104222817554,22.766692669698443,0.0012667884719316754,23.12355347581419,0.10605904040233026,nan,nan
2015 XS287,736876,MBO,MBO,21164728438175571,745284180874625078,25.722406,2.3318071,2.0951176,149.02412272271306,2.781463506580792,2025052000113,56,60815.999004494544,g,149.02410417939083,2.7814606100232084,16.16326141357422,2582.74,156.6,False,2777.3,2.18464,2581.1,153.341,False,-87.5022,11.3932,22.869798282369885,0.06583175113825594,22.790942995518996,0.000854046241114411,22.87048788188247,0.06450268210675243,nan,nan
2015 XS287,736876,MBO,MBO,21164728438175571,745284181010415639,25.72242,2.3318067,2.0951235,149.0242693967229,2.7814517232230926,2025052000114,59,60815.99953748862,g,149.02434356972302,2.7814362043597365,13.835427284240723,2118.41,155.035,False,2419.7,12.6462,1981.08,152.561,False,-66.2568,11.7553,23.08497500039383,0.07945918092554247,22.940596210699105,0.005674438015115616,23.157744990138234,0.08361146942314854,nan,nan
2015 XS287,736876,MBO,MBO,21164728438175571,745284181143060516,25.722437,2.331806,2.0951319,149.02447992223864,2.78143480886593,2025052000115,56,60816.000302056374,g,149.02451289003236,2.781480844154426,13.440855979919434,2023.22,147.016,False,2309.39,3.54273,1953.53,145.009,False,-78.321,11.6507,23.13489224207312,0.07889433833913023,22.99125684819576,0.001665578574679169,23.1729497712366,0.08059334736115331,nan,nan
2015 XS287,736876,MBO,MBO,21164728438175571,745284181412544549,25.722466,2.331805,2.0951455,149.02482008627985,2.781407475539211,2025052000117,58,60816.00153897185,g,149.0248258225494,2.781385723834236,16.296964645385742,2618.6,159.097,False,2737.59,0.412839,2582.35,157.055,False,-112.154,11.1444,22.854827050655157,0.06596554138050595,22.806578950671778,0.00016373314839428202,22.8699621983836,0.0660329874872053,nan,nan
2015 XS287,736876,MBO,MBO,21164728438175571,745284181549383755,25.722477,2.3318045,2.0951512,149.0249667831945,2.781395686677528,2025052000118,63,60816.002071902825,g,149.02497415829964,2.7813935516185335,15.933653831481934,2489.36,154.199,False,2718.06,3.73808,2432.92,153.387,False,-131.404,7.78487,22.909780686005742,0.06725400720645704,22.814352378181283,0.001493185850065665,22.934680463451972,0.06845182637739079,nan,nan
2015 XS287,736876,MBO,MBO,21164728438175571,745284181681504290,25.72249,2.331804,2.0951571,149.02511376018404,2.7813838745460084,2025052000119,59,60816.00260581951,g,149.02512772332514,2.781369947158894,16.66579246520996,2352.22,138.605,False,2209.06,3.94677,2164.12,137.63,False,-113.016,10.2739,22.971305167804044,0.06397720616951952,23.039481191578442,0.0019398073913418953,23.061796594606864,0.06904879168930206,nan,nan
2015 XS287,736876,MBO,MBO,21164728438175571,745284181815722051,25.722506,2.3318036,2.0951643,149.02529294675548,2.7813694727928646,2025052000120,59,60816.003256159864,g,149.02528036862526,2.781378929283097,16.4781494140625,2078.97,124.108,False,1926.74,0.682045,2022.01,122.41,False,-94.6614,15.5526,23.105379459273678,0.06481505392309973,23.18794222143782,0.0003843387976439503,23.135541747016827,0.06572913692743422,nan,nan
2015 XS287,736876,MBO,MBO,21164728438175571,745284181949939817,25.722517,2.331803,2.0951703,149.0254402101052,2.781357635962717,2025052000121,59,60816.003791225885,g,149.02544083248108,2.781356970360165,19.84868812561035,2374.58,117.926,False,2156.45,3.57704,2359.34,116.885,False,-75.8658,24.4941,22.96103295023186,0.05391965155388559,23.065651542244076,0.0018009793295324737,22.968023632685608,0.05378888752150931,nan,nan
2015 XS287,736876,MBO,MBO,21164728438175571,745284182087827576,25.722528,2.3318026,2.0951755,149.02557233847915,2.781347015019344,2025052000122,66,60816.00427132496,g,149.02557506817925,2.781342303901886,18.19928741455078,2370.74,129.87,False,2423.46,4.3788,2308.3,127.292,False,-63.2866,9.39587,22.96279018612,0.059477022445026555,22.93891037763678,0.001961749596889893,22.991769348105407,0.059873296301939424,nan,nan
2015 XS287,736876,MBO,MBO,21164728438175571,745284182216802382,25.722538,2.3318024,2.0951807,149.02570336981287,2.781336481662933,2025052000123,56,60816.00474765939,g,149.0257089200106,2.7813524182137845,17.287158966064453,2413.14,138.263,False,2325.14,3.21445,2377.07,136.448,False,-54.9146,11.8879,22.94354375198964,0.062208223348476206,22.98387728140061,0.0015010041447222088,22.95989504120612,0.062323165613922205,nan,nan
2015 XS287,736876,MBO,MBO,21164728438175571,745284182351020118,25.72255,2.331802,2.095186,149.0258349557757,2.781325903124833,2025052000124,56,60816.00522575411,g,149.02584372601876,2.7813473322568987,16.404144287109375,2477.71,149.244,False,2526.72,9.81143,2447.19,146.987,False,-50.7101,7.64735,22.9148738330119,0.06539894510497388,22.893607217635203,0.004215989452905814,22.92833080271039,0.06521320813656681,nan,nan
2015 XS287,736876,MBO,MBO,21164728438175571,745284182485237875,25.72257,2.3318012,2.0951958,149.0260774923069,2.7813064034259387,2025052000125,56,60816.00610655401,g,149.02610235961006,2.781319617790257,16.329309463500977,2316.01,142.35,False,2224.92,5.34556,2271.98,141.084,False,-81.0685,12.6342,22.988148919813376,0.06673311199970512,23.031714038239812,0.0026085739310564332,23.008988749315243,0.06742137150472764,nan,nan
2015 XS287,736876,MBO,MBO,21164728438175571,745284182621028386,25.722586,2.3318005,2.0952034,149.0262726878095,2.781290708443599,2025052000126,59,60816.00681531953,g,149.0262856497601,2.7813203209335207,16.818485260009766,2428.15,139.771,False,2553.24,4.32711,2396.11,139.573,False,-120.295,20.0752,22.93681126377043,0.062497966327207326,22.882270905081032,0.0018400541291288392,22.951233072189478,0.06324394555856978,nan,nan
2015 XS287,736876,MBO,MBO,21164728438175571,745284182758916167,25.722599,2.3318,2.0952094,149.02641943475842,2.781278908189368,2025052000127,66,60816.0073481772,g,149.0264311784133,2.781276744872345,17.23470687866211,2360.49,135.985,False,2378.54,1.34181,2296.54,134.073,False,-79.9642,9.99616,22.96749459218602,0.06254796210851771,22.959223833757612,0.0006124982804475355,22.99731494616563,0.06338574794427808,nan,nan
2015 XS287,736876,MBO,MBO,21164728438175571,745284182891036682,25.722612,2.3317995,2.0952165,149.0265981262,2.7812645382276044,2025052000128,62,60816.00799732409,g,149.02658099112458,2.781241495665275,15.75023365020752,2254.76,141.335,False,2358.18,0.933259,2033.14,141.186,False,-58.9473,8.02593,23.0172491909851,0.06805714715728428,22.968557652112757,0.000429684385962322,23.129581780292064,0.07539606507024638,nan,nan
2015 XS287,736876,MBO,MBO,21164728438175571,745284183025254461,25.722624,2.331799,2.0952218,149.02672946530558,2.7812539755522265,2025052000129,62,60816.0084747443,g,149.02671560945325,2.7812513449636063,14.803378105163574,2564.11,169.344,False,2551.79,13.3429,2536.71,168.99,False,-45.0803,10.1306,22.87765832344954,0.07170632219132467,22.882887655429506,0.0056771402366836655,22.889322964351237,0.07232934392641192,nan,nan
2015 XS287,736876,MBO,MBO,21164728438175571,745284183295787067,25.722649,2.3317983,2.0952334,149.02702299733772,2.7812303667734493,2025052000131,66,60816.00954093928,g,149.02700765660123,2.78122510051485,12.523726463317871,2280.6,179.374,False,2379.22,2.80666,2285.55,179.113,False,23.4948,14.2602,23.00487715354145,0.08539543539673312,22.958913508561515,0.001280794691312744,23.00252316029465,0.08508650952513865,27.972570592685432,0.6589889916488533
2015 XS287,736876,MBO,MBO,21164728438175571,745284183430004824,25.722662,2.3317976,2.0952399,149.0271857434793,2.7812172758768443,2025052000132,66,60816.01013182878,g,149.02717293894008,2.781236295818034,14.011618614196777,2536.45,176.108,False,2414.2,0.576272,2465.95,175.728,False,13.3904,14.4803,22.889434256729665,0.07538364134277936,22.943066907992677,0.0002591663485098308,22.920039355188564,0.07737150068805197,28.583016129157617,1.1741087637349203
2015 XS287,736876,MBO,MBO,21164728438175571,745284183564222512,25.722675,2.3317971,2.0952466,149.0273484963001,2.78120418357461,2025052000133,66,60816.010722717605,g,149.02731510923928,2.781221786529915,13.742935180664062,2360.4,171.011,False,2336.29,1.81761,2335.18,171.226,False,0.502992,12.4942,22.967536030002492,0.07866160121871696,22.978683106654607,0.0008446917881421991,22.979199125744678,0.07961110945835716,32.14609736102653,26.969426378087256
2015 XS287,736876,MBO,MBO,21164728438175571,745284183700013110,25.722687,2.3317966,2.0952523,149.02749555787955,2.7811923527779623,2025052000134,69,60816.01125654897,g,149.02749837738065,2.7811914384964123,14.236653327941895,2262.41,156.806,False,2212.31,5.65224,2235.5,156.045,False,-16.8881,11.8737,23.013571762851356,0.07525159350963817,23.037885015186298,0.002773951763430629,23.02656331448987,0.07578783452625361,nan,nan
2015 XS287,736876,MBO,MBO,21164728438175571,745284183832657999,25.722698,2.3317964,2.0952575,149.02762582496572,2.7811818724774087,2025052000135,66,60816.011729216334,g,149.0276267712452,2.781163481326692,16.36918830871582,2402.57,143.965,False,2351.4,1.47551,2422.23,141.738,False,-48.083,12.604,22.94830984436384,0.06505866813227064,22.971683760437465,0.0006813024986391335,22.939461562038133,0.06353240055148664,nan,nan
2015 XS287,736876,MBO,MBO,21164728438175571,745284183968448579,25.72271,2.331796,2.0952628,149.02775582092735,2.7811714134434924,2025052000136,69,60816.01220191838,g,149.02774745553353,2.781173665454451,13.492720603942871,2156.64,158.723,False,2133.72,0.57356,2288.71,157.7,False,-41.7143,12.5002,23.065555914158807,0.07990732066142336,23.07715644489185,0.00029185406968657517,23.001023100604378,0.07481096298755906,nan,nan
2015 XS287,736876,MBO,MBO,21164728438175571,745284184098996268,25.722723,2.3317955,2.0952692,149.02791722041815,2.781158427033027,2025052000137,62,60816.01278751195,g,149.02792339909684,2.781150385546094,14.788554191589355,2583.04,174.987,False,2567.11,1.8582,2600.4,176.164,False,-72.2065,12.136,22.86967215470885,0.07355275871016768,22.87638875837573,0.0007859090110472826,22.862399647355474,0.0735531616475815,nan,nan
2015 XS287,736876,MBO,MBO,21164728438175571,745284184236884047,25.722736,2.331795,2.0952756,149.02808000384923,2.7811453284262515,2025052000138,69,60816.013378554475,g,149.02806302960545,2.7811620803612187,16.91440200805664,2748.63,159.237,False,2720.22,1.20836,2646.92,156.872,False,-79.655,12.4016,22.802209340527675,0.06290020223822161,22.813489938260236,0.0004822992873899517,22.843147993378544,0.0643470933937037,nan,nan
2015 XS287,736876,MBO,MBO,21164728438175571,745284184371101705,25.722746,2.3317945,2.095281,149.02821029056588,2.7811348441086063,2025052000139,69,60816.013851595686,g,149.0282023756021,2.7811665323084895,15.204421043395996,2449.53,161.66,False,2537.49,7.87891,2361.12,161.79,False,-88.6424,8.833,22.927293080172127,0.07165460996110591,22.88898915564712,0.0033712124753977487,22.967204796275265,0.07439742349388469,nan,nan
2015 XS287,736876,MBO,MBO,21164728438175571,745284184498503745,25.722761,2.331794,2.0952878,149.02838355427062,2.7811209005542223,2025052000140,56,60816.014480708174,g,149.02839892153534,2.7811486615071015,15.97833251953125,2699.3,165.296,False,2817.59,1.49707,2697.62,164.337,False,-97.2679,8.53645,22.821872093622034,0.06648681293458604,22.77530547298875,0.0005768841457975021,22.822548020857027,0.06614223983620979,nan,nan
2015 XS287,736876,MBO,MBO,21164728438175571,745284189469802612,25.723845,2.3317525,2.0958283,149.04189684234674,2.7800309775938845,2025052000177,66,60816.06343342403,r,149.04189776259264,2.7800534426452925,17.732873916625977,4309.68,237.858,False,4782.8,7.08349,4240.44,236.213,False,-33.487,11.4697,22.31388739481111,0.05992348237303946,22.20079449290639,0.0016080124088317135,22.33147270862819,0.0604807536234605,nan,nan
2015 XS287,736876,MBO,MBO,21164728438175571,745284189604020292,25.723854,2.331752,2.0958335,149.04202883711247,2.780020312582485,2025052000178,66,60816.0639107544,r,149.04203621443574,2.780021262507089,15.058368682861328,4050.5,267.354,False,4040.08,0.661729,4108.0,268.425,False,-1.97494,6.72602,22.381228408730053,0.07166421960944623,22.384025066714116,0.00017783387839583167,22.365923912686895,0.070944188780084,nan,nan
2015 XS287,736876,MBO,MBO,21164728438175571,745284189738237998,25.723864,2.3317518,2.0958388,149.04216028547043,2.780009691447121,2025052000179,66,60816.06438575081,r,149.04215866780865,2.7800606507123193,11.84935188293457,4483.16,367.791,False,5048.62,16.2969,4504.53,371.404,False,35.7885,5.20411,22.27103936534209,0.0890719881506098,22.142068266277757,0.0035047465886939807,22.265876342661304,0.08952027838917753,27.515641206657484,0.15788005990640916
2015 XS287,736876,MBO,MBO,21164728438175571,745284189870358569,25.723963,2.3317478,2.0958893,149.04342531264794,2.779907462789657,2025052000180,62,60816.06895572477,r,149.0434270937358,2.779878447161535,11.327271461486816,4362.63,388.832,False,4022.75,4.79116,4491.84,392.667,False,-94.2309,6.77974,22.300629075411948,0.09676937812830595,22.388692391225426,0.0012931293246143626,22.268939342188286,0.09491272722571595,nan,nan
2015 XS287,736876,MBO,MBO,21164728438175571,745284190008770668,25.723972,2.3317475,2.095895,149.0435656962143,2.77989611674966,2025052000181,70,60816.069462385756,r,149.04355428283728,2.7798633150807106,10.504530906677246,4443.02,421.96,False,4262.11,21.1939,4476.43,427.445,False,-65.3289,8.75651,22.28080432473466,0.10311392648879936,22.325938399458188,0.0053989653881176755,22.272670463317716,0.10367469205839054,nan,nan
2015 XS287,736876,MBO,MBO,21164728438175571,745284190297128983,25.723995,2.3317466,2.0959065,149.04385008751404,2.779873130912369,2025052000183,108,60816.07048924177,r,149.04387854299313,2.7798785994801776,12.044351577758789,4173.82,339.101,False,4239.84,5.78489,4157.32,343.442,False,-49.9152,7.17646,22.348665756310382,0.08821038343515603,22.331626370481192,0.0014813919711283436,22.352966409416137,0.08969418141783043,nan,nan
2015 XS287,736876,MBO,MBO,21164728438175571,745284190431346795,25.724005,2.331746,2.0959117,149.043981633342,2.779862498384653,2025052000184,108,60816.070964540704,r,149.04399738463914,2.7798795132301555,13.752826690673828,4142.74,292.029,False,4109.05,7.09132,4067.48,293.6,False,-30.1449,9.79756,22.356780744424075,0.07653544059942434,22.36564648684905,0.0018737429017843632,22.376686439796657,0.07837092201423898,nan,nan
2015 XS287,736876,MBO,MBO,21164728438175571,745284190565564510,25.724016,2.3317459,2.0959172,149.04412288002348,2.7798510814986366,2025052000185,108,60816.071474644064,r,149.04411260783996,2.779874217801155,12.469681739807129,4143.97,333.242,False,3759.12,6.20622,4201.02,332.88,False,-0.261066,8.43593,22.356458436955013,0.0873106924903302,22.4622844920481,0.0017925252988694811,22.341613122177847,0.086031456994023,nan,nan
2015 XS287,736876,MBO,MBO,21164728438175571,745284190679334956,25.724026,2.3317454,2.095923,149.04426358091808,2.7798397084616293,2025052000186,69,60816.07198260975,r,149.04424853632105,2.779806254708593,9.50270938873291,4334.96,463.237,False,5476.78,37.2983,4458.97,465.301,False,73.2316,8.98798,22.30753727362641,0.11602256682542134,22.053686802970255,0.007394147312247173,22.276913571633386,0.11329838772232001,26.738253723829274,0.13325634634256717
2015 XS287,736876,MBO,MBO,21164728438175571,745284190813552688,25.724037,2.331745,2.0959287,149.04440484419803,2.779828289701664,2025052000187,69,60816.072492731924,r,149.04443325315532,2.7797480286182403,6.048535346984863,3539.0,573.559,False,3713.27,52.2592,3793.99,586.478,False,196.152,6.25914,22.52779859340621,0.17596320843771884,22.475608672094438,0.01528025333818024,22.452259548135856,0.16783397668977545,25.668518188289156,0.03464545441329093
2015 XS287,736876,MBO,MBO,21164728438175571,745284190947770453,25.724047,2.3317444,2.095934,149.04453669739115,2.779817631352328,2025052000188,69,60816.07296889353,r,149.04452416238587,2.779761028057455,8.751983642578125,5026.08,590.902,False,5610.83,29.8852,5077.72,597.037,False,175.977,8.60048,22.146926490706218,0.12764692573634304,22.027432208855373,0.00578300246452643,22.135828081665302,0.12766057310551637,25.78636019483876,0.053062913535316406
2015 XS287,736876,MBO,MBO,21164728438175571,745284191237177382,25.72407,2.3317435,2.0959454,149.04482563666645,2.7797942741673287,2025052000190,109,60816.07401194263,r,149.0447682919204,2.7797927677443677,5.951155185699463,5984.98,1004.38,False,7490.54,71.97,5300.38,1029.56,False,39.8683,6.28642,21.957343244884314,0.18220474223725106,21.71371717553435,0.010431882824777482,22.089232507556076,0.21089632352822785,27.398430668178417,0.17119850636389763
2015 XS287,736876,MBO,MBO,21164728438175571,745284191775621121,25.724115,2.3317418,2.0959694,149.04542883825914,2.7797455093611343,2025052000194,112,60816.07618805147,r,149.0454343013788,2.7797654948223367,12.024550437927246,4457.52,362.805,False,4668.89,0.293806,4353.62,362.429,False,25.238,12.2097,22.27726674413226,0.08836988147874365,22.226965863244395,6.832368882789757e-05,22.30287367193442,0.09038507281825624,27.89486262254171,0.5252600238318423
2015 XS287,736876,MBO,MBO,21164728438175571,745284191907741767,25.724125,2.3317413,2.095975,149.04556074858758,2.779734844704011,2025052000195,108,60816.07666423876,r,149.0456023420191,2.779762675492489,11.918933868408203,4961.77,422.333,False,4939.01,25.0549,4905.37,424.088,False,-83.4616,9.91411,22.16090842339774,0.09241505254001045,22.165900287829142,0.005507786474604647,22.173320547270727,0.09386604851159004,nan,nan
2015 XS287,736876,MBO,MBO,21164728438175571,745284192041959443,25.724136,2.3317409,2.0959804,149.04570208928442,2.7797234173933743,2025052000196,108,60816.07717479927,r,149.0456880532389,2.779743280024262,12.05992603302002,5308.11,436.337,False,5418.32,2.28082,5379.05,441.179,False,-103.935,7.93708,22.087650242531886,0.0892496381337821,22.065338409204905,0.0004570362796169969,22.073236086404133,0.08904992793007765,nan,nan
2015 XS287,736876,MBO,MBO,21164728438175571,745284192310394969,25.724157,2.3317401,2.0959914,149.04597426372516,2.779701411595833,2025052000198,108,60816.07815667415,r,149.04592677584463,2.7797110851007787,12.451664924621582,4315.98,341.71,False,4179.58,6.74277,4132.81,343.237,False,-141.978,9.19176,22.312301446112826,0.08596122107361467,22.347168373860356,0.0017515802028532246,22.359386385416705,0.0901722633992103,nan,nan
2015 XS287,736876,MBO,MBO,21164728438175571,745284192446709809,25.724167,2.3317397,2.0959966,149.04610565067287,2.7796907884182818,2025052000199,112,60816.07863047651,r,149.0461140012404,2.7797057777404897,9.602858543395996,3991.6,415.611,False,4138.87,5.71329,4027.91,422.288,False,-112.79,7.78474,22.397132438552358,0.11304837422051528,22.35779550519514,0.0014987486581072278,22.387300628508132,0.11382910103322777,nan,nan
2015 XS287,736876,MBO,MBO,21164728438175571,745284192580403234,25.724178,2.3317392,2.0960023,149.0462464700842,2.7796794023708067,2025052000200,111,60816.07913864023,r,149.0462392539207,2.779666539872718,11.253498077392578,4347.11,386.089,False,3973.3,0.941297,3943.6,385.307,False,-81.3788,7.27808,22.30449845967135,0.096429767610996,22.40212159350935,0.00025721697682060894,22.4102678282588,0.10608118392059915,nan,nan
2015 XS287,736876,MBO,MBO,21164728438175571,745284193518354446,25.724253,2.3317363,2.0960417,149.04723494430004,2.7795994725831368,2025052000207,108,60816.08270365432,r,149.0471593019371,2.7795974181310887,8.714079856872559,4687.13,523.591,False,5096.82,2.29214,4311.71,520.902,False,-102.952,7.05355,22.222732529466374,0.12128567441263441,22.131751796806448,0.000488276901641622,22.313376152137295,0.131168872968741,nan,nan
2015 XS287,736876,MBO,MBO,21164728438175571,745297377855275017,25.756947,2.3292634,2.1281927,149.893131368298,2.704173951266453,2025052300134,99,60819.02753780842,g,149.89313856262658,2.704178345260973,21.244417190551758,2450.38,115.059,False,2323.56,0.386224,2439.17,114.151,False,-7.06531,31.885,22.92691645417024,0.05098136856460398,22.98461524385824,0.00018047193580503345,22.93189486005808,0.050811496754749635,nan,nan
2015 XS287,736876,MBO,MBO,21164728438175571,745297378258452498,25.756964,2.329262,2.12821,149.8935830563845,2.704128099277072,2025052300137,100,60819.02910952353,g,149.89358847906112,2.7041343004537444,21.669498443603516,2342.89,107.326,False,2187.19,0.756413,2359.89,106.925,False,-14.281,31.5499,22.975620303016107,0.04973674621722269,23.05028375008461,0.000375488633053859,22.96777064952525,0.04919396763903198,nan,nan
2015 XS287,736876,MBO,MBO,21164728438175571,745297378393718813,25.756968,2.3292615,2.1282158,149.89373305753534,2.704112871553527,2025052300138,102,60819.029631473495,g,149.89373585685433,2.7041109780017365,21.705036163330078,2387.41,110.549,False,2293.01,0.196211,2383.86,109.42,False,-19.6421,32.1877,22.95518251837829,0.050275009331587406,22.9989851235584,9.290556102218343e-05,22.956798084952553,0.04983566492291979,nan,nan
2015 XS287,736876,MBO,MBO,21164728438175571,745297378526887959,25.756973,2.3292613,2.1282215,149.8938839275098,2.70409755526834,2025052300139,100,60819.03015675932,g,149.89388112433852,2.7040827976576005,23.594886779785156,2548.13,107.757,False,2380.22,0.256698,2570.09,107.533,False,-42.5461,17.4277,22.884446097483057,0.045914331570731624,22.95845726319059,0.00011709267594191051,22.875129133317607,0.04542738355427829,nan,nan
2015 XS287,736876,MBO,MBO,21164728438175571,745297378662154268,25.756979,2.3292608,2.1282272,149.89403480420756,2.7040822379429104,2025052300140,102,60819.030681123004,g,149.89404432639802,2.7040876323667624,24.87560272216797,2619.9,104.237,False,2488.84,0.307056,2632.45,103.571,False,-9.77579,33.0277,22.85428825327526,0.043197789405611905,22.910007516591964,0.000133950681812506,22.84909969246113,0.04271715915631822,nan,nan
2015 XS287,736876,MBO,MBO,21164728438175571,745297378796372024,25.756985,2.3292603,2.1282332,149.89418540032125,2.704066948749937,2025052300141,102,60819.03120546072,g,149.89419042442384,2.7040724770411972,23.48008918762207,2639.78,112.0,False,2366.74,0.310975,2635.07,111.085,False,-16.4966,32.871,22.846080652562865,0.046065374229420246,22.964623627472346,0.00014265901694898012,22.84801958025833,0.045770701416918365,nan,nan
2015 XS287,736876,MBO,MBO,21164728438175571,745297378931113993,25.75699,2.3292599,2.128239,149.89433542822223,2.7040517168980323,2025052300142,103,60819.03172731136,g,149.89433201679066,2.704046086581548,21.97605323791504,2460.51,111.616,False,2310.3,0.885828,2518.24,110.707,False,29.7564,30.6201,22.922437159609565,0.04925219927312199,22.990829031776073,0.00041629897857822497,22.897257209132828,0.047731192928990133,27.716049060661177,1.1172504782487565
2015 XS287,736876,MBO,MBO,21164728438175571,745297379065331765,25.756996,2.3292594,2.1282446,149.89448632522183,2.7040363964644327,2025052300143,103,60819.0322521672,g,149.89447883030545,2.7040416311589994,21.986968994140625,2491.67,114.243,False,2492.96,2.68391,2650.73,112.283,False,137.541,12.1318,22.90877372586174,0.0497809746156998,22.90821174144969,0.0011688988940206405,22.841586274749726,0.04599099722058414,26.05391955315597,0.09576732847504846
2015 XS287,736876,MBO,MBO,21164728438175571,745297379199025232,25.757,2.329259,2.1282506,149.89463722906643,2.704021074993869,2025052300144,102,60819.03277742538,g,149.89463973163646,2.70402229750024,22.91462516784668,2476.58,108.823,False,2290.44,0.365338,2701.53,106.821,False,225.262,30.8938,22.91536906227311,0.047708156071120535,23.0002027288944,0.00017318100504569006,22.820975501567332,0.042931014996305965,25.518280192522198,0.14890447098327758
2015 XS287,736876,MBO,MBO,21164728438175571,745297379335340064,25.757006,2.3292587,2.1282563,149.89478727734664,2.7040058400548355,2025052300145,106,60819.03329943505,g,149.89478196922437,2.7040102211159818,22.129776000976562,2408.99,108.634,False,2290.41,0.591168,2638.92,108.377,False,179.545,27.6029,22.945412511414485,0.048961544158186696,23.00021696376167,0.0002802347660684431,22.846434470656263,0.044589769661006064,25.764566722764766,0.16691897688538007
2015 XS287,736876,MBO,MBO,21164728438175571,745297379469557794,25.757011,2.3292582,2.128262,149.89493761999069,2.7039905748970336,2025052300146,106,60819.033822497426,g,149.89493037974307,2.7039944528927355,20.437599182128906,2291.29,110.754,False,2267.93,1.29746,2390.95,109.67,False,74.2722,24.1575,22.999799832251647,0.052481188843875974,23.01092591806765,0.0006211387896624379,22.953573786767624,0.04980141367217689,26.722934256904423,0.35314250928025687
2015 XS287,736876,MBO,MBO,21164728438175571,745297379602202654,25.757017,2.3292577,2.1282678,149.89508739454928,2.703975367094732,2025052300147,103,60819.034343319145,g,149.89508905202868,2.7039778633459135,21.03037452697754,2486.34,115.116,False,2271.89,1.27327,2523.97,113.708,False,2.14299,22.3428,22.911098669331945,0.05026890996926222,23.00903180146559,0.0006084957522965349,22.894789541196054,0.048913772351677036,30.57244958193978,11.319878187397576
2015 XS287,736876,MBO,MBO,21164728438175571,745297379735896114,25.757023,2.3292572,2.1282735,149.89523775096143,2.7039600998891693,2025052300148,102,60819.03486655337,g,149.89523243623987,2.703972695707307,20.855785369873047,2438.08,116.656,False,2274.03,0.600011,2433.8,115.844,False,-41.4398,21.9068,22.932380085476748,0.0519497459976359,23.00800951153076,0.00028647539737533805,22.934287761297767,0.051678866095156914,nan,nan
2015 XS287,736876,MBO,MBO,21164728438175571,745297379870113855,25.757027,2.3292568,2.1282794,149.8953884018928,2.703944802457798,2025052300149,102,60819.03539085956,g,149.89537883428858,2.703946369537573,20.495037078857422,2451.6,120.034,False,2338.79,0.352097,2427.47,118.714,False,-15.4883,20.7389,22.926375925050948,0.0531592636235889,22.977521911241794,0.0001634539480469274,22.937115334691597,0.053097293061322826,nan,nan
2015 XS287,736876,MBO,MBO,21164728438175571,745297380140646443,25.757038,2.329256,2.128291,149.89569116226482,2.7039140585406667,2025052300151,106,60819.03644384879,g,149.89569520253676,2.7039094733154805,19.371538162231445,2299.3,116.141,False,2230.65,0.418181,2288.05,115.103,False,-14.5038,20.2638,22.99601087864763,0.05484211917535013,23.028921465831512,0.0002035434846537006,23.001336200033904,0.054619212107856537,nan,nan
2015 XS287,736876,MBO,MBO,21164728438175571,745297380270669856,25.757044,2.3292556,2.1282969,149.89584183421255,2.703898758033592,2025052300152,98,60819.03696702246,g,149.89583840387903,2.703893620911233,21.29607391357422,2443.14,113.524,False,2307.58,0.547882,2455.27,112.844,False,-16.6696,25.747,22.93012916224782,0.05045029125696499,22.99210804765721,0.000257783186465813,22.924751847911708,0.04990034384686187,nan,nan
2015 XS287,736876,MBO,MBO,21164728438175571,745297380425334791,25.75705,2.329255,2.1283026,149.8959922257493,2.703883485697986,2025052300153,137,60819.03749054286,g,149.89598579592163,2.703864643096645,21.04986000061035,2398.08,113.408,False,2288.09,0.744718,2430.15,113.509,False,-9.19116,24.7051,22.950340796934512,0.05134572840907109,23.001317200677036,0.00035338088990066263,22.935917340949906,0.05071326409240301,nan,nan
2015 XS287,736876,MBO,MBO,21164728438175571,745297380542775301,25.757053,2.3292546,2.1283083,149.89614262437584,2.703868212342498,2025052300154,105,60819.03801396572,g,149.89615426574326,2.703874245148196,20.803176879882812,2667.67,125.687,False,2568.88,1.29999,2722.19,125.982,False,-10.0489,22.4444,22.834669769700312,0.051154350620698986,22.87564050563552,0.0005494403538212449,22.812703937704363,0.050247493357901775,nan,nan
2015 XS287,736876,MBO,MBO,21164728438175571,745297380697964553,25.75706,2.3292542,2.1283143,149.8962938929627,2.70385285034201,2025052300155,145,60819.03853933948,g,149.89628946904892,2.7038625858480363,18.715137481689453,2414.67,127.85,False,2332.61,0.351476,2437.51,128.032,False,-24.2844,7.53642,22.94285556901582,0.0574866862191406,22.98039461716683,0.00016359795060519937,22.932633980430435,0.05702908898526822,nan,nan
2015 XS287,736876,MBO,MBO,21164728438175571,745297380811210840,25.757065,2.3292537,2.12832,149.89644459343515,2.7038375457424872,2025052300156,105,60819.039063642136,g,149.89644485894544,2.703837538243662,20.45415496826172,2726.96,131.765,False,2682.24,1.35089,2677.3,129.948,False,-33.0441,6.30241,22.810803096538994,0.05246209420254594,22.82875591690867,0.000546822890884843,22.830757385211513,0.052698331767889336,nan,nan
2015 XS287,736876,MBO,MBO,21164728438175571,745297380945428520,25.75707,2.3292534,2.1283257,149.8965953012455,2.7038222401087504,2025052300157,105,60819.039587964784,g,149.89660533626525,2.7038328742464697,20.48245620727539,2572.71,122.29,False,2463.35,2.36673,2554.36,121.639,False,-26.2824,8.07598,22.874022929989493,0.05160888070939388,22.921184651811927,0.0010431503109986978,22.881794692464428,0.05170291602995734,nan,nan
2015 XS287,736876,MBO,MBO,21164728438175571,745297381100093477,25.757074,2.329253,2.1283317,149.89674601615607,2.7038069334686385,2025052300158,144,60819.040111307746,g,149.89672926154606,2.7038075818989946,18.965885162353516,2247.85,117.464,False,2162.42,0.973722,2250.49,117.467,False,-20.4114,26.3303,23.020581634816367,0.05673639639449837,23.062649915590512,0.0004888991252339975,23.019307285957993,0.05667129311054637,nan,nan
2015 XS287,736876,MBO,MBO,21164728438175571,745297381213864011,25.75708,2.3292525,2.1283374,149.89689788891738,2.703791508952711,2025052300159,105,60819.04063972704,g,149.89690040138956,2.7037935934333435,18.86570167541504,2290.11,118.153,False,2147.52,0.719901,2208.84,114.935,False,-43.2389,29.3617,23.000359091206874,0.056016079424524946,23.070156947284957,0.00036396522495569925,23.039589310887912,0.056495302094196516,nan,nan
2015 XS287,736876,MBO,MBO,21164728438175571,745297381368528964,25.757086,2.329252,2.128343,149.89704833084386,2.7037762294779,2025052300160,144,60819.04116299786,g,149.89704561068586,2.703778177500515,18.294679641723633,2366.45,129.02,False,2299.44,0.689027,2287.67,126.533,False,-56.696,8.14587,22.964756690339144,0.05919486685416287,22.995944822972717,0.0003253407748800741,23.001516594638034,0.060053006235034685,nan,nan
2015 XS287,736876,MBO,MBO,21164728438175571,745297381499076617,25.757092,2.3292515,2.128349,149.8971999307638,2.7037608321172977,2025052300161,137,60819.04168941305,g,149.89718948936653,2.7037628721782734,21.904626846313477,2339.13,106.25,False,2197.54,0.504478,2346.94,106.488,False,-31.6,30.1814,22.977364157081762,0.04931725792705724,23.04515800839942,0.0002492468829750769,22.97374505982285,0.04926324436595932,nan,nan
2015 XS287,736876,MBO,MBO,21164728438175571,745297381634867205,25.757097,2.329251,2.1283548,149.8973509627398,2.7037454921695563,2025052300162,140,60819.04221461984,g,149.8973522836378,2.7037548817452883,22.34296417236328,2401.46,107.551,False,2280.8,0.0252433,2466.46,109.468,False,-13.4085,31.6532,22.948811624674626,0.0486254275209096,23.00478196600269,1.2016644665919712e-05,22.919814825565457,0.048187838141704034,nan,nan
2015 XS287,736876,MBO,MBO,21164728438175571,745297381771182103,25.757101,2.3292508,2.1283605,149.89750200212296,2.703730151202999,2025052300163,144,60819.04273919154,g,149.89748892660248,2.7037408758175534,21.672182083129883,2460.88,112.003,False,2266.8,0.0675148,2448.41,110.87,False,-17.3862,35.9965,22.922273959957565,0.04941554084033774,23.011466966688992,3.233777158701346e-05,22.92778967744355,0.04916479687826879,nan,nan
2015 XS287,736876,MBO,MBO,21164728438175571,745297381881806865,25.757109,2.32925,2.128369,149.89772152593846,2.7037078538528183,2025052300164,99,60819.04350260107,g,149.89773966805814,2.703710456598996,17.014375686645508,2047.89,118.995,False,1913.84,0.922532,2124.51,118.22,False,50.5746,9.39301,23.121733428949902,0.06308794991094115,23.19523595122935,0.000523359546368397,23.08185304590812,0.060416630122645455,27.140168853847314,0.20164926931246152
2015 XS287,736876,MBO,MBO,21164728438175571,745297382016024598,25.757143,2.3292472,2.1284063,149.89868842544226,2.7036096381892847,2025052300165,99,60819.04686286381,r,149.89869517719504,2.703606803984999,26.832725524902344,4497.37,162.78,False,4043.57,1.79227,4575.28,162.595,False,15.288,34.3925,22.267603425266348,0.03929766363007085,22.383087567213646,0.000481241164427986,22.248955857581716,0.03858458669800907,28.439123307296974,2.4425159699959105
2015 XS287,736876,MBO,MBO,21164728438175571,745297382150242325,25.757149,2.3292468,2.128412,149.89883866823286,2.703594375958416,2025052300166,99,60819.04738498699,r,149.89883562932303,2.7036005389092925,24.866586685180664,4377.16,171.969,False,3842.84,1.58702,4383.9,171.78,False,-5.71361,32.2765,22.297018906654827,0.042656187201127196,22.438369218641142,0.0004483884510456079,22.295348426658244,0.042543800744236394,nan,nan
2015 XS287,736876,MBO,MBO,21164728438175571,745297382284460053,25.757153,2.3292465,2.1284177,149.89898949418242,2.703579054261694,2025052300167,99,60819.04790885035,r,149.89898508130725,2.703582193575716,26.33833122253418,4465.57,166.871,False,4092.29,0.139569,4509.29,167.904,False,-35.9053,34.1946,22.27530778890162,0.04057217684230067,22.370083983648158,3.7029417337111776e-05,22.26472957456717,0.040427530209649315,nan,nan
2015 XS287,736876,MBO,MBO,21164728438175571,745297382419202139,25.757158,2.329246,2.1284237,149.8991406157466,2.703563702311398,2025052300168,100,60819.04843320498,r,149.89913404897138,2.7035707349898983,26.08057403564453,4425.71,168.428,False,4132.85,0.259699,4472.89,168.97,False,-1.95045,34.2295,22.28504262745195,0.04131955603726935,22.359375866750575,6.822521646564607e-05,22.273529422130824,0.04101528144796422,nan,nan
2015 XS287,736876,MBO,MBO,21164728438175571,745297382554468425,25.757164,2.3292456,2.1284294,149.8992914571144,2.7035483786062158,2025052300169,102,60819.0489575571,r,149.8992940652241,2.703546711657264,25.060518264770508,4284.81,167.353,False,3903.57,1.02325,4370.57,167.939,False,20.6564,38.6922,22.320171062900936,0.04240589551093903,22.421345051809638,0.0002846060233224478,22.29865484271079,0.04171937637149974,28.11236337702645,2.033729046669202
2015 XS287,736876,MBO,MBO,21164728438175571,745297382687637564,25.757168,2.329245,2.1284351,149.89944288213982,2.703532995392068,2025052300170,100,60819.04948372305,r,149.89943570109898,2.7035282588523475,25.63043212890625,4206.83,164.34,False,3925.67,1.08029,4213.1,164.541,False,-18.7264,36.2593,22.340112574023962,0.04241433112349361,22.415215548859095,0.0002987795572349352,22.338495556227894,0.042403008977664185,nan,nan
2015 XS287,736876,MBO,MBO,21164728438175571,745297382822903867,25.757174,2.3292446,2.128441,149.89959345121554,2.703517698922596,2025052300171,102,60819.05000675553,r,149.8995862603567,2.7035176943280654,22.609529495239258,4215.96,182.788,False,4051.27,2.11265,4229.03,182.249,False,-9.7643,27.7801,22.33775880569992,0.047073393755507675,22.381022024672262,0.0005661880083188719,22.33439814024019,0.0467895332845371,nan,nan
2015 XS287,736876,MBO,MBO,21164728438175571,745297382957121634,25.75718,2.3292441,2.1284468,149.8997454675922,2.7035022552108305,2025052300172,102,60819.05053419755,r,149.89974371955145,2.7034974898990605,24.061954498291016,4172.23,170.59,False,4021.83,0.697959,4208.15,171.178,False,-20.8925,27.0953,22.34907940132343,0.04439250378350322,22.38894070561347,0.0001884215263571784,22.339771995447833,0.04416528631625756,nan,nan
2015 XS287,736876,MBO,MBO,21164728438175571,745297383091863610,25.757185,2.329244,2.1284528,149.8998966281793,2.7034868982360227,2025052300173,103,60819.05105965396,r,149.8999003194196,2.7034831918894593,26.330154418945312,4562.04,173.736,False,4136.25,1.13027,4546.71,173.721,False,-48.2762,26.1436,22.2521022685671,0.04134804943346801,22.358483049580226,0.00029668783675811095,22.25575687244958,0.041483880276659404,nan,nan
2015 XS287,736876,MBO,MBO,21164728438175571,745297383361347600,25.757195,2.329243,2.1284642,149.90019839710774,2.703456239796355,2025052300175,105,60819.05210794845,r,149.9001925365711,2.703460309100226,21.597217559814453,4127.5,188.328,False,3823.64,0.611987,4086.98,188.504,False,-34.7692,17.9223,22.36078229516292,0.049539559333872024,22.443807539963725,0.0001737758930498968,22.371493724043283,0.05007746946012732,nan,nan
2015 XS287,736876,MBO,MBO,21164728438175571,745297383496089667,25.7572,2.3292425,2.1284702,149.90034958140365,2.7034408798245337,2025052300176,106,60819.05263225407,r,149.90035592027164,2.7034372351077387,25.206605911254883,4360.47,170.965,False,4167.84,2.46036,4320.71,170.489,False,-46.9595,20.4054,22.301166689270687,0.04256946547610814,22.350222444707978,0.0006409320135585419,22.311112214684815,0.042841588480490064,nan,nan
2015 XS287,736876,MBO,MBO,21164728438175571,745297383630307422,25.757204,2.329242,2.128476,149.9005004856055,2.7034255481215808,2025052300177,106,60819.053156911876,r,149.90050159049628,2.7034310180707513,26.12323570251465,4500.45,167.756,False,4445.74,3.36657,4433.99,167.818,False,-99.1904,24.4075,22.266860100250227,0.04047123093965963,22.280139792055547,0.0008221818499688712,22.283013169326786,0.041093024873059526,nan,nan
2015 XS287,736876,MBO,MBO,21164728438175571,745297383896645749,25.757215,2.3292413,2.1284876,149.90080289411793,2.703394823195413,2025052300179,102,60819.05420634805,r,149.90080572562775,2.7034047401590118,24.748394012451172,4447.43,178.097,False,3989.03,0.800249,4499.0,177.831,False,26.8367,20.4732,22.2797271539285,0.04347822300714982,22.397831735805468,0.00021781217102715992,22.267210017086082,0.04291565862112974,27.828177203842074,0.8282871565534196
2015 XS287,736876,MBO,MBO,21164728438175571,745297384030863478,25.75722,2.3292408,2.1284933,149.90095353435376,2.703379517771157,2025052300180,102,60819.05472985945,r,149.9009620926929,2.7033784791578594,23.92311668395996,4305.69,176.154,False,4033.83,0.687227,4365.73,175.672,False,12.7732,21.1522,22.314893118808396,0.04441954380604088,22.3857060001166,0.00018497240388984186,22.299857822058982,0.04368878703783765,28.634250716222212,1.7979605772989222
2015 XS287,736876,MBO,MBO,21164728438175571,745297384166653964,25.757225,2.3292403,2.128499,149.90110475871842,2.703364152825292,2025052300181,105,60819.05525411703,r,149.90110801006506,2.7033671008051807,22.72849464416504,4448.22,193.518,False,4050.65,5.31714,4489.71,193.208,False,-13.429,19.2986,22.27953430147187,0.047234510558366104,22.381188228162166,0.0014252062395202349,22.26945428470379,0.04672304322313065,nan,nan
2015 XS287,736876,MBO,MBO,21164728438175571,745297384321843205,25.75723,2.3292398,2.1285048,149.90125455076236,2.703348933241478,2025052300182,145,60819.05577405935,r,149.90124665809097,2.7033488810502524,22.522247314453125,4238.28,187.494,False,3980.09,1.23094,4295.29,190.089,False,-31.9779,22.3597,22.332025943072765,0.048031049829781854,22.4002677442938,0.00033579041613368777,22.31751876286969,0.04804949431893365,nan,nan
2015 XS287,736876,MBO,MBO,21164728438175571,745297384431419473,25.757235,2.3292394,2.1285107,149.90140579128644,2.703333566320595,2025052300183,98,60819.05629904333,r,149.90140593552815,2.7033398944810076,23.121593475341797,4222.19,178.993,False,3911.22,0.747573,4215.75,179.629,False,-78.8041,20.4997,22.33615558303685,0.046028051576695296,22.419219395573464,0.00020752274162615548,22.337812878288403,0.04626216126166096,nan,nan
2015 XS287,736876,MBO,MBO,21164728438175571,745297384586084383,25.75724,2.329239,2.1285164,149.90155703996862,2.7033181984093715,2025052300184,137,60819.056824495594,r,149.90155965302847,2.703320201698237,25.199888229370117,4426.78,172.165,False,4092.91,0.531529,4372.95,172.942,False,-97.0638,22.8549,22.28478020480567,0.04222612722446433,22.36991953595851,0.0001409999979756749,22.29806367230452,0.04293883620775145,nan,nan
2015 XS287,736876,MBO,MBO,21164728438175571,745297384703524891,25.757246,2.3292387,2.1285222,149.9017071443635,2.7033029466096163,2025052300185,105,60819.05734536407,r,149.90170567331094,2.7033052298840823,26.484020233154297,4638.27,173.682,False,4199.86,0.0552568,4608.08,174.758,False,-87.9827,25.5327,22.234109930653577,0.040655857063682486,22.341913001159426,1.4284835455955191e-05,22.241199956131364,0.041175734727471144,nan,nan
2015 XS287,736876,MBO,MBO,21164728438175571,745297384834596907,25.757275,2.329236,2.1285553,149.9025687451724,2.703215398302731,2025052300186,99,60819.060335375776,i,149.90257989898797,2.703217694339982,20.81159782409668,5461.64,259.147,False,4909.06,2.92104,5430.05,258.123,False,-60.9038,18.6331,22.056692296460128,0.05151662809286333,22.172504136517333,0.0006460460676408049,22.062990467555615,0.051611583887252566,nan,nan
2015 XS287,736876,MBO,MBO,21164728438175571,745297384968814636,25.757278,2.3292356,2.1285613,149.9027194810216,2.7032000813894954,2025052300187,99,60819.06085855108,i,149.90271452241248,2.703195386558305,19.542705535888672,5112.52,257.772,False,4621.67,0.626047,5021.4,256.181,False,-111.738,16.9261,22.128412445943198,0.05474255266476457,22.23800268729113,0.00014707279441473383,22.147937975509915,0.05539192094145802,nan,nan
2015 XS287,736876,MBO,MBO,21164728438175571,745297385103032362,25.757284,2.3292353,2.128567,149.90287108998382,2.7031846756272,2025052300188,99,60819.06138473396,i,149.90287034160824,2.703188302263896,21.453414916992188,5339.51,246.201,False,4935.7,1.14744,5319.69,243.396,False,-34.6401,49.5155,22.081246537137098,0.05006252548543852,22.166628070307663,0.0002524093957166404,22.08528419964795,0.049676550318324554,nan,nan
2015 XS287,736876,MBO,MBO,21164728438175571,745297385237774446,25.757288,2.3292348,2.1285727,149.90302213074796,2.7031693274784026,2025052300189,100,60819.06190884062,i,149.9030202020898,2.703173942905692,20.277936935424805,4877.26,239.72,False,4736.31,1.02507,4823.52,237.681,False,-81.8734,47.1167,22.179560282554206,0.05336453189645262,22.211399686569766,0.00023498367833599653,22.191589786601796,0.05350011310684325,nan,nan
2015 XS287,736876,MBO,MBO,21164728438175571,745297385373040759,25.757294,2.3292344,2.1285787,149.9031734682618,2.70315394905462,2025052300190,102,60819.06243327331,i,149.90315609075347,2.7031482770957838,21.62559700012207,5131.69,233.141,False,4811.8,0.904899,5217.56,232.076,False,59.4216,52.6379,22.12434897934188,0.04932675871460886,22.19423112453172,0.0002041817297157709,22.106331357828893,0.048293324274077135,26.965139139903236,0.9617861999986421
2015 XS287,736876,MBO,MBO,21164728438175571,745297385506209889,25.7573,2.329234,2.1285844,149.90332539082104,2.7031385110629027,2025052300191,100,60819.06296078522,i,149.90333656175216,2.7031425860707885,21.67144012451172,5204.42,230.121,False,4720.04,3.03391,5391.64,229.736,False,152.47,55.2364,22.109069173437334,0.04800740664884367,22.21513579331406,0.0006978809376398852,22.07069775587621,0.0462628584612607,25.942038990561855,0.3933374399974269
2015 XS287,736876,MBO,MBO,21164728438175571,745297385641476291,25.757303,2.3292334,2.1285903,149.90347761017742,2.7031230427971904,2025052300192,102,60819.063488538115,i,149.90347688021384,2.703124187358305,21.726404190063477,5447.12,247.388,False,4939.12,0.731502,5597.85,246.954,False,87.4444,41.0414,22.05958261943763,0.049310113045851735,22.165876029657184,0.00016080155627472636,22.029946838733398,0.04789819097211011,26.545670032124637,0.5095825050436172
2015 XS287,736876,MBO,MBO,21164728438175571,745297385775693954,25.757309,2.329233,2.128596,149.9036295498983,2.7031076028375405,2025052300193,102,60819.064015990574,i,149.90362875613656,2.7031152724466514,22.553871154785156,5929.96,261.407,False,5707.99,2.90179,5875.8,259.208,False,3.05369,16.5548,21.967370597450476,0.047861884396462356,22.00879194644458,0.0005519593110042063,21.97733252386572,0.04789671670242125,30.187937648180046,5.886041482288215
2015 XS287,736876,MBO,MBO,21164728438175571,745297385910435913,25.757313,2.3292327,2.128602,149.9037817865015,2.703092132602509,2025052300194,103,60819.06454344802,i,149.90378230423832,2.7030879345204064,22.516338348388672,5306.28,226.122,False,5025.51,1.46332,5302.52,226.549,False,-62.533,44.8289,22.088024636569294,0.0462676009442304,22.147049696873516,0.00031614295773945897,22.08879420785097,0.04638783939938817,nan,nan
2015 XS287,736876,MBO,MBO,21164728438175571,745297386045702154,25.757318,2.3292322,2.1286077,149.90393316678114,2.703076749285149,2025052300195,105,60819.06506858168,i,149.9039278293894,2.7030818008191173,22.461519241333008,5361.26,237.332,False,4883.2,0.87754,5290.49,234.975,False,-57.3747,34.7709,22.076832874193585,0.048063320377619075,22.178238676727076,0.00019511322548543367,22.09126020733202,0.04822253894019113,nan,nan
2015 XS287,736876,MBO,MBO,21164728438175571,745297386179919907,25.757324,2.3292317,2.1286137,149.90408513240013,2.703061306386893,2025052300196,105,60819.06559514809,i,149.90409610646375,2.7030561800078976,21.651296615600586,5541.32,252.022,False,5207.95,3.09937,5531.27,251.159,False,-73.3977,23.991,22.040966958165946,0.04937982681410586,22.10833294416628,0.0006461463911371653,22.04293785024272,0.049300145315079744,nan,nan
2015 XS287,736876,MBO,MBO,21164728438175571,745297386314137723,25.757328,2.3292313,2.1286194,149.9042362416158,2.703045950423401,2025052300197,105,60819.06611941331,i,149.90424141244947,2.7030520030417717,22.348079681396484,5161.48,232.659,False,5213.75,3.62945,5101.13,229.84,False,-45.3156,27.8366,22.118064381981974,0.048940671456187315,22.10712449286528,0.0007558140221981251,22.130834046263853,0.04891967290743382,nan,nan
2015 XS287,736876,MBO,MBO,21164728438175571,745297386469326858,25.757334,2.3292308,2.1286254,149.90438764778366,2.70303056419311,2025052300198,145,60819.06664482081,i,149.90439478284398,2.7030297461540225,22.486398696899414,5317.69,235.611,False,5413.54,0.574147,5297.33,235.2,False,-21.8684,29.6084,22.085692471695957,0.04810573529873333,22.066296616972995,0.00011515056045826573,22.089857413025328,0.04820638855415539,nan,nan
2015 XS287,736876,MBO,MBO,21164728438175571,745297386849435799,25.757347,2.3292296,2.1286428,149.90483989920332,2.7029846049018458,2025052300201,102,60819.06821238123,i,149.90483686155417,2.70300149101062,20.290380477905273,5128.02,250.495,False,4595.77,1.87753,5019.16,248.964,False,-112.894,26.8436,22.125125720055497,0.05303635404572817,22.244104280762006,0.00044356054911073964,22.148422365513976,0.05385547082984472,nan,nan
2015 XS287,736876,MBO,MBO,21164728438175571,745297386985226271,25.757353,2.329229,2.1286485,149.90499134010645,2.70296921481943,2025052300202,105,60819.068737992246,i,149.90498528544123,2.702965211496326,22.89759635925293,5681.59,242.396,False,5563.27,5.8358,5661.63,241.231,False,-84.8855,30.4543,22.013825303435876,0.04632120869071568,22.036674651448255,0.0011389236019523608,22.01764631283619,0.04626110128700794,nan,nan
2015 XS287,736876,MBO,MBO,21164728438175571,745301777378181186,25.76012,2.3284724,2.1385937,150.17391862143552,2.6754955219226715,2025052400145,99,60819.98026129721,i,150.17391388048384,2.6755004896874506,20.022249221801758,4877.95,239.016,False,4938.83,1.72988,4811.73,235.337,False,-22.6845,45.2194,22.179406595547405,0.053200283182526495,22.165939789021184,0.00038029113967874843,22.194246879807373,0.05310229550556273,nan,nan
2015 XS287,736876,MBO,MBO,21164728438175571,745301777512398902,25.760124,2.328472,2.1385994,150.17407008316357,2.675479196643651,2025052400146,99,60819.9807832778,i,150.17407449790957,2.675478823804417,20.294614791870117,4767.43,228.946,False,4823.89,2.07369,4784.03,227.437,False,-0.291359,46.5854,22.204289147380283,0.0521402413966277,22.19150647934645,0.0004667353896698091,22.20051531278284,0.05161685701126147,nan,nan
2015 XS287,736876,MBO,MBO,21164728438175571,745301777646616635,25.760128,2.3284714,2.1386054,150.17422183880768,2.675462839001008,2025052400147,99,60819.98130642876,i,150.1742215596227,2.675463024219081,20.471952438354492,4581.07,216.797,False,4553.06,1.01395,4727.3,213.994,False,98.4585,64.987,22.2475827217485,0.0513819605101135,22.254241552384684,0.0002417895217909879,22.213467134822046,0.04914878399485103,26.416866921248687,0.716634272717327
2015 XS287,736876,MBO,MBO,21164728438175571,745301777781358653,25.760132,2.328471,2.138611,150.1743735981796,2.6754464802759736,2025052400148,100,60819.98182965605,i,150.17436574476474,2.6754462378985964,18.658157348632812,4266.28,226.799,False,4033.11,0.0924274,4215.87,223.032,False,-15.408,59.4838,22.32487666665795,0.05771864329808066,22.38589980303142,2.4881983082042483e-05,22.33778194340816,0.057438656308267465,nan,nan
2015 XS287,736876,MBO,MBO,21164728438175571,745301777916625029,25.760136,2.3284705,2.1386168,150.17452565142975,2.675430089194386,2025052400149,102,60819.98235309965,i,150.17452755029672,2.675431923375961,22.2316837310791,5362.56,232.804,False,4963.71,0.156834,5299.6,228.953,False,-48.1365,64.8071,22.07656957712537,0.047134900043720555,22.160484007721955,3.4305058137469845e-05,22.089392251438454,0.04690590985889511,nan,nan
2015 XS287,736876,MBO,MBO,21164728438175571,745301778049269862,25.76014,2.3284702,2.1386225,150.17467741836677,2.6754137283038077,2025052400150,99,60819.98287619607,i,150.17466555718843,2.6754133402413105,22.64529037475586,4769.17,206.578,False,4618.23,2.28023,4799.25,205.391,False,-48.0481,69.1087,22.203893009275994,0.04702898419673277,22.238811109273843,0.0005360773122711381,22.19706656609802,0.046465687733686166,nan,nan
2015 XS287,736876,MBO,MBO,21164728438175571,745301778185060466,25.760143,2.3284698,2.1386282,150.17482976953093,2.6753973037601764,2025052400151,102,60819.98340187362,i,150.17482711797825,2.67540164369253,19.59650230407715,4611.04,227.468,False,4325.86,0.522845,4531.49,225.153,False,-80.0813,55.5431,22.240502766633,0.05356063782788628,22.309818884219574,0.00013122748576967927,22.25939737899974,0.05394621877875178,nan,nan
2015 XS287,736876,MBO,MBO,21164728438175571,745301778320850971,25.760147,2.3284693,2.138634,150.1749809637647,2.675381003280475,2025052400152,105,60819.98392289992,i,150.17497430890595,2.6753951908493554,19.888370513916016,5175.98,254.941,False,5240.99,3.49351,5203.68,253.738,False,-29.9965,55.0197,22.115018530224724,0.05347753828116144,22.101466623812108,0.0007237239772626508,22.109223508831903,0.052941866327999285,nan,nan
2015 XS287,736876,MBO,MBO,21164728438175571,745301778454020154,25.760181,2.3284655,2.1386852,150.17633550390352,2.675234939537908,2025052400153,103,60819.988589141874,i,150.17633199968037,2.6752426909201352,21.535749435424805,4863.65,219.04,False,4632.58,1.59993,4990.39,217.286,False,81.8826,65.1182,22.182594235526835,0.04889736222299405,22.235442661977743,0.00037497505685536454,22.154663752373896,0.047273913585913464,26.617020954227293,0.863445844383
2015 XS287,736876,MBO,MBO,21164728438175571,745301778589286413,25.760185,2.328465,2.138691,150.17648760906576,2.6752185344745247,2025052400154,105,60819.98911337381,i,150.17648169210267,2.6752258746024875,21.371633529663086,4636.02,213.127,False,4455.76,2.17568,4634.73,208.143,False,2.67028,65.1865,22.23463674327176,0.04991343823878857,22.277695580983902,0.000530148523629435,22.234938906985537,0.04875977622232614,30.333608000833422,26.50484003391882
2015 XS287,736876,MBO,MBO,21164728438175571,745301778723504191,25.76019,2.3284645,2.138697,150.1766402989256,2.675202065725148,2025052400155,105,60819.98963994597,i,150.17663115101843,2.675200475565786,21.498685836791992,4918.96,225.915,False,4769.07,4.3103,4917.74,220.734,False,-5.2079,68.3491,22.17031678117774,0.049865030282071184,22.203915797474295,0.0009812916980365947,22.170586038402075,0.0487335395882542,nan,nan
2015 XS287,736876,MBO,MBO,21164728438175571,745301778992463948,25.760197,2.3284636,2.1387084,150.17694394991605,2.675169312841021,2025052400157,106,60819.990685411554,i,150.17695176605832,2.6751786463840506,18.658302307128906,4593.31,245.9,False,4486.6,0.473369,4577.68,243.834,False,-71.7503,53.1579,22.24468559438497,0.058124211672519514,22.27020659634841,0.00011455308092238312,22.24838638255331,0.057832655665640394,nan,nan
2015 XS287,736876,MBO,MBO,21164728438175571,745301779124584552,25.7602,2.3284633,2.138714,150.17709578189607,2.6751529347887177,2025052400158,102,60819.99120829157,i,150.17708428317545,2.6751550475950854,17.081331253051758,4615.49,262.264,False,4142.94,1.42935,4602.48,260.442,False,-95.4873,61.6143,22.23945540898055,0.061694319294879146,22.356728406136906,0.00037458835665181737,22.242520229705637,0.06143889701432124,nan,nan
2015 XS287,736876,MBO,MBO,21164728438175571,745301779390922765,25.760208,2.3284624,2.1387255,150.17739974939434,2.6751201441374586,2025052400160,98,60819.99225536175,i,150.1773866654754,2.675127572649781,16.6455078125,4576.1,267.343,False,4176.39,1.14693,4544.61,266.539,False,-41.6825,44.0222,22.24876121087395,0.06343042196312203,22.34799734642848,0.0002981674034536657,22.256258483248356,0.0636778629137415,nan,nan
2015 XS287,736876,MBO,MBO,21164728438175571,745301779525140523,25.760212,2.328462,2.1387312,150.17755188486046,2.6751037315504687,2025052400161,98,60819.99277955042,i,150.17755313593932,2.675107937009214,17.71784210205078,4720.47,262.569,False,4308.73,3.62772,4704.98,257.987,False,-26.3833,49.1204,22.215036845819093,0.06039243059213877,22.31412680357394,0.0009141317952687183,22.21860555035294,0.05953390384009336,nan,nan
2015 XS287,736876,MBO,MBO,21164728438175571,745301779663552584,25.760214,2.3284614,2.138737,150.1777025731304,2.675087474505928,2025052400162,106,60819.993298227986,i,150.17769956839248,2.67508971496384,20.456893920898438,4680.39,227.154,False,4385.09,2.27031,4794.41,228.37,False,-41.7978,49.5302,22.224294861351922,0.05269418193909192,22.295053760451154,0.000562122503645764,22.198162038304655,0.05171638714638135,nan,nan
2015 XS287,736876,MBO,MBO,21164728438175571,745301779814023205,25.760218,2.3284612,2.1387427,150.17785442726685,2.6750710910989643,2025052400163,137,60819.99382186806,i,150.1778533807971,2.675080479253657,19.206884384155273,4821.5,244.381,False,4661.43,4.61019,4781.48,242.515,False,-29.9254,34.6195,22.192044572256368,0.055031275718452795,22.228702041881476,0.0010738013683462143,22.201094145568064,0.05506816218195768,nan,nan
2015 XS287,736876,MBO,MBO,21164728438175571,745301779948240978,25.760221,2.3284607,2.1387484,150.17800570520365,2.675054769280108,2025052400164,137,60819.99434295512,i,150.17800052427717,2.675054748759414,20.092531204223633,4879.29,233.079,False,4446.29,0.489425,4883.61,232.348,False,-45.7062,43.6125,22.179108413511848,0.0518645747934239,22.280005527362967,0.0001195123217730784,22.178147594512275,0.0516561827388231,nan,nan
2015 XS287,736876,MBO,MBO,21164728438175571,745301780065681432,25.760225,2.3284602,2.1387541,150.1781564069217,2.6750385090622397,2025052400165,105,60819.994861739484,i,150.17814156782438,2.675036347801067,18.702062606811523,4747.42,247.5,False,4349.12,1.4866,4766.79,244.999,False,-66.7678,24.8658,22.20885588021149,0.05660331613798043,22.303996493764156,0.00037112230599307006,22.2044349421274,0.0558036486949519,nan,nan
2015 XS287,736876,MBO,MBO,21164728438175571,745301780220346392,25.76023,2.3284597,2.1387599,150.17830798425666,2.675022153799759,2025052400166,144,60819.99538363117,i,150.1782986292439,2.6750163297413714,18.76432991027832,4976.89,260.158,False,4750.05,2.88465,4842.52,256.435,False,-115.263,22.8432,22.157604865159946,0.056754909270627964,22.20825459183912,0.000659354967450473,22.187321437955283,0.057495014970196975,nan,nan
2015 XS287,736876,MBO,MBO,21164728438175571,745301780350894084,25.760233,2.3284593,2.1387656,150.17845956634366,2.675005797458125,2025052400167,137,60819.995905787044,i,150.17846844872685,2.674995736640856,16.397321701049805,4267.18,258.703,False,4290.58,11.295,4147.59,254.388,False,-92.4851,20.3059,22.324647548174216,0.06582408170964683,22.318709970180308,0.0028582127107011877,22.355510494137697,0.06659247239751988,nan,nan
2015 XS287,736876,MBO,MBO,21164728438175571,745301780464664651,25.760237,2.3284588,2.1387715,150.17861144341458,2.6749894087230626,2025052400168,98,60819.99642804626,i,150.17861665751505,2.6749891573338394,18.688074111938477,5681.56,301.942,False,5483.2,2.32351,5608.39,297.854,False,-100.293,13.0422,22.013830995312297,0.057700586220521016,22.052414743611415,0.0004600814788727046,22.027904457855442,0.057661979264942556,nan,nan
2015 XS287,736876,MBO,MBO,21164728438175571,745301780619329615,25.76024,2.3284585,2.1387773,150.17876187306044,2.6749731756245803,2025052400169,137,60819.99694684725,i,150.1787604711392,2.674973695724863,17.200502395629883,4319.55,249.182,False,4023.48,1.06916,4311.78,246.764,False,-44.3269,29.5349,22.311403785467533,0.06263289894295775,22.38849538810029,0.000288512856925231,22.313358569769946,0.06213689715103758,nan,nan
2015 XS287,736876,MBO,MBO,21164728438175571,745301780733100141,25.760244,2.328458,2.138783,150.1789137595197,2.6749567847659828,2025052400170,98,60819.997469902744,i,150.17889559550798,2.6749529515475516,20.17440414428711,4951.03,245.168,False,4908.07,0.133705,4963.04,244.506,False,-41.9619,28.1076,22.163261152415032,0.05376412273886643,22.172723168623175,2.957748563875437e-05,22.160630552852066,0.05348919428670598,nan,nan
2015 XS287,736876,MBO,MBO,21164728438175571,745301780887765113,25.760248,2.3284576,2.1387887,150.17906448902625,2.674940518214811,2025052400171,137,60819.99798851295,i,150.17907170939154,2.674943936859802,19.74895668029785,4970.53,250.815,False,4552.93,0.0453206,4995.81,249.754,False,-77.8316,34.643,22.158993298534977,0.05478670093887646,22.254272525067123,1.0807593052400947e-05,22.153485204804376,0.0542788766020141,nan,nan
2015 XS287,736876,MBO,MBO,21164728438175571,745301781021458490,25.760252,2.328457,2.1387944,150.17921667552045,2.674924093880352,2025052400172,136,60819.998512696766,i,150.17921906103805,2.674929452222498,20.39051055908203,4936.7,236.589,False,4785.97,2.68621,4881.76,232.098,False,-34.3819,34.9115,22.166408116463508,0.05203339025838867,22.200075021289976,0.0006093885313987061,22.17855899072319,0.05162015780580367,nan,nan
2015 XS287,736876,MBO,MBO,21164728438175571,745301781137850380,25.760275,2.3284545,2.1388304,150.18017114724725,2.674821072719201,2025052400173,102,60820.00179829667,z,150.18013681656484,2.6748344834320315,8.830279350280762,5067.41,570.643,False,5314.29,8.48683,5349.17,563.781,False,241.073,68.1029,22.138034856212816,0.12226517132409873,22.08638686675687,0.0017339020384308371,22.079284015189288,0.11443223127260801,25.44462857770591,0.3067194676307012
2015 XS287,736876,MBO,MBO,21164728438175571,745301782481600596,25.760311,2.3284502,2.1388881,150.18168982684924,2.674657111997833,2025052400183,105,60820.00702511784,z,150.18168767745027,2.674621650431094,7.6382951736450195,4701.53,601.698,False,5036.97,29.4857,4950.67,597.041,False,6.40516,26.6166,22.21940202050512,0.13895164566914833,22.14457654312932,0.00635574389097261,22.16334007151073,0.1309376421007924,29.383675051353134,4.51176965630179
2015 XS287,736876,MBO,MBO,21164728438175571,745301782636265498,25.760315,2.3284497,2.1388938,150.18184093916872,2.674640794842591,2025052400184,144,60820.00754595589,z,150.18183490254614,2.674644449303655,8.365694999694824,4262.71,505.065,False,4173.05,6.71355,4613.19,501.021,False,210.126,75.9372,22.32578554044972,0.12864289710817786,22.348866080054012,0.0017467187637779838,22.2399966589452,0.1179176755590393,25.593800480213453,0.39237299150940086
2015 XS287,736876,MBO,MBO,21164728438175571,745301782770483236,25.760319,2.3284492,2.1388996,150.18199292847157,2.6746243825209097,2025052400185,144,60820.00806811941,z,150.18197339924455,2.67463326821905,8.567459106445312,4663.09,532.21,False,5160.15,13.1281,5229.39,526.078,False,389.961,30.9741,22.228315542283255,0.12391776885133758,22.11834420483938,0.002762255781037867,22.103872391455837,0.10922534356291316,24.922447065561713,0.08623862906475478
2015 XS287,736876,MBO,MBO,21164728438175571,745301782884253718,25.760323,2.3284488,2.1389053,150.1821434702614,2.6746081260465893,2025052400186,105,60820.0085868014,z,150.18212345704794,2.674611615901091,8.805420875549316,4466.2,505.059,False,4467.82,31.2902,4842.17,501.353,False,340.805,75.8375,22.275154534458537,0.12278017274654365,22.274760872980902,0.00760391053103849,22.187399935811808,0.11241594343045741,25.068735128985324,0.2416030365006385
2015 XS287,736876,MBO,MBO,21164728438175571,745301783149019176,25.76033,2.328448,2.1389167,150.1824468949944,2.67457535891024,2025052400188,98,60820.00963091398,z,150.18242372071506,2.674568021030157,9.667073249816895,5003.77,503.788,False,4506.17,19.7291,5279.11,495.54,False,336.859,82.0623,22.151756648297756,0.10931375001069014,22.26548108904197,0.004753615096651846,22.093598249562703,0.10191599381660957,25.081379584003272,0.2644964498708116
2015 XS287,736876,MBO,MBO,21164728438175571,745301783283236917,25.760334,2.3284476,2.1389227,150.1825997781689,2.674558848217518,2025052400189,98,60820.01015619562,z,150.1826372137659,2.6745440614346334,6.877771377563477,3462.6,494.107,False,3479.99,19.6517,3567.08,487.125,False,204.43,88.5477,22.551494157648044,0.1549326627282075,22.54605501311647,0.006131213371595566,22.519217852461907,0.1482695193713759,25.62363846730684,0.4702805168967132
2015 XS287,736876,MBO,MBO,21164728438175571,745301783441571875,25.760336,2.328447,2.1389284,150.18275150441352,2.674542462018014,2025052400190,144,60820.010678378465,z,150.1827696656015,2.674566447040007,9.141827583312988,4257.63,461.528,False,3976.24,23.496,4396.77,454.9,False,95.0841,78.1233,22.327080236552934,0.117694043243862,22.401318527934617,0.00641572396143692,22.292165625728224,0.11233277854508322,26.454730263227134,0.8920660218723084
2015 XS287,736876,MBO,MBO,21164728438175571,745301783572119573,25.76034,2.3284466,2.1389341,150.1829038174508,2.674526011999065,2025052400191,137,60820.01120266389,z,150.18290276215473,2.6745308916857944,9.161370277404785,4092.76,440.569,False,4219.8,11.539,4241.03,436.552,False,98.0839,86.2141,22.369959301647416,0.11687509483033412,22.336770380760434,0.0029689345860302663,22.331321693595136,0.11176066610970213,26.421005680296425,0.9543439169470658
2015 XS287,736876,MBO,MBO,21164728438175571,745301783706337337,25.760344,2.3284461,2.1389399,150.18305642688696,2.674509529524012,2025052400192,137,60820.011727967314,z,150.18305404016863,2.674499698763636,9.396571159362793,4834.88,509.118,False,5145.63,5.01189,4984.0,512.666,False,148.562,30.2876,22.189035777520033,0.11432918106558985,22.121403637829207,0.0010575168599608724,22.156054915872218,0.11168139127471094,25.97023068233671,0.22135097928815356
2015 XS287,736876,MBO,MBO,21164728438175571,745301783820107832,25.760347,2.328446,2.1389456,150.18320729779805,2.6744932343838577,2025052400193,98,60820.012246618,z,150.1831942626171,2.6744754919969065,6.631393909454346,3251.72,488.767,False,3488.38,18.7683,3200.26,482.076,False,55.5721,88.7896,22.619717154323794,0.1631973326475472,22.543440566784355,0.00584151454892349,22.637036838404047,0.16355150920689904,27.037857947527627,1.7347207830013993
2015 XS287,736876,MBO,MBO,21164728438175571,745301783978442810,25.760351,2.3284454,2.1389513,150.1833596279409,2.6744767812033032,2025052400194,144,60820.0127708697,z,150.18334539178002,2.6744663352536615,12.679819107055664,5684.32,440.561,False,5433.91,0.549022,5585.01,433.286,False,-95.9344,107.105,22.01330373696618,0.08414956370027299,22.062218866105322,0.00010969873737308295,22.032440157913747,0.08423160005439453,nan,nan
2015 XS287,736876,MBO,MBO,21164728438175571,745301784108990526,25.760355,2.328445,2.1389573,150.18351167302623,2.674460358382256,2025052400195,137,60820.01329302211,z,150.18348576505514,2.6744603685161277,9.165535926818848,4057.29,430.957,False,3624.83,14.1571,4207.25,422.04,False,-49.2761,101.561,22.379409863126412,0.11532466594310399,22.501780867809927,0.004240440349818848,22.340004202252125,0.10891297572848108,nan,nan
2015 XS287,736876,MBO,MBO,21164728438175571,745301784222761041,25.760359,2.3284445,2.138963,150.18366285158112,2.674444028736336,2025052400196,98,60820.01381386521,z,150.18364955644552,2.6744314463524654,11.301372528076172,4685.43,417.356,False,4792.43,22.6612,4818.99,407.999,False,85.7084,113.574,22.223126324431675,0.09671225244089553,22.1986105148487,0.005133947478340479,22.19260988447594,0.09192367209174623,26.567441569645336,1.438731856452316
2015 XS287,736876,MBO,MBO,21164728438175571,745301784377426025,25.760363,2.328444,2.1389687,150.18381519883357,2.6744275724319277,2025052400197,137,60820.014337399916,z,150.18380925459167,2.6744266400914625,11.269533157348633,4827.16,417.433,False,4424.85,3.10388,5139.11,414.434,False,200.429,113.089,22.190770729635602,0.09389001433547002,22.28525359369417,0.0007616065492198314,22.122780244799127,0.08755718400960848,25.64509859623567,0.6126100402474172
2015 XS287,736876,MBO,MBO,21164728438175571,745301784511643658,25.760365,2.3284435,2.1389744,150.18396726122526,2.674411146480847,2025052400198,137,60820.01486095751,z,150.18396782492655,2.674419648069259,9.966573715209961,4153.82,421.133,False,3810.02,5.05783,4264.8,417.743,False,15.144,124.126,22.353880863294194,0.11007683522553874,22.447681855857468,0.0014413228709986633,22.325253375930544,0.10634935579957622,28.449398493781768,8.899107968841205
2015 XS287,736876,MBO,MBO,21164728438175571,745301784779554877,25.760372,2.3284428,2.138986,150.1842725666806,2.6743781658000003,2025052400200,136,60820.0159104199,z,150.18425800447216,2.674391831253614,11.178869247436523,4962.83,432.939,False,4680.49,2.73369,4972.37,422.467,False,-27.7426,123.592,22.160676485790695,0.09471562280306756,22.224271641388608,0.0006341357598008023,22.158591380551783,0.09224730215238035,nan,nan
2015 XS287,736876,MBO,MBO,21164728438175571,745301785048514581,25.76038,2.3284419,2.1389976,150.1845778959257,2.6743451809206444,2025052400202,137,60820.01696019084,z,150.18458610112108,2.6743490539623846,11.12093448638916,4537.71,399.4,False,4459.93,12.7153,4510.01,391.02,False,-83.9145,133.246,22.257908166450477,0.09556429064144008,22.276679851263523,0.003095443334942709,22.264556294333666,0.0941338446963287,nan,nan
2015 XS287,736876,MBO,MBO,21164728438175571,745301785164382239,25.760384,2.3284414,2.139006,150.18479832952724,2.674321366369356,2025052400203,102,60820.01771853029,z,150.18479247536712,2.674324129566272,12.239922523498535,5683.19,455.561,False,5791.93,2.05176,5603.97,443.537,False,-159.983,147.994,22.013519572220513,0.08703194531798518,21.992941705967056,0.0003846161819212986,22.028760454148816,0.08593267751325352,nan,nan
2015 XS287,736876,MBO,MBO,21164728438175571,745301785298599968,25.760387,2.328441,2.1390116,150.1849507209856,2.6743049022737435,2025052400204,102,60820.01824204062,z,150.18493682271605,2.67430970061005,10.629295349121094,4896.82,456.216,False,5142.45,9.56986,4670.54,445.563,False,-170.772,147.132,22.175214688283596,0.10115345262472943,22.12207476439943,0.0020205045415142803,22.226582251247983,0.10357771560272917,nan,nan
2015 XS287,736876,MBO,MBO,21164728438175571,745301785432817691,25.760391,2.3284404,2.1390176,150.1851037003299,2.6742883742749384,2025052400205,102,60820.01876831184,z,150.18508324147246,2.6742921955038073,9.741544723510742,4564.09,458.754,False,4657.59,11.8694,4325.79,446.593,False,-236.096,137.912,22.251614537792303,0.10913146794733494,22.22959689729587,0.0027668896935088504,22.309836409358276,0.11209101007311023,nan,nan
2015 XS287,736876,MBO,MBO,21164728438175571,745301785567559737,25.760395,2.32844,2.1390233,150.18525610397188,2.6742719080920327,2025052400206,103,60820.0192924014,z,150.18526603140577,2.6742644446897565,9.901557922363281,4382.96,439.412,False,4165.88,28.2124,4372.17,425.098,False,57.4561,152.84,22.29558124169919,0.10885007111024847,22.350733141169776,0.007352882329448019,22.298257419471305,0.10556412231685454,27.001659632098146,2.8881862190335394
2015 XS287,736876,MBO,MBO,21164728438175571,745301785702826046,25.760399,2.3284395,2.139029,150.185408804675,2.674255409434144,2025052400207,105,60820.01981795414,z,150.18541857863127,2.6742579050437008,11.584205627441406,5273.38,454.338,False,4757.03,14.1943,5393.45,443.507,False,26.6051,139.055,22.094777354780263,0.09354365521606758,22.2066603233167,0.003239682276377659,22.07033331828581,0.08928080858589714,27.83758773512804,5.674740422537784
2015 XS287,736876,MBO,MBO,21164728438175571,745301785835470888,25.760422,2.3284366,2.1390674,150.18641853144376,2.6741463035162654,2025052400208,102,60820.023288582335,r,150.18642086104072,2.674153914087315,20.150156021118164,3642.43,179.374,False,3433.15,1.54985,3683.29,178.83,False,16.1981,27.415,22.496521984683895,0.05346783382528017,22.560768083673157,0.0004901412087231179,22.484410203673995,0.0527143410987961,28.376339868431955,1.8375896330122001
2015 XS287,736876,MBO,MBO,21164728438175571,745301785969688606,25.760426,2.3284361,2.1390731,150.18657098896003,2.674129828384138,2025052400209,102,60820.02381293694,r,150.18658161763904,2.67414283701964,19.614582061767578,3821.66,194.278,False,3668.35,1.0109,3857.34,193.211,False,-6.47057,7.38098,22.44436990810693,0.05519451314521542,22.488823057760904,0.00029920010973236166,22.434280173133665,0.05438363522201241,nan,nan
2015 XS287,736876,MBO,MBO,21164728438175571,745301786103906334,25.76043,2.328436,2.1390789,150.18672228912524,2.674113477981284,2025052400210,102,60820.024332603716,r,150.18672104764613,2.6740965125050216,20.375825881958008,3869.15,186.534,False,3758.82,1.32714,3871.68,184.959,False,20.7109,8.3512,22.43096111024097,0.05234398217155124,22.462371157775152,0.00038334474435008063,22.43025138155207,0.05186810011259228,28.109502604579916,0.4377984823969731
2015 XS287,736876,MBO,MBO,21164728438175571,745301786238648386,25.760431,2.3284354,2.1390846,150.18687446836077,2.6740970322446524,2025052400211,103,60820.02485572451,r,150.18685018582474,2.6741009314813935,19.454078674316406,3789.44,194.94,False,3531.15,2.29215,3851.58,196.127,False,16.442,8.40075,22.453562429123345,0.05585348275178863,22.530209614065306,0.0007047761587379805,22.435902670752384,0.05528696771674946,28.36011342760851,0.5547378001013723
2015 XS287,736876,MBO,MBO,21164728438175571,745301786373914677,25.760435,2.328435,2.1390905,150.1870257812468,2.6740806798027177,2025052400212,105,60820.025375670215,r,150.1870114049206,2.67409298527663,19.297338485717773,4210.33,215.291,False,4126.02,2.01962,4274.42,216.666,False,-10.652,6.83241,22.339209638386496,0.055518030491397294,22.36117167288071,0.0005314502790068177,22.32280703673849,0.05503486443478463,nan,nan
2015 XS287,736876,MBO,MBO,21164728438175571,745301786506559565,25.760439,2.3284345,2.1390963,150.18717855548607,2.6740641691021625,2025052400213,102,60820.02590084262,r,150.18719237365292,2.6740818693581714,16.01971435546875,3692.79,231.457,False,3507.8,0.901901,3740.54,231.782,False,-31.0204,7.21167,22.481613460813502,0.06805186400570934,22.537412925498103,0.0002791568967585881,22.46766423042559,0.06727747968609751,nan,nan
2015 XS287,736876,MBO,MBO,21164728438175571,745301786642350117,25.760443,2.328434,2.139102,150.18733046314009,2.674047751731297,2025052400214,105,60820.026422853975,r,150.18731679967368,2.6740503724677374,16.985734939575195,3816.46,223.248,False,3596.13,1.65204,3890.5,223.352,False,-24.9527,6.65075,22.445848223770035,0.06351132722826376,22.51041157768482,0.000498780551118909,22.424986450871675,0.06233166899861719,nan,nan
2015 XS287,736876,MBO,MBO,21164728438175571,745301786772897858,25.760445,2.3284338,2.1391077,150.18748266839015,2.67403130187761,2025052400215,98,60820.026945783255,r,150.18747501056805,2.6740058883385016,15.824230194091797,3563.84,223.072,False,3545.98,6.57373,3591.24,225.19,False,-19.8874,7.58,22.520204478271953,0.06795965796840843,22.52565930155891,0.002012796657577474,22.511888928738788,0.0680814814005927,nan,nan
2015 XS287,736876,MBO,MBO,21164728438175571,745301786911309865,25.760448,2.3284333,2.1391134,150.18763400712615,2.6740149453603066,2025052400216,106,60820.02746558065,r,150.18764234160219,2.6740207750774334,18.26569938659668,3657.89,195.054,False,3281.71,0.692944,3646.91,193.648,False,-24.336,13.6039,22.491923428782027,0.05789599928645806,22.609749511841166,0.00022925681642138617,22.495187411812214,0.05765172274941408,nan,nan
2015 XS287,736876,MBO,MBO,21164728438175571,745301787045003335,25.760452,2.3284328,2.1391194,150.18778709857432,2.673998399097902,2025052400217,105,60820.027991999144,r,150.1877702745465,2.674004787295351,19.561235427856445,4020.18,206.907,False,3710.02,0.0436014,4046.65,207.46,False,-28.0332,6.69223,22.389386271785163,0.05587969250620722,22.476559367236984,1.2759936484915512e-05,22.382260917892584,0.055662546986867116,nan,nan
2015 XS287,736876,MBO,MBO,21164728438175571,745301787199668230,25.760456,2.3284323,2.139125,150.18793903256713,2.673981977626047,2025052400218,144,60820.0285134994,r,150.18793231885357,2.67400105570509,19.043193817138672,4023.85,210.099,False,3762.8,2.79347,3993.96,209.718,False,-29.0183,7.33329,22.38839551655858,0.05669000690558929,22.461222147528655,0.000806041079602877,22.396490733009223,0.057010693681116636,nan,nan
2015 XS287,736876,MBO,MBO,21164728438175571,745301787333886015,25.76046,2.3284318,2.1391308,150.18809184635538,2.6739654607580587,2025052400219,144,60820.0290386908,r,150.18809904256574,2.67396294226073,16.57309341430664,3489.11,208.197,False,3352.92,0.669348,3488.86,208.999,False,-7.53447,6.67026,22.543213312771805,0.06478644136237932,22.58644204686569,0.00021674700730193539,22.543291110195113,0.06504066267616275,nan,nan
2015 XS287,736876,MBO,MBO,21164728438175571,745301787468103749,25.760462,2.3284314,2.1391368,150.1882449578944,2.6739489114045023,2025052400220,144,60820.029564888915,r,150.18826772348024,2.6739452915200377,18.709463119506836,3797.11,202.821,False,3517.56,0.896782,3843.26,202.189,False,-8.6408,7.32961,22.451367022852107,0.057994131228133274,22.53439619678479,0.0002768022857657456,22.438250582563676,0.057119193577760234,nan,nan
2015 XS287,736876,MBO,MBO,21164728438175571,745301787581874218,25.760466,2.3284311,2.1391425,150.1883974939953,2.673932423951036,2025052400221,105,60820.030088322615,r,150.18839409839103,2.673942338695587,18.62702178955078,4080.38,217.841,False,3763.56,0.153548,4108.81,218.374,False,-14.1861,6.25963,22.373248505676557,0.05796466777223263,22.46100287284354,4.4296523134493336e-05,22.365709836922754,0.05770443191815526,nan,nan
2015 XS287,736876,MBO,MBO,21164728438175571,745301787712421950,25.76047,2.3284307,2.1391482,150.18855032804245,2.6739159039992653,2025052400222,98,60820.030613783456,r,150.18853923124234,2.67389726612314,17.458816528320312,4155.32,233.998,False,4003.33,4.20036,4215.9,233.488,False,-21.2077,6.79417,22.353488860176245,0.061140925941021766,22.393946501130934,0.0011391722995656665,22.337774272700248,0.06013102493078323,nan,nan
2015 XS287,736876,MBO,MBO,21164728438175571,745301787846639682,25.760473,2.3284302,2.139154,150.18870200436683,2.6738995089002997,2025052400223,98,60820.031134837554,r,150.18870062943148,2.673899665150636,20.466529846191406,3912.64,187.102,False,3673.96,2.21543,3902.1,185.826,False,-3.55448,21.3035,22.418825303493215,0.05191978469625588,22.487163952437157,0.0006547084368890363,22.421753985417446,0.05170498329355029,nan,nan
2015 XS287,736876,MBO,MBO,21164728438175571,745306225892130904,25.759964,2.3276546,2.1494076,150.469076659037,2.643479873857536,2025052500521,102,60820.97064975185,g,150.4690907544577,2.6434981266417954,13.332579612731934,1717.12,128.228,False,1678.27,0.17778,1756.99,127.395,False,8.61611,4.88874,23.312998386447838,0.08107865438273223,23.33784540889016,0.00011501259201028096,23.288076781802964,0.07872404562872132,29.061721931980067,0.6160415982809173
2015 XS287,736876,MBO,MBO,21164728438175571,745306226026348605,25.759966,2.3276541,2.1494133,150.46922996316158,2.6434623779338944,2025052500522,102,60820.97117170756,g,150.4692405977392,2.643471866157469,12.563423156738281,1757.8,137.586,False,1795.97,1.76193,1768.73,136.523,False,-5.82189,4.67556,23.28757631949995,0.08498241877795308,23.26425232293982,0.0010651576643047253,23.28084615676358,0.08380474130309487,nan,nan
2015 XS287,736876,MBO,MBO,21164728438175571,745306226160566354,25.759968,2.3276536,2.149419,150.4693838579636,2.6434448138813136,2025052500523,102,60820.97169588203,g,150.46937731817928,2.6434460918834297,13.860604286193848,1858.79,133.347,False,1831.54,2.29082,1824.68,132.005,False,-30.7815,5.02148,23.22692415874172,0.07788919823426618,23.242958957098868,0.0013579971132939438,23.24703318841496,0.07854670889784829,nan,nan
2015 XS287,736876,MBO,MBO,21164728438175571,745306226295308344,25.75997,2.3276534,2.1494248,150.46953804960566,2.6434272152332468,2025052500524,103,60820.972220035575,g,150.46954692916128,2.6434609112952487,16.37459373474121,2180.87,131.346,False,1995.68,0.589674,2187.21,130.574,False,-65.7657,5.15429,23.053425495691503,0.06539000139059617,23.149772708279826,0.00032080814018276775,23.050273812296403,0.06481724539414609,nan,nan
2015 XS287,736876,MBO,MBO,21164728438175571,745306226431098943,25.759972,2.327653,2.1494305,150.4696916570801,2.6434096825499003,2025052500525,106,60820.97274321155,g,150.46969520325004,2.643409601532006,15.218823432922363,2093.66,138.532,False,2218.49,0.613793,1982.35,137.295,False,-86.3508,5.57453,23.09773465608115,0.07184032350690041,23.03485631616931,0.0003003922947896391,23.15704917552473,0.07519668680106018,nan,nan
2015 XS287,736876,MBO,MBO,21164728438175571,745306226853675053,25.759977,2.3276515,2.1494477,150.47015103049563,2.6433572457084846,2025052500528,144,60820.9743077991,g,150.47013527419986,2.6433482513882796,14.828277587890625,2032.65,134.269,False,1945.76,0.496207,2005.91,134.061,False,-59.4761,5.4315,23.12984347611743,0.07171953345503282,23.177276816723488,0.0002768840458097663,23.144221372874615,0.07256301823225983,nan,nan
2015 XS287,736876,MBO,MBO,21164728438175571,745306226967969840,25.75998,2.3276513,2.1494534,150.47030377005112,2.6433398093253406,2025052500529,106,60820.97482747467,g,150.47027911685794,2.643320465499007,13.342567443847656,1913.13,144.31,False,1956.62,7.73655,1849.45,144.457,False,-62.072,3.92665,23.19563879228039,0.08189855820463177,23.171233781599376,0.00429304223490948,23.232393542087983,0.08480477972738945,nan,nan
2015 XS287,736876,MBO,MBO,21164728438175571,745306227122110485,25.759981,2.3276508,2.1494591,150.47045739398592,2.6433222712992106,2025052500530,144,60820.97535075101,g,150.4704474239116,2.6433249997063486,15.640487670898438,1974.89,124.485,False,1921.88,2.75681,1950.74,124.083,False,-32.267,5.22398,23.161142715108156,0.06843817686528574,23.19068432892687,0.0015574168858680168,23.174501532217956,0.06906169267469668,nan,nan
2015 XS287,736876,MBO,MBO,21164728438175571,745306227256328239,25.759983,2.3276503,2.1494648,150.47061014031226,2.6433048327866606,2025052500531,144,60820.97587058709,g,150.47061964884287,2.643311921900191,16.38231658935547,2009.3,121.51,False,2027.38,1.88679,1961.41,120.327,False,-43.2204,5.59614,23.142388013007043,0.06565859023219887,23.132662102668018,0.0010104451307512503,23.16857901816746,0.06660687047104374,nan,nan
2015 XS287,736876,MBO,MBO,21164728438175571,745306227390546005,25.759985,2.3276498,2.1494706,150.47076553379182,2.643287091370395,2025052500532,144,60820.97639929077,g,150.47075315746525,2.6432921064123382,16.456214904785156,1928.36,116.437,False,1942.53,0.701176,1873.6,114.654,False,-51.7608,6.69956,23.187029722428747,0.06555822750430383,23.179080646945515,0.00039190753516986143,23.218307819827032,0.06644107585049439,nan,nan
2015 XS287,736876,MBO,MBO,21164728438175571,745306227524763720,25.759987,2.3276494,2.1494763,150.4709188744517,2.6432695836512106,2025052500533,144,60820.97692103904,g,150.47093135734664,2.6432654525706676,15.56476879119873,1827.69,116.041,False,1741.28,1.68477,1775.99,115.113,False,-42.4295,6.61312,23.245243695681634,0.06893396548268367,23.29782845216227,0.0010505006328392187,23.276398715760415,0.07037334179753538,nan,nan
2015 XS287,736876,MBO,MBO,21164728438175571,745306227789529095,25.75999,2.3276486,2.1494877,150.47122644789928,2.643234464349471,2025052500535,137,60820.97796848843,g,150.4712329037447,2.6432315454694693,16.79499053955078,1957.11,115.419,False,1794.15,0.147343,1918.57,112.951,False,-31.8731,7.17728,23.170961918112184,0.06403042576211586,23.2653531116314,8.916513212657856e-05,23.192555907200617,0.06391999749137212,nan,nan
2015 XS287,736876,MBO,MBO,21164728438175571,745306227923746831,25.759993,2.3276482,2.1494935,150.4713783304014,2.643217121147875,2025052500536,137,60820.9784858992,g,150.4713752293717,2.643233764849066,15.33471393585205,1928.82,123.784,False,2002.77,1.45574,1898.64,122.179,False,-32.4634,5.35276,23.18677077871659,0.06967823353203052,23.145922295990886,0.0007891817733094566,23.20389342606154,0.06986799164951739,nan,nan
2015 XS287,736876,MBO,MBO,21164728438175571,745306228057964585,25.759995,2.3276477,2.1494992,150.47153227291267,2.643199542063474,2025052500537,137,60820.979009012066,g,150.47152588738365,2.6432096791646185,17.814037322998047,2127.66,117.712,False,2080.9,0.878309,2136.44,116.38,False,-6.74584,6.50262,23.0802444725423,0.06006795410312378,23.1043720254504,0.00045826898815876327,23.075773278392962,0.05914417441780088,nan,nan
2015 XS287,736876,MBO,MBO,21164728438175571,745306228195852347,25.759996,2.3276472,2.149505,150.47168445646736,2.6431821631957764,2025052500538,144,60820.97952775342,g,150.47168478411453,2.643180813779421,17.025346755981445,2077.92,119.46,False,2026.32,1.43581,2156.84,118.899,False,56.4823,6.05143,23.105927982849316,0.062419174416186836,23.133229951317155,0.0007693310576793477,23.065455132748,0.05985281523068478,27.020219070783384,0.11632417428068498
2015 XS287,736876,MBO,MBO,21164728438175571,745306228327448596,25.759998,2.3276467,2.1495106,150.47183958155222,2.6431644477613183,2025052500539,139,60820.98005534505,g,150.47185850402667,2.643162686614427,15.900233268737793,2214.82,137.859,False,2058.35,1.53707,2384.93,137.013,False,177.476,7.7437,23.036653875061344,0.06758043353752377,23.116201889107604,0.0008107719814832065,22.95631093961925,0.06237498770051339,25.777150932911724,0.04737325371833328
2015 XS287,736876,MBO,MBO,21164728438175571,745306230859759633,25.760056,2.327633,2.149698,150.47684930828424,2.642592005109768,2025052500558,105,60820.99709920843,r,150.47684022637125,2.6426359532736727,9.408175468444824,3411.29,358.394,False,3947.81,5.271,3361.39,362.263,False,-59.1481,4.39612,22.567703384705368,0.11406868088933081,22.40910937689115,0.0014496430555011408,22.58370277537605,0.11701173259992402,nan,nan
2015 XS287,736876,MBO,MBO,21164728438175571,745306230993977349,25.760057,2.3276324,2.1497037,150.47700281436326,2.642574455378939,2025052500559,105,60820.99762132482,r,150.47699977721203,2.642508348927616,8.424717903137207,4266.33,499.139,False,4828.02,23.7812,4389.7,503.107,False,-78.8381,4.80903,22.32486386755008,0.12702563603849956,22.190577344389325,0.005347970839420218,22.29391284971793,0.12443708103777931,nan,nan
2015 XS287,736876,MBO,MBO,21164728438175571,745306231128195080,25.76006,2.327632,2.1497095,150.4771563251445,2.6425569046158155,2025052500560,105,60820.99814325482,r,150.4772176648998,2.642580577472788,8.664173126220703,3714.02,428.368,False,3726.47,2.59041,3698.47,435.819,False,-45.1386,4.49552,22.47538939907506,0.12522675068319347,22.47175593531985,0.0007547362350698158,22.47994475787826,0.12794060004131852,nan,nan
2015 XS287,736876,MBO,MBO,21164728438175571,745306231262937122,25.760061,2.3276315,2.1497152,150.47731013496426,2.6425393191721342,2025052500561,106,60820.998666450614,r,150.47730753407834,2.6425510103071472,14.803911209106445,3694.77,248.705,False,3665.96,0.922285,3682.15,248.975,False,-8.77297,4.80313,22.48103147257542,0.07308385186763829,22.489530706617032,0.0002731503476228735,22.48474633776338,0.07341395254831945,nan,nan
2015 XS287,736876,MBO,MBO,21164728438175571,745306231417077793,25.760063,2.327631,2.149721,150.47746453792251,2.642521665422844,2025052500562,144,60820.99919193251,r,150.4774819172552,2.642492979284152,16.25518798828125,4054.34,247.411,False,3959.95,7.58679,4161.53,248.531,False,152.456,5.25761,22.380199561098493,0.06625568389141567,22.40577575745089,0.0020801406014164126,22.351867481652008,0.06484132638650494,25.94213874279272,0.03744278740110629
2015 XS287,736876,MBO,MBO,21164728438175571,745306231530848295,25.760065,2.3276308,2.1497269,150.4776186518252,2.64250404423734,2025052500563,105,60820.99971589072,r,150.47758794086153,2.64251545618749,13.032787322998047,3635.77,275.814,False,3578.62,0.653241,3884.85,277.095,False,218.049,4.91217,22.498508989647853,0.08236528683995074,22.515711002534054,0.00019819018442867423,22.426564335990818,0.07744238964698305,25.553614771845375,0.024459276763748816
2015 XS287,736876,MBO,MBO,21164728438175571,745306231685513254,25.760065,2.3276303,2.1497326,150.47777277059868,2.6424864220137585,2025052500564,144,60821.000239021814,r,150.47775950115417,2.6424748012882704,14.513586044311523,3855.78,265.94,False,3808.96,8.97513,4133.48,266.501,False,367.599,5.07539,22.434719375970946,0.07488515598664837,22.447983981340084,0.0025583423746856422,22.359210403583933,0.07000149834003314,24.98656419968373,0.014990613524902881
2015 XS287,736876,MBO,MBO,21164728438175571,745306231816060990,25.760067,2.3276298,2.1497383,150.47792718861686,2.6424687650962237,2025052500565,137,60821.000764293705,r,150.47793928696169,2.642461233729414,12.253388404846191,2873.01,232.435,False,2763.12,1.91338,3226.35,234.26,False,283.783,5.34277,22.754157152233493,0.0878392665686605,22.796500588018326,0.0007518406296036085,22.628221270583264,0.07883352694652647,25.267534101361655,0.020441108683289508
2015 XS287,736876,MBO,MBO,21164728438175571,745306231953948683,25.760069,2.3276293,2.149744,150.47808161172725,2.642451107122576,2025052500566,144,60821.00128955838,r,150.47805014682856,2.6424652563863567,8.106612205505371,2927.45,360.787,False,3263.02,4.34826,2964.11,364.482,False,190.822,4.83898,22.733776302650682,0.13380911744212853,22.615950654217652,0.0014468385731400057,22.720264169277687,0.1335076239442606,25.6984288561653,0.02753275735275383
2015 XS287,736876,MBO,MBO,21164728438175571,745306232088166456,25.76007,2.3276289,2.1497498,150.47823486333772,2.642433582643429,2025052500567,144,60821.00181050827,r,150.47823941985504,2.642421525106096,13.877520561218262,3127.57,223.089,False,2895.71,0.475388,3124.99,223.929,False,15.4942,5.61504,22.661982379577196,0.07744536614464499,22.745612349861663,0.00017824504509370505,22.662878423554112,0.07780115273418896,28.42457712341083,0.3934667247680008
2015 XS287,736876,MBO,MBO,21164728438175571,745306232222384195,25.760073,2.3276286,2.1497555,150.4783890024569,2.642415956214716,2025052500568,144,60821.00233476552,r,150.47836308203082,2.642409737366981,14.625809669494629,3125.24,211.643,False,3097.44,3.23397,2984.44,213.468,False,-42.8406,5.7503,22.662791567853706,0.07352666487477748,22.672492764331906,0.0011335936454247026,22.71284289096603,0.07765944137789778,nan,nan
2015 XS287,736876,MBO,MBO,21164728438175571,745306232358174757,25.760075,2.3276281,2.1497614,150.47854255853133,2.6423983960031805,2025052500569,147,60821.002856651525,r,150.47855226591827,2.64240452632779,16.863208770751953,3630.48,215.345,False,3550.22,2.46284,3569.1,216.205,False,-67.5725,5.53638,22.500089884318278,0.06440136444680596,22.524361843346124,0.0007531912568052643,22.518603179529343,0.06577052806446179,nan,nan
2015 XS287,736876,MBO,MBO,21164728438175571,745306232492392485,25.760077,2.3276277,2.1497672,150.4786952371438,2.642380935688209,2025052500570,147,60821.003375144894,r,150.47868288496892,2.642378887908453,16.976806640625,3658.43,216.15,False,3487.68,1.81472,3553.26,215.538,False,-62.4414,5.817,22.49176314602313,0.0641482489529104,22.543658444024985,0.000564933503556201,22.523432529633798,0.06585991550332124,nan,nan
2015 XS287,736876,MBO,MBO,21164728438175571,745306232621367315,25.760078,2.3276272,2.149773,150.47884939180054,2.642363306125024,2025052500571,137,60821.00389933289,r,150.47885305764433,2.642358068936168,19.05631446838379,3709.64,194.355,False,3666.15,0.155708,3724.99,194.297,False,-23.6642,6.79122,22.476670616970978,0.05688375733159028,22.489474453706087,4.61131752773599e-05,22.472187224867618,0.05663244324094123,nan,nan
2015 XS287,736876,MBO,MBO,21164728438175571,745306232755585048,25.760078,2.3276267,2.1497786,150.47900325758712,2.642345709153206,2025052500572,137,60821.00442242049,r,150.479001264204,2.64235387839743,12.105944633483887,3463.82,284.01,False,3227.98,4.30854,3542.69,286.109,False,18.0652,6.79702,22.55111168983839,0.08902308550406386,22.62767291845524,0.0014491842427727462,22.526667139368,0.08768447549390695,28.257893016556373,0.40850753516611865
2015 XS287,736876,MBO,MBO,21164728438175571,745306232889278490,25.76008,2.3276265,2.1497843,150.47915742293716,2.64232807748054,2025052500573,136,60821.00494649089,r,150.47916127090255,2.6423282611638728,17.02704620361328,3715.19,216.446,False,3607.45,0.432085,3747.76,216.601,False,38.8383,6.64645,22.475047444397887,0.06325470873728008,22.50699921370513,0.00013004486339348597,22.46557056805425,0.0627498945559238,27.426849503487865,0.18580348954282397
2015 XS287,736876,MBO,MBO,21164728438175571,745306233024020522,25.760082,2.327626,2.14979,150.4793112991868,2.642310478436183,2025052500574,137,60821.00546957778,r,150.47932334069395,2.642300448624922,13.299307823181152,3430.34,258.668,False,3579.86,4.62374,3499.9,261.978,False,20.167,5.59242,22.561657053411636,0.08187095291471681,22.515334860598273,0.0014023347230893949,22.539860940896745,0.08127060885761536,28.13839676412122,0.3010806283127043
2015 XS287,736876,MBO,MBO,21164728438175571,745306233293504529,25.760086,2.327625,2.1498015,150.4796178910363,2.642275411811631,2025052500576,139,60821.00651108364,r,150.47966888839997,2.6422758062043403,7.713028430938721,2997.4,387.648,False,3213.0,6.27914,3088.1,392.607,False,-63.6591,5.1955,22.70813827794194,0.14041619174872735,22.632723186121204,0.0021218455113415887,22.675771577224168,0.1380355606456555,nan,nan
2015 XS287,736876,MBO,MBO,21164728438175571,745306233427722297,25.760088,2.3276246,2.1498075,150.4797717835074,2.642257809635085,2025052500577,139,60821.00703421028,r,150.4797786267565,2.642261505867867,13.527783393859863,3925.52,290.204,False,3938.81,4.47436,3855.29,292.731,False,-83.2235,5.02838,22.415257008664046,0.08026579889184152,22.411587404218295,0.0012333609798623835,22.434857359450135,0.08243961627168549,nan,nan
2015 XS287,736876,MBO,MBO,21164728438175571,745306233560367121,25.760088,2.3276243,2.1498132,150.47992568141726,2.642240206418254,2025052500578,136,60821.00755743646,r,150.47994395098436,2.642216659679789,10.921956062316895,3657.37,329.497,False,3742.79,6.89393,3563.83,331.312,False,-88.6318,5.27381,22.49207771966441,0.0978153210829652,22.46701133752662,0.001999842168735465,22.520207527785942,0.10093563338001536,nan,nan
2015 XS287,736876,MBO,MBO,21164728438175571,745306233696681993,25.76009,2.3276238,2.149819,150.48007899624244,2.642222669484891,2025052500579,140,60821.00807812068,r,150.4800870990912,2.642255390518858,14.367591857910156,3723.38,258.678,False,3515.74,9.07494,3689.38,261.255,False,-91.8565,4.98823,22.472656630114273,0.07543041231934439,22.53495812764038,0.0028025367762748755,22.48261656163807,0.07688392805440664,nan,nan
2015 XS287,736876,MBO,MBO,21164728438175571,745306236381036563,25.760138,2.3276103,2.1500013,150.48495247139374,2.6416650279192555,2025052500599,140,60821.02462903415,i,150.48498210691227,2.6416196472712326,5.693769931793213,4568.69,808.464,False,nan,nan,4783.13,817.11,False,-3.71229,7.48244,22.25052078690579,0.1921291737101802,nan,nan,22.20071956495217,0.1854781107980114,nan,nan
2015 XS287,736876,MBO,MBO,21164728438175571,745306237839081511,25.760155,2.3276052,2.1500676,150.48672014604824,2.6414626893304254,2025052500610,105,60821.030627249565,i,150.48672939119677,2.6414776228780665,5.689464092254639,5316.67,955.246,False,7418.96,127.632,5372.23,969.332,False,-7.79907,7.13865,22.0859007535582,0.1950742007952661,21.724142431844314,0.018678451983018846,22.074613509595693,0.1959035295060013,nan,nan
2015 XS287,736876,MBO,MBO,21164728438175571,745306238392729649,25.76016,2.3276036,2.1500907,150.4873377740377,2.641391984696695,2025052500614,137,60821.032722705946,i,150.48732116310526,2.641454986897185,7.0031023025512695,4999.59,711.47,False,5499.1,72.016,4928.04,726.887,False,-88.8465,6.60229,22.152664057111224,0.15450641551251518,22.049270937445552,0.014218758683096744,22.1683144307448,0.1601463365535574,nan,nan
2015 XS287,736876,MBO,MBO,21164728438175571,745319361538424915,25.737438,2.3252068,2.1821337,151.3841398349792,2.532953974964473,2025052800085,151,60823.970929467236,i,151.38415059944623,2.532954217297532,12.864349365234375,4367.56,335.178,False,4645.27,11.3762,6252.82,329.751,False,-64.1484,8.92223,22.299402785732916,0.08332224275429148,22.23247259083672,0.002658952409465329,21.90981021347142,0.057257784008997524,nan,nan
2015 XS287,736876,MBO,MBO,21164728438175571,745319361672642627,25.737434,2.3252063,2.1821394,151.38429803216852,2.5329330369399976,2025052800086,151,60823.971449116994,i,151.3842665096372,2.5329609013931345,12.244757652282715,4219.69,342.468,False,4430.21,15.6061,4179.22,342.718,False,-52.4046,8.42359,22.336798648474627,0.08811782327266413,22.283939226927778,0.0038246737793330493,22.347261860145416,0.08903606592728346,nan,nan
2015 XS287,736876,MBO,MBO,21164728438175571,745319361806860354,25.73743,2.3252058,2.182145,151.384457449577,2.532911936839701,2025052800087,151,60823.971973280684,i,151.38447986902844,2.532909130022418,12.33827018737793,4378.99,352.49,False,4554.62,3.36995,4398.0,354.006,False,-44.8068,8.122,22.296565058326934,0.08739712210546265,22.253869599904874,0.0008033330310690829,22.29186193743807,0.0873936207117212,nan,nan
2015 XS287,736876,MBO,MBO,21164728438175571,745319362092597254,25.737423,2.325205,2.1821568,151.38477720788575,2.532869612688164,2025052800089,184,60823.97302420653,i,151.3847773725053,2.5328877645340278,13.731616973876953,4201.63,309.603,False,4501.99,3.48751,4382.53,312.417,False,-44.9613,10.444,22.341455516981092,0.08000399657543844,22.26648862849293,0.000841075976912777,22.295687809029488,0.07739877559953945,nan,nan
2015 XS287,736876,MBO,MBO,21164728438175571,745319362224717839,25.73742,2.3252046,2.1821625,151.38493694009554,2.5328484692124547,2025052800090,180,60823.97354942407,i,151.38495311679654,2.532901935326443,13.08509349822998,4423.28,333.947,False,4559.69,4.86326,4291.34,332.572,False,-68.8145,8.03426,22.28563897346922,0.0819704735340135,22.252661720813997,0.0011580211149283574,22.31851772763881,0.08414282355358958,nan,nan
2015 XS287,736876,MBO,MBO,21164728438175571,745319362491056167,25.737411,2.3252037,2.182174,151.385255198583,2.5328063402247376,2025052800092,176,60823.97459561535,i,151.38525538786988,2.532814033464838,12.82945728302002,4524.6,352.008,False,4607.95,3.3106,4348.37,351.602,False,-41.3068,8.73487,22.26104949863646,0.08446886287059309,22.241230558997835,0.0007800514704135115,22.304183743679626,0.08779082728570545,nan,nan
2015 XS287,736876,MBO,MBO,21164728438175571,745319362627371088,25.737408,2.3252034,2.1821797,151.38541402907975,2.532785314458205,2025052800093,180,60823.975117617665,i,151.38540453622653,2.532820346757462,13.758662223815918,4564.37,329.647,False,4439.95,0.549548,4613.81,328.09,False,-33.0608,8.46408,22.25154786652032,0.07841381766743799,22.281554753780043,0.00013438531995933333,22.239850721222716,0.07720716347642247,nan,nan
2015 XS287,736876,MBO,MBO,21164728438175571,745319362759491598,25.737404,2.325203,2.1821854,151.38557225453434,2.5327643682507124,2025052800094,176,60823.97563737584,i,151.38557614199075,2.532768494693955,14.827041625976562,4577.36,310.081,False,4825.46,6.06492,4607.21,309.74,False,-31.1533,11.4431,22.248462357071553,0.07355029345986103,22.191153208921563,0.0013646166832667055,22.241404988795914,0.07299340041157122,nan,nan
2015 XS287,736876,MBO,MBO,21164728438175571,745319362893709343,25.7374,2.3252025,2.1821911,151.38573170097845,2.532743259870151,2025052800095,176,60823.97616159748,i,151.3857226460178,2.532766006555524,10.784685134887695,3960.71,361.396,False,4093.32,5.01945,3822.65,361.215,False,-58.8762,7.6103,22.405567398518627,0.09906827843580229,22.369810738260018,0.0013313883854022303,22.444088687624788,0.10259485154137875,nan,nan
2015 XS287,736876,MBO,MBO,21164728438175571,745319363027927092,25.737396,2.325202,2.1821969,151.385890542446,2.5327222310495383,2025052800096,176,60823.97668360425,i,151.38590211770918,2.5327453516970424,11.976556777954102,4480.73,364.564,False,4354.15,1.48073,4550.91,365.219,False,-63.5226,8.33213,22.271628067312783,0.08833835791052512,22.302741558448574,0.00036922987682060185,22.254754345550655,0.08713234737434808,nan,nan
2015 XS287,736876,MBO,MBO,21164728438175571,745319363162144810,25.737392,2.3252017,2.1822026,151.38604969206276,2.5327011609077563,2025052800097,176,60823.97720658222,i,151.3860448388494,2.5326986699720364,12.345600128173828,4042.53,324.308,False,3824.32,3.87136,4102.75,323.739,False,-43.7734,9.35017,22.383366863303756,0.08710212407823847,22.44361441879755,0.0010990910037656093,22.367312364619252,0.0856730651480694,nan,nan
2015 XS287,736876,MBO,MBO,21164728438175571,745319363294265379,25.737387,2.3252013,2.1822083,151.38621036699976,2.532679888296825,2025052800098,172,60823.97773406464,i,151.38620113936355,2.532693630622928,11.282747268676758,3905.04,342.656,False,3668.15,10.0769,3857.38,343.142,False,-46.2721,8.58137,22.42093627216532,0.0952702219741268,22.488882311982636,0.0029826629066646566,22.434268972004496,0.09658413281451683,nan,nan
2015 XS287,736876,MBO,MBO,21164728438175571,745319363427958812,25.737383,2.3252008,2.182214,151.38636952432316,2.5326588160918075,2025052800099,171,60823.9782570753,i,151.38637443810345,2.5326748028347614,13.24626636505127,4865.97,367.012,False,4582.96,3.27756,4829.57,366.28,False,-4.19197,7.97745,22.18207638440726,0.08189080311428365,22.24713484238872,0.0007764775561812908,22.190228876686476,0.08234345298398846,nan,nan
2015 XS287,736876,MBO,MBO,21164728438175571,745319363562176548,25.73738,2.3252003,2.1822197,151.38652838127197,2.5326377831460243,2025052800100,171,60823.978779000485,i,151.38653663992673,2.532625701866566,12.63852596282959,4524.85,352.512,False,4499.9,2.50278,4572.95,351.249,False,62.366,8.77264,22.260989509566322,0.08458513002518947,22.26699286686345,0.0006038709470818045,22.2495088214,0.08339556133563573,26.912630254399197,0.15272380679703404
2015 XS287,736876,MBO,MBO,21164728438175571,745319363696394267,25.737375,2.3252,2.1822255,151.3866863290421,2.532616870076549,2025052800101,171,60823.979298783684,i,151.38666285322154,2.5326271709479307,14.813467025756836,4919.55,328.586,False,4621.75,0.637086,5008.33,327.768,False,68.3401,9.35082,22.170186595869083,0.07251836634447546,22.237983875266952,0.0001496635057608949,22.150767640795813,0.07105553840133129,26.813310925081524,0.14855879494853505
2015 XS287,736876,MBO,MBO,21164728438175571,745319363830612020,25.737371,2.3251996,2.1822312,151.38684549808133,2.532595794804895,2025052800102,171,60823.97982178057,i,151.3868733773404,2.5325749239161746,13.137187004089355,4187.6,323.533,False,4380.35,18.2491,4345.02,320.531,False,82.9856,10.6398,22.34508699684882,0.0838837214500269,22.29622794325802,0.004523316137053418,22.305020545534305,0.08009447971349229,26.602493110492283,0.13920506311151506
2015 XS287,736876,MBO,MBO,21164728438175571,745319364096426009,25.737364,2.3251987,2.1822426,151.38716232627385,2.5325538427085177,2025052800104,166,60823.980862001554,i,151.38713692447078,2.532568462144862,12.576252937316895,4404.85,352.851,False,4693.68,7.83396,4353.44,351.368,False,-75.3331,8.05513,22.290172166409313,0.08697302096678812,22.221216265659862,0.0018121418037059932,22.3029186063595,0.08763023640763107,nan,nan
2015 XS287,736876,MBO,MBO,21164728438175571,745319364213866571,25.73736,2.3251982,2.1822484,151.38732211605998,2.5325326837665947,2025052800105,134,60823.98138725439,i,151.3872983262506,2.532518934795748,12.309040069580078,4136.52,333.829,False,3818.49,4.36644,4031.07,333.32,False,-169.765,8.88021,22.35841217368727,0.0876220206006012,22.44527085879178,0.0012415383593711049,22.386449132105984,0.08977705512061208,nan,nan
2015 XS287,736876,MBO,MBO,21164728438175571,745319364363812938,25.737356,2.325198,2.182254,151.38748190996023,2.532511523793717,2025052800106,164,60823.98191238269,i,151.38746321140258,2.5325011983189407,12.629770278930664,4365.29,341.657,False,4545.03,8.72415,4235.08,343.174,False,-172.082,8.06086,22.299967238899644,0.08497703136297145,22.25615816587587,0.0020840622915774395,22.332845933723377,0.08797860764180702,nan,nan
2015 XS287,736876,MBO,MBO,21164728438175571,745319364497506326,25.737352,2.3251975,2.1822598,151.38764170800795,2.5324903627904565,2025052800107,163,60823.98243712131,i,151.38763221710005,2.532492470875636,13.612300872802734,5033.72,371.74,False,5174.88,15.2737,5006.48,374.206,False,-131.97,7.543,22.145277317880087,0.08018156530903313,22.115249316048207,0.0032045591754874137,22.151168790297163,0.0811526255834144,nan,nan
2015 XS287,736876,MBO,MBO,21164728438175571,745319364615995432,25.737349,2.325197,2.1822655,151.38780120591585,2.532469241057716,2025052800108,133,60823.98296152153,i,151.3877913720123,2.532458808108883,10.366005897521973,3850.53,366.737,False,3985.28,3.06238,3711.69,366.684,False,-104.635,7.32597,22.436198713270763,0.10340904627796058,22.39885289275524,0.0008343044644814415,22.47607077507185,0.1072616760700849,nan,nan
2015 XS287,736876,MBO,MBO,21164728438175571,745319364765941786,25.737343,2.3251965,2.1822715,151.38796162100746,2.532447997392101,2025052800109,163,60823.983488194426,i,151.3879514471422,2.532443076993763,13.950984001159668,5078.28,357.63,False,5147.46,16.7216,5001.05,358.168,False,-87.3108,7.72457,22.13570843894218,0.07646129410673048,22.12101755704512,0.003527030069589352,22.15234705089675,0.07775886651360642,nan,nan
2015 XS287,736876,MBO,MBO,21164728438175571,745319365034377224,25.737335,2.3251958,2.182283,151.38827911584266,2.5324059503779157,2025052800111,163,60823.984531787224,i,151.38829855196548,2.5323964917363124,13.499177932739258,4434.84,325.412,False,4369.31,2.99604,4389.69,325.318,False,-113.736,9.18424,22.282805148279355,0.0796672683855568,22.29896783858176,0.0007444903589292922,22.29391538589347,0.08046343317002672,nan,nan
2015 XS287,736876,MBO,MBO,21164728438175571,745319365152342041,25.737331,2.3251953,2.1822886,151.38843832622803,2.532384864877563,2025052800112,132,60823.98505448804,i,151.38841746185562,2.5323829975092553,13.050470352172852,4508.73,348.417,False,4316.12,8.85698,4559.65,350.599,False,-131.577,9.1027,22.264864432527453,0.08390144107311795,22.312266193623294,0.0022280066219837005,22.252671254806696,0.08348404696510589,nan,nan
2015 XS287,736876,MBO,MBO,21164728438175571,745319365286559791,25.737328,2.3251948,2.1822944,151.38859723642372,2.532363818686395,2025052800113,132,60823.98557674613,i,151.38859766089874,2.532392840596751,10.895758628845215,3903.96,355.667,False,3781.88,8.84387,3769.01,356.074,False,-117.281,7.84476,22.421236612780444,0.0989150847137947,22.45573067250596,0.002538978054207574,22.459431772865635,0.10257400164442798,nan,nan
2015 XS287,736876,MBO,MBO,21164728438175571,745319365419204652,25.737324,2.3251944,2.1823,151.38875645545963,2.53234273114942,2025052800114,129,60823.98609996366,i,151.38874571826761,2.532345007683423,13.202316284179688,4482.29,333.252,False,4399.34,2.92991,4399.7,334.184,False,-87.2148,9.33621,22.27125011164378,0.08072297283955507,22.291531219992756,0.0007230878760096412,22.291442290578566,0.08246826861058405,nan,nan
2015 XS287,736876,MBO,MBO,21164728438175571,745319365580161048,25.737318,2.325194,2.1823084,151.38898783324066,2.53231208587026,2025052800115,180,60823.9868594163,i,151.38898800408765,2.532310228897018,13.06903076171875,4455.02,340.227,False,4129.44,4.22014,4428.77,336.88,False,-85.8276,10.4718,22.277875850082122,0.08291696984160223,22.36027211471506,0.0011095835829534222,22.28429217874271,0.0825879005564344,nan,nan
2015 XS287,736876,MBO,MBO,21164728438175571,745319365714378755,25.737314,2.3251934,2.1823142,151.38914645415218,2.532291076488595,2025052800116,180,60823.98738087852,i,151.38910964235976,2.532283983831564,13.364998817443848,4772.94,352.775,False,4790.58,8.22949,4694.41,350.421,False,-101.425,8.24786,22.203035075974164,0.08024835587893275,22.19902973970174,0.001865130192618047,22.221047420623808,0.08104633874674198,nan,nan
2015 XS287,736876,MBO,MBO,21164728438175571,745319365848596490,25.73731,2.325193,2.1823199,151.38930781964663,2.5322697031516435,2025052800117,180,60823.98791093669,i,151.38931986808922,2.5322636262966305,12.520273208618164,4656.36,374.536,False,4965.53,6.04208,4567.54,374.684,False,-152.581,7.28976,22.22988365734415,0.08733158922169641,22.160086021750573,0.0013211289048770686,22.250794092331724,0.08906500442835157,nan,nan
2015 XS287,736876,MBO,MBO,21164728438175571,745319365982814258,25.737211,2.325183,2.1824584,151.39314853721072,2.5317608723210365,2025052800118,180,60824.00052049079,z,151.39315672701093,2.5317532239117884,7.490139007568359,4667.08,628.404,False,4535.55,31.9923,4553.59,621.985,False,-142.579,20.1251,22.22738686848057,0.1461901132145295,22.25842514931076,0.00765843170414137,22.254115225594546,0.14830312799011547,nan,nan
2015 XS287,736876,MBO,MBO,21164728438175571,745319366113361944,25.737207,2.3251824,2.1824644,151.39331246456535,2.531739150265667,2025052800119,173,60824.001058014765,z,151.3932939417462,2.5316217164039685,7.218670845031738,5020.73,681.39,False,6365.27,26.35,4934.98,677.84,False,-253.076,19.2412,22.14808283689761,0.14735104483659364,21.890457921304254,0.00449456964461329,22.16678651193854,0.14913038373081713,nan,nan
2015 XS287,736876,MBO,MBO,21164728438175571,745319366249152531,25.737204,2.325182,2.18247,151.39347213164675,2.5317179924350737,2025052800120,176,60824.00158213176,z,151.3934950176804,2.531775324422077,6.538313865661621,4432.36,674.448,False,5015.01,53.951,4324.08,670.085,False,-155.552,17.3685,22.283412466201852,0.1652105497508127,22.149320542375147,0.011680247288121474,22.31026567973982,0.16825210344793898,nan,nan
2015 XS287,736876,MBO,MBO,21164728438175571,745319366382845975,25.737198,2.3251815,2.1824758,151.39363149913632,2.531696874009012,2025052800121,175,60824.00210505076,z,151.39358486309348,2.5317405169224783,8.358099937438965,5356.39,655.043,False,6047.86,80.5748,5131.0,645.028,False,-154.87,19.3721,22.077819495853973,0.13277672368127305,21.945995701384838,0.014465112947617513,22.124494963361535,0.1364900154194524,nan,nan
2015 XS287,736876,MBO,MBO,21164728438175571,745319366516015150,25.737194,2.325181,2.1824815,151.39378995798907,2.531675875702343,2025052800122,173,60824.002625896646,z,151.39374733862294,2.5317503561129553,7.196495056152344,4674.49,660.88,False,5129.39,129.676,4628.56,652.229,False,-135.908,20.4487,22.225664357951416,0.15350151831003606,22.124835669093038,0.027448472190450664,22.23638524160803,0.15299545309335294,nan,nan
2015 XS287,736876,MBO,MBO,21164728438175571,745319366651281434,25.73719,2.3251808,2.1824872,151.39394933633656,2.531654755263583,2025052800123,175,60824.003148237476,z,151.39402050877044,2.531648688013677,6.350811958312988,4210.06,652.167,False,4681.51,67.7393,3781.16,648.241,False,-86.4737,19.1757,22.33927927173517,0.16818793677796018,22.224035165850392,0.015710105943080647,22.455937387869703,0.18613831990359356,nan,nan
2015 XS287,736876,MBO,MBO,21164728438175571,745319366785499162,25.737186,2.3251803,2.182493,151.39410932961783,2.5316335530530187,2025052800124,175,60824.0036734024,z,151.39415041608683,2.531592742549216,5.751635551452637,3937.85,691.174,False,4168.64,39.0213,3461.75,688.944,False,-110.676,17.4054,22.411852050484477,0.19056912507346793,22.350013985728822,0.010163227852633143,22.55176074781018,0.2160789805681859,nan,nan
2015 XS287,736876,MBO,MBO,21164728438175571,745319366919716904,25.737183,2.3251798,2.182499,151.3942693283921,2.53161234983692,2025052800125,175,60824.00419898181,z,151.3942454336507,2.5315911226388783,5.706923961639404,4438.62,779.169,False,5271.22,66.877,4106.77,779.606,False,-89.3943,15.7732,22.28188005705195,0.1905934676728116,22.09522209990383,0.013774946978749272,22.36624904274723,0.20611002691566147,nan,nan
2015 XS287,736876,MBO,MBO,21164728438175571,745319367186055192,25.737173,2.325179,2.1825104,151.39458812339328,2.5315701019588746,2025052800127,171,60824.00524403843,z,151.39462792587062,2.531365428332643,6.090573310852051,4823.68,784.455,False,nan,nan,4438.46,784.786,False,-81.0361,16.1578,22.191553737295152,0.1765687570529396,nan,nan,22.281919233771667,0.19197437677696638,nan,nan
2015 XS287,736876,MBO,MBO,21164728438175571,745319367585038359,25.737162,2.3251777,2.1825275,151.39506452863858,2.5315069650602657,2025052800130,164,60824.00680797392,z,151.39507215607358,2.531531161899809,6.3439788818359375,4846.51,751.376,False,4968.1,102.369,4766.2,748.978,False,-24.1102,16.6192,22.18642726957668,0.16832651549071992,22.1595241563632,0.022371878774301527,22.20456929970033,0.17061653466742724,nan,nan
2015 XS287,736876,MBO,MBO,21164728438175571,745319367852949543,25.737152,2.3251767,2.1825404,151.39542300861189,2.531459455068138,2025052800132,163,60824.00798357035,z,151.39542007485747,2.531505453220188,6.174771308898926,4153.98,674.851,False,nan,nan,4057.01,665.676,False,-77.4584,19.529,22.35383900204497,0.17638750819122911,nan,nan,22.379484801924413,0.1781480843444719,nan,nan
2015 XS287,736876,MBO,MBO,21164728438175571,745319368105656357,25.737143,2.325176,2.182552,151.39574340944674,2.531416990760839,2025052800134,133,60824.00903431997,z,151.39569146198022,2.5314147242570932,6.28943395614624,3929.92,620.503,False,4356.37,260.554,4000.04,614.52,False,-10.5926,20.5799,22.414040747370674,0.17142908140144902,22.302188074228347,0.06493775502204584,22.394839153769546,0.1667999888096435,nan,nan
2015 XS287,736876,MBO,MBO,21164728438175571,745319368374091829,25.737135,2.325175,2.1825635,151.39606169928433,2.531374805329221,2025052800136,133,60824.0100783978,z,151.39608257006105,2.5312689814129365,5.117976188659668,3116.94,641.783,False,3408.16,172.521,3136.19,627.649,False,139.944,19.1601,22.665678914557454,0.22355485621575447,22.568700090428408,0.05495994799844619,22.65899410603518,0.21728952697321857,26.03511429027424,0.14865099781133526
2015 XS287,736876,MBO,MBO,21164728438175571,745319368508309506,25.73713,2.3251746,2.1825693,151.39622146262738,2.5313536303208446,2025052800137,133,60824.010602922135,z,151.39625639593507,2.531338425532047,7.972111225128174,4917.17,646.983,False,5214.41,95.5226,4899.98,638.484,False,126.524,20.433,22.170711959009406,0.14285714076292047,22.106987027477015,0.01988956376711289,22.174514235841833,0.14147510954423867,26.144567698473054,0.17534102716429853
2015 XS287,736876,MBO,MBO,21164728438175571,745319368642003006,25.737125,2.3251743,2.182575,151.39638184167575,2.531332373492775,2025052800138,132,60824.01112860269,z,151.3964171433984,2.5313289641228165,5.815727710723877,3803.16,639.798,False,4611.99,38.3327,3828.35,630.127,False,106.311,19.6329,22.449638533377033,0.18265122681069482,22.240279052425098,0.009024129892330118,22.44247088352858,0.1787066740026373,26.333554522289546,0.2005074845735969
2015 XS287,736876,MBO,MBO,21164728438175571,745319368774647869,25.737122,2.3251739,2.1825807,151.3965413119851,2.531311236902306,2025052800139,129,60824.01165192337,z,151.39657881662234,2.5313286255515424,8.183263778686523,5125.33,625.165,False,5026.89,50.5086,4963.44,617.682,False,108.028,22.0367,22.12569540056238,0.13243327556367254,22.146751515564283,0.010909133154777217,22.160543072002042,0.13511591270699025,26.316159161828068,0.2214800078223543
2015 XS287,736876,MBO,MBO,21164728438175571,745319368910438432,25.737116,2.3251731,2.1825888,151.39676421450426,2.531281692511137,2025052800140,132,60824.01238206441,z,151.39678683693407,2.531363839776111,6.794605255126953,4063.09,593.321,False,4220.06,13.5992,3820.23,586.019,False,-30.1488,23.1245,22.37785887069145,0.1585468348753645,22.336703420622918,0.003498799510144735,22.444776228687964,0.16655071255231924,nan,nan
2015 XS287,736876,MBO,MBO,21164728438175571,745319369175203845,25.737106,2.3251724,2.1826005,151.39708440945938,2.5312392519255438,2025052800142,125,60824.013432854816,z,151.39711766427112,2.5312179947510236,8.652848243713379,5559.72,629.024,False,5428.45,41.507,5148.44,622.814,False,-204.388,19.7882,22.037367657828494,0.1228396555503767,22.06331035590566,0.008301752985903067,22.12081087277503,0.13134303680799933,nan,nan
2015 XS287,736876,MBO,MBO,21164728438175571,745319369311518723,25.737103,2.325172,2.1826062,151.3972445160272,2.53121803014408,2025052800143,129,60824.013957535906,z,151.39726150856671,2.531254243675621,5.881951332092285,3699.97,625.395,False,3856.6,18.297,3528.94,613.822,False,-245.574,23.5105,22.479504501731736,0.18351879078939087,22.434488480217148,0.005151095731035094,22.53088933195344,0.1888524041408975,nan,nan
2015 XS287,736876,MBO,MBO,21164728438175571,745319369472475202,25.737097,2.3251712,2.1826146,151.39747355522513,2.5311876711740235,2025052800144,180,60824.014708630355,z,151.397513358802,2.531124751762684,6.862959861755371,4390.97,647.276,False,5732.07,39.2759,3937.47,638.079,False,-307.104,22.3226,22.293598772060754,0.1600491359188871,22.004221319898086,0.007439418894125802,22.411956863391673,0.1759468528482708,nan,nan
2015 XS287,736876,MBO,MBO,21164728438175571,745319369606692917,25.737093,2.325171,2.1826203,151.3976336766744,2.5311664469839488,2025052800145,180,60824.01523337104,z,151.39769302540097,2.5311706446702527,7.477524280548096,4623.23,623.604,False,4604.6,62.2967,4367.47,611.909,False,-184.99,23.4049,22.237636255608635,0.14644944061478365,22.242020204071025,0.014689176188067343,22.29942512031198,0.15211821006776993,nan,nan
2015 XS287,736876,MBO,MBO,21164728438175571,745319369737240604,25.737087,2.3251705,2.182626,151.3977941092403,2.531145181383712,2025052800146,173,60824.01575903534,z,151.3978170082269,2.5311600823456173,6.010012626647949,3665.77,605.884,False,3343.94,77.8759,3480.08,602.673,False,-83.2034,24.0885,22.489586962442644,0.1794521099142899,22.58935382819476,0.025285347787719428,22.546026906593546,0.18802552022163063,nan,nan
2015 XS287,736876,MBO,MBO,21164728438175571,745319369875128405,25.737083,2.32517,2.1826317,151.3979539381276,2.531123995635958,2025052800147,180,60824.01628337175,z,151.39795939882035,2.531128022488702,8.839529991149902,4865.63,554.36,False,5269.18,39.1684,5002.6,546.883,False,42.3787,24.1211,22.182152324808513,0.123702114846735,22.095642376973935,0.00807080956397775,22.15201053187938,0.11869241124702806,27.332130917797848,0.6179790988622808
2015 XS287,736876,MBO,MBO,21164728438175571,745319370007248944,25.73708,2.3251696,2.1826375,151.39811346811834,2.531102849347405,2025052800148,176,60824.01680674485,z,151.39814226729095,2.5310924251123548,9.35820484161377,5314.31,568.695,False,5625.29,20.2154,5432.49,561.692,False,341.886,23.9188,22.086382776673574,0.11618681486576295,22.02463770121171,0.0039017708023427536,22.062502614272326,0.11225963269827818,25.06529675067813,0.0759595553992651
2015 XS287,736876,MBO,MBO,21164728438175571,745319370139893806,25.737074,2.3251693,2.1826434,151.39827544457611,2.5310813786115074,2025052800149,173,60824.017337786245,z,151.39827127418533,2.5310539960559035,8.056844711303711,4742.56,576.527,False,4515.48,22.9378,5319.59,571.029,False,518.189,23.7259,22.209967901519597,0.13198698694382874,22.263240197102828,0.005515338221434523,22.085304629536363,0.1165478671222736,24.613779471672963,0.04971172301947923
2015 XS287,736876,MBO,MBO,21164728438175571,745319370275160090,25.73707,2.3251688,2.1826491,151.39843620737238,2.5310600685984963,2025052800150,175,60824.01786417225,z,151.39841924868927,2.5310293423294543,7.067046642303467,3832.92,544.991,False,nan,nan,4215.81,538.163,False,467.149,27.2765,22.441175635043805,0.15437747259173729,nan,nan,22.33779741073811,0.13859805638243788,24.726361471854702,0.06339537318274654
2015 XS287,736876,MBO,MBO,21164728438175571,745319370408853535,25.737066,2.3251684,2.1826549,151.3985951461046,2.531039000229759,2025052800151,174,60824.01838595644,z,151.3986004945187,2.5310308625585507,9.158685684204102,5217.72,568.221,False,4837.29,19.7797,5450.5,562.795,False,170.531,24.9445,22.106298030992527,0.11823901926769037,22.188494679922485,0.0044395799101503135,22.0589091400512,0.11210841001775788,25.820491615734454,0.15881655415079587
2015 XS287,736876,MBO,MBO,21164728438175571,745319370543595524,25.737062,2.325168,2.1826606,151.39875348092627,2.531018011773913,2025052800152,175,60824.018904653494,z,151.39875292032548,2.5310015550589484,9.319805145263672,5036.35,530.394,False,4804.45,44.0956,5135.57,517.673,False,74.9915,24.6954,22.144710219744702,0.11434231890255638,22.19589076078141,0.009964967391358603,22.123528404127768,0.10944380252554504,26.712469886225875,0.35754305253144253
2015 XS287,736876,MBO,MBO,21164728438175571,745319370677288978,25.737057,2.3251674,2.1826665,151.3989133475449,2.5309968201307336,2025052800153,174,60824.019428302316,z,151.39893767759406,2.5309966446965366,6.983458995819092,4005.71,575.064,False,nan,nan,3959.91,564.227,False,60.5908,21.2517,22.393301249016808,0.15586945611123745,nan,nan,22.405786735387494,0.15470091089590104,26.943983261134413,0.38081258262145784
2015 XS287,736876,MBO,MBO,21164728438175571,745319370811506716,25.737053,2.3251672,2.1826723,151.39907230515584,2.530975748852696,2025052800154,174,60824.01994931261,z,151.3990515206929,2.5309649558080176,8.738615989685059,4707.5,533.004,False,5119.81,3.8264,4594.18,524.858,False,25.9333,25.5204,22.21802417827824,0.1229318684714372,22.126865376874274,0.000811448278644293,22.244479941325952,0.12403895360536303,27.865355539107053,1.0684494929786992
2015 XS287,736876,MBO,MBO,21164728438175571,745319370945724453,25.73705,2.3251667,2.182678,151.39923126911373,2.5309546766073563,2025052800155,174,60824.02047032899,z,151.39921696521782,2.5309588219918115,7.480963230133057,4136.34,539.422,False,4499.07,11.8323,4292.98,529.568,False,256.511,29.8877,22.358459466491013,0.14159136192523394,22.26719316665399,0.002855425054424012,22.318102841922894,0.1339328731266404,25.377235073461282,0.12650591494668484
2015 XS287,736876,MBO,MBO,21164728438175571,745319371079942184,25.737043,2.3251662,2.1826837,151.39939115477907,2.530933482057885,2025052800156,174,60824.02099459154,z,151.39931583660135,2.530891600680887,7.551415920257568,4146.92,556.045,False,4376.76,14.5954,4350.57,545.546,False,295.238,25.5807,22.35568587724198,0.14558230706000833,22.297118226411413,0.0036206588654138535,22.303634641919945,0.13614746797758112,25.224569339085406,0.09407288840460377
2015 XS287,736876,MBO,MBO,21164728438175571,745319371208917014,25.73704,2.3251657,2.1826894,151.39955165735847,2.5309122056112523,2025052800157,164,60824.021520801994,z,151.39953191118116,2.5309019925091607,8.748046875,4923.9,557.394,False,5155.57,60.2926,5128.87,550.221,False,187.746,23.8958,22.169226960991537,0.12290721552067654,22.119308317300653,0.012697307872057948,22.124945747024142,0.11647689562828561,25.716073254879422,0.138189546002179
2015 XS287,736876,MBO,MBO,21164728438175571,745319371343134731,25.737036,2.3251655,2.1826952,151.39971125080777,2.530891049566787,2025052800158,164,60824.022043167475,z,151.39973344081514,2.5309087735951685,7.243305206298828,4044.64,549.053,False,3984.21,6.23282,4209.9,543.267,False,36.1086,25.6755,22.38280034744576,0.14738684108777844,22.399144457702995,0.0016985044550946985,22.339320575361285,0.1401089564387238,27.50597335566569,0.7720271734065404
2015 XS287,736876,MBO,MBO,21164728438175571,745319371616288816,25.73696,2.325158,2.1827939,151.4024415469794,2.5305291028785666,2025052800160,173,60824.030987239064,r,151.40243593098452,2.530524190515344,12.241789817810059,3347.21,272.15,False,3275.64,4.62502,3791.48,269.621,False,-10.4653,5.38801,22.5882926118329,0.08827743253230429,22.611759621111776,0.0015329986982383086,22.45297808201361,0.07720923891375805,nan,nan
2015 XS287,736876,MBO,MBO,21164728438175571,745319371750506525,25.736956,2.3251576,2.1827996,151.4026009576238,2.530507969833516,2025052800161,173,60824.03150921826,r,151.40259763063426,2.530487031439249,14.971598625183105,4086.85,270.51,False,3889.85,0.171326,3758.59,270.765,False,-11.8734,6.56196,22.371528228913235,0.07186525180369312,22.42516783666973,4.7820567005418514e-05,22.462437589728765,0.07821533407774704,nan,nan
2015 XS287,736876,MBO,MBO,21164728438175571,745319371884724267,25.73695,2.3251574,2.1828053,151.4027612914236,2.530486714381728,2025052800162,173,60824.032034955926,r,151.40277804452546,2.5304889976229674,13.570178985595703,3581.9,258.578,False,3390.21,7.89991,2948.89,258.678,False,-15.3952,5.98843,22.514716387135373,0.07837949333846918,22.574433511090447,0.002529996186372176,22.725853607734166,0.09524129079521348,nan,nan
2015 XS287,736876,MBO,MBO,21164728438175571,745319372018942005,25.736946,2.325157,2.1828113,151.40292193768713,2.530465417487311,2025052800163,173,60824.03256016,r,151.40291317473174,2.5304835365455807,13.101192474365234,3416.53,255.852,False,3291.28,3.6296,3518.31,259.03,False,-46.8298,6.28519,22.566036894326295,0.08130699350268213,22.60658791352522,0.0011973421118524818,22.534164725156383,0.07993560633071269,nan,nan
2015 XS287,736876,MBO,MBO,21164728438175571,745319372154208287,25.736942,2.3251565,2.182817,151.40308198025312,2.530444200610482,2025052800164,175,60824.033084296345,r,151.40308168053176,2.530468275973525,14.668042182922363,3846.43,261.147,False,3808.26,2.3153,3805.93,263.225,False,-66.1711,6.42632,22.4373554361619,0.07371426521449043,22.448183519316913,0.0006600928022710273,22.44884802868131,0.07509148204446044,nan,nan
2015 XS287,736876,MBO,MBO,21164728438175571,745319372286853153,25.736937,2.325156,2.1828227,151.40324264100093,2.5304229017710607,2025052800165,172,60824.03361075795,r,151.403249689411,2.530426307694763,13.811532020568848,3487.04,252.956,False,3736.23,12.0855,3486.33,254.012,False,-31.8433,6.77007,22.543857664794878,0.07876120647950913,22.468915997476334,0.003512006679034601,22.544078743063636,0.07910611201633364,nan,nan
2015 XS287,736876,MBO,MBO,21164728438175571,745319372422119446,25.736933,2.3251557,2.1828287,151.403403919757,2.530401520996454,2025052800166,174,60824.03413813954,r,151.40340625534324,2.530411238346203,15.838228225708008,4063.34,254.583,False,3718.07,1.3525,3902.94,256.469,False,-8.95185,7.00502,22.377792067914488,0.068025310742504,22.47420607513065,0.0003949517218662284,22.42152032901987,0.0713456206133798,nan,nan
2015 XS287,736876,MBO,MBO,21164728438175571,745319372556337194,25.736927,2.3251553,2.1828344,151.40356428946853,2.5303802607336,2025052800167,174,60824.03466371316,r,151.40356016476164,2.5303989393798396,13.921271324157715,3715.87,264.776,False,3617.85,7.2125,3830.74,266.081,False,0.0180372,5.91246,22.47484868635595,0.07736462291338528,22.503873579255334,0.0021645099351780637,22.44179331140134,0.07541461152227466,35.75957719944034,355.8962437569974
2015 XS287,736876,MBO,MBO,21164728438175571,745319372691079175,25.736923,2.3251548,2.18284,151.40372436101788,2.53035904000196,2025052800168,175,60824.03518783525,r,151.40376396389976,2.5303667576495896,15.706707954406738,3889.05,242.058,False,3779.63,0.579114,4032.46,243.751,False,14.4713,6.92523,22.425391169522698,0.06757720509990289,22.45637681503795,0.00016635625115462993,22.38607484027542,0.06562973864508455,28.498731123515192,0.5195782618535796
2015 XS287,736876,MBO,MBO,21164728438175571,745319372824772620,25.73692,2.3251543,2.1828458,151.40388352324342,2.5303379398281733,2025052800169,174,60824.03570848347,r,151.40390676493163,2.5303359100581546,12.142367362976074,3136.96,258.572,False,3192.94,4.03743,3146.84,259.4,False,22.5006,5.96566,22.658727561125318,0.08949459847270164,22.639523125951076,0.0013728988953326724,22.655313314873958,0.08949929358381806,28.019514712824154,0.28786489765151596
2015 XS287,736876,MBO,MBO,21164728438175571,745319373089538084,25.73691,2.3251536,2.1828575,151.40420461902997,2.5302953721276933,2025052800171,167,60824.03675923546,r,151.4041592212272,2.5302883272547283,11.219972610473633,3284.04,289.44,False,3264.24,12.8152,3397.7,291.968,False,63.4033,5.93269,22.608978891489667,0.09569173518530764,22.615544797434083,0.004262531704820287,22.572037440141802,0.09329847212454845,26.894720322465943,0.10159307724719298
2015 XS287,736876,MBO,MBO,21164728438175571,745319373223755816,25.736904,2.325153,2.1828632,151.40436471962795,2.530274147606712,2025052800172,167,60824.0372834039,r,151.40436380915924,2.530293101958517,12.118644714355469,3225.18,264.033,False,3220.33,1.65566,3366.58,266.388,False,76.681,6.12234,22.628615128045574,0.08888501789944062,22.63024902902019,0.0005582067667706807,22.582027627151536,0.08591124818998419,26.688280583719987,0.08668700769005865
2015 XS287,736876,MBO,MBO,21164728438175571,745319373356400647,25.7369,2.3251526,2.182869,151.40452391098663,2.530253043650051,2025052800173,164,60824.037804515276,r,151.40454725847528,2.5302512630833935,12.045273780822754,3781.03,303.691,False,3797.01,23.2402,3847.84,304.691,False,22.7026,5.2467,22.45597468354014,0.08720595222522949,22.451395644903833,0.00664542008772978,22.436957462680795,0.0859739627285631,28.009810983773807,0.25091979857033503
2015 XS287,736876,MBO,MBO,21164728438175571,745319373490094089,25.736897,2.3251522,2.182875,151.4046846375921,2.530231736197596,2025052800174,163,60824.03833093225,r,151.40464320154268,2.530205830518046,12.64003849029541,3747.88,294.162,False,3726.9,2.86973,3702.35,295.573,False,-2.07802,5.41084,22.465535841063936,0.08521679714042174,22.47163067859537,0.0008360218508370335,22.478806290881593,0.08667854110597183,nan,nan
2015 XS287,736876,MBO,MBO,21164728438175571,745319373608583220,25.73689,2.325152,2.1828806,151.4048456771916,2.530210387288105,2025052800175,133,60824.038857291715,r,151.4048376307431,2.5302074829756993,13.340032577514648,3742.59,279.613,False,3596.78,1.0259,3717.7,281.539,False,-36.2419,5.49832,22.467069342390197,0.08111654160584082,22.510215304524994,0.0003096816514278204,22.474314160676528,0.08222209725275943,nan,nan
2015 XS287,736876,MBO,MBO,21164728438175571,745319373742800943,25.736887,2.3251514,2.1828864,151.40500611297975,2.530189118466297,2025052800176,133,60824.03938280088,r,151.40498904320154,2.530195502220412,13.753911018371582,3952.62,282.557,False,4168.7,1.69468,4430.89,285.523,False,-48.9297,5.90487,22.40778730827176,0.07761493974486969,22.34999834338077,0.00044137868368620094,22.283772545259673,0.06996397111162904,nan,nan
2015 XS287,736876,MBO,MBO,21164728438175571,745319373892747311,25.736881,2.325151,2.1828923,151.4051668621023,2.5301678081515457,2025052800177,163,60824.039908189545,r,151.40519708072304,2.530191526907083,15.159347534179688,4183.74,275.76,False,3999.09,3.71603,3976.58,273.178,False,-55.5783,5.94326,22.346088220891957,0.07156338817764137,22.395097030905816,0.0010088865448506525,22.40122566886508,0.07458651628384702,nan,nan
2015 XS287,736876,MBO,MBO,21164728438175571,745319374010712131,25.736877,2.3251505,2.182898,151.4053276186434,2.5301464969034044,2025052800178,132,60824.04043414835,r,151.4053077255331,2.530136811582541,14.373211860656738,3705.38,265.276,False,3815.0,20.4059,3416.92,264.216,False,-43.9696,5.4189,22.477918151700255,0.07773015658925927,22.44626364427275,0.005807450429067335,22.565912997761156,0.08395540057900155,nan,nan
2015 XS287,736876,MBO,MBO,21164728438175571,745319374277574711,25.736868,2.3251498,2.1829097,151.4056512942057,2.5301035879010607,2025052800180,129,60824.04149341594,r,151.40564738501186,2.5301156380287515,14.45162582397461,3605.37,247.615,False,3635.82,1.33043,3263.38,248.538,False,-58.998,5.94181,22.507625363005374,0.07456781622049757,22.498494043859093,0.00039729580265327906,22.61583092003052,0.08268933083234825,nan,nan
2015 XS287,736876,MBO,MBO,21164728438175571,745319374413365326,25.736862,2.3251493,2.1829157,151.40581237944096,2.530082233257651,2025052800181,132,60824.04202079975,r,151.40584562654038,2.5300967296119383,12.384041786193848,3413.01,283.764,False,3481.4,5.30983,3274.25,278.916,False,-115.168,6.04676,22.567156095023,0.0902701298099576,22.545615217998762,0.0016559645656230775,22.61222040953424,0.09248810662500029,nan,nan
2015 XS287,736876,MBO,MBO,21164728438175571,745319374680227856,25.736855,2.3251483,2.1829271,151.4061333502245,2.530039683219761,2025052800183,129,60824.0430702788,r,151.40609935056344,2.5300616750733815,14.02673625946045,3700.29,261.085,False,3839.1,2.86287,3573.97,263.241,False,-132.789,5.94776,22.479410583462503,0.07660735368019005,22.439426410711285,0.0008096484867571377,22.517122752136594,0.07996997280441905,nan,nan
2015 XS287,736876,MBO,MBO,21164728438175571,745319374943420518,25.736845,2.3251476,2.1829388,151.40645496325425,2.52999704835199,2025052800185,119,60824.044122991545,r,151.4064569203272,2.5299843871298653,13.592520713806152,3733.99,273.259,False,3898.04,4.98008,3682.44,272.888,False,-59.2793,5.65001,22.46956712651355,0.07945580820187863,22.422884260753406,0.001387121025713796,22.484660818836243,0.08045871397458175,nan,nan
2015 XS287,736876,MBO,MBO,21164728438175571,745319375211331633,25.736835,2.3251467,2.1829505,151.40677599587292,2.529954490772815,2025052800187,118,60824.045172979844,r,151.4067476914425,2.5299156781529355,15.016136169433594,4410.66,293.087,False,4350.6,4.34736,4395.14,295.645,False,-76.5538,5.43682,22.288741008892917,0.07214683559096961,22.303627086851506,0.0010849276391282673,22.29256818279896,0.07303350026220191,nan,nan
2015 XS287,736876,MBO,MBO,21164728438175571,745319375480291332,25.736826,2.325146,2.1829622,151.40709950589692,2.529911605163917,2025052800189,119,60824.04623003084,r,151.40708949259306,2.529891025068484,14.11072063446045,3955.38,278.124,False,3961.03,0.458059,3903.61,276.637,False,-47.9661,5.11982,22.407029499071623,0.07634394103009279,22.40547966279229,0.00012555604237581998,22.42133391543036,0.07694282755023665,nan,nan
2015 XS287,736876,MBO,MBO,21164728438175571,745319375642820655,25.736818,2.3251452,2.1829705,151.4073343612747,2.529880472185721,2025052800190,173,60824.046998932594,r,151.40730706042598,2.529887117301262,10.913213729858398,3658.03,328.314,False,4235.53,14.3417,3811.17,331.969,False,-23.8056,5.17612,22.49188183414709,0.0974465459380342,22.33273064964969,0.003676352967294578,22.447354219195574,0.09457220832029788,nan,nan
2015 XS287,736876,MBO,MBO,21164728438175571,745319375777038385,25.736814,2.3251448,2.1829762,151.40749430495748,2.5298592698124107,2025052800191,173,60824.04752198832,r,151.407456830323,2.5298933842813844,13.385818481445312,4176.77,308.448,False,4203.26,5.49482,4188.42,311.357,False,-29.6515,5.42138,22.3478985927794,0.08017993741542928,22.34103442333793,0.0014193567548412105,22.344874458474607,0.08071100032442612,nan,nan
2015 XS287,736876,MBO,MBO,21164728438175571,745319375911256126,25.736809,2.3251443,2.1829822,151.40765486818935,2.5298379854261133,2025052800192,173,60824.0480465993,r,151.40767466108792,2.529867950498105,12.986017227172852,3541.56,268.311,False,3404.01,1.58316,3490.2,267.93,False,-43.6419,6.58769,22.52701347234244,0.08225611511637193,22.570022928769163,0.0005049615516472301,22.54287422973449,0.08334803090321592,nan,nan
2015 XS287,736876,MBO,MBO,21164728438175571,745319376180740137,25.7368,2.3251436,2.1829937,151.40797632432214,2.5297953733178598,2025052800194,175,60824.04909724841,r,151.40797953419565,2.5297874625617847,14.242627143859863,3775.78,267.892,False,3918.12,2.10251,3858.71,268.327,False,-1.26411,6.81839,22.45748328728904,0.0770331002475593,22.41730563510022,0.0005826189940373059,22.43389465962115,0.07549993056154032,nan,nan
2015 XS287,736876,MBO,MBO,21164728438175571,745323761178247210,25.722021,2.3243525,2.1936831,151.71445078007,2.489093160833814,2025052900097,118,60825.03098396293,r,151.71439573262367,2.489110928625714,14.21877670288086,4228.61,300.875,False,4390.84,14.3892,4060.18,303.411,False,-124.132,5.5795,22.334505953862475,0.07725254662134219,22.29363100883554,0.003558060913646948,22.378636799316183,0.0811353991279736,nan,nan
2015 XS287,736876,MBO,MBO,21164728438175571,745323761311940618,25.722015,2.324352,2.1936889,151.71461319321284,2.489070704771969,2025052900098,117,60825.03150921374,r,151.7145880951061,2.4890794863188312,16.792118072509766,4086.47,243.149,False,3790.85,1.16927,4158.26,241.997,False,-64.1314,9.26435,22.371629220332206,0.06460237725873354,22.45315847156901,0.00033489027034780324,22.35272095967726,0.06318626364341379,nan,nan
2015 XS287,736876,MBO,MBO,21164728438175571,745323761425711150,25.722008,2.3243515,2.1936946,151.71477437820388,2.489048418560336,2025052900099,78,60825.03203120518,r,151.71475801284814,2.489056285424534,14.399160385131836,3671.52,252.077,False,3588.33,3.64991,3661.74,252.747,False,-32.5888,10.8762,22.48788524847955,0.07454381818011387,22.512769036342092,0.0011043686939807612,22.49078124239564,0.07494157498390996,nan,nan
2015 XS287,736876,MBO,MBO,21164728438175571,745323761694146595,25.721996,2.3243508,2.1937063,151.7150980048844,2.4890036725181144,2025052900101,78,60825.033079287,r,151.71508938491985,2.4890194042104863,14.903085708618164,3616.6,241.961,False,3403.25,3.4225,3705.98,240.522,False,65.9292,9.53024,22.504248775775544,0.07263888988425767,22.570265367025012,0.0010918774838423382,22.47774232762337,0.07046542298205945,26.85230549799817,0.1569460390023981
2015 XS287,736876,MBO,MBO,21164728438175571,745323761828364293,25.721989,2.3243504,2.193712,151.71525982892678,2.488981298096104,2025052900102,78,60825.03360386954,r,151.7152402756163,2.4889644786471434,15.419842720031738,3911.39,253.328,False,3818.48,2.85439,3997.84,252.309,False,54.7371,9.43023,22.419172227087515,0.07031960300908342,22.445273704937563,0.0008116094569607874,22.395436453718617,0.06852225609155303,27.054295564567433,0.18705306870959515
2015 XS287,736876,MBO,MBO,21164728438175571,745323762228396081,25.72197,2.3243492,2.1937294,151.7157465802719,2.488913998333397,2025052900105,73,60825.03517963602,r,151.71570854689998,2.488904657304272,13.774147987365723,3814.18,274.238,False,3947.87,6.29433,3781.97,275.997,False,31.8993,7.47018,22.446497058065468,0.07806399745523769,22.40909285955808,0.0017310554535026788,22.455704809569397,0.07923382462015323,27.640547130430818,0.2542577741794625
2015 XS287,736876,MBO,MBO,21164728438175571,745323762362613789,25.721964,2.3243487,2.1937351,151.71590812459633,2.488891662849704,2025052900106,73,60825.03570259073,r,151.7158916197447,2.4888772144763514,15.040960311889648,4269.04,281.982,False,4274.86,3.6185,4478.4,284.212,False,98.3859,6.88595,22.324174429889663,0.07171590283930661,22.322695293919175,0.0009190328048997335,22.27219282087041,0.06890391011349549,26.417667816585066,0.07598980273091781
2015 XS287,736876,MBO,MBO,21164728438175571,745323762476384320,25.721956,2.3243482,2.1937408,151.71606874944055,2.488869454571867,2025052900107,34,60825.03622262055,r,151.71604148421054,2.4888924723393875,10.615443229675293,3359.13,311.816,False,3392.08,30.2719,3469.58,312.462,False,171.576,6.10977,22.58443300892945,0.10078500759762922,22.57383475934808,0.009689422788380253,22.549307711285614,0.09777878142853907,25.8138586275644,0.03866273920498034
2015 XS287,736876,MBO,MBO,21164728438175571,745323762764742666,25.721945,2.3243475,2.1937525,151.71639218348125,2.488824736254514,2025052900109,72,60825.03726984469,r,151.71639407387727,2.488836945248661,13.553937911987305,4007.23,297.954,False,4025.69,10.0439,3046.93,289.114,False,110.355,6.18138,22.39288933022823,0.08072894682791003,22.38789919378845,0.002708858735286365,22.690343832158874,0.10302224172824041,26.2930199292271,0.0608159814663361
2015 XS287,736876,MBO,MBO,21164728438175571,745323762876940309,25.721937,2.324347,2.1937582,151.71655406616463,2.4888023543261224,2025052900110,30,60825.037793897034,r,151.71654712356678,2.4888186241495682,12.78575325012207,3614.35,283.337,False,3567.68,1.9165,4059.31,281.931,False,61.4084,7.23611,22.50492445641877,0.08511329473691595,22.519035286354537,0.0005832399335874151,22.37886943773689,0.07540756662097246,26.929430518775085,0.12793863130350153
2015 XS287,736876,MBO,MBO,21164728438175571,745323763011158037,25.721931,2.3243465,2.193764,151.71671595614168,2.488779971485607,2025052900111,30,60825.03831789047,r,151.7167152417258,2.4887849205444756,11.825651168823242,3480.14,296.027,False,3313.46,6.64073,3614.24,297.283,False,19.0247,12.045,22.546008245482945,0.09235468979817914,22.59929568238114,0.0021759975880144846,22.504957532748428,0.08930533269321457,28.20170544779967,0.6874059804289031
2015 XS287,736876,MBO,MBO,21164728438175571,745323763216678914,25.721922,2.324346,2.1937726,151.7169584962757,2.4887464381785143,2025052900112,166,60825.03910224287,r,151.71693888058036,2.488737194030841,14.522601127624512,3990.24,270.906,False,3732.18,1.32721,4105.14,269.752,False,3.13171,7.90735,22.397502457963505,0.073712974499728,22.470093566765254,0.0003861013991484472,22.36668003207094,0.07134458710932305,30.16054613412191,2.741408401017386
2015 XS287,736876,MBO,MBO,21164728438175571,745323763350896670,25.721914,2.3243456,2.1937785,151.71712133201044,2.488723924840791,2025052900113,166,60825.03962907732,r,151.71711932795685,2.488743606147354,12.926023483276367,3533.95,267.467,False,3789.64,6.40012,3582.78,267.77,False,31.3188,7.41176,22.529349013476498,0.08217394725124916,22.4535051413704,0.0018336417070038598,22.51444963810772,0.08114580555951288,27.66048721737264,0.256945222065541
2015 XS287,736876,MBO,MBO,21164728438175571,745323763484590105,25.721909,2.324345,2.1937842,151.71728417536448,2.4887014105634564,2025052900114,165,60825.04015647087,r,151.71727873121057,2.4886438060604603,15.111495971679688,3797.96,250.379,False,3815.52,4.59732,3618.33,248.419,False,41.1239,15.1911,22.451124045045134,0.07157672688007528,22.446115658543945,0.0013082035554664387,22.503729544098498,0.0745419857553339,27.364764227865795,0.40106913115351345
2015 XS287,736876,MBO,MBO,21164728438175571,745323763617234990,25.7219,2.3243446,2.19379,151.7174460992184,2.4886790235312883,2025052900115,162,60825.04068076155,r,151.71743457852818,2.488712026450747,15.45568561553955,3916.34,249.518,False,4273.91,3.13938,3999.92,246.591,False,50.515,14.9414,22.41779900470982,0.06917446546792232,22.322936528929503,0.0007975222637327142,22.39487175782755,0.06693453504264707,27.141449119805387,0.321140624835434
2015 XS287,736876,MBO,MBO,21164728438175571,745323763753025550,25.721895,2.3243442,2.193796,151.71760772169102,2.4886566782886668,2025052900116,165,60825.041203718705,r,151.7175964272037,2.488672744226157,16.7320499420166,4233.66,248.931,False,4089.64,6.28104,4282.65,246.847,False,26.7812,12.0408,22.33321001635182,0.06383918145214813,22.37078732872949,0.0016675191260707054,22.320718567040778,0.06258058239170866,27.830424901460432,0.48814587835298656
2015 XS287,736876,MBO,MBO,21164728438175571,745323764433027146,25.721859,2.324342,2.1938276,151.71849786343327,2.4885336134210703,2025052900121,182,60825.04408396741,r,151.7185088368555,2.488539393898366,13.430817604064941,3809.66,273.454,False,4075.31,6.93735,3791.22,274.014,False,0.556282,20.5222,22.44778448002786,0.07793318192528743,22.37459835895804,0.0018482352828653671,22.45305254151169,0.07847261064428815,32.036762513010565,40.05467692133279
2015 XS287,736876,MBO,MBO,21164728438175571,745323765070037053,25.721823,2.3243396,2.19386,151.71940648225083,2.488407998774562,2025052900126,117,60825.047022808765,r,151.71941476985862,2.4884170807128507,16.733848571777344,4176.09,247.234,False,4464.12,2.32656,4260.44,247.373,False,109.18,22.6875,22.348075416402693,0.0642780466575672,22.275660320609727,0.0005658518096357448,22.326363881198642,0.06304086598244756,26.304642272040333,0.22561494849420996
