provid,permid,orbit_class,population,ssObjectId,diaSourceId,phaseAngle,helioRange,topoRange,ephRa,ephDec,visit,detector,midpointMjdTai,band,ra,dec,snr,psfFlux,psfFluxErr,psfFlux_flag,trailFlux,trailFluxErr,scienceFlux,scienceFluxErr,forced_PsfFlux_flag,templateFlux,templateFluxErr,psfMag,psfMagErr,trailMag,trailMagErr,scienceMag,scienceMagErr,templateMag,templateMagErr
2002 TP178,84397,MBO,MBO,21163615973816400,745262191864709123,18.265877,3.2030246,2.9220307,150.4207605703243,1.4340277166154118,2025051500122,84,60811.04208450287,i,150.42076147997506,1.4340317640950944,88.24398803710938,37811.7,432.804,False,35605.3,0.115589,37790.8,431.756,False,-51.1292,9.09863,19.955934513632485,0.012427660391730086,20.021213352773273,3.5247325461987e-06,19.956534763380695,0.012404424466249397,nan,nan
2002 TP178,84397,MBO,MBO,21163615973816400,745262191997878354,18.265896,3.2030246,2.9220374,150.42082466129713,1.4340293373253754,2025051500123,82,60811.04255635306,i,150.42082791784478,1.4340273571843882,107.0390853881836,38400.0,357.799,False,35741.3,0.027972,38412.9,356.981,False,-30.1203,10.604,19.93917193908117,0.010116545326030742,20.017074114198284,8.497232096022971e-07,19.938807304989894,0.010090027005452359,nan,nan
2002 TP178,84397,MBO,MBO,21163615973816400,745262192132096086,18.265913,3.2030249,2.922044,150.42088916339415,1.4340309677937175,2025051500124,82,60811.0430310299,i,150.42089015102795,1.4340322012125093,116.09431457519531,39205.1,336.497,False,37007.0,0.133696,39151.1,335.471,False,-14.5375,11.7299,19.91664354186943,0.009318863392888175,19.979290299708442,3.922463122836013e-06,19.91814003511439,0.009303263633014749,nan,nan
2002 TP178,84397,MBO,MBO,21163615973816400,745262192267886620,18.265932,3.203025,2.922051,150.42095434844697,1.4340326148756268,2025051500125,85,60811.04351116055,i,150.42095446388177,1.4340340368613222,114.89630889892578,38785.7,335.097,False,36237.7,0.0151085,38935.3,334.894,False,11.8862,13.5478,19.92832093699608,0.009380440108076434,20.002098460181294,4.5267347131437806e-07,19.924141164906253,0.00933873751528994,28.712392420647955,1.2375138467154472
2002 TP178,84397,MBO,MBO,21163615973816400,745262192401580088,18.26595,3.203025,2.9220576,150.42101872265653,1.4340342408277893,2025051500126,84,60811.043985125616,i,150.42102202872638,1.4340408928970014,112.46041107177734,38415.2,337.831,False,37154.5,0.0679899,38522.5,336.471,False,28.542,10.5758,19.938742275617063,0.009548182707815687,19.974971446897555,1.986814430467414e-06,19.935713840409942,0.009483256682812156,27.761289002456458,0.4023028857469767
2002 TP178,84397,MBO,MBO,21163615973816400,745262192534749310,18.265968,3.2030253,2.9220643,150.4210829648527,1.4340358628100072,2025051500127,82,60811.04445870916,i,150.42108122915934,1.4340362949483891,94.89627838134766,39489.8,411.063,False,36343.8,0.144379,39539.4,411.158,False,31.3736,10.0787,19.908787642983405,0.011301803503271372,19.998924141936424,4.313184350227783e-06,19.907424856097954,0.011290235378352382,27.658589111840165,0.34879037012026337
2002 TP178,84397,MBO,MBO,21163615973816400,745262192670015499,18.265985,3.2030253,2.922071,150.42114802601083,1.4340375048220215,2025051500128,84,60811.0449378077,i,150.42115559138153,1.4340420677684231,70.31622314453125,38927.4,548.487,False,36540.9,0.322979,38805.2,545.66,False,23.81,8.87465,19.924361549270714,0.015298021884641324,19.993051946943392,9.596644092945446e-06,19.927775206585302,0.015267098230592463,27.958101535840832,0.4046841254656898
2002 TP178,84397,MBO,MBO,21163615973816400,745262192804233236,18.266005,3.2030256,2.9220777,150.42121268363806,1.434039136004572,2025051500129,84,60811.04541385244,i,150.42121707745977,1.4340408205225608,93.64584350585938,39477.9,412.986,False,38138.7,0.173585,39572.6,412.252,False,19.5425,9.26935,19.909114936440268,0.011358098120417433,19.946585308360895,4.9416346235297126e-06,19.90651349405325,0.011310778659604144,28.172549723859404,0.5149837114823318
2002 TP178,84397,MBO,MBO,21163615973816400,745262192938975233,18.266022,3.2030258,2.9220843,150.4212774811359,1.4340407700699698,2025051500130,85,60811.04589065211,i,150.42127852824478,1.4340434709365855,87.9048080444336,40754.0,460.405,False,37598.6,0.584903,40789.2,459.143,False,18.8607,9.67996,19.874574397207375,0.012265750012914191,19.96207076966116,1.689026556624304e-05,19.873637051875924,0.012221573201753327,28.21110544704644,0.5572371633376431
2002 TP178,84397,MBO,MBO,21163615973816400,745262193073192971,18.26604,3.2030258,2.922091,150.42134173922747,1.4340423898944863,2025051500131,85,60811.046363020694,i,150.421344739398,1.4340404445119814,102.527587890625,38982.2,374.41,False,35816.6,0.0198478,39126.2,374.177,False,14.3337,9.98919,19.92283415845226,0.010428105764849947,20.014789060781407,6.016616071718257e-07,19.918830845268424,0.010383260478152322,28.509104209919794,0.7566521702914236
2002 TP178,84397,MBO,MBO,21163615973816400,745262193207410726,18.266058,3.203026,2.922098,150.4214065446923,1.4340440228734843,2025051500132,85,60811.04684006958,i,150.42140869691139,1.4340443150322806,74.49566650390625,38016.5,513.878,False,36404.7,0.277818,37730.1,507.223,False,17.6295,11.5209,19.950069672691136,0.014676152180130997,19.997106382014188,8.285662600679075e-06,19.958280064391232,0.014596047808840197,28.284400046750147,0.7095299580324089
2002 TP178,84397,MBO,MBO,21163615973816400,745262193341628448,18.266077,3.203026,2.9221046,150.42147149018413,1.4340456587321992,2025051500133,85,60811.04731837158,i,150.42147181916025,1.4340456643346369,69.92359924316406,38929.5,549.083,False,37621.1,0.679551,39061.4,549.09,False,22.7462,11.3733,19.92430293551807,0.0153138185951405,19.961421230662182,1.9611683306964544e-05,19.920630531472316,0.015262303595773456,28.007727839601582,0.542877616350182
2002 TP178,84397,MBO,MBO,21163615973816400,745262193475846174,18.266094,3.2030263,2.9221113,150.42153576025805,1.434047276939074,2025051500134,85,60811.04779119583,i,150.4215358946915,1.4340482703398847,99.80518341064453,39312.8,389.956,False,35998.3,0.0563035,39525.9,390.296,False,31.8236,11.5061,19.913665036054468,0.010769757741929033,20.00929499660562,1.6981565324994237e-06,19.907795624045107,0.010721033642647707,27.64312670615691,0.39255736996947044
2002 TP178,84397,MBO,MBO,21163615973816400,745262193608491015,18.266113,3.2030265,2.9221182,150.42160329581856,1.4340489766796554,2025051500135,82,60811.048288111924,i,150.4216025846994,1.4340497399608043,106.01209259033203,39120.2,364.59,False,36203.9,0.0492058,39248.7,364.76,False,38.0034,10.9775,19.91899735560938,0.010118776663257752,20.003111655246084,1.475656473205874e-06,19.915436830193652,0.010090350929675494,27.450443899547054,0.31362113633999794
2002 TP178,84397,MBO,MBO,21163615973816400,745262193742708744,18.266132,3.2030265,2.9221249,150.42166784602531,1.434050600628125,2025051500136,82,60811.048763050516,i,150.4216736162048,1.4340518849469563,92.77066040039062,37582.1,406.102,False,38088.2,0.325922,37867.3,407.002,False,42.5902,11.4836,19.96254734534938,0.011732170761083915,19.94802389992072,9.290681522667806e-06,19.954339126793087,0.011669615025794703,27.326725839087185,0.2927471659916726
2002 TP178,84397,MBO,MBO,21163615973816400,745262194010619909,18.266169,3.2030268,2.9221385,150.4217969586682,1.4340538469070212,2025051500138,81,60811.04971380338,i,150.4217953039667,1.4340567296794893,86.53164672851562,39156.8,450.801,False,36469.0,0.361052,39722.0,455.674,False,31.7662,8.72088,19.91798199619466,0.012499768916489764,19.99519036279014,1.0749053586312886e-05,19.90242223232125,0.012455107284635274,27.64508686562827,0.2980707460958692
2002 TP178,84397,MBO,MBO,21163615973816400,745262194279055435,18.266205,3.2030272,2.9221518,150.4219258159415,1.4340570842048108,2025051500140,81,60811.050661436646,i,150.4219264218219,1.4340579012888335,78.68551635742188,39699.7,497.387,False,36924.7,0.255448,39760.0,500.037,False,-4.11198,8.76714,19.90303195904511,0.013602900705706729,19.981707584195018,7.511209640335279e-06,19.90138406068681,0.013654634326833007,nan,nan
2002 TP178,84397,MBO,MBO,21163615973816400,745262194413273137,18.266222,3.2030272,2.9221585,150.42199038675713,1.434058705463637,2025051500141,81,60811.051136607966,i,150.42199143331823,1.4340579643287064,66.72892761230469,39197.1,578.138,False,36075.7,0.185855,39484.8,583.463,False,-18.6341,9.39943,19.916865114461068,0.016014075874353117,20.006963106656723,5.593502219506563e-06,19.90892512214566,0.01604381697479336,nan,nan
2002 TP178,84397,MBO,MBO,21163615973816400,745262194527567911,18.266241,3.2030275,2.9221652,150.42205496174816,1.4340603261847056,2025051500142,43,60811.05161158222,i,150.4220544293115,1.434057910939576,83.88248443603516,37874.6,448.759,False,34765.7,0.0611411,38070.5,451.557,False,-37.1655,9.44501,19.95412981801405,0.012864396622703054,20.047122578806007,1.9094425575349746e-06,19.948528548322958,0.012877997158797271,nan,nan
2002 TP178,84397,MBO,MBO,21163615973816400,745262194682757137,18.266258,3.2030275,2.9221718,150.42212008477728,1.434061960009846,2025051500143,83,60811.05209077224,i,150.4221221962788,1.434059560527785,70.80335998535156,37946.4,529.415,False,35750.0,0.667226,38181.8,535.151,False,-54.5531,10.2249,19.952073593752296,0.015147814618882873,20.01680988465725,2.0263816584444427e-05,19.94535898170258,0.01521753308864719,nan,nan
2002 TP178,84397,MBO,MBO,21163615973816400,745262194816450588,18.266277,3.2030277,2.9221787,150.42218548396386,1.4340636001057574,2025051500144,82,60811.0525717431,i,150.4221889896117,1.4340671453853941,78.16297149658203,39136.6,494.792,False,37028.8,0.949366,38863.7,492.88,False,-79.4662,10.294,19.91854222280213,0.013726628227656813,19.978650882077254,2.7836737545294236e-05,19.92613965924867,0.013769601881965294,nan,nan
2002 TP178,84397,MBO,MBO,21163615973816400,745262194930221080,18.266294,3.203028,2.9221854,150.42224993572077,1.434065215796864,2025051500145,43,60811.05304537207,i,150.42225129036333,1.4340638579357257,75.05331420898438,39545.2,523.424,False,37383.2,0.415259,39617.3,525.743,False,-87.6874,9.55628,19.907265580627964,0.014370907484597803,19.968308837141766,1.2060544416347198e-05,19.905287793204046,0.01440830590590534,nan,nan
2002 TP178,84397,MBO,MBO,21163615973816400,745262195084886033,18.266314,3.203028,2.922192,150.4223152075694,1.4340668513937558,2025051500146,82,60811.05352545515,i,150.42231777742646,1.4340679969842103,89.2846908569336,38497.4,430.073,False,35637.2,0.183034,38632.0,432.444,False,-67.3747,9.17578,19.936421545216625,0.012129282591041693,20.020241087881296,5.576382203921391e-06,19.932632019019273,0.012153657786174592,nan,nan
2002 TP178,84397,MBO,MBO,21163615973816400,745262195198656544,18.266333,3.2030282,2.9221992,150.42238415567903,1.4340685783979412,2025051500147,43,60811.05403220598,i,150.4223812711175,1.434066368747913,72.32058715820312,38026.6,522.289,False,36558.1,1.32822,38160.1,524.155,False,-63.5491,8.42322,19.949781214383414,0.014912404867559024,19.992540912428765,3.9446702396806186e-05,19.945976195246466,0.014913327504686857,nan,nan
2002 TP178,84397,MBO,MBO,21163615973816400,745262195487539284,18.266554,3.2030299,2.9222815,150.42317489618708,1.4340883323798574,2025051500149,82,60811.059844654694,z,150.42317997475973,1.4340863286631143,28.207002639770508,38167.4,1339.81,False,36341.5,22.0641,37710.7,1344.32,False,-97.9713,29.5777,19.945768603450766,0.03811316326671879,19.998992877746176,0.000659185572518195,19.958838537453893,0.038704581636047425,nan,nan
2002 TP178,84397,MBO,MBO,21163615973816400,745262195621756949,18.266571,3.20303,2.9222882,150.4232399589588,1.4340899534614653,2025051500150,82,60811.060322134006,z,150.42323783632025,1.4340971544525984,22.73295783996582,37397.1,1650.81,False,37572.4,10.1304,37095.6,1671.58,False,-152.099,27.0905,19.967905140500896,0.04792735727924431,19.962827702059094,0.00029273994167760723,19.976693954424533,0.04892479973343409,nan,nan
2002 TP178,84397,MBO,MBO,21163615973816400,745262195757547525,18.26659,3.20303,2.9222949,150.42330475401823,1.434091567224368,2025051500151,85,60811.060798141785,z,150.42330174289813,1.4340863667599237,27.919761657714844,37152.8,1338.05,False,38321.8,7.65334,37100.8,1341.22,False,-140.599,34.4349,19.97502110294205,0.039102553542188154,19.941385227912193,0.00021683501315135825,19.97654179125046,0.03925012533618844,nan,nan
2002 TP178,84397,MBO,MBO,21163615973816400,745262195891240986,18.266607,3.2030303,2.9223015,150.4233695536034,1.434093180452482,2025051500152,84,60811.06127419097,z,150.42337085101195,1.4340971960355742,48.80612564086914,38123.0,766.682,False,34976.9,3.94825,38035.2,763.817,False,-149.058,41.0728,19.947032327260253,0.021834966092867742,20.040546760099275,0.0001225596957417969,19.949535761695977,0.021803587355100282,nan,nan
2002 TP178,84397,MBO,MBO,21163615973816400,745262196024410138,18.266624,3.2030306,2.9223082,150.42343381319776,1.4340947795981145,2025051500153,82,60811.061746839274,z,150.42343554215662,1.4340899954755013,21.799911499023438,39592.4,1806.93,False,37140.9,0.691397,40153.5,1827.76,False,-118.883,23.7719,19.90597047164747,0.04955116275353876,19.97536898723849,2.021154033932558e-05,19.890691483096646,0.04942197358167062,nan,nan
2002 TP178,84397,MBO,MBO,21163615973816400,745262196158103611,18.266644,3.2030306,2.9223151,150.4234984856538,1.434096388375267,2025051500154,81,60811.06222199426,z,150.4235031121435,1.4341007479011605,34.89476013183594,37540.1,1061.66,False,34922.2,1.80934,37270.1,1063.37,False,-82.1582,23.1125,19.963761391888326,0.030705370744257422,20.04224603623539,5.6252641266303956e-05,19.971598559437293,0.03097762695430556,nan,nan
2002 TP178,84397,MBO,MBO,21163615973816400,745262196292321319,18.26666,3.2030308,2.9223218,150.42356329892763,1.4340980000084382,2025051500155,81,60811.062697028916,z,150.4235666785038,1.4341036763809745,46.34663009643555,37067.0,788.729,False,37311.2,4.85162,37159.4,790.875,False,-53.9718,21.6342,19.97753140491317,0.023102803984240205,19.97040198020442,0.0001411795871008371,19.974828313215696,0.023108060330479765,nan,nan
2002 TP178,84397,MBO,MBO,21163615973816400,745262196427063346,18.26668,3.2030308,2.9223285,150.42362798051792,1.4340996077215773,2025051500156,82,60811.06317210624,z,150.42363262392837,1.434106289806656,46.2624626159668,34961.2,753.199,False,34271.5,1.23428,34916.4,746.595,False,-13.0256,20.9552,20.041034197162645,0.023390942370235323,20.062667217225123,3.9102533363423075e-05,20.042426398340154,0.023215601443937375,nan,nan
2002 TP178,84397,MBO,MBO,21163615973816400,745262196561281073,18.266697,3.203031,2.9223351,150.42369293913265,1.4341012216714235,2025051500157,82,60811.06364981271,z,150.42369712560932,1.4340955141349678,35.576515197753906,37010.3,1030.8,False,33996.1,2.62018,37130.6,1036.99,False,-13.5789,24.956,19.97919346349119,0.030239606521818257,20.071427204965342,8.368089400028484e-05,19.975670036498435,0.030322632249145637,nan,nan
2002 TP178,84397,MBO,MBO,21163615973816400,745262196695498823,18.266716,3.2030313,2.9223418,150.4237574937649,1.4341028249395604,2025051500158,82,60811.06412385822,z,150.42376233985718,1.4341086083438617,31.387008666992188,37283.9,1197.33,False,34725.7,2.3752,37042.7,1198.69,False,8.74991,33.887,19.97119670931869,0.03486718226392643,20.04837250193213,7.426317475509155e-05,19.978243436920607,0.035134077567581856,29.044990991071586,4.2048823823427695
2002 TP178,84397,MBO,MBO,21163615973816400,745262196831289370,18.266733,3.2030313,2.9223487,150.4238225978864,1.434104441204148,2025051500159,85,60811.06460105517,z,150.42381215531856,1.4341014166276367,33.52403259277344,36598.8,1078.04,False,35476.2,4.86729,36520.5,1079.93,False,14.8058,21.9211,19.991332861829427,0.03198102330141562,20.02515728740117,0.00014896164499400376,19.99365821299259,0.032105780532039704,28.47392027153473,1.6075140744476364
2002 TP178,84397,MBO,MBO,21163615973816400,745262196965507082,18.26675,3.2030315,2.9223554,150.42388729795493,1.434106046790516,2025051500160,85,60811.06507653877,z,150.42388735316158,1.4341049718916514,42.26247024536133,36024.6,845.987,False,33022.3,0.396279,35993.5,842.97,False,8.31836,24.6779,20.008502034623902,0.025496984679511565,20.102981677941187,1.30292092046798e-05,20.009439801485215,0.025428008299172973,29.099905677778892,3.2210301994637582
2002 TP178,84397,MBO,MBO,21163615973816400,745262197077704774,18.26677,3.2030318,2.9223623,150.42395431855775,1.434107709282598,2025051500161,43,60811.065568884645,z,150.42395005084035,1.434109691558301,51.16767883300781,35740.1,691.917,False,32592.1,1.76009,35772.7,685.206,False,24.7885,23.6638,20.01711054423943,0.021019507395400018,20.11721915258107,5.863363982235267e-05,20.016120722623008,0.020796668165193447,27.91437438843863,1.0364743248194797
2002 TP178,84397,MBO,MBO,21163615973816400,745262197211922553,18.266788,3.2030318,2.922369,150.4240191643759,1.4341093171687282,2025051500162,43,60811.06604488674,z,150.42402721158896,1.4341149960386146,22.78957748413086,38337.3,1681.34,False,36850.5,14.212,38397.1,1688.31,False,77.0535,21.7152,19.940946169507903,0.04761659366198051,19.983891537777737,0.00041873197992031035,19.939253893698428,0.04773952410154795,26.68301911170528,0.3059819491114063
2002 TP178,84397,MBO,MBO,21163615973816400,745262197345615895,18.266806,3.203032,2.9223757,150.42408346997215,1.4341109110198174,2025051500163,42,60811.06651652131,z,150.42408303997036,1.4341272859760625,19.286640167236328,33873.0,1745.59,False,32622.0,4.13702,34709.8,1776.71,False,93.2968,23.154,20.075365844692797,0.05595164953070643,20.116223541536613,0.0001376896730554957,20.048869697444353,0.05557618558808609,26.475333144871367,0.2694533542916666
2002 TP178,84397,MBO,MBO,21163615973816400,745262197480357958,18.266825,3.203032,2.9223826,150.42414887019387,1.4341125313481835,2025051500164,43,60811.066996062786,z,150.42415953271157,1.4341263527259343,41.116397857666016,33828.8,820.438,False,33986.5,7.74664,34728.6,824.68,False,137.495,19.9951,20.076783493803543,0.026331977695455394,20.071733894143403,0.00024747496024067205,20.048281760836055,0.025782348989099597,26.054282775176066,0.1578923217710586
2002 TP178,84397,MBO,MBO,21163615973816400,745262197635547167,18.266842,3.2030323,2.9223893,150.42421345762853,1.4341141308924314,2025051500165,83,60811.06747001558,z,150.42421802321977,1.4341146442300543,53.980621337890625,35098.0,643.504,False,32406.2,0.639494,35111.7,638.636,False,105.082,27.6555,20.036794075908865,0.019906422629638838,20.123429756199116,2.1425585452464407e-05,20.036370381230547,0.019748124626437494,26.346179167399093,0.28574425542635884
2002 TP178,84397,MBO,MBO,21163615973816400,745262197768716343,18.26686,3.2030325,2.922396,150.42427845863213,1.4341157400299804,2025051500166,81,60811.06794713614,z,150.42428569697165,1.4341164794491619,31.99616813659668,34245.6,1064.48,False,32536.7,5.10043,34460.6,1067.81,False,134.531,23.8935,20.063488001290366,0.03374869768095195,20.11906626861727,0.0001701992413661886,20.0566928638687,0.033643058677238775,26.07794402666746,0.19283314774482335
2002 TP178,84397,MBO,MBO,21163615973816400,745262197902934052,18.266878,3.2030325,2.9224026,150.42434305552803,1.434117338518711,2025051500167,81,60811.068421857584,z,150.42434703831324,1.4341178446232847,45.08875274658203,34755.4,766.291,False,31999.1,1.50547,35313.3,771.593,False,155.1,20.1803,20.04744432088429,0.023938436514865227,20.137155604214406,5.108091617585299e-05,20.03015421614007,0.02372325599673076,25.923470462739953,0.1412668034100414
2002 TP178,84397,MBO,MBO,21163615973816400,745262198017228812,18.266895,3.2030327,2.9224093,150.42440752089766,1.4341189331119266,2025051500168,43,60811.06889448274,z,150.42441017625487,1.4341259421865573,40.177162170410156,34222.4,847.465,False,31778.8,2.79143,34654.6,850.134,False,152.373,19.0691,20.064223891745485,0.02688658609371621,20.144656238865682,9.53703895593746e-05,20.050597725103994,0.026634882262689515,25.942729946543466,0.1358771664924507
2002 TP178,84397,MBO,MBO,21163615973816400,745262198172418054,18.266912,3.2030327,2.922416,150.42447239988914,1.4341205372898151,2025051500169,83,60811.06937062166,z,150.42447760029543,1.4341267295494993,40.814247131347656,33898.0,820.486,False,30963.3,0.380924,33749.3,810.062,False,161.855,30.0901,20.074564811615218,0.02627976224597251,20.1728818710491,1.3357198777194086e-05,20.079338051155755,0.026060203733491265,25.87718472839804,0.2018467833236726
2002 TP178,84397,MBO,MBO,21163615973816400,745262198285664327,18.266932,3.203033,2.922423,150.4245378289571,1.4341221544121088,2025051500170,43,60811.069850944616,z,150.42453993198396,1.4341257736314952,46.45785140991211,35544.9,756.492,False,33213.2,0.968681,35756.7,754.965,False,125.167,23.5367,20.023056805860868,0.023107416081815567,20.096723223821623,3.166608556899894e-05,20.01660644681321,0.022924175913680185,26.156275393599557,0.20416440916949333
2002 TP178,84397,MBO,MBO,21163615973816400,745262198419882001,18.26695,3.2030332,2.92243,150.42460748904594,1.434123875382194,2025051500171,43,60811.07036106307,z,150.42461007318022,1.4341236452377397,43.17643356323242,34752.0,795.385,False,31073.8,0.635241,34857.6,795.916,False,94.3291,28.3404,20.047550491068165,0.02484974395213045,20.169014057289836,2.219567947117708e-05,20.044256246450473,0.024791000968941077,26.463385754948106,0.32620048938339413
2002 TP178,84397,MBO,MBO,21163615973816400,745262198574546951,18.266968,3.2030332,2.9224367,150.4246722466041,1.434125474563687,2025051500172,82,60811.07083650702,z,150.4246736204702,1.4341235873227942,42.26023864746094,33474.8,790.493,False,31827.0,2.55513,33613.1,789.865,False,52.9265,34.2169,20.088204997317984,0.025639192138611985,20.14301073967498,8.71648962882171e-05,20.08372853068795,0.025513415213225678,27.090817094333115,0.7019267875133055
2002 TP178,84397,MBO,MBO,21163615973816400,745262198688317454,18.266987,3.2030334,2.9224439,150.42474137208177,1.4341271808980554,2025051500173,43,60811.07134320839,z,150.4247387592019,1.4341209321907393,42.771121978759766,33629.4,781.908,False,32621.3,0.958849,34001.1,783.426,False,-8.78979,32.3491,20.083202253183146,0.025244157956132017,20.11624681341596,3.191341434024226e-05,20.07126753130866,0.02501666006181658,nan,nan
2002 TP178,84397,MBO,MBO,21163615973816400,745262198842982447,18.267006,3.2030334,2.922451,150.4248090031661,1.4341288496317142,2025051500174,82,60811.071839933895,z,150.4248085012063,1.434134110592047,45.05573272705078,33552.9,732.563,False,31689.2,2.95922,33357.1,725.371,False,-40.101,37.485,20.085674894323034,0.02370496129043273,20.147721838066545,0.0001013888737433631,20.092029231873745,0.023610010730626425,nan,nan
2002 TP178,84397,MBO,MBO,21163615973816400,745262198956753006,18.267025,3.2030337,2.9224582,150.42487868508104,1.4341305682311836,2025051500175,43,60811.07235048553,z,150.42488459840953,1.4341330102267418,43.09339141845703,33746.9,783.188,False,31426.3,1.89047,33990.5,783.909,False,-85.0653,33.6169,20.07941533881393,0.0251974431245431,20.156766842941337,6.531318361693302e-05,20.071606117253452,0.02503988993467963,nan,nan
2002 TP178,84397,MBO,MBO,21163615973816400,745262199111417865,18.267044,3.203034,2.9224648,150.42494373575545,1.4341321719332951,2025051500176,82,60811.07282756046,z,150.4249427708609,1.4341307794997096,22.916095733642578,30605.7,1318.61,False,30138.8,6.60892,29982.8,1313.44,False,-67.1982,53.539,20.185494235365752,0.046777647222472116,20.202185080488697,0.000238083256070087,20.20781950218265,0.04756224435350128,nan,nan
2002 TP178,84397,MBO,MBO,21163615973816400,745262199225188367,18.267063,3.203034,2.922472,150.42501151913464,1.434133842312298,2025051500177,43,60811.073324297315,z,150.42501180721598,1.434135799323546,38.07771682739258,32666.1,857.476,False,30474.8,4.92163,32585.9,846.727,False,-49.0299,57.1897,20.114756794914108,0.02850027286263147,20.19014781188565,0.00017534460072097605,20.11742568595916,0.028212267799655136,nan,nan
2002 TP178,84397,MBO,MBO,21163615973816400,745262199514071076,18.267101,3.2030344,2.9224868,150.42515487768136,1.434137372753123,2025051500179,82,60811.07437529799,z,150.425151805544,1.4341415716911994,40.2636833190918,32502.7,788.988,False,33127.6,6.50013,32520.2,788.025,False,-42.9749,27.4388,20.120201427773452,0.026355743717692524,20.099525014722918,0.00021303765849151572,20.11961700645424,0.026309411375575308,nan,nan
2002 TP178,84397,MBO,MBO,21163615973816400,745262199648288798,18.26712,3.2030344,2.9224942,150.42522458783947,1.434139088337978,2025051500180,82,60811.07488665495,z,150.42520905048048,1.4341531483136403,22.6574649810791,30309.1,1319.04,False,29648.6,14.3442,30192.3,1325.05,False,-53.6337,23.385,20.196067412502927,0.047250810627602974,20.219989537054843,0.0005252867797896521,20.20025947659034,0.04764972439671291,nan,nan
2002 TP178,84397,MBO,MBO,21163615973816400,745262199782506547,18.26714,3.2030346,2.9225008,150.42528939208853,1.434140682516739,2025051500181,82,60811.07536162604,z,150.42527825763247,1.4341329262148135,29.433168411254883,31799.9,1049.23,False,33997.8,13.7833,31473.2,1042.43,False,-113.039,26.4558,20.143935600972068,0.03582360205280496,20.0713729382369,0.00044017636203550994,20.155147773124366,0.03596088349250685,nan,nan
2002 TP178,84397,MBO,MBO,21163615973816400,745262199917772812,18.267157,3.2030349,2.9225075,150.4253544741482,1.4341422828792452,2025051500182,84,60811.075838666715,z,150.4253470445418,1.4341340691680808,29.274229049682617,31782.5,1075.75,False,36011.2,44.71,31395.8,1076.14,False,-121.108,25.9604,20.144529860843793,0.036749177134226624,20.008906039572775,0.0013480046700427486,20.157821088374817,0.0372153009707763,nan,nan
2002 TP178,84397,MBO,MBO,21163615973816400,745279797205663780,18.372,3.2042208,2.9782903,151.01085550185846,1.4333242495264131,2025051900220,87,60815.04917177312,y,151.01083639274916,1.4333462282850962,15.100257873535156,29129.0,1918.44,False,30551.1,29.2061,31407.5,1909.42,False,1068.34,99.8092,20.239186061168255,0.07150673559129492,20.187432884528235,0.0010379371308682174,20.157416578887155,0.06600736995310943,23.828226311654525,0.10143443252583198
2002 TP178,84397,MBO,MBO,21163615973816400,745279797339881498,18.372011,3.204221,2.978297,151.0109273168749,1.4333224023409843,2025051900221,87,60815.049647067804,y,151.01091947488914,1.43332963618939,15.19935131072998,32139.6,2127.58,False,36068.8,52.2545,32885.4,2122.95,False,973.438,73.2069,20.132398844796818,0.0718736620063128,20.007170742259515,0.00157295509527792,20.10749222971788,0.07009079203517884,23.929229273701072,0.08165223096712805
2002 TP178,84397,MBO,MBO,21163615973816400,745279797494546444,18.372036,3.2042212,2.9783137,151.01110445913855,1.433317844214301,2025051900222,126,60815.05082106824,y,151.01111587621588,1.4333250002609814,16.805408477783203,29066.6,1714.25,False,28242.0,10.6075,29416.3,1709.88,False,483.751,149.25,20.241514429282418,0.06403305904438554,20.272761378274392,0.0004077950171661694,20.22852985615424,0.06311053999952976,24.688445294628366,0.33497837976247635
2002 TP178,84397,MBO,MBO,21163615973816400,745279797625094160,18.372047,3.2042215,2.9783204,151.01117583660266,1.4333160068578017,2025051900223,119,60815.051294858786,y,151.01118652777362,1.433315820495345,18.690773010253906,29411.2,1564.52,False,27404.8,27.3786,29898.2,1553.97,False,212.912,445.491,20.228718167781317,0.057755415399419,20.305433376692303,0.0010846981369545198,20.21088742157285,0.05643154110904516,25.579499638088592,2.2717634461866685
2002 TP178,84397,MBO,MBO,21163615973816400,745279797742534681,18.372057,3.2042215,2.978327,151.01124721834424,1.4333141689838382,2025051900224,87,60815.0517675796,y,151.01125704988831,1.433324180094426,20.25238800048828,32523.1,1593.49,False,31245.9,47.5528,32793.8,1584.88,False,204.885,155.81,20.11952017682941,0.05319633722175802,20.16301739016179,0.0016523702345127087,20.11052061487851,0.05247216121659077,25.621224618900797,0.8256756714655192
2002 TP178,84397,MBO,MBO,21163615973816400,745279797873082416,18.372068,3.2042217,2.978334,151.011319057338,1.433312318926428,2025051900225,80,60815.052243887585,y,151.01132251017043,1.4333215143114793,19.33037567138672,35460.1,1787.24,False,30252.4,32.3906,38434.9,1795.33,False,359.354,236.488,20.025650062138784,0.05472266232991071,20.19810040087226,0.0011624745412221061,19.93818565549235,0.050715750841520496,25.011193779726423,0.7145143450656495
2002 TP178,84397,MBO,MBO,21163615973816400,745279798006775885,18.37208,3.204222,2.9783423,151.0114087112909,1.433310009506548,2025051900226,79,60815.05283798573,y,151.0114240154546,1.4333196198134064,19.43313217163086,33071.8,1688.36,False,28417.3,11.7477,35890.7,1649.08,False,515.438,498.5,20.101355392057478,0.05542829599410193,20.266042939832083,0.00044884287307470603,20.012545201764645,0.04988662388316316,24.619558941699175,1.0500574470203754
2002 TP178,84397,MBO,MBO,21163615973816400,745279798145187876,18.372093,3.204222,2.97835,151.01148946619318,1.4333079287727393,2025051900227,87,60815.05337282304,y,151.01148894382376,1.4333057890478065,21.920257568359375,34221.6,1542.61,False,30665.2,18.8665,34430.4,1539.17,False,284.925,183.502,20.064249173612065,0.04894182137731734,20.18338552385221,0.0006679898894084974,20.057644878744675,0.04853654670956309,25.263173654150105,0.6992533908520095
2002 TP178,84397,MBO,MBO,21163615973816400,745279798275735601,18.372105,3.2042222,2.9783578,151.01157369881085,1.4333057578808288,2025051900228,80,60815.053930095935,y,151.0115579591172,1.4333018867232596,19.773794174194336,34579.4,1724.55,False,31490.6,4.23418,35528.7,1724.8,False,62.0147,161.525,20.052956415563475,0.054148033497874386,20.154547674816733,0.00014598650237937066,20.02355173166089,0.052708877616127116,26.918763349943717,2.8279348063301923
2002 TP178,84397,MBO,MBO,21163615973816400,745279798409953323,18.372116,3.2042224,2.9783647,151.01164555801185,1.4333039054397436,2025051900229,80,60815.05440648252,y,151.0116422639156,1.4333178690263653,18.726585388183594,31944.3,1663.08,False,29363.4,3.98744,32088.7,1670.9,False,41.4211,182.825,20.139016533907718,0.056525454479691886,20.230484132331533,0.00014743892169596465,20.134119718913546,0.056535686868152815,27.35694591369679,4.792236695000915
2002 TP178,84397,MBO,MBO,21163615973816400,745279798564618257,18.372126,3.2042224,2.9783714,151.01171757266312,1.4333020485821866,2025051900230,119,60815.05488372881,y,151.0117191692564,1.4332991050606654,20.437902450561523,32661.5,1607.18,False,30961.8,18.1821,33133.9,1600.99,False,-60.4206,170.705,20.114909684732936,0.05342600835476263,20.172934470213782,0.0006375909692529189,20.09931865823582,0.052461463269457,nan,nan
2002 TP178,84397,MBO,MBO,21163615973816400,745279798698835973,18.372137,3.2042227,2.9783785,151.01179412162398,1.4333000743613225,2025051900231,119,60815.05539059143,y,151.01179450389918,1.4333067747201478,22.455883026123047,33392.0,1488.53,False,30746.0,2.38263,33308.8,1449.59,False,94.797,474.138,20.09089392069655,0.04839934549225252,20.18052844288601,8.413802682438589e-05,20.09360250739402,0.047250944826304514,26.45801354949367,5.430433548437481
2002 TP178,84397,MBO,MBO,21163615973816400,745279798811033727,18.372147,3.2042227,2.9783854,151.01186599469392,1.4332982203133868,2025051900232,77,60815.0558667983,y,151.01187490498464,1.4333109351149311,20.65097999572754,30652.0,1453.65,False,28379.4,26.9676,31460.0,1432.34,False,326.604,490.51,20.183852957788375,0.05149029298427138,20.26749196174832,0.0010317236844310273,20.155603204281828,0.04943240172959742,25.114946238651378,1.6306122093704416
2002 TP178,84397,MBO,MBO,21163615973816400,745279798945251395,18.372158,3.204223,2.9783921,151.01193802336164,1.4332963618444754,2025051900233,77,60815.05634383195,y,151.01193707451782,1.4332864516229848,19.71830177307129,32053.8,1590.02,False,28370.9,25.7793,32603.7,1588.89,False,538.734,182.472,20.13530116649735,0.05385764743709074,20.26781720259048,0.0009865573424451312,20.116832805110263,0.05291164670327929,24.571564019445734,0.3677444780820077
2002 TP178,84397,MBO,MBO,21163615973816400,745279799079469113,18.372168,3.2042232,2.9783988,151.01200915043285,1.433294526239238,2025051900234,77,60815.056814320305,y,151.0120153173668,1.4333097125432188,21.852869033813477,34352.8,1527.05,False,30721.4,12.8328,37797.8,1501.19,False,717.216,534.646,20.06009462291169,0.04826312518294864,20.181397478757955,0.000453528657390997,19.956333670800653,0.04312145775454819,24.260875071204033,0.8093580064047615
2002 TP178,84397,MBO,MBO,21163615973816400,745279799213686861,18.372179,3.2042232,2.9784057,151.01208118823416,1.4332926667266177,2025051900235,77,60815.057291523684,y,151.01209069790232,1.4332998101778094,20.85954475402832,33506.9,1609.49,False,30821.4,0.342357,35102.8,1614.13,False,935.31,194.477,20.087164426817306,0.05215288895965183,20.17786908178376,1.2060107445410284e-05,20.036645576690496,0.04992534346216003,23.97261105860526,0.22575480415892954
2002 TP178,84397,MBO,MBO,21163615973816400,745279799353147402,18.372189,3.2042234,2.9784124,151.01215292857728,1.4332908144895598,2025051900236,87,60815.057766480146,y,151.0121599837672,1.4332909815146873,21.012582778930664,30847.4,1463.4,False,28986.4,20.7207,30343.3,1434.05,False,776.674,556.372,20.176953573694142,0.05150730267154567,20.24451428289151,0.0007761299480420721,20.19484294474085,0.05131281097836178,24.17440306699661,0.7777693408711038
2002 TP178,84397,MBO,MBO,21163615973816400,745279799617388558,18.372211,3.2042236,2.978427,151.01230820548423,1.433286804079457,2025051900238,79,60815.058794156255,y,151.01231463930313,1.4332846385344649,21.213268280029297,33300.5,1562.5,False,31558.2,27.9985,35018.1,1550.66,False,617.428,206.546,20.09387311401117,0.05094406450157136,20.15221946641897,0.0009632674479562283,20.039268505088806,0.048078212845875636,24.42353423629404,0.3632075054100456
2002 TP178,84397,MBO,MBO,21163615973816400,745279799888445463,18.372232,3.2042239,2.9784405,151.01245126672794,1.433283107511668,2025051900240,84,60815.05974142166,y,151.01245780068285,1.4332864250516826,24.619922637939453,36468.9,1462.57,False,34113.5,11.5666,36449.1,1440.15,False,-61.6334,464.288,19.995193386460564,0.04354299720345613,20.067684300667416,0.0003681321535060454,19.995782930454002,0.04289880833162585,nan,nan
2002 TP178,84397,MBO,MBO,21163615973816400,745279800018993174,18.372244,3.204224,2.9784477,151.01252847006782,1.4332811119918014,2025051900241,77,60815.060252144816,y,151.01252852319226,1.4332923541747389,22.134967803955078,33441.3,1485.41,False,29110.6,4.82115,33318.3,1468.85,False,-168.291,586.113,20.089292094893864,0.048226696191320036,20.23987212257946,0.00017981412217355609,20.0932928888222,0.04786509397109522,nan,nan
2002 TP178,84397,MBO,MBO,21163615973816400,745279800151638073,18.372255,3.2042243,2.9784558,151.01261414037572,1.433278897082443,2025051900242,74,60815.06081909503,y,151.01260833276464,1.4332860671406455,22.946395874023438,34444.8,1497.45,False,31054.7,10.0579,36539.4,1492.99,False,-27.6282,151.637,20.05719080684512,0.04720119117906526,20.16968168192675,0.00035164490122566384,19.993096517214095,0.0443628892389027,nan,nan
2002 TP178,84397,MBO,MBO,21163615973816400,745279800287428687,18.372267,3.2042243,2.9784625,151.01268591521202,1.433277040989556,2025051900243,77,60815.06129424786,y,151.01270098764215,1.4332864747091603,22.876461029052734,36176.9,1557.11,False,31761.7,6.35014,37080.8,1540.89,False,84.1348,209.563,20.003921673376688,0.04673177521857845,20.145240678270866,0.00021707204512829968,19.977127238966986,0.04511769004999616,26.58756078460208,2.7043521815055596
2002 TP178,84397,MBO,MBO,21163615973816400,745279800420073533,18.372278,3.2042246,2.97847,151.0127658552451,1.43327497327892,2025051900244,74,60815.0618239676,y,151.0127753645658,1.4332766207121959,22.04372215270996,34272.6,1525.91,False,30423.0,25.4464,34801.0,1516.03,False,164.026,179.464,20.062632319801104,0.04833994776531203,20.191994906410606,0.0009081312632807435,20.046020691265575,0.047297741165717784,25.862718258149012,1.1879248777295544
2002 TP178,84397,MBO,MBO,21163615973816400,745279800555864114,18.372288,3.2042246,2.9784768,151.0128373377855,1.4332731239125016,2025051900245,77,60815.062296702374,y,151.0128341726413,1.433275556579562,22.137876510620117,33698.6,1497.85,False,30393.8,36.7875,35584.0,1477.55,False,26.9949,463.384,20.080970303184486,0.04825927107905437,20.193037468695245,0.001314133736129432,20.021863086085137,0.04508289069117686,27.821795702544144,18.637327535398114
2002 TP178,84397,MBO,MBO,21163615973816400,745279800824299573,18.37231,3.204225,2.9784915,151.01299512982465,1.433269040198378,2025051900247,77,60815.063340557,y,151.0130015894655,1.4332604322451088,22.992713928222656,34115.0,1468.35,False,30514.5,0.943656,34406.2,1463.17,False,-35.9238,576.685,20.06763656096019,0.046731371236974,20.188734354619115,3.357621831248568e-05,20.058408250843257,0.04617239702440706,nan,nan
2002 TP178,84397,MBO,MBO,21163615973816400,745279800956944408,18.372322,3.204225,2.9784985,151.01306708094504,1.433267177447123,2025051900248,74,60815.06381628492,y,151.01306823689896,1.4332530502967276,23.19321060180664,36022.6,1543.66,False,30836.1,5.52257,39920.3,1535.73,False,225.763,193.228,20.008562313783003,0.046526555946803244,20.17735140025983,0.0001944491817349761,19.897015487903985,0.04176816326270191,25.515868078972943,0.9292693287798219
2002 TP178,84397,MBO,MBO,21163615973816400,745279801094307869,18.372337,3.2042253,2.9785082,151.01317184191953,1.433264464572832,2025051900249,80,60815.06450992622,y,151.01314548255962,1.4332482449529977,19.754274368286133,36954.4,1840.23,False,35755.0,6.32954,39431.6,1847.49,False,325.076,110.544,19.980834657486113,0.0540667525208248,20.016658044057777,0.00019220278266243184,19.910388957923672,0.050870030403059506,25.12003776950798,0.3692109715068638
2002 TP178,84397,MBO,MBO,21163615973816400,745279801500631074,18.37237,3.2042258,2.9785297,151.01339893480068,1.4332585809530596,2025051900252,87,60815.0660111598,y,151.01341196780163,1.4332712084004071,17.187028884887695,35378.3,2044.84,False,35849.2,21.4861,35374.8,2049.78,False,-249.711,104.321,20.02815757519155,0.06275476025700309,20.013801352344863,0.0006507324112034345,20.02826499314598,0.06291259146192583,nan,nan
2002 TP178,84397,MBO,MBO,21163615973816400,745279801651625992,18.37238,3.204226,2.9785366,151.0134734838845,1.4332566486539702,2025051900253,119,60815.0665048862,y,151.01346986310483,1.4332449767710522,23.067075729370117,39413.4,1658.52,False,37505.8,31.5621,39867.5,1648.9,False,-599.756,524.323,19.910890290721014,0.045687895561118165,19.96475389385006,0.0009136750413163305,19.89845249275059,0.04490551086807327,nan,nan
2002 TP178,84397,MBO,MBO,21163615973816400,745279801769066508,18.37239,3.204226,2.9785433,151.01354546723402,1.4332547824610753,2025051900254,87,60815.06698084937,y,151.01354531499211,1.4332595951146019,22.308982849121094,36814.8,1634.69,False,35790.9,4.39559,37744.3,1623.83,False,-780.347,243.715,19.98494386327975,0.0482100137790953,20.01556849909685,0.00013334258782001228,19.95787153896859,0.046710389043296205,nan,nan
2002 TP178,84397,MBO,MBO,21163615973816400,745279801899614240,18.3724,3.2042263,2.9785502,151.01361715300433,1.433252923596108,2025051900255,80,60815.06745496728,y,151.0136230751492,1.4332739368161675,22.841209411621094,38088.2,1655.94,False,34272.4,17.8575,37075.8,1634.91,False,-885.242,575.951,19.94802389992072,0.04720396301657513,20.062638754702746,0.0005657186319965557,19.977273650234967,0.04787707826202726,nan,nan
2002 TP178,84397,MBO,MBO,21163615973816400,745279802033307717,18.372412,3.2042263,2.978557,151.01369217121166,1.4332509779058906,2025051900256,79,60815.06795073539,y,151.01368963713014,1.43324147039593,22.485736846923828,36897.9,1623.68,False,33207.0,7.14313,36556.9,1616.76,False,-1023.89,515.829,19.982495922203192,0.04777746955544584,20.096925894585542,0.00023355180133504685,19.992576644532207,0.048017609590396367,nan,nan
2002 TP178,84397,MBO,MBO,21163615973816400,745279802171719705,18.372421,3.2042265,2.978564,151.01376432080548,1.4332491062192456,2025051900257,87,60815.06842792957,y,151.01376984701798,1.433240110318272,23.29880142211914,37865.5,1601.48,False,37297.6,1.53568,37580.9,1589.58,False,-1103.17,137.534,19.95439076025653,0.04592002735974076,19.970797736943553,4.4703770898398525e-05,19.962582103844152,0.04592398213993365,nan,nan
2002 TP178,84397,MBO,MBO,21163615973816400,745279802302267422,18.372433,3.2042267,2.9785707,151.0138360215128,1.4332472457922814,2025051900258,80,60815.06890175534,y,151.0138337423883,1.4332386199753555,21.744041442871094,36102.0,1635.37,False,32972.4,49.9468,36683.7,1641.52,False,-971.338,257.719,20.00617184531175,0.049182328177770095,20.10462365198697,0.0016446801535055008,19.988817190323694,0.0485844599644245,nan,nan
2002 TP178,84397,MBO,MBO,21163615973816400,745279802436485149,18.372442,3.2042267,2.9785779,151.01391105539767,1.433245298468495,2025051900259,80,60815.06939779273,y,151.01391483866962,1.4332328145723738,23.184722900390625,38726.3,1647.23,False,35098.4,8.02554,39482.9,1652.79,False,-546.636,155.086,19.92998496441696,0.04618197946300774,20.03678175054663,0.00024826260201833554,19.90897743324258,0.045449905029499756,nan,nan
2002 TP178,84397,MBO,MBO,21163615973816400,745279802570702898,18.372454,3.204227,2.9785845,151.01398276619318,1.43324343699602,2025051900260,80,60815.06987171872,y,151.0139824629943,1.4332329717921344,22.54315757751465,39117.1,1737.58,False,34421.8,0.539964,40717.9,1740.71,False,-33.969,120.177,19.919083330905273,0.04822835515909433,20.057916033096205,1.7031604179579647e-05,19.875536613057793,0.04641575079013317,nan,nan
2002 TP178,84397,MBO,MBO,21163615973816400,745279802704920619,18.372467,3.204227,2.9785929,151.014072033452,1.433241119258566,2025051900261,80,60815.07046171026,y,151.0140731755614,1.4332427059899289,21.84037208557129,36881.2,1664.92,False,32730.8,9.24671,38046.7,1664.69,False,64.9328,139.762,19.982987414977533,0.04901315597188947,20.112608423132084,0.00030672905614137816,19.949207537329706,0.04750514962387941,26.868839668331745,2.336949209148536
2002 TP178,84397,MBO,MBO,21163615973816400,745279802837565457,18.372477,3.2042272,2.9785995,151.01414360402788,1.4332392605718105,2025051900262,77,60815.07093486421,y,151.01413980091306,1.4332446978760836,22.326913833618164,34437.3,1511.61,False,30159.6,14.3747,34717.7,1506.09,False,8.92489,461.384,20.05742724044349,0.047657907307987475,20.201436070847937,0.0005174847140658272,20.04862265932281,0.04710036783286938,29.02349287272257,56.12857306421917
2002 TP178,84397,MBO,MBO,21163615973816400,745279802971783227,18.372488,3.2042274,2.9786072,151.0142241080517,1.4332371694308546,2025051900263,77,60815.071466671,y,151.0142320467924,1.4332396671506518,22.106698989868164,35659.8,1590.3,False,33698.9,9.93788,36654.6,1587.11,False,-90.1357,148.67,20.019552718510568,0.04841996594521612,20.08096073820253,0.0003201860042817488,19.989678742341816,0.047011362791411763,nan,nan
2002 TP178,84397,MBO,MBO,21163615973816400,745279803106000913,18.372498,3.2042274,2.978614,151.01429599193992,1.4332353017992303,2025051900264,77,60815.07194161648,y,151.0143151684561,1.4332423493578634,22.278457641601562,39852.4,1740.47,False,37266.0,7.15981,40833.9,1745.45,False,133.895,145.343,19.898863840824838,0.047417253028077644,19.97171805092701,0.00020859939376617205,19.8724478893382,0.04640992601970723,26.083089066382932,1.178566449015786
2002 TP178,84397,MBO,MBO,21163615973816400,745279803240218678,18.372509,3.2042277,2.978621,151.01437090782704,1.433233354987641,2025051900265,77,60815.0724362451,y,151.01437289558228,1.4332320773366107,21.83199691772461,41851.9,1860.52,False,42804.4,13.6995,43622.3,1860.08,False,296.739,101.798,19.845712093147494,0.04826624407251252,19.82127900509627,0.00034748866404280026,19.800728580143552,0.04629641527073103,25.21906337798486,0.37246794422826923
2002 TP178,84397,MBO,MBO,21163615973816400,745279803378106404,18.372519,3.2042277,2.978628,151.01444310473624,1.4332314784429965,2025051900266,84,60815.072913340686,y,151.01445521315753,1.4332228071647817,19.637468338012695,36135.0,1825.29,False,31718.6,0.252941,37665.2,1823.0,False,300.105,180.18,20.00517985236494,0.05484387656273797,20.146714988076067,8.658238957393678e-06,19.960149327887994,0.05254975792850079,25.206816882268072,0.6518649614619814
2002 TP178,84397,MBO,MBO,21163615973816400,745279803508129820,18.37253,3.204228,2.9786348,151.01451848549146,1.433229518735918,2025051900267,76,60815.0734113994,y,151.01451199714825,1.4332219699626418,19.437795639038086,36339.7,1843.55,False,36591.9,20.6994,37130.4,1844.61,False,275.558,191.177,19.99904667909842,0.05508050634231868,19.991537645349993,0.000614182070351691,19.975675976094365,0.053938549787600945,25.29946738521364,0.7532634946370523
2002 TP178,84397,MBO,MBO,21163615973816400,745279803642347562,18.37254,3.2042282,2.9786417,151.01459054150337,1.4332276450749482,2025051900268,76,60815.07388749375,y,151.0145824103289,1.4332241342363707,16.050230026245117,36463.8,2188.44,False,35095.5,33.2936,38556.6,2203.01,False,623.386,133.639,19.995345162276305,0.0651623918904614,20.036871414708408,0.0010299914497676253,19.934753131146074,0.0620357508212923,24.41310741214495,0.23275580790573053
2002 TP178,84397,MBO,MBO,21163615973816400,745279803775516718,18.372551,3.2042282,2.9786484,151.01466260255822,1.433225770903564,2025051900269,74,60815.07436365423,y,151.01466376781252,1.4332360949226686,19.96896743774414,39660.0,1938.17,False,36186.9,32.1636,40383.9,1951.61,False,361.359,173.405,19.90411822532679,0.05305954078893294,20.003621596194847,0.0009650229089492291,19.884479397472287,0.05246976395661836,25.005152784296524,0.5210111846709836
2002 TP178,84397,MBO,MBO,21163615973816400,745279803914977299,18.372562,3.2042284,2.9786558,151.01474011937572,1.433223754415794,2025051900270,84,60815.07487590716,y,151.0147592264337,1.4332214379360944,19.160926818847656,37940.0,1928.88,False,36372.2,14.0038,39959.1,1937.95,False,402.885,116.08,19.95225668361839,0.0551991264084161,19.99807609712318,0.0004180234744267638,19.895960712453665,0.05265639973675405,24.887047228011944,0.3128243979831472
2002 TP178,84397,MBO,MBO,21163615973816400,745279804045525000,18.372572,3.2042284,2.9786625,151.01481234247166,1.4332218752433092,2025051900271,77,60815.07535216378,y,151.0148195885304,1.4332332906045613,20.98370361328125,39734.9,1887.03,False,37030.2,14.0997,40446.1,1888.3,False,241.455,118.307,19.90206973175863,0.05156215072491113,19.978609878709022,0.00041340730163592736,19.88280832984409,0.05068957573800136,25.442909483992835,0.5319839777214936
2002 TP178,84397,MBO,MBO,21163615973816400,745279804178169870,18.372583,3.2042286,2.97867,151.0148895679393,1.4332198654953352,2025051900272,74,60815.0758623623,y,151.01490001816163,1.4332241782932984,19.65630531311035,38861.0,1955.05,False,37617.0,25.9998,40113.5,1969.04,False,-87.5064,107.402,19.9262150700139,0.05462207920863704,19.96153960725102,0.0007504299620272074,19.891773607800083,0.05329522627116849,nan,nan
2002 TP178,84397,MBO,MBO,21163615973816400,745279804313960478,18.372595,3.2042289,2.978677,151.0149669507494,1.4332178512194855,2025051900273,77,60815.07637350922,y,151.01497032600545,1.433219633029213,19.725879669189453,35942.3,1815.58,False,34272.9,36.5739,37759.7,1817.21,False,-438.015,105.488,20.01098531440743,0.0548445939206564,20.062622915013456,0.001158629919282104,19.957428684515257,0.05225175748373624,nan,nan
2002 TP178,84397,MBO,MBO,21163615973816400,745279804446605337,18.372604,3.2042289,2.9786844,151.01504433953707,1.433215836355197,2025051900274,74,60815.07688456784,y,151.0150427837615,1.433209120087051,22.93781089782715,41543.0,1779.85,False,40674.4,20.5346,44181.4,1788.88,False,-736.108,89.9643,19.85375536095625,0.04651680325281094,19.876697153581087,0.0005481373731692373,19.78690135470165,0.043960849044122535,nan,nan
2002 TP178,84397,MBO,MBO,21163615973816400,745279804582395950,18.372616,3.204229,2.9786913,151.01512006824586,1.43321386429399,2025051900275,77,60815.07738493587,y,151.0151257594892,1.4332174626648149,24.368873596191406,38700.3,1585.03,False,34108.5,3.14256,39040.5,1584.45,False,-908.232,193.407,19.930714149007663,0.04446798742376262,20.067843448186792,0.00010003345715166289,19.921211572169458,0.044064360769317884,nan,nan
2002 TP178,84397,MBO,MBO,21163615973816400,745279804715040817,18.372625,3.2042294,2.9786983,151.0151918643465,1.4332119942613597,2025051900276,74,60815.07785895851,y,151.01519097314974,1.4332163485947707,20.28742027282715,37310.6,1808.81,False,35781.6,12.3274,37923.0,1801.81,False,-903.445,86.399,19.970419371825148,0.0526362611671147,20.0158505614486,0.00037405549588014845,19.952743284880924,0.05158585593736257,nan,nan
2002 TP178,84397,MBO,MBO,21163615973816400,745279804850831374,18.372637,3.2042294,2.978706,151.0152727548453,1.4332098869086165,2025051900277,77,60815.07839298821,y,151.01527312596315,1.4331962713775583,19.994009017944336,36661.3,1800.81,False,35473.6,10.7961,35930.4,1796.59,False,-788.896,80.7183,19.98948032469631,0.05333156862529574,20.025236790638907,0.00033043490815010487,20.011344917032336,0.054288926809129084,nan,nan
2002 TP178,84397,MBO,MBO,21163615973816400,745279804983476240,18.372648,3.2042296,2.9787126,151.0153447134534,1.4332080118550008,2025051900278,74,60815.07886782832,y,151.01533948465448,1.4332035737630395,22.999526977539062,40948.4,1768.76,False,40471.9,21.2712,41153.8,1788.3,False,-644.125,106.185,19.86940769894438,0.04689821466551421,19.88211605860392,0.0005706406925735643,19.86397512275153,0.047179654640016735,nan,nan
2002 TP178,84397,MBO,MBO,21163615973816400,745279805120839696,18.372662,3.2042298,2.9787216,151.0154415250477,1.433205488613101,2025051900279,80,60815.079506076014,y,151.01544982053102,1.4331893361159231,22.991012573242188,42817.6,1829.26,False,40745.4,13.9613,42187.2,1826.5,False,-486.761,99.1872,19.820944158656285,0.04638498533411982,19.874803577496742,0.0003720245560019611,19.837048265486857,0.0470070830658353,nan,nan
2002 TP178,84397,MBO,MBO,21163615973816400,745279805255057418,18.372671,3.2042298,2.9787285,151.01551379907846,1.4332036044687146,2025051900280,80,60815.079983128235,y,151.01551338876223,1.4331899633981682,21.770803451538086,38250.1,1729.05,False,36960.2,23.7557,38738.8,1726.59,False,-365.026,123.504,19.943418518401742,0.04907940531305633,19.980664241399666,0.0006978431715754564,19.929634569144678,0.048391307909834716,nan,nan
2002 TP178,84397,MBO,MBO,21163615973816400,745279805389275142,18.372683,3.20423,2.9787352,151.01558562378008,1.4332017316697638,2025051900281,80,60815.08045722329,y,151.01559618001997,1.4331928362897453,19.118581771850586,36937.5,1891.28,False,36845.6,9.85905,38671.8,1893.48,False,-418.871,111.787,19.98133125443667,0.05559204605464996,19.984035871354024,0.00029051845689157413,19.931514010523898,0.053160694000482143,nan,nan
2002 TP178,84397,MBO,MBO,21163615973816400,745279805527162915,18.372694,3.20423,2.9787433,151.01567185068333,1.433199482855645,2025051900282,87,60815.0810264781,y,151.01568011775484,1.4332104578418992,24.00301170349121,42779.0,1762.53,False,41374.1,2.90926,43368.4,1758.73,False,-336.02,100.092,19.821923429235785,0.04473322575985936,19.858178559516997,7.63445930978682e-05,19.807066539313308,0.0440301436757081,nan,nan
2002 TP178,84397,MBO,MBO,21163615973816400,745279805795598338,18.372715,3.2042305,2.9787571,151.01581992417186,1.433195619842952,2025051900284,87,60815.08200349407,y,151.01581419088743,1.433180829585618,22.530189514160156,39496.7,1735.06,False,38955.4,6.66812,36237.1,1712.83,False,-656.216,92.6156,19.90859799327443,0.047695568498308936,19.923580873273888,0.00018584893215058566,20.002116367012952,0.05131981907204585,nan,nan
2002 TP178,84397,MBO,MBO,21163615973816400,745284180510244939,18.387747,3.2044988,2.9916341,151.15921987032502,1.4288936245138957,2025052000110,129,60815.997173178526,g,151.15921784530454,1.4288972206242252,47.00654983520508,9921.13,211.233,False,9599.53,2.04058,10263.5,213.557,False,163.292,17.8198,21.408597161870738,0.02311665307320466,21.444375043610737,0.00023079583675347296,21.371761283372123,0.022591374687149283,25.867587679721723,0.11848468089707018
2002 TP178,84397,MBO,MBO,21163615973816400,745284180644462653,18.387758,3.2044988,2.9916425,151.15931039389682,1.428890346763679,2025052000111,129,60815.99776202555,g,151.15930776254487,1.4288884200034815,47.60253143310547,10020.9,207.197,False,9438.82,2.32998,10267.8,207.511,False,144.434,15.7252,21.397733137012253,0.02244920939310758,21.46270570381694,0.00026801479912566696,21.371306518818955,0.021942598374938935,26.000826359620767,0.11820913332380487
2002 TP178,84397,MBO,MBO,21163615973816400,745284180778680371,18.387772,3.204499,2.9916534,151.15942812639693,1.428886082771192,2025052000112,129,60815.99852844935,g,151.1594239884882,1.4288778058552796,47.51665115356445,9547.46,197.213,False,9599.13,2.33953,9780.97,197.356,False,163.432,10.1927,21.4502803856153,0.02242704261047043,21.444420329958234,0.00026461902740341646,21.42404521323109,0.02190749623656018,25.8666572160359,0.06771368746938941
2002 TP178,84397,MBO,MBO,21163615973816400,745284180913422403,18.387781,3.2044992,2.99166,151.15950128994993,1.4288834323696158,2025052000113,130,60815.999004494544,g,151.15951066988958,1.4288792641780255,56.37677001953125,9050.48,160.127,False,8773.57,1.48196,9103.77,156.959,False,148.406,8.44945,21.508320911272076,0.019209552538871064,21.542059097690622,0.00018339371907855076,21.501946863250502,0.01871928633299042,25.97137130797255,0.061816051323842394
2002 TP178,84397,MBO,MBO,21163615973816400,745284181048688673,18.38779,3.2044995,2.9916677,151.15958321762392,1.42888046394534,2025052000114,132,60815.99953748862,g,151.15958830806412,1.42887761425596,59.28838348388672,8802.32,147.709,False,8353.9,0.398268,9016.98,147.306,False,142.406,11.354,21.53850707925882,0.01821940158701877,21.595276768589326,5.176192939662986e-05,21.512347177571122,0.017737141348738012,26.01617923572643,0.08656551311746777
2002 TP178,84397,MBO,MBO,21163615973816400,745284181181333538,18.387806,3.2044997,2.9916785,151.15970081190127,1.4288762022518864,2025052000115,129,60816.000302056374,g,151.1596970353656,1.4288751731154699,61.06438064575195,9034.4,145.594,False,8553.44,0.878271,9233.44,143.832,False,148.429,11.0488,21.510251665224203,0.01749719558564791,21.5696479122754,0.0001114838657527314,21.486591120883727,0.016912830248613352,25.971203089951008,0.08082034251176505
2002 TP178,84397,MBO,MBO,21163615973816400,745284181447671817,18.387829,3.2045,2.991696,151.15989082173928,1.4288693137185904,2025052000117,125,60816.00153897185,g,151.15989482317008,1.4288712685497245,52.85239028930664,8268.75,154.945,False,7797.6,1.15511,8479.29,153.281,False,163.754,8.18363,21.606400346171057,0.02034520383351992,21.67009760376089,0.0001608372747344718,21.579101272962372,0.019626966030951654,25.864520221432457,0.054259825624427174
2002 TP178,84397,MBO,MBO,21163615973816400,745284181583986738,18.387838,3.2045002,2.9917035,151.15997276519087,1.4288663420446792,2025052000118,129,60816.002071902825,g,151.15997728102647,1.428868031830132,59.64944839477539,8564.0,143.145,False,8210.33,0.279499,8782.44,141.789,False,146.573,7.12063,21.568308353443996,0.018147794683426897,21.61409845670606,3.696102038190592e-05,21.54096196824227,0.017528778425470293,25.984865072179637,0.05274590588940419
2002 TP178,84397,MBO,MBO,21163615973816400,745284181718204473,18.38785,3.2045002,2.9917111,151.16005486573422,1.428863364112503,2025052000119,129,60816.00260581951,g,151.1600626787098,1.4288646587647669,54.813995361328125,8002.5,145.319,False,7404.89,0.661451,8143.77,143.052,False,152.209,6.57782,21.641935792959572,0.019716101193916764,21.726203451354824,9.698473112665288e-05,21.622936248329566,0.01907184722937183,25.943899170888926,0.04692085979615518
2002 TP178,84397,MBO,MBO,21163615973816400,745284181988212743,18.387873,3.2045007,2.9917278,151.16023722121335,1.4288567477517065,2025052000121,132,60816.003791225885,g,151.16023512110783,1.4288579895436233,58.90470504760742,8177.51,137.755,False,7502.0,0.514433,8278.54,134.55,False,121.043,12.4255,21.618447321414813,0.018289870691028304,21.71205735046324,7.445195435779316e-05,21.605115616034425,0.017646325194333866,26.19265080918183,0.11145473263828072
2002 TP178,84397,MBO,MBO,21163615973816400,745284182249832507,18.38789,3.204501,2.9917414,151.16038422505005,1.4288514120412992,2025052000123,119,60816.00474765939,g,151.16038933675364,1.4288506110868509,52.941253662109375,7876.55,147.969,False,7505.0,1.0615,8110.85,146.476,False,117.529,9.14665,21.659159941337315,0.020396658194748,21.711623258551775,0.000153565480428282,21.62733406256922,0.019607598730124774,26.224637403810323,0.08449701312239297
2002 TP178,84397,MBO,MBO,21163615973816400,745284182384050236,18.3879,3.2045012,2.991748,151.16045773118734,1.4288487433640624,2025052000124,119,60816.00522575411,g,151.16046606438167,1.4288483190257875,51.84062194824219,7780.37,149.773,False,7231.21,0.360603,7906.8,148.136,False,96.1266,7.00638,21.672499357130892,0.020900543381866723,21.75197257094308,5.4143046579450454e-05,21.65499814283178,0.02034155715636929,26.442891021512565,0.079136059597228
2002 TP178,84397,MBO,MBO,21163615973816400,745284182518267951,18.387915,3.2045014,2.9917607,151.16059321760792,1.4288438232969352,2025052000125,119,60816.00610655401,g,151.16059950829757,1.428843000829055,50.9761848449707,7642.69,148.812,False,7015.77,0.484055,7754.98,147.62,False,68.951,6.22297,21.691884397703717,0.02114053736284234,21.784811639500404,7.491067276496827e-05,21.676048297457395,0.020667541843900523,26.803648633820814,0.09798993767460379
2002 TP178,84397,MBO,MBO,21163615973816400,745284182652485709,18.38793,3.2045016,2.9917707,151.1607022596093,1.428839862441462,2025052000126,119,60816.00681531953,g,151.1606983313205,1.4288354203629217,51.39570999145508,7541.88,144.92,False,6994.04,0.666058,7628.54,143.446,False,53.8576,8.83536,21.70630097187291,0.020862820841801723,21.788179714491392,0.00010339707597709724,21.69389642498438,0.020416031626298122,27.071882485261007,0.17811542963696908
2002 TP178,84397,MBO,MBO,21163615973816400,745284182790373455,18.38794,3.2045016,2.9917781,151.16078423761516,1.4288368840215846,2025052000127,126,60816.0073481772,g,151.1607952122405,1.4288343320151742,51.613712310791016,7399.16,144.578,False,7070.77,1.22192,7438.15,141.978,False,58.7753,8.79555,21.72704393047169,0.021215052638074678,21.77633322044993,0.00018762918242742988,21.721337683689352,0.020724327078247905,26.97701288083277,0.16247722431986597
2002 TP178,84397,MBO,MBO,21163615973816400,745284183327244320,18.38798,3.2045023,2.9918094,151.1611214162741,1.428824627915354,2025052000131,126,60816.00954093928,g,151.16112982229814,1.4288243304075459,39.889461517333984,7143.34,178.191,False,6922.8,1.36885,7223.05,177.411,False,6.30481,6.95401,21.76524671965769,0.02708374766771454,21.799295568117387,0.00021468337059342706,21.75319847640791,0.0266676190981685,29.400819983558904,1.197533372042882
2002 TP178,84397,MBO,MBO,21163615973816400,745284183457792032,18.38799,3.2045026,2.9918177,151.16121233604525,1.4288213214961396,2025052000132,119,60816.01013182878,g,151.1612200130707,1.4288209089628798,41.75054931640625,7282.46,173.782,False,6903.52,0.447606,7340.99,172.86,False,-2.8872,6.87213,21.744304736126537,0.025909020801921517,21.802323528499848,7.03962667431396e-05,21.735613384161333,0.02556608237105901,nan,nan
2002 TP178,84397,MBO,MBO,21163615973816400,745284183571562548,18.388002,3.2045026,2.991826,151.16130326043856,1.4288180142420994,2025052000133,80,60816.010722717605,g,151.16130410598944,1.428808274889929,38.16792297363281,7259.27,188.51,False,6955.72,0.257136,7314.22,187.969,False,-11.6249,12.5527,21.74776762263984,0.028194587808988,21.794144738177486,4.013701562381586e-05,21.739579920409298,0.027902460729343107,nan,nan
2002 TP178,84397,MBO,MBO,21163615973816400,745284183726227500,18.388012,3.2045028,2.9918337,151.16138541944738,1.4288150252454583,2025052000134,119,60816.01125654897,g,151.16138858637711,1.4288109876987805,45.409576416015625,7444.92,163.001,False,7119.15,0.637134,7542.09,161.905,False,-13.5655,7.52899,21.720349922977913,0.023771389975448608,21.768929655922943,9.716883019261119e-05,21.706270746117276,0.023307348831395094,nan,nan
2002 TP178,84397,MBO,MBO,21163615973816400,745284183839998012,18.388021,3.204503,2.9918404,151.1614581964799,1.4288123771185854,2025052000135,80,60816.011729216334,g,151.16145874298013,1.428809548104803,47.80683135986328,7696.27,160.399,False,7166.96,0.231102,7906.87,161.207,False,0.760274,7.6808,21.684299259281357,0.02262797476156128,21.76166255440187,3.501007607204271e-05,21.654988487789364,0.022136227680684205,31.697574663343584,10.968838439660574
2002 TP178,84397,MBO,MBO,21163615973816400,745284183994662944,18.388031,3.204503,2.991847,151.16153082262286,1.4288097340592625,2025052000136,119,60816.01220191838,g,151.16153327634615,1.4288079415596797,47.07327651977539,7268.08,153.258,False,6971.11,0.0574042,7311.88,151.846,False,25.3385,11.5872,21.746450740938826,0.022894320468253092,21.791745182040945,8.940587807678646e-06,21.73992737916074,0.022547511014325776,27.890547785516198,0.4965030760635155
2002 TP178,84397,MBO,MBO,21163615973816400,745284184128356363,18.388042,3.2045033,2.9918554,151.16162099410266,1.4288064518917356,2025052000137,118,60816.01278751195,g,151.1616279201317,1.4287990770129855,42.35442352294922,7514.22,177.966,False,7102.97,0.137497,7554.54,176.413,False,30.4645,11.4823,21.7102902036813,0.025714462392957105,21.771400016169405,2.1017329197652023e-05,21.704479931746576,0.025354022085122475,27.69051484817089,0.4092221581512202
2002 TP178,84397,MBO,MBO,21163615973816400,745284184263098392,18.388052,3.2045035,2.9918637,151.1617119396884,1.4288031408908184,2025052000138,119,60816.013378554475,g,151.16171471982437,1.4288066833010662,44.0520133972168,7354.05,166.77,False,6947.27,0.496186,7405.8,165.531,False,23.613,8.67631,21.733683583085313,0.024621567206529544,21.79546455268691,7.754514941187247e-05,21.726070080194788,0.02426787258788684,27.96712204221874,0.39894054519823063
2002 TP178,84397,MBO,MBO,21163615973816400,745284184376868903,18.388062,3.2045035,2.9918704,151.16178473033224,1.4288004903719995,2025052000139,80,60816.013851595686,g,151.16179223343622,1.4287911099790684,41.164608001708984,7689.52,185.934,False,7114.07,0.724458,7801.55,184.861,False,15.5745,7.95041,21.68525192012408,0.026253300753745053,21.76970469137992,0.00011056543951368881,21.669547786618224,0.025726974428844328,28.41896471147582,0.5542423713686248
2002 TP178,84397,MBO,MBO,21163615973816400,745284184670994446,18.388083,3.204504,2.9918861,151.1619549465031,1.4287942906669044,2025052000141,129,60816.01495770269,g,151.16195775742614,1.4287908934847258,47.81159591674805,7365.94,152.522,False,7127.05,0.785088,7430.53,152.295,False,19.1274,9.1843,21.731929566276136,0.022481674054546343,21.767725515724965,0.00011960046467925296,21.722450551544895,0.02225308263293906,28.195860181262415,0.5213321085889756
2002 TP178,84397,MBO,MBO,21163615973816400,745284184939429891,18.388157,3.204505,2.991942,151.1625623871578,1.4287721475614117,2025052000143,129,60816.0189032681,u,151.1625360451065,1.4288279710805623,5.898216724395752,2123.14,357.717,False,2648.11,36.4454,2092.77,351.206,False,-106.177,18.981,23.08255347363687,0.18293015486791903,22.842659902639404,0.014942766323965946,23.098196237247322,0.18220686414545104,nan,nan
2002 TP178,84397,MBO,MBO,21163615973816400,745284185207865364,18.388178,3.2045054,2.9919581,151.16273730289294,1.4287657660055606,2025052000145,129,60816.02003969657,u,151.16276085595263,1.428835872991157,5.029869079589844,1711.89,332.559,False,1769.02,99.4322,1504.52,323.944,False,-165.37,19.8934,23.316310353185823,0.21091970459006965,23.28066813066696,0.06102652068905807,23.456505072627785,0.233774044089371,nan,nan
2002 TP178,84397,MBO,MBO,21163615973816400,745284186276364291,18.388659,3.204513,2.9923265,151.1667384847125,1.4286191676537647,2025052000153,119,60816.045988970014,u,151.1666865877567,1.4286144890679455,9.017450332641602,3525.34,385.393,False,3793.57,11.295,3666.37,377.552,False,163.349,12.2953,22.53199745117093,0.11869355255376507,22.45237972494627,0.003232678003725863,22.489409238683663,0.11180591827806897,25.867208806168932,0.08172349954947092
2002 TP178,84397,MBO,MBO,21163615973816400,745284186548469773,18.38868,3.2045133,2.9923432,151.16691948018988,1.4286125093324649,2025052000155,126,60816.047160759714,u,151.16696927011978,1.4286409609648547,10.2548246383667,3549.55,350.485,False,3485.29,0.550237,3816.62,342.674,False,212.094,22.6977,22.524566739683387,0.1072063311083461,22.54440268729867,0.0001714096173889075,22.44580266223071,0.09748247637933198,25.58367907303338,0.1161924235431074
2002 TP178,84397,MBO,MBO,21163615973816400,745284186678493208,18.38869,3.2045135,2.9923518,151.1670123045711,1.428609093720211,2025052000156,118,60816.04776117539,u,151.1670060710893,1.4286464943629262,6.863519191741943,2523.36,361.292,False,2985.63,16.1613,2731.24,351.178,False,235.907,13.4729,22.895051917794127,0.1554545446182635,22.71241007777575,0.005877121388242338,22.809100343338645,0.13960204159485334,25.46814794124696,0.06200755331981608
2002 TP178,84397,MBO,MBO,21163615973816400,745284186812710934,18.3887,3.2045135,2.99236,151.16710328224377,1.4286057454963392,2025052000157,118,60816.0483507521,u,151.16709625422314,1.4286203265468056,8.185166358947754,3044.29,360.993,False,2891.46,38.5075,3288.13,350.873,False,225.74,21.5487,22.691284933331374,0.1287469909875442,22.747207042867764,0.01445947277092072,22.60762758984739,0.11585780293814146,25.515978671808064,0.10364225900287322
2002 TP178,84397,MBO,MBO,21163615973816400,745284187061223626,18.388721,3.204514,2.992376,151.16727815106194,1.4285993082901465,2025052000159,80,60816.04948290947,u,151.16725190166798,1.428577251920321,11.01025676727295,3668.07,327.617,False,3544.15,12.0437,3670.08,317.684,False,179.36,23.578,22.48890594231203,0.09697351368335308,22.526219794005403,0.0036895395867727,22.48831114924144,0.09398187581530298,25.765686008178058,0.14272684649747144
2002 TP178,84397,MBO,MBO,21163615973816400,745284187195441311,18.388733,3.2045143,2.9923851,151.1673748648235,1.4285957472201043,2025052000160,80,60816.050108495045,u,151.1673519480331,1.4286240764098066,11.04332447052002,3971.81,355.157,False,4157.05,27.801,4147.35,346.672,False,157.533,25.232,22.402528821688513,0.09708591841842577,22.353036930692976,0.007261051537212362,22.35557325553581,0.09075538103420552,25.906571108117294,0.1739019473481508
2002 TP178,84397,MBO,MBO,21163615973816400,745284187463876802,18.388756,3.2045145,2.9924023,151.16756259784023,1.4285888329785938,2025052000162,80,60816.051323338674,u,151.16756254073783,1.4285512028027356,10.878198623657227,3752.28,348.736,False,3696.62,16.2379,3676.52,337.206,False,56.1011,24.8519,22.46426189518854,0.10090805854813566,22.480487943411752,0.004769241935005872,22.486407662121067,0.09958241865264447,27.027571540286605,0.4809639606549543
2002 TP178,84397,MBO,MBO,21163615973816400,745284187598094349,18.388767,3.2045147,2.9924111,151.16765917956914,1.428585274945854,2025052000163,80,60816.051948159235,u,151.1676681772417,1.428564116739934,9.568957328796387,4499.43,463.803,False,5647.78,30.7608,4049.16,451.648,False,8.10942,41.1937,22.267106208441383,0.11191810942941777,22.020305613440552,0.00591349430661265,22.381587678617795,0.12110428019232823,29.12752553919965,5.515251554751453
2002 TP178,84397,MBO,MBO,21163615973816400,745284187732312214,18.388777,3.204515,2.9924195,151.16775020527444,1.428581921031451,2025052000164,80,60816.0525374446,u,151.1678110295817,1.4286069852650762,9.777070999145508,3429.85,351.323,False,3864.8,41.8396,3420.14,344.736,False,-40.5115,33.9173,22.561812151192882,0.11121305237343095,22.43218242508658,0.011753976276795152,22.564890324529095,0.10943773056724664,nan,nan
2002 TP178,84397,MBO,MBO,21163615973816400,745284187866005522,18.388788,3.204515,2.9924276,151.16783768298362,1.4285786973321293,2025052000165,79,60816.05310390027,u,151.16782430418644,1.4285781582042052,11.918370246887207,4434.82,371.214,False,4346.93,1.46207,4478.8,364.395,False,-45.6796,38.1452,22.282810049466253,0.09088091147443697,22.30454333943345,0.0003651823829557636,22.272095873505727,0.08833545808198703,nan,nan
2002 TP178,84397,MBO,MBO,21163615973816400,745284188000747724,18.388798,3.2045152,2.9924357,151.16792563074972,1.4285754558045838,2025052000166,80,60816.053672519745,u,151.16789270671708,1.4286242127894442,11.073835372924805,3784.16,339.325,False,3818.05,23.8107,3917.61,331.075,False,-31.3771,25.2874,22.455076298355795,0.09735779129053876,22.445395957412572,0.006771031845276648,22.417446971274956,0.09175495197005942,nan,nan
2002 TP178,84397,MBO,MBO,21163615973816400,745284188133392420,18.38881,3.2045155,2.9924443,151.16801868622528,1.4285720254693892,2025052000167,77,60816.05427404967,u,151.16800697755593,1.4285686247098262,12.219589233398438,4116.97,334.673,False,4136.11,8.41845,4089.3,324.73,False,36.9929,25.157,22.363555687483085,0.08826068161754665,22.358519835095287,0.0022098582100298796,22.370877555743306,0.08621796529711687,27.47970402889917,0.7383542417431278
2002 TP178,84397,MBO,MBO,21163615973816400,745284188289630224,18.38882,3.2045155,2.9924536,151.16811855116933,1.4285683434869445,2025052000168,119,60816.05492018438,u,151.16812177636172,1.4285723237935204,12.36777400970459,3596.25,286.002,False,3638.79,9.56279,3510.19,275.793,False,59.9419,44.9466,22.510375312754043,0.08634626107957702,22.497607507027293,0.0028533295738188296,22.536673456504428,0.08530548184628464,26.955673767918938,0.8141242482335292
2002 TP178,84397,MBO,MBO,21163615973816400,745284188423847946,18.38883,3.2045157,2.992462,151.1682094572974,1.4285649912493823,2025052000169,119,60816.055508450416,u,151.16819254767765,1.4285734889547868,12.319316864013672,3914.3,315.783,False,3779.37,10.7296,3909.4,307.743,False,61.1027,30.3399,22.418364716907217,0.08759088988379221,22.45645143785682,0.0030823959469426887,22.419724755552764,0.08546777962494058,26.93484900972823,0.5391108289781267
2002 TP178,84397,MBO,MBO,21163615973816400,745284188558065671,18.388842,3.204516,2.99247,151.16829758717415,1.4285617408776268,2025052000170,119,60816.05607819252,u,151.16828339833143,1.4285607189780805,9.421414375305176,3402.41,358.463,False,3478.81,3.74827,3402.36,348.585,False,42.0242,70.3023,22.570533412697127,0.11438841321405793,22.54642320720299,0.001169834631220607,22.57054930588741,0.11123788596994415,27.341251351951257,1.8163284737407963
2002 TP178,84397,MBO,MBO,21163615973816400,745284188695953414,18.388851,3.2045162,2.9924781,151.1683854144617,1.4285585011673068,2025052000171,126,60816.05664611027,u,151.16838650976666,1.4285596002845615,10.738302230834961,4458.79,416.641,False,4253.96,5.46252,4673.01,410.923,False,54.7611,41.0594,22.276957444391428,0.10145402779251332,22.328016505186266,0.0013941964477120952,22.22600827847248,0.0954746523869895,27.05381957642198,0.8140755944468296
2002 TP178,84397,MBO,MBO,21163615973816400,745284188826501168,18.388863,3.2045162,2.992486,151.16847324833262,1.4285552607178396,2025052000172,119,60816.057214772794,u,151.16845000904854,1.4285641140422725,9.395431518554688,3749.79,397.511,False,4000.99,15.4001,3751.69,391.184,False,86.3402,32.9655,22.464982622300283,0.11509766284233428,22.39458133786806,0.00417907715364896,22.464432652745046,0.11320834818910555,26.55946734485812,0.4145442766971835
2002 TP178,84397,MBO,MBO,21163615973816400,745284188940271780,18.388872,3.2045164,2.992494,151.16856062480974,1.4285520366519489,2025052000173,80,60816.057779285635,u,151.16851704499675,1.4285494247333677,7.297190189361572,3939.83,539.651,False,4033.25,21.2813,4219.83,534.607,False,95.6418,59.4561,22.411306271403085,0.14871672586779744,22.385862143805987,0.005728848310995611,22.33676259156408,0.13755107637970262,26.448380648232376,0.6749521748523364
2002 TP178,84397,MBO,MBO,21163615973816400,745284189094412297,18.388884,3.2045166,2.9925036,151.16866270122858,1.428548269561405,2025052000174,118,60816.05843995678,u,151.16865801162862,1.4285305470277472,8.533124923706055,4079.76,478.313,False,3870.55,3.14375,4419.04,473.442,False,175.522,47.4154,22.37341345839048,0.1272922248710502,22.430568281124536,0.0008818599679313958,22.286680158650768,0.1163223461657135,25.78917108320908,0.293300082588004
2002 TP178,84397,MBO,MBO,21163615973816400,745284189228630028,18.388895,3.2045166,2.9925117,151.16875086541134,1.4285450153623254,2025052000175,118,60816.05900968805,u,151.1687228854015,1.4284969622919237,6.04017972946167,3595.52,577.83,False,3597.2,20.8188,3780.87,575.498,False,217.723,39.2349,22.510595721978547,0.1744868520666011,22.510088552884145,0.006283699871182918,22.456020603841495,0.16526328057428818,25.555239189535676,0.19565572567710438
2002 TP178,84397,MBO,MBO,21163615973816400,745284189497589771,18.388973,3.204518,2.9925747,151.1694353740855,1.4285197330138215,2025052000177,119,60816.06343342403,r,151.16943590155742,1.4285203737330914,108.3388442993164,27647.1,253.053,False,25688.6,0.889417,27805.8,252.001,False,38.4934,13.2126,20.295876056894002,0.009937707786539346,20.37564892564183,3.759147033107816e-05,20.289661482822652,0.009839911433403093,27.436534302208262,0.372671618990403
2002 TP178,84397,MBO,MBO,21163615973816400,745284189631807496,18.388983,3.204518,2.9925814,151.1695092031654,1.4285170043873283,2025052000178,119,60816.0639107544,r,151.1695095028366,1.4285190982863794,99.37239837646484,27840.9,279.46,False,26413.4,0.620592,28137.0,279.472,False,57.1671,8.22194,20.288291808756707,0.01089834833812874,20.345439213205438,2.550974848962714e-05,20.276805523552106,0.010784122407565851,27.00713461482389,0.15615376906863546
2002 TP178,84397,MBO,MBO,21163615973816400,745284189745578061,18.38899,3.2045183,2.9925883,151.16958272759945,1.428514286685593,2025052000179,80,60816.06438575081,r,151.16958413894375,1.4285143678893546,90.74250793457031,27940.0,305.216,False,25361.4,1.01105,28157.0,305.296,False,35.9662,8.52731,20.284433995554593,0.011860560672243007,20.389566923788703,4.3283634089149025e-05,20.27603404790608,0.011772238146815104,27.510263558784082,0.2574197201999945
2002 TP178,84397,MBO,MBO,21163615973816400,745284189899718659,18.389072,3.2045197,2.9926531,151.17029035951077,1.4284881134135716,2025052000180,118,60816.06895572477,r,151.17029480932564,1.428480535982419,67.86714172363281,28584.3,418.87,False,26795.3,1.69854,28608.7,419.427,False,-56.2836,6.35946,20.259681067182854,0.01591021317141708,20.32985340893159,6.882424490085168e-05,20.258754720653023,0.01591778353121375,nan,nan
2002 TP178,84397,MBO,MBO,21163615973816400,745284190034460673,18.389082,3.2045197,2.9926605,151.1703688930969,1.4284852068142184,2025052000181,119,60816.069462385756,r,151.17037046433737,1.4284804547274104,77.44144439697266,28233.1,367.141,False,27521.2,1.41535,28360.5,367.379,False,-59.8133,7.84747,20.273103599057883,0.01411882761452579,20.30083161479603,5.583683625542111e-05,20.268215291856528,0.014064515039656776,nan,nan
2002 TP178,84397,MBO,MBO,21163615973816400,745284190437113888,18.389109,3.2045202,2.9926817,151.17060158406892,1.4284765925469802,2025052000184,119,60816.070964540704,r,151.1706059552035,1.4284817669411163,94.64913177490234,29839.4,315.331,False,27923.3,0.0458159,29681.6,314.517,False,-92.798,10.3694,20.21302477016156,0.011473631232827011,20.285083113908662,1.7814506149787466e-06,20.21878174409532,0.011504854743359194,nan,nan
2002 TP178,84397,MBO,MBO,21163615973816400,745284190571331602,18.389118,3.2045205,2.9926891,151.17068060513253,1.4284736664389932,2025052000185,119,60816.071474644064,r,151.1706842269415,1.4284744707901067,96.4999008178711,29526.3,304.739,False,28163.7,0.789227,29839.3,306.459,False,-98.5864,6.32434,20.224477401121423,0.011205812153615472,20.275775756213125,3.0425418571361e-05,20.2130283945536,0.011150852702033196,nan,nan
2002 TP178,84397,MBO,MBO,21163615973816400,745284190683529264,18.389126,3.2045205,2.9926963,151.1707593220316,1.4284707512266694,2025052000186,77,60816.07198260975,r,151.17075325493383,1.4284693959911727,71.53109741210938,29759.2,412.153,False,27414.3,2.06094,29976.4,414.573,False,-86.1954,7.86823,20.215946898167978,0.015037012493004747,20.305057066473623,8.162299017805993e-05,20.208051297660802,0.015015709278936164,nan,nan
2002 TP178,84397,MBO,MBO,21163615973816400,745284190817746980,18.389135,3.2045207,2.9927037,151.1708383547499,1.4284678239508664,2025052000187,77,60816.072492731924,r,151.17083983643474,1.4284642457298933,48.84162902832031,29652.7,604.449,False,28750.3,1.17293,29990.2,611.703,False,-76.1978,10.451,20.219839419117505,0.02213195267051276,20.253394018570326,4.429493029442323e-05,20.207551623254027,0.02214550466956557,nan,nan
2002 TP178,84397,MBO,MBO,21163615973816400,745284190951440414,18.389145,3.204521,2.9927104,151.17091212387294,1.428465091300666,2025052000188,76,60816.07296889353,r,151.17091440582877,1.4284629792254258,60.670772552490234,30150.2,492.869,False,27669.6,0.369587,30245.2,496.603,False,-65.003,8.97011,20.201774534736774,0.01774866231005212,20.294992813088815,1.4502341808932012e-05,20.19835887635257,0.017826956574030627,nan,nan
2002 TP178,84397,MBO,MBO,21163615973816400,745284191085658149,18.389154,3.204521,2.992718,151.17099504279827,1.4284620193309845,2025052000189,76,60816.073503021646,r,151.17100222312504,1.428462701021238,46.22224807739258,29361.8,636.706,False,29640.2,3.02964,29777.3,647.178,False,-54.3534,14.4382,20.230543280832606,0.023544017420631082,20.220297204218863,0.00011097731722233119,20.215286680574586,0.023597322247523613,nan,nan
2002 TP178,84397,MBO,MBO,21163615973816400,745284191221973007,18.389162,3.2045212,2.9927254,151.17107378304306,1.4284591018004202,2025052000190,80,60816.07401194263,r,151.17107796471413,1.4284536507594914,37.86747360229492,29889.8,780.866,False,27071.7,2.73209,30059.0,790.069,False,-54.814,9.94579,20.21119244892673,0.028364676087595176,20.318711209653316,0.00010957306372653025,20.20506367894246,0.02853742588536157,nan,nan
2002 TP178,84397,MBO,MBO,21163615973816400,745284191489884177,18.389181,3.2045214,2.9927402,151.17123593201168,1.428453092623253,2025052000192,79,60816.07505704211,r,151.17123997744812,1.4284540949949331,30.775959014892578,30700.5,985.32,False,27919.5,10.3119,30599.3,1000.71,False,-66.6051,10.2206,20.182136378450952,0.03484626000307648,20.285230908996237,0.0004010101656765069,20.185721243462247,0.03550757937533603,nan,nan
2002 TP178,84397,MBO,MBO,21163615973816400,745284191623053315,18.389193,3.2045217,2.992749,151.1713323650852,1.4284495181286327,2025052000193,77,60816.075679726535,r,151.17134826469294,1.4284522922684186,19.834733963012695,28307.1,1411.74,False,26397.5,1.12558,28397.6,1427.1,False,-36.2238,9.41794,20.27026156715357,0.05414815506547728,20.346093003622386,4.6295403221226336e-05,20.266795921049727,0.05456285505171951,nan,nan
2002 TP178,84397,MBO,MBO,21163615973816400,745284191757271077,18.3892,3.204522,2.9927564,151.1714112856813,1.4284465923715524,2025052000194,77,60816.07618805147,r,151.17141360592038,1.4284515530401884,59.88623046875,31461.1,521.709,False,28281.4,2.17324,31538.8,521.37,False,-59.726,8.09687,20.155565255621774,0.018004403524241073,20.271247724204883,8.343169923713024e-05,20.152887060332247,0.01794837678513863,nan,nan
2002 TP178,84397,MBO,MBO,21163615973816400,745284192024133672,18.38922,3.2045221,2.9927704,151.17156418206824,1.428440923153346,2025052000196,74,60816.07717479927,r,151.17156363987942,1.42843809862349,59.8433952331543,30998.5,511.906,False,27981.9,0.0765023,31252.3,516.536,False,-107.877,8.46726,20.171648302308192,0.017929734793446478,20.282806984337498,2.9683944465931833e-06,20.162795011414236,0.017944977934571633,nan,nan
2002 TP178,84397,MBO,MBO,21163615973816400,745284192159924258,18.389227,3.2045221,2.992777,151.17163753694123,1.4284382027659108,2025052000197,77,60816.07764777465,r,151.1716314576071,1.4284455385017936,54.41224670410156,31104.8,565.026,False,29319.2,2.31117,31475.2,568.381,False,-119.539,7.7467,20.167931439659643,0.01972265278933263,20.232119738865418,8.558627524129116e-05,20.155078780982734,0.01960628764768918,nan,nan
2002 TP178,84397,MBO,MBO,21163615973816400,745284192292569128,18.389236,3.2045224,2.9927843,151.17171648061748,1.428435274773257,2025052000198,74,60816.07815667415,r,151.17172061455105,1.428428988214463,66.58892822265625,29635.8,440.378,False,27493.7,0.0174701,29910.7,444.62,False,-120.241,10.32,20.220458333270987,0.016133673317467227,20.30191705706588,6.899006529131145e-07,20.210433586002836,0.01613937616528536,nan,nan
2002 TP178,84397,MBO,MBO,21163615973816400,745284192428359724,18.389244,3.2045226,2.9927912,151.1717900014333,1.4284325475939363,2025052000199,77,60816.07863047651,r,151.1717960405974,1.4284294532016322,72.39814758300781,31787.6,435.26,False,29076.2,0.0199385,32003.8,437.987,False,-120.719,8.91617,20.144355664780726,0.014866726550391696,20.24115591047167,7.445248192535302e-07,20.136996104176518,0.01485880835947013,nan,nan
2002 TP178,84397,MBO,MBO,21163615973816400,745284192560480302,18.389254,3.2045226,2.9927983,151.17186880160483,1.4284296242421566,2025052000200,73,60816.07913864023,r,151.17186385383872,1.4284349006096997,56.82492446899414,30771.5,547.891,False,29363.5,1.39449,31185.3,556.163,False,-90.2921,8.27901,20.179628332354632,0.019331689563996973,20.230480449198108,5.156225531923693e-05,20.16512515708991,0.019363171646794925,nan,nan
2002 TP178,84397,MBO,MBO,21163615973816400,745284192696795172,18.389261,3.2045228,2.9928055,151.17194791815993,1.4284266888001265,2025052000201,77,60816.07964867999,r,151.17195061797676,1.4284265370011302,65.60163116455078,30411.6,456.456,False,28133.7,0.282207,30574.7,459.16,False,-104.121,7.63019,20.192401839868683,0.016296110844311536,20.276932899886894,1.0890937873980471e-05,20.186594516700545,0.0163052017678429,nan,nan
2002 TP178,84397,MBO,MBO,21163615973816400,745284192829440026,18.38927,3.2045228,2.9928124,151.1720211451484,1.4284239715628055,2025052000202,74,60816.080120364175,r,151.17201841338988,1.4284278268422428,25.620269775390625,33810.1,1302.74,False,30178.2,6.67366,34523.4,1315.6,False,-88.6719,8.00091,20.077383811626905,0.04183459698188278,20.20076669707811,0.00024010160487665234,20.054716148700948,0.04137467888795713,nan,nan
2002 TP178,84397,MBO,MBO,21163615973816400,745284192966803486,18.38928,3.204523,2.9928205,151.17211113469875,1.4284206319039934,2025052000203,80,60816.08070072743,r,151.17209566563355,1.4284299771031463,13.342296600341797,32659.1,2410.18,False,30119.1,47.3109,33504.4,2450.11,False,-97.8724,7.33402,20.114989481643065,0.08012528339919467,20.20289503806121,0.0017054679408913653,20.08724543824791,0.07939773203909682,nan,nan
2002 TP178,84397,MBO,MBO,21163615973816400,745284193101021218,18.38929,3.2045233,2.992828,151.17219011477906,1.4284177004508951,2025052000204,80,60816.08120964865,r,151.17219504676675,1.428410778204527,24.92137908935547,30471.4,1211.08,False,28352.1,3.56423,31054.6,1228.34,False,-111.746,9.11162,20.19026896553082,0.04315237692685801,20.268536934961062,0.00013649124998251123,20.16968516448111,0.04294543125392166,nan,nan
2002 TP178,84397,MBO,MBO,21163615973816400,745284193235238940,18.389297,3.2045233,2.992835,151.17226770434513,1.4284148202697222,2025052000205,80,60816.08170973463,r,151.17228626620943,1.4284402693990914,17.032499313354492,31643.5,1814.82,False,29521.2,9.82257,32093.6,1846.14,False,-107.112,11.8974,20.149288716015832,0.06226920918366296,20.22466501113441,0.00036125631712128974,20.133953924555087,0.062455476398820396,nan,nan
2002 TP178,84397,MBO,MBO,21163615973816400,745284193637892127,18.389324,3.2045238,2.9928558,151.1724955415764,1.4284063608537876,2025052000208,80,60816.08317752703,r,151.17248855271944,1.4284137496874354,38.40182113647461,30623.9,786.93,False,28237.9,3.59016,30778.5,795.22,False,-92.7464,7.50117,20.184848741291585,0.027899724488383758,20.27291899520717,0.00013804024105254527,20.17938137367174,0.02805202049934473,nan,nan
2002 TP178,84397,MBO,MBO,21163615973816400,745284193771585576,18.389332,3.204524,2.992863,151.17257284409246,1.4284034900210854,2025052000209,79,60816.083675456524,r,151.1725767622131,1.4284024762809668,34.901912689208984,31236.2,891.184,False,28571.2,0.275313,31456.9,898.211,False,-89.7856,8.43255,20.16335453995937,0.030976584248335083,20.260178826488406,1.0462188812605229e-05,20.155710182155843,0.031001789385206306,nan,nan
2002 TP178,84397,MBO,MBO,21163615973816400,745284193905803307,18.389341,3.204524,2.9928703,151.17265170492624,1.4284005609775658,2025052000210,79,60816.08418383806,r,151.1726479972957,1.4284008903288141,44.58564758300781,31362.5,698.462,False,28259.5,0.0461601,31482.6,704.071,False,-91.7272,8.05828,20.158973314193332,0.02418000650491499,20.272088816158664,1.773481122922448e-06,20.154823534699748,0.024281201915036642,nan,nan
2002 TP178,84397,MBO,MBO,21163615973816400,745284194040545318,18.38935,3.2045243,2.9928775,151.17273103776373,1.42839761405928,2025052000211,80,60816.08469416469,r,151.17272695497257,1.4283966607268919,39.9171028137207,32239.8,795.288,False,29438.5,1.07039,32451.4,804.213,False,-108.732,9.02898,20.129019126214445,0.02678282684517199,20.22771080668547,3.947759434251851e-05,20.12191639286025,0.026906795198679966,nan,nan
2002 TP178,84397,MBO,MBO,21163615973816400,745284194174763038,18.38936,3.2045245,2.9928856,151.17281845095036,1.428394366588186,2025052000212,80,60816.085257778046,r,151.17282051279813,1.4283866192959587,27.626346588134766,31390.5,1125.75,False,29087.7,11.3868,31733.8,1137.75,False,-109.434,8.06339,20.15800441658682,0.03893749804897865,20.24072657313862,0.0004250271126496064,20.14619477251689,0.038926833110184515,nan,nan
2002 TP178,84397,MBO,MBO,21163615973816400,745297371319500829,18.415728,3.2053628,3.0338087,151.64740828600384,1.4043047182035708,2025052300085,177,60818.98851694912,u,151.64742004727927,1.4043084830147952,9.726935386657715,3534.83,369.962,False,3507.49,20.0974,3605.98,355.236,False,-71.4987,49.2391,22.52907864554914,0.11363520593738309,22.53750889924664,0.006221108423568164,22.507441721762888,0.10695915681874638,nan,nan
2002 TP178,84397,MBO,MBO,21163615973816400,745297371453718543,18.415731,3.2053628,3.0338175,151.64750937809154,1.4042979856013005,2025052300086,177,60818.989132629984,u,151.64750633040484,1.4042920606307587,14.743490219116211,4909.57,335.175,False,4942.42,3.6057,4830.43,318.341,False,-49.8866,77.1034,22.172391397570635,0.07412291345384801,22.165150896219103,0.0007920895255307626,22.19003547816832,0.07155353463193759,nan,nan
2002 TP178,84397,MBO,MBO,21163615973816400,745297371584266242,18.415737,3.205363,3.0338264,151.64761080244745,1.4042912302356816,2025052300087,170,60818.98975045244,u,151.6475956376082,1.4042840886402306,12.59903335571289,4636.32,366.02,False,4777.36,6.46942,4464.97,336.217,False,-36.2296,59.4227,22.23456653255706,0.08571478431263765,22.202030108665774,0.0014702856119812203,22.275453584700145,0.08175709207190045,nan,nan
2002 TP178,84397,MBO,MBO,21163615973816400,745297371722153988,18.415741,3.2053633,3.033835,151.64771223089386,1.404284473965025,2025052300088,177,60818.990368601706,u,151.64771253387403,1.4042953903750988,13.271406173706055,4848.5,361.971,False,5029.59,4.84565,4723.07,340.144,False,-54.3782,36.3049,22.185981500134567,0.08105703388366786,22.146168574069407,0.0010460292025621365,22.214439084793824,0.07819208330485032,nan,nan
2002 TP178,84397,MBO,MBO,21163615973816400,745297371852701727,18.415747,3.2053635,3.0338438,151.64781317102754,1.4042777495962044,2025052300089,170,60818.99098326173,u,151.6478356655212,1.4043134296444846,9.886940956115723,3883.9,392.576,False,4283.24,23.9309,3810.69,376.264,False,-78.0394,46.594,22.426829928642796,0.1097438077301088,22.320568916543294,0.006066119046240605,22.447490965916856,0.10720459072920482,nan,nan
2002 TP178,84397,MBO,MBO,21163615973816400,745297371984822318,18.41575,3.2053635,3.0338526,151.6479141153664,1.40427102432669,2025052300090,166,60818.99159898592,u,151.6478785265284,1.4042462924525876,10.843558311462402,4290.9,394.796,False,4288.63,6.62798,4217.16,374.048,False,-67.6387,43.4609,22.31862904131153,0.09989613125013565,22.31920358152756,0.0016779806836218533,22.33744976337768,0.09630117078236068,nan,nan
2002 TP178,84397,MBO,MBO,21163615973816400,745297372120612915,18.415756,3.2053638,3.0338612,151.6480153920943,1.4042642762911972,2025052300091,169,60818.992215993,u,151.6480191287935,1.404258555326332,10.578598022460938,4341.17,405.523,False,4081.0,0.330592,4338.2,386.028,False,-91.0118,60.0218,22.305983036734517,0.10142220231384114,22.37308351306682,8.79528817448896e-05,22.306726026082693,0.09661255202969334,nan,nan
2002 TP178,84397,MBO,MBO,21163615973816400,745297372387475474,18.415766,3.2053642,3.0338788,151.64821779424432,1.4042507884507174,2025052300093,166,60818.993448555295,u,151.64822366605472,1.4042206804319601,10.310997009277344,4381.39,423.78,False,4662.99,3.14286,4433.14,404.276,False,-73.7664,35.7989,22.29597018440199,0.10501536571030402,22.228338735201156,0.0007317872539349953,22.28322134982423,0.09901268117817096,nan,nan
2002 TP178,84397,MBO,MBO,21163615973816400,745297372521168916,18.41577,3.2053642,3.0338874,151.64831859123902,1.4042440705435022,2025052300094,165,60818.99406224796,u,151.64833902500814,1.4042504701151715,9.865675926208496,4335.46,431.778,False,4385.76,29.8368,4098.71,407.821,False,-61.3832,32.2929,22.307412050601947,0.10813086216373834,22.294887902303348,0.007386381223424985,22.368382031984446,0.10803058636006853,nan,nan
2002 TP178,84397,MBO,MBO,21163615973816400,745297372655386651,18.415775,3.2053645,3.0338962,151.64841939262007,1.4042373517396192,2025052300095,165,60818.99467669737,u,151.64839305316806,1.404259796149401,10.109650611877441,4444.17,428.593,False,5114.71,8.36095,4385.8,405.375,False,-60.6152,54.9965,22.28052336064551,0.1047077252529402,22.127947471808085,0.0017748389841782501,22.294877990300947,0.10035348935293847,nan,nan
2002 TP178,84397,MBO,MBO,21163615973816400,745297372789604374,18.41578,3.2053647,3.0339048,151.64852019834862,1.4042306320449347,2025052300096,165,60818.9952900031,u,151.64848536497894,1.4042287381776246,9.55103588104248,4257.52,435.996,False,4899.14,7.06979,4222.93,415.573,False,-67.1351,55.8052,22.327108253098363,0.11118600559569292,22.174700344136667,0.0015667906256136164,22.335965248440807,0.10684587026492766,nan,nan
2002 TP178,84397,MBO,MBO,21163615973816400,745297372923822090,18.415785,3.205365,3.0339136,151.64862117269266,1.4042239005105244,2025052300097,165,60818.99590580367,u,151.64866749086048,1.404253678087415,8.530230522155762,3583.08,417.091,False,4122.99,2.97796,3675.42,410.549,False,-107.832,51.572,22.514358714235023,0.12638590073788106,22.361969234644718,0.0007842073164474813,22.486732587480248,0.12127809469269442,nan,nan
2002 TP178,84397,MBO,MBO,21163615973816400,745297373170761760,18.415794,3.2053652,3.033931,151.64882297041683,1.4042104457190014,2025052300099,124,60818.99713408484,u,151.64882907902367,1.4042215913108664,8.999306678771973,3853.75,418.249,False,4466.65,19.5,3724.65,391.279,False,-160.412,30.1536,22.435291155663585,0.11783537443186136,22.275045215887097,0.00473998554972356,22.472286356031336,0.11405790573277079,nan,nan
2002 TP178,84397,MBO,MBO,21163615973816400,745297373304979491,18.415798,3.2053654,3.0339396,151.64892346551056,1.4042037443618975,2025052300100,124,60818.99774671452,u,151.64889444386424,1.4042158738687733,10.71806812286377,4679.55,430.702,False,5603.87,14.3292,4326.59,404.831,False,-181.249,37.9014,22.22448981536199,0.09993028600466722,22.02877984765304,0.0027762476061918818,22.309635683796017,0.10159032459513063,nan,nan
2002 TP178,84397,MBO,MBO,21163615973816400,745297373439197193,18.415804,3.2053654,3.0339484,151.6490244578126,1.4041970092621443,2025052300101,124,60818.99836125775,u,151.64902881433972,1.4042360903360498,9.508408546447754,4439.17,460.763,False,5426.29,25.1717,4109.73,435.056,False,-199.148,26.1879,22.281745576994886,0.11269383246132053,22.06374249151257,0.0050365581846305,22.365466778548722,0.11493603041489946,nan,nan
2002 TP178,84397,MBO,MBO,21163615973816400,745297373573939214,18.415808,3.2053657,3.033957,151.64912496198687,1.4041903061337742,2025052300102,125,60818.99897398359,u,151.6491791279053,1.4042084611631187,10.401728630065918,4639.8,438.535,False,5219.99,1.45721,4270.54,410.499,False,-131.344,24.4159,22.23375189429986,0.1026193694927662,22.105825773701724,0.00030309359287738173,22.323793004969705,0.10436469733409925,nan,nan
2002 TP178,84397,MBO,MBO,21163615973816400,745297375156764690,18.415907,3.2053695,3.0341437,151.65128582204102,1.4040460527895469,2025052300114,72,60819.01212471474,u,151.65125374485854,1.4040857364797068,7.669349193572998,2717.84,350.851,False,3012.35,18.1135,3717.41,334.285,False,1052.97,140.193,22.814440249610143,0.14015969857341712,22.70273638874435,0.006528618106607726,22.474398868479618,0.09763392785965577,23.843960035340864,0.14455550734271275
2002 TP178,84397,MBO,MBO,21163615973816400,745297375341838359,18.415913,3.2053697,3.0341556,151.65142343105094,1.4040368580174103,2025052300115,169,60819.0129616186,u,151.65137474054862,1.4039990216172005,5.313361167907715,2186.68,396.884,False,2109.39,37.4143,3480.93,367.623,False,1365.55,38.319,23.050536951979456,0.19706191316335728,23.089607848250594,0.01925772905002895,22.545761796578205,0.11466521684321318,23.56173094472136,0.030467082426530383
2002 TP178,84397,MBO,MBO,21163615973816400,745297375742918675,18.415926,3.2053702,3.0341818,151.6517281142509,1.4040164962743138,2025052300118,166,60819.01481426267,u,151.65176187842806,1.4039965713736464,6.383738040924072,1971.19,306.539,False,2321.02,20.1393,3153.9,295.403,False,1121.69,168.346,23.16317881407289,0.16884242612528322,22.98580278400189,0.009420843553746696,22.652880235784753,0.10169306523973895,23.77531793645541,0.1629499675663514
2002 TP178,84397,MBO,MBO,21163615973816400,745297376010829825,18.415936,3.2053707,3.0341992,151.65193088088662,1.4040029429785246,2025052300120,165,60819.01604786089,u,151.6519223386106,1.404009766088378,5.763976097106934,1762.47,300.483,False,nan,nan,2679.17,290.856,False,886.504,156.569,23.28469568466273,0.18510685531832916,nan,nan,22.82999935279133,0.11786967055506385,24.030798216504785,0.1917561868612581
2002 TP178,84397,MBO,MBO,21163615973816400,745297376411910164,18.415949,3.2053711,3.0342255,151.65223433339742,1.4039826558939492,2025052300123,162,60819.01789290727,u,151.65223734822374,1.4039707264031283,6.657896995544434,2142.59,320.199,False,2304.09,54.8232,2770.3,303.265,False,604.933,129.019,23.0726522714101,0.1622576593435701,22.993751360963962,0.025833856783083104,22.79368297581068,0.11885564748829176,24.445731838378613,0.23156382640338483
2002 TP178,84397,MBO,MBO,21163615973816400,745297378024620070,18.416023,3.205374,3.0343702,151.6539081481838,1.4038706767366065,2025052300135,166,60819.02806302253,g,151.6540693106735,1.4038814170294007,46.44340515136719,2983.26,134.132,False,6632.31,2.60628,5694.6,131.653,False,2694.8,48.3051,22.71327223377098,0.04881638618441429,21.84583794710167,0.0004266586795163925,22.011341921929372,0.02510104765588657,22.82368363362552,0.019462147260468268
2002 TP178,84397,MBO,MBO,21163615973816400,745297378158837777,18.416027,3.2053742,3.0343776,151.6539942626998,1.4038649122236275,2025052300136,166,60819.028586217355,g,151.65398867742027,1.4038622042420552,43.83693313598633,5939.22,133.756,False,5809.98,2.24366,8624.33,133.338,False,2612.56,55.6972,21.96567642905428,0.02445164903335255,21.98956341015452,0.0004192824884420912,21.56068657532463,0.016786218752686505,22.85733429256964,0.0231468238161037
2002 TP178,84397,MBO,MBO,21163615973816400,745297378293055528,18.41603,3.2053742,3.034385,151.65408038184935,1.4038591470803503,2025052300137,166,60819.02910952353,g,151.65408866933177,1.4038604623160684,43.41361999511719,5980.44,136.108,False,5926.47,0.406897,8680.77,135.387,False,2608.36,47.9863,21.95816716666055,0.024710119432781574,21.96800973481858,7.454400302929206e-05,21.55360443465039,0.016933355950468326,22.859081126416612,0.01997441405355942
2002 TP178,84397,MBO,MBO,21163615973816400,745297378559393829,18.416039,3.2053747,3.0344,151.6542527987846,1.4038476038804268,2025052300139,162,60819.03015675932,g,151.65410264686366,1.4038589089393645,48.66877365112305,2660.68,126.812,False,6537.39,2.92056,5239.77,121.861,False,2565.19,46.5454,22.837518415164894,0.05174781608148581,21.861488991360517,0.00048504946728735387,22.101719435899653,0.0252508982686486,22.87720117925516,0.019700694958669794
2002 TP178,84397,MBO,MBO,21163615973816400,745297380012195886,18.41608,3.2053761,3.0344818,151.6552015157256,1.4037840657275855,2025052300150,117,60819.03591508551,g,151.65546264776054,1.403764924644993,48.82545471191406,1820.9,131.157,False,6707.94,0.533352,2814.07,127.548,False,1004.53,15.8442,23.249284745668135,0.07820412926574467,21.833527086107267,8.63274865656364e-05,22.7766627328511,0.04921109791269212,23.895092689939915,0.017125044766715013
2002 TP178,84397,MBO,MBO,21163615973816400,745297380146937909,18.416084,3.2053764,3.0344894,151.65528852601895,1.403778236583315,2025052300151,118,60819.03644384879,g,151.65554043331315,1.4037576963898777,45.654781341552734,1494.16,133.19,False,6286.19,0.61391,2840.05,128.173,False,1321.16,55.1954,23.464007210720947,0.09678294456714649,21.90403125155956,0.00010603312033787799,22.766685016309907,0.04899986573691362,23.59761143107431,0.04535986771031992
2002 TP178,84397,MBO,MBO,21163615973816400,745297380527046734,18.416094,3.2053769,3.0345116,151.655547279781,1.4037608999418696,2025052300154,75,60819.03801396572,g,151.65575040549982,1.4037666699224864,40.828304290771484,2126.36,131.672,False,5693.26,2.04846,3515.0,129.187,False,1344.82,33.7748,23.08090796027662,0.06723275792893758,22.011597500595933,0.0003906526813894936,22.535186676610394,0.039904124961746765,23.578339645227544,0.027267979301308098
2002 TP178,84397,MBO,MBO,21163615973816400,745297380662837304,18.416098,3.205377,3.0345192,151.6556339806701,1.4037550903519391,2025052300155,78,60819.03853933948,g,151.65563009440433,1.4037648538638172,36.55119323730469,5440.44,146.973,False,5169.22,3.16492,6871.69,141.939,False,1419.25,21.4193,22.060914949100283,0.029331068215101563,22.11643741495981,0.000664755647047225,21.807341111509487,0.02242655117516155,23.51985274275637,0.016385914797762413
2002 TP178,84397,MBO,MBO,21163615973816400,745297380795482164,18.416101,3.205377,3.0345266,151.65572035688626,1.403749302229261,2025052300156,75,60819.039063642136,g,151.65573546479263,1.403740984559526,32.834468841552734,5326.7,161.289,False,5164.04,1.56174,6938.83,158.914,False,1547.59,10.3542,22.083854365220912,0.03287538286344164,22.117525997793432,0.0003283548717414968,21.79678436905216,0.024865673736168274,23.42586023699154,0.007264152943536835
2002 TP178,84397,MBO,MBO,21163615973816400,745297380928127032,18.416105,3.2053773,3.034534,151.6558067382579,1.4037435134750678,2025052300157,72,60819.039587964784,g,151.65581542777568,1.4037410111897084,33.07136154174805,5260.78,155.569,False,5295.55,6.58325,6681.27,151.068,False,1432.95,11.9539,22.09737469318489,0.03210681739229521,22.090222357660792,0.0013497508631394718,21.837852440349792,0.02454922328822203,23.50942244499314,0.009057387087089268
2002 TP178,84397,MBO,MBO,21163615973816400,745297381063917594,18.41611,3.2053773,3.0345416,151.65589312465204,1.4037377241001052,2025052300158,75,60819.040111307746,g,151.65589449108046,1.4037406808380881,36.08193588256836,5552.32,152.581,False,5300.31,1.00288,6917.41,150.449,False,1328.17,55.1531,22.03881381410413,0.02983666543193589,22.089246810527428,0.00020543384976811098,21.800141181984777,0.02361403012781984,23.59186579807602,0.04508588092849864
2002 TP178,84397,MBO,MBO,21163615973816400,745297381196562443,18.416113,3.2053776,3.034549,151.6559801756692,1.4037318898982238,2025052300159,72,60819.04063972704,g,151.6557749543577,1.4037576012570887,36.86104202270508,1625.0,132.006,False,5299.78,1.46265,2938.82,126.867,False,1336.23,46.3932,23.372866586712767,0.08819919376420023,22.08935543924256,0.0002996449023714898,22.72956750786269,0.04687054272558388,23.5852969709445,0.03769618818967545
2002 TP178,84397,MBO,MBO,21163615973816400,745297381330780209,18.416117,3.2053778,3.0345564,151.6560664075177,1.4037261103163825,2025052300160,72,60819.04116299786,g,151.6558426820491,1.4037350768495644,38.712215423583984,1577.25,137.443,False,5718.29,0.705878,2957.92,134.004,False,1381.18,15.8144,23.405248659804947,0.09461203599210444,22.00683455110464,0.00013402561193946047,22.722533968983853,0.049187603396825826,23.54937425533481,0.012431591583994383
2002 TP178,84397,MBO,MBO,21163615973816400,745297383237091421,18.416187,3.2053807,3.034705,151.6577857130246,1.4036108203274205,2025052300174,124,60819.051583761844,r,151.65804864290942,1.4035840652053595,57.092010498046875,1016.73,174.281,False,10930.0,1.66081,3088.18,172.159,False,2128.49,34.4289,23.88198592536978,0.18610958808940428,21.30344959512574,0.0001649772680175545,22.675743508986717,0.06052732020204527,23.0798209696558,0.017562076968765265
2002 TP178,84397,MBO,MBO,21163615973816400,745297383371309109,18.416191,3.205381,3.0347123,151.65787222185608,1.403605016711304,2025052300175,124,60819.05210794845,r,151.65809070387246,1.403588343787855,48.914608001708984,2298.84,199.24,False,9311.67,1.08556,5062.45,195.578,False,2539.17,36.2392,22.996228095274105,0.09410053728383957,21.477431068002915,0.00012657576626264546,22.1390980909283,0.04194532497952709,22.88827058765088,0.015495698722367005
2002 TP178,84397,MBO,MBO,21163615973816400,745297383505526859,18.416195,3.205381,3.03472,151.6579589013448,1.4035992014026215,2025052300176,124,60819.05263225407,r,151.65814130726932,1.403580842306158,52.378173828125,3272.97,187.446,False,9692.68,0.63008,5905.84,182.641,False,2661.9,39.141,22.612644948246757,0.062181110591008,21.433890347721828,7.057910436536824e-05,21.971795836332326,0.03357692698143545,22.837020699235538,0.015964837556035394
2002 TP178,84397,MBO,MBO,21163615973816400,745297383639744557,18.416199,3.2053812,3.0347273,151.65804542130047,1.403593396555627,2025052300177,124,60819.053156911876,r,151.65824266705522,1.4035895992347416,50.92223358154297,2901.52,181.726,False,9102.1,0.562411,5685.29,176.47,False,2821.41,44.6636,22.74343607150103,0.06800108011132615,21.50214604018953,6.708671866991533e-05,22.01311843643301,0.033700984129672186,22.773834530593128,0.017187466573840866
2002 TP178,84397,MBO,MBO,21163615973816400,745297383770292321,18.416203,3.2053814,3.0347347,151.65813194695772,1.4035875910867597,2025052300178,117,60819.05368098723,r,151.6582941617989,1.4035685776228453,48.85697555541992,4370.44,187.277,False,9433.51,3.39377,7320.22,182.775,False,2851.93,66.5586,22.29868710865619,0.04652470097402357,21.463316741578318,0.00039060106247690193,21.738689634562725,0.027109215621062437,22.76215287190636,0.025339010770892678
2002 TP178,84397,MBO,MBO,21163615973816400,745297383904510019,18.416206,3.2053814,3.0347424,151.6582188084679,1.4035817628445053,2025052300179,117,60819.05420634805,r,151.6582196894966,1.4035846903561096,47.19417953491211,9429.06,198.712,False,8916.79,1.09875,12371.1,194.883,False,2794.57,53.8007,21.463829051240126,0.02288126585771589,21.52447864859387,0.00013378723111957748,21.168979240608,0.017103695766884756,22.784212492074616,0.020902452843072513
2002 TP178,84397,MBO,MBO,21163615973816400,745297384152498250,18.416212,3.2053819,3.0347571,151.6583918880488,1.4035701488263204,2025052300181,78,60819.05525411703,r,151.65840424406323,1.4035775430353636,46.473331451416016,10280.3,217.696,False,9527.62,2.64585,12637.1,213.112,False,2408.3,54.8523,21.36998554953307,0.022991588999719596,21.452538918144178,0.0003015123441440434,21.14588147814503,0.018309851207203826,22.94572351380918,0.024729114082559827
2002 TP178,84397,MBO,MBO,21163615973816400,745297384307687440,18.416216,3.2053819,3.0347645,151.65847777564457,1.4035643852346524,2025052300182,118,60819.05577405935,r,151.6582859108102,1.403573438272399,48.4110221862793,3631.02,200.915,False,9813.68,3.91685,6612.22,196.337,False,2958.6,55.8162,22.499928391523895,0.06007697041495573,21.420420303074795,0.00043334061094016065,21.84913172755075,0.03223882272579414,22.722284331875514,0.020483224305425457
2002 TP178,84397,MBO,MBO,21163615973816400,745297384687796237,18.416227,3.2053823,3.034787,151.6587372897217,1.4035469688519844,2025052300185,75,60819.05734536407,r,151.65848034335593,1.4035597160367423,61.22365188598633,1433.17,189.146,False,12234.6,1.51399,3336.45,184.87,False,1865.78,64.8032,23.50925569503612,0.14329259588673093,21.18102559710135,0.00013435615856192683,22.591788463630436,0.06015976556210272,23.22284889945587,0.037710329764264
2002 TP178,84397,MBO,MBO,21163615973816400,745297384869199919,18.416246,3.2053833,3.0348296,151.65923135287193,1.4035138059535175,2025052300186,165,60819.060335375776,i,151.65923642216396,1.4035123533716611,44.4827995300293,17252.4,374.95,False,19105.2,15.6548,17178.0,366.089,False,9.25161,17.0418,20.807876178451018,0.023596531149885316,20.69712107340625,0.0008896522561350483,20.812568503986892,0.023138669798609672,28.984456731016223,1.999965320203819
2002 TP178,84397,MBO,MBO,21163615973816400,745297385003417613,18.41625,3.2053833,3.034837,151.6593177922219,1.403508003170475,2025052300187,165,60819.06085855108,i,151.65932111903516,1.403515763058491,47.230003356933594,18303.1,377.28,False,19153.7,3.39172,17879.8,359.244,False,-3.51303,24.9566,20.74368839189561,0.0223801740004721,20.694368342078963,0.0001922612034221647,20.769093311177684,0.021814795865209718,nan,nan
2002 TP178,84397,MBO,MBO,21163615973816400,745297385136062561,18.416254,3.2053835,3.0348446,151.6594047333781,1.4035021664849048,2025052300188,162,60819.06138473396,i,151.65940604605922,1.4035033595427122,59.99767303466797,18045.4,296.233,False,16324.4,0.0891958,18038.7,289.995,False,-27.6896,85.9669,20.759083693472263,0.01782342802250682,20.867906904431653,5.932414673957658e-06,20.759486957241148,0.01745458813738154,nan,nan
2002 TP178,84397,MBO,MBO,21163615973816400,745297385270280274,18.416258,3.2053838,3.034852,151.65949134981835,1.4034963513854353,2025052300189,162,60819.06190884062,i,151.65949286224307,1.4034985393263646,65.22645568847656,18243.5,276.089,False,15967.7,0.0638468,18146.8,269.742,False,-74.9527,76.7029,20.747229597465683,0.016431047297518857,20.891894075403492,4.341312646311368e-06,20.75299982126882,0.016138859055408412,nan,nan
2002 TP178,84397,MBO,MBO,21163615973816400,745297385921970257,18.416275,3.2053845,3.0348897,151.6599270021332,1.4034671001718395,2025052300194,125,60819.06454344802,i,151.6599283426077,1.4034684803659272,70.81269836425781,19396.1,268.366,False,17658.9,0.302097,19562.0,264.515,False,-39.65,67.4615,20.680713985539196,0.015022333627813002,20.78259085794822,1.8574069455130654e-05,20.67146686357446,0.014681194566298718,nan,nan
2002 TP178,84397,MBO,MBO,21163615973816400,745297386055663682,18.416277,3.2053845,3.034897,151.66001382011223,1.403461270290666,2025052300195,124,60819.06506858168,i,151.66001588933761,1.4034670595108782,71.7950210571289,19847.3,272.823,False,17951.4,0.823566,19876.6,268.449,False,-59.8155,46.9247,20.655746371561726,0.014924639362042903,20.764754166015244,4.981090193301787e-05,20.654144776355423,0.014663715611605989,nan,nan
2002 TP178,84397,MBO,MBO,21163615973816400,745297386189881373,18.41628,3.2053847,3.0349047,151.6601009749444,1.4034554175864495,2025052300196,124,60819.06559514809,i,151.66010181594575,1.4034599236696303,69.87271118164062,20297.0,287.163,False,18513.0,0.71765,20353.4,283.894,False,-54.7695,40.477,20.63142037070063,0.015361051370660463,20.731307997164876,4.208818577791068e-05,20.628407559767943,0.015144103772176981,nan,nan
2002 TP178,84397,MBO,MBO,21163615973816400,745297386324099117,18.416285,3.205385,3.034912,151.66018763976717,1.4034495975876506,2025052300197,124,60819.06611941331,i,151.66018592728093,1.4034524598777742,71.26185607910156,20344.2,281.417,False,18944.9,0.534615,20444.7,275.628,False,-7.91296,43.352,20.628898500054202,0.015018758603705704,20.70626918459158,3.063889636068014e-05,20.623548185945793,0.014637500183806695,nan,nan
2002 TP178,84397,MBO,MBO,21163615973816400,745297386458316819,18.416288,3.205385,3.0349197,151.66027447605546,1.4034437658754926,2025052300198,124,60819.06664482081,i,151.66027303972783,1.4034411039194319,73.59861755371094,20075.7,269.197,False,18400.9,0.189106,20110.6,262.988,False,26.8816,47.7804,20.64332329923821,0.014558741696609107,20.73790231406409,1.1158107975066273e-05,20.64143745116096,0.014198263886710505,27.82636223698656,1.929829717332739
2002 TP178,84397,MBO,MBO,21163615973816400,745297386588864593,18.416292,3.2053852,3.0349271,151.66036065679495,1.4034379779936987,2025052300199,117,60819.067165975925,i,151.66036385794033,1.4034359858387773,81.53091430664062,20755.5,253.786,False,18781.0,0.229401,20912.0,252.904,False,9.24141,85.1001,20.607167000013174,0.013275741059329276,20.71570321828451,1.3261752783546697e-05,20.599011074408825,0.013130596627903163,28.98565437405521,9.998068963503949
2002 TP178,84397,MBO,MBO,21163615973816400,745297386723082260,18.416294,3.2053852,3.0349345,151.66044733985524,1.4034321561820045,2025052300200,117,60819.06768914743,i,151.66044610161862,1.4034337310887146,75.96153259277344,21611.3,277.346,False,20111.0,1.03875,21655.5,273.125,False,-75.1784,54.2961,20.563297730510847,0.013933663943012773,20.64141583498449,5.6079187491504015e-05,20.56107946117521,0.013693597512159225,nan,nan
2002 TP178,84397,MBO,MBO,21163615973816400,745297386836852806,18.416298,3.2053854,3.034942,151.66053386365832,1.403426344874048,2025052300201,78,60819.06821238123,i,151.6605370061169,1.403421194993272,70.33812713623047,21123.0,298.296,False,19711.9,0.962076,21059.7,293.815,False,-106.508,52.7969,20.588111002405206,0.015332611658692704,20.663178760283593,5.2991377455359084e-05,20.59136958959166,0.015147680047002472,nan,nan
2002 TP178,84397,MBO,MBO,21163615973816400,745297386971070534,18.416302,3.2053857,3.0349495,151.6606207245179,1.4034205107360558,2025052300202,78,60819.068737992246,i,151.66062146499232,1.4034243754232951,78.93444061279297,21713.8,271.697,False,19353.2,0.0814645,21817.2,267.869,False,-74.4654,55.6881,20.558160377585754,0.013585427203109488,20.683118082012648,4.570249870440262e-06,20.553002506724127,0.013330540530329128,nan,nan
2002 TP178,84397,MBO,MBO,21163615973816400,745301777687511125,18.417654,3.205645,3.0478144,151.81622941832217,1.3926065268065526,2025052400147,177,60819.98130642876,i,151.81635493696092,1.3925965341998274,85.62230682373047,10472.2,308.743,False,28530.0,15.9028,24479.3,291.541,False,14089.5,52.46,21.349905160106086,0.03200984122458661,20.261745570857308,0.0006051961195092348,20.42800247848752,0.012930786117241992,21.027761046519352,0.004042565052527789
2002 TP178,84397,MBO,MBO,21163615973816400,745301777821728832,18.417658,3.2056453,3.0478218,151.81631699105893,1.3925998877100736,2025052400148,177,60819.98182965605,i,151.8164209572551,1.3925892239414415,74.59930419921875,12433.5,303.839,False,23242.7,12.6978,26523.3,280.923,False,13955.0,153.27,21.16351650327036,0.02653227096588438,20.484283594777224,0.0005931523144722434,20.340931074171166,0.011499634938767331,21.038175397938375,0.011924814958226013
2002 TP178,84397,MBO,MBO,21163615973816400,745301780474626076,18.417715,3.2056494,3.0480287,151.81876264760638,1.39241430424315,2025052400168,117,60819.99642804626,i,151.81876777090778,1.3924117083167953,88.38298034667969,34943.1,392.889,False,31139.2,0.120482,34467.7,376.488,False,-142.754,26.8022,20.041596373762115,0.012207669064678735,20.166731400048338,4.2008680453313516e-06,20.056469263916302,0.011859412397087623,nan,nan
2002 TP178,84397,MBO,MBO,21163615973816400,745301781307719719,18.41774,3.205651,3.0481124,151.81975072549884,1.392339237617683,2025052400174,170,60820.00232259649,z,151.81975670672446,1.3923415120531146,49.58242416381836,34075.8,664.125,False,33908.8,11.0469,33149.8,640.308,False,-785.223,59.5875,20.068884823634782,0.021160604900054295,20.074218923025676,0.0003537140442010752,20.098797693024625,0.020971636130150413,nan,nan
2002 TP178,84397,MBO,MBO,21163615973816400,745301781441413327,18.417742,3.2056513,3.0481198,151.81983859107882,1.392332559964208,2025052400175,169,60820.002846007206,z,151.81983890713067,1.3923334366622262,51.06501770019531,35027.9,675.455,False,33155.3,4.14947,33866.0,602.231,False,-863.866,65.7689,20.03896479547083,0.020936624789194915,20.09861756965556,0.00013588263545183802,20.075590239899704,0.019307388529588507,nan,nan
2002 TP178,84397,MBO,MBO,21163615973816400,745301781576155166,18.417744,3.2056513,3.0481272,151.8199256217611,1.3923259454009564,2025052400176,170,60820.00336581418,z,151.81993021061237,1.3923283974218859,51.277130126953125,34132.7,659.408,False,31718.8,4.38969,33966.5,636.87,False,-833.15,61.4177,20.067073415733503,0.02097528696616504,20.146708101930457,0.00015025931494723927,20.072373004255457,0.020357493748925072,nan,nan
2002 TP178,84397,MBO,MBO,21163615973816400,745301783964287237,18.417778,3.2056541,3.0482607,151.82150337837842,1.3922059717350814,2025052400194,117,60820.0127708697,z,151.8213293387365,1.3922144634534779,29.628173828125,6092.39,553.499,False,15776.5,0.323354,13123.5,465.278,False,7071.08,460.623,21.93803073412174,0.09864009289595904,20.904973345541908,2.2253170922916657e-05,21.10487581103376,0.03849348011673231,21.77628561114301,0.07072682630440841
2002 TP178,84397,MBO,MBO,21163615973816400,745301785870598300,18.417816,3.205657,3.0484102,151.82326939847442,1.392071557663464,2025052400208,169,60820.023288582335,r,151.82327009262514,1.3920720770742046,75.76206970214844,20858.5,272.853,False,19305.4,0.15847,20978.6,264.521,False,-107.86,27.2807,20.601792315654098,0.01420266928259126,20.68580296688747,8.912357065633871e-06,20.595558764405194,0.013690142703773372,nan,nan
2002 TP178,84397,MBO,MBO,21163615973816400,745301786004815908,18.417818,3.2056572,3.0484176,151.8233574262942,1.392064854582471,2025052400209,169,60820.02381293694,r,151.82335713968638,1.3920681839399824,75.18101501464844,19432.0,254.257,False,19650.0,0.964905,19430.1,235.762,False,-94.5039,17.8149,20.678706245507314,0.014206259485478004,20.666593613221384,5.3314621793800935e-05,20.678812432405454,0.013174164677247758,nan,nan
2002 TP178,84397,MBO,MBO,21163615973816400,745301786273251339,18.417822,3.2056575,3.0484324,151.82353265546757,1.3920515105036808,2025052400211,169,60820.02485572451,r,151.82353440874977,1.3920568773494464,75.94979095458984,19935.2,258.239,False,18378.9,0.307769,18850.0,232.612,False,-109.593,20.8714,20.650948549844507,0.014064541996694676,20.739201190014807,1.8181498320125843e-05,20.71172161364547,0.013398157534803893,nan,nan
2002 TP178,84397,MBO,MBO,21163615973816400,745301786539589659,18.417826,3.2056577,3.0484471,151.82370823884702,1.392038138329828,2025052400213,165,60820.02590084262,r,151.8237097974859,1.3920431933480533,71.5771484375,18948.8,263.202,False,17799.8,0.221517,18737.2,255.794,False,-223.249,16.8584,20.70604567539621,0.015081056545873321,20.773962145925516,1.351189410250201e-05,20.71823831413642,0.014822109238923319,nan,nan
