provid,permid,orbit_class,population,ssObjectId,diaSourceId,phaseAngle,helioRange,topoRange,ephRa,ephDec,visit,detector,midpointMjdTai,band,ra,dec,snr,psfFlux,psfFluxErr,psfFlux_flag,trailFlux,trailFluxErr,scienceFlux,scienceFluxErr,forced_PsfFlux_flag,templateFlux,templateFluxErr,psfMag,psfMagErr,trailMag,trailMagErr,scienceMag,scienceMagErr,templateMag,templateMagErr
2025 NJ30,nan,Not a NEA or MBO,Not a NEA or MBO,21165827779932234,745424940159205427,18.26771,2.0586672,1.1697786,227.68180677843927,-39.03933902799027,2025062100275,157,60848.041249810056,r,227.68170930080063,-39.03907322432246,115.48692321777344,141756.0,1228.71,False,126089.0,44.6041,1.7362e+06,1207.01,False,1.5937e+06,113.657,18.521146374972215,0.009410923627478137,18.64830699902483,0.0003840801771927919,15.801000620287393,0.00075480616697846,15.89398356840155,7.743083221811365e-05
2025 NJ30,nan,Not a NEA or MBO,Not a NEA or MBO,21165827779932234,745424941160595979,18.26986,2.058662,1.1698068,227.6803125085544,-39.039581167394005,2025062100283,19,60848.04620762013,g,227.68008412389202,-39.03963316163501,17.72243881225586,2041.83,112.969,False,2087.46,1.21161,2317.9,110.439,False,296.438,14.6599,23.12495107215329,0.06007088635044508,23.100954614653617,0.0006301863622787824,22.98726330703805,0.05173114846036882,25.220165356625753,0.053693468800347345
2025 NJ30,nan,Not a NEA or MBO,Not a NEA or MBO,21165827779932234,745424941612531895,18.270496,2.0586605,1.1698152,227.67987034229816,-39.03965259168871,2025062100286,113,60848.04767462213,g,227.6796524370746,-39.039705234575095,18.61861801147461,2162.85,114.147,False,1991.94,1.59422,2492.26,114.207,False,230.929,23.8597,23.062433948763218,0.05730102800224832,23.15180940010844,0.0008689531156128968,22.90851662762857,0.049753506875749136,25.49130380867515,0.11217880480023842
2025 NJ30,nan,Not a NEA or MBO,Not a NEA or MBO,21165827779932234,745424941850034284,18.270914,2.0586596,1.1698207,227.67957977791156,-39.03969947107643,2025062100288,54,60848.04863855502,g,227.6793874468667,-39.03979855019724,10.659961700439453,2284.51,210.38,False,2245.25,4.09727,2405.79,210.895,False,143.05,23.2869,23.003017336769155,0.09998519905014362,23.02183823734694,0.0019813180681846634,22.94685569400275,0.09517719244962035,26.011280321484236,0.17674539962736505
2025 NJ30,nan,Not a NEA or MBO,Not a NEA or MBO,21165827779932234,745424941990543576,18.271112,2.058659,1.1698233,227.6794420294168,-39.039721679713786,2025062100289,66,60848.04909597774,g,227.6792094778629,-39.039775543434025,8.133848190307617,1932.14,236.548,False,1963.43,10.7567,2072.94,238.374,False,117.787,21.7162,23.184903512883736,0.13292449321592598,23.167461414145926,0.005948232347862245,23.108533200980617,0.12485227826250656,26.22225657494165,0.20017543464706541
2025 NJ30,nan,Not a NEA or MBO,Not a NEA or MBO,21165827779932234,745424942148354211,18.271309,2.0586586,1.1698259,227.67930488277275,-39.039743781371406,2025062100290,111,60848.04955011366,g,227.6790721715113,-39.039822285564185,6.191851615905762,2070.85,319.16,False,2207.03,26.0684,2045.41,321.411,False,108.462,20.8537,23.10962834296061,0.16733397143466747,23.040479394249004,0.012824204784167481,23.123049044653296,0.1706100806876361,26.31180599914674,0.20875161997865818
2025 NJ30,nan,Not a NEA or MBO,Not a NEA or MBO,21165827779932234,745424942370652565,18.271725,2.0586574,1.1698314,227.6790158167929,-39.03979033286464,2025062100292,23,60848.050509545894,g,227.67881085120942,-39.0398198463958,9.470975875854492,2399.38,248.463,False,2300.13,19.461,2181.58,251.05,False,50.5029,32.3397,22.94975246683719,0.11243124683672304,22.99561909930804,0.009186225925383512,23.053072102407405,0.12494342071192786,27.14170922513113,0.6952547755876255
2025 NJ30,nan,Not a NEA or MBO,Not a NEA or MBO,21165827779932234,745424943061663943,18.272745,2.058655,1.1698447,227.6783068521975,-39.03990431891066,2025062100297,61,60848.05286191149,g,227.678062195255,-39.03995638203704,7.370474338531494,1934.45,253.983,False,2076.31,13.2848,1827.04,254.023,False,-31.3356,16.5916,23.18360625507532,0.1425513956468803,23.106769480284402,0.006946837160812408,23.245629837757996,0.15095562035346127,nan,nan
2025 NJ30,nan,Not a NEA or MBO,Not a NEA or MBO,21165827779932234,745433741680705735,19.112875,2.0565338,1.1817944,227.12357948905495,-39.13032708408509,2025062300316,15,60850.073352106876,r,227.12342509437877,-39.13035622230134,18.292448043823242,3317.89,179.687,False,3265.43,0.980103,3484.55,179.029,False,-442.749,6.79151,22.597845076399388,0.058800226619103106,22.615149076824597,0.0003258784757387972,22.54463323324564,0.05578289071255404,nan,nan
2025 NJ30,nan,Not a NEA or MBO,Not a NEA or MBO,21165827779932234,745433741832225014,19.11306,2.0565333,1.1817971,227.12345716098724,-39.130345813892525,2025062300317,48,60850.07379568908,r,227.12330203605293,-39.13039432317502,17.706621170043945,3189.18,179.46,False,3300.39,4.54568,3200.97,177.274,False,-491.892,5.77838,22.64080244357165,0.06109602806109058,22.603586878946945,0.0014954019258076202,22.636796000221597,0.06012952448070881,nan,nan
2025 NJ30,nan,Not a NEA or MBO,Not a NEA or MBO,21165827779932234,745433741966442636,19.113249,2.0565329,1.1817999,227.12333317889016,-39.13036478793324,2025062300318,48,60850.074244236894,r,227.12315669634532,-39.13041426910619,18.608318328857422,3188.39,170.931,False,3127.52,1.07183,2729.58,166.541,False,-451.079,5.69264,22.641071440710487,0.058206800674673785,22.661999754170985,0.0003720918383484187,22.80976040051204,0.0662444729588005,nan,nan
2025 NJ30,nan,Not a NEA or MBO,Not a NEA or MBO,21165827779932234,745433742093844516,19.113432,2.0565324,1.1818025,227.12321334142712,-39.130383119064426,2025062300319,35,60850.07467867204,r,227.12303978577395,-39.13042563452185,17.027280807495117,3090.98,181.236,False,3071.67,0.890023,2900.15,180.725,False,-466.497,6.69278,22.67475951937029,0.06366087125496733,22.681563637299703,0.00031459440995949204,22.743948884495538,0.0676584620929926,nan,nan
2025 NJ30,nan,Not a NEA or MBO,Not a NEA or MBO,21165827779932234,745433742366999079,19.11388,2.0565314,1.1818091,227.1229176252889,-39.13042831755098,2025062300321,44,60850.07574989271,r,227.12277943992444,-39.13045765305756,18.915178298950195,3222.94,171.041,False,3146.62,1.28205,2877.17,168.2,False,-411.852,7.35204,22.629369468424315,0.05761987811495355,22.65538921275801,0.00044236929281999044,22.75258622122702,0.06347238129331711,nan,nan
2025 NJ30,nan,Not a NEA or MBO,Not a NEA or MBO,21165827779932234,745433742765457548,19.114523,2.0565298,1.1818184,227.12249520387516,-39.13049279298925,2025062300324,36,60850.077279511446,r,227.12237502379614,-39.130531664752745,19.626150131225586,3235.68,161.51,False,3441.34,6.01798,2688.51,156.223,False,-242.33,8.32858,22.62508611165212,0.054194868519472174,22.5581810160676,0.0018986611918102908,22.826220855584893,0.06308958282448394,nan,nan
2025 NJ30,nan,Not a NEA or MBO,Not a NEA or MBO,21165827779932234,745433743425536138,19.115458,2.0565274,1.181832,227.12188124153604,-39.130586317377386,2025062300329,15,60850.07950386724,r,227.121725645306,-39.13062717377152,17.971240997314453,3239.88,180.709,False,3253.42,0.741817,3426.85,179.194,False,-314.81,6.28821,22.62367772695162,0.06055851158830849,22.619149695789122,0.00024756028759331767,22.562762231764975,0.05677441621200927,nan,nan
2025 NJ30,nan,Not a NEA or MBO,Not a NEA or MBO,21165827779932234,745433743690826249,19.11584,2.0565264,1.1818374,227.1216289451048,-39.130624685634,2025062300331,9,60850.08041742332,r,227.12147148267687,-39.13067212191572,14.781136512756348,2786.03,185.999,False,2758.03,5.36946,2840.99,185.252,False,-338.344,5.8989,22.787535517081245,0.072485162951627,22.79850252389305,0.0021137613351011777,22.766325741100644,0.07079743431071871,nan,nan
2025 NJ30,nan,Not a NEA or MBO,Not a NEA or MBO,21165827779932234,745433744364011715,19.116846,2.056524,1.1818521,227.1209679117751,-39.13072503730164,2025062300336,13,60850.08281278591,r,227.12081210118956,-39.13076289935021,19.241323471069336,3057.86,159.312,False,3108.99,0.873963,3016.22,154.077,False,370.944,6.27352,22.68645596699894,0.056565963233260096,22.66845169054414,0.00030520949631609296,22.70134247217565,0.0554624577581097,24.97672912232785,0.018362307472299687
2025 NJ30,nan,Not a NEA or MBO,Not a NEA or MBO,21165827779932234,745433744497705094,19.11703,2.0565236,1.1818547,227.12084758492247,-39.13074327686945,2025062300337,12,60850.083248289615,r,227.12068154564503,-39.1308092802091,13.75814437866211,2463.3,177.227,False,2497.27,2.31677,4095.62,174.662,False,1282.1,7.45825,22.921206711354653,0.07811544350278928,22.90633624158624,0.0010072603806382755,22.36920083116716,0.046302355773403386,23.630195270209157,0.006315959950890429
2025 NJ30,nan,Not a NEA or MBO,Not a NEA or MBO,21165827779932234,745433746517262391,19.12055,2.0565147,1.181906,227.11853262121028,-39.13109256511235,2025062300352,24,60850.09163979355,g,227.11839928394485,-39.13111340525273,14.81186294555664,1759.24,117.625,False,1700.17,0.710434,2285.36,116.747,False,399.993,4.61364,23.286687278381578,0.07259368920306367,23.323769100298485,0.0004536863467752105,23.00261339451699,0.05546453973467226,24.89486899108339,0.012523208298948919
2025 NJ30,nan,Not a NEA or MBO,Not a NEA or MBO,21165827779932234,745464541715366092,21.84328,2.048948,1.2292078,225.58470017116144,-39.38692207913616,2025063000418,51,60857.21796779636,g,225.5847336184734,-39.38691890645609,12.220246315002441,2056.73,168.046,False,2240.3,5.33437,2354.19,170.618,False,210.749,2.18616,23.117056803201088,0.08871054231545569,23.02423452913822,0.002585242449799834,22.970396250527585,0.07868784604701302,25.590586230018616,0.01126265479897509
2025 NJ30,nan,Not a NEA or MBO,Not a NEA or MBO,21165827779932234,745464541850632790,21.843435,2.0489476,1.229211,225.58462431289053,-39.38693294925992,2025063000419,53,60857.21840192778,g,225.584627213382,-39.386928620094395,10.679961204528809,1884.53,175.887,False,1923.07,13.2163,2146.29,179.911,False,191.638,2.07488,23.211992344588708,0.10133395261448341,23.19001229806875,0.007461723086168429,23.070778974968704,0.09101094347701708,25.693795922825224,0.011755352308126757
2025 NJ30,nan,Not a NEA or MBO,Not a NEA or MBO,21165827779932234,745464541984850435,21.843592,2.048947,1.2292142,225.5845482970385,-39.38694384032562,2025063000420,53,60857.21883607846,g,225.58453435401316,-39.38699089278794,10.489218711853027,1880.81,178.904,False,1970.81,3.76732,2055.96,183.233,False,102.978,2.05997,23.214137653162595,0.10327600952742737,23.163388074612904,0.002075448931110553,23.11746336829845,0.09676389990164808,26.36813890129044,0.0217190465175849
2025 NJ30,nan,Not a NEA or MBO,Not a NEA or MBO,21165827779932234,745464542166778517,21.843748,2.0489466,1.2292173,225.5844722983966,-39.386954727307824,2025063000421,144,60857.219271350696,g,225.5845803372974,-39.386993881121626,10.584847450256348,1817.53,172.387,False,1941.79,16.494,2012.1,175.464,False,121.305,2.15291,23.251296012451277,0.10297865617389221,23.179494327684594,0.009222486488110731,23.140876110523127,0.09468099231999698,26.19030324185279,0.019269546352804277
2025 NJ30,nan,Not a NEA or MBO,Not a NEA or MBO,21165827779932234,745464542412145079,21.844067,2.0489457,1.2292238,225.58431703518545,-39.38697696419143,2025063000423,100,60857.22016088512,g,225.584397215197,-39.38699236902471,9.89970588684082,1789.25,180.906,False,1895.14,7.4337,1881.42,185.761,False,13.7631,2.03016,23.26832243528505,0.10977571620495165,23.205896746109314,0.004258807927051607,23.21378558368874,0.1071995833700746,28.55320936253434,0.1601541958009806
2025 NJ30,nan,Not a NEA or MBO,Not a NEA or MBO,21165827779932234,745464542508614157,21.844223,2.0489452,1.229227,225.58424091444945,-39.386987863869415,2025063000424,28,60857.220596073355,g,225.5842743838646,-39.386999577944216,9.284126281738281,1742.9,185.92,False,1858.44,2.52357,1704.78,187.803,False,-76.3227,2.16221,23.296818810037067,0.11581850385735777,23.227128673234347,0.0014743179583758576,23.32082912705351,0.11960751897530496,nan,nan
2025 NJ30,nan,Not a NEA or MBO,Not a NEA or MBO,21165827779932234,745464542644404515,21.844381,2.0489447,1.2292302,225.58416428746085,-39.3869988344898,2025063000425,31,60857.22103535601,g,225.5841193146772,-39.386994830707984,11.201277732849121,2152.47,187.355,False,2230.41,2.71768,2014.04,188.846,False,-132.2,2.27651,23.06765724678089,0.0945045016991551,23.02903828385115,0.0013229332995733155,23.139829749834526,0.10180380121173449,nan,nan
2025 NJ30,nan,Not a NEA or MBO,Not a NEA or MBO,21165827779932234,745464542813225526,21.844542,2.0489442,1.2292335,225.5840857588494,-39.387010075774974,2025063000426,97,60857.221485952716,g,225.5840864018649,-39.38698833789944,10.276507377624512,1799.83,172.833,False,1887.01,3.05281,1688.93,177.005,False,-142.252,2.10234,23.261921310346693,0.10426042569243381,23.210564490215063,0.0017565070009238804,23.330970840424744,0.11378845547948961,nan,nan
2025 NJ30,nan,Not a NEA or MBO,Not a NEA or MBO,21165827779932234,745464542966841390,21.844698,2.0489438,1.2292366,225.5840096909896,-39.387020963296,2025063000427,134,60857.22192128851,g,225.58395678855695,-39.38705253888919,9.841747283935547,1749.88,175.996,False,1861.66,4.45231,1653.07,179.779,False,-190.435,2.04611,23.292479328289975,0.10919904847478919,23.225249061286863,0.002596625681200892,23.354271924382505,0.118078836983248,nan,nan
2025 NJ30,nan,Not a NEA or MBO,Not a NEA or MBO,21165827779932234,745464543093195375,21.844854,2.0489433,1.2292398,225.5839339893903,-39.38703179694174,2025063000428,119,60857.22235545619,g,225.5839600351281,-39.387029726729814,9.990111351013184,1786.05,177.642,False,1750.09,2.93058,1692.78,182.136,False,-186.599,2.08093,23.27026593861121,0.10798821072045886,23.29234906306278,0.0018180989328055522,23.328498683093436,0.1168206427830651,nan,nan
2025 NJ30,nan,Not a NEA or MBO,Not a NEA or MBO,21165827779932234,745464543211159717,21.845009,2.048943,1.229243,225.5838583050946,-39.3870426266843,2025063000429,88,60857.22278962034,g,225.58390550757846,-39.38707075475072,8.840408325195312,1677.69,188.327,False,1666.52,0.446795,1543.77,192.449,False,-219.552,2.02973,23.338220748188306,0.12187796605364634,23.34547366222475,0.00029108650811650495,23.428543493627362,0.13534972812819687,nan,nan
2025 NJ30,nan,Not a NEA or MBO,Not a NEA or MBO,21165827779932234,745464543384699014,21.845171,2.0489426,1.2292463,225.58378002323516,-39.38705382663619,2025063000430,163,60857.223238299455,g,225.58377214404962,-39.38703397736657,9.48662281036377,1768.96,184.986,False,1990.56,5.27874,1575.99,188.765,False,-225.338,2.07981,23.280704992260304,0.11353902507194268,23.15256178619146,0.002879249501611572,23.4061163630549,0.1300446038987902,nan,nan
2025 NJ30,nan,Not a NEA or MBO,Not a NEA or MBO,21165827779932234,745464543460196986,21.845325,2.048942,1.2292495,225.583704199961,-39.38706467342398,2025063000431,51,60857.22367359555,g,225.58371351313951,-39.38703267397447,10.418534278869629,1754.63,167.659,False,1818.76,1.36153,1725.88,170.619,False,-220.841,2.18867,23.28953612075662,0.1037446311393087,23.250561508678118,0.0008127858258662399,23.307473506819754,0.10733494134818593,nan,nan
2025 NJ30,nan,Not a NEA or MBO,Not a NEA or MBO,21165827779932234,745464543724962268,21.845638,2.0489411,1.2292558,225.5835526056885,-39.38708635544921,2025063000433,44,60857.22454307079,g,225.5835423467259,-39.38712084574228,12.015393257141113,1981.2,165.693,False,2295.46,8.4466,1797.67,169.287,False,-229.413,2.19494,23.157679228482717,0.09080299110978382,22.99782569527099,0.003995181593274353,23.26322504630668,0.10224402876223276,nan,nan
2025 NJ30,nan,Not a NEA or MBO,Not a NEA or MBO,21165827779932234,745464543842402809,21.845795,2.0489407,1.229259,225.5834768347312,-39.38709719072708,2025063000434,12,60857.22497839545,g,225.58346879708222,-39.38711175699989,7.610058784484863,1386.85,181.751,False,1435.67,15.7836,1236.26,186.082,False,-245.885,2.19383,23.54492629198001,0.14228910993398503,23.507363403297425,0.011936465397915482,23.669725447448734,0.16342514006201814,nan,nan
2025 NJ30,nan,Not a NEA or MBO,Not a NEA or MBO,21165827779932234,745464544276513161,21.846268,2.0489392,1.2292687,225.58324701650076,-39.387130046989576,2025063000437,72,60857.226298626774,g,225.58334720476236,-39.38706777998255,10.018649101257324,1974.82,199.722,False,2490.67,12.2509,1752.96,204.935,False,-270.601,2.07904,23.16118123730616,0.10980515303520169,22.90920955972831,0.005340429033020004,23.290570008599637,0.12693122001051643,nan,nan
2025 NJ30,nan,Not a NEA or MBO,Not a NEA or MBO,21165827779932234,745464544399721075,21.846428,2.0489388,1.2292719,225.5831685323204,-39.38714126496208,2025063000438,51,60857.22674946219,g,225.58314879801176,-39.38717072997937,9.78274917602539,1723.24,175.613,False,1957.42,2.4459,1536.04,179.5,False,-284.893,2.06306,23.309135588770353,0.11064587658345212,23.170789922067183,0.0013566848626442567,23.433993659138103,0.1268779744003498,nan,nan
2025 NJ30,nan,Not a NEA or MBO,Not a NEA or MBO,21165827779932234,745464544555958283,21.84659,2.0489383,1.2292752,225.58309006704556,-39.387152478938624,2025063000439,93,60857.227200629015,g,225.58303510769838,-39.38718536896083,8.56258773803711,1522.35,174.846,False,1526.85,2.49667,1263.02,179.098,False,-286.269,2.1449,23.443713738503735,0.12469972604657655,23.440509083809577,0.0017753709022129483,23.64647441398569,0.153958914041262,nan,nan
2025 NJ30,nan,Not a NEA or MBO,Not a NEA or MBO,21165827779932234,745464544673399404,21.846752,2.0489378,1.2292784,225.5830117945777,-39.38716366409709,2025063000440,61,60857.22765014765,g,225.58308107071002,-39.38716896104884,9.437527656555176,1547.74,166.115,False,1693.76,21.6592,1424.64,167.917,False,-252.306,2.24793,23.425754990093544,0.11652931161274202,23.32787031296209,0.01388400847590374,23.515737153879797,0.12797167881323795,nan,nan
2025 NJ30,nan,Not a NEA or MBO,Not a NEA or MBO,21165827779932234,745464544802898026,21.846907,2.0489373,1.2292817,225.5829361491826,-39.387174472668754,2025063000441,52,60857.228085408555,g,225.58294893857303,-39.38717672910868,10.149182319641113,1654.34,164.076,False,1706.02,3.38738,1461.6,165.862,False,-251.401,2.18173,23.35343809592444,0.10768237580312269,23.320039692122677,0.0021557783249930907,23.487928682274557,0.12320907284584169,nan,nan
2025 NJ30,nan,Not a NEA or MBO,Not a NEA or MBO,21165827779932234,745464545250640571,21.847383,2.048936,1.2292913,225.58270497496,-39.38720749701125,2025063000444,138,60857.229415438866,g,225.58267927032298,-39.387206375563125,12.266783714294434,1986.22,161.173,False,2063.5,0.0254165,1829.32,162.574,False,-224.117,2.31287,23.15493163938465,0.08810271189336805,23.11348881696641,1.3373208233065706e-05,23.24427582548891,0.09649076624181459,nan,nan
2025 NJ30,nan,Not a NEA or MBO,Not a NEA or MBO,21165827779932234,745464545335575081,21.84754,2.0489354,1.2292945,225.5826292276201,-39.38721831568708,2025063000445,44,60857.22985155545,g,225.5826509998226,-39.38721925943922,10.774137496948242,1890.71,174.285,False,1885.87,27.6456,1683.16,177.473,False,-260.032,2.07583,23.208437719433324,0.10008279552752115,23.211220623044003,0.015916170367410797,23.334686473790477,0.1144804209782598,nan,nan
2025 NJ30,nan,Not a NEA or MBO,Not a NEA or MBO,21165827779932234,745464545608204608,21.84785,2.0489345,1.229301,225.58247778622103,-39.38723994232,2025063000447,52,60857.230723377426,g,225.58246696280267,-39.38723390474164,7.030495643615723,1745.25,250.044,False,1955.39,19.3166,1383.48,259.364,False,-319.141,1.9037,23.295355883303923,0.15555469444172576,23.171916517260453,0.010725600869304549,23.547567802248768,0.20354533772113223,nan,nan
2025 NJ30,nan,Not a NEA or MBO,Not a NEA or MBO,21165827779932234,745464545730887989,21.848501,2.0489326,1.2293142,225.5821631487978,-39.38728486165097,2025063000448,30,60857.23253610583,r,225.58209781736943,-39.387339747732874,11.440381050109863,3307.96,288.115,False,3415.28,7.93776,3121.74,291.741,False,-297.986,3.41495,22.601099389311074,0.09456489187442924,22.5664342034609,0.0025234572885365026,22.664008180401257,0.10146705497172576,nan,nan
2025 NJ30,nan,Not a NEA or MBO,Not a NEA or MBO,21165827779932234,745464545893941516,21.848656,2.048932,1.2293173,225.58208787610465,-39.38729560561154,2025063000449,85,60857.232970256315,r,225.58206652632083,-39.3872925875272,11.916446685791016,2810.47,237.7,False,2865.21,2.60465,2661.59,239.454,False,-256.501,3.6166,22.77805262673494,0.09182787763181008,22.757108869201772,0.000987000208237244,22.837147073764093,0.09767990670612314,nan,nan
2025 NJ30,nan,Not a NEA or MBO,Not a NEA or MBO,21165827779932234,745464546051227938,21.848812,2.0489316,1.2293205,225.5820124478497,-39.387306370903,2025063000450,129,60857.23340559425,r,225.58196609600037,-39.38730612647955,12.683741569519043,3045.72,237.43,False,3091.77,4.13555,2821.51,238.897,False,-239.312,3.6461,22.690775072566417,0.08463888394967625,22.674482046071844,0.0014522802010643783,22.773796011652255,0.09192918850413324,nan,nan
2025 NJ30,nan,Not a NEA or MBO,Not a NEA or MBO,21165827779932234,745464546168668820,21.848967,2.0489311,1.2293237,225.58193686409317,-39.38731715753404,2025063000451,97,60857.233841860565,r,225.58191102397,-39.38732485477722,13.113717079162598,3242.55,246.97,False,3640.87,1.99652,3113.11,250.944,False,-257.492,3.58904,22.62278327961924,0.08269549205921603,22.496987034054097,0.0005953780343184875,22.66701379626988,0.08751986824440768,nan,nan
2025 NJ30,nan,Not a NEA or MBO,Not a NEA or MBO,21165827779932234,745464546432385316,21.84928,2.0489302,1.2293301,225.581786097041,-39.387338671184274,2025063000453,88,60857.23471153538,r,225.58181845336455,-39.387397877756904,11.223044395446777,2678.03,238.806,False,3101.0,15.3546,2271.26,238.756,False,-242.591,3.66104,22.830461393660276,0.09681755507292515,22.671245584406684,0.005376022276111387,23.009332864205483,0.11413313694168623,nan,nan
2025 NJ30,nan,Not a NEA or MBO,Not a NEA or MBO,21165827779932234,745464546528329816,21.849434,2.0489297,1.2293333,225.58171074044284,-39.38734942298377,2025063000454,15,60857.23514684849,r,225.58178391068694,-39.38735615267704,12.037769317626953,3149.79,258.067,False,3084.02,0.688666,2809.04,263.173,False,-230.582,3.6943,22.654295986887615,0.08895598327804428,22.677207028608688,0.00024244641387432894,22.778605176186176,0.10172032251145958,nan,nan
2025 NJ30,nan,Not a NEA or MBO,Not a NEA or MBO,21165827779932234,745468900611719456,22.111107,2.0481236,1.2347276,225.46204057311,-39.41106233391294,2025070100126,130,60857.98743670322,i,225.4620555717413,-39.411097198356195,7.093584060668945,2947.35,415.771,False,3176.22,8.05067,2270.15,422.105,False,-167.431,4.14755,22.726420684764733,0.15316050295697994,22.645223569804408,0.0027519830534426665,23.009863661410066,0.20187860377172953,nan,nan
2025 NJ30,nan,Not a NEA or MBO,Not a NEA or MBO,21165827779932234,745468900724965680,22.111273,2.0481231,1.234731,225.4619617745704,-39.411077457603646,2025070100127,90,60857.98789705879,i,225.46196136592846,-39.41110581066451,6.261593818664551,2224.62,349.998,False,2247.39,23.2869,1964.9,351.986,False,-168.333,4.77514,23.031860349454547,0.1708181463805009,23.020803941664397,0.011250130669171285,23.16664885488789,0.19449535895075132,nan,nan
2025 NJ30,nan,Not a NEA or MBO,Not a NEA or MBO,21165827779932234,745468900845027748,22.111433,2.0481226,1.2347342,225.461884681666,-39.41109224471893,2025070100128,63,60857.98834868114,i,225.46187021504687,-39.411077333537875,8.41466236114502,2973.12,353.154,False,3115.47,14.4422,2786.37,353.237,False,-177.667,5.05784,22.7169688612141,0.12896622387574816,22.666191076133607,0.005033083048697205,22.787402990440516,0.13764223096719166,nan,nan
2025 NJ30,nan,Not a NEA or MBO,Not a NEA or MBO,21165827779932234,745468901012799550,22.111591,2.0481222,1.2347374,225.46180895278312,-39.41110676132995,2025070100129,127,60857.98879158037,i,225.46181887235997,-39.41109538570478,9.52686882019043,3053.22,319.495,False,3362.64,18.1308,2906.93,320.365,False,-158.468,5.3216,22.688104764047694,0.11361359049340544,22.583299097725906,0.005854110722073716,22.74141359073954,0.11965608969395926,nan,nan
2025 NJ30,nan,Not a NEA or MBO,Not a NEA or MBO,21165827779932234,745468901162221648,22.111748,2.0481217,1.2347405,225.46173475907216,-39.4111209751352,2025070100130,156,60857.98922565791,i,225.46174043698463,-39.411106225665336,10.025226593017578,3205.58,319.869,False,3263.61,10.4397,2988.02,317.679,False,-153.182,6.14218,22.635233423995217,0.10834024813829407,22.61575432631914,0.003473074301535892,22.711541242758376,0.11543281969248663,nan,nan
2025 NJ30,nan,Not a NEA or MBO,Not a NEA or MBO,21165827779932234,745468901294866628,22.111908,2.0481212,1.2347437,225.4616576557488,-39.41113573741592,2025070100131,153,60857.98967619495,i,225.4616822835604,-39.41114071283669,9.906795501708984,2986.6,294.283,False,2870.98,4.1027,2837.81,295.22,False,-140.519,6.6645,22.71205731259592,0.1069824166943097,22.75492458964193,0.0015515434489408362,22.767541690682265,0.11295014009954304,nan,nan
2025 NJ30,nan,Not a NEA or MBO,Not a NEA or MBO,21165827779932234,745468901396054201,22.112064,2.0481207,1.2347468,225.46158294253016,-39.4111500333948,2025070100132,90,60857.990113633656,i,225.46157518826467,-39.41113982613816,10.859015464782715,3122.25,285.361,False,3033.63,4.98863,3044.6,286.228,False,-123.444,5.98716,22.663830814303807,0.0992318875518433,22.69509351574311,0.0017854307264657076,22.69117435756681,0.10207189417381965,nan,nan
2025 NJ30,nan,Not a NEA or MBO,Not a NEA or MBO,21165827779932234,745468901510873302,22.112226,2.0481203,1.2347502,225.46150531956727,-39.411164877078456,2025070100133,53,60857.99056782855,i,225.4615250540209,-39.41113701515905,10.686043739318848,3474.14,322.238,False,3548.74,21.27,3186.05,320.15,False,-160.564,5.14642,22.547881744693854,0.10070563682631987,22.524814548646447,0.006507551873556901,22.641868515656775,0.10910011895587106,nan,nan
2025 NJ30,nan,Not a NEA or MBO,Not a NEA or MBO,21165827779932234,745468901648236945,22.112389,2.0481195,1.2347534,225.4614278641588,-39.411179679522085,2025070100134,59,60857.99102096536,i,225.4614321405025,-39.411214498391786,9.968205451965332,3063.87,312.125,False,3249.63,19.737,2685.81,313.36,False,-186.285,5.29633,22.684324122879545,0.11060697743323834,22.620415250634032,0.00659434326860017,22.82731176008917,0.1266754810639163,nan,nan
2025 NJ30,nan,Not a NEA or MBO,Not a NEA or MBO,21165827779932234,745468901782978860,22.112545,2.0481193,1.2347565,225.4613534832576,-39.41119388575191,2025070100135,60,60857.99145541865,i,225.46135251570342,-39.411172131446534,11.464306831359863,3111.6,265.59,False,3290.64,3.80225,2940.06,263.753,False,-124.419,6.7176,22.667540558882187,0.0926727939309517,22.60679910406597,0.0012545403082392943,22.72910949467586,0.0974014698454132,nan,nan
2025 NJ30,nan,Not a NEA or MBO,Not a NEA or MBO,21165827779932234,745468901914050692,22.112703,2.0481188,1.2347597,225.46127807339383,-39.41120827985888,2025070100136,54,60857.99189614932,i,225.461302865835,-39.41121480051289,10.208770751953125,3164.93,308.829,False,3399.64,10.4133,3016.17,310.189,False,-186.579,6.40615,22.649089750955962,0.10594447412407582,22.571417708092067,0.0033256746894164886,22.701360488194396,0.11165930014048553,nan,nan
2025 NJ30,nan,Not a NEA or MBO,Not a NEA or MBO,21165827779932234,745468902089687349,22.112875,2.048118,1.2347631,225.4611958200836,-39.41122397030679,2025070100137,133,60857.99237754175,i,225.46119063794316,-39.41124288303193,9.279655456542969,3078.47,329.7,False,3304.32,0.772812,2837.2,329.189,False,-208.093,5.50314,22.679162696070915,0.11628089387554137,22.602294729960644,0.0002539312052495267,22.767775140744252,0.12597364183801163,nan,nan
2025 NJ30,nan,Not a NEA or MBO,Not a NEA or MBO,21165827779932234,745468902227050920,22.113037,2.0481176,1.2347664,225.4611183516577,-39.41123873853344,2025070100138,139,60857.992830541276,i,225.46110043470694,-39.411219728737436,9.226724624633789,3219.96,336.047,False,3568.93,6.49851,3057.62,339.045,False,-204.833,5.91789,22.630373821421923,0.1133114683554195,22.518654946026054,0.0019769700142765944,22.686541182248376,0.12039214552911832,nan,nan
2025 NJ30,nan,Not a NEA or MBO,Not a NEA or MBO,21165827779932234,745468902363365498,22.113194,2.0481172,1.2347695,225.4610434454884,-39.41125300957236,2025070100139,143,60857.99326855542,i,225.46106568485973,-39.411267130430595,9.502091407775879,3040.41,314.205,False,3358.09,3.70386,2842.07,316.5,False,-173.534,6.13961,22.692669650710016,0.11220320269261722,22.584769142927193,0.0011975303944791868,22.765913047964794,0.12091028741044249,nan,nan
2025 NJ30,nan,Not a NEA or MBO,Not a NEA or MBO,21165827779932234,745468902514885070,22.11335,2.0481167,1.2347726,225.4609692204714,-39.411267142373305,2025070100140,176,60857.99370280851,i,225.46098006877543,-39.41127365010867,9.583166122436523,3093.86,320.749,False,3610.66,4.13473,2893.55,318.204,False,-141.75,6.34404,22.673748318340387,0.11256126074267304,22.506033539560107,0.001243325601850093,22.746422503449892,0.11939852718522734,nan,nan
2025 NJ30,nan,Not a NEA or MBO,Not a NEA or MBO,21165827779932234,745468902579896566,22.113522,2.0481162,1.2347761,225.4608867829029,-39.41128282900874,2025070100141,44,60857.99418406141,i,225.46091057609047,-39.41131607965309,10.779423713684082,3595.25,326.051,False,3737.66,9.07427,3504.13,328.045,False,-68.7139,5.50385,22.510677262614784,0.09846474368432633,22.4685005435176,0.0026359444069649013,22.538549512008064,0.10164302117220236,nan,nan
2025 NJ30,nan,Not a NEA or MBO,Not a NEA or MBO,21165827779932234,745468902773358743,22.113684,2.0481157,1.2347794,225.46080947334212,-39.4112975304222,2025070100142,157,60857.99463611857,i,225.46083093246693,-39.41129134274537,11.16800594329834,3450.77,306.93,False,3372.41,9.03826,3459.44,309.374,False,34.3195,6.06737,22.555209959476826,0.0965712010618172,22.580149107250858,0.002909838028322377,22.55248551172064,0.09709622095280625,27.56114762097416,0.19194811157194458
2025 NJ30,nan,Not a NEA or MBO,Not a NEA or MBO,21165827779932234,745468902884507694,22.113846,2.0481153,1.2347826,225.46073164766213,-39.41131232075544,2025070100143,113,60857.995091203804,i,225.4607629526693,-39.41134479637854,10.42938232421875,3596.1,341.935,False,3507.92,7.17613,3943.71,343.739,False,261.715,5.31068,22.51042057039573,0.10323717261519219,22.537375822960513,0.002221083755310434,22.410237581560963,0.09463421393257955,25.355428478648694,0.02203158983488899
2025 NJ30,nan,Not a NEA or MBO,Not a NEA or MBO,21165827779932234,745468903029735800,22.114014,2.0481148,1.2347859,225.46065176638777,-39.41132749211898,2025070100144,134,60857.99555819202,i,225.46070928126807,-39.41129308894084,8.95093822479248,3062.76,341.83,False,3371.49,3.30377,3440.0,341.969,False,430.234,5.41852,22.684717580231244,0.12117736652892205,22.580445313453765,0.0010639280503547488,22.558603893571174,0.10793259239627824,24.815738157084,0.013674147537218835
2025 NJ30,nan,Not a NEA or MBO,Not a NEA or MBO,21165827779932234,745468903116243263,22.11418,2.0481143,1.2347893,225.46057290846943,-39.41134245956146,2025070100145,43,60857.996019817365,i,225.46060431890245,-39.41132594622238,7.991025447845459,2772.29,344.758,False,2841.6,0.0811719,3208.04,340.869,False,655.821,4.7475,22.79290333867239,0.13502059035471023,22.766092602440622,3.101466344562651e-05,22.63440054997577,0.1153644583249371,24.358036729000368,0.007859663988508864
2025 NJ30,nan,Not a NEA or MBO,Not a NEA or MBO,21165827779932234,745468903295025325,22.114336,2.0481138,1.2347925,225.4604978111772,-39.4113567044005,2025070100146,128,60857.99645835719,i,225.46053240285326,-39.41144683277065,7.575791358947754,3263.7,431.58,False,3822.16,13.2131,4805.33,434.621,False,1651.1,4.79511,22.615724437556,0.14357386514721904,22.444227867055297,0.003753359840372497,22.195691938206707,0.098200071537637,23.355566572550547,0.003153185667013535
2025 NJ30,nan,Not a NEA or MBO,Not a NEA or MBO,21165827779932234,745468903447593051,22.11449,2.0481133,1.2347956,225.46042356664097,-39.41137077902144,2025070100147,163,60857.99689267989,i,225.4604867024458,-39.4113173448868,5.498287677764893,2505.44,444.958,False,2666.55,42.7229,4935.6,445.727,False,2447.64,5.03375,22.90279000847466,0.19282322864539478,22.835125651436073,0.017395435629180132,22.16665008962552,0.09805128467255626,22.928131192797228,0.0022328957373998646
2025 NJ30,nan,Not a NEA or MBO,Not a NEA or MBO,21165827779932234,745468903521517754,22.114672,2.0481129,1.2347991,225.46033734406572,-39.41138711377522,2025070100148,48,60857.99739695183,i,225.46035987201805,-39.41137126970397,8.797869682312012,3611.04,406.103,False,3386.35,12.0996,7234.79,408.006,False,3636.54,5.5911,22.50591924026809,0.12210352744507993,22.575670360975003,0.003879390266403162,21.751435170069925,0.06123009742581168,22.49827906598403,0.001669295501669073
2025 NJ30,nan,Not a NEA or MBO,Not a NEA or MBO,21165827779932234,745468903702397298,22.114834,2.0481124,1.2348024,225.4602596724984,-39.41140181884026,2025070100149,137,60857.997850779706,i,225.4602895546417,-39.41137672196829,5.387531280517578,2566.37,466.748,False,3381.67,11.9786,9125.76,471.218,False,6688.41,5.29622,22.876701775728108,0.19746379656244595,22.577171963241437,0.0038459103083369126,21.499327420388965,0.056063105102991284,21.836692755813203,0.000859740577930221
2025 NJ30,nan,Not a NEA or MBO,Not a NEA or MBO,21165827779932234,745468903790477479,22.114996,2.048112,1.2348057,225.4601819984067,-39.4114165151821,2025070100150,49,60857.998304681336,i,225.4602157396265,-39.41143809618421,5.6577677726745605,2625.67,456.888,False,2608.01,62.5749,11145.0,460.478,False,8467.86,5.02732,22.85189967706949,0.18892696279791285,22.85922686519382,0.02605045068886384,21.282299817959355,0.04485936587246961,21.580565781994665,0.0006445953299364462
2025 NJ30,nan,Not a NEA or MBO,Not a NEA or MBO,21165827779932234,745468904058912952,22.115318,2.048111,1.2348121,225.46002784021584,-39.4114456554718,2025070100152,49,60857.99920588362,i,225.4600723538977,-39.41145729163991,7.1380157470703125,2999.94,422.848,False,3046.92,19.8073,15329.6,424.478,False,12351.2,5.82093,22.7072185993483,0.15303685504682837,22.69034739902225,0.007058112420481621,20.936172970611924,0.03006413350780081,21.170727097331508,0.0005116907143351448
2025 NJ30,nan,Not a NEA or MBO,Not a NEA or MBO,21165827779932234,745468904238743744,22.11548,2.0481105,1.2348155,225.45995032971717,-39.41146029348306,2025070100153,136,60857.99965874292,i,225.45994591799774,-39.41143688548639,8.025050163269043,3401.42,428.853,False,3522.22,33.3188,21693.4,428.973,False,18389.1,5.53359,22.57084937246497,0.13689025050353934,22.532958812092076,0.01027063323729053,20.559180919971606,0.021469732721920414,20.738598836808695,0.00032671631342061656
2025 NJ30,nan,Not a NEA or MBO,Not a NEA or MBO,21165827779932234,745468904382398684,22.11612,2.0481086,1.2348282,225.4596457403065,-39.41151772718951,2025070100154,154,60858.00143806799,g,225.45962606287935,-39.41148798882456,5.2558274269104,1389.87,266.883,False,1522.01,18.997,3007.27,271.812,False,1644.06,2.46183,23.542564551601675,0.20848319035675744,23.44395622835566,0.013551639127082361,22.70456893828912,0.09813423473599096,23.360205803608785,0.0016257908822853533
2025 NJ30,nan,Not a NEA or MBO,Not a NEA or MBO,21165827779932234,745468904598929545,22.116438,2.0481076,1.2348347,225.4594927481565,-39.41154652229863,2025070100156,55,60858.00233284449,g,225.45950522237837,-39.41153777154268,7.732853889465332,1863.57,243.677,False,1886.33,14.5732,2770.63,247.883,False,958.875,2.7023,23.224135755038596,0.14196888279630335,23.21095584585745,0.008388061194482956,22.79355371494536,0.0971387569816994,23.945595010614863,0.003059820126693141
2025 NJ30,nan,Not a NEA or MBO,Not a NEA or MBO,21165827779932234,745468904727380206,22.116602,2.0481071,1.234838,225.45941419527452,-39.41156129314731,2025070100157,44,60858.00279112785,g,225.45941958558709,-39.41157019470437,7.339522361755371,1802.57,248.199,False,1759.59,12.3873,2266.5,252.013,False,597.868,2.92262,23.26026968517877,0.1494969148942349,23.286471308203744,0.007643450945089733,23.011610691513233,0.12072342320752487,24.458486761900506,0.005307516894797167
2025 NJ30,nan,Not a NEA or MBO,Not a NEA or MBO,21165827779932234,745468904916123855,22.116766,2.0481064,1.2348412,225.4593361536869,-39.41157595856931,2025070100158,148,60858.00324718601,g,225.45938696355947,-39.41157939906236,7.7307353019714355,1711.64,220.733,False,1721.53,3.07725,2150.56,223.604,False,406.479,2.84374,23.31646892287813,0.14001648097109187,23.310213493327424,0.0019407629744328699,23.068621061045306,0.11288918047173452,24.877404705882988,0.007595844878832525
2025 NJ30,nan,Not a NEA or MBO,Not a NEA or MBO,21165827779932234,745468905002631377,22.116934,2.048106,1.2348446,225.4592555428341,-39.41159109709087,2025070100159,57,60858.003718579464,g,225.45924446850202,-39.41154561657892,9.391178131103516,1919.98,204.999,False,1871.35,3.16618,2049.31,206.326,False,174.732,4.0857,23.191758249096956,0.11592559860846803,23.21961246036242,0.0018369819585124995,23.12098082075018,0.10931269849440937,25.794068913579252,0.025387408066310596
2025 NJ30,nan,Not a NEA or MBO,Not a NEA or MBO,21165827779932234,745468905197666349,22.11711,2.0481055,1.2348481,225.4591723625672,-39.41160670779983,2025070100160,173,60858.00420422017,g,225.45914480766103,-39.41161870709235,8.735319137573242,2006.77,230.493,False,2017.91,15.4476,2119.59,232.932,False,46.1057,3.78077,23.143755989523065,0.12470516725835389,23.137745500265467,0.008311579162839904,23.08437030024904,0.119316803052438,27.240613415719814,0.08903278360182108
2025 NJ30,nan,Not a NEA or MBO,Not a NEA or MBO,21165827779932234,745468905266348372,22.117283,2.048105,1.2348516,225.45908952243803,-39.41162224423872,2025070100161,48,60858.004688799854,g,225.4591020025303,-39.411649556086346,8.328492164611816,1678.31,201.758,False,1813.08,5.03062,1723.66,202.627,False,8.39571,3.23279,23.337819506418743,0.13052174674555378,23.253957608200736,0.003012512688514621,23.30887097017507,0.1276350697969282,29.089856428584632,0.4180655527242939
2025 NJ30,nan,Not a NEA or MBO,Not a NEA or MBO,21165827779932234,745468905421013111,22.117447,2.0481045,1.2348549,225.45901078816505,-39.41163700098796,2025070100162,87,60858.0051481855,g,225.45900967378697,-39.41163862383555,6.9548163414001465,1392.2,198.26,False,1397.83,4.15814,1358.68,201.387,False,-14.8898,3.18424,23.540745964517708,0.15461719691200076,23.53636414164531,0.0032297514594242225,23.567207000675864,0.1609305658925879,nan,nan
2025 NJ30,nan,Not a NEA or MBO,Not a NEA or MBO,21165827779932234,745468905581969595,22.117601,2.048104,1.234858,225.45893650234927,-39.41165091536765,2025070100163,138,60858.0055823245,g,225.45892471626655,-39.411672933883814,8.478767395019531,1622.23,191.709,False,1703.86,15.8903,1579.51,193.274,False,-35.7978,4.45164,23.374718941637152,0.12830819562354734,23.321415240601063,0.010125640570499661,23.403694043782643,0.13285422706670602,nan,nan
2025 NJ30,nan,Not a NEA or MBO,Not a NEA or MBO,21165827779932234,745468905717760290,22.117758,2.0481036,1.2348611,225.4588620437192,-39.41166485372352,2025070100164,141,60858.00601772373,g,225.45886730793086,-39.41170606591719,6.439485549926758,1493.95,228.077,False,1433.77,36.6362,1414.7,229.435,False,-33.8426,4.3952,23.464159878948745,0.16575618993939187,23.50880126263732,0.027743116503963376,23.523339153650095,0.17608389912052372,nan,nan
2025 NJ30,nan,Not a NEA or MBO,Not a NEA or MBO,21165827779932234,745468905797976287,22.117933,2.048103,1.2348647,225.4587781690409,-39.41168054466595,2025070100165,38,60858.006507750004,g,225.45877446900917,-39.41170308526738,8.268038749694824,1956.89,233.805,False,1993.62,6.71889,1876.42,236.43,False,-40.4055,4.14672,23.171083957027165,0.12972141689164382,23.150894048049008,0.0036591438454065105,23.216674841400838,0.13680337926846217,nan,nan
2025 NJ30,nan,Not a NEA or MBO,Not a NEA or MBO,21165827779932234,745468905955262602,22.118092,2.0481026,1.2348678,225.45870285127825,-39.41169462573696,2025070100166,82,60858.00694735229,g,225.45867281502032,-39.41171019125363,9.287632942199707,1878.93,202.653,False,1831.98,8.63682,1919.95,206.058,False,-27.789,2.80286,23.21522346732823,0.1171026555968661,23.242698191325793,0.005118673835777769,23.19177523060204,0.11652628199271478,nan,nan
2025 NJ30,nan,Not a NEA or MBO,Not a NEA or MBO,21165827779932234,745468906076897567,22.118252,2.0481021,1.2348711,225.4586254778128,-39.41170908219073,2025070100167,58,60858.007399190305,g,225.45864749042985,-39.411703154412095,7.431375503540039,1844.37,244.418,False,2291.5,12.869,1910.04,247.457,False,-23.7734,2.35012,23.235379879139913,0.1438829907241547,22.999700346047987,0.00609746440811365,23.197393821983233,0.1406635564288597,nan,nan
2025 NJ30,nan,Not a NEA or MBO,Not a NEA or MBO,21165827779932234,745468906239426798,22.118408,2.0481017,1.2348742,225.4585508417933,-39.41172301859707,2025070100168,112,60858.00783545988,g,225.45843980025728,-39.4117146873465,7.531378269195557,2055.37,273.297,False,2219.62,3.94624,2158.38,279.582,False,-5.3206,2.16441,23.117774904811817,0.14436740219661656,23.034303369196028,0.0019303193151499938,23.06468028874149,0.1406389592541778,nan,nan
2025 NJ30,nan,Not a NEA or MBO,Not a NEA or MBO,21165827779932234,745468906338517083,22.118565,2.0481012,1.2348773,225.45847637561783,-39.411736914893936,2025070100169,45,60858.0082708691,g,225.45850467671417,-39.41170819375283,6.997196674346924,1628.98,235.175,False,1951.51,18.8212,1645.54,237.988,False,-7.73011,2.99558,23.37021063242298,0.15674717819056425,23.17407304193963,0.010471305564344896,23.35922886511294,0.15702577203903337,nan,nan
2025 NJ30,nan,Not a NEA or MBO,Not a NEA or MBO,21165827779932234,745468906528833780,22.118736,2.0481007,1.2348808,225.45839454685972,-39.41175217547073,2025070100170,152,60858.00874883383,g,225.4583762845665,-39.41171805634248,7.037389278411865,1628.59,226.599,False,nan,nan,1710.58,230.476,False,16.1005,3.63842,23.370470613349376,0.15106732963184855,nan,nan,23.317141552949288,0.14628730705571288,28.38290158472544,0.24535662929041044
2025 NJ30,nan,Not a NEA or MBO,Not a NEA or MBO,21165827779932234,745468906654138384,22.11889,2.0481002,1.2348839,225.4583199066969,-39.41176608659397,2025070100171,135,60858.0091840213,g,225.4582861312177,-39.41173699275775,7.169161796569824,1921.65,265.531,False,1930.25,14.4207,1880.06,269.182,False,17.9493,2.56984,23.190814260588496,0.15002556286765695,23.185966097183787,0.00811142399558464,23.214570692400322,0.155452826709075,28.264881162893325,0.15544718511747335
2025 NJ30,nan,Not a NEA or MBO,Not a NEA or MBO,21165827779932234,745468906740646104,22.119055,2.0480998,1.2348872,225.4582416701552,-39.411780658963615,2025070100172,44,60858.00964125115,g,225.45832404484705,-39.41175149814555,6.171651363372803,1635.94,263.583,False,1709.06,10.1077,1736.83,267.569,False,27.263,2.80039,23.365581610455493,0.1749340591898961,23.318106688345093,0.006421246672625228,23.30060674743738,0.16726412958463102,27.811065871639144,0.11152421822753861
2025 NJ30,nan,Not a NEA or MBO,Not a NEA or MBO,21165827779932234,745468906900553808,22.119211,2.0480993,1.2348903,225.4581671986468,-39.41179452147237,2025070100173,93,60858.01007654422,g,225.45809675055688,-39.411796588012066,6.130764961242676,1715.19,274.251,False,1953.36,36.873,1810.0,278.51,False,24.5683,3.04586,23.314219447162472,0.17360424078401948,23.17304428265988,0.02049512254325544,23.255803562827037,0.16706541491164598,27.924062222637833,0.1346043682276671
2025 NJ30,nan,Not a NEA or MBO,Not a NEA or MBO,21165827779932234,745468907009081546,22.119368,2.0480988,1.2348936,225.45809255482297,-39.411808407658455,2025070100174,44,60858.01051297934,g,225.4580208424767,-39.41176071523426,5.888372898101807,1564.2,263.611,False,1807.71,1.38367,1538.62,267.479,False,11.2917,2.90481,23.41426933001245,0.18297660618185532,23.2571781222469,0.0008310517820644645,23.432171569982525,0.18874812460209697,28.768101637053384,0.279307564951121
2025 NJ30,nan,Not a NEA or MBO,Not a NEA or MBO,21165827779932234,745473291014111425,22.44888,2.0470676,1.2419069,225.31335672720465,-39.44049290011967,2025070200069,142,60858.97067785703,i,225.31334571998292,-39.44054483118333,10.329252243041992,3103.75,294.169,False,3188.22,8.69401,3219.35,294.629,False,82.4335,15.1273,22.670283168593446,0.10290453177909765,22.641129305417806,0.0029607120181061627,22.630579480301634,0.09936457986315865,26.609740621777465,0.1992425062311036
2025 NJ30,nan,Not a NEA or MBO,Not a NEA or MBO,21165827779932234,745473291142038093,22.449032,2.0470674,1.2419101,225.31328809641212,-39.440507088184376,2025070200070,130,60858.971113105494,i,225.31331186474858,-39.440525739045555,11.241533279418945,3413.49,305.039,False,3120.28,1.29123,3664.55,302.325,False,93.1284,19.7675,22.567003415854067,0.09702442037362144,22.664516071267137,0.0004492978536102958,22.489948356313853,0.08957312821040218,26.477294614436996,0.23045912654126985
2025 NJ30,nan,Not a NEA or MBO,Not a NEA or MBO,21165827779932234,745473291276779602,22.449184,2.047067,1.2419133,225.31321946093743,-39.44052126872502,2025070200071,131,60858.97154963976,i,225.31321116347482,-39.440517479468625,9.575607299804688,2956.69,297.544,False,3150.94,8.558,3079.3,298.414,False,78.2633,17.5765,22.722985540389637,0.10926215010789503,22.653899686578196,0.0029488756341430654,22.678869977805796,0.10521835490517692,26.666104636933035,0.24383641906082043
2025 NJ30,nan,Not a NEA or MBO,Not a NEA or MBO,21165827779932234,745473291389501881,22.449337,2.0470665,1.2419164,225.31315066341853,-39.44053547422153,2025070200072,90,60858.97198599988,i,225.31313487376252,-39.440546536678895,11.882807731628418,3271.35,274.444,False,2959.3,6.66881,3454.25,273.463,False,51.8181,17.8729,22.613182438721445,0.09108587535684269,22.722027496743593,0.002446716528085905,22.55411558434222,0.08595460477543106,27.113796288547555,0.37448796140932517
2025 NJ30,nan,Not a NEA or MBO,Not a NEA or MBO,21165827779932234,745473291677335717,22.449646,2.0470655,1.241923,225.3130110075517,-39.440564284500766,2025070200074,127,60858.97287310574,i,225.31300646476674,-39.44055866599925,11.222086906433105,3284.83,287.017,False,3295.53,10.9086,3293.73,283.562,False,72.8398,20.8796,22.608717728153454,0.09486784369784967,22.605186816645386,0.003593917123767831,22.605780017772297,0.09347261136848885,26.744078168555305,0.3112273628076166
2025 NJ30,nan,Not a NEA or MBO,Not a NEA or MBO,21165827779932234,745473291826758149,22.449799,2.047065,1.2419261,225.31294251102307,-39.44057840212914,2025070200075,156,60858.9733089755,i,225.31301279245218,-39.44059026930994,7.871017932891846,2705.24,344.068,False,2897.95,27.5923,2899.78,343.294,False,157.349,9.31758,22.819485503092938,0.13809017995639283,22.7447727981262,0.010337638688706907,22.744087363602503,0.12853620888564243,25.907840038772044,0.06429296818998648
2025 NJ30,nan,Not a NEA or MBO,Not a NEA or MBO,21165827779932234,745473292175409650,22.450268,2.0470636,1.2419358,225.31273116755,-39.44062190825468,2025070200078,53,60858.974650471995,i,225.3127578663421,-39.44059261122353,13.271828651428223,3735.32,275.337,False,3484.9,1.95413,3754.82,273.79,False,153.549,17.5725,22.46918044716046,0.08003152341305361,22.5445242293411,0.0006088179882830804,22.46352717407359,0.07916856716602808,25.934382547456135,0.12425414823380831
2025 NJ30,nan,Not a NEA or MBO,Not a NEA or MBO,21165827779932234,745473292754223567,22.4509,2.0470614,1.2419491,225.3124466867624,-39.44068034301195,2025070200082,133,60858.97645685562,i,225.31244370578236,-39.44069433116612,9.083823204040527,2871.16,306.243,False,2971.3,35.4506,3497.29,303.97,False,582.835,11.7805,22.75485654591596,0.11580655038049177,22.717633724773357,0.01295392552419312,22.54067087265765,0.09436770522303031,24.486135899493927,0.021945345295435497
2025 NJ30,nan,Not a NEA or MBO,Not a NEA or MBO,21165827779932234,745473292893159512,22.451057,2.047061,1.2419523,225.31237563396093,-39.440694915110846,2025070200083,142,60858.976907764765,i,225.31237888138438,-39.44070372659866,9.58950138092041,3139.63,325.127,False,3487.2,7.97658,4079.61,322.303,False,922.459,9.09081,22.657803864949344,0.11243432620865779,22.543807875178516,0.0024835002215666535,22.373453352254707,0.08577683567682365,23.98763233732771,0.010699902674906722
2025 NJ30,nan,Not a NEA or MBO,Not a NEA or MBO,21165827779932234,745473297944150302,22.45872,2.0470376,1.2421124,225.308918612454,-39.44139296890763,2025070200121,48,60858.998822746675,i,225.30896095641856,-39.44139263373683,10.645294189453125,3038.99,285.716,False,2762.96,9.9805,3842.72,285.225,False,655.626,19.7321,22.693176825970866,0.10207740406731702,22.796563521394837,0.003921949859936974,22.43840315646176,0.0805885201081362,24.358359618938035,0.03267694634566508
2025 NJ30,nan,Not a NEA or MBO,Not a NEA or MBO,21165827779932234,745473298212585793,22.459038,2.0470364,1.2421191,225.30877491719676,-39.44142152254642,2025070200123,48,60858.999732900775,i,225.30879622288143,-39.44146291379658,10.542560577392578,3077.02,290.069,False,2983.74,4.54255,4150.06,289.887,False,696.04,12.0879,22.67967419540372,0.10235176028885101,22.713097562353646,0.0016529627606622116,22.354864045613066,0.07584006004443641,24.293414538408754,0.01885562792284126
2025 NJ30,nan,Not a NEA or MBO,Not a NEA or MBO,21165827779932234,745473298481545599,22.459354,2.0470355,1.2421256,225.3086323191852,-39.44144982194791,2025070200125,49,60859.000635239,i,225.3086543750521,-39.441446828056755,10.888580322265625,3380.24,310.845,False,3185.08,7.52155,4613.5,311.739,False,776.561,13.4728,22.577631161484504,0.09984370129589569,22.642199110793612,0.0025639604482220945,22.239923687631958,0.07336432937664338,24.17456109650728,0.018836778441886443
2025 NJ30,nan,Not a NEA or MBO,Not a NEA or MBO,21165827779932234,745473298806603932,22.46134,2.0470295,1.2421672,225.30773551379264,-39.44162697370582,2025070200127,157,60859.006313071804,g,225.30786431432165,-39.44161241963894,6.4625678062438965,1617.57,246.865,False,1804.99,16.5297,2150.41,250.674,False,383.231,3.04819,23.37784232667817,0.16569934101869452,23.25881300544571,0.00994293215398818,23.068696866956664,0.12656462913662533,24.941348454246242,0.008635863164544805
2025 NJ30,nan,Not a NEA or MBO,Not a NEA or MBO,21165827779932234,745473298915131596,22.463373,2.0470233,1.2422098,225.306817333129,-39.44180688069923,2025070200128,108,60859.01212558239,g,225.30690423814295,-39.44175791341417,6.312899112701416,1964.55,296.797,False,1978.55,25.8317,4514.65,301.755,False,2402.8,3.11088,23.16684225658958,0.16402903320022427,23.15913239867941,0.014175234664647964,22.263439805721383,0.07256959916164278,22.948205919748084,0.0014056912208061474
2025 NJ30,nan,Not a NEA or MBO,Not a NEA or MBO,21165827779932234,745473299021562088,22.463526,2.0470228,1.242213,225.30674876408204,-39.44182025673961,2025070200129,55,60859.01255967685,g,225.3068237316443,-39.44175391906788,8.240339279174805,2305.63,276.019,False,2493.49,24.0564,3618.46,282.476,False,1675.73,2.84565,22.993026019221997,0.1299791598182514,22.907980927140915,0.010474838424517602,22.50369057144041,0.08475827777563733,23.339489900779775,0.0018437488265455714
2025 NJ30,nan,Not a NEA or MBO,Not a NEA or MBO,21165827779932234,745473299149488464,22.463694,2.047022,1.2422165,225.3066727687584,-39.44183507185601,2025070200130,43,60859.01304083431,g,225.3067194888553,-39.44181180991878,6.962711811065674,1679.01,241.679,False,1552.56,9.05215,2756.05,244.002,False,1100.11,4.28491,23.33736678679452,0.1562823566454626,23.422378976893985,0.006330348822675988,22.79928225017253,0.09612372763448641,23.796409733369323,0.004228924564293239
2025 NJ30,nan,Not a NEA or MBO,Not a NEA or MBO,21165827779932234,745473299340329008,22.463852,2.0470216,1.2422198,225.30660151266392,-39.44184895391061,2025070200131,151,60859.013491481164,g,225.30665317055184,-39.44187618598954,5.261539936065674,1364.61,255.779,False,1486.2,38.1936,3270.88,256.485,False,1770.61,5.86687,23.562478637881345,0.20350761847887613,23.469806893247448,0.027902150011940637,22.613338510667027,0.08513765242079151,23.279692727266514,0.0035975585478761007
2025 NJ30,nan,Not a NEA or MBO,Not a NEA or MBO,21165827779932234,745473299619774618,22.464195,2.0470207,1.2422271,225.30644620108907,-39.44187918089218,2025070200133,172,60859.0144748156,g,225.30641528641036,-39.44181540796267,6.88752555847168,1766.09,253.743,False,1858.53,8.71651,2600.36,255.934,False,646.668,6.71514,23.28246794234893,0.15599316174550484,23.227076043438974,0.005092105126346446,22.86241626292219,0.10686089794434943,24.373296523336162,0.011274518201893577
2025 NJ30,nan,Not a NEA or MBO,Not a NEA or MBO,21165827779932234,745473299843645550,22.464535,2.0470197,1.2422341,225.3062929417064,-39.44190896726811,2025070200135,87,60859.015444611985,g,225.30627074853638,-39.441924659326304,8.57260799407959,1961.18,227.415,False,2000.7,2.76921,2621.45,230.387,False,731.194,5.96183,23.16870633104798,0.1259000626935676,23.14704509615217,0.0015027898923972393,22.853646073597147,0.09542028438759168,24.23991849738851,0.008852609699619124
2025 NJ30,nan,Not a NEA or MBO,Not a NEA or MBO,21165827779932234,745473300004602056,22.464693,2.0470192,1.2422374,225.30622184148444,-39.4419227719056,2025070200136,138,60859.01589429082,g,225.3062490876701,-39.441953854701985,6.799482822418213,1578.54,229.857,False,1631.86,9.84371,2536.61,233.684,False,881.635,6.87667,23.40436099479784,0.15809802400306253,23.368292766831914,0.006549380690193552,22.88936570345527,0.10002293405657432,24.03677793074146,0.008468639945364956
2025 NJ30,nan,Not a NEA or MBO,Not a NEA or MBO,21165827779932234,745473300136722767,22.464844,2.0470188,1.2422407,225.3061531111009,-39.44193610806471,2025070200137,134,60859.01632953306,g,225.30617398069734,-39.44196638040486,7.854430198669434,1968.93,249.285,False,2338.46,13.0,2909.5,252.305,False,972.135,5.87233,23.164424279775247,0.13746438237818212,22.977675154182116,0.006035840210065894,22.740454096176425,0.0941524884651419,23.930683540553417,0.0065585555793927245
2025 NJ30,nan,Not a NEA or MBO,Not a NEA or MBO,21165827779932234,745473300220608836,22.46502,2.047018,1.2422444,225.3060741104043,-39.44195142689291,2025070200138,38,60859.016829316504,g,225.30610716299242,-39.44195116500093,7.8086090087890625,1872.6,234.261,False,1862.28,23.121,2595.72,237.154,False,682.601,6.1776,23.218887466532866,0.13582487135632335,23.22488753497857,0.013479877735930037,22.864355403849203,0.0991966369115012,24.314582678585737,0.009826009261505455
2025 NJ30,nan,Not a NEA or MBO,Not a NEA or MBO,21165827779932234,745473300377895117,22.465183,2.0470176,1.2422478,225.3059998496352,-39.44196581672985,2025070200139,82,60859.01729986523,g,225.3059421553638,-39.44199714178817,8.035013198852539,1876.07,238.558,False,2444.49,22.6236,2503.21,242.589,False,620.455,8.19743,23.216877434187325,0.13806044736718148,22.92952934189408,0.010048419795835501,22.903756804213238,0.10521996524065602,24.418224248297157,0.014344708188982291
2025 NJ30,nan,Not a NEA or MBO,Not a NEA or MBO,21165827779932234,745473300500578397,22.46535,2.047017,1.2422513,225.3059254307404,-39.44198022760681,2025070200140,60,60859.01777016971,g,225.30596181916854,-39.44200523190455,6.390687942504883,1642.22,250.841,False,1722.52,55.0886,2379.55,253.953,False,652.111,7.9601,23.361421677018093,0.16584085196098272,23.30958930479695,0.034723362854158446,22.958762890746485,0.11587315413836236,24.364196146600044,0.013253217087594341
2025 NJ30,nan,Not a NEA or MBO,Not a NEA or MBO,21165827779932234,745473300938883124,22.466547,2.0470135,1.2422763,225.3053842770807,-39.44208473111593,2025070200143,128,60859.02119566854,g,225.30536362797537,-39.44214703872209,6.331624984741211,1685.96,258.467,False,1666.6,38.5475,2366.01,261.289,False,775.488,8.13241,23.332881858605564,0.1664493804925727,23.345421572180886,0.025112455075418115,22.96495855588816,0.11990267480887917,24.176062328813885,0.011385930272333653
2025 NJ30,nan,Not a NEA or MBO,Not a NEA or MBO,21165827779932234,745473301029060874,22.466707,2.047013,1.2422798,225.30531159761648,-39.44209872788754,2025070200144,44,60859.02165514418,g,225.30530765308288,-39.442098207558814,5.983104228973389,1411.78,235.543,False,nan,nan,1968.12,238.271,False,586.891,6.08972,23.52558241455726,0.18114547363975322,nan,nan,23.164871066046548,0.13144495642775253,24.47860639216174,0.01126585572563909
2025 NJ30,nan,Not a NEA or MBO,Not a NEA or MBO,21165827779932234,745473301188968582,22.466864,2.0470126,1.242283,225.30524128858715,-39.44211225949018,2025070200145,93,60859.022100203365,g,225.3052470281692,-39.442057406207084,6.369578838348389,1674.54,260.152,False,2007.28,35.2605,2251.94,262.344,False,669.056,4.81871,23.340261159521965,0.16867703805145084,23.143480090586298,0.019072377999227487,23.018607990439456,0.12648488856299683,24.336343776508574,0.00781974529482885
2025 NJ30,nan,Not a NEA or MBO,Not a NEA or MBO,21165827779932234,745473301297496246,22.467016,2.047012,1.2422862,225.30517271793724,-39.44212544832557,2025070200146,44,60859.02253443672,g,225.30520958159514,-39.44214794445896,6.180830955505371,1628.9,250.978,False,1777.02,20.7065,2470.61,254.1,False,845.655,4.96768,23.370263925474447,0.16728828882537844,23.27576919874367,0.012651402628711178,22.917989465466416,0.1116669827533977,24.082016909857145,0.006378002634973044
2025 NJ30,nan,Not a NEA or MBO,Not a NEA or MBO,21165827779932234,745473301449015366,22.46718,2.0470116,1.2422897,225.30509798593005,-39.442139813015785,2025070200147,77,60859.02300724175,g,225.3050821071828,-39.44218634241826,6.7265777587890625,1743.89,262.509,False,1836.51,30.1091,3133.93,265.354,False,1354.76,8.38649,23.296202272616313,0.16343664216008796,23.24001675055355,0.01780036055341522,22.659776794271323,0.09193072449061483,23.570344078700135,0.0067211281814247075
2025 NJ30,nan,Not a NEA or MBO,Not a NEA or MBO,21165827779932234,745473301612069139,22.467339,2.0470111,1.242293,225.30502720444616,-39.442153409495695,2025070200148,132,60859.02345569846,g,225.30503464967845,-39.44215971794231,7.671414375305176,2127.37,269.539,False,2242.76,7.82408,4486.52,273.784,False,2193.42,9.31362,23.08039236378488,0.13756339346894295,23.023042990820514,0.0037876932340052305,22.270225975052448,0.06625562709593004,23.047195540852897,0.004610213443870938
2025 NJ30,nan,Not a NEA or MBO,Not a NEA or MBO,21165827779932234,745473301720072437,22.4675,2.0470104,1.2422963,225.30495373763023,-39.44216751269685,2025070200149,82,60859.02392051439,g,225.30495955123044,-39.44216024264257,7.7549543380737305,1941.69,246.463,False,2008.54,24.872,4500.42,250.412,False,2514.15,4.01124,23.179550297922617,0.13781489708714326,23.142798766103382,0.0134448057185404,22.266867403759047,0.060412446395864024,22.899022079334102,0.0017322549048798379
2025 NJ30,nan,Not a NEA or MBO,Not a NEA or MBO,21165827779932234,745473301905146020,22.467659,2.04701,1.2422997,225.3048820093896,-39.44218127320782,2025070200150,179,60859.02437459503,g,225.3048259992686,-39.44223364784551,5.780603885650635,1808.48,307.827,False,2056.04,9.48005,9444.77,312.554,False,7619.12,7.44505,23.256715736083763,0.18480653245009837,23.11742108049712,0.005006144533567828,21.46202158787775,0.03593006446371097,21.695237949050636,0.0010609309145005609
2025 NJ30,nan,Not a NEA or MBO,Not a NEA or MBO,21165827779932234,745477697204387945,22.79383,2.045962,1.2495311,225.17103688202457,-39.47059498143695,2025070300130,59,60859.99803708698,g,225.1710973942942,-39.47035698781714,5.384922504425049,1665.06,312.918,False,1985.74,60.6064,2182.36,319.501,False,264.026,2.96142,23.346425242262857,0.20404453231087955,23.155194044937655,0.033137552015885564,23.052683964155555,0.15895351535422184,25.345883255509023,0.012178046722225206
2025 NJ30,nan,Not a NEA or MBO,Not a NEA or MBO,21165827779932234,745477697486455073,22.794163,2.0459611,1.2495384,225.170896773978,-39.47062460766136,2025070300132,85,60859.99900534162,g,225.17101640145188,-39.47051644486489,5.093682289123535,1471.31,292.703,False,2087.77,72.0255,1827.76,298.662,False,225.323,3.11494,23.48073948992353,0.21599678848517628,23.100793357983672,0.03745656346291681,23.245202072485796,0.17741286102615472,25.51798619717604,0.015009577738852097
2025 NJ30,nan,Not a NEA or MBO,Not a NEA or MBO,21165827779932234,745477698180612135,22.79497,2.0459585,1.249556,225.1705548661788,-39.47069673252837,2025070300137,129,60860.00136757026,g,225.17046606915136,-39.47070201219096,5.111806869506836,1885.32,358.128,False,2130.02,14.4924,1904.65,370.867,False,97.0207,2.17949,23.21153734425964,0.2062421957770209,23.079040786789193,0.007387218623979596,23.200462033473624,0.21141087793554536,26.432839006964716,0.0243901696588572
2025 NJ30,nan,Not a NEA or MBO,Not a NEA or MBO,21165827779932234,745477698693890235,22.79561,2.0459566,1.2495699,225.17028327944837,-39.47075384931331,2025070300141,84,60860.0032437928,g,225.17040567743445,-39.470669717466,5.924167633056641,1918.85,320.707,False,1864.59,47.4636,1879.81,330.349,False,71.3421,2.52821,23.192397447635212,0.18146452627608653,23.223541643096844,0.02763768444811051,23.214715077202527,0.19080218600046728,26.766635246479105,0.03847614479482874
2025 NJ30,nan,Not a NEA or MBO,Not a NEA or MBO,21165827779932234,745477698815524918,22.79577,2.0459561,1.2495735,225.17021537917063,-39.47076810524576,2025070300142,60,60860.003712110105,g,225.17026992955275,-39.47070965256808,5.886591911315918,1990.58,328.551,False,2090.97,13.0938,1982.24,337.417,False,34.0923,2.49396,23.152550933323365,0.17920390947268702,23.09913051055694,0.006798955734923993,23.157109416346223,0.18481407212213688,27.56835923322503,0.07942504693775992
2025 NJ30,nan,Not a NEA or MBO,Not a NEA or MBO,21165827779932234,745477699281616916,22.796247,2.0459545,1.2495838,225.17001282899784,-39.470810574472935,2025070300145,181,60860.005111814564,g,225.16988463303898,-39.470711502343484,5.382709503173828,1998.04,365.974,False,2232.51,28.9105,1954.11,375.667,False,-34.3504,2.1685,23.148489532805527,0.19887049957532554,23.02801646304005,0.014060038228934377,23.172627490121652,0.2087268666595435,nan,nan
2025 NJ30,nan,Not a NEA or MBO,Not a NEA or MBO,21165827779932234,745477699498672150,22.796646,2.0459533,1.2495925,225.16984414985552,-39.470845876824384,2025070300147,83,60860.006276789805,g,225.16971456075183,-39.47083121691081,5.01173734664917,1619.66,321.941,False,1796.21,46.8851,1372.1,331.138,False,-56.4016,2.39539,23.376440335208308,0.21581257946572163,23.26410724886692,0.028340145680144757,23.556535608483806,0.262027929668762,nan,nan
2025 NJ30,nan,Not a NEA or MBO,Not a NEA or MBO,21165827779932234,745477699638132909,22.797644,2.0459502,1.2496142,225.1694213404487,-39.47093410622095,2025070300148,93,60860.009196189174,g,225.16939726736567,-39.47089764121769,5.468679904937744,1695.44,314.17,False,1971.07,31.5304,1620.19,322.0,False,-71.0018,2.48475,23.32679397472333,0.20119011573179954,23.16324490968651,0.017368077758672083,23.37608517094422,0.21578152597878422,nan,nan
2025 NJ30,nan,Not a NEA or MBO,Not a NEA or MBO,21165827779932234,745477700057563190,22.798111,2.0459487,1.2496245,225.1692231025395,-39.47097534613268,2025070300151,125,60860.01056543173,g,225.16927461086283,-39.470968526305874,5.221444606781006,1868.38,358.869,False,nan,nan,1665.57,370.914,False,-81.618,2.04262,23.221336972781344,0.20854272260382078,nan,nan,23.346092810539922,0.24178796041520242,nan,nan
2025 NJ30,nan,Not a NEA or MBO,Not a NEA or MBO,21165827779932234,745477707852677528,22.812845,2.0459023,1.2499471,225.16298242189467,-39.4722332680656,2025070300209,145,60860.05369743027,r,225.16299075841542,-39.472218911216764,8.00293254852295,2353.87,301.191,False,2342.01,5.9104,3042.49,305.866,False,460.944,5.40942,22.970543761277092,0.13892609502849532,22.9760281327058,0.002740011846337487,22.691927104801543,0.1091506588862014,24.74087958382648,0.012741684786461989
2025 NJ30,nan,Not a NEA or MBO,Not a NEA or MBO,21165827779932234,745477707964874959,22.813004,2.0459018,1.2499505,225.16291571155145,-39.47224630607676,2025070300210,103,60860.05415998683,r,225.16293346343903,-39.47226346837477,8.0841064453125,2473.59,298.948,False,2337.42,9.81884,3225.25,302.851,False,637.964,5.58337,22.916680670131125,0.13121764451127874,22.978158146949866,0.0045608707302082175,22.628591540236577,0.10195064248077182,24.38800958731936,0.009502209031029553
2025 NJ30,nan,Not a NEA or MBO,Not a NEA or MBO,21165827779932234,745477708103811338,22.813175,2.045901,1.2499543,225.1628426530546,-39.47226057524013,2025070300211,112,60860.05466537073,r,225.16283085871152,-39.47223136419121,7.190334320068359,2192.47,301.924,False,2126.58,12.4979,3035.5,306.611,False,548.289,6.69384,23.047665865654224,0.14951622346443877,23.080795647313746,0.0063808660031043655,22.694424406977582,0.10966847480146698,24.552476164659506,0.01325531689783881
2025 NJ30,nan,Not a NEA or MBO,Not a NEA or MBO,21165827779932234,745477708467667472,22.813683,2.0458996,1.2499654,225.16262856345264,-39.47230233208531,2025070300214,38,60860.05614879973,r,225.16266635569286,-39.472231034232465,5.989110469818115,1768.25,312.916,False,1833.06,177.262,2716.06,318.945,False,495.472,7.9498,23.28114083311379,0.1921358484822189,23.24205826382392,0.10499370332608218,22.815151577485214,0.12749723286974884,24.662452241257814,0.01742053226017725
2025 NJ30,nan,Not a NEA or MBO,Not a NEA or MBO,21165827779932234,745477708604506462,22.813837,2.0458992,1.2499689,225.16256303268256,-39.47231509641244,2025070300215,43,60860.05660208196,r,225.1625824121027,-39.472354499714505,7.520448207855225,2302.7,308.773,False,2487.92,14.2723,3505.73,316.675,False,1054.16,7.50219,22.994406620612494,0.14558824136605722,22.910409005740313,0.0062284772292894594,22.538053843329774,0.09807529424790212,23.842733632473596,0.007726909725879039
2025 NJ30,nan,Not a NEA or MBO,Not a NEA or MBO,21165827779932234,745477708879757647,22.814257,2.0458977,1.2499781,225.16238595018132,-39.47234954937388,2025070300217,56,60860.057829278754,r,225.16223756383891,-39.472281458998054,6.484023571014404,2171.12,370.401,False,nan,nan,2452.44,382.235,False,266.527,3.83086,23.058290371363213,0.18523055166559188,nan,nan,22.926004048489027,0.16922182489142484,25.335646939805024,0.015605560271707975
2025 NJ30,nan,Not a NEA or MBO,Not a NEA or MBO,21165827779932234,745477708988809527,22.814405,2.0458972,1.2499814,225.16232289011336,-39.47236180425868,2025070300218,8,60860.058266807966,r,225.16228768104332,-39.472362726917005,6.6092448234558105,2596.34,390.689,False,3623.24,34.7459,3539.65,402.792,False,750.462,3.42929,22.864096052579278,0.163378129484185,22.502257247315924,0.010411918843486093,22.52759922699711,0.12355059425935053,24.211678269956263,0.0049613498008076505
2025 NJ30,nan,Not a NEA or MBO,Not a NEA or MBO,21165827779932234,745477709461717001,22.814873,2.0458958,1.2499917,225.1621250815329,-39.47240019814002,2025070300221,142,60860.059637112165,r,225.16201805938132,-39.472246726783084,8.12874984741211,3004.19,359.515,False,3598.46,47.1794,3254.47,365.816,False,257.428,3.77956,22.70568153078684,0.12993135426558344,22.50970831305859,0.014235085223224022,22.61879932844789,0.12204128149684844,25.37336050540126,0.015940787648626636
2025 NJ30,nan,Not a NEA or MBO,Not a NEA or MBO,21165827779932234,745477709575487729,22.81504,2.0458953,1.2499954,225.16205410665907,-39.47241395654103,2025070300222,103,60860.06012984189,r,225.16183317962407,-39.472312515329875,7.7265625,2809.31,351.011,False,3840.74,62.4586,3348.06,359.052,False,352.147,3.70528,22.778500814593823,0.13565798298357823,22.438962731584983,0.017656379370521644,22.588016900231956,0.11643630971038584,25.033190007925025,0.01142408335059925
2025 NJ30,nan,Not a NEA or MBO,Not a NEA or MBO,21165827779932234,745477715053248835,22.826365,2.0458596,1.2502456,225.1572804328453,-39.47331890612964,2025070300263,55,60860.09333946743,r,225.1572133599248,-39.473291305334385,5.844995975494385,1932.92,328.511,False,nan,nan,1935.49,334.093,False,-61.7337,4.13067,23.184465275936805,0.18452717308949354,nan,nan,23.18302267594551,0.18741344757019382,nan,nan
2025 NJ30,nan,Not a NEA or MBO,Not a NEA or MBO,21165827779932234,745477715233079437,22.826534,2.0458589,1.2502494,225.15720901402744,-39.47333215290292,2025070300264,142,60860.0938382693,r,225.15724203068862,-39.473314577049344,7.7926812171936035,2850.82,367.096,False,3093.25,8.17304,3119.54,375.661,False,-88.1207,3.37877,22.762575481616413,0.13980869268389942,22.673962446004957,0.0028687515895544835,22.664773589651833,0.1307464417739611,nan,nan
2025 NJ30,nan,Not a NEA or MBO,Not a NEA or MBO,21165827779932234,745477715294945390,22.826708,2.0458584,1.2502533,225.1571354594041,-39.47334578726458,2025070300265,4,60860.09435231186,r,225.1572192306535,-39.473226228969125,5.5643229484558105,2173.13,390.898,False,2281.05,27.6152,2303.73,403.868,False,18.8945,3.68273,23.057285790384764,0.19529993373028373,23.004662964261883,0.013144307159515345,22.993921064494277,0.19034093653303616,28.209161448441098,0.21162100581479343
2025 NJ30,nan,Not a NEA or MBO,Not a NEA or MBO,21165827779932234,745477715480543334,22.826881,2.045858,1.2502571,225.15706277460905,-39.47335925188059,2025070300266,102,60860.09486090587,r,225.15706706771752,-39.47333147625456,7.798467636108398,2599.13,340.857,False,2727.55,36.3163,2832.63,347.867,False,-25.817,3.65091,22.86293004386063,0.14238641253017684,22.810568179089692,0.01445616777596149,22.76952541893455,0.13333609286677794,nan,nan
2025 NJ30,nan,Not a NEA or MBO,Not a NEA or MBO,21165827779932234,745477715726958781,22.827223,2.0458567,1.2502646,225.15691958381308,-39.47338575282465,2025070300268,60,60860.09586159121,r,225.1569249351674,-39.47340313726441,7.829920768737793,2678.93,341.001,False,2813.89,25.9233,2817.29,349.12,False,-20.713,3.82568,22.830096613422356,0.13820336802130698,22.7767322512451,0.010002475648538582,22.7754211006042,0.1345449752237252,nan,nan
2025 NJ30,nan,Not a NEA or MBO,Not a NEA or MBO,21165827779932234,745477715861700756,22.827377,2.0458562,1.2502681,225.1568540824752,-39.47339786456771,2025070300269,61,60860.09631998818,r,225.15693084956112,-39.473339417398186,6.579970836639404,2358.84,344.197,False,3177.82,38.2394,2486.61,353.181,False,39.4603,3.54097,22.96825375026662,0.15842834644871706,22.64467674165017,0.013064899522923104,22.91098076347331,0.15421050414098997,27.40959903102491,0.09742853906501746
2025 NJ30,nan,Not a NEA or MBO,Not a NEA or MBO,21165827779932234,745477716009550122,22.82754,2.0458558,1.2502717,225.1567864455872,-39.47341036405017,2025070300270,87,60860.096792678894,r,225.15689007370287,-39.473442974773924,6.768031597137451,2374.59,349.533,False,2283.94,9.37287,2532.75,359.325,False,-26.6659,3.4059,22.961028373447046,0.15981731895323809,23.003288301261176,0.004455662165376901,22.89101918993222,0.1540350113624837,nan,nan
2025 NJ30,nan,Not a NEA or MBO,Not a NEA or MBO,21165827779932234,745477716109689303,22.82771,2.0458553,1.2502755,225.15671524449743,-39.47342351438552,2025070300271,22,60860.09729058215,r,225.15676411030827,-39.47340763110614,5.326558589935303,1943.13,363.762,False,1771.36,42.7468,2471.08,374.238,False,15.2631,4.46156,23.17874535501824,0.2032543191478807,23.27923292542038,0.026201194678003952,22.917782951423675,0.16443164126900114,28.44089314939751,0.31737177108771664
2025 NJ30,nan,Not a NEA or MBO,Not a NEA or MBO,21165827779932234,745477716288995355,22.827873,2.0458548,1.2502792,225.15664634150275,-39.47343623266131,2025070300272,108,60860.09777297561,r,225.15674643671022,-39.473491603284174,5.005282878875732,1723.21,344.693,False,1637.27,209.144,1910.51,350.256,False,-31.3474,3.70461,23.309154509047907,0.2171793749387703,23.364699226451904,0.1386913624819284,23.19712670640898,0.1990492754178027,nan,nan
2025 NJ30,nan,Not a NEA or MBO,Not a NEA or MBO,21165827779932234,745477716414300228,22.828032,2.0458543,1.2502826,225.1565795927385,-39.47344854617392,2025070300273,91,60860.098239063474,r,225.15658352798073,-39.473493269952485,5.783151149749756,2002.13,343.28,False,2023.13,18.9542,2791.64,354.613,False,5.62993,4.05758,23.146269314431827,0.18615750332647577,23.13494052220159,0.010171991879428988,22.785351510566954,0.1379175662872758,29.523742508602794,0.7825073292639657
2025 NJ30,nan,Not a NEA or MBO,Not a NEA or MBO,21165827779932234,745477716566868032,22.828196,2.0458536,1.2502863,225.1565108530972,-39.47346121964039,2025070300274,126,60860.098720346854,r,225.15644578292898,-39.47357552575681,6.617778778076172,2360.96,355.537,False,2390.99,19.3377,2684.49,364.534,False,57.0114,3.53784,22.96727844493697,0.16350102739313224,22.953555605083913,0.008781149638108963,22.827845527672494,0.14743499115067754,27.010095767370935,0.06737531385292646
2025 NJ30,nan,Not a NEA or MBO,Not a NEA or MBO,21165827779932234,745477716783923651,22.828514,2.0458527,1.2502934,225.156376976668,-39.47348588108101,2025070300276,28,60860.09965771939,r,225.15636506637594,-39.473517941658905,5.272681713104248,2180.98,411.31,False,2487.86,29.1455,2997.83,424.446,False,265.336,3.42472,23.053370802137447,0.20475848459295004,22.910435109272605,0.01271949522410034,22.70798246826577,0.1537233241359253,25.340509561582195,0.014013713061116694
2025 NJ30,nan,Not a NEA or MBO,Not a NEA or MBO,21165827779932234,745477717347008538,22.829687,2.045849,1.2503195,225.15588482509023,-39.47357630136113,2025070300280,78,60860.1031046497,z,225.155931535178,-39.4735759026049,5.194114685058594,3102.07,648.022,False,3457.93,16.6998,3989.3,662.439,False,994.523,13.8575,22.670870991839436,0.2268101305538155,22.55295952780716,0.005243477561465586,22.397758244240617,0.18029078410703006,23.905962910406956,0.015128447894262063
2025 NJ30,nan,Not a NEA or MBO,Not a NEA or MBO,21165827779932234,745477719260659762,22.83197,2.0458417,1.2503703,225.15492814095012,-39.47375101268116,2025070300294,144,60860.1098161034,z,225.15496333764327,-39.47377468636293,5.2256317138671875,2964.1,538.51,False,3054.33,16.0296,3672.72,538.619,False,347.569,22.7722,22.720267835802513,0.1972537346797115,22.687710077529292,0.005698112770511319,22.487530458754655,0.1592275408092597,25.047397413292007,0.07113580780709458
2025 NJ30,nan,Not a NEA or MBO,Not a NEA or MBO,21165827779932234,745477719918641177,22.832783,2.045839,1.2503884,225.1545877455783,-39.473812848030896,2025070300299,119,60860.112208978404,z,225.1545855051154,-39.4738038295741,6.279047966003418,3722.98,580.343,False,3707.95,68.8301,3589.91,576.392,False,-36.0939,16.0016,22.472773247753324,0.16924598807104513,22.47716534117091,0.02015435311459753,22.512291124490616,0.17432462349556985,nan,nan
2025 NJ30,nan,Not a NEA or MBO,Not a NEA or MBO,21165827779932234,745477720008819153,22.832945,2.0458386,1.250392,225.15451990107812,-39.473825152279446,2025070300300,35,60860.11268582384,z,225.15449581087674,-39.473821840520394,6.363896369934082,3461.71,541.496,False,3871.75,16.3483,3573.86,542.094,False,-56.3249,26.338,22.551773305652645,0.16983565573590068,22.430231732441726,0.004584475291573302,22.517156128011713,0.16468777683774632,nan,nan
2025 NJ30,nan,Not a NEA or MBO,Not a NEA or MBO,21165827779932234,745504072482685106,24.625639,2.0394921,1.2961303,224.618246074717,-39.636574592398304,2025070900033,94,60865.966252614235,i,224.6183351534048,-39.63652734461265,6.0304646492004395,3661.49,617.014,False,3979.68,78.0599,6366.2,616.361,False,3029.87,6.43057,22.490855371994748,0.18296224092174918,22.40037963734838,0.02129630001981817,21.89029927104513,0.1051185098311024,22.696439970491568,0.002304357128370592
2025 NJ30,nan,Not a NEA or MBO,Not a NEA or MBO,21165827779932234,745504072653602843,24.625772,2.0394914,1.296134,224.61821539062728,-39.63658814179647,2025070900034,164,60865.96671038775,i,224.6182234050364,-39.636572840729215,5.48403263092041,3477.9,638.836,False,3425.68,100.186,4892.66,641.609,False,1674.17,8.31842,22.546707304025716,0.19943281635133023,22.563133041266184,0.03175298519808514,22.1761373731237,0.1423802405837212,23.340501083006526,0.005394679135711874
2025 NJ30,nan,Not a NEA or MBO,Not a NEA or MBO,21165827779932234,745504074760716633,24.627935,2.0394835,1.2961935,224.61771973923945,-39.63680568910232,2025070900050,87,60865.974102140724,i,224.6178110954274,-39.636802234098255,5.003271579742432,3415.76,662.415,False,nan,nan,3139.47,661.602,False,36.5373,5.70075,22.56628162576545,0.21055575396460505,nan,nan,22.65785916662341,0.22880461992330267,27.493158868971374,0.16940251507325055
2025 NJ30,nan,Not a NEA or MBO,Not a NEA or MBO,21165827779932234,745504081247731904,24.635439,2.0394554,1.2964004,224.6159960736344,-39.637543667057855,2025070900098,172,60865.99975303552,z,224.616092473666,-39.63749008472514,5.916449546813965,4155.07,704.829,False,4113.75,69.3232,3815.88,705.13,False,-190.147,11.6529,22.353554184201414,0.18417460441625177,22.364405261743926,0.018296372937861006,22.44601326144813,0.2006313612781413,nan,nan
2025 NJ30,nan,Not a NEA or MBO,Not a NEA or MBO,21165827779932234,745504081471078631,24.635704,2.0394545,1.2964078,224.61593556180773,-39.63756907486642,2025070900100,86,60866.000653441,z,224.61592229818464,-39.63749783647113,6.794745445251465,4432.15,652.181,False,4850.82,25.9149,4405.59,652.858,False,-75.9487,15.5315,22.2834638987565,0.15976367501692185,22.185462140584278,0.005800410240624427,22.289989844272498,0.16089367395220303,nan,nan
2025 NJ30,nan,Not a NEA or MBO,Not a NEA or MBO,21165827779932234,745504081881071695,24.636139,2.0394528,1.2964199,224.6158353846036,-39.63761106590232,2025070900103,100,60866.002143050675,z,224.61581211163661,-39.637626024470805,6.315178871154785,4172.52,652.26,False,4784.47,16.9212,3874.36,654.173,False,-95.8017,13.4545,22.349003927304175,0.1697253228752606,22.20041536180668,0.0038399150635884116,22.42950003919332,0.1833229906241367,nan,nan
2025 NJ30,nan,Not a NEA or MBO,Not a NEA or MBO,21165827779932234,745504082664882263,24.63711,2.0394492,1.2964467,224.6156125308437,-39.63770416185405,2025070900109,59,60866.005458644664,z,224.61579278086225,-39.637684388685486,5.103461742401123,2610.54,636.203,False,3945.9,480.418,2341.53,636.103,False,-104.565,13.6857,22.858174103566075,0.2645999002201347,22.409634839784545,0.13218967235140822,22.976250670431526,0.2949524789783491,nan,nan
2025 NJ30,nan,Not a NEA or MBO,Not a NEA or MBO,21165827779932234,745534870263431522,26.414886,2.0317984,1.3550036,224.5391197816364,-39.83413054782979,2025071600118,183,60872.97402084846,r,224.5390998766043,-39.834157056612824,6.482797145843506,1688.28,256.751,False,1925.61,39.6376,1982.65,259.627,False,227.985,4.5592,23.33138879194786,0.16511707723691404,23.188579176675937,0.02234926992353667,23.156884850744646,0.14217660481467967,25.505234311955423,0.02171234197522515
2025 NJ30,nan,Not a NEA or MBO,Not a NEA or MBO,21165827779932234,745534870506176802,26.415106,2.0317974,1.3550116,224.5391366776258,-39.834158676204105,2025071600120,134,60872.974938034095,r,224.53916344434154,-39.83420753006417,7.566124439239502,1641.99,214.616,False,1810.54,6.95311,1874.82,216.107,False,129.352,5.69757,23.36157373679788,0.14191094939093682,23.255479666413706,0.004169608700461282,23.21760108662451,0.12515078508445618,26.120567087917333,0.047823440092086125
2025 NJ30,nan,Not a NEA or MBO,Not a NEA or MBO,21165827779932234,745534870622044608,26.415215,2.031797,1.3550155,224.5391451250559,-39.834172728180704,2025071600121,99,60872.97539740044,r,224.53912684911288,-39.834160523603494,9.303308486938477,2036.85,213.437,False,1918.05,8.1275,2154.41,213.589,False,147.522,6.57882,23.127602394576922,0.11377189153302715,23.19285016177901,0.004600672726955205,23.06667915367422,0.10764029344576687,25.97785799761614,0.04841896905605501
2025 NJ30,nan,Not a NEA or MBO,Not a NEA or MBO,21165827779932234,745534870795059725,26.415325,2.0317965,1.3550196,224.53915364578592,-39.834186894362304,2025071600122,173,60872.97586007262,r,224.53917331433942,-39.834183191723085,7.792384624481201,1730.46,220.349,False,1839.36,15.1215,1644.15,223.327,False,138.367,5.61848,23.304596112197487,0.13825277170374276,23.23833316419143,0.00892590910293129,23.360146391864486,0.14747693415642021,26.047418653271507,0.04408700904930707
2025 NJ30,nan,Not a NEA or MBO,Not a NEA or MBO,21165827779932234,745534870919315694,26.415434,2.031796,1.3550235,224.53916211104564,-39.83420096054978,2025071600123,154,60872.976320514106,r,224.53917737285394,-39.83418183734786,8.260061264038086,1813.0,213.66,False,1759.98,13.4159,2008.89,215.155,False,110.876,10.1729,23.254005489761226,0.12795278625742232,23.286230680495024,0.00827630357232647,23.142609599815323,0.11628390310370218,26.28790613088903,0.09961656363083936
2025 NJ30,nan,Not a NEA or MBO,Not a NEA or MBO,21165827779932234,745534871403233753,26.41588,2.0317938,1.3550397,224.53919670645556,-39.83425836324617,2025071600127,53,60872.97820081768,r,224.53923336927338,-39.83422916731579,10.566030502319336,1849.65,174.172,False,1775.28,2.15908,1895.23,173.9,False,88.6765,12.1924,23.232276093646856,0.1022381751024334,23.276832831048658,0.001320462866288176,23.205845205416217,0.09962353979538266,26.5304786607336,0.1492811547207609
2025 NJ30,nan,Not a NEA or MBO,Not a NEA or MBO,21165827779932234,745534871536926770,26.415989,2.0317934,1.3550436,224.5392051159178,-39.83427229629279,2025071600128,52,60872.97865722337,r,224.53921559203906,-39.83427088683161,10.366314888000488,1906.24,179.877,False,1856.79,7.89923,1943.67,179.388,False,99.3416,7.34438,23.199556059515324,0.10245245672683655,23.228093005906135,0.004618982127180409,23.178443646693374,0.10020633256967353,26.40717214007463,0.0802690844572358
2025 NJ30,nan,Not a NEA or MBO,Not a NEA or MBO,21165827779932234,745534871691067527,26.416098,2.0317929,1.3550476,224.53921348860936,-39.83428616031565,2025071600129,90,60872.97911224615,r,224.5392112682955,-39.834297147802104,9.854230880737305,1750.12,173.513,False,1716.47,9.80514,1883.31,174.585,False,101.085,15.7718,23.292330433383313,0.10764367423487864,23.313409475165933,0.006202144619336375,23.21269543515334,0.10064899389892513,26.38828322126506,0.16940213161228174
2025 NJ30,nan,Not a NEA or MBO,Not a NEA or MBO,21165827779932234,745534871869850101,26.41622,2.0317922,1.355052,224.5392228550781,-39.83430166021708,2025071600130,175,60872.9796210153,r,224.53918620864476,-39.834313381270555,8.31492805480957,1570.63,191.925,False,1590.93,1.51906,1833.53,192.6,False,104.025,14.7651,23.409815275405844,0.13267282795043478,23.39587228494253,0.0010366882267233632,23.24177993207801,0.11404929088803334,26.35715567291154,0.1541072135207017
2025 NJ30,nan,Not a NEA or MBO,Not a NEA or MBO,21165827779932234,745534872274600451,26.416546,2.0317907,1.3550639,224.53924812163888,-39.83434342020201,2025071600133,179,60872.98099402989,r,224.5392204987789,-39.83431324702121,6.928325176239014,1561.42,220.837,False,1602.66,10.0364,1829.44,222.357,False,104.244,5.80668,23.416200624745844,0.15355940464360535,23.38789648254007,0.006799247776035666,23.24420460843878,0.13196445206298352,26.354872296770584,0.060478518916755215
2025 NJ30,nan,Not a NEA or MBO,Not a NEA or MBO,21165827779932234,745534872382079550,26.416656,2.0317903,1.355068,224.53925671609,-39.83435760738025,2025071600134,128,60872.98146106364,r,224.53927560628824,-39.8343641619763,8.965959548950195,1891.98,210.339,False,1762.64,11.8893,1796.52,207.611,False,72.9319,5.79163,23.207708658231375,0.1207056495491444,23.284590937367614,0.007323471456465734,23.263919847173227,0.12547078158784594,26.742706180086408,0.08621991401323038
2025 NJ30,nan,Not a NEA or MBO,Not a NEA or MBO,21165827779932234,745534872532549764,26.416767,2.0317898,1.3550719,224.5392652924738,-39.83437175571995,2025071600135,159,60872.98192747536,r,224.5393783781758,-39.834351466133654,7.77883243560791,1999.67,254.807,False,2400.36,75.7284,1963.01,258.54,False,27.3561,4.62469,23.147604148234596,0.1383494208884571,22.94930899891428,0.034253638293596046,23.16769371460812,0.14299786871143513,27.807364540170166,0.18354931493502977
2025 NJ30,nan,Not a NEA or MBO,Not a NEA or MBO,21165827779932234,745534872659427792,26.416876,2.0317893,1.3550758,224.5392736115767,-39.83438547094293,2025071600136,145,60872.98237955251,r,224.5393069461454,-39.83439639268161,8.617810249328613,1688.73,191.647,False,1683.59,4.43345,1692.37,189.241,False,50.4764,6.1302,23.331099466018024,0.12321572559602688,23.334409178267887,0.0028591031758078383,23.32876170774702,0.12140714075624479,27.1422790998053,0.1318592487942993
2025 NJ30,nan,Not a NEA or MBO,Not a NEA or MBO,21165827779932234,745534872806228509,26.416994,2.0317886,1.3550802,224.53928286982284,-39.83440072432519,2025071600137,169,60872.98288288189,r,224.53929568945603,-39.83440628572442,8.449607849121094,1930.45,229.715,False,2005.23,3.93374,1302.53,225.459,False,57.3585,5.67799,23.18585363352205,0.12919780082800142,23.14458952703504,0.0021299321632786998,23.613030638578593,0.18793347798906052,27.00350550925478,0.10747838795224098
2025 NJ30,nan,Not a NEA or MBO,Not a NEA or MBO,21165827779932234,745534872893260283,26.417105,2.031788,1.3550842,224.5392914291544,-39.83441481661008,2025071600138,79,60872.983347925554,r,224.53929060640306,-39.83439383748017,10.547308921813965,2191.94,208.328,False,2178.93,4.89443,2395.6,210.371,False,62.5449,7.26022,23.047928373955926,0.10319135619227163,23.054391838096045,0.002438839335663335,22.951464194709708,0.09534455009426952,26.909520261377814,0.12603240058535872
2025 NJ30,nan,Not a NEA or MBO,Not a NEA or MBO,21165827779932234,745534873296961878,26.417444,2.0317864,1.3550966,224.53931764455663,-39.83445791995827,2025071600141,81,60872.98477130302,r,224.53937102721292,-39.834473948952024,8.954638481140137,1659.66,183.8,False,1911.1,4.3654,1736.51,184.184,False,7.04525,6.51461,23.34995216002131,0.12024047915727687,23.196791482637728,0.0024800757220245417,23.300806772355195,0.11515928053496285,29.280258987867114,1.003959802118149
2025 NJ30,nan,Not a NEA or MBO,Not a NEA or MBO,21165827779932234,745534873544950250,26.417686,2.0317855,1.3551054,224.5393363711432,-39.83448865536705,2025071600143,42,60872.9857888799,r,224.5393228945253,-39.83448033481226,11.892248153686523,2002.49,169.053,False,1909.34,1.9973,2053.23,169.233,False,18.4277,20.3831,23.146074115321348,0.09165936247309249,23.197791842014006,0.0011357542354182002,23.118906007412996,0.08948943797975838,28.236322163998487,1.2009458661272943
2025 NJ30,nan,Not a NEA or MBO,Not a NEA or MBO,21165827779932234,745534873754665621,26.417799,2.031785,1.3551095,224.53934511888005,-39.83450299683165,2025071600144,186,60872.986263716324,r,224.5393747023918,-39.83448314769598,7.8502583503723145,1786.63,217.063,False,1802.18,5.41801,1823.89,211.013,False,3.09143,19.4316,23.269913441728306,0.13190932706429082,23.260504553333114,0.003264118841841072,23.247503385785798,0.12561308657031747,30.174601475202394,6.8245415892823
2025 NJ30,nan,Not a NEA or MBO,Not a NEA or MBO,21165827779932234,745534873813909695,26.417908,2.0317843,1.3551134,224.5393535359698,-39.83451678651832,2025071600145,43,60872.98672005556,r,224.5393574760694,-39.834510259857815,12.002178192138672,2097.35,173.46,False,2113.64,3.26441,2128.38,173.936,False,-1.12937,11.6112,23.095822673491472,0.08979512270139883,23.087422507079534,0.0016768647096239383,23.079877136566196,0.0887288115585993,nan,nan
2025 NJ30,nan,Not a NEA or MBO,Not a NEA or MBO,21165827779932234,745534873994789068,26.418022,2.0317838,1.3551176,224.5393624513116,-39.834531382026974,2025071600146,132,60872.987204540565,r,224.53937920515077,-39.83452446426071,10.630537033081055,1866.37,170.915,False,1685.88,7.18343,1874.29,171.753,False,-7.50317,35.4909,23.22250564034151,0.09942755007433311,23.332933350481966,0.004626254664814457,23.217908007182785,0.09949284955031254,nan,nan
2025 NJ30,nan,Not a NEA or MBO,Not a NEA or MBO,21165827779932234,745534874119569430,26.418488,2.0317817,1.3551345,224.53939836330431,-39.8345900635158,2025071600147,114,60872.98915330385,g,224.539392215034,-39.83459563857768,9.505990028381348,1059.75,110.041,False,1042.55,8.88445,1093.86,109.948,False,6.61739,7.28983,23.836991436899353,0.1127393235247915,23.854757717604592,0.009252475687354437,23.80259566091309,0.1091314461802913,29.34828314740474,1.1960655782471687
2025 NJ30,nan,Not a NEA or MBO,Not a NEA or MBO,21165827779932234,745534874249592882,26.418594,2.0317812,1.3551384,224.53940673148315,-39.83460371148072,2025071600148,106,60872.989607222815,g,224.539396548875,-39.834618254399594,11.607776641845703,1261.58,108.561,False,1303.25,1.54912,1315.54,107.519,False,6.48789,10.0633,23.6477130492058,0.09342935761774421,23.612430666002357,0.0012905702010453926,23.60223982356507,0.08873714557122014,29.369741344173047,1.6840744350446315
2025 NJ30,nan,Not a NEA or MBO,Not a NEA or MBO,21165827779932234,745534874355499331,26.418705,2.0317807,1.3551424,224.5394152851856,-39.8346176517264,2025071600149,52,60872.99007103499,g,224.53945042460398,-39.83458511203868,11.643906593322754,1285.45,107.42,False,1289.2,2.62446,1333.68,106.371,False,10.3399,15.8991,23.62736206972903,0.09073070563404732,23.624199299021242,0.0022102632083700045,23.587370860031974,0.08659561781750194,28.86370915174364,1.6694773445325433
2025 NJ30,nan,Not a NEA or MBO,Not a NEA or MBO,21165827779932234,745534874532184321,26.418821,2.0317802,1.3551466,224.5394242458215,-39.83463224391431,2025071600150,133,60872.99055789673,g,224.53942321124705,-39.834607039824725,12.958304405212402,1458.66,111.526,False,1482.05,2.15459,1482.13,111.301,False,8.71347,10.9038,23.490114790287098,0.08301304909628311,23.472842824962463,0.0015784326942164999,23.472784251473804,0.08153368978744244,29.049522092102634,1.3586607651641127
2025 NJ30,nan,Not a NEA or MBO,Not a NEA or MBO,21165827779932234,745534874757628308,26.41906,2.031779,1.3551553,224.539442798662,-39.8346624198063,2025071600152,51,60872.99156337592,g,224.5393704823561,-39.834688377096825,8.890999794006348,1045.68,115.78,False,1145.06,3.07662,1140.36,114.889,False,-0.761834,4.4349,23.851502940113193,0.12021510405159198,23.752929334769156,0.002917225003073634,23.757395075665965,0.10938576271047666,nan,nan
2025 NJ30,nan,Not a NEA or MBO,Not a NEA or MBO,21165827779932234,745534875066433823,26.41931,2.0317779,1.3551644,224.5394621886133,-39.83469390322532,2025071600154,128,60872.99261489046,g,224.53947342943715,-39.83467336159129,9.545101165771484,1175.49,117.981,False,1043.24,11.9522,1233.78,118.321,False,4.49162,5.17047,23.724452661784618,0.10897263888768634,23.854039434002487,0.012439070892991002,23.6719056594649,0.10412341706377375,29.768992467169337,1.2498311640373694
2025 NJ30,nan,Not a NEA or MBO,Not a NEA or MBO,21165827779932234,745534875223196058,26.419418,2.0317774,1.3551683,224.5394706222769,-39.83470757949038,2025071600155,171,60872.99307118384,g,224.53943815249582,-39.83477334127009,8.472372055053711,1052.74,123.592,False,1050.57,2.21523,1145.46,124.102,False,-3.89571,4.34206,23.844197198223632,0.1274657687347772,23.846437568102004,0.002289381500432053,23.752550216967357,0.11763137624041137,nan,nan
2025 NJ30,nan,Not a NEA or MBO,Not a NEA or MBO,21165827779932234,745534875480621256,26.41964,2.0317764,1.3551764,224.5394878081832,-39.83473541547736,2025071600157,150,60872.99400238824,g,224.53945078518473,-39.83477432456712,8.971475601196289,995.688,113.454,False,1131.99,6.03032,1008.24,112.81,False,-6.74118,7.41207,23.904691830137146,0.12371457666343683,23.765393533587556,0.005783917692441179,23.891090202392242,0.12148089720143845,nan,nan
2025 NJ30,nan,Not a NEA or MBO,Not a NEA or MBO,21165827779932234,745534875582333284,26.419744,2.031776,1.3551803,224.53949587738225,-39.83474846965965,2025071600158,88,60872.994439461094,g,224.53946234227428,-39.83476529577594,10.03282642364502,1122.93,110.359,False,1148.75,2.29273,1261.89,110.459,False,-4.50515,13.5097,23.774118236758277,0.10670367462695048,23.74943618901458,0.002166964152088001,23.647446240528517,0.0950394516571098,nan,nan
2025 NJ30,nan,Not a NEA or MBO,Not a NEA or MBO,21165827779932234,745534875740143803,26.419855,2.0317752,1.3551842,224.5395044468264,-39.83476232219439,2025071600159,133,60872.99490321306,g,224.5394835537416,-39.83479980784104,10.098896980285645,1098.62,107.731,False,999.082,0.947741,1067.79,107.685,False,-5.4415,9.74538,23.797881252477353,0.1064676145009112,23.900997195972657,0.0010299422036987374,23.828785336997317,0.10949484100948105,nan,nan
2025 NJ30,nan,Not a NEA or MBO,Not a NEA or MBO,21165827779932234,745534875856011405,26.419975,2.0317748,1.3551887,224.53951388638384,-39.83477756814552,2025071600160,98,60872.99541423975,g,224.53949766464876,-39.83480875095514,11.35506820678711,1179.65,101.61,False,1208.15,1.84265,1154.96,101.432,False,-6.84256,15.9086,23.720617047433656,0.09352066642218872,23.694697832479168,0.001655946561226581,23.7435826780558,0.09535256423101326,nan,nan
2025 NJ30,nan,Not a NEA or MBO,Not a NEA or MBO,21165827779932234,745534876428009833,26.420443,2.0317726,1.3552057,224.53955009589623,-39.834835921197104,2025071600164,165,60872.997373475504,g,224.53957594161332,-39.83483242409889,10.425732612609863,1223.27,115.98,False,1205.84,4.34759,1234.9,115.737,False,-4.93054,9.93124,23.681194170064945,0.10294022305953791,23.69677581542532,0.003914562435542482,23.670920501967895,0.10175710431261048,nan,nan
2025 NJ30,nan,Not a NEA or MBO,Not a NEA or MBO,21165827779932234,745534876542829089,26.420555,2.0317721,1.3552098,224.53955893654373,-39.83485013664222,2025071600165,128,60872.99785148266,g,224.5395631388369,-39.834837979711956,11.63634967803955,1141.77,97.0109,False,1097.79,0.0243823,1009.26,95.3973,False,-3.15113,15.1992,23.756053412088193,0.09224996907904001,23.798701785406816,2.4114580799677822e-05,23.889992336489886,0.10262598559927981,nan,nan
2025 NJ30,nan,Not a NEA or MBO,Not a NEA or MBO,21165827779932234,745534876811264432,26.420773,2.0317712,1.3552177,224.5395758103531,-39.83487723416944,2025071600167,128,60872.99876336702,g,224.5395984814078,-39.83486895732347,10.208974838256836,1019.24,98.0777,False,921.118,3.84765,1099.15,96.6207,False,-6.94634,20.5121,23.879308862449687,0.10447638274696662,23.989211849597343,0.004535285435853421,23.797357565282386,0.09544155625262742,nan,nan
2025 NJ30,nan,Not a NEA or MBO,Not a NEA or MBO,21165827779932234,745534876946006411,26.420883,2.0317705,1.3552216,224.5395843245031,-39.83489088942565,2025071600168,129,60872.99922374837,g,224.53962643810024,-39.834891793442075,14.149778366088867,1415.92,98.6211,False,1355.42,0.264673,1450.55,98.0577,False,-8.60291,24.3076,23.522403175679464,0.07562326755568281,23.56981524075931,0.00021201180693575816,23.496168204976637,0.07339615502229749,nan,nan
2025 NJ30,nan,Not a NEA or MBO,Not a NEA or MBO,21165827779932234,745534877099098437,26.420994,2.03177,1.3552257,224.5395929334653,-39.834904684676616,2025071600169,165,60872.999688804106,g,224.53962691953214,-39.83491256968244,10.806049346923828,1248.14,111.142,False,1156.62,5.32752,1239.38,111.425,False,-11.0174,21.1075,23.659341733391962,0.09668057269016495,23.742023260208157,0.00500102129871518,23.66698878668157,0.0976118377349628,nan,nan
2025 NJ30,nan,Not a NEA or MBO,Not a NEA or MBO,21165827779932234,745534877208674597,26.421097,2.0317695,1.3552295,224.53960100763507,-39.83491761186926,2025071600170,118,60873.00012422761,g,224.53962354037108,-39.83490396734993,10.84192180633545,1051.45,97.3336,False,1089.79,1.1992,1088.71,97.4312,False,-7.98351,23.6105,23.845528487061802,0.10050751012544551,23.80664291491892,0.001194739213192592,23.807719508924304,0.09716506973159424,nan,nan
2025 NJ30,nan,Not a NEA or MBO,Not a NEA or MBO,21165827779932234,745534877489692834,26.421322,2.0317686,1.3552377,224.539618607763,-39.83494575315277,2025071600172,142,60873.00107401906,g,224.5396301955798,-39.83494881531103,12.365017890930176,1221.58,98.2047,False,1238.57,0.902154,1264.07,98.1138,False,-13.2682,22.6979,23.682695254724905,0.08728400798281157,23.667698655719988,0.000790832438534479,23.645572235136253,0.08427200188734868,nan,nan
2025 NJ30,nan,Not a NEA or MBO,Not a NEA or MBO,21165827779932234,745534877584589027,26.421497,2.0317676,1.355244,224.53963215763116,-39.83496738304271,2025071600173,67,60873.00180590533,g,224.53965453649246,-39.83497485008458,11.795679092407227,1250.46,102.788,False,1323.89,2.36862,1163.86,101.89,False,-18.7774,11.6058,23.65732552397262,0.08924768380257093,23.595370233644417,0.0019425302500378598,23.735248157563028,0.09505066127581382,nan,nan
2025 NJ30,nan,Not a NEA or MBO,Not a NEA or MBO,21165827779932234,745534877850927162,26.42174,2.0317667,1.3552529,224.53965105651704,-39.83499749976824,2025071600175,63,60873.00282468571,g,224.5396664613323,-39.83502143632931,10.408706665039062,1127.91,107.695,False,1187.44,2.98552,1099.03,107.621,False,-24.4847,4.80482,23.76931384932478,0.10366816208451114,23.71347086746924,0.002729811350656654,23.79747610247231,0.10631922273559821,nan,nan
2025 NJ30,nan,Not a NEA or MBO,Not a NEA or MBO,21165827779932234,745534877984096705,26.42185,2.0317662,1.3552569,224.5396597591172,-39.8350113474765,2025071600176,61,60873.003293897506,g,224.53964698268769,-39.835008588611764,10.62513542175293,1109.44,101.997,False,1179.7,1.35306,1086.76,101.169,False,-21.4017,8.19886,23.787240507401105,0.09981778493172357,23.720571096397045,0.0012452880373983034,23.809665877461043,0.10107369034607253,nan,nan
2025 NJ30,nan,Not a NEA or MBO,Not a NEA or MBO,21165827779932234,745534878813519904,26.424486,2.0317538,1.3553531,224.53986620308044,-39.8353358743861,2025071600182,107,60873.01436977887,i,224.5398906855633,-39.83531435435452,8.812161445617676,2370.09,269.317,False,2298.92,2.4807,2182.77,268.936,False,-230.557,6.95331,22.963087865006166,0.12337387673224054,22.99619039054527,0.0011715874898078815,23.05248004976754,0.13377202104961655,nan,nan
2025 NJ30,nan,Not a NEA or MBO,Not a NEA or MBO,21165827779932234,745534882526527720,26.45424,2.0316148,1.3564554,224.5425296200315,-39.83871133780944,2025071600210,21,60873.14028966846,i,224.54253597861947,-39.838679723797696,6.149135589599609,2132.47,331.79,False,1979.75,44.1293,2275.14,335.495,False,107.901,5.26974,23.077792689556727,0.16892918990810102,23.158474120906078,0.024201428358510035,23.007479736300823,0.16010402872463114,26.317436316082777,0.05302589938488758
2025 NJ30,nan,Not a NEA or MBO,Not a NEA or MBO,21165827779932234,745534882660745317,26.454348,2.0316143,1.3564595,224.5425409860736,-39.83872273214605,2025071600211,21,60873.140748109836,i,224.542556931149,-39.838612257461754,6.206385612487793,2133.81,348.923,False,2501.62,21.7106,1992.43,344.542,False,158.38,4.93359,23.077110604940493,0.1775407969201893,22.904446598252356,0.009422687391953347,23.151542290037373,0.18775149184320286,25.900749119953268,0.033821044620827606
2025 NJ30,nan,Not a NEA or MBO,Not a NEA or MBO,21165827779932234,745534882816459100,26.454454,2.0316136,1.3564636,224.54255234281072,-39.8387340964475,2025071600212,62,60873.14120665759,i,224.54258964301465,-39.83864105644445,7.317624092102051,2451.09,340.39,False,2687.39,18.6307,2457.46,344.695,False,150.934,4.96658,22.926601815755177,0.15077934689867264,22.82667330143535,0.007527015209572812,22.923783873348476,0.15229051744489075,25.95303225443358,0.03572684366398241
2025 NJ30,nan,Not a NEA or MBO,Not a NEA or MBO,21165827779932234,745534883323969716,26.454884,2.0316117,1.3564796,224.5425979248636,-39.83877950204817,2025071600216,6,60873.143038313094,i,224.5426276855042,-39.838769350923705,7.355098724365234,2421.14,326.227,False,2414.12,79.1261,2395.36,331.323,False,13.4474,5.47732,22.93995029114214,0.1462932624514442,22.943102812259994,0.03558649356975421,22.95157296876556,0.15017757594522008,28.578404184019053,0.4422360306662434
2025 NJ30,nan,Not a NEA or MBO,Not a NEA or MBO,21165827779932234,745534883513237645,26.45499,2.0316112,1.3564837,224.54260940927537,-39.83879089014461,2025071600217,111,60873.14349824474,i,224.5426206697938,-39.838808414016455,8.239700317382812,2685.86,319.878,False,3760.2,37.558,2495.39,323.416,False,-10.0719,5.73585,22.827291528085706,0.12930796904617828,22.461972651389804,0.01084465705279835,22.907153970826755,0.140717266377102,nan,nan
2025 NJ30,nan,Not a NEA or MBO,Not a NEA or MBO,21165827779932234,745534883639066857,26.455097,2.0316107,1.3564878,224.54262083439625,-39.83880219888192,2025071600218,95,60873.143955454565,i,224.54268795833795,-39.838855594424835,6.233094692230225,2435.9,391.237,False,2406.87,4.63561,1969.06,402.758,False,32.147,4.53842,22.93335140499213,0.17438326369737148,22.946368362711574,0.0020911181225309185,23.164352592948163,0.2220800405128186,27.6321488960865,0.15328109068206922
2025 NJ30,nan,Not a NEA or MBO,Not a NEA or MBO,21165827779932234,745534883768566202,26.455204,2.0316103,1.3564918,224.54263227511095,-39.83881350257281,2025071600219,86,60873.14441279354,i,224.54260716437884,-39.838767350048556,7.022947311401367,2214.78,314.984,False,2267.97,29.1646,2197.9,318.906,False,9.45284,5.69134,23.03667350295497,0.15441241917406545,23.010906750157996,0.01396185263939244,23.044980225697664,0.15753574405599963,28.96109424949291,0.6536970852963363
2025 NJ30,nan,Not a NEA or MBO,Not a NEA or MBO,21165827779932234,745534883924803763,26.45531,2.0316095,1.3564959,224.54264375652932,-39.83882482594805,2025071600220,128,60873.14487017262,i,224.54273342336737,-39.838783387230166,7.588738441467285,2439.77,332.421,False,2781.27,24.798,2268.02,337.103,False,4.39676,5.19556,22.931627774271867,0.14793259248397544,22.78939211404981,0.009680500843497484,23.01088279074679,0.1613764099235265,29.7921681031896,1.282991928026498
2025 NJ30,nan,Not a NEA or MBO,Not a NEA or MBO,21165827779932234,745534884063215643,26.455418,2.031609,1.3564999,224.54265525368183,-39.83883614430373,2025071600221,136,60873.14532845619,i,224.54266169640962,-39.838896172904626,7.23590087890625,2597.4,351.545,False,2569.59,25.6568,2795.83,354.737,False,-34.0224,5.40893,22.863652950329175,0.1469489347159297,22.875340379187207,0.010840840353218861,22.783723067987538,0.13775901709857777,nan,nan
2025 NJ30,nan,Not a NEA or MBO,Not a NEA or MBO,21165827779932234,745534884139762059,26.455524,2.0316086,1.3565038,224.54266674142588,-39.8388474329447,2025071600222,26,60873.1457857793,i,224.54266271412803,-39.83887542390859,9.519148826599121,2950.98,310.31,False,3013.91,6.91177,2991.52,311.126,False,-39.8508,6.668,22.72508434189009,0.11417047939249475,22.702174332988527,0.0024899081267643246,22.71027021618248,0.11291944159598367,nan,nan
2025 NJ30,nan,Not a NEA or MBO,Not a NEA or MBO,21165827779932234,745534884272406743,26.455633,2.031608,1.3565079,224.54267829526185,-39.83885876598521,2025071600223,23,60873.14624410936,i,224.54262942925558,-39.83889258449172,7.271785736083984,2260.62,305.616,False,2171.32,4.6908,2257.75,308.962,False,-47.9122,6.30824,23.014431029862457,0.14678200486439508,23.058190384159076,0.0023455646497050164,23.01581037262574,0.1485776704201725,nan,nan
2025 NJ30,nan,Not a NEA or MBO,Not a NEA or MBO,21165827779932234,745534884538745282,26.455847,2.0316072,1.356516,224.54270142535444,-39.83888139243853,2025071600225,19,60873.14716102631,i,224.54262863711207,-39.838899476010035,6.438175678253174,2352.25,361.355,False,2285.34,16.3807,2657.63,366.406,False,-36.6709,5.48961,22.971291306988682,0.16679188785147328,23.00262290550172,0.00778226323032635,22.838763753972735,0.14968986794404193,nan,nan
2025 NJ30,nan,Not a NEA or MBO,Not a NEA or MBO,21165827779932234,745534884717002790,26.455954,2.0316067,1.35652,224.5427130268897,-39.83889271055946,2025071600226,103,60873.14762014261,i,224.5426931873488,-39.83885834494336,7.0566511154174805,2250.4,310.467,False,2696.0,26.987,2278.47,312.895,False,-35.4247,6.94599,23.01935074922273,0.14978905452745692,22.823200280341794,0.01086823532183346,23.005891727166052,0.14910067818655703,nan,nan
2025 NJ30,nan,Not a NEA or MBO,Not a NEA or MBO,21165827779932234,745534884803510598,26.45606,2.0316062,1.3565241,224.54272456840613,-39.838903949809385,2025071600227,12,60873.14807644411,i,224.54264302283934,-39.83885307199821,5.1580634117126465,1546.28,315.626,False,2153.64,52.366,1396.59,315.744,False,-36.9359,7.12545,23.426779632826957,0.22162000191253395,23.06706728200618,0.026399800412436492,23.53732770647595,0.2454655178946878,nan,nan
2025 NJ30,nan,Not a NEA or MBO,Not a NEA or MBO,21165827779932234,745534884956602409,26.456167,2.0316055,1.3565282,224.5427361257256,-39.8389151842151,2025071600228,48,60873.14853263344,i,224.54271896868084,-39.83889610260301,8.38103199005127,2724.76,309.535,False,2368.38,17.7327,2648.82,310.24,False,-56.0922,5.66228,22.811679358261344,0.12334053601469298,22.96387159125662,0.00812920043594491,22.842368854703015,0.12716559859420745,nan,nan
2025 NJ30,nan,Not a NEA or MBO,Not a NEA or MBO,21165827779932234,745534885099208751,26.456272,2.031605,1.3565321,224.54274769885453,-39.83892641377373,2025071600229,64,60873.14898896945,i,224.54278834889752,-39.838897332782956,6.84792423248291,2570.84,376.75,False,2492.21,15.5046,2557.94,381.542,False,-25.1587,5.53636,22.874812341557558,0.15911184716208926,22.90853843128072,0.006754609506667405,22.880274141650897,0.16194827245465832,nan,nan
2025 NJ30,nan,Not a NEA or MBO,Not a NEA or MBO,21165827779932234,745534885281661015,26.456379,2.0316045,1.3565361,224.5427593387088,-39.83893768774751,2025071600230,156,60873.14944626219,i,224.54277591826298,-39.838924081188296,6.885044574737549,2014.02,290.716,False,1909.45,23.8419,2015.45,291.705,False,-53.4675,6.34169,23.139840542091626,0.15672182359286585,23.197729301219248,0.013556790983274012,23.13906995507695,0.1571434035590119,nan,nan
2025 NJ30,nan,Not a NEA or MBO,Not a NEA or MBO,21165827779932234,745534885503959228,26.456593,2.0316036,1.3565443,224.54278256448052,-39.83896012282469,2025071600232,68,60873.150358841165,i,224.54276887382022,-39.83900020381494,6.77554988861084,2271.97,325.777,False,3007.7,37.3198,2011.05,325.265,False,-67.1517,7.11523,23.0089935328032,0.1556833483214616,22.704413728088284,0.0134719088063253,23.141442802549157,0.17560577507793995,nan,nan
2025 NJ30,nan,Not a NEA or MBO,Not a NEA or MBO,21165827779932234,745534885679596197,26.4567,2.031603,1.3565483,224.54279420124885,-39.838971333207695,2025071600233,147,60873.150814840985,i,224.5428341998584,-39.8389641969809,9.740012168884277,2845.19,290.159,False,2691.4,2.40426,2757.82,286.562,False,-64.2596,7.13424,22.7647218383295,0.11072586864611696,22.825054419212172,0.0009699012170767435,22.798585181031118,0.1128176397731639,nan,nan
2025 NJ30,nan,Not a NEA or MBO,Not a NEA or MBO,21165827779932234,745534885945933926,26.456913,2.0316021,1.3565563,224.5428175739325,-39.838993788900375,2025071600235,143,60873.15172848817,i,224.5428184200421,-39.838972960039335,8.927230834960938,2806.24,316.436,False,2977.18,6.25676,2970.72,321.951,False,-61.7434,5.57873,22.77968797690988,0.12242931036576206,22.71548729282791,0.0022817535866744734,22.717845710536395,0.11766637317283858,nan,nan
2025 NJ30,nan,Not a NEA or MBO,Not a NEA or MBO,21165827779932234,745534886212272619,26.457125,2.031601,1.3565644,224.5428410366628,-39.83901625024576,2025071600237,139,60873.152643929774,i,224.54282752364662,-39.83891743562988,5.767936706542969,2149.09,363.207,False,2752.57,51.0163,1555.98,364.795,False,9.08424,4.60754,23.069363447248893,0.1834948626578341,22.800654042457722,0.02012310051547617,23.419989987562296,0.2545477180717967,29.00427850608769,0.5506870312616573
2025 NJ30,nan,Not a NEA or MBO,Not a NEA or MBO,21165827779932234,745534886565117969,26.457817,2.0315979,1.3565905,224.54291746020223,-39.839088857667,2025071600240,44,60873.15560602792,g,224.54288695153755,-39.83895628031772,6.203040599822998,1056.08,178.721,False,nan,nan,1319.11,183.318,False,116.957,2.34026,23.840758000057566,0.1837397363556897,nan,nan,23.5992974803534,0.15088581268587709,26.229934443434338,0.021725121420239683
2025 NJ30,nan,Not a NEA or MBO,Not a NEA or MBO,21165827779932234,745534886867107949,26.45803,2.0315967,1.3565986,224.54294130271177,-39.8391113383105,2025071600242,108,60873.156525352315,g,224.54292206995652,-39.839069405461196,6.683295249938965,1156.2,170.069,False,1461.42,12.5311,1349.05,173.589,False,64.7847,2.45449,23.742417633254586,0.1597042714669977,23.4880623510798,0.00930975957826905,23.57492984500726,0.13970709768352627,26.871318895341865,0.04113515477032129
2025 NJ30,nan,Not a NEA or MBO,Not a NEA or MBO,21165827779932234,745534887150223645,26.458244,2.0315957,1.3566067,224.54296510726877,-39.83913370296943,2025071600244,136,60873.15744064521,g,224.54289805450264,-39.83902138645163,7.570723056793213,1180.41,165.444,False,1458.2,12.0635,1149.35,168.614,False,57.5973,2.53009,23.719917768494522,0.1521746983876726,23.490457301607783,0.008982155797358074,23.7488692726599,0.15928161708341979,26.998994658561273,0.0476933874538999
2025 NJ30,nan,Not a NEA or MBO,Not a NEA or MBO,21165827779932234,745534887401357438,26.458458,2.0315948,1.3566148,224.54298902994765,-39.83915609849564,2025071600246,103,60873.15835732306,g,224.54297925981405,-39.83917256341673,8.637415885925293,1296.71,147.271,False,1327.89,17.6271,1462.74,146.938,False,19.9479,3.03366,23.617892882554877,0.12331011343058874,23.592094737136456,0.014412624866389064,23.487082162885613,0.10906648574825396,28.150257001956184,0.16511784683422434
2025 NJ30,nan,Not a NEA or MBO,Not a NEA or MBO,21165827779932234,745534887512506406,26.458563,2.0315943,1.3566189,224.54300092462245,-39.83916720415069,2025071600247,59,60873.15881231543,g,224.54297961684048,-39.839119049933224,7.699253559112549,1316.72,165.919,False,1576.24,4.52942,1660.68,169.759,False,56.1153,2.64945,23.60126644359317,0.13681289587561105,23.405944145892164,0.0031199279306133214,23.349285076445433,0.11098675803774835,27.027296792354623,0.05126238114381617
2025 NJ30,nan,Not a NEA or MBO,Not a NEA or MBO,21165827779932234,745534887627849773,26.45867,2.0315938,1.3566228,224.54301283565724,-39.83917830541663,2025071600248,23,60873.15926730494,g,224.5429325121886,-39.83921315323977,7.056756496429443,1321.36,186.965,False,1495.21,1.1752,1469.74,189.933,False,30.0158,2.63986,23.59744712259203,0.15362555836175856,23.463244545984207,0.0008533632101360915,23.481898722303367,0.1403085814434043,27.706625175439072,0.09548942355379292
2025 NJ30,nan,Not a NEA or MBO,Not a NEA or MBO,21165827779932234,745534887774650618,26.458775,2.0315933,1.3566269,224.5430248155544,-39.83918945109212,2025071600249,47,60873.15972467338,g,224.54294456315796,-39.83918566531991,7.673056125640869,1208.69,159.122,False,1659.89,11.5086,1326.37,162.044,False,24.0482,2.9273,23.694212730077666,0.14293534177859418,23.349801719077185,0.007527790293899684,23.593338278018933,0.13264552508228453,27.947293534769667,0.13216271846737795
2025 NJ30,nan,Not a NEA or MBO,Not a NEA or MBO,21165827779932234,745534887939801693,26.458881,2.0315926,1.3566309,224.5430368645568,-39.83920064113896,2025071600250,106,60873.16018395635,g,224.54307355515402,-39.83922826544466,8.198602676391602,1243.74,148.328,False,1243.88,1.4673,1445.38,149.698,False,42.3027,3.53296,23.66317600371297,0.1294845258854173,23.663053783298707,0.0012807511892797914,23.50004489381313,0.11244969192200886,27.33407978036657,0.09067654099681725
2025 NJ30,nan,Not a NEA or MBO,Not a NEA or MBO,21165827779932234,745534888075067861,26.458988,2.0315921,1.356635,224.54304890398765,-39.83921180241983,2025071600251,108,60873.16064105592,g,224.54302587507402,-39.83924938029559,8.31637954711914,1379.58,162.684,False,1512.18,4.62725,1623.26,165.34,False,57.2525,2.82176,23.55063281033048,0.12803311195474423,23.450991236905907,0.0033223378739638625,23.37402977597003,0.11058956608223461,27.005513887487098,0.053511846654837145
2025 NJ30,nan,Not a NEA or MBO,Not a NEA or MBO,21165827779932234,745534888200372489,26.459095,2.0315917,1.356639,224.5430608810925,-39.8392228862834,2025071600252,91,60873.161096252064,g,224.54307965646726,-39.83922453542954,7.724146842956543,1148.4,149.014,False,1257.63,7.51129,1280.69,150.958,False,46.6997,3.38896,23.749767017356948,0.14088288017550177,23.651117774159435,0.0064846413853532165,23.631390003576225,0.1279783284103899,27.226714787264356,0.07879100915763596
2025 NJ30,nan,Not a NEA or MBO,Not a NEA or MBO,21165827779932234,745534888305754573,26.459202,2.0315912,1.3566431,224.54307292745497,-39.839234014560816,2025071600253,36,60873.16155352765,g,224.54309236721508,-39.83927984184301,8.905020713806152,1404.23,154.197,False,1285.76,5.24896,1512.41,154.429,False,55.2413,3.7522,23.53140439741525,0.11922354219253123,23.627100214923257,0.004432386981829389,23.450826124864584,0.11086223544085909,27.04434030020682,0.07374734779622599
2025 NJ30,nan,Not a NEA or MBO,Not a NEA or MBO,21165827779932234,745534888476148395,26.459309,2.0315907,1.3566471,224.54308506974,-39.83924521155752,2025071600254,105,60873.16201303399,g,224.54310964745122,-39.83921128087971,9.106537818908691,1312.4,142.423,False,1330.64,1.14271,1524.72,144.523,False,45.6696,4.55796,23.60483442551745,0.11782521267898836,23.58984855176702,0.0009323946167437133,23.442024778244807,0.10291322413381639,27.250931946183798,0.10835965438796646
2025 NJ30,nan,Not a NEA or MBO,Not a NEA or MBO,21165827779932234,745534888877752435,26.459627,2.0315893,1.3566592,224.5431213064145,-39.83927850922058,2025071600257,103,60873.163382654515,g,224.5431312341788,-39.839291090422805,8.65290641784668,1375.42,156.29,False,1364.05,1.74383,1563.3,158.166,False,114.281,2.84385,23.553911627476236,0.1233730051406073,23.562924236348564,0.0013880277561745878,23.41489414637205,0.10984874790230562,26.255064936914195,0.02701823437238912
2025 NJ30,nan,Not a NEA or MBO,Not a NEA or MBO,21165827779932234,745534889017737848,26.459732,2.0315888,1.3566632,224.54313343643065,-39.83928961620768,2025071600258,114,60873.16383988669,g,224.5431174721007,-39.83927277104806,8.32815933227539,1269.16,148.796,False,1238.66,9.42493,1515.7,151.249,False,73.5036,3.90086,23.641209030698896,0.12729144132454828,23.667619687125814,0.00826133647013465,23.448466908447877,0.10834367806068736,26.73422845880816,0.05762037433650946
2025 NJ30,nan,Not a NEA or MBO,Not a NEA or MBO,21165827779932234,745534889146187806,26.459839,2.031588,1.3566673,224.54314558324688,-39.83930071899999,2025071600259,103,60873.16429620897,g,224.543160209083,-39.839277089282646,6.0278825759887695,1040.79,170.721,False,1013.31,19.1503,1424.44,173.976,False,185.648,2.91206,23.856592182163666,0.17809352136470705,23.88564418118573,0.020519064338455337,23.515889642940373,0.13260793538224272,25.728274342020477,0.017030773732739746
2025 NJ30,nan,Not a NEA or MBO,Not a NEA or MBO,21165827779932234,745534889284599953,26.459946,2.0315876,1.3566713,224.54315772024725,-39.8393117933308,2025071600260,111,60873.16475253175,g,224.54317088507548,-39.839330576733396,7.65545654296875,1299.48,166.654,False,1476.32,6.46776,1606.34,170.525,False,197.114,2.92706,23.615576016915547,0.13924207509303266,23.47704878133305,0.004756612079092963,23.385406338093418,0.11525901342747437,25.663206331010137,0.016122725531387782
2025 NJ30,nan,Not a NEA or MBO,Not a NEA or MBO,21165827779932234,745534889575580018,26.460157,2.0315866,1.3566794,224.54318215144852,-39.83933402666927,2025071600262,154,60873.16566817125,g,224.5431781528352,-39.839343605383064,11.765892028808594,1716.34,146.822,False,1621.89,2.00804,1866.46,148.359,False,112.112,5.55788,23.313491711590753,0.09287785111858841,23.37494649992809,0.0013442352169769686,23.222453305169818,0.08630173373576526,26.275869754354954,0.05382467070703655
2025 NJ30,nan,Not a NEA or MBO,Not a NEA or MBO,21165827779932234,745534889793683875,26.460371,2.0315857,1.3566874,224.5432065434123,-39.83935614650069,2025071600264,58,60873.16658076435,g,224.54322549654788,-39.839379961766575,7.76279354095459,1216.76,156.347,False,1364.41,5.9122,1326.82,157.485,False,186.796,3.31108,23.686987680785734,0.13951115846628898,23.56263773838286,0.004704663115048383,23.592970020718738,0.1288699098526842,25.721581039173493,0.019245376287332857
2025 NJ30,nan,Not a NEA or MBO,Not a NEA or MBO,21165827779932234,745534890171171324,26.460688,2.031584,1.3566996,224.543243311774,-39.83938934433651,2025071600267,10,60873.16795061381,g,224.54325449974064,-39.83934657102275,8.39123249053955,1742.82,200.383,False,1644.83,34.6671,2097.36,205.69,False,330.279,3.00518,23.296868695696425,0.12483393572009402,23.359697482832573,0.022883413789141018,23.09581749174379,0.1064791314649058,25.10279762480317,0.0098790195009539
2025 NJ30,nan,Not a NEA or MBO,Not a NEA or MBO,21165827779932234,745534890326360155,26.460794,2.0315835,1.3567036,224.54325566469453,-39.83940045873459,2025071600268,50,60873.168409642574,g,224.5432888203851,-39.839414945164414,8.287458419799805,1481.98,174.347,False,1500.49,2.17945,1873.53,177.755,False,367.899,3.18106,23.472894157610142,0.1277310440884821,23.459417243517642,0.0015770233890028385,23.21834835389889,0.10301144970206723,24.985678520505424,0.009387881504242098
2025 NJ30,nan,Not a NEA or MBO,Not a NEA or MBO,21165827779932234,745534890436985279,26.4613,2.0315812,1.3567228,224.5433144068736,-39.83945304647708,2025071600269,5,60873.1705832555,r,224.54334410111252,-39.839452681869055,8.884543418884277,2194.42,251.421,False,2557.23,19.187,3580.76,251.023,False,1534.23,4.5964,23.0467006566902,0.12439592136144392,22.880575531559945,0.008146322785986575,22.515061963406545,0.07611366110817815,23.435273837339466,0.003252757227180639
2025 NJ30,nan,Not a NEA or MBO,Not a NEA or MBO,21165827779932234,745534890583785925,26.461407,2.0315807,1.3567269,224.543326804466,-39.839464089755175,2025071600270,29,60873.17104054775,r,224.54332559141878,-39.83944665816495,9.246420860290527,2421.23,260.579,False,2640.31,5.67808,3547.23,267.064,False,1346.07,4.69617,22.93990989287144,0.11684972829919288,22.845862674464176,0.002334914075114878,22.52527663411287,0.08174295164048936,23.577330930335634,0.003787917297597334
2025 NJ30,nan,Not a NEA or MBO,Not a NEA or MBO,21165827779932234,745534890886299866,26.461618,2.0315797,1.356735,224.54335176011,-39.8394862612988,2025071600272,94,60873.17195827359,r,224.54336701012656,-39.83952001123833,8.402934074401855,2106.23,247.855,False,2335.29,0.950668,3810.77,252.043,False,1753.36,4.93072,23.091235524239828,0.1277662671631282,22.979147932774758,0.0004419899132139745,22.447468150414323,0.0718102136990931,23.290322272512988,0.0030532583748045963
2025 NJ30,nan,Not a NEA or MBO,Not a NEA or MBO,21165827779932234,745534891180949881,26.461832,2.0315788,1.3567431,224.5433767306766,-39.8395083691465,2025071600274,144,60873.17287485469,r,224.5433968221606,-39.839492069741105,9.624019622802734,2229.89,230.474,False,2243.98,0.253469,3843.29,232.776,False,1605.04,5.49355,23.02929145249879,0.11221808118329268,23.02245255482616,0.00012263944508224202,22.43824209920128,0.06575963023616017,23.38628532321473,0.003716135293287649
2025 NJ30,nan,Not a NEA or MBO,Not a NEA or MBO,21165827779932234,745534891293147190,26.461939,2.0315783,1.3567472,224.5433892966404,-39.83951946558936,2025071600275,102,60873.17333449959,r,224.54338612655417,-39.839461161782914,9.366756439208984,2310.25,246.513,False,2128.12,1.69145,4152.6,246.138,False,1696.44,6.28063,22.990852552709352,0.11585243569903056,23.08000965715549,0.0008629534059186972,22.354199725405856,0.06435508650296794,23.326153777385144,0.004019657480657989
2025 NJ30,nan,Not a NEA or MBO,Not a NEA or MBO,21165827779932234,745534891424743891,26.462044,2.0315776,1.3567512,224.5434017980116,-39.83953048589248,2025071600276,97,60873.17379164815,r,224.54338709472916,-39.839565142643096,7.923466682434082,1864.57,237.213,False,1940.85,9.61716,3592.7,240.143,False,1678.99,5.43129,23.22355330037644,0.1381287626503999,23.1800200838543,0.0053799617488836295,22.51144762981866,0.0725727054289007,23.337379732553828,0.0035121998274927606
2025 NJ30,nan,Not a NEA or MBO,Not a NEA or MBO,21165827779932234,745534891664867553,26.46226,2.0315766,1.3567593,224.5434271272447,-39.83955275623387,2025071600278,43,60873.17471527954,r,224.54336630980433,-39.83953344336098,9.963235855102539,2338.5,240.31,False,2371.95,2.28245,3761.14,242.984,False,1353.06,5.62322,22.977656564388692,0.11157291627740129,22.96223619737483,0.0010447684853829983,22.46170128260668,0.0701427031398442,23.571707314609103,0.004512241320400009
2025 NJ30,nan,Not a NEA or MBO,Not a NEA or MBO,21165827779932234,745534891797512390,26.462364,2.0315762,1.3567634,224.543439653542,-39.83956374121243,2025071600279,40,60873.17517138898,r,224.54350059118238,-39.83959082958085,7.169571876525879,1986.32,274.756,False,1995.91,7.46698,5306.46,278.19,False,3184.96,4.5347,23.15487699066341,0.15018353423897784,23.14964759617358,0.004061891751714697,22.087987770807274,0.05691948298409947,22.642240057342928,0.0015458555014227532
2025 NJ30,nan,Not a NEA or MBO,Not a NEA or MBO,21165827779932234,745534892101599333,26.462578,2.0315752,1.3567715,224.5434649234589,-39.83958584459924,2025071600281,108,60873.17608912877,r,224.54350454874927,-39.83955835814266,6.811741352081299,1781.94,264.006,False,1874.44,13.1952,4901.8,268.408,False,3032.23,4.77625,23.272767343839057,0.16085889249202773,23.217821175427645,0.007643086351344463,22.174111074557537,0.0594516878412559,22.695594656461484,0.0017102091388601424
2025 NJ30,nan,Not a NEA or MBO,Not a NEA or MBO,21165827779932234,745534892192301300,26.462683,2.0315747,1.3567755,224.5434774743869,-39.83959679454823,2025071600282,25,60873.17654421207,r,224.54352662264526,-39.839649198139284,7.589712142944336,2384.24,308.018,False,2391.46,18.9305,6245.3,317.363,False,3871.11,4.18326,22.95662507997551,0.14026536821736044,22.953342214786304,0.008594552948003535,21.911116771368654,0.055173092899236456,22.430411189265474,0.0011732853550485037
2025 NJ30,nan,Not a NEA or MBO,Not a NEA or MBO,21165827779932234,745534892344344781,26.46279,2.0315742,1.3567796,224.5434901531712,-39.83960783711991,2025071600283,59,60873.177003637626,r,224.54354374086844,-39.839615629182674,10.23839282989502,2351.32,226.23,False,2381.2,3.5304,4833.47,228.393,False,2507.94,7.28395,22.971720623634827,0.1044630632251826,22.958010337564467,0.001609727539426109,22.189352383258502,0.05130362737798118,22.90170716983074,0.003153364216335048
2025 NJ30,nan,Not a NEA or MBO,Not a NEA or MBO,21165827779932234,745534892476989760,26.462896,2.0315735,1.3567836,224.54350282189844,-39.839618852015775,2025071600284,56,60873.177461051535,r,224.54352785826524,-39.83959024600331,9.461200714111328,2331.18,241.246,False,2109.07,15.5658,4957.59,241.602,False,2640.4,6.80517,22.98106051063997,0.11235920285843883,23.089772479294783,0.008013177256700029,22.16182351641164,0.05291201011851679,22.845825729957518,0.0027982956317546483
2025 NJ30,nan,Not a NEA or MBO,Not a NEA or MBO,21165827779932234,745534892633227622,26.463001,2.031573,1.3567877,224.54351556364875,-39.83962991141075,2025071600285,98,60873.17792113291,r,224.54356423605952,-39.83959967987697,7.054076194763184,2094.2,292.976,False,2075.62,44.543,5979.35,300.007,False,4038.45,4.48599,23.09745463717673,0.15189316782340814,23.107130321791416,0.023299999153436446,21.958365043515634,0.05447556068846853,22.384463237487502,0.0012060572416634763
2025 NJ30,nan,Not a NEA or MBO,Not a NEA or MBO,21165827779932234,745534892908478696,26.463217,2.031572,1.3567959,224.54354121158136,-39.83965211550164,2025071600287,111,60873.178845682254,r,224.54347863034616,-39.83965233846662,9.758697509765625,2401.82,243.296,False,2523.79,5.20033,4484.95,245.574,False,2030.74,5.5314,22.94864882689316,0.10998129495700595,22.894866945151993,0.0022371854362153915,22.270605938417646,0.05944962077671712,23.130864196947314,0.002957366030633837
2025 NJ30,nan,Not a NEA or MBO,Not a NEA or MBO,21165827779932234,745534893290160419,26.463533,2.0315707,1.356808,224.54357937157155,-39.8396850108371,2025071600290,71,60873.180215411805,r,224.54361148507027,-39.83967035046732,8.530169486999512,2652.83,314.748,False,2808.95,21.9759,6945.25,315.684,False,4235.16,4.27659,22.84072641753951,0.1288183839662101,22.77863999706861,0.008494288393406572,21.795780292142638,0.049350208808184734,22.332825404501744,0.0010963572294663611
2025 NJ30,nan,Not a NEA or MBO,Not a NEA or MBO,21165827779932234,745534893430669624,26.46364,2.0315702,1.356812,224.5435921360538,-39.83969597704118,2025071600291,83,60873.18067281687,r,224.54355704322182,-39.83967856235575,7.882616996765137,2097.46,260.554,False,2245.55,6.91051,5295.3,264.793,False,2978.07,6.47386,23.095765802004856,0.1348740384673844,23.02169315234078,0.0033412708716272495,22.090273615881095,0.05429255314624604,22.715162720838514,0.0023602211478966667
2025 NJ30,nan,Not a NEA or MBO,Not a NEA or MBO,21165827779932234,745534893551780298,26.463745,2.0315695,1.356816,224.54360491818136,-39.83970693982398,2025071600292,58,60873.181129060584,r,224.54359820617955,-39.839642270291286,9.451797485351562,2502.22,265.357,False,2743.23,6.83946,6462.75,268.51,False,3708.03,4.92521,22.904186285104394,0.11514083478977814,22.80434445377241,0.0027069729053138805,21.873956609156814,0.045109440863796056,22.477141893502562,0.001442134710288947
2025 NJ30,nan,Not a NEA or MBO,Not a NEA or MBO,21165827779932234,745534893712736535,26.463852,2.031569,1.3568201,224.54361774601,-39.83971792319101,2025071600293,109,60873.181587626226,r,224.54363872320042,-39.83974505347245,8.05417537689209,2294.45,280.867,False,2363.28,5.23982,6389.26,285.636,False,3658.6,4.83064,22.998303527824746,0.13290657102254652,22.96621203746275,0.0024072738793966667,21.886373636421816,0.048538538596717515,22.491712645914948,0.0014335539347129832
2025 NJ30,nan,Not a NEA or MBO,Not a NEA or MBO,21165827779932234,745534893848002756,26.463957,2.0315685,1.3568242,224.5436305635293,-39.83972887918938,2025071600294,111,60873.182044864414,r,224.5436670719467,-39.83970299625161,9.246183395385742,2278.37,242.77,False,2188.67,8.858,5802.54,245.745,False,3480.41,7.34298,23.00593931039259,0.11568979994930506,23.04954932599941,0.004394198956294483,21.990954635287,0.045982317492107926,22.545924007889813,0.0022906896998473943
2025 NJ30,nan,Not a NEA or MBO,Not a NEA or MBO,21165827779932234,745534893971210704,26.464064,2.031568,1.3568282,224.54364345496745,-39.83973987975824,2025071600295,90,60873.182503236225,r,224.54362979853616,-39.83975879552406,7.553069591522217,2103.12,274.683,False,2043.01,10.7733,5284.51,277.349,False,3244.27,4.92427,23.09283980598988,0.14180516395778966,23.124323763821074,0.005725357185897125,22.09248823799595,0.05698311914417641,22.6222075169227,0.0016479696064090274
2025 NJ30,nan,Not a NEA or MBO,Not a NEA or MBO,21165827779932234,745534894216577362,26.464275,2.031567,1.3568363,224.5436691505897,-39.83976175108044,2025071600297,46,60873.183416227024,r,224.54365511885038,-39.83970074993025,7.407594203948975,2312.27,308.218,False,2327.29,25.2276,6669.85,311.521,False,4464.36,4.49203,22.98990362940789,0.14472506440971294,22.98287372322386,0.011769275992870578,21.839709816442614,0.0507102287231541,22.275602012585388,0.001092465641050794
2025 NJ30,nan,Not a NEA or MBO,Not a NEA or MBO,21165827779932234,745534894362853469,26.464378,2.0315666,1.3568403,224.54368189799592,-39.839772574078445,2025071600298,69,60873.18386844436,r,224.5437221441405,-39.83979494910997,7.842382431030273,2292.65,292.984,False,2198.13,3.22711,6036.15,297.338,False,3961.7,4.52652,22.99915564717935,0.13874920258529908,23.044866624046293,0.001593986821431353,21.948099958626003,0.05348287412623444,22.405296049710035,0.0012405296873231127
2025 NJ30,nan,Not a NEA or MBO,Not a NEA or MBO,21165827779932234,745534902271738165,26.47196,2.0315301,1.3571317,224.54465809276212,-39.840553549797015,2025071600357,50,60873.21678582323,z,224.5446250201979,-39.8405787362752,5.4759721755981445,4159.9,788.008,False,5119.08,78.5396,4233.06,806.379,False,156.624,12.7978,22.35229279866318,0.20567052827057258,22.127020191744723,0.016657931149405957,22.333363924296414,0.2068278960577507,25.912854271171287,0.08871587687040562
2025 NJ30,nan,Not a NEA or MBO,Not a NEA or MBO,21165827779932234,745565648847372460,27.842201,2.0239694,1.4175967,225.04258040288087,-40.05882986528645,2025072300061,9,60880.02005042425,g,225.0424652058064,-40.058818439163076,6.3810858726501465,909.921,139.764,False,979.733,7.92657,804.051,141.685,False,-84.0859,2.55492,24.00249075503848,0.16676924669172877,23.922230690718997,0.008784193463944245,24.136790974700922,0.19132185229873602,nan,nan
2025 NJ30,nan,Not a NEA or MBO,Not a NEA or MBO,21165827779932234,745565649134157977,27.842373,2.0239685,1.417605,225.04267137480088,-40.05886030605133,2025072300063,44,60880.02096748054,g,225.04268052561218,-40.058853435682124,6.9616780281066895,934.054,132.997,False,991.971,3.73409,756.772,135.431,False,-99.6876,2.52743,23.974070019752368,0.15459454061426844,23.908752551265216,0.004087051706548349,24.202587401432844,0.19430204208727644,nan,nan
2025 NJ30,nan,Not a NEA or MBO,Not a NEA or MBO,21165827779932234,745565649297211813,27.84246,2.023968,1.4176093,225.04271811025228,-40.05887592954398,2025072300064,99,60880.02143894954,g,225.04275571065833,-40.058924845217746,7.819164752960205,1112.65,140.487,False,1159.37,23.1672,1015.16,143.448,False,-115.457,2.40049,23.784103545513865,0.13708876854430138,23.739444858765232,0.021695807209862087,23.88366378605298,0.15342082932715426,nan,nan
2025 NJ30,nan,Not a NEA or MBO,Not a NEA or MBO,21165827779932234,745565649556734109,27.84264,2.0239668,1.4176182,225.04281378423195,-40.05890788123944,2025072300066,82,60880.02240206129,g,225.0429146228718,-40.05881674845196,8.090956687927246,909.77,115.931,False,nan,nan,817.224,116.274,False,-85.3502,3.16098,24.00267094741617,0.13835417851381374,nan,nan,24.119147220338785,0.1544777122013286,nan,nan
2025 NJ30,nan,Not a NEA or MBO,Not a NEA or MBO,21165827779932234,745565649831985218,27.842815,2.0239658,1.4176266,225.0429064076501,-40.05893877344659,2025072300068,95,60880.02333516594,g,225.04296627941545,-40.05892535493147,8.244301795959473,1081.77,129.014,False,1131.86,4.27197,950.404,130.927,False,-106.026,2.66913,23.81466264720661,0.12948702257306421,23.7655182335542,0.004097885191047299,23.955229370802762,0.1495702747910323,nan,nan
2025 NJ30,nan,Not a NEA or MBO,Not a NEA or MBO,21165827779932234,745565649970921596,27.842901,2.0239654,1.4176309,225.04295267948805,-40.05895419123598,2025072300069,104,60880.023801056974,g,225.04294325001914,-40.058987547726126,7.754653453826904,1020.76,132.442,False,1003.69,5.15473,917.04,134.097,False,-110.534,2.55465,23.87769088152573,0.14087256016376554,23.89600100437631,0.0055761009901766296,23.99402932751465,0.15876512635269843,nan,nan
2025 NJ30,nan,Not a NEA or MBO,Not a NEA or MBO,21165827779932234,745565650086789316,27.842987,2.023965,1.4176351,225.0429981632866,-40.05896933669211,2025072300070,69,60880.024259391095,g,225.04295791956775,-40.05898403818183,6.913442134857178,904.631,132.452,False,964.651,4.0753,483.58,134.523,False,-113.293,2.51136,24.008821356972884,0.1589686073504083,23.939074451781856,0.004586841236906558,24.68882920284642,0.3020317012579032,nan,nan
2025 NJ30,nan,Not a NEA or MBO,Not a NEA or MBO,21165827779932234,745565650221531393,27.843073,2.0239642,1.4176393,225.0430437528101,-40.05898450764047,2025072300071,70,60880.02471878973,g,225.04303944360078,-40.059016542747926,8.210437774658203,1078.99,130.317,False,1156.4,4.69708,789.415,131.441,False,-105.182,2.68044,23.817456460596105,0.1311317878144809,23.74222976958125,0.004410056945630727,24.156736594354314,0.18077975492310797,nan,nan
2025 NJ30,nan,Not a NEA or MBO,Not a NEA or MBO,21165827779932234,745565650529288531,27.843243,2.0239632,1.4176475,225.04313415635255,-40.05901456268735,2025072300073,145,60880.02562800227,g,225.0431401209757,-40.05903674946601,6.93623685836792,913.245,131.014,False,1167.01,4.90152,796.434,132.493,False,-111.061,2.51125,23.99853174796516,0.15575957394562046,23.732313547188774,0.004560164380722257,24.147125491603735,0.18062066546138097,nan,nan
2025 NJ30,nan,Not a NEA or MBO,Not a NEA or MBO,21165827779932234,745565650610028570,27.84333,2.0239627,1.4176518,225.04318095771205,-40.05903010695847,2025072300074,43,60880.02609950493,g,225.04315963582454,-40.05902090468014,9.01682186126709,1221.41,134.211,False,1314.22,0.921311,923.224,136.438,False,-116.372,2.53943,23.68284629122747,0.11930288446027468,23.603329844042673,0.0007611364562095152,23.986732286608255,0.1604547545395617,nan,nan
2025 NJ30,nan,Not a NEA or MBO,Not a NEA or MBO,21165827779932234,745565650734284840,27.843416,2.0239623,1.4176561,225.04322677211263,-40.05904531348097,2025072300075,24,60880.02656015947,g,225.04319385731628,-40.059025475036314,8.095840454101562,1126.1,137.796,False,1284.73,4.36325,950.146,138.471,False,-109.327,2.54266,23.771057627357617,0.13285686441122616,23.627970352650838,0.0036874194011263313,23.9555241435507,0.15823144134963837,nan,nan
2025 NJ30,nan,Not a NEA or MBO,Not a NEA or MBO,21165827779932234,745565650905727009,27.843504,2.0239618,1.4176604,225.0432732889944,-40.05906074309486,2025072300076,95,60880.027028397344,g,225.04326270163006,-40.059120571056845,6.469071388244629,969.896,148.93,False,1100.23,7.68192,727.113,152.169,False,-137.557,2.18508,23.9331870837783,0.16671755082369571,23.796291312538653,0.007580723003474811,24.24599526214517,0.2272210851272938,nan,nan
2025 NJ30,nan,Not a NEA or MBO,Not a NEA or MBO,21165827779932234,745565651206144039,27.843689,2.0239606,1.4176694,225.0433725085257,-40.05909362020346,2025072300078,156,60880.02802696478,g,225.04336083188014,-40.0590954304856,8.670149803161621,1197.95,135.584,False,1159.06,2.73052,940.498,136.204,False,-108.479,2.41499,23.703903314599497,0.12288364555156371,23.73973514943511,0.0025577832750655286,23.966605325482245,0.15723755984630472,nan,nan
2025 NJ30,nan,Not a NEA or MBO,Not a NEA or MBO,21165827779932234,745565651331973213,27.843786,2.02396,1.4176741,225.04342362203425,-40.05911053898916,2025072300079,140,60880.02854026799,g,225.0434863015182,-40.059126677038826,8.709915161132812,1117.3,127.066,False,1070.68,5.14474,931.767,127.726,False,-89.2924,2.71025,23.779575455636227,0.1234763739541637,23.825850719901688,0.0052170866323294355,23.9767316535321,0.14883198905754533,nan,nan
2025 NJ30,nan,Not a NEA or MBO,Not a NEA or MBO,21165827779932234,745565651467763870,27.843872,2.0239594,1.4176782,225.0434694723429,-40.05912570518771,2025072300080,143,60880.029001963616,g,225.04353752400246,-40.0591877182368,7.571757793426514,1291.17,167.042,False,1593.21,3.30042,1095.68,174.313,False,-146.899,2.06803,23.622541396107685,0.1404645004353855,23.39431746748412,0.002249160890623061,23.800790610963958,0.17273102514055844,nan,nan
2025 NJ30,nan,Not a NEA or MBO,Not a NEA or MBO,21165827779932234,745565651600408670,27.843956,2.023959,1.4176825,225.0435151306133,-40.059140798042655,2025072300081,140,60880.02946018512,g,225.04349736463848,-40.059090227426736,6.905784606933594,1231.51,178.344,False,1436.93,22.7881,752.414,186.027,False,-157.05,2.01676,23.673905134616376,0.15723342060086043,23.506410929397738,0.017218558670777755,24.20885782845027,0.26843764303918854,nan,nan
2025 NJ30,nan,Not a NEA or MBO,Not a NEA or MBO,21165827779932234,745565651740393799,27.844044,2.0239584,1.4176867,225.04356139277547,-40.05915608052067,2025072300082,151,60880.02992513479,g,225.0436503857671,-40.059145327703646,6.8972673416137695,997.594,145.496,False,997.123,5.6982,835.354,147.195,False,-96.93,2.26922,23.902615435309944,0.15835127131977447,23.903128180505917,0.006204592989032117,24.09532360361945,0.19131403915492337,nan,nan
2025 NJ30,nan,Not a NEA or MBO,Not a NEA or MBO,21165827779932234,745565651876184528,27.84413,2.023958,1.417691,225.0436074630061,-40.05917128958775,2025072300083,154,60880.03038881032,g,225.0435510476449,-40.05918484757812,6.4312286376953125,817.001,127.204,False,799.136,9.01864,595.12,128.402,False,-80.9147,2.66835,24.11944356088606,0.16904507428571336,24.14344827985403,0.01225306288338838,24.46348864465738,0.23425644153708547,nan,nan
2025 NJ30,nan,Not a NEA or MBO,Not a NEA or MBO,21165827779932234,745565652020363329,27.844215,2.0239575,1.4176952,225.0436533413517,-40.05918642538003,2025072300084,173,60880.03084929055,g,225.04368551598844,-40.059198144942066,6.035247802734375,883.697,145.129,False,925.762,14.6797,611.868,148.723,False,-73.1473,2.76166,24.034241522002223,0.17830976391661155,23.983751596412056,0.01721639173143125,24.43335568208238,0.26390325760683364,nan,nan
2025 NJ30,nan,Not a NEA or MBO,Not a NEA or MBO,21165827779932234,745565652234273216,27.844397,2.0239563,1.417704,225.04375019692844,-40.05921834659525,2025072300086,69,60880.03182263819,g,225.043700793498,-40.05916446383328,6.8902106285095215,1019.04,149.734,False,1144.55,12.3491,841.642,152.891,False,-102.966,2.15558,23.8795219445568,0.15953409224782653,23.75341302941628,0.011714529305645066,24.087181463560732,0.19723266593646202,nan,nan
2025 NJ30,nan,Not a NEA or MBO,Not a NEA or MBO,21165827779932234,745565652525252951,27.84457,2.0239553,1.4177125,225.04384260294572,-40.05924876014219,2025072300088,112,60880.03275069189,g,225.04388532641812,-40.05921637361293,8.471792221069336,1299.25,152.632,False,1436.2,6.29672,1151.74,156.505,False,-89.6855,2.3562,23.615768186262756,0.1275490417650673,23.50696273093513,0.004760184610759744,23.746613883774305,0.14753603371238208,nan,nan
2025 NJ30,nan,Not a NEA or MBO,Not a NEA or MBO,21165827779932234,745565652634304680,27.844656,2.0239549,1.4177166,225.0438882193484,-40.05926375900565,2025072300089,64,60880.03320803546,g,225.04397554557022,-40.059265828447195,6.620741844177246,968.229,144.289,False,998.906,2.40154,792.331,147.267,False,-71.5081,2.56041,23.935054779842623,0.16180035116356462,23.901188439237643,0.0026102946166732316,24.152733388553724,0.2018009052928284,nan,nan
2025 NJ30,nan,Not a NEA or MBO,Not a NEA or MBO,21165827779932234,745565652787920938,27.844742,2.0239542,1.4177209,225.04393483928095,-40.05927907769284,2025072300090,101,60880.033676378254,g,225.04394387978277,-40.05926284940002,9.168325424194336,1177.75,125.688,False,1374.82,1.26609,1168.71,127.951,False,-58.7802,2.65839,23.72236721772432,0.11586840666286422,23.554385439044996,0.000999868960055151,23.73073313610982,0.1188669848537553,nan,nan
2025 NJ30,nan,Not a NEA or MBO,Not a NEA or MBO,21165827779932234,745565653046919550,27.846762,2.0239422,1.41782,225.0450170957278,-40.05963180639909,2025072300092,83,60880.044518103925,r,225.0450316796671,-40.059588048687985,7.589449882507324,1783.77,233.981,False,2287.75,39.255,1523.06,238.973,False,-396.812,3.45871,23.27165284923681,0.14241838532559378,23.001478589942938,0.018629909683082396,23.443207427146458,0.17035549216546336,nan,nan
2025 NJ30,nan,Not a NEA or MBO,Not a NEA or MBO,21165827779932234,745565653319549097,27.846933,2.023941,1.4178284,225.04510943778692,-40.05966164595223,2025072300094,91,60880.04544142001,r,225.04512058086135,-40.05969531898469,6.873378753662109,1528.12,215.787,False,2164.73,7.73351,1156.77,219.438,False,-316.736,3.72631,23.439606353976885,0.1533176464858932,23.061490670107816,0.0038787986915242226,23.741882439216333,0.20596296681323753,nan,nan
2025 NJ30,nan,Not a NEA or MBO,Not a NEA or MBO,21165827779932234,745565653455864290,27.84702,2.0239406,1.4178326,225.0451557717289,-40.05967660316836,2025072300095,95,60880.045904215745,r,225.04499887872663,-40.059704351319695,7.9448652267456055,1593.18,203.709,False,1632.23,30.9358,1160.53,208.675,False,-285.117,4.4252,23.394337848767336,0.1388256372042143,23.368046623434985,0.020578055227999603,23.738359043687545,0.1952263191143577,nan,nan
2025 NJ30,nan,Not a NEA or MBO,Not a NEA or MBO,21165827779932234,745565653816573990,27.847273,2.0239391,1.417845,225.04529192160493,-40.05972049538433,2025072300098,15,60880.047264100154,r,225.0453014161452,-40.05973649448577,9.365517616271973,1883.16,201.684,False,1837.79,0.499158,1492.03,200.45,False,-255.995,4.26445,23.21278192830689,0.11628094425072306,23.23926026676697,0.00029489435437727424,23.46555608990186,0.14586557552928398,nan,nan
2025 NJ30,nan,Not a NEA or MBO,Not a NEA or MBO,21165827779932234,745565653947646291,27.847359,2.0239387,1.4178493,225.0453378892236,-40.0597352946934,2025072300099,9,60880.04772350598,r,225.04532346493687,-40.059742013855185,7.978957176208496,1817.16,225.391,False,2218.31,7.93712,1512.42,227.266,False,-302.761,3.81403,23.251517058586536,0.13466902823532909,23.03494437886971,0.003884767356820965,23.450818939029567,0.1631497362936957,nan,nan
2025 NJ30,nan,Not a NEA or MBO,Not a NEA or MBO,21165827779932234,745565654288957492,27.847536,2.0239375,1.417858,225.04543365792927,-40.05976609539193,2025072300101,148,60880.048679537475,r,225.04540785603422,-40.05978310492821,8.489598274230957,1788.09,207.774,False,1818.49,12.0394,1462.35,209.011,False,-285.065,3.96564,23.269026584828467,0.1261613010378024,23.250722712874477,0.007188168559136598,23.487371694511413,0.15518228563907507,nan,nan
2025 NJ30,nan,Not a NEA or MBO,Not a NEA or MBO,21165827779932234,745565654402728060,27.847622,2.023937,1.4178622,225.04547965241736,-40.05978087250977,2025072300102,109,60880.04913893725,r,225.0454812023052,-40.05979698387807,8.702936172485352,1938.39,222.736,False,2179.89,2.37472,1617.3,225.065,False,-316.436,3.77169,23.18139709018382,0.12475948042356463,23.053913605728624,0.0011827751455754114,23.378023500849643,0.15109207580354217,nan,nan
2025 NJ30,nan,Not a NEA or MBO,Not a NEA or MBO,21165827779932234,745565654539567679,27.847708,2.0239365,1.4178665,225.04552625712296,-40.05979583547329,2025072300103,114,60880.04960386394,r,225.04550146281568,-40.059801392928605,9.355475425720215,1810.09,190.841,False,1865.51,2.62477,1410.56,190.38,False,-245.875,4.31309,23.25574959778791,0.11447109849556926,23.22300604080833,0.0015276292933179292,23.52652104449013,0.14653928608284134,nan,nan
2025 NJ30,nan,Not a NEA or MBO,Not a NEA or MBO,21165827779932234,745565654795944486,27.847885,2.0239353,1.4178752,225.04562190038388,-40.05982651064824,2025072300105,91,60880.05055777629,r,225.04563250240906,-40.05983113775753,10.098287582397461,1799.31,176.875,False,1675.02,6.2323,1298.03,175.666,False,-218.598,4.59278,23.26223498055554,0.10672957131506429,23.33994999497083,0.0040397329333113656,23.61678815056664,0.14693568888076047,nan,nan
2025 NJ30,nan,Not a NEA or MBO,Not a NEA or MBO,21165827779932234,745565654916006122,27.847971,2.0239348,1.4178793,225.04566793116624,-40.05984125845088,2025072300106,64,60880.05101645615,r,225.04568925800186,-40.05979046073412,8.95616626739502,1682.74,185.478,False,1646.68,4.20074,1451.23,185.049,False,-239.058,4.44038,23.334957460402123,0.11967397073159214,23.358476937725122,0.002769751988599563,23.495659395621658,0.1384442144143812,nan,nan
2025 NJ30,nan,Not a NEA or MBO,Not a NEA or MBO,21165827779932234,745565655094263971,27.84806,2.0239344,1.4178838,225.04571617787,-40.059856705462536,2025072300107,148,60880.051497877124,r,225.0457372614089,-40.05985257273137,8.828984260559082,1672.67,188.341,False,1729.61,10.3478,1381.21,189.336,False,-250.298,4.52605,23.34147430214662,0.12225282983429156,23.305129540307153,0.006495673285548109,23.549350745722847,0.14883251228084166,nan,nan
2025 NJ30,nan,Not a NEA or MBO,Not a NEA or MBO,21165827779932234,745565655204364912,27.84814,2.023934,1.4178878,225.0457600197128,-40.05987073264241,2025072300108,102,60880.05193446031,r,225.04574699711398,-40.05988747976928,10.178364753723145,1889.66,183.462,False,1970.13,7.26643,1524.29,186.207,False,-237.883,4.76437,23.209040805122864,0.10541120523854934,23.163762786702193,0.004004520515617245,23.442330970975824,0.13263334214199662,nan,nan
2025 NJ30,nan,Not a NEA or MBO,Not a NEA or MBO,21165827779932234,745565655367418313,27.848228,2.0239334,1.4178921,225.0458075828637,-40.05988594018295,2025072300109,157,60880.0524085095,r,225.04582134656974,-40.059883033765225,9.968875885009766,1812.09,180.763,False,1867.78,3.19963,1482.86,176.173,False,-220.591,4.54987,23.254550611171467,0.10830639637805912,23.221685681196007,0.0018599375206283608,23.472249635004736,0.12899222502233376,nan,nan
2025 NJ30,nan,Not a NEA or MBO,Not a NEA or MBO,21165827779932234,745565655561404794,27.848412,2.0239322,1.417901,225.0459056498935,-40.05991726178328,2025072300111,15,60880.05338585338,r,225.04590517892316,-40.05991811784039,10.76578140258789,2010.26,183.307,False,1874.25,1.32095,1595.69,181.507,False,-216.919,4.90573,23.14186941676784,0.09900363780843814,23.21793120120462,0.0007652144984061045,23.392628731426356,0.12350063775671978,nan,nan
2025 NJ30,nan,Not a NEA or MBO,Not a NEA or MBO,21165827779932234,745565656114528452,27.848768,2.02393,1.4179186,225.04609849299283,-40.059978721464326,2025072300115,46,60880.05530576693,r,225.04612902570645,-40.059985942427346,10.21396541595459,2086.99,204.942,False,2237.21,4.98451,1521.43,205.712,False,-253.689,4.34817,23.101199084806897,0.10661907904428877,23.025733139224663,0.002419023249791078,23.444370022798942,0.1468019983600919,nan,nan
2025 NJ30,nan,Not a NEA or MBO,Not a NEA or MBO,21165827779932234,745565656259756096,27.848907,2.0239294,1.4179255,225.0461743692873,-40.06000285537336,2025072300116,67,60880.05606065408,r,225.04620303144839,-40.06000752098658,7.5159525871276855,1646.91,214.874,False,1626.08,21.3448,1114.43,217.015,False,-253.361,3.89498,23.358325311010777,0.14165708431687601,23.37214525875584,0.014251957960307421,23.782367961164052,0.2114273937860082,nan,nan
2025 NJ30,nan,Not a NEA or MBO,Not a NEA or MBO,21165827779932234,745565656785092905,27.849897,2.0239234,1.4179742,225.0467103607546,-40.06017256552013,2025072300120,45,60880.06138634323,r,225.04669139612545,-40.06014643727546,9.660711288452148,1717.28,174.397,False,1849.11,0.170809,1584.21,173.854,False,-161.959,4.68346,23.31289720143632,0.11026107397561183,23.232593140421862,0.0001002933939359037,23.40046815087866,0.11915061200061712,nan,nan
2025 NJ30,nan,Not a NEA or MBO,Not a NEA or MBO,21165827779932234,745565656904630489,27.849983,2.0239227,1.4179784,225.0467565138985,-40.06018711576383,2025072300121,17,60880.061844772805,r,225.0467533947822,-40.06017671149253,8.238490104675293,1443.9,172.482,False,1373.58,0.548746,1227.04,174.672,False,-143.849,6.089,23.501157190649366,0.12969730803453325,23.555365138091855,0.0004337522440648013,23.677853164371978,0.15455706834272614,nan,nan
2025 NJ30,nan,Not a NEA or MBO,Not a NEA or MBO,21165827779932234,745565657057722639,27.850067,2.0239222,1.4179827,225.04680277780272,-40.06020169089503,2025072300122,53,60880.06230342436,r,225.04680308572645,-40.06019144745293,11.168299674987793,1869.08,163.851,False,1755.87,5.59628,1674.61,162.127,False,-145.178,5.44368,23.22093029961524,0.09517996277068011,23.28876910617351,0.003460440654046583,23.340215808780506,0.10511531282852181,nan,nan
2025 NJ30,nan,Not a NEA or MBO,Not a NEA or MBO,21165827779932234,745565657203998951,27.850151,2.0239217,1.4179869,225.04684864841772,-40.06021613221117,2025072300123,76,60880.06275861031,r,225.04685989116317,-40.060193241689326,8.526700019836426,1722.48,202.079,False,1898.15,8.74116,1548.39,202.923,False,-188.244,4.25378,23.309614542451385,0.1273770861258749,23.2041736628589,0.004999917913731975,23.425299095121705,0.1422902823578252,nan,nan
