provid,permid,orbit_class,population,ssObjectId,diaSourceId,phaseAngle,helioRange,topoRange,ephRa,ephDec,visit,detector,midpointMjdTai,band,ra,dec,snr,psfFlux,psfFluxErr,psfFlux_flag,trailFlux,trailFluxErr,scienceFlux,scienceFluxErr,forced_PsfFlux_flag,templateFlux,templateFluxErr,psfMag,psfMagErr,trailMag,trailMagErr,scienceMag,scienceMagErr,templateMag,templateMagErr
2000 GA175,104720,MBO,MBO,21163607165777217,745200677598265378,18.33941,2.4252372,1.6436903,270.995310596711,-23.72509874976374,2025050100557,84,60797.20266874632,u,270.99527520831776,-23.725074567898744,12.10308837890625,6115.23,503.142,False,6342.13,9.92439,4900.94,511.847,False,-932.765,5.23739,21.93396801362959,0.08933097944372562,21.894412170353228,0.0016989985316643672,22.174301548796812,0.11339269801435113,nan,nan
2000 GA175,104720,MBO,MBO,21163607165777217,745200678011928700,18.33892,2.4252365,1.6436727,270.9952928622666,-23.725128472819087,2025050100560,105,60797.20443421058,u,270.99524118749787,-23.72511391370974,10.840088844299316,4607.69,427.253,False,4889.92,5.56717,3990.29,426.605,False,-619.634,6.02082,22.24129188237512,0.10067605383994249,22.176745632238273,0.001236109850266066,22.397488839864327,0.11607690193565931,nan,nan
2000 GA175,104720,MBO,MBO,21163607165777217,745200678267781178,18.338585,2.4252362,1.6436605,270.99528057131937,-23.72514889768502,2025050100562,81,60797.20564905228,u,270.9952510179404,-23.725142651946665,14.11552619934082,5489.35,386.324,False,5387.4,3.42259,4811.72,385.78,False,-541.711,6.79828,22.05119767517222,0.07641085951369474,22.071551964822163,0.0006897631442265983,22.194249083360656,0.08704897480408282,nan,nan
2000 GA175,104720,MBO,MBO,21163607165777217,745200678410911845,18.33841,2.425236,1.6436542,270.9952741288944,-23.725159547613718,2025050100563,98,60797.20628367286,u,270.9952468197405,-23.725155841375592,13.912219047546387,5234.28,372.571,False,5178.1,14.3719,4617.8,371.863,False,-485.562,6.69051,22.1028576674129,0.07728166162025907,22.114573896224677,0.00301347819427832,22.23891224741032,0.0874323588166567,nan,nan
2000 GA175,104720,MBO,MBO,21163607165777217,745200678679347316,18.338074,2.4252355,1.6436421,270.99526174801923,-23.725179908198346,2025050100565,98,60797.20749601422,u,270.9952075987596,-23.725168049015522,13.291133880615234,5042.59,380.474,False,5002.74,2.83084,4501.56,379.158,False,-518.45,7.01794,22.143365888069468,0.08192107795974364,22.15198011781966,0.0006143724147488239,22.266592378103972,0.0914495310886009,nan,nan
2000 GA175,104720,MBO,MBO,21163607165777217,745200678918422676,18.337751,2.4252353,1.6436305,270.9952498615405,-23.72519932662594,2025050100567,42,60797.20865403733,u,270.99521666839826,-23.725205253192026,14.336188316345215,5672.97,396.229,False,5767.87,2.96861,4839.57,394.537,False,-559.095,6.40527,22.015473741583115,0.07583332163292784,21.997461319414292,0.0005588072098983556,22.18798309964459,0.08851263785661945,nan,nan
2000 GA175,104720,MBO,MBO,21163607165777217,745200679082000489,18.337585,2.425235,1.6436245,270.9952436771339,-23.72520938065712,2025050100568,98,60797.20925426977,u,270.9952428890844,-23.725193885186325,14.64775276184082,5578.64,378.431,False,5305.53,0.703818,4946.43,378.118,False,-506.747,6.7076,22.033679132178502,0.07365168345119694,22.088178107501754,0.00014403099036268014,22.1642702927006,0.08299650457802979,nan,nan
2000 GA175,104720,MBO,MBO,21163607165777217,745200679352533184,18.337248,2.4252346,1.6436123,270.99523100702146,-23.72522987523474,2025050100570,102,60797.21047811331,u,270.9952065581479,-23.72524361529005,15.900653839111328,5937.8,370.054,False,6276.56,12.1973,5363.29,369.813,False,-491.73,6.68905,21.965936122266395,0.06766496397522845,21.90569577795146,0.002109921683259692,22.07642179094195,0.07486437381576558,nan,nan
2000 GA175,104720,MBO,MBO,21163607165777217,745200679588462723,18.336912,2.4252343,1.6436002,270.99521844236654,-23.725250064474857,2025050100572,40,60797.21168550267,u,270.9951910021401,-23.72524991353673,14.466533660888672,5263.88,361.568,False,5308.47,7.64969,4763.62,362.408,False,-499.106,6.68828,22.096735073763988,0.07457758714095372,22.0875765376787,0.0015645836213097875,22.205157198361167,0.08260093488063228,nan,nan
2000 GA175,104720,MBO,MBO,21163607165777217,745200679755186298,18.33675,2.425234,1.6435945,270.9952123484844,-23.7252598087936,2025050100573,102,60797.2122683731,u,270.99522047443054,-23.725253853312708,15.449380874633789,6204.95,397.934,False,6283.89,1.21457,5378.49,396.122,False,-571.576,6.30097,21.91815425015437,0.0696301061195934,21.904428541191038,0.00020985450777969604,22.073349038946393,0.0799637050979837,nan,nan
2000 GA175,104720,MBO,MBO,21163607165777217,745200680046690455,18.33641,2.4252336,1.6435822,270.9951994702785,-23.725280301132702,2025050100575,146,60797.213495752854,u,270.9951797751372,-23.725296657032516,15.902667999267578,6063.66,378.083,False,6178.11,2.10433,5675.24,379.526,False,-505.762,7.03417,21.943162867879828,0.06769812281824018,21.92286093262746,0.0003698133226140698,22.01503937487226,0.07260752019120523,nan,nan
2000 GA175,104720,MBO,MBO,21163607165777217,745200680285765648,18.336084,2.4252331,1.6435704,270.9951870604789,-23.725299921397166,2025050100577,90,60797.21467157019,u,270.99516578733375,-23.725316419518965,15.721094131469727,6052.96,383.813,False,5929.78,3.47225,5697.32,380.118,False,-558.444,6.38711,21.945080497112478,0.06884559949555953,21.967403586938126,0.000635765181338021,22.010823500860347,0.07243895373123843,nan,nan
2000 GA175,104720,MBO,MBO,21163607165777217,745200680448819289,18.335922,2.4252331,1.6435646,270.9951808629846,-23.725309674025794,2025050100578,145,60797.21525600518,u,270.9951938588728,-23.725308292292866,16.219327926635742,6234.66,383.59,False,6347.53,3.02713,5579.75,382.236,False,-540.0,6.57146,21.912968036012032,0.0668003606242409,21.893488131413797,0.0005177863874185023,22.033463147840976,0.07437742833365053,nan,nan
2000 GA175,104720,MBO,MBO,21163607165777217,745200680692613231,18.335592,2.4252326,1.6435528,270.9951681746611,-23.725329547281653,2025050100580,98,60797.21644930975,u,270.99515206575586,-23.725320816763254,15.886361122131348,5763.63,361.556,False,5844.26,2.49471,5143.62,363.149,False,-493.735,6.98443,21.99825978902971,0.06810889091839145,21.98317622197513,0.0004634627894495083,22.121827784454062,0.07665496162718116,nan,nan
2000 GA175,104720,MBO,MBO,21163607165777217,745200680930639999,18.335266,2.4252322,1.643541,270.99515562368515,-23.7253490836786,2025050100582,40,60797.217623277495,u,270.99512246642803,-23.7253587351358,15.336593627929688,5760.63,376.772,False,6205.14,2.41319,4846.94,378.355,False,-549.97,6.68067,21.998825067625315,0.07101220059382607,21.918121014898855,0.0004222447152891918,22.186330904003114,0.08475321308815971,nan,nan
2000 GA175,104720,MBO,MBO,21163607165777217,745200681095266373,18.335098,2.4252322,1.643535,270.99514912007885,-23.72535916011068,2025050100583,98,60797.21822903136,u,270.9951757847379,-23.725348229415996,14.207427978515625,6075.74,422.565,False,6382.29,1.32153,4991.35,424.704,False,-660.043,6.03026,21.941002006208926,0.07551246503571715,21.887558658652182,0.00022481475160721965,22.154454918177905,0.09238312499659851,nan,nan
2000 GA175,104720,MBO,MBO,21163607165777217,745200681624797218,18.334396,2.4252312,1.6435097,270.99512185085183,-23.72540106992713,2025050100587,84,60797.220753260866,u,270.99512780147535,-23.72539308709507,14.848921775817871,6702.78,446.587,False,6625.96,1.1959,6209.35,449.211,False,-769.867,5.43659,21.83436262198507,0.0723394913920298,21.846877981954812,0.00019596132411969569,21.91738463231699,0.07854681037702549,nan,nan
2000 GA175,104720,MBO,MBO,21163607165777217,745200682038460506,18.333897,2.4252307,1.6434917,270.995102160777,-23.72543099903623,2025050100590,105,60797.22255916016,u,270.995068623855,-23.72542123932132,15.295039176940918,5866.9,380.959,False,6371.34,5.23079,5399.83,379.139,False,-533.78,7.11385,21.978978303504938,0.07050077585823943,21.88942307318054,0.0008913758129155633,22.069049765856356,0.07623294459220668,nan,nan
2000 GA175,104720,MBO,MBO,21163607165777217,745200682294313013,18.333569,2.4252303,1.6434801,270.995089227316,-23.72545051078977,2025050100592,81,60797.22373820979,u,270.99505759377365,-23.725441471951907,16.543315887451172,6487.03,390.749,False,6445.34,0.229549,5751.72,391.836,False,-606.857,6.20741,21.869885270012066,0.06539978119982047,21.87688544660103,3.8668196281042346e-05,22.000505619543098,0.07396579006733373,nan,nan
2000 GA175,104720,MBO,MBO,21163607165777217,745200682437443636,18.333406,2.42523,1.6434742,270.9950828088986,-23.72546015125645,2025050100593,98,60797.22432147898,u,270.99506466608506,-23.725460334142934,16.8668270111084,6450.13,376.801,False,6391.12,10.3912,5750.15,379.154,False,-563.798,6.45284,21.876078850302978,0.06342608436656215,21.88605755018999,0.0017652777471323295,22.000802083531518,0.07159138856512466,nan,nan
2000 GA175,104720,MBO,MBO,21163607165777217,745200682705879158,18.333076,2.4252298,1.6434624,270.99506970519604,-23.72547974680388,2025050100595,98,60797.22550701859,u,270.99504861937385,-23.725471735450366,17.151395797729492,6033.16,348.177,False,5826.64,1.59805,5394.18,347.645,False,-492.577,7.55343,21.948637864376646,0.06265843552868965,21.986454509632807,0.00029778065908271997,22.07018637846722,0.06997370103979123,nan,nan
2000 GA175,104720,MBO,MBO,21163607165777217,745200683108532319,18.332575,2.425229,1.6434444,270.99504962079,-23.72550956098489,2025050100598,98,60797.227314366,u,270.9950249272994,-23.725510728103046,19.592012405395508,6915.38,350.396,False,6779.75,5.07639,6316.4,351.409,False,-482.599,7.69316,21.800459894462342,0.055013263972209674,21.821965800591283,0.0008129533071297494,21.89882595462198,0.06040426131430732,nan,nan
2000 GA175,104720,MBO,MBO,21163607165777217,745200683379065010,18.332247,2.4252286,1.6434326,270.9950364169257,-23.725529019166952,2025050100600,102,60797.22849513817,u,270.9950131396134,-23.72551292942347,20.594579696655273,6613.53,320.701,False,6214.23,6.59983,6210.15,315.501,False,-397.713,8.65393,21.84891671548631,0.05264914285111728,21.916531695291802,0.001153107394204424,21.917244791436573,0.05515983855642693,nan,nan
2000 GA175,104720,MBO,MBO,21163607165777217,745200683614994551,18.331924,2.4252284,1.643421,270.99502335509817,-23.725548159400148,2025050100602,40,60797.22965811858,u,270.9950044917873,-23.725524263640583,19.555683135986328,6492.62,333.17,False,6396.25,0.872385,6110.95,332.874,False,-464.975,10.1046,21.868950017319747,0.05571475604442742,21.885186425049564,0.00014808364372215487,21.934728139493224,0.05914192297178075,nan,nan
2000 GA175,104720,MBO,MBO,21163607165777217,745200683781718162,18.331755,2.425228,1.643415,270.9950164920276,-23.725558173603947,2025050100603,102,60797.23026715459,u,270.99500996913633,-23.725553704581852,20.50446128845215,6938.12,335.226,False,6992.18,1.82004,6221.21,333.725,False,-453.619,8.53166,21.796895464110314,0.05245902537612662,21.788468473123995,0.0002826133278788219,21.915312853282995,0.05824225895521978,nan,nan
2000 GA175,104720,MBO,MBO,21163607165777217,745200684073222257,18.331429,2.4252276,1.6434033,270.9950032508367,-23.7255774126416,2025050100605,146,60797.23143878038,u,270.9949934203757,-23.725567150431495,19.501922607421875,6467.21,330.832,False,6200.8,1.63739,6143.68,331.456,False,-424.829,8.71594,21.87320759813616,0.055541150365819976,21.91888072449628,0.00028670069657395794,21.928928501609917,0.05857625434524961,nan,nan
2000 GA175,104720,MBO,MBO,21163607165777217,745200684312297487,18.331099,2.4252274,1.6433915,270.9949897918182,-23.72559685947373,2025050100607,90,60797.23262317332,u,270.9949523790703,-23.725603250602017,20.577533721923828,6826.36,331.9,False,6716.64,0.398888,6470.2,330.165,False,-459.943,9.64186,21.814527052186463,0.05278887239314128,21.832119799129686,6.447972879879953e-05,21.872705703902266,0.05540355669075016,nan,nan
2000 GA175,104720,MBO,MBO,21163607165777217,745200684475351126,18.33093,2.4252272,1.6433854,270.99498284035167,-23.725606861321136,2025050100608,145,60797.23323346234,u,270.99495355600715,-23.72559539802866,19.748123168945312,6463.5,324.442,False,6845.86,1.77753,5982.84,324.596,False,-439.81,8.47434,21.873830617139877,0.05449963806529203,21.811429988100002,0.00028191179276684043,21.957731556870556,0.05890607927609687,nan,nan
2000 GA175,104720,MBO,MBO,21163607165777217,745200684719145062,18.330593,2.4252267,1.6433734,270.99496901649013,-23.7256266669788,2025050100610,98,60797.234442450586,u,270.99494532140614,-23.72561084296222,19.152610778808594,6238.96,322.728,False,6148.71,2.30358,5964.5,323.029,False,-422.425,8.79662,21.91221950370727,0.05616280159467298,21.928039981136628,0.0004067650404823476,21.961064892700925,0.058801956823598796,nan,nan
2000 GA175,104720,MBO,MBO,21163607165777217,745200684957171823,18.330273,2.4252264,1.6433619,270.99495577600607,-23.72564553324736,2025050100612,40,60797.23559562226,u,270.9949367936209,-23.725645355689785,19.337566375732422,6296.14,322.958,False,6262.28,2.79122,5896.04,326.715,False,-442.357,8.71115,21.90231403551449,0.055692407424929195,21.908168832361852,0.0004839337523756201,21.973598939787003,0.06016348223745624,nan,nan
2000 GA175,104720,MBO,MBO,21163607165777217,745200685121798199,18.330107,2.4252262,1.643356,270.9949489217141,-23.725655260655778,2025050100613,98,60797.236190814656,u,270.99494167716256,-23.725666061826516,16.624656677246094,6085.49,364.663,False,6135.84,2.2972,5283.76,366.293,False,-552.231,7.15971,21.93926107542208,0.0650609565195882,21.93031496190916,0.00040648928827446696,22.092642341210773,0.07526791309506292,nan,nan
2000 GA175,104720,MBO,MBO,21163607165777217,745200685651329059,18.329422,2.4252253,1.6433314,270.99492035855064,-23.72569551458927,2025050100617,84,60797.23865651993,u,270.9948964860135,-23.725697625590076,15.582290649414062,5675.63,363.642,False,6197.76,3.67745,5388.62,360.014,False,-581.126,7.34798,22.014964833376936,0.0695639587617896,21.919413154174332,0.0006442231860879965,22.071306079711203,0.07253809579010523,nan,nan
2000 GA175,104720,MBO,MBO,21163607165777217,745200686064992355,18.328918,2.4252248,1.6433135,270.99489931819414,-23.725724882627688,2025050100620,105,60797.24045999628,u,270.99488620805204,-23.72572701975706,18.98189926147461,6572.76,340.14,False,6477.76,4.16357,6071.75,339.454,False,-472.609,8.87973,21.85563060223308,0.056186798507712125,21.87143790571042,0.000697855242333761,21.941715296279327,0.060700376088925104,nan,nan
2000 GA175,104720,MBO,MBO,21163607165777217,745200686320844843,18.328585,2.4252243,1.6433015,270.99488519523834,-23.7257444638418,2025050100622,81,60797.241663404435,u,270.994855959592,-23.725757601715976,16.16063117980957,6071.1,369.837,False,6329.32,4.51603,5362.41,372.216,False,-614.638,6.47143,21.941831516524022,0.06614047213795936,21.896607396544383,0.0007746830985837017,22.076599927680853,0.07536320033823678,nan,nan
2000 GA175,104720,MBO,MBO,21163607165777217,745200686463975486,18.328419,2.4252243,1.6432956,270.9948782063302,-23.725754115434665,2025050100623,98,60797.24225700423,u,270.99486833737296,-23.725751902361374,17.68971061706543,5970.04,337.686,False,6079.3,6.26811,5335.56,337.715,False,-512.268,7.75961,21.96005689048244,0.06141297523590853,21.94036609642011,0.0011194568391426746,22.082049967969553,0.06872182008770171,nan,nan
2000 GA175,104720,MBO,MBO,21163607165777217,745200686732410959,18.328087,2.4252238,1.6432837,270.99486413937507,-23.72577346575496,2025050100625,98,60797.24344942246,u,270.9948623138809,-23.725783578961835,18.692472457885742,5917.22,311.916,False,5616.21,1.16903,5475.39,311.545,False,-469.281,8.47889,21.969705669374726,0.05723269805378843,22.026391661396087,0.00022599905473249501,22.05396232675035,0.0617774609743254,nan,nan
2000 GA175,104720,MBO,MBO,21163607165777217,745200686971486388,18.327753,2.4252234,1.6432718,270.99484994542354,-23.725792889373743,2025050100627,42,60797.24464707573,u,270.9948426952705,-23.725783838497573,16.351558685302734,5611.45,337.533,False,5445.72,7.47427,4893.41,334.067,False,-497.332,9.40388,22.02731221832476,0.06530785701504518,22.05986168800373,0.0014901767036347776,22.175970952460624,0.07412185163807503,nan,nan
2000 GA175,104720,MBO,MBO,21163607165777217,745200687135064177,18.327587,2.425223,1.6432658,270.9948428274763,-23.72580259208684,2025050100628,98,60797.245246403836,u,270.9948485123801,-23.72580125730392,13.011515617370605,5705.8,440.463,False,5485.97,11.6916,4669.8,445.464,False,-800.059,6.08082,22.00920867547792,0.08381412880053409,22.051866386635556,0.0023139012329808635,22.226754343329443,0.10357111681055446,nan,nan
2000 GA175,104720,MBO,MBO,21163607165777217,745200687405596825,18.327248,2.4252229,1.6432537,270.99482829919435,-23.72582231885848,2025050100630,102,60797.24646588034,u,270.99481524746983,-23.72581667111837,19.264402389526367,5815.55,300.204,False,5446.51,1.56451,5474.36,303.688,False,-439.748,9.86513,21.988523051498547,0.05604669780636313,22.059704283345226,0.00031187773631009347,22.05416664286263,0.06023079447858646,nan,nan
2000 GA175,104720,MBO,MBO,21163607165777217,745200687641526377,18.326914,2.4252224,1.6432419,270.9948139776317,-23.725841664951368,2025050100632,40,60797.247662346024,u,270.9947986118274,-23.72583850545621,17.85393524169922,5864.02,324.179,False,5450.2,2.75555,5391.67,323.396,False,-499.131,11.4043,21.979511389250746,0.06002245222743195,22.05896886260073,0.0005489340192244538,22.070691757936373,0.0651231893866932,nan,nan
2000 GA175,104720,MBO,MBO,21163607165777217,745200687808249973,18.326746,2.4252222,1.6432358,270.99480673033685,-23.725851417575903,2025050100633,102,60797.2482660204,u,270.99478676852823,-23.725857113920412,17.955488204956055,6056.03,334.189,False,5703.8,0.498191,5418.09,333.118,False,-520.088,8.03244,21.944529993819003,0.05991402030169819,22.009589315028144,9.4832221160379e-05,22.065384494232877,0.06675383685861704,nan,nan
2000 GA175,104720,MBO,MBO,21163607165777217,745200688099754071,18.32641,2.425222,1.6432239,270.9947922787871,-23.72587079116721,2025050100635,146,60797.249467010726,u,270.9947807139485,-23.725875906338747,19.117746353149414,6189.18,321.5,False,5993.42,4.03965,5641.44,321.91,False,-442.734,9.27937,21.92091718549264,0.05639909970558852,21.95581323227129,0.0007318015885691857,22.02152507745706,0.06195392475677964,nan,nan
2000 GA175,104720,MBO,MBO,21163607165777217,745200688338829326,18.326073,2.4252214,1.6432118,270.9947776521726,-23.72589030085656,2025050100637,90,60797.25067847094,u,270.9947601279784,-23.72587074644803,17.709186553955078,5385.44,300.773,False,5128.88,1.9514,4945.15,302.856,False,-453.982,9.40292,22.071947032530232,0.060637598821960396,22.124943679730123,0.00041309325301420736,22.16455134774335,0.06649378016906932,nan,nan
2000 GA175,104720,MBO,MBO,21163607165777217,745200688501882979,18.325912,2.4252212,1.6432061,270.9947707123978,-23.72589952325833,2025050100638,145,60797.25125113139,u,270.9947645708924,-23.725894759679985,17.661157608032227,5668.28,316.751,False,5723.3,4.38658,5170.85,316.787,False,-462.324,8.8723,22.016371803016895,0.060672381977517245,22.005883759416022,0.0008321543293485987,22.11609513048007,0.06651654850115482,nan,nan
2000 GA175,104720,MBO,MBO,21163607165777217,745200688745676907,18.325579,2.425221,1.6431942,270.9947561030976,-23.72591886689468,2025050100640,98,60797.252454148234,u,270.9947343573888,-23.72591891662844,20.012191772460938,6293.61,311.108,False,6367.74,2.2248,5972.74,314.844,False,-464.279,10.3672,21.902750455541263,0.053670505224054664,21.890036653800408,0.00037934116950760267,21.959565932800306,0.057232946666883375,nan,nan
2000 GA175,104720,MBO,MBO,21163607165777217,745200688983703648,18.325243,2.4252205,1.6431823,270.9947414164254,-23.725938217357555,2025050100642,40,60797.25365925135,u,270.9947267969522,-23.725916505633563,14.753896713256836,5525.98,374.345,False,5590.34,11.5474,4611.38,374.016,False,-633.302,6.78484,22.043976731948923,0.07355074074319513,22.031404475016014,0.002242695635056102,22.240422748445443,0.08806099543647694,nan,nan
2000 GA175,104720,MBO,MBO,21163607165777217,745200689148330058,18.325075,2.4252203,1.6431763,270.9947341083748,-23.725947810874672,2025050100643,98,60797.25425770604,u,270.99473931205097,-23.72594662591642,13.61059284210205,5171.07,377.04,False,5288.53,7.8278,4603.75,378.836,False,-627.416,6.75559,22.11604899492963,0.07916466066697979,22.09166261336109,0.0016070488374895712,22.242220670342576,0.08934367836553175,nan,nan
2000 GA175,104720,MBO,MBO,21163607165777217,745200689709318338,18.317678,2.4252117,1.6429137,270.9943984455118,-23.72636624104824,2025050100647,144,60797.28074399984,g,270.99437975276254,-23.72635673076207,120.77970886230469,25110.4,206.954,False,23488.0,0.31965,23486.1,204.349,False,-1441.83,3.86195,20.400365905787115,0.008948381599854942,20.47288490441006,1.4775867325521438e-05,20.472972753796125,0.009446826435040143,nan,nan
2000 GA175,104720,MBO,MBO,21163607165777217,745200689946296352,18.317408,2.4252112,1.642904,270.9943857086837,-23.726381363374745,2025050100649,84,60797.281717596794,g,270.99437064538046,-23.72637467255559,121.21934509277344,25041.1,206.192,False,23697.9,0.097136,22731.3,195.0,False,-1331.38,3.57622,20.403366510559124,0.008940107442628934,20.463225325814292,4.4503550276866365e-06,20.508439278488375,0.0093139658819029,nan,nan
2000 GA175,104720,MBO,MBO,21163607165777217,745200690108301350,18.317272,2.4252112,1.6428993,270.9943793502133,-23.726388894483456,2025050100650,137,60797.28220231854,g,270.9943641266534,-23.726385796236706,121.71378326416016,24558.0,201.531,False,23137.3,0.0713474,23502.0,197.231,False,-1343.0,3.68219,20.424517512427716,0.00890990754307542,20.48921826905533,3.348033403750709e-06,20.472237945171223,0.00911160073393678,nan,nan
2000 GA175,104720,MBO,MBO,21163607165777217,745200690359960201,18.316992,2.4252107,1.6428894,270.9943662329703,-23.726404392834944,2025050100652,105,60797.28320126145,g,270.9943489469411,-23.726397736636443,126.75784301757812,25529.8,200.617,False,23908.1,0.0891597,24743.3,200.759,False,-1294.08,4.36139,20.382381435369062,0.008531877973808399,20.453637358535595,4.049000670871692e-06,20.41635591380214,0.00880930638858043,nan,nan
2000 GA175,104720,MBO,MBO,21163607165777217,745200690615812218,18.31672,2.4252105,1.6428797,270.99435336549783,-23.726419546878304,2025050100654,81,60797.28417959226,g,270.9943407881987,-23.726414698970896,130.64144897460938,26865.3,204.603,False,24421.1,0.188078,25769.9,201.348,False,-1286.15,4.70642,20.327020731875024,0.008268840280814134,20.43058696240984,8.361748587255597e-06,20.372218150352026,0.008483184562669206,nan,nan
2000 GA175,104720,MBO,MBO,21163607165777217,745200690758943142,18.316576,2.4252102,1.6428746,270.99434661900887,-23.72642747296597,2025050100655,98,60797.284691791996,g,270.9943292824323,-23.726421505828096,135.9131317138672,26034.9,190.558,False,23636.9,0.015415,24849.7,187.304,False,-1067.93,4.53176,20.361110198983077,0.007946860373735239,20.466023687445077,7.080718326164778e-07,20.411697159019546,0.008183710121944864,nan,nan
2000 GA175,104720,MBO,MBO,21163607165777217,745200691027378684,18.316292,2.42521,1.6428646,270.99433326387066,-23.7264431245387,2025050100657,98,60797.28570343807,g,270.9943175708341,-23.72643743184784,133.857177734375,26691.8,198.085,False,25910.5,0.526582,26044.1,200.449,False,-1271.58,4.34893,20.334055313097924,0.008057457987625926,20.366310515668808,2.2065538875746884e-05,20.360726630751877,0.00835639339959135,nan,nan
2000 GA175,104720,MBO,MBO,21163607165777217,745200691266453997,18.31601,2.4252095,1.6428547,270.99431990854225,-23.726458725517904,2025050100659,42,60797.28671342708,g,270.99430263664556,-23.726451759147153,135.47317504882812,25408.3,185.875,False,24472.0,0.0996561,24613.6,184.988,False,-1018.59,4.70069,20.38756094520586,0.007942727803676799,20.42832634005844,4.421389064211132e-06,20.422062170926708,0.008160048891274273,nan,nan
2000 GA175,104720,MBO,MBO,21163607165777217,745200691430031992,18.315876,2.4252095,1.6428499,270.9943135522489,-23.72646613294141,2025050100660,98,60797.28719301775,g,270.99429664727296,-23.726461834673117,142.1266632080078,26610.3,185.053,False,24274.7,0.0155802,26062.7,184.536,False,-960.735,5.6943,20.33737554127101,0.007550412029965941,20.437115356530985,6.968567023038584e-07,20.359951519994564,0.00768751577477698,nan,nan
2000 GA175,104720,MBO,MBO,21163607165777217,745200691702136916,18.315594,2.425209,1.6428399,270.99430017165105,-23.7264816894442,2025050100662,105,60797.28820217203,g,270.99428470716794,-23.726475370404106,137.75833129882812,26401.5,189.826,False,25077.9,0.49626,25588.4,188.521,False,-1069.2,4.34873,20.34592849502081,0.007806411195504417,20.4017720674239,2.1485348727390947e-05,20.37989215586022,0.00799909598456345,nan,nan
2000 GA175,104720,MBO,MBO,21163607165777217,745200691936494006,18.315317,2.4252088,1.6428301,270.994287084579,-23.726496856902656,2025050100664,40,60797.28918785686,g,270.9942723062003,-23.72648627582703,126.34452819824219,26716.0,211.373,False,25121.2,0.086929,25719.5,212.458,False,-1507.68,3.70572,20.333071413018256,0.008590182662118787,20.399899080962264,3.757064410581263e-06,20.374343696421604,0.00896881099966162,nan,nan
2000 GA175,104720,MBO,MBO,21163607165777217,745200692103217874,18.315176,2.4252086,1.6428251,270.9942803123422,-23.726504687331307,2025050100665,102,60797.28969674934,g,270.99426403661187,-23.726499195629717,130.196044921875,27457.8,210.358,False,25177.3,0.157471,25762.5,205.292,False,-1395.97,3.80556,20.303335625761274,0.008317974925798822,20.397477079399238,6.790718696638903e-06,20.372529988031825,0.008651837555823834,nan,nan
2000 GA175,104720,MBO,MBO,21163607165777217,745200692633796626,18.3146,2.425208,1.6428049,270.99425290598504,-23.72653625012684,2025050100669,90,60797.291751934696,g,270.9942363822317,-23.726532232878377,135.7835235595703,28082.2,206.269,False,25160.2,0.0496752,26510.4,204.158,False,-1312.95,4.21735,20.278922210090656,0.007974935168944779,20.39821481116099,2.143630215155713e-06,20.34145928250375,0.008361312314932355,nan,nan
2000 GA175,104720,MBO,MBO,21163607165777217,745200692796850731,18.31446,2.4252079,1.6427999,270.9942462223247,-23.726543917196995,2025050100670,145,60797.292251945415,g,270.99423418364785,-23.72653731922399,126.79435729980469,27330.9,215.263,False,26205.7,0.146798,25599.8,214.699,False,-1544.22,3.36264,20.308365151628315,0.00855145018402554,20.35401061997468,6.082032071457609e-06,20.37940853593331,0.009105792852990397,nan,nan
2000 GA175,104720,MBO,MBO,21163607165777217,745200693040644622,18.314175,2.4252074,1.6427898,270.9942325960205,-23.72655951226088,2025050100672,98,60797.2932699156,g,270.994220237111,-23.726546905934754,116.48031616210938,27812.2,237.588,False,25847.7,0.156778,25084.6,240.839,False,-2037.95,3.0224,20.289411671061053,0.009274990755096744,20.368945271760808,6.5854814194524294e-06,20.401482066551388,0.010424229638644653,nan,nan
2000 GA175,104720,MBO,MBO,21163607165777217,745200693278671374,18.313889,2.4252071,1.6427797,270.9942188648321,-23.726575178803444,2025050100674,40,60797.29429340684,g,270.9942051275728,-23.72656842919263,125.05034637451172,28212.0,224.389,False,25962.5,0.292894,26154.8,223.021,False,-1612.34,3.59458,20.27391531206859,0.008635590155491056,20.36413372614211,1.2248651949043603e-05,20.356121459014254,0.009258031514191222,nan,nan
2000 GA175,104720,MBO,MBO,21163607165777217,745200693443297689,18.31375,2.425207,1.6427748,270.99421216474485,-23.72658280573588,2025050100675,98,60797.29479243902,g,270.9941978296974,-23.726575067777418,136.36703491210938,28869.4,210.857,False,26845.8,0.298813,27405.1,208.632,False,-1361.03,4.04466,20.248905590501447,0.007930025216922688,20.32780909243018,1.2085021391844556e-05,20.30542153764454,0.00826559009850229,nan,nan
2000 GA175,104720,MBO,MBO,21163607165777217,745200693971255863,18.313164,2.4252062,1.6427542,270.99418404054967,-23.72661469711311,2025050100679,81,60797.29688292678,g,270.9941711352689,-23.726610177121948,145.77626037597656,30647.6,209.151,False,27504.1,0.141552,29181.2,203.822,False,-1173.31,5.69717,20.18400883689543,0.007409481229068031,20.301506419512357,5.58782635253169e-06,20.237242161214027,0.007583544796314061,nan,nan
2000 GA175,104720,MBO,MBO,21163607165777217,745200694134833356,18.313026,2.4252062,1.6427493,270.99417745962654,-23.72662213115261,2025050100680,137,60797.29737012891,g,270.994163172742,-23.726614721384202,155.8094940185547,29145.5,186.045,False,26966.8,0.501472,28833.5,187.042,False,-921.359,6.21011,20.23857122456366,0.006930599585739953,20.322926433039303,2.019024453363474e-05,20.250256592223437,0.007043136604819937,nan,nan
2000 GA175,104720,MBO,MBO,21163607165777217,745200694785475074,18.31232,2.4252052,1.6427244,270.9941433526146,-23.72666049085204,2025050100685,98,60797.29989384275,g,270.9941282938632,-23.726656193359418,143.4468231201172,28762.0,200.545,False,26965.0,0.118473,27449.4,199.259,False,-1210.12,4.04385,20.252952295134925,0.0075703694178143625,20.322998938439547,4.77027355021126e-06,20.303667844782176,0.007881509623561203,nan,nan
2000 GA175,104720,MBO,MBO,21163607165777217,745200695053910685,18.312023,2.425205,1.642714,270.9941289688357,-23.726676584729155,2025050100687,98,60797.3009545994,g,270.99411467859545,-23.72667281196977,138.85044860839844,29594.2,212.039,False,28677.4,1.05369,28362.2,212.736,False,-1448.03,3.84355,20.221983517468466,0.007779173851248639,20.25615055015154,3.989306279362947e-05,20.268150241943786,0.008143767951728087,nan,nan
2000 GA175,104720,MBO,MBO,21163607165777217,745200695292985733,18.311733,2.4252045,1.6427038,270.9941149284641,-23.726692247601683,2025050100689,42,60797.30198891531,g,270.99410055618296,-23.72668537444048,158.3046875,28833.7,181.042,False,26158.9,0.0461048,27927.1,178.604,False,-747.532,15.3792,20.250249090592963,0.006817157263633561,20.355951289661554,1.913599187196364e-06,20.2849354148695,0.0069436796541048965,nan,nan
2000 GA175,104720,MBO,MBO,21163607165777217,745200695728668926,18.311296,2.425204,1.6426883,270.99409362253874,-23.72671592873824,2025050100692,105,60797.30355416398,g,270.99407876155965,-23.726712184170307,149.85870361328125,29829.5,197.232,False,26821.5,0.0740763,28772.3,194.088,False,-1054.0,4.34886,20.213385065476913,0.0071788637860260626,20.328792344407685,2.998613924483531e-06,20.252563520747884,0.007324001209634286,nan,nan
2000 GA175,104720,MBO,MBO,21163607165777217,745200695963550256,18.311005,2.4252038,1.6426781,270.9940794867594,-23.726731583474887,2025050100694,41,60797.30459107594,g,270.99406371283953,-23.72672558651742,154.07154846191406,29917.8,193.14,False,26842.6,0.156197,28656.4,188.226,False,-904.914,5.86451,20.210175835146543,0.007009174620071885,20.327938566513268,6.317895312602366e-06,20.256945908596606,0.007131523074703653,nan,nan
2000 GA175,104720,MBO,MBO,21163607165777217,745200696422302007,18.310555,2.4252033,1.6426622,270.9940574847864,-23.726755860944632,2025050100697,148,60797.306202946434,g,270.9940439247682,-23.72674804793559,155.08621215820312,28993.8,186.533,False,27861.4,0.35214,28286.0,185.218,False,-900.418,4.84926,20.244237123726414,0.006985135828829645,20.287492646320317,1.3722610923807084e-05,20.27107115740483,0.007109449582517083,nan,nan
2000 GA175,104720,MBO,MBO,21163607165777217,745200696824954908,18.310118,2.4252028,1.6426469,270.9940361869139,-23.726779260419637,2025050100700,148,60797.30775836383,g,270.99402312898866,-23.72677588150947,139.82066345214844,29985.0,212.328,False,29264.0,0.958403,28642.9,209.804,False,-1373.03,4.18159,20.207739867065506,0.007688250794222174,20.234165779669144,3.5558120092855406e-05,20.25745751829639,0.007952818901866006,nan,nan
2000 GA175,104720,MBO,MBO,21163607165777217,745200697305203058,18.30952,2.4252021,1.6426258,270.99400691857966,-23.72681125827931,2025050100704,40,60797.30989170977,g,270.99399403763806,-23.726803659127253,146.3270263671875,29521.0,200.608,False,26704.2,0.271559,28163.1,195.881,False,-1045.57,4.52091,20.224672338063705,0.007378048522056333,20.333551101819246,1.1041014022897974e-05,20.275798871945625,0.007551551245977026,nan,nan
2000 GA175,104720,MBO,MBO,21163607165777217,745200697469829794,18.30938,2.425202,1.6426209,270.99400003214214,-23.726818760733074,2025050100705,98,60797.31039287135,g,270.993985751975,-23.726811266932906,150.72230529785156,28836.1,190.273,False,27306.5,0.491679,27884.1,189.216,False,-963.094,4.90807,20.250158707374652,0.007164154731480992,20.30933490454788,1.954969349019499e-05,20.28660843629516,0.007367591864485216,nan,nan
2000 GA175,104720,MBO,MBO,21163607165777217,745205072723443781,18.066114,2.424913,1.6339924,270.9873056035636,-23.73949339654727,2025050200535,144,60798.19634901412,r,270.98728967813815,-23.739483836393447,156.60556030273438,53015.5,337.82,False,50725.7,0.168945,49121.6,318.819,False,-1926.45,7.83876,19.588992845793836,0.0069184184369393996,19.636929894509244,3.6161098905915107e-06,19.671818704707064,0.007046865743769068,nan,nan
2000 GA175,104720,MBO,MBO,21163607165777217,745205072960422485,18.065823,2.4249125,1.6339823,270.9872873411885,-23.73951103506987,2025050200537,84,60798.197381072954,r,270.987271206633,-23.73950811160446,142.5297088623047,52229.1,364.919,False,49656.2,0.00169983,49839.4,353.982,False,-2379.76,8.04346,19.60521861192506,0.007585919825212616,19.660066313116264,3.7166900869467143e-08,19.656068020650054,0.007711390575531587,nan,nan
2000 GA175,104720,MBO,MBO,21163607165777217,745205073374086373,18.065386,2.424912,1.6339672,270.9872601133452,-23.739537210501805,2025050200540,105,60798.198914899374,r,270.98724404459216,-23.73952706634463,157.51559448242188,54336.5,342.185,False,51163.0,0.272349,50712.9,317.019,False,-1862.05,10.001,19.562270848529252,0.006837441509380202,19.627609995254424,5.779551035021817e-06,19.637203917850403,0.006787208580458206,nan,nan
2000 GA175,104720,MBO,MBO,21163607165777217,745205073629938695,18.065105,2.4249117,1.6339574,270.98724244895794,-23.73955411479514,2025050200542,81,60798.199905881425,r,270.9872230911103,-23.739553195751586,158.22463989257812,53295.6,336.543,False,51427.6,0.589978,47239.6,304.943,False,-1716.4,9.35445,19.58327157855727,0.0068560426761333304,19.62200932367425,1.24555770260544e-05,19.71423443513664,0.007008688412146965,nan,nan
2000 GA175,104720,MBO,MBO,21163607165777217,745205073773069065,18.064968,2.4249115,1.6339526,270.9872338753195,-23.739562297803616,2025050200543,98,60798.200385421536,r,270.9872155320948,-23.739559359877198,158.43759155273438,52936.8,332.77,False,51339.3,0.6425,50645.3,317.117,False,-1796.7,9.93464,19.59060577172687,0.0068251276918321,19.62387512631145,1.3587748232279988e-05,19.63865211314579,0.006798368407421026,nan,nan
2000 GA175,104720,MBO,MBO,21163607165777217,745205074041504811,18.064672,2.4249113,1.6339424,270.98721520577965,-23.73958006807283,2025050200545,98,60798.201428851826,r,270.9871982364322,-23.739573302824102,156.2421875,53414.1,339.589,False,49866.5,0.280618,50881.2,326.654,False,-1933.29,10.2911,19.580860180354797,0.006902747581422946,19.655477781781588,6.109856021235397e-06,19.633606653385932,0.006970355861540093,nan,nan
2000 GA175,104720,MBO,MBO,21163607165777217,745205074444157779,18.064245,2.4249108,1.6339276,270.98718813505354,-23.73960571765192,2025050200548,98,60798.202935686815,r,270.9871718220802,-23.739598081434323,158.8325958251953,51009.9,319.666,False,47699.1,0.4426,48680.5,303.737,False,-1587.19,12.0692,19.63086385290881,0.00680403106244277,19.703724502615817,1.0074547346258275e-05,19.681612424393457,0.006774339973798036,nan,nan
2000 GA175,104720,MBO,MBO,21163607165777217,745205074714691518,18.06396,2.4249103,1.6339177,270.9871700194226,-23.73962280571654,2025050200550,102,60798.2039408542,r,270.98715314373015,-23.73961706410051,166.19805908203125,50031.3,299.955,False,45436.8,0.0753583,47267.5,287.802,False,-1392.46,12.0969,19.65189551399,0.006509364810304871,19.756480637562714,1.8007261680724393e-06,19.713593417815638,0.006610822517001696,nan,nan
2000 GA175,104720,MBO,MBO,21163607165777217,745205074950620334,18.063683,2.42491,1.6339082,270.9871524875246,-23.73963928541861,2025050200552,40,60798.204910136104,r,270.987132891267,-23.739634564704588,148.71653747558594,51969.9,347.463,False,47757.1,0.110485,48466.3,329.638,False,-1865.43,9.23588,19.610620329747565,0.007259070809063179,19.702405097368928,2.511826791453019e-06,19.686400316981494,0.007384510594476078,nan,nan
2000 GA175,104720,MBO,MBO,21163607165777217,745205075117344005,18.06353,2.4249098,1.6339028,270.9871426893881,-23.739648470981773,2025050200553,102,60798.20545123017,r,270.987127289386,-23.73963904356935,148.1175994873047,51065.4,344.475,False,47726.4,0.09196,47243.6,323.257,False,-1810.09,9.57547,19.62968318790666,0.007324117645309707,19.703103343569804,2.09201411586543e-06,19.71414250462036,0.007428980947161458,nan,nan
2000 GA175,104720,MBO,MBO,21163607165777217,745205075408847983,18.063234,2.4249096,1.6338925,270.9871238136302,-23.739666117497084,2025050200555,146,60798.206491122866,r,270.98711230967757,-23.739664845385885,140.6280517578125,49016.0,347.824,False,46497.5,0.222222,47199.0,334.6,False,-1986.44,8.79515,19.674155331690255,0.007704527404323286,19.73142599225857,5.188977284481033e-06,19.715168006544154,0.0076969287641449596,nan,nan
2000 GA175,104720,MBO,MBO,21163607165777217,745205075481198609,18.063082,2.4249094,1.6338873,270.98711408300204,-23.739675189347608,2025050200556,28,60798.20702649155,r,270.98708481259786,-23.73966426983285,137.24090576171875,59169.9,432.377,False,45189.1,0.297865,51659.6,398.739,False,-2166.57,10.7186,19.469747940423794,0.007933888527369504,19.762415732771096,7.156655190795931e-06,19.61712236938444,0.008380346930653922,nan,nan
2000 GA175,104720,MBO,MBO,21163607165777217,745205075647922379,18.062927,2.424909,1.6338819,270.98710421090885,-23.73968437576742,2025050200557,90,60798.207568407095,r,270.98708359216,-23.739675997213332,150.98095703125,48771.8,322.057,False,45591.1,0.103028,45529.0,302.448,False,-1516.06,9.23188,19.67957802208722,0.007169490293912659,19.75279978585089,2.4535759220517306e-06,19.754279721102534,0.0072125182089680905,nan,nan
2000 GA175,104720,MBO,MBO,21163607165777217,745205075810976612,18.062788,2.424909,1.6338772,270.9870952372234,-23.73969271112563,2025050200558,145,60798.20806020977,r,270.98707761536025,-23.73968946219453,149.49974060058594,49573.0,331.074,False,46017.8,0.131506,47577.1,318.535,False,-1670.15,10.0537,19.661886995453393,0.007251105114086531,19.742685350923644,3.1027302166522364e-06,19.706505047705395,0.007269147858963072,nan,nan
2000 GA175,104720,MBO,MBO,21163607165777217,745205076054770800,18.062492,2.4249086,1.6338669,270.98707630327044,-23.73971025153801,2025050200560,98,60798.20909645736,r,270.98706095258405,-23.739701599998632,154.27728271484375,50764.1,327.723,False,46179.2,0.114903,47862.0,310.114,False,-1541.37,11.7246,19.63610823919756,0.007009298038033449,19.738884005847527,2.70152693157376e-06,19.700022893912816,0.007034850450177849,nan,nan
2000 GA175,104720,MBO,MBO,21163607165777217,745205076292797952,18.062208,2.4249084,1.633857,270.987057941705,-23.73972720167756,2025050200562,40,60798.21009890037,r,270.987041419048,-23.739722432053874,154.46160888671875,49437.8,319.398,False,46294.7,0.584476,47142.9,309.745,False,-1447.28,12.4795,19.66485214221978,0.0070145107181203,19.736171833029513,1.3707546616056776e-05,19.716459299294,0.007133658866715931,nan,nan
2000 GA175,104720,MBO,MBO,21163607165777217,745205076457423650,18.062069,2.4249082,1.6338522,270.9870489634102,-23.739735468495866,2025050200563,98,60798.2105870055,r,270.9870327549035,-23.739727376042342,159.7138671875,48756.0,302.546,False,45272.5,0.0929623,46814.9,287.064,False,-1197.15,13.0739,19.679929829064907,0.006737327404561245,19.760413806492906,2.2294447456966e-06,19.72403978614343,0.006657619331641077,nan,nan
2000 GA175,104720,MBO,MBO,21163607165777217,745205076749975714,18.06175,2.424908,1.6338413,270.9870283567612,-23.739754389684062,2025050200565,144,60798.211707410024,r,270.9870102216678,-23.739745560496072,158.45701599121094,50524.4,316.292,False,45446.1,1.1797,47691.5,297.048,False,-1307.66,19.2938,19.6412471216385,0.006796907589465926,19.756258413256262,2.8183781999925522e-05,19.70389754464514,0.006762542018121094,nan,nan
2000 GA175,104720,MBO,MBO,21163607165777217,745205076986954296,18.061472,2.4249074,1.6338316,270.9870103326403,-23.73977088012713,2025050200567,84,60798.21268402504,r,270.9869970137679,-23.739765318075033,149.53175354003906,48975.1,324.786,False,44899.7,0.21668,46770.4,309.341,False,-1474.52,11.8368,19.675061636776782,0.0072002286756208435,19.76939142076979,5.239619208556135e-06,19.72507232579157,0.007181096125916384,nan,nan
2000 GA175,104720,MBO,MBO,21163607165777217,745205077400618060,18.06104,2.424907,1.6338167,270.9869823686445,-23.739796356181955,2025050200570,105,60798.2141952809,r,270.9869646483013,-23.739791652973125,146.54661560058594,47161.0,321.369,False,41714.9,0.136022,44179.5,298.972,False,-1282.46,11.1713,19.716042486790254,0.0073985272873427575,19.84927202361925,3.5403181407429885e-06,19.786948008874774,0.007347405655891622,nan,nan
2000 GA175,104720,MBO,MBO,21163607165777217,745205077656470261,18.060753,2.4249067,1.6338068,270.9869635055702,-23.739813467382497,2025050200572,81,60798.21521143279,r,270.9869472998933,-23.739806254144945,149.98281860351562,47147.9,312.54,False,42919.3,0.160801,46189.6,302.175,False,-1243.33,12.6658,19.716344151661172,0.007197266770277491,19.818368404866238,4.067807656780528e-06,19.738639460044702,0.0071029477051287775,nan,nan
2000 GA175,104720,MBO,MBO,21163607165777217,745205077799600979,18.060606,2.4249065,1.6338017,270.9869539257461,-23.739822135010712,2025050200573,98,60798.21572671798,r,270.9869374779217,-23.73981382239312,147.86842346191406,47747.7,321.345,False,42270.9,0.087509,45381.7,301.497,False,-1260.87,11.1097,19.702618876466282,0.0073070725448977246,19.834896303641198,2.2476855653301317e-06,19.757798117342404,0.007213176770240076,nan,nan
2000 GA175,104720,MBO,MBO,21163607165777217,745205078068036974,18.060324,2.4249063,1.6337919,270.98693545703577,-23.73983880273248,2025050200575,98,60798.21671767479,r,270.9869180334008,-23.739837720551126,159.0196533203125,46311.6,290.515,False,42462.4,0.0910653,43867.5,273.77,False,-926.51,14.4673,19.735775499592076,0.006810878025972973,19.829988697189457,2.3284811868897043e-06,19.794642788112444,0.006775904458844905,nan,nan
2000 GA175,104720,MBO,MBO,21163607165777217,745205078470689815,18.059898,2.4249058,1.6337774,270.9869075849633,-23.73986385219236,2025050200578,98,60798.21820840134,r,270.986890963992,-23.739857739611676,157.07064819335938,45485.5,287.571,False,41637.8,0.0671625,42880.7,269.395,False,-862.797,15.638,19.755317567346886,0.006864303168653013,19.851280542631812,1.7513114337319302e-06,19.819345353975663,0.006821061649681943,nan,nan
2000 GA175,104720,MBO,MBO,21163607165777217,745205078875440514,18.056585,2.424902,1.6336632,270.98668683982294,-23.740057997168364,2025050200581,102,60798.22983479421,r,270.98667526049616,-23.740052483786442,156.6998748779297,46102.3,294.024,False,47095.4,0.677166,45519.7,285.67,False,-727.055,12.6926,19.740693500426794,0.006924437222094833,19.717553811308832,1.5611368648628012e-05,19.754501540745373,0.00681380328770875,nan,nan
2000 GA175,104720,MBO,MBO,21163607165777217,745205078977152318,18.056446,2.4249017,1.6336584,270.9866774645882,-23.74006608303384,2025050200582,40,60798.23032175077,r,270.9866606719918,-23.740058378443493,159.87179565429688,48790.9,304.553,False,46878.3,0.323806,45640.7,285.425,False,-662.495,14.0205,19.67915296174659,0.006777170307674317,19.72257034692783,7.499586769375216e-06,19.75161927695146,0.006789910064790648,nan,nan
2000 GA175,104720,MBO,MBO,21163607165777217,745205079143876062,18.056303,2.4249017,1.6336534,270.9866677707863,-23.740074430524476,2025050200583,102,60798.230824741775,r,270.98665176806753,-23.740067248395277,164.93724060058594,50164.5,301.981,False,45857.2,0.0649093,48463.0,288.079,False,-622.372,14.4417,19.649008780248487,0.006535930614884561,19.746481184579228,1.5368225726811763e-06,19.686474263201667,0.00645395066336137,nan,nan
2000 GA175,104720,MBO,MBO,21163607165777217,745205079674454257,18.055735,2.424901,1.633634,270.9866293150614,-23.74010741511052,2025050200587,90,60798.2328141373,r,270.9866110715588,-23.74010254817889,177.13291931152344,52819.0,296.535,False,46885.2,0.0507435,51414.3,284.411,False,-510.708,15.6556,19.59302456341688,0.006095510885363914,19.722410585755018,1.1750842013604796e-06,19.62229016522825,0.0060060202453878185,nan,nan
2000 GA175,104720,MBO,MBO,21163607165777217,745205079837508404,18.055592,2.4249008,1.633629,270.98661962676766,-23.740115692539213,2025050200588,145,60798.233314468176,r,270.98660107190483,-23.740107831850246,173.1020050048828,50996.3,293.959,False,49805.4,0.925552,50095.6,284.326,False,-502.985,14.3546,19.631153315076617,0.006258531310985868,19.656808953113202,2.0176634637043673e-05,19.65050100973269,0.006162277931238954,nan,nan
2000 GA175,104720,MBO,MBO,21163607165777217,745205080081302877,18.055296,2.4249005,1.6336188,270.98659951959326,-23.740132830311744,2025050200590,98,60798.2343500782,r,270.9865841100126,-23.74012537474639,163.8387908935547,53814.0,328.237,False,49898.4,0.622263,52806.6,314.96,False,-623.321,16.2947,19.57276181400364,0.006622417848720584,19.654783483682927,1.3539782932545432e-05,19.593279452995517,0.006475771128129759,nan,nan
2000 GA175,104720,MBO,MBO,21163607165777217,745205080319329421,18.055006,2.4249,1.6336089,270.9865798354436,-23.740149554001345,2025050200592,40,60798.23536296813,r,270.98656418799084,-23.740142347271018,174.42372131347656,52255.0,296.311,False,48259.4,0.151492,49441.1,276.479,False,-372.296,16.4396,19.604680369811746,0.0061566469353068615,19.69104523989022,3.408255263238362e-06,19.664779654001897,0.0060715326906098386,nan,nan
2000 GA175,104720,MBO,MBO,21163607165777217,745205080483955470,18.054861,2.4249,1.6336039,270.98656991913737,-23.7401579590158,2025050200593,98,60798.23587132639,r,270.98655445757817,-23.740151282018825,174.63014221191406,52431.4,296.389,False,48259.6,0.00485092,51728.9,284.135,False,-378.778,15.1159,19.601021396837655,0.006137548983990877,19.691040670009336,1.0913515878444188e-07,19.615666924391412,0.005963700686852535,nan,nan
2000 GA175,104720,MBO,MBO,21163607165777217,745205080776507488,18.054544,2.4248996,1.6335931,270.9865482184595,-23.74017630628355,2025050200595,144,60798.236983230774,r,270.98653089027954,-23.740169627727884,177.32774353027344,55333.3,310.16,False,50420.6,1.03931,52029.2,285.915,False,-301.481,14.3341,19.542533555427674,0.006085882108771224,19.643479942775677,2.2380067604090748e-05,19.609382145694,0.00596642425642179,nan,nan
2000 GA175,104720,MBO,MBO,21163607165777217,745205081013486177,18.054255,2.4248993,1.6335831,270.9865284453022,-23.740192969221955,2025050200597,84,60798.237994368916,r,270.986510549994,-23.74018717363917,174.02200317382812,54897.0,315.211,False,51120.2,0.691112,53162.1,296.977,False,-307.858,13.0044,19.551128470343116,0.006234147462476653,19.628518655931103,1.4678450235417278e-05,19.585994648002867,0.006065197956261057,nan,nan
2000 GA175,104720,MBO,MBO,21163607165777217,745205081427149784,18.053818,2.4248989,1.633568,270.98649838451104,-23.74021820287953,2025050200600,105,60798.23952718892,r,270.9864817635244,-23.74021075181624,182.0443878173828,55215.0,302.313,False,49165.9,0.0849637,53181.9,281.392,False,-159.428,21.7937,19.544857308744128,0.005944619334339821,19.670840050774437,1.876263221461546e-06,19.585590409227255,0.005744764464037348,nan,nan
2000 GA175,104720,MBO,MBO,21163607165777217,745205081683002162,18.053526,2.4248984,1.6335582,270.98647839036994,-23.7402349211652,2025050200602,81,60798.240544627944,r,270.9864635844345,-23.74022731489462,185.34152221679688,54702.8,294.332,False,50820.4,0.269342,54241.8,283.941,False,-103.679,24.0982,19.554976093092268,0.005841874727621293,19.634904835889778,5.754271425573386e-06,19.564164751743622,0.005683532434631384,nan,nan
2000 GA175,104720,MBO,MBO,21163607165777217,745205081826132689,18.053383,2.4248984,1.6335531,270.9864684666115,-23.7402431998459,2025050200603,98,60798.24104826262,r,270.98645375248674,-23.740237190171488,179.84906005859375,56298.2,309.976,False,50642.6,0.0391557,55051.2,293.537,False,-84.3425,17.546,19.52376374119613,0.005978027446531948,19.638709980659172,8.394663594432554e-07,19.54808304012235,0.005789224196296503,nan,nan
2000 GA175,104720,MBO,MBO,21163607165777217,745205082094568645,18.053091,2.424898,1.6335433,270.98644839176114,-23.74025990829776,2025050200605,98,60798.24206623793,r,270.98643420209595,-23.740251805494353,181.2500457763672,54296.2,298.039,False,49624.4,0.0168629,53439.6,285.459,False,-40.2719,16.2676,19.56307642584815,0.0059597492822038405,19.66076186212662,3.689447656977051e-07,19.580341971384264,0.005799691209916327,nan,nan
2000 GA175,104720,MBO,MBO,21163607165777217,745205083302528273,18.050999,2.4248955,1.6334715,270.98630288953484,-23.740379510422606,2025050200614,98,60798.249385443574,i,270.9860663001065,-23.740547108917227,179.92483520507812,14252.8,287.408,False,59128.0,0.432995,19325.4,266.612,False,5425.59,28.3851,21.015249537333517,0.0218938920082486,19.4705170268238,7.950858117895154e-06,20.684678748616243,0.014978747898711352,22.063882601320355,0.005680254312200655
2000 GA175,104720,MBO,MBO,21163607165777217,745205083570963740,18.050714,2.4248953,1.6334617,270.98628291366066,-23.74039573051681,2025050200616,98,60798.25038252016,i,270.9860545548023,-23.740564102453607,170.58706665039062,17504.9,313.057,False,61271.7,3.2219,22939.7,287.545,False,6375.53,19.5774,20.792100890471445,0.019417267101789818,19.431850188549344,5.7092156865292574e-05,20.498530701973266,0.013609508503100833,21.888709302446728,0.0033339805344227307
2000 GA175,104720,MBO,MBO,21163607165777217,745205083830485011,18.050425,2.424895,1.6334518,270.98626264025484,-23.74041214424672,2025050200618,81,60798.251392176266,i,270.9860395312566,-23.74056650841209,177.13722229003906,15204.8,282.962,False,59251.5,1.64221,20149.3,259.087,False,5710.28,30.4443,20.94504823414521,0.02020559941688409,19.46825162665005,3.00921809592219e-05,20.639350050248073,0.013960789271685176,22.008356530535707,0.005788591742284737
2000 GA175,104720,MBO,MBO,21163607165777217,745205084244150158,18.04999,2.4248946,1.633437,270.9862320198868,-23.74043684447997,2025050200621,102,60798.252914809345,i,270.98602032678417,-23.740576091618298,179.7705078125,16598.8,271.899,False,60837.7,4.32128,21909.5,250.243,False,6146.35,22.3701,20.849808218589466,0.01778505434905245,19.439568046520275,7.711945405502141e-05,20.548418833564998,0.012400916542078444,21.92845676462886,0.003951617970234931
2000 GA175,104720,MBO,MBO,21163607165777217,745205084480079398,18.0497,2.424894,1.633427,270.98621153327366,-23.740453310013063,2025050200623,40,60798.253930714534,i,270.9860142937015,-23.740593031364835,168.55535888671875,19336.5,302.91,False,65205.9,15.439,25497.3,280.95,False,7228.79,17.9843,20.684055331351882,0.017008267150692716,19.364282791997173,0.0002570730839963427,20.38376448203821,0.011963525182427479,21.75233597299244,0.0027011721446758424
2000 GA175,104720,MBO,MBO,21163607165777217,745205084646802821,18.049553,2.4248939,1.633422,270.9862012156123,-23.74046158443598,2025050200624,102,60798.254441514364,i,270.9859996604914,-23.740600025370767,166.06396484375,20524.9,323.884,False,58959.1,5.25278,28434.2,296.71,False,8650.23,20.2527,20.61929735469388,0.017132974151645535,19.473622857539297,9.673033047901604e-05,20.265397495263766,0.01132962379414656,21.557430803600106,0.0025420236591709145
2000 GA175,104720,MBO,MBO,21163607165777217,745205084938306847,18.049261,2.4248936,1.6334121,270.9861806538361,-23.740478038413723,2025050200626,146,60798.25545830458,i,270.98598860156824,-23.740606864630983,168.73611450195312,21250.2,308.333,False,60204.9,10.4238,29434.9,286.543,False,8837.85,20.6638,20.581592485304967,0.01575365511908337,19.450920429752873,0.0001879830022720532,20.22784357381631,0.010569429636115912,21.534133482373967,0.0025385626599422426
2000 GA175,104720,MBO,MBO,21163607165777217,745205085010657426,18.049116,2.4248934,1.6334071,270.98617034922574,-23.740486266521817,2025050200627,28,60798.25596735461,i,270.98598304494936,-23.740612855896956,161.0438995361328,21935.8,325.93,False,58164.3,8.45144,29746.9,296.457,False,8998.56,18.1753,20.54711626688931,0.016132257800550755,19.488358720962793,0.00015776058703284698,20.21639570201327,0.010820424804684496,21.51456750993801,0.0021929711902859915
2000 GA175,104720,MBO,MBO,21163607165777217,745205085177381144,18.048971,2.4248934,1.6334022,270.9861601166618,-23.74049442537113,2025050200628,90,60798.256472027206,i,270.98598095735014,-23.74061577641451,173.25111389160156,22193.3,307.404,False,57984.7,7.61309,31551.1,289.895,False,9205.32,33.4939,20.53444525225285,0.015038756360071773,19.49171647822727,0.00014255152817956577,20.152463750640585,0.009975864202735427,21.48990273747326,0.003950491559091186
2000 GA175,104720,MBO,MBO,21163607165777217,745205085340435501,18.048828,2.4248931,1.6333972,270.98614995641515,-23.74050251504769,2025050200629,145,60798.25697328927,i,270.98597087916716,-23.740622329334148,169.2322998046875,23087.0,311.502,False,55900.2,7.82857,31603.0,284.609,False,9681.25,24.2671,20.49158124264128,0.014649327094415087,19.531466610898892,0.00015205244129416507,20.150679222124566,0.00977787884196468,21.435171412241793,0.0027215151330525498
2000 GA175,104720,MBO,MBO,21163607165777217,745205085584229995,18.048536,2.424893,1.6333873,270.9861292644472,-23.74051895492188,2025050200631,98,60798.25799239427,i,270.98595474631145,-23.740634735836988,160.2119903564453,24563.2,328.544,False,58812.9,10.714,34702.1,308.477,False,10851.5,19.348,20.42428767357426,0.014522217540606171,19.476318542551095,0.0001977895620428335,20.04911055874615,0.009651422277665873,21.31127556313391,0.001935845148208426
2000 GA175,104720,MBO,MBO,21163607165777217,745205085822256520,18.048246,2.4248924,1.6333774,270.98610865909666,-23.74053527935672,2025050200633,40,60798.259005206535,i,270.98594597123036,-23.740644518811674,162.33795166015625,23978.8,317.123,False,55076.9,16.2806,33013.5,288.22,False,10692.4,26.5802,20.450431351165157,0.014359012789186247,19.547576310716664,0.0003209410281982616,20.103271076321363,0.0094788765281097,21.32731196724496,0.0026990277793069993
2000 GA175,104720,MBO,MBO,21163607165777217,745205085986882436,18.0481,2.4248924,1.6333724,270.98609821091463,-23.740543539211657,2025050200634,98,60798.25951848018,i,270.98593666621525,-23.740655507800682,158.38868713378906,25039.7,328.547,False,54928.5,12.8573,35827.8,302.055,False,11699.7,25.2546,20.403427230629028,0.014245992596296404,19.550505651573566,0.00025414194622789345,20.014449623310703,0.009153563272788896,21.229563167256313,0.002343635620473072
2000 GA175,104720,MBO,MBO,21163607165777217,745205086279434540,18.04778,2.424892,1.6333615,270.9860753692741,-23.74056155576385,2025050200636,144,60798.26063821534,i,270.9859042328319,-23.740669602798796,155.18215942382812,27175.2,342.946,False,53173.4,13.501,41396.7,329.065,False,13993.0,24.337,20.31456815864817,0.013701791148575627,19.58576395503139,0.0002756740281833811,19.85758571532771,0.008630586341715705,21.035222914669063,0.00188834144924101
2000 GA175,104720,MBO,MBO,21163607165777217,745205086516412993,18.047495,2.4248917,1.6333518,270.9860551848871,-23.74057742992172,2025050200638,84,60798.26162603854,i,270.9858850455909,-23.740696328134128,140.98892211914062,26936.5,371.406,False,56588.0,11.3531,40221.4,346.371,False,14222.8,26.4755,20.324147087738517,0.014970354248923706,19.51818913785619,0.00021782836491945448,19.888857084277866,0.0093499368985964,21.017537257250954,0.0020210794920680233
2000 GA175,104720,MBO,MBO,21163607165777217,745205086678417442,18.047348,2.4248915,1.6333468,270.9860446713116,-23.740585681271877,2025050200639,137,60798.262140259765,i,270.98588983616503,-23.740680473527068,151.3048553466797,26701.4,344.687,False,52691.1,16.3051,38530.3,317.807,False,13438.7,25.7905,20.33366490220914,0.014015713125830427,19.595656804881635,0.00033597773268321797,19.93549400179093,0.008955408248863336,21.079106836632167,0.002083659868712342
2000 GA175,104720,MBO,MBO,21163607165777217,745205086930076984,18.047058,2.4248912,1.6333368,270.9860238435766,-23.740601993084315,2025050200641,105,60798.26315710985,i,270.9858752933506,-23.740693683166956,149.0428009033203,27665.9,337.89,False,50881.0,16.9561,41252.0,316.905,False,14015.2,30.2094,20.295137977611848,0.013260346381293956,19.633610904453835,0.000361821744170451,19.86138747730588,0.008340813309500471,21.03350173582264,0.002340276202916296
2000 GA175,104720,MBO,MBO,21163607165777217,745205087185929051,18.046774,2.4248908,1.6333271,270.9860035774599,-23.740617821523937,2025050200643,81,60798.26414586094,i,270.986007532115,-23.740599666682336,144.6807098388672,54760.8,374.778,False,50472.1,7.269,63234.3,362.299,False,8378.54,24.3359,19.553825524229737,0.007430681326352172,19.64237152923001,0.00015636790000904594,19.39761819831982,0.006220692702869738,21.592079126520257,0.003153576503751864
2000 GA175,104720,MBO,MBO,21163607165777217,745205087329060219,18.046637,2.4248908,1.6333225,270.98599367909446,-23.740625536954123,2025050200644,98,60798.26462777427,i,270.98599647328837,-23.7406046802012,147.78170776367188,54832.5,371.0,False,49688.6,6.57087,61650.5,346.827,False,8429.54,27.2931,19.55240488175978,0.007346156603570255,19.659358064698647,0.00014357883191360463,19.4251584920599,0.006108022257425623,21.585490305415277,0.0035153883913514265
2000 GA175,104720,MBO,MBO,21163607165777217,745205087597495873,18.046356,2.4248903,1.633313,270.9859735308045,-23.74064121067304,2025050200646,98,60798.265607206486,i,270.985978509104,-23.740623113703176,138.75270080566406,52055.9,372.406,False,48197.0,5.83824,59933.6,346.325,False,9754.48,21.7551,19.608825133984848,0.007767317356290543,19.692449983448185,0.00013151832477698114,19.455824059149304,0.006273903028743501,21.426989641292195,0.0024214821133225926
2000 GA175,104720,MBO,MBO,21163607165777217,745205088000148845,18.045925,2.4248898,1.6332982,270.98594257064,-23.740665214406302,2025050200649,98,60798.26711059436,i,270.98594392700505,-23.740650734784023,141.9304656982422,49309.7,341.794,False,45277.1,4.07637,59060.0,326.999,False,10482.4,78.6643,19.667669116468524,0.007525864751571437,19.7603034562998,9.775056446429081e-05,19.47176639342735,0.006011423053379723,21.348848139508085,0.008147816747659995
2000 GA175,104720,MBO,MBO,21163607165777217,745205088506611261,18.045343,2.424889,1.6332784,270.98590066336885,-23.740697551844345,2025050200653,40,60798.26913964303,i,270.98589259494133,-23.74068356434637,133.45108032226562,46368.9,347.635,False,42318.5,1.15421,55815.0,318.571,False,12182.3,60.3612,19.734433053240743,0.008139937088493292,19.833674336202733,2.9612759286650898e-05,19.53312267730696,0.0061969736473218425,21.185676791942168,0.0053796359918603315
2000 GA175,104720,MBO,MBO,21163607165777217,745205088673334993,18.045197,2.424889,1.6332735,270.9858901304832,-23.74070565200585,2025050200654,102,60798.269648646004,i,270.9858801466592,-23.740694559866967,132.43397521972656,46261.4,349.483,False,42701.7,0.868387,58433.9,331.016,False,12961.8,35.7883,19.7369531076581,0.0082022238998164,19.82388710713043,2.2079664401644327e-05,19.483337846546075,0.006150471825801903,21.118336726299695,0.0029977821849681003
2000 GA175,104720,MBO,MBO,21163607165777217,745205088964838983,18.044903,2.4248886,1.6332633,270.9858688544374,-23.74072198074849,2025050200656,146,60798.27067534243,i,270.98585862080836,-23.740712360360817,138.24537658691406,46869.8,338.314,False,41921.5,1.06974,58839.7,319.681,False,13079.9,77.1044,19.722767231080404,0.007837023994501636,19.8439079654623,2.7705485480142168e-05,19.475823889995997,0.005898895473918517,21.108488908371623,0.00640028110423099
2000 GA175,104720,MBO,MBO,21163607165777217,745205089203912941,18.044619,2.4248884,1.6332537,270.98584829401017,-23.74073771828742,2025050200658,90,60798.27166606662,i,270.9858306661861,-23.740735350087068,133.01565551757812,46760.2,350.694,False,42301.4,1.4167,60322.4,334.479,False,13560.2,46.8778,19.725309118058025,0.008142847533118322,19.834113187729617,3.6361977241934686e-05,19.448803497775103,0.006020250747302713,21.0693347468439,0.0037534051056083307
2000 GA175,104720,MBO,MBO,21163607165777217,745205089366967639,18.044476,2.4248881,1.6332488,270.985837909279,-23.74074565149005,2025050200659,145,60798.27216639025,i,270.9858168437899,-23.740741381940058,137.04180908203125,49028.2,354.668,False,42435.8,0.991652,61447.2,332.634,False,13815.6,72.3575,19.673885144700296,0.007854171550454857,19.830668995230234,2.5371796266082745e-05,19.428744768988672,0.005877449000785522,21.049075653924078,0.005686409397275374
2000 GA175,104720,MBO,MBO,21163607165777217,745205089610762184,18.044178,2.424888,1.6332388,270.9858163893372,-23.74076205820188,2025050200661,98,60798.273201278425,i,270.9857922346092,-23.74076155800634,132.65359497070312,46817.4,351.647,False,43725.7,2.51631,56790.5,320.353,False,12435.0,25.3812,19.72398180742021,0.008154999965455352,19.798158092449583,6.248153586513773e-05,19.514310769113457,0.006124595609423072,21.163385525985113,0.0022161068450646288
2000 GA175,104720,MBO,MBO,21163607165777217,745205089848788490,18.043884,2.4248874,1.6332287,270.9857949629747,-23.7407783496725,2025050200663,40,60798.274230302864,i,270.98576951510285,-23.74078012103627,133.5151824951172,47691.8,355.77,False,43433.6,4.06507,58637.9,333.889,False,12492.8,30.2467,19.703890697134305,0.008099345197936167,19.805435392409063,0.00010161703566912178,19.479554007639365,0.00618227108316511,21.158350548688006,0.00262870918363677
2000 GA175,104720,MBO,MBO,21163607165777217,745205090013414679,18.043745,2.4248874,1.633224,270.98578489507423,-23.740785989760397,2025050200664,98,60798.27471389872,i,270.98576025330004,-23.74078915675803,142.3009033203125,49702.3,348.162,False,42720.7,3.25992,60901.3,329.325,False,12032.6,72.6955,19.65905876692557,0.007605524669792409,19.82340411932845,8.285007279913889e-05,19.438433578102295,0.005871140423911449,21.199101336047793,0.006559525152296036
2000 GA175,104720,MBO,MBO,21163607165777217,745205090305966624,18.043432,2.424887,1.6332134,270.9857621916347,-23.740803183457245,2025050200666,144,60798.27580196324,i,270.98572779030127,-23.740810661999365,132.1713104248047,48292.7,362.228,False,45410.2,0.938157,59024.3,337.721,False,12139.5,17.9323,19.690296299863828,0.008143757894950964,19.75711648201184,2.2430886938549125e-05,19.472422872488544,0.0062122874979665885,21.189498001379416,0.0016038344215888083
2000 GA175,104720,MBO,MBO,21163607165777217,745205090440184100,18.042435,2.424886,1.6331794,270.9856893704378,-23.74085801037783,2025050200667,144,60798.27928058784,g,270.9856748928881,-23.740850017265092,127.92681884765625,26745.4,207.282,False,23807.1,0.0163652,26472.7,204.834,False,-241.597,4.55109,20.33187724034338,0.008414664435361194,20.458233777381324,7.463441887040327e-07,20.343004436882296,0.008400944970896676,nan,nan
2000 GA175,104720,MBO,MBO,21163607165777217,745205090677162105,18.042152,2.4248855,1.6331699,270.9856687550189,-23.74087344405084,2025050200669,84,60798.28026256796,g,270.9856539801236,-23.740866159983828,125.10061645507812,26265.8,208.941,False,23943.9,0.269594,26041.9,206.348,False,-243.499,5.54101,20.351523385155545,0.008636888858576532,20.452012757197547,1.2224741018590629e-05,20.360818316480113,0.008603039672162992,nan,nan
2000 GA175,104720,MBO,MBO,21163607165777217,745205090839167091,18.042013,2.4248855,1.6331651,270.985658563636,-23.74088105972782,2025050200670,137,60798.2807476119,g,270.98564160492145,-23.74087335153905,133.37667846679688,26053.6,195.416,False,23340.1,0.0206686,25803.1,193.055,False,-198.399,5.44349,20.36033066339769,0.008143605097480532,20.479743237081635,9.614632084166426e-07,20.370820302689662,0.00812331844741843,nan,nan
2000 GA175,104720,MBO,MBO,21163607165777217,745205091090826220,18.041727,2.424885,1.6331555,270.9856375515959,-23.74089673214784,2025050200672,105,60798.281746804816,g,270.9856221970158,-23.740891162082605,131.46815490722656,26037.4,197.406,False,23175.8,0.0753026,26446.5,199.184,False,-180.84,6.55737,20.361005946223997,0.00823165309834044,20.487413127438728,3.527764189833087e-06,20.34407948877564,0.008177312175060694,nan,nan
2000 GA175,104720,MBO,MBO,21163607165777217,745205091346677925,18.041443,2.4248848,1.6331458,270.9856167237796,-23.740912228677487,2025050200674,81,60798.28273546741,g,270.9855991958124,-23.740903609848043,127.93892669677734,25713.7,200.445,False,24134.4,0.352573,25424.4,197.75,False,-217.853,4.7507,20.37458860120456,0.008463597542442289,20.443408716453153,1.5861230140353355e-05,20.38687320172726,0.008444814083799995,nan,nan
2000 GA175,104720,MBO,MBO,21163607165777217,745205091489808942,18.041306,2.4248846,1.633141,270.985606563806,-23.740919774208244,2025050200675,98,60798.283217045726,g,270.9855906662438,-23.740914650791364,127.97344207763672,25684.5,199.651,False,23707.4,0.291105,25351.2,197.091,False,-205.805,4.98229,20.375822210663255,0.008439655047848101,20.46279016375801,1.3331838794166027e-05,20.390003729705587,0.008440974969133949,nan,nan
2000 GA175,104720,MBO,MBO,21163607165777217,745205091758244590,18.041014,2.4248843,1.6331311,270.98558510686365,-23.740935680170583,2025050200677,98,60798.28423487743,g,270.98556930282115,-23.740930243797806,126.23580932617188,25251.9,198.419,False,22377.5,0.0112693,25637.3,200.174,False,-202.444,5.2613,20.394264831179626,0.008531266778787235,20.525471085498992,5.46776327919258e-07,20.377819253413158,0.008477341531855441,nan,nan
2000 GA175,104720,MBO,MBO,21163607165777217,745205091997319997,18.04072,2.4248838,1.6331213,270.9855635387836,-23.74095162845336,2025050200679,42,60798.28525525569,g,270.98554703590685,-23.74094420414103,123.85987854003906,25099.1,201.915,False,23157.8,0.0549499,25154.0,201.602,False,-219.321,5.61052,20.400854644673277,0.008734433581528306,20.488256716195473,2.5762849661790514e-06,20.398482358548275,0.00870186037153657,nan,nan
2000 GA175,104720,MBO,MBO,21163607165777217,745205092160897789,18.040583,2.4248838,1.6331166,270.98555338986483,-23.740959119167755,2025050200680,98,60798.28573578752,g,270.98553607622813,-23.740952275418138,119.7138900756836,24849.1,205.302,False,22970.6,0.113557,24765.2,204.492,False,-226.821,4.98927,20.41172335754436,0.008970297513143512,20.49706917030106,5.367424100095047e-06,20.41539543517839,0.008965176124511205,nan,nan
2000 GA175,104720,MBO,MBO,21163607165777217,745205092433002607,18.040293,2.4248834,1.6331067,270.9855320582975,-23.740974835016,2025050200682,105,60798.2867433915,g,270.9855155506463,-23.74096993173318,118.1485366821289,24796.6,210.249,False,23450.5,0.136694,24764.5,210.2,False,-240.399,4.31846,20.414019676173965,0.009205897067466844,20.474619732593354,6.328804241846079e-06,20.415426090204527,0.009215681597720723,nan,nan
2000 GA175,104720,MBO,MBO,21163607165777217,745205092667359812,18.040003,2.4248831,1.6330969,270.9855106166467,-23.740990593256296,2025050200684,40,60798.2877551023,g,270.9854945234183,-23.740986273123752,115.55154418945312,24587.5,212.151,False,22757.7,0.106738,24917.2,213.723,False,-218.809,4.35155,20.423214067681517,0.009368175806240211,20.50717911701811,5.092312325279884e-06,20.40875193876021,0.00931271627569368,nan,nan
2000 GA175,104720,MBO,MBO,21163607165777217,745205092834083941,18.039854,2.424883,1.6330919,270.98549969547145,-23.740998604817204,2025050200685,102,60798.28827062243,g,270.98548285399124,-23.74098869355079,126.46043395996094,24899.4,196.429,False,22584.9,0.190877,24669.2,193.152,False,-185.99,5.9385,20.409527777860887,0.008565269626833547,20.51545455132159,9.176134138163372e-06,20.41961236953899,0.008500969558931435,nan,nan
2000 GA175,104720,MBO,MBO,21163607165777217,745205093364662348,18.039263,2.4248824,1.6330718,270.9854559253704,-23.741030614516166,2025050200689,90,60798.29033126807,g,270.98544265074787,-23.74102395364966,103.81108093261719,25139.2,240.709,False,22304.7,0.176703,24888.6,237.928,False,-179.898,3.49483,20.399121400994385,0.010395974567025651,20.52900907222582,8.601454305832653e-06,20.409998847171835,0.010379331943973332,nan,nan
2000 GA175,104720,MBO,MBO,21163607165777217,745205093527716368,18.039116,2.4248822,1.6330669,270.98544509997805,-23.741038507017237,2025050200690,145,60798.29084019125,g,270.98543808325996,-23.74103072714263,92.55744934082031,24980.1,267.482,False,23897.3,0.0101756,24356.2,272.256,False,-114.84,3.01573,20.406014585469592,0.011625849785664213,20.454127875454937,4.6231233889442505e-07,20.433476205852173,0.012136467044645207,nan,nan
2000 GA175,104720,MBO,MBO,21163607165777217,745205093771510495,18.038822,2.4248817,1.6330569,270.98542323932725,-23.74105441601167,2025050200692,98,60798.291867817105,g,270.98541248844157,-23.741044665815615,100.06056213378906,25236.9,250.094,False,22848.7,0.312788,25171.9,253.683,False,-172.83,3.29719,20.394909966072852,0.010759487093427457,20.502846298416323,1.4863221018969729e-05,20.397709988740694,0.010942074769862857,nan,nan
2000 GA175,104720,MBO,MBO,21163607165777217,745205094009537095,18.038528,2.4248815,1.6330469,270.98540146086486,-23.74107022689699,2025050200694,40,60798.29288904932,g,270.98538581133016,-23.74106458690015,112.08934020996094,25017.3,221.848,False,23349.9,0.215852,24444.2,220.349,False,-192.121,3.95132,20.404398874800542,0.009628073607099179,20.47928741942499,1.003680252343587e-05,20.429560463659854,0.00978722533640821,nan,nan
2000 GA175,104720,MBO,MBO,21163607165777217,745205094174163619,18.038383,2.4248812,1.6330421,270.98539075469193,-23.741077985535423,2025050200695,98,60798.2933918022,g,270.98537884362344,-23.741070469576552,114.80691528320312,24991.0,216.419,False,22360.8,0.0391974,24600.6,212.175,False,-185.683,4.24336,20.405540913726213,0.009402342867009316,20.526281619064797,1.9032429544545098e-06,20.422635768433697,0.009364246653165731,nan,nan
2000 GA175,104720,MBO,MBO,21163607165777217,745205094466716185,18.038067,2.424881,1.6330314,270.9853672536996,-23.741094984538208,2025050200697,144,60798.29449258432,g,270.98534570207903,-23.74108383958666,104.03290557861328,24661.1,236.574,False,23387.9,0.0709783,24371.4,235.307,False,-130.171,3.3079,20.41996890657326,0.010415470783521886,20.477521911241794,3.2950246689122235e-06,20.432798788399758,0.010482833668159773,nan,nan
2000 GA175,104720,MBO,MBO,21163607165777217,745205095084327095,18.034807,2.4248772,1.632921,270.98512351921056,-23.74126880048569,2025050200702,42,60798.30584145313,u,270.98512571284147,-23.741286738634308,16.025590896606445,5668.22,355.625,False,5527.57,2.6288,5736.98,362.969,False,-117.156,7.76548,22.016383213530723,0.06811925493049203,22.043664406775257,0.0005163540821530215,22.003291664028044,0.06869268839786298,nan,nan
2000 GA175,104720,MBO,MBO,21163607165777217,745205095247904925,18.034636,2.4248772,1.6329153,270.9851107144608,-23.74127781158672,2025050200703,98,60798.30643426111,u,270.9851145501139,-23.741271245655284,17.77045249938965,6348.4,356.605,False,6140.91,0.612412,6455.13,359.697,False,-113.497,8.41744,21.893339309270388,0.060988434437327314,21.929418141144108,0.00010827675987778139,21.875237537319897,0.06050010657028834,nan,nan
2000 GA175,104720,MBO,MBO,21163607165777217,745205095755415646,18.033905,2.4248762,1.6328906,270.9850557100225,-23.741316389145947,2025050200707,42,60798.30897818114,u,270.9850144251245,-23.741306621433527,18.38664436340332,6245.13,335.22,False,6337.35,1.76109,6182.13,337.271,False,-72.9984,10.321,21.911146312439108,0.05827909086183357,21.89523075061818,0.00030171588866437053,21.922154687280695,0.059233199271968164,nan,nan
2000 GA175,104720,MBO,MBO,21163607165777217,745205095918469250,18.033733,2.424876,1.6328847,270.98504276411154,-23.741325438316284,2025050200708,97,60798.30957648018,u,270.9850449186446,-23.74130950185871,19.376195907592773,6542.4,333.573,False,6519.68,2.72653,6361.82,335.83,False,-71.4624,9.83708,21.860657283180775,0.05535771067425278,21.864434270371177,0.00045405485178023924,21.89104658722899,0.05731422535370561,nan,nan
2000 GA175,104720,MBO,MBO,21163607165777217,745205096191098959,18.033354,2.4248757,1.632872,270.9850142530937,-23.74134532706525,2025050200710,105,60798.310892209374,u,270.98499554461824,-23.741339208859877,16.59697914123535,6084.01,359.9,False,6243.62,1.64467,6173.95,362.89,False,-105.819,8.56105,21.939525243798727,0.06422679589921748,21.911408821850817,0.00028600038772396536,21.92359219563343,0.0638169753212714,nan,nan
2000 GA175,104720,MBO,MBO,21163607165777217,745209472091685007,17.779709,2.4245846,1.6242422,270.9710296029301,-23.75442792343709,2025050300545,105,60799.21047262172,u,270.97100959263037,-23.75442791800668,17.730247497558594,6866.97,382.919,False,6345.74,10.7482,9087.08,382.163,False,2326.21,11.174,21.80808709083335,0.060543298670928954,21.893794274761152,0.001838983301750348,21.503939111987506,0.04566133406496102,22.983377722340798,0.005215357308133812
2000 GA175,104720,MBO,MBO,21163607165777217,745209472347537509,17.779371,2.4245842,1.6242311,270.97099912854264,-23.754447624238065,2025050300547,81,60799.21162771809,u,270.9709806600106,-23.75443195474706,17.822168350219727,7109.12,396.651,False,6687.05,1.33587,9401.76,397.25,False,2246.9,7.99814,21.77046036944734,0.060578291731576826,21.836913605481477,0.00021689721119424102,21.466977125316863,0.04587531675901047,23.021040686584648,0.003864822819102174
2000 GA175,104720,MBO,MBO,21163607165777217,745209472490668125,17.779202,2.424584,1.6242254,270.9709837753277,-23.75445752682815,2025050300548,98,60799.212208461075,u,270.9709860318221,-23.75444649082237,17.9420166015625,6557.54,367.389,False,6588.32,2.38572,9027.45,370.277,False,2260.49,9.41238,21.85814762252995,0.06082883891993029,21.85306331636272,0.0003931598136318806,21.511087247272396,0.04453341139952925,23.01449352935524,0.004520861415148964
2000 GA175,104720,MBO,MBO,21163607165777217,745209472759103599,17.778866,2.4245837,1.6242143,270.970953207064,-23.75447719768203,2025050300550,98,60799.213363683346,u,270.97093777827666,-23.754473384077077,18.13109588623047,6423.58,347.306,False,6061.11,3.35485,8044.0,346.076,False,1503.22,9.1767,21.88055714368285,0.05870288740523064,21.943619609813126,0.0006009596009796886,21.63631984518824,0.04671149062711932,23.457443657859976,0.006628088524466039
2000 GA175,104720,MBO,MBO,21163607165777217,745209473018626068,17.778522,2.4245832,1.6242028,270.9709220990145,-23.75449715451313,2025050300552,81,60799.21453612241,u,270.9708990071568,-23.75447732094446,17.432649612426758,5942.21,339.898,False,5443.34,0.653422,7225.89,344.55,False,1150.87,9.69148,21.96513001745273,0.062104768778599787,22.060336376379862,0.0001303324687791844,21.752771614455114,0.051770839165521935,23.74743433122103,0.0091429878388264
2000 GA175,104720,MBO,MBO,21163607165777217,745209473161756831,17.77835,2.424583,1.6241971,270.9709064547192,-23.754507167600003,2025050300553,98,60799.215125856645,u,270.9708958250292,-23.754488139197335,18.172176361083984,6167.5,337.718,False,5958.98,5.47721,7307.95,338.127,False,1152.06,9.75139,21.924727104595565,0.05945239490063611,21.96207018402427,0.000997956909783496,21.74051105271537,0.05023525493043509,23.746312199773403,0.009190004971605152
2000 GA175,104720,MBO,MBO,21163607165777217,745209473432289460,17.778015,2.4245827,1.624186,270.9708758639062,-23.754526702525094,2025050300555,102,60799.216275210085,u,270.9708732904468,-23.754521095558218,19.886058807373047,6778.79,338.271,False,6205.71,3.28434,7837.81,342.675,False,914.712,9.06013,21.822119543449105,0.05417973788274664,21.918021315236025,0.000574620271621332,21.664513163545706,0.04746920860935354,23.99678908810572,0.010754107913935596
2000 GA175,104720,MBO,MBO,21163607165777217,745209473668219001,17.777664,2.4245822,1.6241745,270.97084393201084,-23.75454703126919,2025050300557,40,60799.21747359655,u,270.9708444814431,-23.754533587865357,19.722394943237305,6448.01,324.254,False,6204.49,3.20771,7139.09,325.536,False,610.52,13.2118,21.876435783639455,0.054598910012331116,21.918234736659088,0.000561323618842744,21.765892881285282,0.049508584504613415,24.43575022639274,0.023495591823794612
2000 GA175,104720,MBO,MBO,21163607165777217,745209473834942610,17.777494,2.424582,1.6241689,270.9708283689559,-23.754556916134888,2025050300558,102,60799.21805664257,u,270.9708173239898,-23.754549237429128,19.322790145874023,6349.01,322.009,False,5939.44,0.440029,6969.21,322.751,False,465.808,8.97429,21.89323501230554,0.05506635607440107,21.965636262052122,8.043778807885981e-05,21.79204112830314,0.05028151762869966,24.72948260997584,0.020917869935532043
2000 GA175,104720,MBO,MBO,21163607165777217,745209474126446713,17.777157,2.4245818,1.6241577,270.97079749117484,-23.754576483798918,2025050300560,146,60799.219211773336,u,270.97080392030875,-23.75457514150878,17.201900482177734,6232.8,358.526,False,5846.54,2.01158,6956.59,359.058,False,481.077,9.18024,21.913292055670613,0.06245422150646459,21.98275267944586,0.00037356200585951174,21.794009004056342,0.05603927988760354,24.694463524260094,0.020718759516944102
2000 GA175,104720,MBO,MBO,21163607165777217,745209474198798372,17.776983,2.4245815,1.624152,270.9707815878113,-23.754586539091918,2025050300561,28,60799.219805694986,u,270.9707691044503,-23.75456284354073,15.220220565795898,6074.29,393.603,False,5772.09,1.87332,6431.09,395.546,False,390.804,10.809,21.941261187384082,0.07035374030664998,21.99666729411043,0.00035237347030660557,21.87928855796179,0.06677851070556257,24.92010253949809,0.03002969029578565
2000 GA175,104720,MBO,MBO,21163607165777217,745209474365521968,17.77681,2.4245813,1.6241461,270.9707656418672,-23.75459660577201,2025050300562,90,60799.22040050759,u,270.97075629685514,-23.754586130703167,17.643999099731445,5975.16,338.484,False,5817.66,8.38136,6630.6,340.704,False,357.138,9.39131,21.959126123839333,0.061505354411219515,21.98812913010815,0.0015641934749286853,21.846117910772836,0.055789019594868074,25.017909842983915,0.02855054622828238
2000 GA175,104720,MBO,MBO,21163607165777217,745209474528575597,17.776636,2.424581,1.6241404,270.9707497069612,-23.75460665000713,2025050300563,145,60799.220994663,u,270.97073019309767,-23.7545977469,18.34105110168457,6444.62,345.801,False,5984.63,1.15227,6661.67,348.047,False,229.848,8.45282,21.877006693399252,0.05825768671356489,21.957406758015495,0.00020904571161915427,21.841042224766436,0.05672560035370596,25.496398143150092,0.03992870169798783
2000 GA175,104720,MBO,MBO,21163607165777217,745209474772369522,17.776293,2.4245808,1.624129,270.9707182742576,-23.75462641784482,2025050300565,98,60799.22216487663,u,270.97068701206786,-23.75463359667412,19.001508712768555,6160.66,326.069,False,5858.75,2.2093,6488.42,328.236,False,97.6036,8.77485,21.92593186940428,0.05746541926277039,21.980487583679334,0.0004094247137875978,21.869652627320683,0.054925190567006774,26.426335413949175,0.09761086950463889
2000 GA175,104720,MBO,MBO,21163607165777217,745209475010396257,17.775953,2.4245803,1.6241179,270.9706870236755,-23.754646012195927,2025050300567,40,60799.22332541254,u,270.97066473122334,-23.75465342099385,18.48111915588379,6283.91,338.977,False,5830.62,1.55882,6667.47,344.075,False,66.5645,9.64091,21.904425082203883,0.05856856339379799,21.985713133192213,0.000290272267221639,21.840097289323147,0.05602945133134333,26.84189333255319,0.15725327115716445
2000 GA175,104720,MBO,MBO,21163607165777217,745209475175022653,17.775774,2.42458,1.6241119,270.9706705267149,-23.754656332370157,2025050300568,98,60799.223937647315,u,270.9706439879651,-23.75464818770428,18.29928207397461,6143.25,331.185,False,5982.23,4.48827,6379.96,332.788,False,35.5424,8.83177,21.92900452668919,0.05853246120898513,21.957842237485828,0.0008145920569599095,21.887955116989595,0.05663358018304728,27.523133113530857,0.2697896676171032
2000 GA175,104720,MBO,MBO,21163607165777217,745209475467575316,17.775396,2.4245799,1.6240994,270.9706355111039,-23.75467818391284,2025050300570,144,60799.22523476149,u,270.9706170304698,-23.754688885966093,15.954729080200195,5860.13,371.663,False,5991.06,1.21121,6288.07,375.213,False,5.57799,8.72229,21.980231895635807,0.06885990192058489,21.956240816787265,0.00021950281739887794,21.903706611082345,0.06478655036727218,29.53380566091618,1.6977631710152548
2000 GA175,104720,MBO,MBO,21163607165777217,745209475704553545,17.775051,2.4245794,1.624088,270.9706036721674,-23.754697990318046,2025050300572,84,60799.22641118686,u,270.9705859012003,-23.75470683480833,15.858996391296387,5508.19,344.353,False,5165.41,4.39024,5502.86,346.708,False,-36.2246,8.79502,22.047477730459384,0.06787647482172424,22.1172379697153,0.0009228004321631548,22.048528867153735,0.06840687313762259,nan,nan
2000 GA175,104720,MBO,MBO,21163607165777217,745209476118216811,17.77453,2.424579,1.6240708,270.97055538155075,-23.75472791808071,2025050300575,105,60799.22819260982,u,270.97055053602105,-23.754716015164338,16.9426212310791,5866.05,342.086,False,5629.26,4.67637,5748.06,342.543,False,-78.0244,10.505,21.979135635092923,0.06331605869654593,22.023871775234138,0.0009019488500204345,22.00119675697275,0.06470206159993294,nan,nan
2000 GA175,104720,MBO,MBO,21163607165777217,745209476374069333,17.774187,2.4245784,1.6240594,270.9705235300251,-23.75474758404528,2025050300577,81,60799.229364891,u,270.9705171201957,-23.75475042515239,15.313014030456543,5561.26,359.419,False,5390.01,6.584,5545.22,363.725,False,-100.347,7.97483,22.037067046544976,0.07017011330453217,22.071026119893446,0.001326247558553266,22.040203005575854,0.07121618121591336,nan,nan
2000 GA175,104720,MBO,MBO,21163607165777217,745209476517199953,17.774006,2.4245782,1.6240535,270.970506684056,-23.75475796166597,2025050300578,98,60799.22998395513,u,270.97049034723767,-23.754737409010332,17.68260383605957,5900.08,329.072,False,5633.31,3.58388,5906.92,332.273,False,-113.568,10.4787,21.972855234770993,0.060556021246076716,22.023090861113424,0.0006907392229809269,21.971597291716026,0.061074272525793935,nan,nan
2000 GA175,104720,MBO,MBO,21163607165777217,745209476785635440,17.773651,2.424578,1.6240418,270.9704737077908,-23.75477822924956,2025050300580,98,60799.23119399808,u,270.9704600523389,-23.754765859144694,16.18758773803711,5852.64,359.291,False,5674.8,3.79445,5754.17,361.306,False,-133.451,7.3497,21.981620446694734,0.06665286459813785,22.015123637210714,0.000725976586381074,22.00004329361725,0.06817369147198257,nan,nan
2000 GA175,104720,MBO,MBO,21163607165777217,745209477045157913,17.773308,2.4245775,1.6240305,270.97044168175285,-23.754797853942375,2025050300582,81,60799.23236617951,u,270.9704313733911,-23.7547818189994,16.486236572265625,5670.75,341.991,False,5326.57,2.94033,6060.52,346.407,False,-148.85,8.26289,22.015898746365202,0.06547846536800987,22.08388093896142,0.000599339325545222,21.94372527459933,0.06205847589289408,nan,nan
2000 GA175,104720,MBO,MBO,21163607165777217,745209477188288624,17.773132,2.4245772,1.6240246,270.9704252508385,-23.754807900001563,2025050300583,98,60799.232967845805,u,270.97043624147636,-23.754795593685763,17.450849533081055,5985.83,344.349,False,5710.47,1.72366,6024.69,346.528,False,-143.175,8.86662,21.957189039479665,0.06245953701196267,22.00832032338535,0.00032772083345774416,21.950163247484934,0.062449356839281454,nan,nan
2000 GA175,104720,MBO,MBO,21163607165777217,745209477458821293,17.77278,2.424577,1.6240131,270.9703922349297,-23.75482804078651,2025050300585,102,60799.234173184275,u,270.97037157532066,-23.754836298759958,15.998058319091797,5252.2,331.112,False,5256.13,2.12655,5232.82,332.416,False,-160.777,11.7621,22.099146821240044,0.06844755956191027,22.098334778953724,0.0004392723036509457,22.103160546437046,0.06897162183973173,nan,nan
2000 GA175,104720,MBO,MBO,21163607165777217,745209477694750864,17.772429,2.4245765,1.6240015,270.97035937939097,-23.75484802378082,2025050300587,40,60799.23537176185,u,270.97035158558543,-23.754848785116586,17.21833610534668,5961.28,340.601,False,5742.59,7.12159,5927.82,344.617,False,-162.903,8.20536,21.961651236569573,0.06203413775537728,22.002230503680344,0.001346460126545111,21.96776251296687,0.06311986017485718,nan,nan
2000 GA175,104720,MBO,MBO,21163607165777217,745209477861474470,17.772251,2.4245763,1.6239957,270.9703427924852,-23.754858089501475,2025050300588,102,60799.23597534599,u,270.97032261150343,-23.754843517174837,16.38597297668457,5461.51,330.941,False,5465.37,0.842922,5304.89,331.616,False,-161.36,9.94372,22.056718213639293,0.0657903493898745,22.05595105527866,0.00016745268544700458,22.088309014567237,0.06787086727190501,nan,nan
2000 GA175,104720,MBO,MBO,21163607165777217,745209478152978507,17.7719,2.4245758,1.6239841,270.9703097948977,-23.75487806929165,2025050300590,146,60799.23717577841,u,270.9702645951957,-23.754864042228846,17.3057804107666,5727.75,327.694,False,5479.1,0.645628,5837.23,331.769,False,-156.621,10.1354,22.005039865014254,0.06211675442312998,22.053226913421955,0.00012793737206328226,21.984482989064443,0.06170968586818666,nan,nan
2000 GA175,104720,MBO,MBO,21163607165777217,745209478225330212,17.771723,2.4245758,1.6239783,270.9702931368306,-23.75488813314608,2025050300591,28,60799.23778068028,u,270.97028858683626,-23.754889993876567,14.53636360168457,6334.43,432.287,False,6018.46,4.42595,5869.99,431.827,False,-146.873,7.83499,21.8957311167676,0.07409500459204767,21.951286560905107,0.0007984458219062182,21.97840655316741,0.07987239924868114,nan,nan
2000 GA175,104720,MBO,MBO,21163607165777217,745209478392053799,17.77155,2.4245756,1.6239725,270.97027682262865,-23.75489797471777,2025050300592,90,60799.238372862776,u,270.9702653542121,-23.754902819300252,16.568225860595703,5870.05,351.709,False,5627.63,4.51029,5764.85,353.632,False,-141.017,7.53364,21.978395534866827,0.06505280597513043,22.024186182294468,0.0008701683314844976,21.9980299527563,0.06660208792917731,nan,nan
2000 GA175,104720,MBO,MBO,21163607165777217,745209478555107408,17.771374,2.4245753,1.6239667,270.97026024626115,-23.7549079597658,2025050300593,145,60799.238973200016,u,270.9702224357826,-23.754917121863834,12.873373031616211,4840.47,375.088,False,5075.83,10.8658,4788.9,377.248,False,-130.463,6.79073,22.187781119756313,0.08413369306668143,22.136232312664703,0.0023242291738904287,22.19941060123044,0.08552941275676715,nan,nan
2000 GA175,104720,MBO,MBO,21163607165777217,745209478798901355,17.771023,2.4245749,1.6239551,270.9702272444358,-23.754927795157812,2025050300595,98,60799.240168812416,u,270.97019628299853,-23.75491881376403,15.043022155761719,5553.35,367.523,False,5406.67,2.18411,5705.75,372.347,False,-141.256,6.88042,22.038612366522315,0.07185447185884573,22.06767535841899,0.0004386003318749598,22.009218152674855,0.07085319234081262,nan,nan
2000 GA175,104720,MBO,MBO,21163607165777217,745209479036928137,17.770672,2.4245746,1.6239436,270.9701941038827,-23.7549476556472,2025050300597,40,60799.24136687386,u,270.9701641717997,-23.754960845190396,14.852375030517578,5644.78,375.38,False,5545.06,21.1615,5795.91,377.137,False,-103.939,7.48649,22.020882490395792,0.07220187099509168,22.040234364105082,0.004143473193219861,21.99219588812089,0.0706483152530172,nan,nan
2000 GA175,104720,MBO,MBO,21163607165777217,745209479201554500,17.770494,2.4245744,1.6239377,270.9701773465424,-23.7549576759148,2025050300598,98,60799.24197183933,u,270.9701480168732,-23.75492422160569,16.59660530090332,5517.67,332.82,False,5234.35,1.88323,5685.66,334.832,False,-112.014,8.49879,22.045610708625397,0.06549045824346365,22.102843082729372,0.0003906293853447092,22.013047756388914,0.06393966851978798,nan,nan
2000 GA175,104720,MBO,MBO,21163607165777217,745209479494107161,17.770113,2.424574,1.6239252,270.970141319266,-23.75497916902305,2025050300600,144,60799.243270881525,u,270.9701158029389,-23.75496022088446,13.880541801452637,4998.03,355.46,False,4919.15,19.9321,4873.96,357.542,False,-99.6979,7.78753,22.153002900190558,0.0772175834589846,22.170274857217866,0.004399337966494728,22.180295107049,0.07964699930867876,nan,nan
2000 GA175,104720,MBO,MBO,21163607165777217,745209479731085357,17.769762,2.4245737,1.6239136,270.97010800844924,-23.75499898141176,2025050300602,84,60799.244469248064,u,270.97012013169507,-23.755004108467013,14.190842628479004,5893.81,409.069,False,6261.02,7.16152,5543.35,410.707,False,-95.5437,6.01359,21.974009660964903,0.07535720007835588,21.90838726890406,0.0012418937370400457,22.04056923023776,0.0804422330156182,nan,nan
2000 GA175,104720,MBO,MBO,21163607165777217,745209482821238959,17.765661,2.4245691,1.623779,270.9697159509973,-23.755227983789947,2025050300625,90,60799.25844262299,g,270.9694544933939,-23.75535127505434,124.73865509033203,4747.94,129.308,False,20557.7,0.730239,8755.59,128.773,False,3896.3,24.4318,22.208736958118816,0.029569534880296802,20.617563731063758,3.8566907894857435e-05,21.54428647796134,0.015968484745906543,22.42336901517866,0.006808123191099573
2000 GA175,104720,MBO,MBO,21163607165777217,745209483630740105,17.764761,2.4245682,1.6237496,270.9696289948144,-23.755277772900005,2025050300631,98,60799.261509013304,g,270.96975520467623,-23.755193974531675,128.78909301757812,11625.0,155.153,False,21599.6,4.0672,19060.0,155.57,False,7152.59,23.6512,21.23651759609502,0.01449077240811199,20.563885748170208,0.00020444390504850793,20.69969275924423,0.008861909198656436,21.763841695778154,0.0035901629998704226
2000 GA175,104720,MBO,MBO,21163607165777217,745213853515645341,17.490765,2.4242642,1.6148044,270.94724325250684,-23.769267395952237,2025050400421,144,60800.20815890432,i,270.94702368798426,-23.769372477919063,159.35992431640625,10177.7,328.991,False,60523.2,144.49,40449.8,290.977,False,32046.8,20.2245,21.380875865735586,0.03509608555656799,19.44519530876326,0.002592031356812821,19.88270903246035,0.007810279566699664,20.135538298545356,0.0006852001463547068
2000 GA175,104720,MBO,MBO,21163607165777217,745213853752624093,17.49047,2.424264,1.614795,270.947209639731,-23.76928431508438,2025050400423,84,60800.209139272556,i,270.9470031253437,-23.769398517524536,140.678955078125,14914.3,364.857,False,59195.9,231.999,60425.2,340.134,False,46182.1,20.5413,20.96599282761175,0.02656098199818548,19.469270959023373,0.00425518849665798,19.446954772678883,0.006111619092029476,19.738815769916194,0.00048292373349715577
2000 GA175,104720,MBO,MBO,21163607165777217,745213853914628413,17.49032,2.4242637,1.6147902,270.94719225023096,-23.7692930535529,2025050400424,137,60800.20964617451,i,270.9469904177281,-23.769379317525665,172.85629272460938,10394.9,299.749,False,58416.9,149.286,37375.6,274.742,False,27463.8,29.6599,21.35794916987389,0.03130846104561658,19.48365376250223,0.002774628823081023,19.968529521540233,0.007981071305036863,20.3030983997129,0.0011725554025942802
2000 GA175,104720,MBO,MBO,21163607165777217,745213854166287882,17.490036,2.4242635,1.6147811,270.94715963390064,-23.769309416962106,2025050400426,105,60800.21059696556,i,270.94696674436665,-23.769392800527523,162.7676544189453,10600.7,308.157,False,56994.6,180.078,42440.4,288.717,False,32264.9,33.2912,21.33666361964058,0.031561804365189905,19.510415695145433,0.003430451342780228,19.830551368807317,0.007386134974413491,20.128174178311298,0.001120271853433967
2000 GA175,104720,MBO,MBO,21163607165777217,745213854422139998,17.489748,2.424263,1.614772,270.9471265970666,-23.769325955902296,2025050400428,81,60800.21155702423,i,270.9469400121806,-23.769405565647038,151.7781219482422,12193.9,317.231,False,53227.4,209.994,45071.3,297.39,False,33250.6,24.1941,21.184643392396815,0.028246021159705755,19.58466190012555,0.00428347240055649,19.765249769457178,0.007163918064057351,20.09550123282618,0.0007900130660566517
2000 GA175,104720,MBO,MBO,21163607165777217,745213855093227761,17.489021,2.4242623,1.6147488,270.94704283442127,-23.769367730617844,2025050400433,81,60800.213988995834,i,270.9468808738016,-23.76943478334376,142.00054931640625,13172.6,311.691,False,47110.9,192.38,46662.4,291.786,False,33954.3,66.3199,21.100821271669993,0.025690769003123382,19.7171965334647,0.004433664890724156,19.727582355808018,0.006789248870888312,20.07276302125928,0.002120671473887429
2000 GA175,104720,MBO,MBO,21163607165777217,745213855508463646,17.488583,2.4242618,1.6147349,270.9469923983426,-23.769392775620894,2025050400436,105,60800.215448670584,i,270.94683406093486,-23.769457316301985,135.94503784179688,12369.9,298.913,False,44617.0,230.0,44388.1,279.28,False,32353.7,63.3721,21.1690844938488,0.026236319600614486,19.776249086432948,0.005596954683066315,19.781833572363446,0.006831209158889984,20.125190140776994,0.002126662048057973
2000 GA175,104720,MBO,MBO,21163607165777217,745213855909545746,17.488142,2.4242613,1.6147208,270.94694138050227,-23.76941802703532,2025050400439,102,60800.21692262696,i,270.94678499003874,-23.769482275587645,124.79644012451172,13150.9,293.807,False,40737.3,171.775,42899.2,278.456,False,29693.0,70.1086,21.102611279286624,0.024256658864270825,19.875019375909837,0.004578171021860155,19.81887703632863,0.0070474451562282285,20.218364804289966,0.0025635483720896665
2000 GA175,104720,MBO,MBO,21163607165777217,745213856440123828,17.48755,2.4242609,1.6147021,270.9468729732801,-23.769451756288497,2025050400443,90,60800.218894994105,i,270.94670765381863,-23.769505802552143,106.65706634521484,17092.6,334.886,False,38305.9,161.611,51044.9,315.748,False,34383.9,32.0569,20.81797970128067,0.021272237584220602,19.941835867844585,0.00458067589398057,19.630119139875813,0.0067160290312954065,20.059112211653627,0.0010122568571473698
2000 GA175,104720,MBO,MBO,21163607165777217,745213856846972922,17.48711,2.4242604,1.614688,270.9468217631228,-23.769476910287533,2025050400446,98,60800.22036782186,i,270.94668751907636,-23.769530874148767,122.01348876953125,20646.1,286.77,False,38911.2,70.6563,47103.1,279.369,False,26180.7,73.7706,20.61290495422237,0.015080647938405444,19.924813460766273,0.0019715174099554523,19.71737623816869,0.006439512786563765,20.35504689687056,0.0030593304597525644
2000 GA175,104720,MBO,MBO,21163607165777217,745213857249625184,17.486666,2.42426,1.614674,270.9467702133513,-23.76950214880754,2025050400449,98,60800.22184746791,i,270.9466275988235,-23.769533282444375,118.12486267089844,25418.4,320.074,False,41312.3,147.728,53422.8,303.407,False,28472.4,68.9225,20.387129458941992,0.013671825536922673,19.859801543617838,0.0038824667611677796,19.58068336772613,0.006166280575119158,20.263939794333332,0.002628217263331352
2000 GA175,104720,MBO,MBO,21163607165777217,745213857542177312,17.48634,2.4242594,1.6146636,270.94673218648046,-23.769520714029508,2025050400451,144,60800.222937630184,i,270.9468421832102,-23.76944259651704,115.9433364868164,18593.4,323.718,False,42141.2,353.192,53043.6,310.912,False,34461.6,30.5923,20.726602946248114,0.018903069438566796,19.838232774413814,0.00909972505839823,19.588417489523962,0.0063639796538372375,20.056661357731183,0.0009638312394508306
2000 GA175,104720,MBO,MBO,21163607165777217,745213857779156210,17.486053,2.4242592,1.6146545,270.9466989668404,-23.769536896005214,2025050400453,84,60800.22388832219,i,270.9468311889779,-23.76944794619464,99.51704406738281,15810.8,361.841,False,41254.3,51.2958,55859.6,341.134,False,40679.3,43.8965,20.902615400758233,0.024847818113567195,19.861326923348685,0.0013500097044154527,19.532255415940593,0.006630579650220812,19.876566301458688,0.0011716036903103388
2000 GA175,104720,MBO,MBO,21163607165777217,745213857941160286,17.485899,2.424259,1.6146497,270.9466807511186,-23.76954575495716,2025050400454,137,60800.22440976929,i,270.94679711176747,-23.76946744192696,136.19271850585938,13764.5,279.666,False,43275.8,229.568,41376.3,257.655,False,28245.0,78.2251,21.053098899685867,0.022059899398487105,19.809387217836477,0.005759576417587204,19.858120849310108,0.006761004614466721,20.272646052319132,0.0030069683358516877
2000 GA175,104720,MBO,MBO,21163607165777217,745213858192819911,17.485598,2.4242587,1.6146401,270.9466457905191,-23.769562729275933,2025050400456,105,60800.225408649734,i,270.9467611539942,-23.76948233735243,144.34669494628906,13513.9,274.494,False,44950.9,248.453,40735.4,255.662,False,27873.9,76.3197,21.073048216332353,0.022053445133211547,19.768154058906457,0.006001090742083998,19.87507007862384,0.006814257452029671,20.287005640684864,0.002972783234411831
2000 GA175,104720,MBO,MBO,21163607165777217,745213858448671743,17.485304,2.4242585,1.6146308,270.9466114184518,-23.769579381775284,2025050400458,81,60800.22638905917,i,270.94674897203856,-23.7694917530708,131.6724853515625,12338.2,311.667,False,43729.2,209.295,45056.4,291.719,False,33068.6,77.9991,21.171870468312008,0.027426053386181676,19.79807118875896,0.005196508535408437,19.765608815886473,0.007029631407256244,20.10146042642387,0.002560932198989788
2000 GA175,104720,MBO,MBO,21163607165777217,745213858591802737,17.485153,2.4242582,1.614626,270.9465938136924,-23.76958789709728,2025050400459,98,60800.22689141979,i,270.94673233783607,-23.769502093259234,144.54698181152344,9367.84,281.349,False,46011.2,229.904,37354.7,265.786,False,28261.6,80.0024,21.470901356850916,0.032608456112324394,19.742841118245394,0.005425094503330255,19.969136890485046,0.007725226025543209,20.272008151701286,0.0030734815752411727
2000 GA175,104720,MBO,MBO,21163607165777217,745213858860238536,17.484861,2.424258,1.6146168,270.9465596259438,-23.769604406942385,2025050400461,98,60800.22786552283,i,270.9466983048544,-23.76951122178603,151.13995361328125,10746.1,291.849,False,48948.4,181.644,40445.0,281.798,False,29840.9,71.9482,21.3218728453011,0.029487073085170803,19.67565378371416,0.004029089212807894,19.882837900619243,0.007564798999497112,20.212970192544283,0.0026177749561188657
2000 GA175,104720,MBO,MBO,21163607165777217,745213859417554971,17.483215,2.424256,1.6145647,270.9463663299017,-23.769697100862103,2025050400465,137,60800.233351320014,u,270.94634939311726,-23.769692954355552,16.767709732055664,4636.23,278.424,False,4296.38,7.34296,5579.8,274.941,False,1225.07,57.7172,22.234587572425102,0.06520276831399553,22.317243314014227,0.0018556360494555134,22.03345345663419,0.05349894595849996,23.679597785554446,0.051152715978141194
2000 GA175,104720,MBO,MBO,21163607165777217,745213861943050272,17.479818,2.4242525,1.6144572,270.9459639794462,-23.769886599532445,2025050400484,90,60800.24466319744,u,270.9457235673062,-23.769990609398853,17.152223587036133,957.082,240.351,False,4447.85,0.852889,2562.88,240.608,False,1693.08,29.5675,23.94762716264389,0.2726598017911958,22.27962464464961,0.00020819327250142696,22.878179369687807,0.10193096460036564,23.328306329397776,0.01896100902275579
2000 GA175,104720,MBO,MBO,21163607165777217,745213862349897826,17.479284,2.424252,1.6144404,270.9459004408412,-23.76991611280672,2025050400487,98,60800.246437074595,u,270.94564034326567,-23.77000921916912,15.69528579711914,862.212,258.798,False,4342.97,4.26398,2519.51,255.435,False,1902.74,23.2226,24.06096487401756,0.3258901186026772,22.30553287281441,0.0010659887444735227,22.896709779738735,0.11007498431707696,23.201551385196037,0.013251216001785611
2000 GA175,104720,MBO,MBO,21163607165777217,745213862752550970,17.47875,2.4242513,1.6144235,270.94583667990736,-23.769945619265307,2025050400490,98,60800.24821428256,u,270.9460585089884,-23.76982959381901,14.101217269897461,460.414,246.747,False,3726.84,3.97199,2142.63,246.303,False,1654.61,23.3757,24.74212869421693,0.5818722800975435,22.47164810413407,0.0011571554893758877,23.072632105916732,0.12480927285965572,23.353260897728006,0.01533886778330945
2000 GA175,104720,MBO,MBO,21163607165777217,745213863282081844,17.478006,2.4242506,1.6144001,270.94574779360914,-23.769986570827257,2025050400494,84,60800.25068614685,u,270.9455518305317,-23.770066372071383,12.918496131896973,1066.52,268.071,False,3907.71,4.80234,2851.81,266.438,False,1995.42,17.6546,23.830077470108925,0.27290102431729835,22.42019419518694,0.0013343043600930287,22.762198508806783,0.10143781116422677,23.149914174045968,0.009606117075156628
2000 GA175,104720,MBO,MBO,21163607165777217,745213863444086809,17.477829,2.4242504,1.6143945,270.94572651094137,-23.769996344947423,2025050400495,137,60800.251277752366,u,270.9454677374502,-23.770104053714725,17.816884994506836,298.807,216.253,False,4094.83,1.6602,2315.39,220.636,False,1768.86,53.1025,25.211523057013547,0.7857704558807316,22.369410288277706,0.00044019879031408586,22.98843966718993,0.10346097465651859,23.280766356102966,0.03259461364079119
2000 GA175,104720,MBO,MBO,21163607165777217,745213864094728269,17.47696,2.4242494,1.6143671,270.9456223001376,-23.770044031829052,2025050400500,98,60800.25416605766,u,270.94536845088913,-23.77014576337927,15.099699974060059,470.958,225.23,False,3844.64,0.974295,2163.38,227.772,False,1664.86,47.6954,24.717544535725132,0.5192402649542919,22.43786083015717,0.0002751434222705617,23.06216803274379,0.1143120134567426,23.34655571191981,0.03110449124520896
2000 GA175,104720,MBO,MBO,21163607165777217,745213864765292599,17.476074,2.4242485,1.6143392,270.94551584983594,-23.770092451565443,2025050400505,97,60800.25710972361,u,270.945736695722,-23.769995897928403,16.279884338378906,665.269,236.117,False,4236.71,0.855627,2069.25,234.07,False,1685.74,44.1066,24.34250681249233,0.3853490651030631,22.33242816539042,0.00021927042931759968,23.110467590322784,0.12281661539200425,23.333023526108704,0.028407782118439185
2000 GA175,104720,MBO,MBO,21163607165777217,745213865037922321,17.475725,2.4242482,1.6143283,270.9454739577897,-23.7701114265791,2025050400507,105,60800.25826578949,u,270.9452458852729,-23.770170042626525,15.374947547912598,753.931,241.504,False,3950.19,4.57342,2656.53,248.092,False,1639.5,48.1949,24.20667095409772,0.3477899482571471,22.408455053008947,0.0012570351803518566,22.839213176202644,0.10139635478287366,23.363221447486538,0.0319164064479106
2000 GA175,104720,MBO,MBO,21163607165777217,745213865439002740,17.475191,2.4242475,1.6143115,270.945409585412,-23.770140497022336,2025050400510,102,60800.260039684974,u,270.9456612626152,-23.769997824656247,16.269062042236328,-355.548,209.704,False,3930.8,1.55444,1338.17,213.594,False,1657.32,42.7245,nan,nan,22.413797618063093,0.00042935580251325065,23.583721740981677,0.17330139290343413,23.35148410690169,0.027989487018218975
2000 GA175,104720,MBO,MBO,21163607165777217,745213865730506831,17.474834,2.4242473,1.6143003,270.9453664930829,-23.77015989894015,2025050400512,146,60800.261225728755,u,270.945582896205,-23.770045178354774,15.669722557067871,464.776,246.063,False,4229.46,0.495929,2315.79,252.292,False,1904.44,40.8411,24.73189076282086,0.5748134822658806,22.33428770505979,0.00012730894210162303,22.988252046094317,0.11828471581406212,23.200581796844855,0.023283831970395234
2000 GA175,104720,MBO,MBO,21163607165777217,745213866614456435,17.473583,2.4242458,1.6142609,270.94521510318646,-23.770227693616256,2025050400519,40,60800.26538259911,u,270.94539668887467,-23.770136308466505,17.659692764282227,1114.92,243.519,False,4853.84,2.63829,3103.16,244.152,False,1754.55,37.7561,23.7818906918948,0.23714471116920033,22.184786394136246,0.0005901486217433465,22.670489609414354,0.08542410496153968,23.289585597376256,0.023363918528932485
2000 GA175,104720,MBO,MBO,21163607165777217,745213867308613690,17.472658,2.4242449,1.614232,270.94510292501104,-23.77027756546087,2025050400524,84,60800.26845398351,u,270.9450881737497,-23.770277756321917,17.71337127685547,4982.86,278.3,False,4689.86,7.43675,6408.42,282.047,False,1455.14,61.0995,22.156303316619553,0.06063994991253814,22.222100335383367,0.001721660963378122,21.883122595392418,0.047785357372921784,23.492738041328117,0.04558869745613516
2000 GA175,104720,MBO,MBO,21163607165777217,745213867722276975,17.472136,2.4242444,1.6142156,270.94503960866933,-23.77030558013115,2025050400527,105,60800.27018310997,u,270.94530377787015,-23.77018947038037,18.655208587646484,0.72896,239.207,False,4832.01,4.20777,1636.84,239.595,False,1572.97,53.5401,31.743240788165885,356.28252455275293,22.18968049166228,0.0009454716177258257,23.364984448932965,0.15892632922975847,23.408198920845493,0.03695583905928927
2000 GA175,104720,MBO,MBO,21163607165777217,745213868628770918,17.470913,2.424243,1.6141772,270.9448907181125,-23.7703710817272,2025050400534,42,60800.27424206442,u,270.9451235940563,-23.77024900284643,19.63680076599121,440.322,244.263,False,5202.25,3.42203,2088.51,250.692,False,1546.92,43.1208,24.79057406015861,0.6022982920536843,22.109521952816905,0.0007141951721756577,23.10040859729167,0.1303251508627759,23.42633033302814,0.030265180117912998
2000 GA175,104720,MBO,MBO,21163607165777217,745213868816466377,17.470034,2.424242,1.6141496,270.9447833271876,-23.770418004080675,2025050400535,144,60800.27716282783,g,270.9445371710071,-23.770510737433245,165.65435791015625,4138.65,115.655,False,25494.4,0.0781005,8679.07,114.701,False,4550.25,30.155,22.357853274968736,0.03034101032919652,20.38388799465067,3.326085017298948e-06,21.553816983077006,0.014348889918864283,22.25491185416063,0.007195291687269331
2000 GA175,104720,MBO,MBO,21163607165777217,745213869053444243,17.469736,2.4242418,1.6141403,270.9447470498639,-23.770433794600635,2025050400537,84,60800.27814777821,g,270.9445198445384,-23.770518665893075,169.43055725097656,4108.18,107.304,False,25735.2,0.34636,8491.81,108.143,False,4334.03,35.5096,22.365876293631626,0.028358989542362018,20.373681163709488,1.4612499654607902e-05,21.57749938373618,0.013826825362373098,22.307770270908893,0.008895661076931474
2000 GA175,104720,MBO,MBO,21163607165777217,745213869463438047,17.46758,2.4242396,1.6140729,270.9444831633282,-23.770547761489727,2025050400540,98,60800.28529242659,g,270.9446368505489,-23.770465080276228,164.35716247558594,9677.0,106.653,False,23603.6,2.44582,12047.7,110.261,False,2290.91,49.1928,21.435648147374813,0.011966210944872649,20.467554402396807,0.00011250468019328933,21.197739620857575,0.009936698245726967,22.999979971748292,0.023314056212695954
2000 GA175,104720,MBO,MBO,21163607165777217,745213869731873659,17.467285,2.4242392,1.6140636,270.9444468719282,-23.770563313842317,2025050400542,98,60800.28627210597,g,270.9446159932834,-23.770474508801406,140.9431610107422,8565.38,113.393,False,23005.5,4.23738,11846.8,118.389,False,2838.46,21.2028,21.568133427236354,0.014373546147236852,20.49542080842339,0.00019998160915737448,21.215997376216222,0.010850122024344681,22.76729306878626,0.00811026004740249
2000 GA175,104720,MBO,MBO,21163607165777217,745213869970948953,17.466988,2.424239,1.6140543,270.9444102615903,-23.77057897370037,2025050400544,42,60800.28726024374,g,270.944593784868,-23.770486140429263,134.48843383789062,7698.9,119.513,False,23435.5,7.12597,10820.4,118.25,False,3100.94,24.1238,21.683928317092857,0.016854302980338874,20.475314440763256,0.0003301369076867573,21.31439167149742,0.011865393292089898,22.671266612597947,0.008446498111145628
2000 GA175,104720,MBO,MBO,21163607165777217,745213870134002270,17.466837,2.4242387,1.6140497,270.9443917626028,-23.77058687544212,2025050400545,97,60800.28775939335,g,270.9445809353361,-23.770490722711884,135.3919677734375,6922.25,116.174,False,22121.0,3.32933,10239.0,115.529,False,3394.5,24.3039,21.799381800072272,0.018221578498521084,20.53798811061258,0.00016340916248359618,21.374356142504244,0.012250612097915134,22.573060467473972,0.00777364085776668
2000 GA175,104720,MBO,MBO,21163607165777217,745213870406631664,17.466545,2.4242384,1.6140406,270.94435597191443,-23.77060214219755,2025050400547,105,60800.28872434353,g,270.94455768972165,-23.77051008073774,127.0448226928711,6841.5,122.995,False,20834.0,1.81325,11177.5,121.487,False,4354.24,23.8306,21.812121671758447,0.019519129940260126,20.6030683504363,9.449510964085967e-05,21.279138303649823,0.011800745585086668,22.30271903379012,0.00594219533380126
2000 GA175,104720,MBO,MBO,21163607165777217,745213870640988738,17.466246,2.4242382,1.6140312,270.9443192693643,-23.770617769230764,2025050400549,40,60800.28971380034,g,270.94451999156587,-23.770516331743192,125.82949829101562,5031.72,120.555,False,21431.9,0.267352,9973.67,120.819,False,4907.17,23.7778,22.145708788803447,0.026013157112715422,20.572348294680847,1.3544004804571596e-05,21.402862522086888,0.013152386615486072,22.17292225832111,0.005260958620361865
2000 GA175,104720,MBO,MBO,21163607165777217,745213871100264604,17.465805,2.4242377,1.6140175,270.9442648995599,-23.77064086550729,2025050400552,148,60800.29117727606,g,270.94449240162606,-23.77051674807832,124.17945098876953,2599.0,118.552,False,20668.0,3.3093,8162.03,117.988,False,5654.53,18.9301,22.862984301247465,0.04952527921010553,20.61175386781594,0.00017384491792109337,21.620504561794213,0.01569509614304752,22.019008759871312,0.003634801681829334
2000 GA175,104720,MBO,MBO,21163607165777217,745213871338291300,17.465511,2.4242373,1.6140083,270.9442288130804,-23.77065616029666,2025050400554,90,60800.292148353954,g,270.9440292567091,-23.77073192947451,122.7421875,7444.12,137.921,False,21043.8,1.18548,14197.5,137.012,False,6958.6,15.4383,21.72046656943793,0.020115987710858832,20.59218954565295,6.116378727701314e-05,21.019470306611254,0.010477822273595233,21.79369530291807,0.0024088065356272074
2000 GA175,104720,MBO,MBO,21163607165777217,745213871501345496,17.465364,2.4242373,1.6140038,270.9442107808697,-23.770663792689074,2025050400555,145,60800.292633740675,g,270.9444385902304,-23.770553521196167,129.59312438964844,736.385,114.266,False,21447.2,4.67398,7417.76,111.31,False,6665.45,22.2542,24.232237652003207,0.16847536311648348,20.57157353530195,0.00023661409169784195,21.72431809001275,0.01629242495301025,21.840426280765186,0.003624990048690196
2000 GA175,104720,MBO,MBO,21163607165777217,745213871983166159,17.464775,2.4242365,1.6139853,270.9441379699358,-23.77069454142123,2025050400559,40,60800.29459033977,g,270.9442701704051,-23.770624986385783,136.87953186035156,8583.04,133.79,False,22610.2,4.59937,16127.9,133.364,False,7472.42,24.1324,21.565897153820114,0.01692414795736731,20.514239027659084,0.00022086061616473175,20.881055418805587,0.00897811357841489,21.71634682594223,0.0035064170935648394
2000 GA175,104720,MBO,MBO,21163607165777217,745213872436675184,17.464306,2.424236,1.6139706,270.94408017136453,-23.770718871524785,2025050400562,137,60800.29614239233,g,270.9438995218356,-23.770783260395987,118.32090759277344,10789.8,150.938,False,21073.8,6.88803,17806.3,153.775,False,7024.14,7.4902,21.31746653299293,0.015188312858792422,20.590642824546194,0.00035487588047113306,20.7735657371585,0.009376404471145463,21.78351708130964,0.0011577760706616466
2000 GA175,104720,MBO,MBO,21163607165777217,745213872675750451,17.464016,2.4242358,1.6139616,270.94404432104574,-23.77073392785751,2025050400564,81,60800.297104254336,g,270.9442214792642,-23.770648276213368,108.56451416015625,8090.94,161.92,False,23424.4,10.4506,16307.0,157.165,False,8758.59,10.3896,21.630002556397706,0.021728304196982892,20.475828793029567,0.0004843920968896543,20.86906482199835,0.010464200854315492,21.54391452692461,0.001287920185459604
2000 GA175,104720,MBO,MBO,21163607165777217,745213872839328128,17.463852,2.4242356,1.6139566,270.9440241519155,-23.770742386821382,2025050400565,137,60800.297645860366,g,270.9441991102994,-23.77065581675495,119.7469711303711,6772.51,145.099,False,20820.3,5.511,15176.3,143.036,False,8304.0,20.9015,21.823125900157805,0.023261573916589555,20.603782501821925,0.00028738741371222247,20.94708525659076,0.010233018646085171,21.601781648739042,0.002732841527677619
2000 GA175,104720,MBO,MBO,21163607165777217,745213873107763406,17.463554,2.4242353,1.6139473,270.943987452722,-23.770757757157945,2025050400567,137,60800.29862960992,g,270.94417048019113,-23.770668029676074,124.53555297851562,5313.02,136.37,False,20904.4,3.96842,13097.9,134.848,False,7786.64,19.3186,22.086646369149253,0.02786773631515185,20.59940571244817,0.00020611245576622982,21.10699579174743,0.011178078867026047,21.671624739915806,0.0026937039277848953
2000 GA175,104720,MBO,MBO,21163607165777217,745213873326391937,17.463264,2.4242349,1.6139382,270.9439514815802,-23.770772795945817,2025050400569,42,60800.299593829004,g,270.9441447788271,-23.770678463865572,130.67196655273438,3336.64,118.848,False,21272.3,3.21272,10173.2,120.009,False,6927.91,24.2361,22.59172665530283,0.03867291051882558,20.580463837236348,0.00016397691842679556,21.381356022672847,0.012807977490962108,21.798494382621787,0.0037982609209611636
2000 GA175,104720,MBO,MBO,21163607165777217,745213873489969988,17.463114,2.4242349,1.6139334,270.9439328548219,-23.77078057309628,2025050400570,98,60800.300092807156,g,270.9441398556604,-23.770681803047065,113.39794158935547,5160.54,146.479,False,19845.3,6.33899,14035.3,146.676,False,8602.49,10.1627,22.118262120102223,0.030818006753962703,20.655855786028198,0.000346806090272073,21.031945765174353,0.01134649349986796,21.563439529304475,0.0012826531273042255
2000 GA175,104720,MBO,MBO,21163607165777217,745213873778851906,17.462814,2.4242344,1.6139243,270.9438960357163,-23.77079592542304,2025050400572,137,60800.301078521596,g,270.9441176019637,-23.77069187118747,100.88428497314453,5519.91,172.265,False,19942.3,8.84605,14562.8,168.82,False,9524.93,4.44741,22.04516997730852,0.03388358530404811,20.650561844379116,0.00048161328747401295,20.991887801768982,0.012586452914118746,21.452845553945416,0.0005069553612079428
2000 GA175,104720,MBO,MBO,21163607165777217,745213873997480218,17.462517,2.4242342,1.613915,270.94385916156466,-23.77081127341606,2025050400574,42,60800.302065948235,g,270.9440883309629,-23.770703418160583,125.898193359375,1966.18,127.156,False,21269.0,3.72508,9306.3,127.274,False,7277.26,17.2472,23.165941784987368,0.07021629106138176,20.58063232186886,0.0001901572352265607,21.47805740169038,0.0148486503634772,21.745080306078254,0.0025732088845326203
2000 GA175,104720,MBO,MBO,21163607165777217,745213874160534225,17.462368,2.424234,1.6139103,270.9438407366579,-23.770818932165987,2025050400575,97,60800.30255833615,g,270.9440750347989,-23.770706748433582,126.60205841064453,1482.47,124.364,False,21344.6,4.60667,8621.26,124.171,False,7220.28,14.9291,23.472535237641143,0.09108211182283027,20.57677996863755,0.0002343275764537834,21.5610731726526,0.015637731765618945,21.75361493308587,0.002244935777632704
2000 GA175,104720,MBO,MBO,21163607165777217,745213874433163828,17.462069,2.4242337,1.6139009,270.9438035748391,-23.77083435881585,2025050400577,105,60800.30355237564,g,270.94404659415386,-23.770721301966418,128.8085479736328,924.38,124.241,False,21514.1,4.3602,8341.38,124.359,False,7304.61,16.8313,23.985373643115857,0.14592802547331196,20.568192062352644,0.000220042995434422,21.59690524932877,0.016186898551979634,21.74100743657567,0.0025017561408087257
2000 GA175,104720,MBO,MBO,21163607165777217,745213874668044771,17.461771,2.4242334,1.6138917,270.94376669522154,-23.770849641294404,2025050400579,41,60800.30453856164,g,270.94402585765977,-23.770728780269486,130.16055297851562,699.128,131.665,False,22092.2,4.62162,8258.72,130.024,False,7582.9,8.48222,24.288608274597934,0.20447393325251656,20.539402622835354,0.00022713267712516,21.607718180362482,0.017093662361072178,21.700411692140506,0.0012145027811671333
2000 GA175,104720,MBO,MBO,21163607165777217,745433748120535306,4.141629,2.411746,1.4040533,261.9803717187439,-24.33902037757973,2025062300364,10,60850.10272036421,r,261.980358976082,-24.339014980231656,9.668288230895996,6612.04,667.455,False,5729.1,8.19049,117747.0,390.041,False,111952.0,523.941,21.849161313079946,0.10960007392887013,22.004783974451026,0.0015522003674752866,18.722625372918962,0.0035965385009440096,18.777420358579835,0.005081299932658282
2000 GA175,104720,MBO,MBO,21163607165777217,745468923835056299,7.9297137,2.4104087,1.4266121,260.1781421266113,-24.329218817478317,2025070100299,137,60858.08001940866,z,260.1781265403909,-24.329211084447575,48.20968246459961,112826.0,2277.39,False,97324.4,0.355332,113621.0,2176.26,False,3031.0,1199.2,18.76897702137402,0.02191555721839201,18.929445679943626,3.964029671317029e-06,18.761353481834306,0.020795841293157244,22.696035159080942,0.42956608503183297
2000 GA175,104720,MBO,MBO,21163607165777217,745473333021114848,8.440224,2.410237,1.4309824,259.9476335539239,-24.32626387745813,2025070200382,136,60859.19334772727,z,259.94761392734546,-24.326257322477492,85.2222900390625,107313.0,1256.89,False,97620.2,2.44198,133396.0,654.632,False,38604.6,192.779,18.82336915999005,0.012716548734102896,18.926150732531184,2.715980798719116e-05,18.587142982345014,0.00532817838517545,19.933402313832705,0.005421818614881046
2000 GA175,104720,MBO,MBO,21163607165777217,745482082947957800,9.248978,2.4099677,1.4386581,259.59295278309185,-24.320779751260737,2025070400038,145,60860.991433624746,z,259.59293909275607,-24.320774580557227,99.89215850830078,108453.0,1078.74,False,96252.5,0.535568,127484.0,748.366,False,25300.9,896.424,18.811896075343338,0.010799397553944028,18.94146995397451,6.041251567497046e-06,18.636360795873976,0.006373569160273182,20.39216005795749,0.03846819634008232
2000 GA175,104720,MBO,MBO,21163607165777217,745508474264225203,11.834935,2.4091375,1.4695213,258.53958120108297,-24.300843536175208,2025071000061,50,60867.00580381,z,258.53957099560324,-24.30084522767033,59.3826789855957,82650.5,1398.3,False,76520.8,0.430854,77591.2,1032.12,False,5601.18,710.693,19.106886286974103,0.01836873325784787,19.19055128987462,6.113289431679236e-06,19.17546878483238,0.014442488339151066,22.029301142382327,0.13776116620610557
2000 GA175,104720,MBO,MBO,21163607165777217,745508479767151956,11.844932,2.4091344,1.4696561,258.5356770735836,-24.300813135010923,2025071000102,50,60867.029606378564,z,258.53567741253124,-24.300801512960984,50.793212890625,69158.1,1359.54,False,64597.7,0.271221,72889.1,1067.95,False,12257.7,584.963,19.30039234229252,0.02134387452631917,19.374457375074027,4.558590718360833e-06,19.24334350722635,0.015907891605204352,21.178977512589828,0.05181359563440508
2000 GA175,104720,MBO,MBO,21163607165777217,745508479901369813,11.845126,2.4091344,1.4696587,258.5356009808687,-24.300812432365674,2025071000103,50,60867.03006913688,z,258.5355832073368,-24.30080486607813,51.23417663574219,74828.5,1444.65,False,66835.0,0.109529,75804.7,1153.89,False,9989.02,576.972,19.214832401216505,0.02096138282487372,19.33749011903042,1.779301332715624e-06,19.20075962187397,0.0165269450781547,21.401192844266085,0.06271279890257987
2000 GA175,104720,MBO,MBO,21163607165777217,745508485404297297,11.853728,2.4091318,1.4697751,258.5322340588134,-24.30077691109133,2025071000144,50,60867.050527253356,z,258.5322227277974,-24.300771459678064,59.406005859375,75932.8,1262.0,False,63743.1,0.506218,71622.3,931.113,False,3206.3,730.625,19.198926508042316,0.01804489162516127,19.388917021958505,8.62241111837645e-06,19.26237938898108,0.01411492109235528,22.63498959589907,0.24740854022421893
2000 GA175,104720,MBO,MBO,21163607165777217,745508485538514526,11.853921,2.4091318,1.4697777,258.53215858918463,-24.30077601353048,2025071000145,50,60867.050985048096,z,258.53215059510393,-24.30076824618614,56.36896514892578,75281.1,1321.75,False,66320.7,0.255481,67518.1,992.28,False,1523.82,726.826,19.208285086630827,0.01906284311538175,19.34587719522434,4.182479427641333e-06,19.32644944367081,0.015956526148306935,23.442665864893836,0.5178704298286622
2000 GA175,104720,MBO,MBO,21163607165777217,745512891106985349,12.236455,2.4090126,1.4752873,258.3901067114377,-24.297542413875703,2025071100201,61,60867.9862676499,r,258.3900893561503,-24.297538514970796,138.90609741210938,74523.3,530.801,False,69057.5,1.50909,66867.4,448.901,False,1520.38,55.3132,19.219269850926732,0.00773328495860833,19.301972869768658,2.372622222668858e-05,19.336963933147878,0.007288874406680752,23.445119626523557,0.039500352356462605
2000 GA175,104720,MBO,MBO,21163607165777217,745517297989320735,12.640808,2.4088876,1.4813805,258.2439740748463,-24.294311027218225,2025071200267,18,60868.98827403176,g,258.24396244828745,-24.29430700052521,136.37745666503906,44832.7,326.078,False,41211.5,0.136998,43576.2,286.886,False,-388.074,45.0453,19.771012782518813,0.00789679630103387,19.862453944769136,3.6092762007751253e-06,19.801876630629877,0.007147996098295927,nan,nan
2000 GA175,104720,MBO,MBO,21163607165777217,745517302448914920,12.647004,2.4088857,1.4814725,258.24169343194626,-24.294298450580214,2025071200300,76,60869.00349383231,g,258.2416771678977,-24.2942918564594,101.58810424804688,42846.4,417.632,False,37152.1,0.0170207,56001.9,356.28,False,16076.2,34.7724,19.82021419482202,0.010582877131868576,19.975041536778527,4.974144122499146e-07,19.52949312592398,0.0069073746515499945,20.884541485551498,0.0023484189697582187
2000 GA175,104720,MBO,MBO,21163607165777217,745517304431771686,12.650342,2.4088848,1.4815222,258.2404626806275,-24.29428991754759,2025071200315,18,60869.01168697384,r,258.2404484675288,-24.29428405391175,127.19269561767578,63070.7,493.149,False,59976.1,0.0493337,55290.9,424.83,False,-206.245,30.0264,19.400430885686134,0.008489357434730742,19.455054416836266,8.930787726302291e-07,19.5433658825741,0.008342300637596124,nan,nan
2000 GA175,104720,MBO,MBO,21163607165777217,745517308891367044,12.656678,2.4088829,1.4816166,258.23812358107995,-24.29427014398863,2025071200348,76,60869.02722469269,r,258.2381108914654,-24.294261812468964,127.76412200927734,66966.7,520.03,False,65820.6,4.22871,76837.5,440.423,False,17832.5,95.5199,19.335352703826665,0.008431286057417775,19.35409538205335,6.975420502029014e-05,19.186066934677715,0.006223305040044496,20.771969418268196,0.005815752751892554
2000 GA175,104720,MBO,MBO,21163607165777217,745543656933949502,14.930388,2.408203,1.5220821,257.51787698752213,-24.27851788625723,2025071800048,131,60874.99991651518,g,257.51784914674175,-24.278516874602104,31.254032135009766,8853.67,285.452,False,7579.67,2.71397,45198.6,203.547,False,37117.9,195.528,21.53219168301638,0.03500532201326444,21.700874266338584,0.0003887577505708078,19.762187504956323,0.004889495171292894,19.976041552229006,0.005719392461533709
2000 GA175,104720,MBO,MBO,21163607165777217,745548053457404687,15.278268,2.4081023,1.5293204,257.425690463742,-24.27674596112534,2025071900037,42,60875.9739337659,r,257.4256773548995,-24.2767402330275,210.52853393554688,65984.0,309.645,False,55228.7,0.0214191,55607.1,244.235,False,-992.425,110.48,19.35140340183149,0.005095065094478613,19.544587963585368,4.2107623709086654e-07,19.537174353218454,0.0047687215334130915,nan,nan
2000 GA175,104720,MBO,MBO,21163607165777217,745548056275976727,15.282418,2.408101,1.5294054,257.4245557071414,-24.27675255343875,2025071900058,42,60875.98544226595,i,257.42453978238126,-24.276746391539806,106.71512603759766,40232.2,377.736,False,35886.6,0.383425,58439.7,280.367,False,23070.8,193.369,19.888565567188394,0.010193865878257533,20.01266916780131,1.160038519348602e-05,19.48323006996778,0.0052088667696814205,20.492343327433453,0.009100149134267536
2000 GA175,104720,MBO,MBO,21163607165777217,745556879655044023,16.031723,2.4078884,1.5460527,257.2444587692925,-24.27410522295956,2025072100261,118,60878.145255418436,r,257.2444453932572,-24.27409924155766,142.88522338867188,40655.6,281.662,False,36458.3,0.0553887,56761.6,225.526,False,20134.9,115.577,19.877199021233547,0.007521979883896198,19.99550894113099,1.6494876577195988e-06,19.514863397908528,0.0043138624991924295,20.640126286374166,0.006232270072368391
2000 GA175,104720,MBO,MBO,21163607165777217,745561284548233021,16.387192,2.4077892,1.554528,257.1696074622429,-24.27326400449575,2025072200312,121,60879.20531477607,g,257.16959726999136,-24.273258858223205,105.27452850341797,31457.1,293.598,False,28853.7,0.299075,39650.0,261.075,False,7056.56,95.1626,20.155703306134306,0.01013348253512188,20.249496249398756,1.1253897153798882e-05,19.90439202086594,0.007149018736717387,21.778517394554427,0.014641904377812652
2000 GA175,104720,MBO,MBO,21163607165777217,745561284628447580,16.387342,2.4077892,1.5545316,257.1695753038405,-24.273262649587437,2025072200313,18,60879.2057589326,g,257.1695677161271,-24.27325369674689,63.41223907470703,32276.6,507.703,False,29585.7,1.43929,40195.4,486.96,False,8455.89,111.353,20.127780562869965,0.017078364456492332,20.222295405729433,5.281907658450914e-05,19.889559155074124,0.013153498000861498,21.582101733299403,0.014297724448761233
2000 GA175,104720,MBO,MBO,21163607165777217,745561290990683098,16.395414,2.4077868,1.5547293,257.1678537119482,-24.273185401589814,2025072200360,121,60879.22974241963,r,257.16784303023434,-24.27317960405576,121.98865509033203,65725.9,536.869,False,58536.0,0.0787637,58494.9,469.818,False,-300.66,16.7447,19.355658671525592,0.00886862172317168,19.481442394936657,1.460923223656782e-06,19.482205021848166,0.008720391323869968,nan,nan
2000 GA175,104720,MBO,MBO,21163607165777217,745561291070898484,16.395563,2.4077868,1.554733,257.16782228164465,-24.27318390811384,2025072200361,18,60879.23018438788,r,257.1678082274772,-24.273177825393756,97.98785400390625,66921.3,679.751,False,63771.4,1.47128,63351.9,637.685,False,-54.1756,14.9197,19.3360891284717,0.011028331486942674,19.388435148255148,2.504919100735324e-05,19.395600915701273,0.0109287599291679,nan,nan
2000 GA175,104720,MBO,MBO,21163607165777217,745565675853448210,16.710028,2.4077,1.5625689,257.1084606323875,-24.273021000141327,2025072300262,63,60880.19100354098,i,257.108474825881,-24.273016308676365,57.8350715637207,24959.8,428.359,False,22504.4,1.51734,61974.3,330.903,False,38856.3,236.589,20.406897213334318,0.01863335723520543,20.519331384886627,7.320483480751698e-05,19.41947091103963,0.005797134929616812,19.92634636927123,0.006610851848648247
2000 GA175,104720,MBO,MBO,21163607165777217,745565675993959849,16.710176,2.4076998,1.5625727,257.1084314056903,-24.273019891491423,2025072300263,75,60880.19145211986,i,257.1083811480787,-24.27301645745397,57.93994903564453,26166.0,447.892,False,23237.1,3.93321,61485.9,346.343,False,37473.7,249.605,20.355656657357322,0.018584902482841163,20.48454520084324,0.0001837763084413691,19.428061191578166,0.006115827041186545,19.965683583452286,0.007231876927012577
2000 GA175,104720,MBO,MBO,21163607165777217,745565682027463045,16.721281,2.407697,1.5628557,257.10626802999366,-24.272928323131037,2025072300308,63,60880.22513660317,z,257.106259013356,-24.272923754229453,60.26007843017578,51414.5,855.088,False,45229.6,2.34191,105498.0,654.762,False,62211.2,333.917,19.622285958254952,0.018057163127872092,19.76144309508191,5.621752708462836e-05,18.841889433787685,0.006738505325948636,19.415328567167922,0.00582766081275986
2000 GA175,104720,MBO,MBO,21163607165777217,745565682167973229,16.72143,2.407697,1.5628595,257.1062394770006,-24.272926994026182,2025072300309,75,60880.22558739535,z,257.10622874093497,-24.27291651263161,56.08694839477539,48628.2,866.372,False,48125.9,1.18905,125910.0,732.543,False,79907.3,235.824,19.68277953191137,0.019343744419364862,19.694052874471907,2.6825360811236823e-05,18.64984944017212,0.006316801596227122,19.143533901281597,0.0032042462995329514
