provid,permid,orbit_class,population,ssObjectId,diaSourceId,phaseAngle,helioRange,topoRange,ephRa,ephDec,visit,detector,midpointMjdTai,band,ra,dec,snr,psfFlux,psfFluxErr,psfFlux_flag,trailFlux,trailFluxErr,scienceFlux,scienceFluxErr,forced_PsfFlux_flag,templateFlux,templateFluxErr,psfMag,psfMagErr,trailMag,trailMagErr,scienceMag,scienceMagErr,templateMag,templateMagErr
2000 SH189,105899,MBO,MBO,21163607367170376,745262191830106219,16.423328,3.563357,3.333459,148.54211332802046,2.1201385179478067,2025051500122,18,60811.04208450287,i,148.54211613277675,2.1201413621486203,40.981380462646484,18756.1,452.423,False,17822.9,3.04418,18836.6,453.527,False,-22.791,10.7799,20.717143673719853,0.02618945546791564,20.772554050250314,0.00018544548174391894,20.71249373371061,0.026141166807922864,nan,nan
2000 SH189,105899,MBO,MBO,21163607367170376,745262191964848231,16.423344,3.5633566,3.333465,148.5421670277763,2.1201492261879604,2025051500123,19,60811.04255635306,i,148.5421722400231,2.1201521380328807,47.619834899902344,18329.6,384.315,False,17796.2,2.20822,18620.3,374.406,False,-34.1889,13.2872,20.74211755408903,0.022764529562823956,20.774181853016948,0.00013472227288914985,20.725033269908966,0.02183134207207573,nan,nan
2000 SH189,105899,MBO,MBO,21163607367170376,745262192099065949,16.42336,3.5633562,3.3334715,148.54222107238166,2.1201600019051714,2025051500124,19,60811.0430310299,i,148.5422165285685,2.1201605887671797,50.23589324951172,18011.5,354.222,False,17853.7,3.93454,17766.3,346.835,False,-39.8606,10.2102,20.761125293937283,0.021352559947108822,20.7706794651479,0.00023927100546096674,20.776007474033904,0.02119581965521919,nan,nan
2000 SH189,105899,MBO,MBO,21163607367170376,745262192234856469,16.423376,3.5633554,3.3334777,148.542275689607,2.120170890478573,2025051500125,22,60811.04351116055,i,148.54227839737607,2.120181837610487,49.28832244873047,17842.6,356.656,False,17438.3,0.524664,17927.4,354.92,False,-46.8943,11.6932,20.771354675101932,0.021702798173114147,20.79623958940307,3.266641003325109e-05,20.766206704686176,0.021495002062499158,nan,nan
2000 SH189,105899,MBO,MBO,21163607367170376,745262192369074284,16.423393,3.563355,3.3334842,148.542329627828,2.120181642383643,2025051500126,22,60811.043985125616,i,148.54232866908058,2.120177759391216,50.083351135253906,18274.7,364.148,False,17747.4,0.847123,18185.0,359.012,False,-51.1208,10.0444,20.745374405790113,0.0216347570972686,20.777163131689733,5.182461204959616e-05,20.75071673652317,0.021434826460581414,nan,nan
2000 SH189,105899,MBO,MBO,21163607367170376,745262192503291914,16.423409,3.5633545,3.3334904,148.5423834558183,2.1201923710244324,2025051500127,22,60811.04445870916,i,148.54237888590603,2.120197899959575,38.7314567565918,17552.5,449.905,False,17464.0,5.22544,17623.1,450.708,False,-49.1665,12.9628,20.789152545733216,0.027829548262432394,20.794640693247292,0.0003248654043342059,20.784794260119433,0.02776753310729291,nan,nan
2000 SH189,105899,MBO,MBO,21163607367170376,745262192637509670,16.423424,3.5633538,3.3334968,148.54243797039837,2.1202032351947766,2025051500128,22,60811.0449378077,i,148.54243510234647,2.1202140746018965,33.64900207519531,17661.8,524.419,False,17371.2,0.866668,17758.6,524.167,False,-56.6547,9.13965,20.78241254556981,0.03223797554433949,20.80042549762029,5.4168557850531055e-05,20.776478210962807,0.032046844530280484,nan,nan
2000 SH189,105899,MBO,MBO,21163607367170376,745262192771203127,16.42344,3.5633533,3.3335032,148.54249214724862,2.120214030744005,2025051500129,21,60811.04541385244,i,148.54249375990202,2.120220848000066,47.960514068603516,18350.2,377.7,False,17475.1,1.59491,18501.4,377.511,False,-55.3879,11.3701,20.74089804118175,0.022347581783839388,20.793950850160478,9.909251431064642e-05,20.73198849535687,0.022153855216175362,nan,nan
2000 SH189,105899,MBO,MBO,21163607367170376,745262192906469443,16.423456,3.5633526,3.3335094,148.5425464416851,2.1202248484058237,2025051500130,23,60811.04589065211,i,148.54253969426065,2.120221738630874,38.4258918762207,18550.6,481.011,False,16912.9,2.29128,18827.6,480.086,False,-71.6504,10.3954,20.72910512040074,0.02815278501719861,20.829454772307933,0.00014709042373930935,20.713012615100972,0.0276852472339346,nan,nan
2000 SH189,105899,MBO,MBO,21163607367170376,745262193040162891,16.423471,3.563352,3.333516,148.54260028453203,2.1202355747874533,2025051500131,22,60811.046363020694,i,148.54259906371797,2.1202303259585276,41.979393005371094,18203.7,433.895,False,16977.3,0.283444,18303.9,435.093,False,-82.4263,11.0479,20.749600872476336,0.025879108030418402,20.825328392561147,1.812687441150784e-05,20.743640890751276,0.025808499740850355,nan,nan
2000 SH189,105899,MBO,MBO,21163607367170376,745262193175953449,16.423487,3.5633516,3.333522,148.54265458641888,2.120246391298747,2025051500132,25,60811.04684006958,i,148.54265766457536,2.1202464405084873,40.54072189331055,18221.2,444.411,False,17305.9,0.476583,18239.7,445.445,False,-87.886,10.5801,20.748557608892348,0.026480865411944495,20.80451450081954,2.989982666796774e-05,20.747455819173908,0.026515556308268927,nan,nan
2000 SH189,105899,MBO,MBO,21163607367170376,745262193310695476,16.423504,3.563351,3.3335285,148.54270900602845,2.1202572299282894,2025051500133,26,60811.04731837158,i,148.5427076742923,2.1202667298907487,28.879114151000977,16416.8,566.566,False,16534.9,7.35715,16543.8,568.805,False,-85.654,11.6958,20.86177867992032,0.03747022358286408,20.85399604253675,0.00048309478827323845,20.853411770710537,0.037329521925530365,nan,nan
2000 SH189,105899,MBO,MBO,21163607367170376,745262193444913217,16.42352,3.5633504,3.3335347,148.54276286007232,2.1202679546014083,2025051500134,26,60811.04779119583,i,148.5427563287244,2.120264989587153,39.20364761352539,17531.1,443.761,False,16800.3,0.410235,17597.8,444.258,False,-77.9047,11.4917,20.79047710661283,0.027483009043994557,20.83670735722287,2.6511845498641678e-05,20.78635400777225,0.027409503953247587,nan,nan
2000 SH189,105899,MBO,MBO,21163607367170376,745262193577558066,16.423536,3.5633497,3.3335414,148.54281945078998,2.120279222853805,2025051500135,23,60811.048288111924,i,148.5428162805276,2.120279066244105,45.640106201171875,17831.6,387.319,False,17085.8,1.17482,17764.8,386.049,False,-57.7227,10.1277,20.77202424015973,0.023583204567620152,20.818411654435774,7.465523952250584e-05,20.77609914607538,0.023594263367500864,nan,nan
2000 SH189,105899,MBO,MBO,21163607367170376,745262193711775797,16.423552,3.5633492,3.3335476,148.5428735403584,2.1202899917274163,2025051500136,23,60811.048763050516,i,148.5428784421518,2.120296894812684,39.21973419189453,17859.7,452.128,False,17278.1,0.752287,18130.9,451.032,False,-34.1994,10.2434,20.77031464871626,0.027486002014903643,20.80626006646986,4.727286095293475e-05,20.753951570156936,0.02700923701541667,nan,nan
2000 SH189,105899,MBO,MBO,21163607367170376,745262193980211260,16.423584,3.563348,3.3335602,148.5429817309058,2.1203115277669693,2025051500138,23,60811.04971380338,i,148.54299095225144,2.1203136221597627,37.33586883544922,18177.3,481.885,False,17611.8,1.55633,18359.4,483.732,False,-18.7424,9.99953,20.75117651604705,0.02878315146616531,20.785490589443548,9.594497525724673e-05,20.740353766891296,0.028606889593009697,nan,nan
2000 SH189,105899,MBO,MBO,21163607367170376,745262194249695267,16.423615,3.5633469,3.3335729,148.54308970901468,2.1203330162132143,2025051500140,25,60811.050661436646,i,148.54308562411975,2.1203283155415544,28.513370513916016,17628.9,609.423,False,16661.8,1.89801,17714.7,612.156,False,-3.7962,11.6879,20.784436940348876,0.037533400939537845,20.845695156318264,0.00012368040032788711,20.779165543092194,0.0375191207208401,nan,nan
2000 SH189,105899,MBO,MBO,21163607367170376,745262194517082184,16.423647,3.563346,3.3335855,148.54319793045937,2.12035454774904,2025051500142,23,60811.05161158222,i,148.54319777923882,2.1203566289800286,34.98173141479492,17742.5,505.298,False,16184.3,2.20269,17604.7,502.262,False,-5.22137,17.5625,20.777462965247686,0.030921253335105123,20.877265212778706,0.00014776914577998695,20.78592847643522,0.030976049277597097,nan,nan
2000 SH189,105899,MBO,MBO,21163607367170376,745262195456081927,16.42392,3.5633361,3.3336952,148.54413647736274,2.120541052611617,2025051500149,22,60811.059844654694,z,148.54413188474817,2.1205489369778507,16.764612197875977,18435.8,1075.22,False,18960.5,19.2229,18435.8,1073.29,False,-49.2478,27.4852,20.73584498385839,0.06332273081724007,20.70537553558853,0.0011007620534564358,20.73584498385839,0.06320907171016912,nan,nan
2000 SH189,105899,MBO,MBO,21163607367170376,745262195590299656,16.423937,3.5633354,3.3337016,148.54419100602874,2.1205518757361737,2025051500150,22,60811.060322134006,z,148.54420743454506,2.120530464908509,9.528541564941406,15586.1,1638.64,False,15169.4,131.412,15812.7,1679.47,False,-106.254,45.8186,20.91815638137649,0.11414855769297517,20.947578963687327,0.009405696022837726,20.902484907744668,0.11531625399038443,nan,nan
2000 SH189,105899,MBO,MBO,21163607367170376,745262195725041721,16.423952,3.563335,3.3337078,148.54424531072465,2.1205626530145514,2025051500151,23,60811.060798141785,z,148.54422926257558,2.1205518873823332,18.82324981689453,19381.8,1000.79,False,19031.2,14.088,19682.9,1005.4,False,-120.592,30.193,20.68151468675964,0.056062588031270726,20.701334611300805,0.0008037250727016491,20.664777263385574,0.05545926591646958,nan,nan
2000 SH189,105899,MBO,MBO,21163607367170376,745262195860307994,16.423967,3.5633342,3.3337142,148.54429961961097,2.1205734297333727,2025051500152,25,60811.06127419097,z,148.54428564370093,2.1205687889321037,21.51004409790039,19071.7,861.473,False,18237.1,29.0677,19058.1,862.293,False,-158.704,31.3764,20.69902652794465,0.04904295307828144,20.747610574531407,0.0017305303112196099,20.699801018728706,0.0491246651417322,nan,nan
2000 SH189,105899,MBO,MBO,21163607367170376,745262196127170631,16.424,3.5633333,3.333727,148.54440767944985,2.12059486831267,2025051500154,22,60811.06222199426,z,148.54441833942644,2.1206004984579647,23.404953002929688,19710.7,836.575,False,19779.2,0.515703,19602.0,833.371,False,-150.676,35.4076,20.663244923134656,0.04608156051029984,20.65947823810569,2.8308397939536446e-05,20.669249037852296,0.04615962840256598,nan,nan
2000 SH189,105899,MBO,MBO,21163607367170376,745262196262961153,16.424015,3.5633326,3.3337333,148.5444620009982,2.1206056433720453,2025051500155,25,60811.062697028916,z,148.5444515129998,2.120601245055101,21.770830154418945,19124.3,872.051,False,18666.2,0.300957,19175.4,875.457,False,-166.237,35.2272,20.6960360861739,0.04950860067999655,20.722360258470175,1.7505433267484413e-05,20.69313889757084,0.049569516615404256,nan,nan
2000 SH189,105899,MBO,MBO,21163607367170376,745262196397703173,16.42403,3.563332,3.3337395,148.54451621257704,2.120616395222456,2025051500156,26,60811.06317210624,z,148.5445193664166,2.1206296234452204,19.7854061126709,17434.7,874.62,False,17548.7,5.48525,17342.4,872.47,False,-179.49,27.5529,20.796463851543628,0.05446647413812923,20.78938767421415,0.0003393718496607744,20.80222697818555,0.05462174862879571,nan,nan
2000 SH189,105899,MBO,MBO,21163607367170376,745262196531920913,16.424046,3.5633314,3.333746,148.54457065673796,2.120627191796141,2025051500157,26,60811.06364981271,z,148.54458744800283,2.1206018284609165,14.592135429382324,19379.0,1307.38,False,19894.3,35.0188,19293.3,1318.79,False,-176.945,29.0113,20.681671593198555,0.07324783552702047,20.65317830065326,0.0019111592889291744,20.68648366255822,0.0742152992958095,nan,nan
2000 SH189,105899,MBO,MBO,21163607367170376,745262196666138652,16.424063,3.563331,3.3337522,148.5446247627036,2.120637919906717,2025051500158,26,60811.06412385822,z,148.54465247091605,2.120649365005663,20.449825286865234,18787.0,906.051,False,18564.4,6.42091,18911.2,908.43,False,-222.196,22.4278,20.715356411572206,0.05236239961807786,20.728297683593645,0.00037552596255433076,20.708202325749358,0.05215509186526627,nan,nan
2000 SH189,105899,MBO,MBO,21163607367170376,745262196800356405,16.424078,3.5633304,3.3337586,148.5446793296201,2.1206487380020835,2025051500159,26,60811.06460105517,z,148.54469862531386,2.1206678161505197,11.469452857971191,18623.0,1606.15,False,18875.5,57.5079,18136.5,1620.2,False,-171.595,26.193,20.7248758918321,0.09363986638992113,20.710253838403904,0.0033079075705573645,20.753616299439223,0.0969927905568692,nan,nan
2000 SH189,105899,MBO,MBO,21163607367170376,745262197067219003,16.42411,3.5633292,3.3337715,148.54478973232494,2.120670621404761,2025051500161,23,60811.065568884645,z,148.5447877809666,2.120665242608587,28.041088104248047,20058.8,701.535,False,18759.5,1.00305,19670.7,693.343,False,-157.246,28.9254,20.644237587268798,0.03797245546000053,20.71694685281013,5.805312866844478e-05,20.665450505711622,0.03826948946396727,nan,nan
2000 SH189,105899,MBO,MBO,21163607367170376,745262197201436706,16.424126,3.5633285,3.333778,148.54484408395805,2.120681392538444,2025051500162,23,60811.06604488674,z,148.54483251680222,2.1206421272633973,7.130619049072266,15549.0,2098.2,False,15869.4,27.3159,15685.9,2122.1,False,-209.183,24.3999,20.920743841102013,0.14651049275252712,20.898598705791265,0.0018688710182458116,20.911226367988295,0.14688611101490928,nan,nan
2000 SH189,105899,MBO,MBO,21163607367170376,745262197335654467,16.42414,3.563328,3.333784,148.54489798318997,2.120692072620012,2025051500163,23,60811.06651652131,z,148.54488732001434,2.120693738733223,16.02377700805664,18723.3,1171.53,False,17182.7,1.86978,18285.9,1175.33,False,-142.876,36.7358,20.71904396475378,0.06793527394714267,20.812271530288523,0.00011814719880401712,20.744709125770044,0.06978591475208945,nan,nan
2000 SH189,105899,MBO,MBO,21163607367170376,745262197471445006,16.424156,3.5633276,3.3337905,148.54495280031156,2.1207029331510885,2025051500164,26,60811.066996062786,z,148.54494830017092,2.120714805300733,26.277313232421875,18628.6,700.929,False,17367.8,3.62293,18709.8,698.228,False,-140.912,24.8602,20.724549479074497,0.040852454060835146,20.800637927836764,0.00022648499784296914,20.71982709192133,0.04051841370880222,nan,nan
2000 SH189,105899,MBO,MBO,21163607367170376,745262197739880503,16.424189,3.5633264,3.3338032,148.5450614198812,2.120724448917002,2025051500166,26,60811.06794713614,z,148.54504644846696,2.1207267994068877,16.285419464111328,17358.7,1059.81,False,16337.7,26.0004,17589.0,1063.94,False,-90.3195,29.0817,20.801207054938683,0.06628804015102514,20.867022694291798,0.0017278794365487623,20.78689712773885,0.06567503064830339,nan,nan
2000 SH189,105899,MBO,MBO,21163607367170376,745262197889826846,16.424204,3.563326,3.3338096,148.54511556486975,2.120735172035068,2025051500167,56,60811.068421857584,z,148.54510902212832,2.1207341355473455,20.997068405151367,18730.1,882.562,False,19303.5,10.3066,18929.7,887.929,False,-91.5582,19.6822,20.718649782444594,0.0511598736286267,20.68590985016493,0.0005797004870685597,20.70714071663236,0.0509282619289877,nan,nan
2000 SH189,105899,MBO,MBO,21163607367170376,745262198162456582,16.424234,3.5633247,3.3338223,148.5452239822508,2.120756639250546,2025051500169,64,60811.06937062166,z,148.54521802016464,2.1207469278574287,20.722719192504883,19377.1,944.992,False,18987.4,2.19287,19464.7,935.331,False,-14.9839,38.7958,20.681778070523528,0.05294972173656434,20.703836228664287,0.00012539253376302488,20.67688075724014,0.05217253612953395,nan,nan
2000 SH189,105899,MBO,MBO,21163607367170376,745262198564585505,16.424284,3.5633228,3.3338418,148.5453914983569,2.120789797144912,2025051500172,63,60811.07083650702,z,148.54539273523483,2.1207677666210216,20.472301483154297,17927.6,860.794,False,16713.2,1.87091,18197.0,862.841,False,66.4005,49.7592,20.766194639478563,0.05213164271259803,20.842351025167453,0.00012153955379212319,20.75000051229528,0.051481986940744164,26.844571667802544,0.813628936308166
2000 SH189,105899,MBO,MBO,21163607367170376,745262198833545313,16.424316,3.5633216,3.3338552,148.54550613304826,2.1208124799203807,2025051500174,64,60811.071839933895,z,148.54551388688856,2.120816807946842,22.975109100341797,17067.6,729.84,False,15676.4,0.424405,17408.7,711.962,False,76.9389,49.8969,20.819568884633558,0.04642795466114437,20.91188413186427,2.9393985340144026e-05,20.798084195587492,0.04440325397443079,26.684635014051114,0.7041284492712285
2000 SH189,105899,MBO,MBO,21163607367170376,745262198967238763,16.424334,3.563321,3.3338618,148.54556454383896,2.120824035208904,2025051500175,63,60811.07235048553,z,148.5455717141625,2.1208242763263097,20.448766708374023,19284.6,917.965,False,17463.7,3.43624,19326.1,917.523,False,33.9937,53.1732,20.686973434028054,0.05168206156970102,20.794659392967006,0.0002136345847290256,20.684639465943537,0.05154624942779889,27.57150396660972,1.6983167511618729
2000 SH189,105899,MBO,MBO,21163607367170376,745262199236198421,16.424366,3.56332,3.333875,148.5456758931295,2.1208460586045947,2025051500177,64,60811.073324297315,z,148.54567264932732,2.1208338547043915,17.744403839111328,17774.2,998.753,False,17805.4,2.83214,18327.9,998.996,False,-76.5488,74.7282,20.775524891082284,0.06100878404097852,20.773620639714007,0.00017269799238920863,20.742218210343168,0.05918005181951865,nan,nan
2000 SH189,105899,MBO,MBO,21163607367170376,745262199348396053,16.424385,3.5633192,3.3338826,148.545741980056,2.120859126847405,2025051500178,22,60811.07390261915,z,148.54574455791035,2.1208517954665353,27.373132705688477,18343.1,666.821,False,16858.4,0.327375,18398.9,662.411,False,-76.2226,52.2449,20.741318188907925,0.03946942990639498,20.83295908947423,2.1084021977283342e-05,20.738020329507954,0.039089489128365684,nan,nan
2000 SH189,105899,MBO,MBO,21163607367170376,745262199483138075,16.4244,3.5633187,3.3338888,148.54579606656384,2.1208698204980903,2025051500179,23,60811.07437529799,z,148.5458000187012,2.120867515234365,23.097017288208008,18900.8,790.537,False,17858.9,0.868617,19476.9,794.99,False,-56.3503,114.682,20.708799488573398,0.04541154833865999,20.77036321258082,5.280778224757975e-05,20.676200392046546,0.04431656975733369,nan,nan
2000 SH189,105899,MBO,MBO,21163607367170376,745262199617355796,16.424417,3.563318,3.3338957,148.54585450333897,2.120881372645466,2025051500180,23,60811.07488665495,z,148.54585182365696,2.120867191404664,13.44533634185791,16213.3,1199.15,False,14389.3,3.36485,16025.2,1204.06,False,-45.3267,39.6,20.875321466406927,0.0803020120596627,21.004900846701055,0.00025389279299293117,20.88799134084479,0.08157723974648518,nan,nan
2000 SH189,105899,MBO,MBO,21163607367170376,745262199751573573,16.424433,3.5633175,3.3339021,148.5459088279966,2.12089211038094,2025051500181,23,60811.07536162604,z,148.54590033871685,2.120904375988787,21.331270217895508,17812.3,831.921,False,17028.1,4.906,17582.0,820.117,False,-52.7659,46.598,20.773199949788733,0.05070915782061456,20.822084544981177,0.000312813648724132,20.787329310704003,0.05064445022232536,nan,nan
2000 SH189,105899,MBO,MBO,21163607367170376,745279797054144549,16.5145,3.558543,3.386383,149.0405337291722,2.1971028459913464,2025051900219,54,60815.04869665905,y,149.04053912269768,2.1971252016017933,5.5835347175598145,9712.73,1666.24,False,11230.3,190.287,9294.28,1639.89,False,125.265,132.626,21.431646657255214,0.18626040216331857,21.274021624087347,0.01839679185517688,21.4794605882581,0.1915681374289601,26.15542564843953,1.149537846014218
2000 SH189,105899,MBO,MBO,21163607367170376,745279797323104263,16.514517,3.5585418,3.386396,149.04065570625775,2.197117665819685,2025051900221,55,60815.049647067804,y,149.04063660159082,2.1971481800351835,6.1295576095581055,9392.07,1549.77,False,10833.1,46.4147,10705.7,1536.64,False,602.264,211.261,21.46809666198933,0.17915553900979075,21.313118158841284,0.004651865260762389,21.325962307141538,0.15584087608901798,24.450532780791498,0.3808524614066982
2000 SH189,105899,MBO,MBO,21163607367170376,745279797592588298,16.514547,3.5585396,3.3864179,149.04086699200454,2.197143326421019,2025051900223,57,60815.051294858786,y,149.0408586520849,2.1972074139147653,5.831162452697754,8988.76,1542.45,False,8829.2,34.971,10139.5,1529.98,False,901.314,408.999,21.51575056602356,0.1863097690539146,21.53519658944071,0.004300421409144583,21.384958651114903,0.16383003672272375,24.012809676421185,0.49268623539919726
2000 SH189,105899,MBO,MBO,21163607367170376,745279797725757462,16.514555,3.5585392,3.3864243,149.04092767990835,2.1971506946154733,2025051900224,55,60815.0517675796,y,149.0408889962643,2.197145347608669,5.000001430511475,8023.01,1617.95,False,8465.17,140.311,8127.99,1595.48,False,934.221,155.412,21.639156697932478,0.21895359606820897,21.58091079961945,0.01799618189217034,21.625042067140914,0.21312407234885383,23.97387592684635,0.18061725901886747
2000 SH189,105899,MBO,MBO,21163607367170376,745279797993668660,16.514576,3.558538,3.3864386,149.0410649805873,2.197167360606132,2025051900226,54,60815.05283798573,y,149.04098581596938,2.1971391247043934,6.951567649841309,9315.94,1485.02,False,9818.89,70.8723,9559.49,1454.36,False,1017.96,363.947,21.476933243006744,0.17307324066366833,21.419844052126567,0.007836794577071749,21.448913165308895,0.16518153710430905,23.88067319394117,0.3881787262526165
2000 SH189,105899,MBO,MBO,21163607367170376,745279798398418965,16.514605,3.558536,3.3864596,149.0412663500276,2.197191793769806,2025051900229,58,60815.05440648252,y,149.04122460717198,2.1972034120290687,7.409183025360107,12515.0,1620.13,False,11861.4,34.5214,14335.8,1596.44,False,859.238,155.849,21.156422865139394,0.1405540393700547,21.214660084761242,0.003159924888712581,21.008945181092184,0.12090798328112508,24.064716341346507,0.19693135711734933
2000 SH189,105899,MBO,MBO,21163607367170376,745279798666854443,16.514622,3.5585349,3.3864727,149.0413926622778,2.197207113969239,2025051900231,58,60815.05539059143,y,149.04140122960706,2.197249409280054,5.272843837738037,7976.59,1562.42,False,9443.96,566.211,8852.53,1542.79,False,1334.22,358.864,21.645456846992303,0.21266932887120887,21.462114657112448,0.06509512780493032,21.53233144847225,0.18921855673021337,23.58693140770721,0.29202954593989305
2000 SH189,105899,MBO,MBO,21163607367170376,745279799067934743,16.514648,3.558533,3.3864918,149.04157548750544,2.197229280455739,2025051900234,55,60815.056814320305,y,149.0415629941838,2.1973015089582986,5.075295448303223,8188.93,1560.98,False,7214.27,146.895,9682.14,1546.63,False,1895.94,382.935,21.616932079879483,0.20696384549839797,21.754519016772093,0.022107465343676424,21.435071644222216,0.17343606399413022,23.205438560333718,0.21929301758891703
2000 SH189,105899,MBO,MBO,21163607367170376,745279800009555987,16.514711,3.558529,3.3865376,149.04201704499104,2.197282777164324,2025051900241,59,60815.060252144816,y,149.04202551140796,2.1973198541457526,5.976680278778076,9076.31,1537.67,False,8521.54,23.6383,10426.7,1512.08,False,1886.24,392.361,21.505226749578576,0.18394084343973824,21.573704777746816,0.0030117746262215478,21.35463278447354,0.15745345334813773,23.21100762973407,0.22584641245196474
2000 SH189,105899,MBO,MBO,21163607367170376,745279800412209165,16.514738,3.558527,3.3865588,149.0422188907104,2.1973072129925924,2025051900244,59,60815.0618239676,y,149.0422358000372,2.197309012351808,5.726545810699463,8984.88,1557.75,False,9284.85,226.461,11253.8,1546.55,False,1832.12,164.095,21.516219311295814,0.18823908555498167,21.480562815795295,0.02648151724795118,21.271752037086227,0.14920697094538152,23.242615213801113,0.09724465882146052
2000 SH189,105899,MBO,MBO,21163607367170376,745279800547999758,16.514748,3.5585265,3.386565,149.04227967220993,2.19731456901038,2025051900245,62,60815.062296702374,y,149.04226393296904,2.197291077750529,6.180918216705322,9873.99,1618.57,False,9158.27,108.428,11807.3,1598.58,False,1929.95,416.373,21.413768266611136,0.17797667902298583,21.49546644793365,0.012854416037001288,21.219623523113405,0.14699687169798006,23.18613488319522,0.23423986986556955
2000 SH189,105899,MBO,MBO,21163607367170376,745279800949080092,16.514774,3.5585246,3.3865852,149.04247502488948,2.1973382041197813,2025051900248,59,60815.06381628492,y,149.04245827888047,2.197356107431409,5.4685211181640625,8704.79,1666.61,False,8612.38,208.96,9563.52,1662.49,False,1547.31,164.293,21.550604249182896,0.207873916796101,21.56219205540905,0.026342944426838016,21.448455627126854,0.1887407210857156,23.42605662809192,0.11528320164558836
2000 SH189,105899,MBO,MBO,21163607367170376,745279802157039633,16.514858,3.558519,3.386647,149.04306791670805,2.1974098683151544,2025051900257,59,60815.06842792957,y,149.04309042955433,2.197421910774613,5.726088523864746,9193.17,1563.91,False,8479.49,373.566,10051.2,1570.99,False,931.005,175.377,21.49133678132722,0.18470165998488308,21.579075639126057,0.04783237319623977,21.394455192106207,0.1696992077130795,23.977619960846464,0.20452431102989477
2000 SH189,105899,MBO,MBO,21163607367170376,745279802290733085,16.514868,3.5585184,3.3866534,149.04312888869515,2.197417232323064,2025051900258,58,60815.06890175534,y,149.04313432483954,2.197436089757439,5.4437127113342285,8722.77,1600.3,False,nan,nan,8831.99,1570.82,False,693.93,173.533,21.548364005222396,0.1991917469863391,nan,nan,21.53485354954653,0.1931043900166796,24.29671085314311,0.2715130747738587
2000 SH189,105899,MBO,MBO,21163607367170376,745279802424950814,16.514875,3.558518,3.38666,149.04319269549242,2.197424937545649,2025051900259,58,60815.06939779273,y,149.0432062823898,2.197401556282694,5.014571666717529,8228.34,1618.11,False,8040.86,292.981,9121.94,1617.29,False,661.399,167.338,21.611719448855112,0.21351094239396068,21.63674376683825,0.03956045384401783,21.499781920553005,0.19249745846728808,24.348841186771622,0.27469791437553165
2000 SH189,105899,MBO,MBO,21163607367170376,745279803230257160,16.51493,3.558514,3.3867006,149.04358375017938,2.197472134699777,2025051900265,58,60815.0724362451,y,149.04359883459495,2.1974472901748796,5.45394229888916,10897.2,1999.88,False,10199.6,274.892,10118.2,1996.77,False,249.735,128.612,21.3067126762305,0.1992568813599617,21.378542190902074,0.029261952073935792,21.387241830094027,0.21426394624856676,25.4063014664414,0.5591475119423843
2000 SH189,105899,MBO,MBO,21163607367170376,745279803634483216,16.514957,3.5585124,3.3867202,149.04377053002,2.197494661658897,2025051900268,61,60815.07388749375,y,149.0437720821726,2.197457314878803,5.610968589782715,13053.9,2228.02,False,17380.4,251.068,12179.4,2234.78,False,-12.9165,122.473,21.110649263910688,0.18531181698523538,20.799850557428947,0.015683966071416075,21.18593523029498,0.19922011836853143,nan,nan
2000 SH189,105899,MBO,MBO,21163607367170376,745279804842967066,16.515038,3.558507,3.3867805,149.04435071605135,2.19756457047202,2025051900277,62,60815.07839298821,y,149.04427294579676,2.1975052514111195,5.562422752380371,10221.4,1891.63,False,10391.7,176.771,12992.3,1888.33,False,679.476,133.909,21.376223998209518,0.20093246559363906,21.358283478307456,0.01846922705648463,21.1157849159894,0.15780333202272614,24.319564675238496,0.2139734779609648
2000 SH189,105899,MBO,MBO,21163607367170376,745279805241950237,16.515066,3.558505,3.3868017,149.0445557190247,2.197589248212209,2025051900280,55,60815.079983128235,y,149.04457847601662,2.197630331268612,5.004519462585449,8042.66,1618.82,False,7970.02,692.119,8556.37,1604.09,False,692.8,127.637,21.6365007052123,0.21853608016805176,21.64635146929484,0.09428566987347219,21.56927609426961,0.2035464253798336,24.29848032160728,0.20002903512562267
2000 SH189,105899,MBO,MBO,21163607367170376,745279805376167959,16.515074,3.5585043,3.3868082,149.04461680517844,2.197596599194368,2025051900281,55,60815.08045722329,y,149.04461100454847,2.1975942773237946,5.5001220703125,9424.14,1685.02,False,8384.36,183.105,10114.9,1673.16,False,845.242,129.057,21.464395717657165,0.19412777284668667,21.59132516102372,0.023711257006793954,21.38759597427815,0.17959746070727123,24.08254732192828,0.16577721418360847
2000 SH189,105899,MBO,MBO,21163607367170376,745279805646176295,16.515093,3.5585032,3.386822,149.04475162426132,2.197612819116745,2025051900283,58,60815.08150358246,y,149.04484853324595,2.1976493459902886,5.6412458419799805,9844.87,1673.24,False,9355.98,153.603,11607.2,1671.45,False,823.366,122.071,21.416975022776274,0.1845323721919855,21.47227673370353,0.017825211945510223,21.238181312489154,0.15634724101350383,24.111017640010942,0.16096960384952191
2000 SH189,105899,MBO,MBO,21163607367170376,745284180467253255,16.527317,3.557394,3.3989244,149.16695208761016,2.211178298581876,2025052000110,47,60815.997173178526,g,149.16695198264873,2.2111756628060646,34.36575698852539,7974.27,227.758,False,8567.5,1.62711,7932.13,227.543,False,-15.2875,18.1218,21.64577265657026,0.031010374761116562,21.567864717245236,0.00020619926944014422,21.651525457886784,0.031145691774333985,nan,nan
2000 SH189,105899,MBO,MBO,21163607367170376,745284180601470978,16.527327,3.5573933,3.3989322,149.16702924733778,2.211186517725509,2025052000111,47,60815.99776202555,g,149.1670423206917,2.211183194992274,33.16526794433594,8222.35,244.271,False,8533.17,7.25193,8196.71,244.432,False,-36.9019,18.6732,21.61251015305531,0.032255240512872756,21.572224015328366,0.0009227149212518759,21.615901080178084,0.03237746372486139,nan,nan
2000 SH189,105899,MBO,MBO,21163607367170376,745284180873576483,16.527346,3.5573916,3.398949,149.16719196336487,2.2112038461345187,2025052000113,54,60815.999004494544,g,149.16719021396895,2.211201112028819,46.417999267578125,7621.08,162.011,False,8069.86,0.571492,7578.32,160.652,False,-57.9166,17.1819,21.694958687553516,0.023080876750912714,21.632835017324965,7.688975810685567e-05,21.701067675878207,0.023016405877954782,nan,nan
2000 SH189,105899,MBO,MBO,21163607367170376,745284181005697030,16.527353,3.5573912,3.3989558,149.1672617975801,2.211211281324497,2025052000114,50,60815.99953748862,g,149.16726360861634,2.2112117767070516,48.07024002075195,7327.57,150.195,False,7450.73,1.90034,7413.29,150.719,False,-64.9186,6.39698,21.73760008622299,0.022254602977216,21.719502938612912,0.00027692157714363157,21.72497252030125,0.022074014077547048,nan,nan
2000 SH189,105899,MBO,MBO,21163607367170376,745284181142011910,16.527367,3.5573902,3.398966,149.16736203432006,2.2112219515612423,2025052000115,54,60816.000302056374,g,149.1673691058802,2.2112234139469233,48.416229248046875,7317.15,149.996,False,7719.21,1.71767,7338.69,149.724,False,-72.9396,13.5745,21.739145119320348,0.022256765588796662,21.68106786546988,0.00024159680550217373,21.735953651980285,0.02215119697913914,nan,nan
2000 SH189,105899,MBO,MBO,21163607367170376,745284181272559670,16.527374,3.5573895,3.3989732,149.16743187639443,2.211229384959186,2025052000116,47,60816.00083512574,g,149.16743255791283,2.2112179981680384,48.92416000366211,7475.44,151.65,False,7993.93,0.453297,7372.13,149.656,False,-70.7855,9.94217,21.715908108344024,0.022025712214308657,21.64309912367907,6.156683156629015e-05,21.731017554870924,0.022040705522544144,nan,nan
2000 SH189,105899,MBO,MBO,21163607367170376,745284181408350211,16.527386,3.5573885,3.3989825,149.16752399949402,2.2112391881039835,2025052000117,50,60816.00153897185,g,149.1675296146114,2.211234783710588,46.788909912109375,6879.99,148.105,False,7334.85,1.03159,6931.09,148.166,False,-49.4568,11.5592,21.80603044553043,0.0233725558451385,21.736521893517647,0.0001527004069821387,21.79799617901415,0.023209797382277866,nan,nan
2000 SH189,105899,MBO,MBO,21163607367170376,745284181544665120,16.527393,3.557388,3.3989897,149.16759384911677,2.2112466197908915,2025052000118,54,60816.002071902825,g,149.16759464404416,2.211246284335966,47.71205520629883,7270.82,151.196,False,7518.16,0.358735,7259.95,150.62,False,-47.5756,8.45342,21.74604154332676,0.022577779982946546,21.709721067320757,5.180676708503254e-05,21.747665896588316,0.022525441285370134,nan,nan
2000 SH189,105899,MBO,MBO,21163607367170376,745284181678882885,16.527401,3.5573874,3.3989968,149.16766383306123,2.2112540646784,2025052000119,54,60816.00260581951,g,149.16766339443862,2.2112538415047513,48.770408630371094,7098.5,146.601,False,6599.76,0.510839,7125.29,145.848,False,-30.9478,10.3335,21.772083533324427,0.022423048686431198,21.8511796817371,8.403887429150642e-05,21.767993631877346,0.02222400224314686,nan,nan
2000 SH189,105899,MBO,MBO,21163607367170376,745284181814673410,16.527412,3.5573866,3.3990054,149.16774915509734,2.211263139751595,2025052000120,57,60816.003256159864,g,149.16774774958475,2.2112610075922143,53.176422119140625,6888.88,130.535,False,6281.35,0.0381978,6856.56,128.055,False,-20.8644,13.7767,21.804628469273098,0.020573240044116564,21.904867500153664,6.602519254419462e-06,21.809734288818202,0.02027750658639283,nan,nan
2000 SH189,105899,MBO,MBO,21163607367170376,745284181948891183,16.52742,3.557386,3.3990126,149.1678192775586,2.2112705969392987,2025052000121,57,60816.003791225885,g,149.1678259309225,2.2112685079119143,56.324214935302734,7382.47,128.423,False,6654.57,0.591622,7429.15,127.162,False,-13.5163,19.8703,21.729495741386415,0.01888710703492269,21.842200034172127,9.652696364155932e-05,21.722652196366813,0.01858414379405051,nan,nan
2000 SH189,105899,MBO,MBO,21163607367170376,745284182083108910,16.527428,3.5573852,3.399019,149.16788219402957,2.2112772868663697,2025052000122,57,60816.00427132496,g,149.1678834135807,2.211276862365663,52.7241325378418,7436.09,139.55,False,6974.66,0.279719,7492.05,137.865,False,-33.428,7.42943,21.72163842917304,0.020375559450071485,21.791192371878214,4.3543489335504835e-05,21.713498360600163,0.019979182164466418,nan,nan
2000 SH189,105899,MBO,MBO,21163607367170376,745284182215753740,16.527435,3.5573847,3.3990252,149.167944588902,2.2112839204542745,2025052000123,54,60816.00474765939,g,149.16795177557216,2.2112881349168108,50.04838562011719,7436.13,147.089,False,7406.66,0.716774,7397.92,146.48,False,-53.282,8.69861,21.721632583124425,0.02147620604296176,21.725943954643224,0.0001050713076741752,21.72722593494276,0.021497750220834642,nan,nan
2000 SH189,105899,MBO,MBO,21163607367170376,745284182349971491,16.527441,3.5573843,3.3990316,149.16800724867124,2.211290581324011,2025052000124,54,60816.00522575411,g,149.16800717976884,2.2112964001414337,46.738807678222656,7438.69,157.063,False,7207.14,1.56815,7417.7,156.319,False,-73.6852,7.21555,21.72125885781389,0.022924599723165354,21.755592583427788,0.00023623757057714454,21.724326809344028,0.022880568584304744,nan,nan
2000 SH189,105899,MBO,MBO,21163607367170376,745284182480519193,16.527454,3.557383,3.3990433,149.16812274395645,2.211302856406532,2025052000125,47,60816.00610655401,g,149.168130391322,2.2112985700383936,49.373104095458984,7590.64,152.831,False,6965.05,0.142476,7544.46,151.263,False,-88.8851,8.87257,21.69930399368628,0.02186036223938799,21.792689434344254,2.2209655898921825e-05,21.705929604889565,0.021768518478566565,nan,nan
2000 SH189,105899,MBO,MBO,21163607367170376,745284182618406969,16.527466,3.557382,3.3990529,149.1682156975451,2.211312733522999,2025052000126,54,60816.00681531953,g,149.16821252512398,2.2113128941327305,49.85040283203125,7570.23,150.262,False,7253.4,0.366425,7483.2,149.504,False,-98.1572,8.76208,21.70222731653008,0.02155084942773582,21.748645944704425,5.4848884994150595e-05,21.71478159025107,0.02169150883764776,nan,nan
2000 SH189,105899,MBO,MBO,21163607367170376,745284182884745245,16.527485,3.5573807,3.3990686,149.168370677756,2.211329197150396,2025052000128,50,60816.00799732409,g,149.16837030067543,2.2113269329352203,44.642303466796875,7243.36,160.041,False,6966.76,0.753425,7177.65,158.594,False,-82.0418,6.65715,21.75014984431047,0.023989186181975743,21.79242291239698,0.0001174176848158439,21.760044321676027,0.02398991921289569,nan,nan
2000 SH189,105899,MBO,MBO,21163607367170376,745284183022633012,16.527493,3.5573802,3.3990748,149.16843322545472,2.211335840080632,2025052000129,57,60816.0084747443,g,149.16842928235494,2.2113319279055905,42.27323532104492,7267.97,171.184,False,7062.96,1.42092,7252.89,170.887,False,-76.6251,9.69643,21.74646715289938,0.025572569398388863,21.777533139261358,0.00021842744574677748,21.74872225242938,0.02558127755530687,nan,nan
2000 SH189,105899,MBO,MBO,21163607367170376,745284183155277843,16.5275,3.5573795,3.3990827,149.1685107256001,2.211344069813304,2025052000130,54,60816.00906569423,g,149.16851573732484,2.211344891502273,33.17859649658203,7031.56,208.6,False,7093.48,1.7551,6966.43,209.035,False,-54.1767,6.30284,21.782370773626273,0.032209719756649366,21.772851631530386,0.00026863762653271195,21.792474278613568,0.03257864728576688,nan,nan
2000 SH189,105899,MBO,MBO,21163607367170376,745284183291592706,16.527508,3.557379,3.399089,149.16857301734782,2.211350683575872,2025052000131,58,60816.00954093928,g,149.16857736689894,2.2113543241306717,40.836551666259766,7443.15,180.674,False,7410.96,0.256765,7474.42,181.725,False,-30.7973,12.5195,21.720608085966127,0.026355011152335857,21.725313832705055,3.761713283304837e-05,21.716056266540352,0.02639742220784724,nan,nan
2000 SH189,105899,MBO,MBO,21163607367170376,745284183425286147,16.527517,3.5573783,3.399097,149.1686505254561,2.2113589116833783,2025052000132,57,60816.01013182878,g,149.16865334826952,2.2113635109833063,41.558753967285156,7397.33,176.099,False,7023.85,1.01281,7414.38,176.324,False,-16.2882,9.18542,21.727312505256187,0.0258467659063654,21.783561914186905,0.00015655864823263521,21.724812915612816,0.025820278858125018,nan,nan
2000 SH189,105899,MBO,MBO,21163607367170376,745284183557931040,16.527527,3.5573776,3.3991048,149.16872803802025,2.2113671388905587,2025052000133,54,60816.010722717605,g,149.16873412073235,2.2113685919224095,40.22160339355469,7231.12,178.359,False,6859.56,0.336066,7321.74,177.227,False,-13.5589,8.15431,21.75198606069357,0.026780196370926577,21.80925934274914,5.319277454216076e-05,21.738464208432298,0.026280879904922907,nan,nan
2000 SH189,105899,MBO,MBO,21163607367170376,745284183694245918,16.527534,3.5573769,3.399112,149.16879807858513,2.2113745718341327,2025052000134,58,60816.01125654897,g,149.1688005682438,2.211378500509101,46.15640640258789,7767.42,167.083,False,7454.9,1.00726,7780.71,166.723,False,-9.88516,6.96673,21.674308038509498,0.023354995099982477,21.71889545871379,0.00014669796051830584,21.67245193360225,0.023264869914738744,nan,nan
2000 SH189,105899,MBO,MBO,21163607367170376,745284183826366518,16.527542,3.5573761,3.3991182,149.16886012136652,2.2113811550859315,2025052000135,54,60816.011729216334,g,149.1688646464623,2.2113776981836804,47.40735626220703,7177.7,150.165,False,6910.26,0.654845,7167.08,148.168,False,-9.67469,6.83912,21.760036714073756,0.022714736679095508,21.80126406656556,0.00010288888527695107,21.761644357776362,0.022445871880570865,nan,nan
2000 SH189,105899,MBO,MBO,21163607367170376,745284183962681384,16.527548,3.5573757,3.3991244,149.16892203584416,2.2113877238422783,2025052000136,58,60816.01220191838,g,149.16892080628944,2.2113831016961507,43.99533462524414,7198.4,161.88,False,6820.37,0.382165,7296.94,161.967,False,-8.50484,8.68407,21.75691007517578,0.02441639593688958,21.815480142724375,6.083693195089788e-05,21.74214807065146,0.024099613278886288,nan,nan
2000 SH189,105899,MBO,MBO,21163607367170376,745284184096374816,16.527557,3.557375,3.3991323,149.16899890834802,2.211395878328758,2025052000137,57,60816.01278751195,g,149.1690011778625,2.2113848368477576,42.319332122802734,7597.95,177.809,False,6902.48,0.550397,7612.81,177.04,False,7.07596,7.77361,21.698258893948456,0.025408652346805418,21.802487110720136,8.657553931680223e-05,21.696137514553136,0.025249379522335996,29.275536552550257,1.1927837005258128
2000 SH189,105899,MBO,MBO,21163607367170376,745284184231116853,16.527567,3.5573742,3.3991401,149.16907644130458,2.211404101495701,2025052000138,58,60816.013378554475,g,149.16908027556622,2.2114071508930033,42.36935806274414,7141.41,165.666,False,6900.98,2.28486,7220.06,165.221,False,28.8981,10.4214,21.765540057881374,0.02518684273268508,21.802723081167862,0.00035947867094081527,21.753647974563656,0.024845557028056214,27.747826779819807,0.39154447523907543
2000 SH189,105899,MBO,MBO,21163607367170376,745284184493785107,16.527584,3.5573728,3.399155,149.16922102440338,2.2114194323115277,2025052000140,47,60816.014480708174,g,149.1692262705619,2.2114138586609564,42.00114059448242,7219.94,170.685,False,6887.23,0.864271,7310.73,170.583,False,47.121,9.77522,21.753666037663276,0.02566764861790845,21.804888536699284,0.0001362478531913268,21.74009814082651,0.025333739780616978,27.21696379112503,0.2252352568490725
2000 SH189,105899,MBO,MBO,21163607367170376,745284184631672848,16.527592,3.5573723,3.399161,149.16928361209017,2.211426067273874,2025052000141,54,60816.01495770269,g,149.1692898341249,2.2114276833111832,47.75870132446289,7142.9,149.335,False,7070.94,0.38881,7294.81,149.535,False,35.8133,8.27067,21.76531358964187,0.022699243394667,21.776307128791686,5.970141265317198e-05,21.74246502932987,0.022256311823133274,27.514889115262477,0.2507382876177916
2000 SH189,105899,MBO,MBO,21163607367170376,745284184762220552,16.527643,3.5573683,3.3992062,149.1697269318384,2.2114730378255856,2025052000142,47,60816.018335805216,u,149.16969867913656,2.2114494250295524,5.534213542938232,1778.52,326.061,False,nan,nan,1983.07,316.471,False,290.041,19.9219,23.27485310476871,0.199051027713098,nan,nan,23.156654918027293,0.17326874027386585,25.24385157121536,0.07457541860010537
2000 SH189,105899,MBO,MBO,21163607367170376,745284185034326023,16.52766,3.5573668,3.3992214,149.16987579045133,2.2114887993785044,2025052000144,54,60816.01946972869,u,149.1699054415144,2.2115788198663937,5.280728816986084,1799.93,337.83,False,1832.45,11.8952,1948.66,326.408,False,278.011,12.8827,23.2618609287384,0.20378250072453502,23.242419695505227,0.007047968241121332,23.175659804666495,0.18186495617937173,25.2898451036634,0.050311730314432875
2000 SH189,105899,MBO,MBO,21163607367170376,745284185168543766,16.527668,3.5573661,3.3992288,149.1699506202406,2.211496720595425,2025052000145,54,60816.02003969657,u,149.16996709560655,2.2115698528920675,7.040715217590332,2257.64,319.044,False,2284.13,11.2098,2365.83,309.794,False,250.981,19.8302,23.015863323807018,0.1534335168958952,23.003198010933048,0.0053284559456119865,22.965041127696622,0.1421719048289776,25.400897874465315,0.08578484450536697
2000 SH189,105899,MBO,MBO,21163607367170376,745284185569099782,16.527754,3.5573592,3.3993049,149.17069865105572,2.211575831805682,2025052000148,50,60816.02573518561,u,149.1706641156374,2.21158321743404,8.417884826660156,2564.8,304.354,False,2668.91,3.46814,2733.84,297.858,False,204.81,22.7421,22.877366216804806,0.12883973596892936,22.834165213465,0.0014108700414505013,22.80806723116684,0.11829339168915262,25.621622119014,0.12056013562873208
2000 SH189,105899,MBO,MBO,21163607367170376,745284185841205254,16.527771,3.5573578,3.3993201,149.17084815693403,2.2115916274942795,2025052000150,57,60816.02687330909,u,149.1709471254977,2.21164755059508,5.300102710723877,1689.77,318.612,False,1857.21,25.1493,1768.49,311.192,False,147.539,14.9173,23.33043099888753,0.20471932815816835,23.22784748927458,0.014702433056991576,23.280993484941533,0.19105135329445214,25.977732900367066,0.10977607798594832
2000 SH189,105899,MBO,MBO,21163607367170376,745284185975422993,16.52778,3.557357,3.3993275,149.17092278583462,2.211599510233345,2025052000151,57,60816.02744184488,u,149.17095992308762,2.211573151406634,5.607807636260986,1702.27,309.543,False,nan,nan,1636.49,301.684,False,145.633,19.9817,23.322428874008096,0.19743168673485467,nan,nan,23.36521661689097,0.2001535193084317,25.99185054288146,0.14896937336597363
2000 SH189,105899,MBO,MBO,21163607367170376,745284186376503328,16.528065,3.557334,3.399583,149.1734391412303,2.2118645099710155,2025052000154,54,60816.046570195766,u,149.17332491823325,2.2118170889284605,6.2048468589782715,2049.35,353.337,False,2477.59,20.9103,1846.09,348.537,False,-39.2109,17.0238,23.120959608032802,0.1871963116092403,22.914926362830766,0.009163367707413371,23.23436784561646,0.20498417348033884,nan,nan
2000 SH189,105899,MBO,MBO,21163607367170376,745284186512818191,16.528074,3.5573332,3.399591,149.17351685207382,2.211872668913718,2025052000155,58,60816.047160759714,u,149.17352688247743,2.2118914433328625,5.748154640197754,1920.11,320.134,False,2197.89,9.74089,1793.13,313.825,False,85.1026,27.2743,23.191684734669238,0.1810214413452957,23.044985170413156,0.004811904584433463,23.265970555575244,0.1900203425206215,26.575142927320424,0.34796462769165265
2000 SH189,105899,MBO,MBO,21163607367170376,745284186646511639,16.528084,3.5573325,3.3995988,149.1735960181701,2.211880979092552,2025052000156,57,60816.04776117539,u,149.1735223318389,2.211875125865874,5.286135673522949,1714.9,321.932,False,2134.03,39.5756,1756.1,315.131,False,77.3773,15.0532,23.31440298367532,0.20382134836790006,23.07699868408514,0.020134984417878886,23.28862690784964,0.19483466413466385,26.678466121349995,0.2112222155071276
2000 SH189,105899,MBO,MBO,21163607367170376,745284186913898530,16.528101,3.557331,3.3996143,149.17374804567234,2.211896933238432,2025052000158,55,60816.048915019186,u,149.17372954662864,2.211900499134352,7.6081862449646,2407.35,314.638,False,2543.57,6.5644,2516.13,307.412,False,157.946,31.5121,22.94615186568777,0.1419045235071632,22.886390735623444,0.002802048602497347,22.898167360836336,0.13265146869932778,25.9037284263128,0.21661725071620352
2000 SH189,105899,MBO,MBO,21163607367170376,745284187049689106,16.528109,3.5573304,3.399622,149.17382275078884,2.211904770856823,2025052000159,58,60816.04948290947,u,149.17384843165098,2.2119026401464823,6.497598648071289,1763.21,279.089,False,1904.03,2.82957,1808.76,275.138,False,148.054,37.1181,23.284239923382064,0.17185532449320176,23.200815516119555,0.0016135074580499466,23.25654763114882,0.16515584534268601,25.973949630505146,0.2722011153658853
2000 SH189,105899,MBO,MBO,21163607367170376,745284187183906830,16.528118,3.5573297,3.3996303,149.17390523623305,2.2119134231135664,2025052000160,58,60816.050108495045,u,149.17388063776002,2.2119346111996743,5.18428897857666,1533.98,305.281,False,1560.71,96.3043,1696.17,297.15,False,140.341,27.3787,23.435450770505867,0.21607494550562317,23.416694494534774,0.06699583270735074,23.326326527832023,0.19020882238117887,26.03203855663271,0.2118129796963623
2000 SH189,105899,MBO,MBO,21163607367170376,745284187316551705,16.528126,3.557329,3.3996382,149.1739827210141,2.211921549271544,2025052000161,55,60816.05069686947,u,149.1739882373806,2.2118359565465067,5.8135271072387695,1793.44,312.58,False,1831.89,34.2887,1835.94,300.911,False,95.2807,26.2531,23.26578290592081,0.18923377386042195,23.242751511530088,0.02032244448032019,23.240353824643144,0.1779524326503348,26.45248764440148,0.2991575455079622
2000 SH189,105899,MBO,MBO,21163607367170376,745284187452342296,16.528135,3.5573282,3.3996465,149.1740653521058,2.2119302134805525,2025052000162,58,60816.051323338674,u,149.1740372262344,2.2119598364181337,6.131129264831543,1978.86,315.259,False,2036.08,15.9927,2058.46,307.021,False,166.388,19.068,23.158962333256593,0.17297237582517896,23.128012928569618,0.008528080118364256,23.116143940093508,0.1619384478715201,25.847194993034428,0.12442495103648499
2000 SH189,105899,MBO,MBO,21163607367170376,745284188123430924,16.52818,3.5573246,3.399686,149.1744543554635,2.211970978944456,2025052000167,58,60816.05427404967,u,149.17445548032887,2.2119706574529054,5.766852378845215,1679.0,290.817,False,1821.98,24.3792,1664.6,284.475,False,86.1514,18.7515,23.337373259654875,0.18805868418702973,23.248640998182136,0.014527810594466057,23.34672529018176,0.18554897152792318,26.561844180604343,0.23631864474907927
2000 SH189,105899,MBO,MBO,21163607367170376,745284188255551538,16.528189,3.557324,3.3996947,149.17453953329178,2.211979900018616,2025052000168,54,60816.05492018438,u,149.17456958106175,2.2119698066899964,5.439332008361816,1685.93,307.949,False,1859.46,19.6911,1593.15,299.426,False,-2.19754,17.3676,23.33290111863986,0.1983186570223549,23.226532921766307,0.011497606684778798,23.394358313624412,0.2040596543310196,nan,nan
2000 SH189,105899,MBO,MBO,21163607367170376,745284188524511260,16.528206,3.5573225,3.3997102,149.1746922401263,2.2119958891191445,2025052000170,55,60816.05607819252,u,149.17471183581122,2.212045741228689,6.596324920654297,2686.08,401.148,False,2708.35,5.95038,2599.46,394.846,False,-41.0761,27.2532,22.82720261043277,0.1621474064553495,22.818237992089962,0.0023854164345846543,22.862792168866847,0.16491833417652493,nan,nan
2000 SH189,105899,MBO,MBO,21163607367170376,745284188660301832,16.528214,3.5573218,3.3997178,149.1747671522255,2.2120037305931475,2025052000171,58,60816.05664611027,u,149.17468279285336,2.211989865423565,7.426441192626953,3001.67,400.422,False,4194.63,102.24,2823.69,395.964,False,-47.7803,16.7978,22.706592666465866,0.14483693101379472,22.34326588383641,0.02646375731740581,22.77295748304592,0.1522519992770742,nan,nan
2000 SH189,105899,MBO,MBO,21163607367170376,745284189062430730,16.52824,3.5573196,3.3997416,149.17500366666363,2.212028478536209,2025052000174,57,60816.05843995678,u,149.1749677448697,2.2120374548114157,5.340574741363525,2554.39,466.642,False,2630.09,46.1049,2588.05,468.698,False,-0.277538,57.6431,22.881782032294133,0.19834486257455353,22.850073438658008,0.019032716699784943,22.867568323370293,0.19662772202089768,nan,nan
2000 SH189,105899,MBO,MBO,21163607367170376,745284189463511110,16.528313,3.5573134,3.3998084,149.17566275173408,2.212097367290165,2025052000177,54,60816.06343342403,r,149.17565797728466,2.2121058954235684,36.710182189941406,8571.46,226.998,False,8638.46,3.79923,8682.36,227.224,False,-36.0755,12.1819,21.567362997999076,0.028753555324728463,21.55890918838661,0.00047751123314162804,21.55340548305295,0.02841454539320914,nan,nan
2000 SH189,105899,MBO,MBO,21163607367170376,745284189598253119,16.528318,3.557313,3.3998148,149.17572572949547,2.212103944015288,2025052000178,55,60816.0639107544,r,149.17572146510378,2.212100815923786,33.27113342285156,8537.46,254.443,False,8533.57,0.0992525,8587.67,254.437,False,-51.419,7.3942,21.571678300160265,0.032358332687853916,21.572173071962297,1.2628012464375896e-05,21.56531164145323,0.03216838343807465,nan,nan
2000 SH189,105899,MBO,MBO,21163607367170376,745284189732470843,16.528326,3.5573123,3.3998213,149.17578844773809,2.212110492626706,2025052000179,55,60816.06438575081,r,149.17577177180578,2.2121089840604338,25.8007869720459,8810.17,335.346,False,9155.37,7.97421,8924.97,341.372,False,-68.8199,5.67715,21.537539288158015,0.04132693302875484,21.495810235286353,0.0009456622897373045,21.523483120843107,0.04152842655144715,nan,nan
2000 SH189,105899,MBO,MBO,21163607367170376,745284189867737128,16.52839,3.5573068,3.3998823,149.17639209391965,2.212173469459745,2025052000180,57,60816.06895572477,r,149.1763732403148,2.2121716806694454,21.318822860717773,8115.25,372.249,False,7893.08,5.75393,8197.0,379.644,False,-69.5486,5.95037,21.626745241674442,0.04980305089774335,21.65688372774796,0.000791484459620665,21.615862662283448,0.050285866687554394,nan,nan
2000 SH189,105899,MBO,MBO,21163607367170376,745284190002479148,16.528399,3.5573063,3.3998892,149.17645908907676,2.2121804530915474,2025052000181,58,60816.069462385756,r,149.1764398980826,2.212178774049448,24.550323486328125,9776.52,394.357,False,9004.55,1.31969,9793.89,397.223,False,-45.484,9.32593,21.42453931942118,0.043795510794981896,21.51384498868455,0.00015912346883416043,21.422611984137532,0.04403555678045214,nan,nan
2000 SH189,105899,MBO,MBO,21163607367170376,745284190136696900,16.528406,3.5573056,3.3998961,149.17652727880971,2.212187560054381,2025052000182,58,60816.06997807289,r,149.1765399449924,2.212185912860083,27.806243896484375,7980.12,285.719,False,7098.77,0.409062,8002.61,288.382,False,-70.7099,7.58368,21.644976428941753,0.03887353219877149,21.77204223383788,6.256484153413473e-05,21.641920887402154,0.03912558166540174,nan,nan
2000 SH189,105899,MBO,MBO,21163607367170376,745284190270914624,16.528414,3.5573049,3.399903,149.17659481319504,2.212194597528327,2025052000183,58,60816.07048924177,r,149.17659401873104,2.212196004213833,27.56195831298828,8638.8,323.188,False,7957.32,0.749749,8758.61,326.557,False,-83.683,7.21542,21.558866475517974,0.04061870951442803,21.648082965566786,0.00010229947482562212,21.54391198472902,0.040480709953717046,nan,nan
2000 SH189,105899,MBO,MBO,21163607367170376,745284190406705193,16.528421,3.5573044,3.3999093,149.17665759461565,2.212201138656279,2025052000184,61,60816.070964540704,r,149.17665877495114,2.212192483090539,28.89126968383789,8574.32,292.589,False,8038.95,3.29317,8611.18,294.502,False,-95.3383,8.02076,21.5670007412538,0.03704952079847955,21.637001654917146,0.00044477373086222554,21.56234337087904,0.03713213644955344,nan,nan
2000 SH189,105899,MBO,MBO,21163607367170376,745284190540922924,16.528427,3.5573037,3.3999162,149.1767250072174,2.212208161164384,2025052000185,61,60816.071474644064,r,149.1767243275676,2.21221408973603,25.98879623413086,8298.21,315.796,False,7962.21,2.739,8202.11,318.203,False,-109.695,6.49401,21.60253895217115,0.04131868695343267,21.64741593598483,0.0003734932347262666,21.615185979979213,0.042121418261301995,nan,nan
2000 SH189,105899,MBO,MBO,21163607367170376,745284190673567754,16.528435,3.5573032,3.399923,149.1767921607375,2.2122151555116525,2025052000186,58,60816.07198260975,r,149.1767843263883,2.212221542755141,17.755863189697266,8071.63,442.101,False,8076.55,4.09604,7953.29,447.107,False,-106.415,7.82365,21.632596901224638,0.05946817224558178,21.631935311178832,0.0005506334739674506,21.64863294872553,0.0610364074596761,nan,nan
2000 SH189,105899,MBO,MBO,21163607367170376,745284190807785486,16.528442,3.5573025,3.3999298,149.17685958408612,2.212222176785566,2025052000187,58,60816.072492731924,r,149.1768831298621,2.2121909039203316,15.788459777832031,9172.64,569.935,False,9458.41,12.4158,9193.58,577.541,False,-127.89,5.82878,21.49376416906246,0.0674613944213441,21.46045464271472,0.0014252166538626897,21.491288341935775,0.06820598559736799,nan,nan
2000 SH189,105899,MBO,MBO,21163607367170376,745284190942003215,16.52845,3.557302,3.3999362,149.17692251738907,2.2122287294139342,2025052000188,58,60816.07296889353,r,149.17693639332296,2.2122284125463074,16.384445190429688,8981.41,536.06,False,8662.89,18.5546,8831.33,540.169,False,-109.153,9.05832,21.516638675314557,0.0648027132873898,21.555843044482664,0.0023254827827563574,21.534934707055882,0.06640914128355072,nan,nan
2000 SH189,105899,MBO,MBO,21163607367170376,745284191076220959,16.528458,3.5573013,3.3999434,149.1769932569146,2.212236093599408,2025052000189,58,60816.073503021646,r,149.1769926939275,2.212254461681122,16.58978271484375,8281.92,491.57,False,7775.34,3.53946,8282.17,496.276,False,-103.421,12.4961,21.60467243254834,0.06444343330529229,21.673201549469912,0.0004942446096851663,21.604639658752284,0.06505841185287468,nan,nan
2000 SH189,105899,MBO,MBO,21163607367170376,745284191212535824,16.528463,3.5573006,3.39995,149.17706043194752,2.2122430855070463,2025052000190,62,60816.07401194263,r,149.17705505302456,2.2122251588741655,9.837396621704102,9174.89,910.328,False,9123.95,16.7094,9338.89,924.388,False,-105.013,7.65117,21.493497876371663,0.10772620803719948,21.499542735154403,0.0019883932226288903,21.474261890854713,0.1074690415195154,nan,nan
2000 SH189,105899,MBO,MBO,21163607367170376,745284191345704968,16.528473,3.5573,3.3999577,149.17713541515593,2.212250888741564,2025052000191,60,60816.07457877447,r,149.17711795640292,2.212286958203006,6.125164985656738,8370.38,1329.29,False,10589.3,198.996,8846.67,1342.83,False,-87.7201,8.29927,21.59313707865322,0.17242447084128762,21.337831889394636,0.020403347546365518,21.53305044097206,0.164803153389647,nan,nan
2000 SH189,105899,MBO,MBO,21163607367170376,745284191613091864,16.528488,3.5572987,3.3999724,149.1772810367795,2.212266038882483,2025052000193,58,60816.075679726535,r,149.17730227453706,2.2122793229878916,8.853574752807617,8326.81,923.212,False,8381.39,90.8206,8213.61,933.629,False,-52.6635,8.36265,21.59880341827744,0.12037799802742069,21.591709921618403,0.011765019921303257,21.613664759117444,0.12341404016903258,nan,nan
2000 SH189,105899,MBO,MBO,21163607367170376,745284191749406745,16.528496,3.557298,3.3999794,149.17734836738958,2.21227304193754,2025052000194,62,60816.07618805147,r,149.1773497266366,2.2122651325137874,24.088727951049805,8555.05,347.54,False,9167.76,2.28505,8527.88,349.002,False,-60.768,13.7875,21.569443644489553,0.04410690510210943,21.494341938984466,0.0002706180665900627,21.572897313535048,0.04443356701949953,nan,nan
2000 SH189,105899,MBO,MBO,21163607367170376,745284191883100180,16.528502,3.5572975,3.3999858,149.1774113376595,2.2122795904042314,2025052000195,61,60816.07666423876,r,149.17740886281717,2.212274820127983,22.59344482421875,8625.73,376.547,False,8172.73,0.997795,8518.14,378.746,False,-52.2436,7.00675,21.560510291328228,0.047396647622289706,21.61908212384261,0.00013255572416645,21.57413811068835,0.04827559349398597,nan,nan
2000 SH189,105899,MBO,MBO,21163607367170376,745284192016269355,16.52851,3.5572968,3.3999925,149.17747881111993,2.2122866060231807,2025052000196,59,60816.07717479927,r,149.1774646833609,2.212271795443319,16.90248680114746,7874.05,454.422,False,7481.34,5.8854,7802.41,458.166,False,-38.9749,8.9979,21.659504606378903,0.06265929562244012,21.71505154189009,0.0008541239665344483,21.669428058697427,0.06375560728774676,nan,nan
2000 SH189,105899,MBO,MBO,21163607367170376,745284192152059941,16.528515,3.5572963,3.399999,149.17754139444875,2.2122931121239247,2025052000197,62,60816.07764777465,r,149.17754393833056,2.212303629265971,12.79466438293457,8568.44,647.756,False,9021.0,40.9954,8507.58,656.151,False,-28.9885,9.89966,21.567745545663733,0.08207936166155509,21.51186329294955,0.004934063788785715,21.575484885972934,0.08373790090795703,nan,nan
2000 SH189,105899,MBO,MBO,21163607367170376,745284192420495415,16.52853,3.557295,3.400012,149.17767147192362,2.212306631576661,2025052000199,62,60816.07863047651,r,149.17766545235722,2.2122959905939736,20.186725616455078,8616.38,424.608,False,8799.84,2.41254,8617.34,427.171,False,39.5655,9.59932,21.56168790479622,0.05350417304662356,21.538813079740645,0.00029766246038242215,21.561566948396486,0.053821134812404095,27.406708399232517,0.26341964959723
2000 SH189,105899,MBO,MBO,21163607367170376,745284192554188828,16.528538,3.5572944,3.400019,149.17773870211232,2.21231361733588,2025052000200,61,60816.07913864023,r,149.17773912621857,2.2123102090272475,19.694747924804688,8381.19,421.704,False,7787.09,4.98967,8524.34,425.854,False,69.3663,8.09028,21.591735728983206,0.054629388891758994,21.671562036477887,0.0006956982980983982,21.573348110990544,0.05424057680211202,26.797128636422542,0.12663078656886498
2000 SH189,105899,MBO,MBO,21163607367170376,745284192709378060,16.528543,3.557294,3.4000256,149.1778062026323,2.212320629995652,2025052000201,101,60816.07964867999,r,149.17778011385312,2.212353670076346,13.475981712341309,9256.94,683.238,False,8964.54,4.67633,9506.27,693.269,False,59.3273,6.957,21.48383132758973,0.0801362191670159,21.518679971785907,0.0005663715998278884,21.454974690789264,0.07918008540013878,26.966863521388014,0.12731856001755115
2000 SH189,105899,MBO,MBO,21163607367170376,745284192953172008,16.528559,3.5572925,3.4000397,149.17794545669437,2.2123350933965784,2025052000203,54,60816.08070072743,r,149.17794964369114,2.2122986862442584,7.084347724914551,9737.12,1345.36,False,10245.4,29.5333,9884.25,1355.52,False,82.0619,12.6518,21.428923681251582,0.1500141753361643,21.373677661716936,0.003129733565062077,21.41264069655829,0.14889720125244957,26.61464611582199,0.16739215080338202
2000 SH189,105899,MBO,MBO,21163607367170376,745284193357922360,16.52858,3.5572908,3.40006,149.17814471642768,2.212355780357508,2025052000206,58,60816.082205689534,r,149.17814407804576,2.2123624555671597,7.632853984832764,11504.5,1482.56,False,11726.5,70.7029,11323.8,1496.1,False,9.1735,7.80344,21.247830628920248,0.1399164788859636,21.227078980262185,0.006546258677376336,21.26501954300596,0.1434474237842845,28.993662329533947,0.9235817708987476
2000 SH189,105899,MBO,MBO,21163607367170376,745284193760051252,16.5286,3.557289,3.4000797,149.1783393899235,2.21237598112428,2025052000209,57,60816.083675456524,r,149.17830635328602,2.212334153029725,10.028267860412598,7523.72,728.998,False,7392.03,10.6011,7606.6,734.131,False,60.9513,11.7545,21.708918407408323,0.10520055023583968,21.72809072963798,0.0015570822061057711,21.697023538351026,0.10478697122981248,26.937542539688337,0.2093849731108023
2000 SH189,105899,MBO,MBO,21163607367170376,745284193894268968,16.528608,3.5572884,3.4000864,149.17840667582553,2.2123829608953822,2025052000210,57,60816.08418383806,r,149.17841877868597,2.2124297630843235,11.24619197845459,8214.94,732.26,False,9255.54,5.62267,8165.72,741.384,False,116.807,5.98728,21.613488953716484,0.09677991102965601,21.483995590267316,0.0006595764859938339,21.62001376138496,0.09857641445354855,26.23132783257733,0.05565254300587854
2000 SH189,105899,MBO,MBO,21163607367170376,745284194029535271,16.528616,3.5572877,3.4000933,149.17847436485388,2.2123899812839896,2025052000211,59,60816.08469416469,r,149.17849276197524,2.212427684780382,8.69903564453125,8829.55,1012.25,False,9814.63,6.23182,9472.51,1021.43,False,110.739,7.92347,21.53515359845256,0.12447253796370811,21.420315183329308,0.0006893905111004239,21.458837345798862,0.11707599687027127,26.289248522035763,0.07768535377445175
2000 SH189,105899,MBO,MBO,21163607367170376,745284194299019277,16.52863,3.5572865,3.4001071,149.1786121450985,2.212404267484504,2025052000213,61,60816.08573409721,r,149.17861062967228,2.2124203260770345,11.151676177978516,9517.08,833.983,False,9463.28,8.36653,9837.21,848.486,False,79.2721,8.28677,21.453740691137263,0.09514320553585794,21.45989574310812,0.0009599044645185217,21.417820147820137,0.09364769055507778,26.652199059591442,0.11349826480744268
2000 SH189,105899,MBO,MBO,21163607367170376,745297371253440513,16.54725,3.5537472,3.4384894,149.5851567057297,2.2452254949679182,2025052300085,51,60818.98851694912,u,149.58515473048186,2.2452291038195833,11.023066520690918,3136.17,284.355,False,3162.8,7.85725,2968.85,274.273,False,-131.709,16.8338,22.659001036737614,0.09844317690786063,22.64982065792446,0.0026972622028177034,22.718529325312883,0.1003042010964958,nan,nan
2000 SH189,105899,MBO,MBO,21163607367170376,745297371386085403,16.547253,3.5537465,3.4384975,149.58524362793355,2.245230866566001,2025052300086,48,60818.989132629984,u,149.58522934965967,2.2452614621540303,12.770130157470703,4014.89,312.557,False,4252.69,7.67564,3740.45,304.586,False,-109.052,15.8731,22.390815901617948,0.08452397636107975,22.32834070007189,0.0019596350716413642,22.467690379821484,0.08841183557834215,nan,nan
2000 SH189,105899,MBO,MBO,21163607367170376,745297371520827407,16.547256,3.5537455,3.4385056,149.5853308363624,2.245236254613975,2025052300087,49,60818.98975045244,u,149.58533021899643,2.245242453511809,9.623716354370117,3037.47,311.145,False,3603.34,5.40252,2947.13,304.244,False,-35.7739,46.5024,22.693720017329667,0.11121801458435944,22.50823686667244,0.0016278540501357829,22.726501809895222,0.11208488462566507,nan,nan
2000 SH189,105899,MBO,MBO,21163607367170376,745297371655045143,16.547258,3.5537448,3.438514,149.58541804884047,2.245241641670342,2025052300088,49,60818.990368601706,u,149.58543229513313,2.2452612583460776,10.418893814086914,3573.01,344.478,False,3467.51,8.67871,3548.37,337.426,False,21.9216,32.7777,22.51741441780632,0.104677073916528,22.549955691404755,0.002717451316217624,22.524927717119937,0.10324616851146795,28.047819360614962,1.6234186114839615
2000 SH189,105899,MBO,MBO,21163607367170376,745297371790835730,16.547262,3.553744,3.438522,149.58550484197482,2.245247001589716,2025052300089,52,60818.99098326173,u,149.58545937007273,2.245308327446178,10.518770217895508,3490.69,335.045,False,3729.79,9.2129,3651.08,325.569,False,53.2723,19.9864,22.54272181359658,0.10421163363355532,22.47078903806746,0.002681861217834349,22.493946604213995,0.09681574853145956,27.08374636632979,0.4073403709894124
2000 SH189,105899,MBO,MBO,21163607367170376,745297371923480592,16.547266,3.5537434,3.4385302,149.58559163925287,2.245252360532064,2025052300090,49,60818.99159898592,u,149.58553542776323,2.2452647190555637,9.529756546020508,3207.54,335.203,False,3603.92,13.6099,3280.0,328.336,False,61.4619,31.651,22.63456978427629,0.11346453412652646,22.50806216872895,0.004100191460603852,22.6103153907208,0.10868484174848515,26.928485066950014,0.5591209558292476
2000 SH189,105899,MBO,MBO,21163607367170376,745297372059271186,16.547268,3.5537426,3.4385386,149.58567872286693,2.245257735912405,2025052300091,52,60818.992215993,u,149.58567098956362,2.2452621825875303,10.141517639160156,3381.36,330.27,False,3437.66,2.18038,3372.3,321.491,False,66.1537,36.6263,22.577271438407834,0.10604788399500516,22.55934272575412,0.0006886421815169837,22.580184477946624,0.10350633402546633,26.84861462212986,0.6011228361582351
2000 SH189,105899,MBO,MBO,21163607367170376,745297372193488920,16.547272,3.553742,3.4385467,149.58576581071975,2.2452631103102405,2025052300092,52,60818.992832710624,u,149.58572587329834,2.2452530327816285,9.981228828430176,3351.63,332.015,False,3275.67,21.1698,3331.22,323.072,False,54.2066,31.9292,22.586859865264778,0.10755385723694945,22.61174966771444,0.0070168297305957614,22.593491721402994,0.10529804708810778,27.064869576493603,0.6395289034864249
2000 SH189,105899,MBO,MBO,21163607367170376,745297372462448653,16.547277,3.5537403,3.438563,149.58593943428875,2.2452738213133525,2025052300094,53,60818.99406224796,u,149.58603053750053,2.245289356793764,12.281746864318848,4170.44,339.686,False,5122.19,16.8563,4187.4,331.985,False,89.2849,24.4402,22.349545321770027,0.08843416969613124,22.126360802576457,0.0035729826074342736,22.345138903547053,0.08607922014578556,26.523054996932792,0.2972015626637769
2000 SH189,105899,MBO,MBO,21163607367170376,745297372596666381,16.54728,3.5537395,3.4385712,149.58602611128825,2.2452791666434857,2025052300095,53,60818.99467669737,u,149.58601596658605,2.245290633758578,10.06139850616455,3395.89,331.823,False,3810.87,8.18493,3520.53,325.792,False,88.7426,27.1273,22.572615999118625,0.1060906725327785,22.447439631710353,0.0023319279838460213,22.5334798672492,0.10047468937763687,26.529669634719795,0.331893501006824
2000 SH189,105899,MBO,MBO,21163607367170376,745297372751331330,16.547283,3.5537388,3.4385793,149.5861127925556,2.2452845109984074,2025052300096,92,60818.9952900031,u,149.58610415193954,2.245283636347994,9.44080638885498,3008.68,317.434,False,2899.18,3.67493,3066.34,308.545,False,61.8,25.8371,22.704060026924125,0.1145517582175766,22.744312075536538,0.001376252853878266,22.683449197983833,0.10925027305321641,26.922528825681695,0.45392029511826165
2000 SH189,105899,MBO,MBO,21163607367170376,745297372997746710,16.547289,3.5537374,3.4385958,149.5862864504134,2.245295214185173,2025052300098,50,60818.99652042048,u,149.58629322923838,2.2452986613263293,8.718700408935547,3354.88,381.885,False,3393.67,5.1425,3319.21,375.635,False,-13.605,13.6467,22.58580756143909,0.12358903914299212,22.573326001745492,0.0016452390711730615,22.59741318715226,0.12287277233948145,nan,nan
2000 SH189,105899,MBO,MBO,21163607367170376,745297373133537281,16.54729,3.5537367,3.4386039,149.58637314469846,2.245300555614353,2025052300099,53,60818.99713408484,u,149.58641372476154,2.245314513062942,10.270529747009277,3537.74,347.617,False,4540.67,44.5574,3478.39,340.714,False,-40.0797,21.2255,22.528185222909975,0.10668403220772148,22.25720016856762,0.0106542829429482,22.546554348886122,0.10634964021546092,nan,nan
2000 SH189,105899,MBO,MBO,21163607367170376,745297373267755011,16.547295,3.5537357,3.438612,149.5864595609698,2.245305878676027,2025052300100,53,60818.99774671452,u,149.58653782813482,2.245286170929705,8.177558898925781,2945.25,357.14,False,3119.64,4.19631,2963.58,350.078,False,-52.1501,16.8182,22.7271945883447,0.13165600341962727,22.664738836822686,0.0014604524551946581,22.720458333270987,0.12825445989320503,nan,nan
2000 SH189,105899,MBO,MBO,21163607367170376,745297373401972749,16.547297,3.553735,3.4386203,149.58654640532453,2.245311226859964,2025052300101,53,60818.99836125775,u,149.58649813637675,2.2452967857288244,10.024591445922852,3736.33,373.395,False,4332.61,15.9288,3700.62,366.563,False,-44.6171,13.0223,22.46888690981466,0.10850445484486032,22.308126039849093,0.003991698999335922,22.479313736517092,0.10754703133478047,nan,nan
2000 SH189,105899,MBO,MBO,21163607367170376,745297373539860505,16.5473,3.5537343,3.4386284,149.5866328304624,2.245316547984622,2025052300102,60,60818.99897398359,u,149.5866244373775,2.2453101520057794,7.797260761260986,2960.83,376.68,False,3092.16,0.622162,3244.79,368.664,False,-28.699,15.4982,22.72146629007978,0.13812852979226478,22.674345136212487,0.00021845693978803413,22.622033499721944,0.12335832179053204,nan,nan
2000 SH189,105899,MBO,MBO,21163607367170376,745297373690855428,16.547304,3.5537336,3.4386365,149.58671926007247,2.2453218681438285,2025052300103,92,60818.99958518341,u,149.58668800720957,2.245301548340444,9.404356956481934,3392.34,362.431,False,3402.4,20.0983,3206.32,355.063,False,-19.9336,12.6335,22.57375153867207,0.11599793887596464,22.570536606898063,0.006413547379589379,22.634982816788668,0.12023276938282129,nan,nan
2000 SH189,105899,MBO,MBO,21163607367170376,745297373825073174,16.54733,3.5537262,3.438717,149.5875732114725,2.2453743660001027,2025052300104,92,60819.00563005344,u,149.58754624256105,2.2453274578744913,8.731236457824707,3090.06,350.086,False,3458.4,56.5244,3042.3,343.18,False,14.8707,22.6559,22.675082698798448,0.12300765557336775,22.552811974344387,0.017745370103609288,22.691994888984823,0.12247409421048056,28.469171477827924,1.654147420225536
2000 SH189,105899,MBO,MBO,21163607367170376,745297373942513671,16.547335,3.5537255,3.438725,149.58765997446636,2.245379693042313,2025052300105,60,60819.006244870674,u,149.58766585142322,2.2453591721423862,8.466543197631836,3341.98,394.39,False,3663.34,27.6166,3330.63,384.915,False,12.6898,18.383,22.589990389994952,0.1281286902379461,22.490306903831247,0.008184973765116463,22.593684064311525,0.12547661410492825,28.641363034124538,1.572844931340679
2000 SH189,105899,MBO,MBO,21163607367170376,745297374768267298,16.547354,3.5537205,3.4387786,149.5882294264836,2.245414624578294,2025052300111,99,60819.01027344731,u,149.58824454335326,2.245357704376031,5.84317684173584,1957.02,335.58,False,2294.84,10.8648,1970.54,325.275,False,147.343,23.311,23.171011829151517,0.186176603906702,22.99811893039997,0.005140361313950881,23.163536840885513,0.17922134560834027,25.979176212586776,0.17177332594921899
2000 SH189,105899,MBO,MBO,21163607367170376,745297374902485016,16.547356,3.5537198,3.438787,149.5883163686134,2.2454199529959102,2025052300112,99,60819.010888985125,u,149.58830052434638,2.2454332999190965,11.21174144744873,3404.68,301.689,False,3497.56,4.50986,3531.79,293.435,False,135.189,32.4464,22.56980927285513,0.09620718288284484,22.540587048136146,0.001399981198447083,22.53001280661141,0.09020723119686011,26.072646648359576,0.26058504807984006
2000 SH189,105899,MBO,MBO,21163607367170376,745297375038275600,16.54736,3.553719,3.438795,149.5884035987284,2.24542529777704,2025052300113,102,60819.01150549284,u,149.58838823639687,2.245403551190352,11.015055656433105,3262.68,290.91,False,3196.65,3.3535,3483.05,284.209,False,210.135,30.6834,22.61606382084767,0.09680738838009388,22.638262312828722,0.0011390100116612518,22.545100712523862,0.08859362135532192,25.59375404252552,0.15853655158746063
2000 SH189,105899,MBO,MBO,21163607367170376,745297375171444751,16.547361,3.5537183,3.4388034,149.5884911167802,2.2454306589047914,2025052300114,100,60819.01212471474,u,149.58850567849314,2.245436274431263,10.733610153198242,3005.94,282.331,False,3019.04,4.8153,3255.65,278.015,False,297.947,66.954,22.705049252134273,0.10197708121549559,22.700327818114168,0.0017317244772751329,22.61840575827088,0.09271604009167787,25.21465249063503,0.24398428794983842
2000 SH189,105899,MBO,MBO,21163607367170376,745297375413141535,16.547369,3.5537164,3.4388227,149.58869643037144,2.2454432307793306,2025052300116,49,60819.01357651569,u,149.58867822140948,2.24542240017717,12.528121948242188,4010.93,318.154,False,3846.18,1.0987,4551.93,310.074,False,628.795,16.8001,22.39188731199155,0.08612249861339873,22.437426006243086,0.00031015148534362113,22.254511021028005,0.07395952058137842,24.40372733036344,0.02900862389784289
2000 SH189,105899,MBO,MBO,21163607367170376,745297375547359247,16.54737,3.5537157,3.4388309,149.58878382485074,2.2454485799930013,2025052300117,49,60819.014194414274,u,149.58880589957246,2.2454806222516153,10.98673152923584,3369.45,301.977,False,3936.14,5.86596,4097.68,294.434,False,777.128,20.9643,22.581102475320257,0.09730589725993051,22.412323687253732,0.001618053588800064,22.368654853315423,0.07801429825181173,24.17376862067167,0.029289512098551754
2000 SH189,105899,MBO,MBO,21163607367170376,745297375682101269,16.547375,3.553715,3.4388392,149.58887150756706,2.24545394554313,2025052300118,50,60819.01481426267,u,149.5888644417976,2.2454325081788387,11.325045585632324,3079.03,272.438,False,2994.08,3.74029,3896.27,272.291,False,740.389,130.593,22.678965188675477,0.09606784754092568,22.709341471052277,0.001356332524034463,22.42337738312262,0.07587671780405808,24.226350139174034,0.19150683640775007
2000 SH189,105899,MBO,MBO,21163607367170376,745297375817891865,16.547377,3.5537143,3.4388475,149.5889589128535,2.2454592928137127,2025052300119,53,60819.01543220354,u,149.58895278365492,2.245496253400324,11.815260887145996,3300.64,268.028,False,3456.18,25.8132,3985.5,262.824,False,726.374,72.1153,22.603504639035854,0.08816706135612079,22.553509139669416,0.008109047084260234,22.3987929663351,0.07159893058483734,24.24709923858346,0.10779322071101201
2000 SH189,105899,MBO,MBO,21163607367170376,745297375950536723,16.547379,3.5537133,3.4388556,149.58904589927573,2.24546461316672,2025052300120,50,60819.01604786089,u,149.58901485549518,2.2454631739788367,10.029985427856445,2668.04,262.82,False,2812.9,5.97755,3414.65,258.51,False,696.832,115.436,22.83451914321047,0.10695236694685019,22.777114305059115,0.0023072425995855892,22.566634542748535,0.08219691181291167,24.292179830960436,0.17986120993656693
2000 SH189,105899,MBO,MBO,21163607367170376,745297376085803032,16.547382,3.5537126,3.4388638,149.589132891055,2.245469932556592,2025052300121,52,60819.01666260169,u,149.58940318093698,2.2455081775742722,9.259594917297363,-110.636,305.444,False,nan,nan,1248.58,296.733,False,1365.71,17.3334,nan,nan,nan,nan,23.65895910312242,0.2580321440687048,23.561603807527312,0.01378001278340676
2000 SH189,105899,MBO,MBO,21163607367170376,745297376220020773,16.547384,3.553712,3.438872,149.5892204541465,2.245475285576873,2025052300122,52,60819.017281629225,u,149.58919934723022,2.245334518972726,5.4816107749938965,1423.25,277.668,False,2014.89,45.1561,2258.34,270.436,False,916.363,96.0327,23.516797018791035,0.21182097291941918,23.139371638490722,0.024332650224692984,23.015526640557503,0.13001680432489585,23.994831164953563,0.11378261835363399
2000 SH189,105899,MBO,MBO,21163607367170376,745297376358432773,16.547388,3.5537112,3.4388802,149.58930689107413,2.245480568466369,2025052300123,60,60819.01789290727,u,149.58931296512029,2.245449724106194,6.466747283935547,1916.53,297.072,False,1944.84,20.3634,3156.27,290.788,False,1270.25,96.3741,23.193710928950296,0.16829468418533652,23.177790323661384,0.011368174494437024,22.652064624733747,0.10002916463383964,23.640276991044164,0.08237500435300207
2000 SH189,105899,MBO,MBO,21163607367170376,745297376488980499,16.54739,3.5537105,3.4388885,149.58939446524144,2.2454859195595605,2025052300124,53,60819.01851106773,u,149.5893869051263,2.2455259831453436,7.2982282638549805,1943.57,262.152,False,1968.11,13.2913,3222.57,257.618,False,1173.98,97.3067,23.17849956279307,0.14644593925759722,23.164876588063805,0.007332336876606577,22.629494077511254,0.08679569291667187,23.72584827229955,0.08999251325891061
2000 SH189,105899,MBO,MBO,21163607367170376,745297376623198233,16.547394,3.5537097,3.4388967,149.58948133760617,2.2454912264735323,2025052300125,53,60819.01912587398,u,149.58950107337134,2.245498152380212,8.50806713104248,2286.59,268.086,False,2220.11,16.6196,3396.59,262.652,False,1078.64,90.6451,23.0020292086439,0.12729464548097738,23.03406371493206,0.008127750821761153,22.572392155277768,0.08395796578933594,23.81780868147448,0.09124144224963826
2000 SH189,105899,MBO,MBO,21163607367170376,745297376915750920,16.5474,3.553708,3.438913,149.58965566509508,2.245501872002016,2025052300127,99,60819.02035760998,u,149.58968488805345,2.2454793972444205,8.842987060546875,2753.61,312.103,False,2755.71,6.50852,3846.92,303.055,False,1078.17,33.6708,22.80024388222253,0.12306082199304262,22.799416234865426,0.0025643249981805952,22.437217134863175,0.08553278577746724,23.81828184712354,0.03390708729109687
2000 SH189,105899,MBO,MBO,21163607367170376,745297377160069129,16.547403,3.5537066,3.4389296,149.58982987367295,2.245512505062454,2025052300129,53,60819.02158864962,u,149.58981828916723,2.24551420258893,7.041092872619629,1969.02,286.082,False,2238.51,34.4057,2827.78,281.008,False,856.793,39.081,23.16437467064029,0.15774831268540207,23.025102398191002,0.01668766935116829,22.771385942437256,0.10789401986519924,24.067810188126536,0.04952381326027126
2000 SH189,105899,MBO,MBO,21163607367170376,745297377294286855,16.547407,3.553706,3.4389377,149.5899169158011,2.2455178158462323,2025052300130,53,60819.022203362154,u,149.58993490370491,2.245526580645121,11.302793502807617,3165.45,272.076,False,3012.3,4.72869,3705.05,264.696,False,572.577,60.5297,22.648911371761038,0.09332093573082266,22.702754427907912,0.001704382037278276,22.47801480269134,0.07756711577616161,24.505415203142483,0.1147780736309498
2000 SH189,105899,MBO,MBO,21163607367170376,745297377428504598,16.54741,3.5537052,3.438946,149.59000410518152,2.2455231343087685,2025052300131,53,60819.02281900284,u,149.59001876927894,2.2454776900401305,10.081282615661621,2608.25,257.763,False,2510.21,15.1735,2994.15,250.6,False,366.732,65.6065,22.85912695986473,0.10729900196576798,22.900724878505585,0.006562964303995024,22.709316151155573,0.09087237059380794,24.98912799858741,0.1942327148137514
2000 SH189,105899,MBO,MBO,21163607367170376,745297377717387274,16.547415,3.5537035,3.4389622,149.59017835973913,2.245533759738346,2025052300133,92,60819.02405021712,u,149.59018320123064,2.2455449417287077,10.677321434020996,2657.77,251.328,False,2695.04,16.1214,2855.16,245.926,False,158.288,70.18,22.83870650465491,0.10267100239863716,22.82358694575272,0.006494741563110804,22.760923906809953,0.09351866954715092,25.901380059182934,0.48138184754585195
2000 SH189,105899,MBO,MBO,21163607367170376,745297379331670042,16.547455,3.5536923,3.4390857,149.59148836909534,2.245613471526687,2025052300145,99,60819.03329943505,g,149.5917584582269,2.2456205209660625,64.44940948486328,579.905,101.02,False,8040.04,1.00937,2365.26,98.8217,False,1802.77,30.382,24.491607811909383,0.18913625890244187,21.636854471194603,0.0001363064753924047,22.96530277727355,0.04536258094355945,23.260149182388503,0.018297862169021743
2000 SH189,105899,MBO,MBO,21163607367170376,745297379465887766,16.547457,3.5536916,3.4390926,149.5915624872743,2.2456179725920933,2025052300146,99,60819.033822497426,g,149.59180609508593,2.24563024426063,60.082576751708984,1215.48,107.153,False,7884.04,0.40311,3188.82,106.435,False,1942.64,26.1922,23.68813047449413,0.09571518518227276,21.658127947060965,5.551355861069402e-05,22.640924963670003,0.036239213196548686,23.179019174692378,0.01463874896519391
2000 SH189,105899,MBO,MBO,21163607367170376,745297379579658258,16.547459,3.553691,3.4390996,149.59163632655722,2.245622455769971,2025052300147,60,60819.034343319145,g,149.59186421159174,2.2456290188448738,60.831024169921875,2087.71,115.837,False,8033.55,1.19497,4216.61,114.184,False,2123.61,22.5207,23.100824591657382,0.06024228696367559,21.637731273811788,0.0001615004869401539,22.337591449242687,0.029401273717393164,23.08231304070253,0.01151413800242196
2000 SH189,105899,MBO,MBO,21163607367170376,745297380267524125,16.54747,3.5536878,3.4391346,149.59200828529254,2.2456450249290465,2025052300152,92,60819.03696702246,g,149.59225500716735,2.2456597241420226,63.65824508666992,1661.67,109.17,False,8099.52,0.532671,3187.0,107.566,False,1527.48,25.1049,23.34863802346183,0.07133174237406158,21.62885179201491,7.140425125132336e-05,22.641544841315667,0.036645215768849514,23.4400611825481,0.01784461962601262
2000 SH189,105899,MBO,MBO,21163607367170376,745297380519182396,16.547476,3.5536864,3.4391487,149.59215659117464,2.2456540168828973,2025052300154,60,60819.03801396572,g,149.59242165774654,2.245650962913302,60.364524841308594,2144.57,120.613,False,8220.53,0.646308,3769.48,119.253,False,1614.83,23.802,23.071649399320357,0.06106300823181609,21.61275041740293,8.536188992146849e-05,22.459296397158067,0.03434884878223496,23.379683006916103,0.016003352612117924
2000 SH189,105899,MBO,MBO,21163607367170376,745297382797213744,16.547523,3.5536718,3.439309,149.59385838714664,2.2457569229311938,2025052300171,53,60819.05000675553,r,149.5941013946544,2.2457665081045177,62.21210479736328,2847.05,180.248,False,11917.7,1.91735,5285.12,180.013,False,2421.23,27.3209,22.764012245603958,0.06873844058646654,21.209518859989764,0.00017467601437150916,22.092362844619434,0.03698054682270449,22.93990989287144,0.012251331131738555
2000 SH189,105899,MBO,MBO,21163607367170376,745297382930907224,16.547525,3.5536711,3.4393158,149.59393337013267,2.2457614453773003,2025052300172,52,60819.05053419755,r,149.59415748409813,2.24577033486852,68.65193176269531,3123.58,170.729,False,12750.0,0.660133,5350.87,170.027,False,2209.6,31.2669,22.663368389300487,0.059344296002354545,21.136224538075062,5.621414138064667e-05,22.078938976551164,0.034499895871852725,23.039215798928034,0.015363687035064239
2000 SH189,105899,MBO,MBO,21163607367170376,745297383069319211,16.547527,3.5536704,3.439323,149.594007932295,2.2457659414596387,2025052300173,60,60819.05105965396,r,149.59421933720688,2.245775755381464,68.11174011230469,3826.85,171.109,False,12403.9,0.939913,6089.4,170.103,False,2237.61,26.748,22.44289637320525,0.04854625200744672,21.166104325043484,8.227231064117327e-05,21.938563760183833,0.03032925824446967,23.025538962243324,0.012978700368974964
2000 SH189,105899,MBO,MBO,21163607367170376,745297383199866974,16.54753,3.55367,3.4393299,149.59408235757326,2.245770428310718,2025052300174,53,60819.051583761844,r,149.5942760425499,2.2457840543577365,68.38264465332031,4592.75,173.374,False,12826.8,0.602779,6749.45,171.143,False,2165.69,22.7393,22.244817985396757,0.04098599337578548,21.129704208736648,5.1022777501706985e-05,21.826829007502784,0.02753056200808193,23.061009301381056,0.011400007251099563
2000 SH189,105899,MBO,MBO,21163607367170376,745297383354531849,16.547533,3.5536692,3.439337,149.5941567881036,2.2457749145016628,2025052300175,92,60819.05210794845,r,149.59395558587974,2.2457532486155567,63.90235137939453,4807.71,181.564,False,11939.9,0.591804,7086.52,179.381,False,2306.83,19.4801,22.195154350726597,0.041003014916875455,21.207498240801876,5.3814775485499956e-05,21.773917454122824,0.027483227596967193,22.992460986443824,0.009168534227442732
2000 SH189,105899,MBO,MBO,21163607367170376,745297383492419645,16.547535,3.5536685,3.439344,149.5942313658622,2.245779408586559,2025052300176,99,60819.05263225407,r,149.5940133929285,2.245767267166019,69.41716003417969,3153.46,163.798,False,12385.0,0.978352,5356.78,163.92,False,2155.12,27.3869,22.653031697037598,0.05639564972321086,21.167759972695357,8.57676381531224e-05,22.077740517284795,0.033224042024105525,23.06632129777445,0.01379735104907637
2000 SH189,105899,MBO,MBO,21163607367170376,745297383626637375,16.547537,3.553668,3.4393508,149.59430580675843,2.24578389344552,2025052300177,99,60819.053156911876,r,149.59403705080032,2.2457659602981206,69.14584350585938,1518.02,161.664,False,12040.8,0.179378,3690.38,160.229,False,2173.85,24.9013,23.446806252401373,0.11562723622752512,21.19836166076321,1.6174772043828876e-05,22.482322314604055,0.047140521062228595,23.056926017235714,0.01243703208969324
2000 SH189,105899,MBO,MBO,21163607367170376,745297383740407844,16.547539,3.5536673,3.439358,149.59438025295728,2.2457883776460505,2025052300178,60,60819.05368098723,r,149.59412766801114,2.2457781064082956,69.54864501953125,1956.96,167.46,False,12527.7,0.710015,4262.95,167.168,False,2256.08,25.2408,23.171045149602808,0.09290807976019279,21.155321621029703,6.153475723576042e-05,22.325724353127246,0.0425762302551332,23.016613723522937,0.012147109313115042
2000 SH189,105899,MBO,MBO,21163607367170376,745297384943124578,16.547565,3.5536585,3.4394538,149.59540058761343,2.245849737910739,2025052300187,50,60819.06085855108,i,149.5953974144083,2.2458450673834855,60.28657531738281,16669.2,274.769,False,15447.2,0.306102,16711.5,273.326,False,-52.0597,18.4308,20.845213157483286,0.017896880398928103,20.927875562428618,2.1514968915283646e-05,20.84246141678571,0.01775782674855004,nan,nan
2000 SH189,105899,MBO,MBO,21163607367170376,745297385077342292,16.547567,3.5536578,3.439461,149.59547539715427,2.24585422951532,2025052300188,50,60819.06138473396,i,149.59547462525202,2.245856467579404,62.947486877441406,17020.0,265.061,False,16099.2,0.455551,17027.2,264.297,False,-66.5594,51.8556,20.822601110628575,0.016908714994463486,20.882989247713915,3.072253317740338e-05,20.82214195670469,0.016852849070568263,nan,nan
2000 SH189,105899,MBO,MBO,21163607367170376,745297385216802835,16.54757,3.5536573,3.439468,149.5955499276853,2.245858703382658,2025052300189,60,60819.06190884062,i,149.59554766234953,2.2458605531591487,62.21171569824219,16322.1,259.87,False,14631.6,0.396525,16339.1,258.515,False,-89.5578,50.5733,20.868059940224555,0.017286395070582026,20.98677047936392,2.942409273563475e-05,20.866929698984844,0.017178370754061596,nan,nan
2000 SH189,105899,MBO,MBO,21163607367170376,745297385347350619,16.547571,3.5536566,3.439475,149.5956246060111,2.2458631851351014,2025052300190,53,60819.06243327331,i,149.5956238757574,2.2458637815407934,65.88797760009766,17296.7,261.491,False,15744.5,0.409587,17094.9,257.505,False,-102.158,54.9241,20.805091916723498,0.016414128465322888,20.90717781687772,2.8245001770884066e-05,20.81783356356916,0.016354731546784212,nan,nan
2000 SH189,105899,MBO,MBO,21163607367170376,745297385615786051,16.547575,3.5536554,3.4394891,149.59577469065053,2.2458721893416844,2025052300192,53,60819.063488538115,i,149.59577370967554,2.2458712755979353,66.75482940673828,17199.2,256.934,False,15525.9,0.109971,17303.4,254.678,False,-4.55035,48.4338,20.811229432582003,0.01621950720771867,20.922358011156845,7.690342914950727e-06,20.804671356951005,0.015980276255172475,nan,nan
2000 SH189,105899,MBO,MBO,21163607367170376,745297385749479530,16.547577,3.5536547,3.439496,149.59584967028775,2.2458766861895074,2025052300193,52,60819.064015990574,i,149.59584702278474,2.2458737200015806,58.91370391845703,16645.1,281.724,False,15989.7,2.05885,16698.4,279.643,False,42.7131,20.7101,20.846784003870795,0.018376456294482653,20.89039919784862,0.0001398004973275596,20.84331282434629,0.01818249222896999,27.32359725779301,0.5264358085668005
2000 SH189,105899,MBO,MBO,21163607367170376,745297385887891532,16.547579,3.553654,3.4395032,149.59592479782427,2.245881190908316,2025052300194,60,60819.06454344802,i,149.59592319703944,2.245885579386691,65.9605484008789,16879.9,254.687,False,15254.7,0.0445097,16965.0,252.694,False,31.8566,43.4317,20.831575301255995,0.016381784639633558,20.941490808107176,3.1679281590366032e-06,20.826115340047156,0.016172061585041145,27.642001450459933,1.4802386698918648
2000 SH189,105899,MBO,MBO,21163607367170376,745297386173104152,16.547583,3.5536528,3.4395173,149.59607450074978,2.245890164255986,2025052300196,92,60819.06559514809,i,149.59607692748958,2.24589127377773,62.380950927734375,16625.9,263.534,False,15459.3,1.53884,16697.2,261.4,False,39.8749,34.6735,20.8480370644469,0.017209798841033495,20.927025450987138,0.00010807568147714632,20.843390927797564,0.016997547527507675,27.39825096042028,0.9441095423383926
2000 SH189,105899,MBO,MBO,21163607367170376,745297386310991959,16.547585,3.553652,3.4395244,149.5961490760846,2.2458946328959453,2025052300197,99,60819.06611941331,i,149.596150200301,2.245892783879477,66.2734603881836,17085.4,254.244,False,16602.0,0.421032,17216.0,252.018,False,64.5522,28.3017,20.818437098001276,0.01615659644549332,20.84959897618851,2.75346162063245e-05,20.810169365034263,0.01589364966788599,26.875222374608864,0.4760206598368877
2000 SH189,105899,MBO,MBO,21163607367170376,745297386445209681,16.547586,3.5536513,3.4395313,149.59622379936087,2.245899109411787,2025052300198,99,60819.06664482081,i,149.59622485559282,2.2458971335009226,62.961727142333984,16472.5,258.179,False,15836.7,0.255004,16587.3,256.689,False,29.8134,34.2036,20.858101209451064,0.01701710559835984,20.900838262083948,1.7482623243557582e-05,20.85056070027708,0.01680180152890332,27.71397122281208,1.2456173570682294
2000 SH189,105899,MBO,MBO,21163607367170376,745297386558980157,16.547588,3.5536509,3.4395382,149.59629795892357,2.2459035511778382,2025052300199,60,60819.067165975925,i,149.59629695233855,2.2459045394387847,66.99272155761719,16840.6,245.984,False,15984.8,0.699501,16981.9,244.698,False,-17.7561,50.1121,20.83410612377636,0.015858920333105597,20.890731996269906,4.751223326850915e-05,20.82503427713532,0.01564474349749429,nan,nan
2000 SH189,105899,MBO,MBO,21163607367170376,745297386693197885,16.54759,3.5536501,3.4395454,149.59637255113168,2.245908017873236,2025052300200,60,60819.06768914743,i,149.596372547068,2.245905218942463,67.05419158935547,17078.7,251.167,False,15938.9,0.193903,17202.3,249.864,False,-14.0757,49.6061,20.818863024930156,0.015967323385249588,20.89385410866037,1.320840843738061e-05,20.81103365747297,0.015770354953821605,nan,nan
2000 SH189,105899,MBO,MBO,21163607367170376,745297386827415605,16.547592,3.5536494,3.4395523,149.5964470066886,2.245912475401813,2025052300201,60,60819.06821238123,i,149.5964410528072,2.2459136555924246,61.38992691040039,16381.2,259.917,False,15442.6,1.74897,16590.8,261.772,False,-39.2668,51.4565,20.864135705293354,0.017227143633258134,20.928198971630618,0.0001229663484470851,20.850331628898562,0.017130899525904107,nan,nan
2000 SH189,105899,MBO,MBO,21163607367170376,745301777353015357,16.546917,3.5525303,3.4515944,149.73041336370065,2.253064065195167,2025052400145,51,60819.98026129721,i,149.73041248130232,2.253065138599262,68.71808624267578,18249.3,265.037,False,16792.0,0.35688,18342.3,263.842,False,16.9139,44.6022,20.746884427013583,0.01576828921644907,20.837243936064137,2.3075127841531793e-05,20.741365472928685,0.015617605803669629,28.32939057944231,2.863102051767735
2000 SH189,105899,MBO,MBO,21163607367170376,745301777487757376,16.546919,3.5525296,3.4516013,149.73048870962822,2.2530677185191323,2025052400146,52,60819.9807832778,i,149.73048613032728,2.2530703298949595,69.66238403320312,18458.8,258.134,False,17290.7,0.0694636,18535.7,256.087,False,60.0862,46.9133,20.734491293351553,0.015183295801074859,20.805468609830708,4.361833373621489e-06,20.729977566287673,0.015000401672643717,26.95306313953676,0.8477065817474313
2000 SH189,105899,MBO,MBO,21163607367170376,745301777621975096,16.546919,3.552529,3.4516082,149.73056420254267,2.2530713781322724,2025052400147,52,60819.98130642876,i,149.7305610547706,2.2530732929027217,71.74446868896484,18397.7,249.469,False,17396.8,0.659809,18661.7,249.474,False,70.8237,61.4729,20.73809121409007,0.014722358251570176,20.798826524522692,4.117875012202554e-05,20.72262203655839,0.0145143778018561,26.774553471747517,0.9423872744802477
2000 SH189,105899,MBO,MBO,21163607367170376,745301777910857756,16.54692,3.5525277,3.451622,149.73071534062393,2.253078702216052,2025052400149,91,60819.98235309965,i,149.7307118640708,2.253081401240915,73.49993133544922,18571.9,250.817,False,16910.2,0.660143,18728.9,250.889,False,27.9257,71.5625,20.72785913578597,0.01466307127428832,20.829628189891782,4.238514079214507e-05,20.718719300328935,0.014544328455564704,27.784989859347384,2.782311608454931
2000 SH189,105899,MBO,MBO,21163607367170376,745301778024628254,16.54692,3.5525272,3.451629,149.7307908415117,2.253082359693435,2025052400150,52,60819.98287619607,i,149.73078764315207,2.2530805075452567,77.52118682861328,18897.9,240.383,False,16965.2,0.165444,19158.9,240.072,False,54.3017,74.9622,20.708966111183067,0.013810662345672362,20.82610259040144,1.058805971168782e-05,20.694073551294515,0.013604897128416804,27.062966422981177,1.4988328114611187
2000 SH189,105899,MBO,MBO,21163607367170376,745301778179293192,16.546923,3.5525265,3.4516358,149.73086663383793,2.2530860304424585,2025052400151,91,60819.98340187362,i,149.7308657595936,2.2530858827640574,69.7257308959961,18228.6,258.901,False,16513.4,0.473531,18540.3,258.649,False,161.866,58.9467,20.74811673555973,0.015420723271786847,20.85540872222942,3.113409395074178e-05,20.729708061323254,0.015146710542829015,25.87711093138466,0.3953922908002392
2000 SH189,105899,MBO,MBO,21163607367170376,745301778850906179,16.54693,3.5525181,3.4517257,149.731842802539,2.2531332318174417,2025052400156,92,60819.99016198833,i,149.7320652172041,2.253125606163449,57.512786865234375,2651.18,252.46,False,15205.1,1.22732,5048.9,252.466,False,2358.51,47.6588,22.841401990864505,0.10338980250695474,20.945026826063643,8.763807834843897e-05,22.142008098459684,0.05429132794932873,22.96840569055677,0.021939649391371857
2000 SH189,105899,MBO,MBO,21163607367170376,745301778985123889,16.546932,3.5525174,3.4517326,149.73191849030297,2.253136885678439,2025052400157,92,60819.990685411554,i,149.73211919639314,2.253131502640355,59.637603759765625,3971.56,248.116,False,15029.1,2.84087,6386.99,247.794,False,2370.59,47.0195,22.402597163978317,0.06782939633030695,20.95766759284297,0.0002052308779285502,21.886759369680302,0.04212295841094909,22.96285883959873,0.021535049241797558
2000 SH189,105899,MBO,MBO,21163607367170376,745301779098894370,16.546932,3.552517,3.4517395,149.73199403667016,2.2531405318604723,2025052400158,53,60819.99120829157,i,149.73217516582775,2.2531622238646904,56.633522033691406,5075.95,256.942,False,14655.9,0.718247,7603.57,256.9,False,2498.75,47.9057,22.1362066195201,0.0549594078112633,20.9849687384122,5.320906578022816e-05,21.697456153849977,0.03668350930205531,22.905692982184565,0.02081558925322021
2000 SH189,105899,MBO,MBO,21163607367170376,745301779233112163,16.546934,3.5525162,3.4517465,149.73206944164423,2.2531441703676576,2025052400159,53,60819.991730077396,i,149.7320669687115,2.2531436394918862,54.57040786743164,15821.0,290.132,False,14539.9,1.92485,18599.4,290.497,False,2666.29,40.056,20.90191517365774,0.01991067594339718,20.993596421785657,0.00014373408782045204,20.726252640966003,0.01695770367443398,22.835231524483717,0.016311147142870856
2000 SH189,105899,MBO,MBO,21163607367170376,745301779366805572,16.546934,3.5525155,3.4517534,149.73214528301634,2.2531478290745595,2025052400160,52,60819.99225536175,i,149.7319403969046,2.253135612048482,55.663970947265625,3731.02,261.121,False,14850.4,3.04307,6456.64,262.486,False,2665.92,35.6458,22.470431051648376,0.07598686804792787,20.970654592281925,0.00022248365500459775,21.8749835462173,0.04413914035632349,22.835382249843022,0.014517291748557024
2000 SH189,105899,MBO,MBO,21163607367170376,745301779501547622,16.546934,3.552515,3.4517605,149.73222098298123,2.2531514801012755,2025052400161,53,60819.99277955042,i,149.73199967988788,2.2531409246514245,57.23204040527344,3438.4,254.217,False,14868.8,1.19819,6133.56,256.864,False,2596.86,32.9383,22.559109035468282,0.08027355846768902,20.969310214747196,8.74931569363507e-05,21.93071844461107,0.04546895386673405,22.863878612845426,0.013771364083320142
2000 SH189,105899,MBO,MBO,21163607367170376,745301779659882507,16.546936,3.5525143,3.4517674,149.7322959637067,2.253155095592956,2025052400162,99,60819.993298227986,i,149.73203105891088,2.253139699472612,64.06440734863281,683.044,222.644,False,14584.1,0.486241,2917.84,222.414,False,2223.69,42.3664,24.313878288020582,0.3539049406441904,20.990300945280982,3.619897600730292e-05,22.737346283205227,0.0827608527409335,23.03231442101157,0.02068576886754311
2000 SH189,105899,MBO,MBO,21163607367170376,745301779789905980,16.546936,3.5525136,3.4517744,149.73237152542455,2.2531587382470923,2025052400163,91,60819.99382186806,i,149.7321238928001,2.2531587284765897,58.498016357421875,1896.81,243.809,False,14678.1,0.483183,4272.51,242.437,False,2382.59,25.8399,23.20494039000906,0.13955654830896752,20.983325423479663,3.574095331121346e-05,22.323292339860835,0.06160843131294581,22.95737667327802,0.01177513248405761
2000 SH189,105899,MBO,MBO,21163607367170376,745301779926220803,16.546936,3.5525131,3.4517813,149.7324468013019,2.2531623662700224,2025052400164,95,60819.99434295512,i,149.73218359186475,2.253152365523315,62.6064338684082,1291.72,241.627,False,15199.2,0.158659,3694.89,242.652,False,2408.13,32.8491,23.622079064845764,0.20309601670977126,20.945448161700778,1.1333610597782928e-05,22.480996247542464,0.07130281588810991,22.945800232626514,0.01481043670858168
2000 SH189,105899,MBO,MBO,21163607367170376,745301781111636023,16.546946,3.5525038,3.4518802,149.73352442272275,2.2532142102005195,2025052400173,52,60820.00179829667,z,149.7335242780794,2.253223394534427,31.555130004882812,19152.5,604.773,False,18282.3,4.66983,18840.2,597.714,False,-236.818,23.1529,20.694436322470715,0.03428398135456079,20.744922875755485,0.00027732851537163504,20.712286273079407,0.03444548068163557,nan,nan
2000 SH189,105899,MBO,MBO,21163607367170376,745301781245853719,16.546947,3.552503,3.4518874,149.73360018246888,2.2532178483728127,2025052400174,52,60820.00232259649,z,149.73360548753024,2.2532211352302522,31.75185775756836,18746.5,583.63,False,18055.3,2.26553,18461.9,578.136,False,-279.915,25.5971,20.717699509517168,0.03380194844287912,20.758488180783402,0.00013623523044853546,20.734308991389774,0.033999921912087956,nan,nan
2000 SH189,105899,MBO,MBO,21163607367170376,745301781380071446,16.546947,3.5525026,3.4518943,149.7336759457615,2.25322148584567,2025052400175,52,60820.002846007206,z,149.73366604459392,2.253208396661069,32.16548538208008,18897.8,578.723,False,17815.0,4.46681,18755.2,570.274,False,-285.051,27.7138,20.70897183402992,0.03324940003793024,20.773035433282413,0.0002722300074448629,20.717195795972653,0.033013091831055406,nan,nan
2000 SH189,105899,MBO,MBO,21163607367170376,745301781514813476,16.546947,3.552502,3.4519012,149.7337509895325,2.2532250879156317,2025052400176,53,60820.00336581418,z,149.73375499811806,2.253224614631252,34.20359802246094,19754.3,572.195,False,17878.0,3.88565,19591.9,564.381,False,-232.977,30.8573,20.660845844748664,0.03144899141271636,20.769202667645864,0.00023597666386773668,20.66980858980736,0.031276642521381966,nan,nan
2000 SH189,105899,MBO,MBO,21163607367170376,745301781783248925,16.54695,3.5525007,3.451915,149.73390238891582,2.253232352422451,2025052400178,53,60820.00441263528,z,149.73390231158996,2.2532363213236697,30.927453994750977,17851.6,571.683,False,16014.1,0.704116,17586.9,558.338,False,-121.757,30.4159,20.77080715610648,0.03476982042515995,20.888743686158328,4.773819558336629e-05,20.78702674045049,0.03446928005569159,nan,nan
2000 SH189,105899,MBO,MBO,21163607367170376,745301781937389582,16.54695,3.5525,3.451922,149.7339778770509,2.253235973224509,2025052400179,91,60820.00493446327,z,149.73397487527248,2.25324289260195,34.02579879760742,19120.8,548.033,False,17410.1,5.19896,19226.8,544.349,False,-77.9183,38.194,20.696234808445354,0.0311189524981413,20.79799686030573,0.00032421979416342745,20.690232434052405,0.03073935299937973,nan,nan
2000 SH189,105899,MBO,MBO,21163607367170376,745301782071607341,16.54695,3.5524993,3.4519289,149.73405336867123,2.253239593327697,2025052400180,91,60820.005456584026,z,149.73405659544784,2.253246437156423,31.67799949645996,18127.2,567.777,False,16747.5,1.36892,18058.3,561.151,False,-35.2992,28.5139,20.754173230771357,0.03400724035209298,20.840125033842153,8.874673660730589e-05,20.75830779397728,0.03373860948916729,nan,nan
2000 SH189,105899,MBO,MBO,21163607367170376,745301782185902169,16.546951,3.5524988,3.451936,149.7341288639312,2.253243212738881,2025052400181,53,60820.00597883633,z,149.7341376964392,2.253243219904531,31.271240234375,18053.0,562.663,False,16313.4,0.219569,18260.4,559.073,False,8.42212,31.751,20.758626544619514,0.03383945146043314,20.86863876126138,1.461338558803191e-05,20.746224260113195,0.03324164761435371,29.08644642524247,4.0931747891123695
2000 SH189,105899,MBO,MBO,21163607367170376,745301783417978937,16.546957,3.5524929,3.4519985,149.73480877435557,2.253275770038622,2025052400190,99,60820.010678378465,z,149.73508474967804,2.2532927096370754,36.52901840209961,918.797,467.106,False,16974.6,0.443569,3815.07,462.189,False,2761.54,96.8356,23.991951082228454,0.5519759900807032,20.82550115226369,2.837174004781357e-05,22.4462437032358,0.1315350220868632,22.797121639096552,0.03807220511157395
2000 SH189,105899,MBO,MBO,21163607367170376,745301783954849875,16.546959,3.5524905,3.4520264,149.73511150428217,2.2532902434533244,2025052400194,99,60820.0127708697,z,149.73538639992583,2.2532959135454527,32.03627395629883,-1093.95,450.955,False,13903.0,2.20124,3777.56,444.171,False,4950.18,98.61,nan,nan,21.04222869309372,0.00017190290091722907,22.456971555454796,0.1276624375140136,22.163447483512794,0.021628394121428668
2000 SH189,105899,MBO,MBO,21163607367170376,745301784089067604,16.546959,3.5524898,3.4520333,149.73518719637204,2.2532938600742662,2025052400195,99,60820.01329302211,z,149.73538462962802,2.2533078074977033,32.11687088012695,1977.36,444.17,False,14121.1,3.49297,6687.31,435.657,False,4770.96,90.3378,23.159785646619973,0.2438865296248292,21.025328708690395,0.00026856576930569176,21.836871350436546,0.07073226568839734,22.203485570328144,0.02055834044175267
2000 SH189,105899,MBO,MBO,21163607367170376,745301784359075865,16.54696,3.5524886,3.452047,149.73533830265853,2.2533010774125124,2025052400197,102,60820.014337399916,z,149.73550172466315,2.2533158178857047,29.956472396850586,3476.77,434.998,False,12975.0,3.88442,8341.23,430.402,False,4876.08,111.71,22.547060089909515,0.1358424801094145,21.11723158369876,0.00032504472751612154,21.59692469763497,0.05602327432366509,22.179822926829054,0.0248739947860225
2000 SH189,105899,MBO,MBO,21163607367170376,745301784491720763,16.54696,3.5524879,3.452054,149.73541400643938,2.2533046919602744,2025052400198,99,60820.01486095751,z,149.73558008798753,2.2533082365501174,30.93670654296875,3641.96,425.79,False,13074.4,1.64636,8384.36,418.374,False,4770.53,119.209,22.49666208267859,0.12693594461771418,21.108945548315024,0.00013671852228596264,21.59132516102372,0.05417751291638224,22.20358347064201,0.027131059371671894
2000 SH189,105899,MBO,MBO,21163607367170376,745301784627511358,16.54696,3.5524871,3.4520612,149.73549014847944,2.2533083265462723,2025052400199,102,60820.015386180174,z,149.73570202062754,2.2533155249251346,31.355451583862305,153.678,398.732,False,12632.6,3.23565,4212.09,393.124,False,4092.03,122.198,25.93347079427254,2.817044600409823,21.14626817154654,0.00027809497074879835,22.33875593474871,0.10133424687167505,22.3701529697127,0.032422731426350895
2000 SH189,105899,MBO,MBO,21163607367170376,745301784758059009,16.54696,3.5524864,3.452068,149.73556600491955,2.2533119466144984,2025052400200,95,60820.0159104199,z,149.73575502967907,2.253331147987797,28.571989059448242,2751.32,447.695,False,12937.2,6.00278,7140.46,438.751,False,4394.34,124.978,22.801147210106627,0.176671076452116,21.1203992533898,0.0005037748070727496,21.765684529361007,0.06671388900252119,22.292765898034652,0.030879071891837313
2000 SH189,105899,MBO,MBO,21163607367170376,745301784895946845,16.546963,3.552486,3.452075,149.73564172061182,2.2533155590847262,2025052400201,102,60820.016433712604,z,149.73581169131185,2.2533283621123044,30.799596786499023,4367.36,423.878,False,12939.5,2.96136,8374.46,415.353,False,4005.18,139.021,22.299452553630225,0.10537709172926954,21.120206262691543,0.00024848377009426063,21.592607973726864,0.05384989462156064,22.393444921444157,0.03768622914743655
2000 SH189,105899,MBO,MBO,21163607367170376,745301785138167843,16.546963,3.5524843,3.4520922,149.7358277695248,2.253324431920193,2025052400203,52,60820.01771853029,z,149.73560858918762,2.2533214104823163,27.65647315979004,1543.37,453.474,False,12505.2,0.845549,6736.75,448.206,False,5184.74,135.13,23.428824867967045,0.3190117342010491,21.15727337818164,7.341291096231412e-05,21.82887392241355,0.07223564396748312,22.113182494331802,0.02829756786611669
2000 SH189,105899,MBO,MBO,21163607367170376,745301785272385566,16.546965,3.5524836,3.452099,149.7359036438937,2.2533280489075143,2025052400204,52,60820.01824204062,z,149.73566415807903,2.253320760070318,30.127952575683594,499.353,462.712,False,13881.7,3.73705,5491.75,457.912,False,4934.44,134.233,24.653980848492537,1.0060682123984324,21.04389334835155,0.0002922877232761041,22.050723103247584,0.09053063653834281,22.16690533147755,0.0295355970605389
2000 SH189,105899,MBO,MBO,21163607367170376,745301785809256497,16.546968,3.5524774,3.4521663,149.73663450873207,2.2533628443699008,2025052400208,52,60820.023288582335,r,149.73663283583556,2.253363469040104,79.12957763671875,16714.2,207.832,False,15585.2,0.400083,16854.7,207.239,False,28.5289,18.126,20.842286064311637,0.013500540752761482,20.918219036858755,2.78716088634275e-05,20.833197483236148,0.013349801185688983,27.761787427632637,0.6898286912563758
2000 SH189,105899,MBO,MBO,21163607367170376,745301785943474203,16.546968,3.552477,3.4521735,149.73671042746903,2.2533664540320038,2025052400209,52,60820.02381293694,r,149.73670985576072,2.2533711255262063,74.51499938964844,16777.6,220.905,False,15876.6,0.386742,16854.3,219.334,False,29.1574,6.92322,20.838175435194614,0.014295522635592785,20.89810626878649,2.6447715322176054e-05,20.833223149854504,0.014129263944413214,27.738128008069683,0.257800446706938
2000 SH189,105899,MBO,MBO,21163607367170376,745301786077691924,16.54697,3.5524762,3.4521804,149.7367857709724,2.2533700354636848,2025052400210,52,60820.024332603716,r,149.73677943351052,2.253371605438335,77.09780883789062,16769.6,215.166,False,15429.5,0.269666,16933.7,215.154,False,27.3962,11.7294,20.83869326619124,0.013930774858810292,20.92912036805005,1.8975736382720948e-05,20.828120396399285,0.01379500674574609,27.805774172809688,0.46484672363838464
2000 SH189,105899,MBO,MBO,21163607367170376,745301786212433976,16.54697,3.5524755,3.4521873,149.73686155332678,2.2533736368711885,2025052400211,53,60820.02485572451,r,149.7368616906392,2.253372923285815,74.41276550292969,16555.3,221.219,False,14777.6,0.253888,16681.4,220.548,False,14.0435,8.50066,20.85265731114712,0.014508070514229459,20.975990261447244,1.865359819998947e-05,20.844418733707325,0.014354727264252997,28.53131160764025,0.6572061308894392
2000 SH189,105899,MBO,MBO,21163607367170376,745301786367098904,16.54697,3.552475,3.4521942,149.73693690534978,2.2533772169479285,2025052400212,92,60820.025375670215,r,149.73693980933683,2.253372795716171,72.7602767944336,16636.8,227.569,False,15128.2,0.0880662,16681.2,227.223,False,-4.06811,7.24321,20.847325459631037,0.014851407184254976,20.95053184248973,6.3204253166573895e-06,20.84443182738651,0.014789359100518939,nan,nan
2000 SH189,105899,MBO,MBO,21163607367170376,745301786480869408,16.54697,3.5524743,3.4522011,149.73701298621998,2.253380830762544,2025052400213,53,60820.02590084262,r,149.73701086644675,2.2533817804153853,67.33802795410156,16661.7,244.467,False,15277.7,0.0904856,16792.1,245.766,False,-10.6434,7.37793,20.84570177447562,0.01593034804643463,20.939855041700774,6.430515949060402e-06,20.837237495545796,0.015890630554265418,nan,nan
2000 SH189,105899,MBO,MBO,21163607367170376,745301786635010063,16.546972,3.5524735,3.452208,149.73708863664464,2.253384423243423,2025052400214,91,60820.026422853975,r,149.73708746115463,2.2533903621329117,62.636558532714844,16483.3,260.743,False,15167.0,0.773642,16511.9,260.725,False,-22.6737,5.75338,20.85738954113261,0.017174844495810943,20.947750783084423,5.538149487445741e-05,20.855507349903945,0.017143912688154017,nan,nan
2000 SH189,105899,MBO,MBO,21163607367170376,745301786769227810,16.546972,3.552473,3.4522152,149.73716443638648,2.253388021926954,2025052400215,91,60820.026945783255,r,149.73716569905113,2.253390906950935,64.88404083251953,16214.3,247.338,False,15067.5,0.172527,16228.7,246.62,False,-34.9239,6.40684,20.875254502695878,0.01656215944345446,20.954896999650124,1.2431976806554008e-05,20.874290656782062,0.016499427205719445,nan,nan
2000 SH189,105899,MBO,MBO,21163607367170376,745301787038187545,16.546972,3.5524716,3.452229,149.73731604903088,2.2533952172505245,2025052400217,92,60820.027991999144,r,149.73731548173328,2.2533970469102518,73.53800964355469,16957.4,230.588,False,15774.1,0.291399,16963.8,229.774,False,-37.986,7.22234,20.826601813355857,0.014763922030048898,20.905138552608932,2.0057084360960527e-05,20.826192091077836,0.01470625340289019,nan,nan
2000 SH189,105899,MBO,MBO,21163607367170376,745301787172405287,16.546974,3.552471,3.452236,149.7373917170411,2.2533988070167155,2025052400218,92,60820.0285134994,r,149.7373860304817,2.2533962510259196,70.70286560058594,16352.9,229.916,False,14700.0,0.0432364,16350.3,229.096,False,-24.8776,7.11228,20.866013021586877,0.015265067338995629,20.981706663129557,3.1934235275775804e-06,20.866185698896437,0.015213043001168472,nan,nan
2000 SH189,105899,MBO,MBO,21163607367170376,745301787308195842,16.546974,3.5524704,3.452243,149.73746782435228,2.2534024167290645,2025052400219,95,60820.0290386908,r,149.7374649275312,2.2533995158480344,69.95413970947266,16282.4,231.786,False,14671.4,0.0619993,16315.0,231.33,False,-3.97809,7.43971,20.870703924975015,0.015455856692796267,20.983821076520893,4.5881702770203864e-06,20.868532304690262,0.015394628148007381,nan,nan
2000 SH189,105899,MBO,MBO,21163607367170376,745301787446083591,16.546974,3.5524697,3.45225,149.73754408109892,2.253406032628843,2025052400220,102,60820.029564888915,r,149.7375384261631,2.2534081715774334,68.57180786132812,15449.2,225.188,False,14362.9,0.314973,15503.6,224.558,False,15.3555,6.99734,20.927734997677703,0.015825723353290827,21.006894628567622,2.3809786098238646e-05,20.923918640220567,0.015726073644390708,28.434340078499826,0.4947585871651451
2000 SH189,105899,MBO,MBO,21163607367170376,745301787554611264,16.546974,3.552469,3.452257,149.73762005239288,2.2534096340969008,2025052400221,53,60820.030088322615,r,149.73761824667721,2.2534159728805805,65.18138885498047,16194.8,247.127,False,14699.9,0.226537,16506.4,248.833,False,52.9389,6.63586,20.876561040600535,0.016567955956008452,20.981714020263652,1.673204719400701e-05,20.855869061381526,0.016367407948453642,27.090562717633148,0.13609639444574467
2000 SH189,105899,MBO,MBO,21163607367170376,745301787688829004,16.546974,3.5524685,3.452264,149.73769617322714,2.253413241756497,2025052400222,53,60820.030613783456,r,149.73769447501638,2.2534173253256826,61.59557342529297,15863.6,254.107,False,14617.9,0.204765,16171.7,255.248,False,89.0423,6.8343,20.898995650189157,0.01739158644598146,20.98778750453436,1.5208803967584849e-05,20.87811079645751,0.017136849721296307,26.52600910844986,0.0833339571039567
2000 SH189,105899,MBO,MBO,21163607367170376,745301787823046744,16.546976,3.5524678,3.452271,149.737771718582,2.253416821253447,2025052400223,53,60820.031134837554,r,149.73776989790295,2.2534202427805834,77.06539916992188,16214.2,207.201,False,14465.0,0.00261789,16404.7,206.113,False,117.318,20.4696,20.87526117272408,0.01387460553255162,20.999203905039995,1.964976128327513e-07,20.86257932005778,0.013641478611963034,26.226588366013736,0.1894388448676341
2000 SH189,105899,MBO,MBO,21163607367170376,745306225885839384,16.5432,3.5513113,3.4646697,149.87868166349756,2.2591856793245624,2025052500521,90,60820.97064975185,g,149.87867273916757,2.2591833746787944,70.08002471923828,10920.5,155.394,False,10344.2,0.439835,10856.1,152.245,False,-47.5397,5.59103,21.304393692020103,0.015449557140593664,21.363257707442564,4.6165463504911104e-05,21.310815451229253,0.015226269944060648,nan,nan
2000 SH189,105899,MBO,MBO,21163607367170376,745306226134351957,16.543198,3.55131,3.4646835,149.87883597850765,2.259191208138645,2025052500523,52,60820.97169588203,g,149.87883806593695,2.2591936365062564,68.13407135009766,10537.8,153.45,False,10076.7,0.0673873,10589.4,152.576,False,-7.92585,6.03473,21.34312514084226,0.015810341854532103,21.39170415623098,7.2607924706844145e-06,21.33782157622215,0.015643689485717167,nan,nan
2000 SH189,105899,MBO,MBO,21163607367170376,745306226269093979,16.543198,3.5513093,3.4646904,149.87891343456127,2.259193982042226,2025052500524,53,60820.972220035575,g,149.8789104987858,2.2591936121288128,71.00519561767578,10627.1,150.445,False,10408.7,0.0725636,10497.1,146.673,False,6.42678,5.11583,21.333963121739483,0.015370477108627836,21.356508750971066,7.569142161024667e-06,21.34732670414594,0.015170684931339827,29.38001637843418,0.8642650899496854
2000 SH189,105899,MBO,MBO,21163607367170376,745306226423234614,16.543196,3.5513089,3.4646974,149.87899059788904,2.259196744664472,2025052500525,91,60820.97274321155,g,149.87899484504499,2.2591879322586634,70.36441802978516,11065.0,157.998,False,10560.1,0.107567,11126.5,156.091,False,27.9463,5.6792,21.290121454341808,0.015503312252345264,21.34082996312344,1.1059496391515842e-05,21.284103569337375,0.015231533154892696,27.784189188219628,0.22064148490120428
2000 SH189,105899,MBO,MBO,21163607367170376,745306226537005131,16.543196,3.5513082,3.4647043,149.87906717338976,2.259199485453215,2025052500526,52,60820.97326288884,g,149.8790620098673,2.2591948390593544,71.49333190917969,10960.2,153.407,False,10605.9,0.38122,11044.5,151.722,False,49.5903,5.09809,21.300453782757437,0.015196759956663764,21.3361311401031,3.902585869590549e-05,21.292134851169042,0.014915122331554084,27.16150812787447,0.11161821779071021
2000 SH189,105899,MBO,MBO,21163607367170376,745306226691670078,16.543194,3.5513074,3.4647112,149.87914434144798,2.2592022466562427,2025052500527,91,60820.97378587482,g,149.87914144727762,2.2592005713249774,69.88516998291016,10709.6,153.019,False,10239.4,0.0470396,10755.7,151.021,False,76.3944,5.69258,21.325566913650867,0.015513023019284306,21.374313686200104,4.9878501575736536e-06,21.32090327954134,0.015244843214306088,26.692346167202878,0.0809043636872126
2000 SH189,105899,MBO,MBO,21163607367170376,745306226827460613,16.543194,3.5513067,3.464718,149.8792213643211,2.259205001868456,2025052500528,94,60820.9743077991,g,149.87921732547366,2.2592000879903273,70.47481536865234,11246.4,159.144,False,10395.9,0.132791,11214.2,156.005,False,95.4598,5.30506,21.272466147357385,0.015363884756026696,21.357844725969393,1.3868543211204339e-05,21.275579237915135,0.01510408936658173,26.450448691481146,0.06033844161674793
2000 SH189,105899,MBO,MBO,21163607367170376,745306226960629767,16.543192,3.5513062,3.464725,149.87929809455815,2.25920774582158,2025052500529,92,60820.97482747467,g,149.87929820404952,2.259204893181645,69.9422378540039,11268.7,160.949,False,10868.1,0.373252,11421.8,160.096,False,110.337,5.09162,21.270315438491323,0.0155073929519241,21.30961597449356,3.728832355472254e-05,21.255663640475714,0.015218443577610251,26.293197090911264,0.05010247008248597
2000 SH189,105899,MBO,MBO,21163607367170376,745306227094847556,16.54319,3.5513055,3.464732,149.8793752698108,2.2592105048921964,2025052500530,92,60820.97535075101,g,149.8793774973914,2.2592112985141988,74.43943786621094,10793.1,145.01,False,9999.52,0.0155014,10887.5,143.28,False,104.37,5.83633,21.31713453705698,0.014587338835554981,21.400052167484965,1.6831240387854507e-06,21.3076795799607,0.014288338194478365,26.353560762759834,0.060713946045208286
2000 SH189,105899,MBO,MBO,21163607367170376,745306227229065301,16.54319,3.5513048,3.4647388,149.8794520049234,2.2592132474346,2025052500531,92,60820.97587058709,g,149.8794484146841,2.259207732505343,74.6334228515625,10898.1,144.842,False,10219.4,0.00494244,10804.1,141.32,False,81.1588,5.40205,21.30662306733133,0.014430056967490465,21.376436462724943,5.250979315482498e-07,21.316028551122034,0.014201669177082342,26.626660981328545,0.07226821261024564
2000 SH189,105899,MBO,MBO,21163607367170376,745306227364855819,16.543188,3.5513043,3.464746,149.87953007064527,2.259216036721797,2025052500532,95,60820.97639929077,g,149.87953055252615,2.2592155472011966,76.76276397705078,10931.5,141.587,False,10328.6,0.12063,10948.6,139.077,False,40.4033,6.60672,21.30330060221037,0.014062675581553542,21.364896394446077,1.2680553719411884e-05,21.30160356525927,0.013791803064349786,27.38395787117687,0.17753883586038532
2000 SH189,105899,MBO,MBO,21163607367170376,745306227499073542,16.543188,3.5513036,3.464753,149.87960710583832,2.259218788385296,2025052500533,95,60820.97692103904,g,149.87960782501182,2.2592161260641457,77.76461791992188,11109.5,141.574,False,10305.7,0.0451649,11210.2,140.172,False,-4.17784,6.33996,21.285763716762908,0.013836088304509298,21.367306239544554,4.758256896601326e-06,21.275966578917746,0.01357601197667516,nan,nan
2000 SH189,105899,MBO,MBO,21163607367170376,745306227765411857,16.543186,3.5513024,3.4647667,149.87976162668974,2.259224305396305,2025052500535,91,60820.97796848843,g,149.87975724305892,2.259220006644389,77.09188079833984,10972.4,141.346,False,10425.2,0.299766,11013.9,140.572,False,-59.0723,6.88213,21.299245882666405,0.01398640740218559,21.35478899127287,3.121923775983555e-05,21.29514713895714,0.013857408467623062,nan,nan
2000 SH189,105899,MBO,MBO,21163607367170376,745306227899629590,16.543184,3.5513017,3.4647737,149.87983793158853,2.259227028600261,2025052500536,91,60820.9784858992,g,149.87984056544548,2.259219634388367,74.6270751953125,10804.2,144.184,False,10231.2,0.188913,10823.7,143.372,False,-71.6451,5.98233,21.31601844298812,0.01448934602710938,21.37518354337657,2.004747073343759e-05,21.314060614317995,0.014381788283615377,nan,nan
2000 SH189,105899,MBO,MBO,21163607367170376,745306228033847327,16.543184,3.551301,3.4647806,149.87991527219128,2.259229787966615,2025052500537,91,60820.979009012066,g,149.87991424448177,2.2592254871306987,75.36186981201172,10772.1,141.932,False,9709.15,0.0870141,10737.7,140.004,False,-77.8682,6.95228,21.319249098325404,0.014305541540076476,21.432046929557195,9.730445658282196e-06,21.32272181508242,0.014156421436655917,nan,nan
2000 SH189,105899,MBO,MBO,21163607367170376,745306228172259406,16.543182,3.5513003,3.4647872,149.87999172985857,2.259232515039044,2025052500538,99,60820.97952775342,g,149.87998947377156,2.259231247063034,76.79784393310547,11408.1,147.556,False,10567.7,0.542112,11303.2,145.265,False,-86.2229,6.26984,21.256966738625984,0.01404325844355029,21.340048790283674,5.5697134360104537e-05,21.266996450937317,0.013953523462047148,nan,nan
2000 SH189,105899,MBO,MBO,21163607367170376,745306228303855629,16.543182,3.5512998,3.4647944,149.88006966614762,2.2592352940392866,2025052500539,94,60820.98005534505,g,149.88006817498336,2.259234931264398,68.58268737792969,10844.6,157.378,False,10230.9,0.0704522,10832.9,157.501,False,-93.4697,5.1385,21.311966194566843,0.015756321586919732,21.37521535915249,7.476614918740145e-06,21.313138125518066,0.015785665842612002,nan,nan
2000 SH189,105899,MBO,MBO,21163607367170376,745306228436500483,16.543175,3.5512958,3.4648376,149.8805503341465,2.2592524152492386,2025052500540,91,60820.983311723336,u,149.88056104030608,2.2592883830542654,11.961830139160156,3915.27,327.676,False,3806.76,4.6307,4002.73,319.815,False,-4.55632,14.9308,22.418095702821866,0.09086721714953397,22.44861125406325,0.0013207343650282438,22.394109264774535,0.08674947565031116,nan,nan
2000 SH189,105899,MBO,MBO,21163607367170376,745306228684488736,16.543173,3.5512943,3.464854,149.88073267938202,2.259258902140652,2025052500542,52,60820.98454604609,u,149.88073874829522,2.259296143782298,11.095688819885254,4042.69,358.585,False,4137.48,3.46798,4020.4,350.646,False,3.90651,11.8393,22.38332391521641,0.0963043699488452,22.35816023645022,0.0009100494410250615,22.389326865582788,0.09469432450998772,29.920527617212585,3.290496233378637
2000 SH189,105899,MBO,MBO,21163607367170376,745306228973371417,16.543169,3.5512927,3.4648702,149.88091444977297,2.259265364098157,2025052500544,91,60820.985777339905,u,149.8809757320029,2.259247217820664,12.035264015197754,3647.66,302.438,False,3713.97,6.57295,3543.99,294.067,False,-51.4692,28.9586,22.49496414925498,0.09002151556976672,22.475404030173046,0.0019215259466111344,22.526268783548325,0.09009031467224092,nan,nan
2000 SH189,105899,MBO,MBO,21163607367170376,745306229087141935,16.543169,3.551292,3.4648783,149.88100541480537,2.259268596232723,2025052500545,52,60820.986393106185,u,149.8810199868414,2.2592814155049696,11.345808029174805,3411.17,300.948,False,3461.83,3.40504,3348.86,293.362,False,-59.8466,15.0713,22.567741615953345,0.0957882910298904,22.551735632560977,0.0010679251006356178,22.587757484870604,0.09511109265633613,nan,nan
2000 SH189,105899,MBO,MBO,21163607367170376,745306229241806865,16.543167,3.5512912,3.4648867,149.8810965315936,2.2592718326336887,2025052500546,91,60820.98701003194,u,149.8811165757844,2.2592833471838714,12.742134094238281,3951.75,305.629,False,4029.3,1.1879,3913.43,297.974,False,-70.9826,19.032,22.40802634508878,0.08397101743237084,22.386925977285834,0.00032009181858868603,22.418606094098074,0.082669465013439,nan,nan
2000 SH189,105899,MBO,MBO,21163607367170376,745306229377597443,16.543165,3.5512905,3.4648948,149.88118735702392,2.2592750575637264,2025052500547,94,60820.987625629394,u,149.88114780561992,2.259287772682944,12.31951904296875,3821.93,312.517,False,3627.69,10.2818,3632.23,296.378,False,-68.4132,26.8494,22.44429319808266,0.08878002101447093,22.50092459791817,0.003077253840219596,22.499566653071177,0.0885924945698315,nan,nan
2000 SH189,105899,MBO,MBO,21163607367170376,745306229510766594,16.543165,3.5512896,3.4649029,149.88127818661752,2.259278281520771,2025052500548,92,60820.98824021709,u,149.88126015648845,2.25928065256455,9.929564476013184,2945.66,292.491,False,3161.33,3.66701,2865.39,281.796,False,-67.9319,15.7023,22.727043488964377,0.10780880170335255,22.650325391511224,0.0012594083808456955,22.75704068845223,0.10677643188472821,nan,nan
2000 SH189,105899,MBO,MBO,21163607367170376,745306229644984342,16.543163,3.5512888,3.464911,149.8813685771999,2.2592814887819896,2025052500549,92,60820.98885259776,u,149.88136943775748,2.2592834612742947,11.585174560546875,3501.38,306.679,False,3765.4,3.82357,3448.59,299.263,False,-70.3555,14.8351,22.5394019195605,0.09509750128349112,22.460472232484022,0.0011025092957610788,22.555896061013208,0.09421840987005176,nan,nan
2000 SH189,105899,MBO,MBO,21163607367170376,745306229779202074,16.543161,3.5512881,3.464919,149.8814592673197,2.259284705554765,2025052500550,92,60820.98946626492,u,149.88147106866742,2.259285879727107,11.165675163269043,3431.2,304.363,False,3369.2,15.5312,3449.11,297.832,False,-62.9639,16.0287,22.561384932373162,0.09630972847644395,22.58118303568628,0.005004982438477828,22.555732353105547,0.09375374402658575,nan,nan
2000 SH189,105899,MBO,MBO,21163607367170376,745306229914992645,16.543161,3.5512874,3.4649274,149.88154996162064,2.2592879213565946,2025052500551,95,60820.99008081766,u,149.88156292373884,2.259304105119151,11.228995323181152,3204.82,285.003,False,3394.34,5.13603,3187.14,278.649,False,-45.7831,15.278,22.635490871300696,0.09655395900286595,22.573111616820405,0.001642844791440791,22.641497184238972,0.09492501226892003,nan,nan
2000 SH189,105899,MBO,MBO,21163607367170376,745306230049210371,16.54316,3.5512867,3.4649355,149.88164095558037,2.2592911466582137,2025052500552,95,60820.99069647894,u,149.8816329896427,2.259289811594738,10.906622886657715,3331.61,301.182,False,3353.5,3.67762,3453.63,295.11,False,-62.1424,20.926,22.593364572562074,0.098152004136083,22.586254223308323,0.0011906739555011382,22.55431051641831,0.09277531361319531,nan,nan
2000 SH189,105899,MBO,MBO,21163607367170376,745306230181855233,16.543158,3.551286,3.4649436,149.88173210151012,2.2592943762159083,2025052500553,92,60820.99131314667,u,149.88170676375734,2.2592900867329364,9.720853805541992,2940.31,296.61,False,3307.73,8.00224,2997.28,287.629,False,-52.4608,18.4601,22.729017175979607,0.10952593208588031,22.601174875956797,0.0026266720484896698,22.708181699945605,0.10419087085632915,nan,nan
2000 SH189,105899,MBO,MBO,21163607367170376,745306230315548678,16.543158,3.551285,3.4649518,149.88182280858967,2.2592975890999574,2025052500554,91,60820.99192794111,u,149.88182932884354,2.2592831970870906,9.705435752868652,3447.43,352.561,False,3505.13,13.2406,3320.29,340.996,False,-26.3536,14.7592,22.55626138003842,0.11103583095594251,22.538239711473217,0.004101359685399229,22.597059943704824,0.1115058325952424,nan,nan
2000 SH189,105899,MBO,MBO,21163607367170376,745306230449766404,16.543156,3.5512843,3.46496,149.88191337220624,2.259300795783448,2025052500555,91,60820.99254046436,u,149.8818417582755,2.2592653153182307,8.14096450805664,2855.86,355.291,False,3294.65,21.1976,2601.32,346.417,False,-30.6925,12.4241,22.760657675067677,0.13507394313636278,22.605476819562874,0.006985568062367275,22.862015521499565,0.1445871559352541,nan,nan
2000 SH189,105899,MBO,MBO,21163607367170376,745306230583984142,16.543154,3.5512836,3.4649682,149.8820045312258,2.2593040224191574,2025052500556,91,60820.99315735164,u,149.8820037954692,2.2592877954880732,6.929914951324463,2782.81,393.453,False,2736.03,82.1073,2672.47,390.165,False,-21.1262,11.1052,22.788791088835893,0.1535089212547406,22.807197850816973,0.03258256200345466,22.83271791514005,0.15851114521430282,nan,nan
2000 SH189,105899,MBO,MBO,21163607367170376,745306230722396180,16.543154,3.551283,3.4649763,149.88209539908547,2.259307237620657,2025052500557,99,60820.9937722632,u,149.8821281932745,2.25930487520142,8.029064178466797,3105.05,389.173,False,3363.31,13.4705,2982.63,383.073,False,1.56897,10.9068,22.66982848811085,0.1360812914046378,22.583082734680076,0.004348516575372172,22.713501588204757,0.13944613961036967,30.91096342523889,7.547568274473004
2000 SH189,105899,MBO,MBO,21163607367170376,745306230852419593,16.543146,3.5512788,3.4650204,149.88258704982408,2.259324614265973,2025052500558,91,60820.99709920843,r,149.88259335906903,2.2593313250468037,43.69041442871094,16883.3,383.507,False,16824.0,2.44672,17085.6,388.516,False,-21.3957,4.43264,20.831356605925208,0.024662678679645528,20.835176850804338,0.00015789897538680733,20.818424438201472,0.02468897126406655,nan,nan
2000 SH189,105899,MBO,MBO,21163607367170376,745306231100407850,16.543144,3.5512774,3.4650345,149.88274135551782,2.259330061149287,2025052500560,52,60820.99814325482,r,149.88272864760376,2.2593288891818424,38.477447509765625,16347.6,427.467,False,15905.1,0.205243,16893.1,436.674,False,6.62085,4.35128,20.866365019272973,0.02839049283855056,20.896159016695464,1.4010585801973798e-05,20.830726642836485,0.02806547019984208,29.347715613995508,0.7135552689059151
2000 SH189,105899,MBO,MBO,21163607367170376,745306231255597058,16.543142,3.551277,3.4650414,149.8828186612102,2.259332788760521,2025052500561,92,60820.998666450614,r,149.88282808034376,2.2593354016146634,60.73029327392578,16034.6,261.799,False,15565.8,0.159199,16853.2,262.339,False,23.5928,4.96166,20.887354700285226,0.017726957441245358,20.919571398530053,1.1104351821557157e-05,20.83329411366306,0.016900704421744024,27.968051278207078,0.2283346515071809
2000 SH189,105899,MBO,MBO,21163607367170376,745306231503585357,16.54314,3.5512755,3.4650552,149.882973726315,2.259338257523836,2025052500563,53,60820.99971589072,r,149.88296368997553,2.2593371671238853,54.1649169921875,15442.9,288.482,False,15072.1,1.45831,15485.0,288.393,False,14.9839,7.06838,20.928177824549117,0.020282158018683393,20.95456561087724,0.00010505105556196542,20.925221975767982,0.020220776695537755,28.460937829990613,0.5121761295565198
2000 SH189,105899,MBO,MBO,21163607367170376,745306231657725991,16.543139,3.5512748,3.4650621,149.8830511900664,2.2593409882447,2025052500564,91,60821.000239021814,r,149.88305250907484,2.2593400435453272,55.12873458862305,15800.2,286.215,False,14791.7,0.0276349,15910.3,288.404,False,-2.5563,4.63648,20.90334352578345,0.0196677244609189,20.97495476057829,2.02844913819171e-06,20.89580409169205,0.019681002823865715,nan,nan
2000 SH189,105899,MBO,MBO,21163607367170376,745306231793516547,16.543139,3.5512743,3.4650693,149.8831288051612,2.2593437234754923,2025052500565,94,60821.000764293705,r,149.88313133581462,2.259345656559136,64.27798461914062,16491.2,256.608,False,15378.6,0.445388,16487.5,255.103,False,-21.2837,5.39064,20.856869404680573,0.01689438070515276,20.93270802505736,3.144459686912976e-05,20.857112978613944,0.016799063508504807,nan,nan
2000 SH189,105899,MBO,MBO,21163607367170376,745306231926685711,16.543137,3.5512736,3.4650762,149.88320642375558,2.259346458003457,2025052500566,92,60821.00128955838,r,149.8831973260623,2.2593497635688387,46.177207946777344,16189.4,349.393,False,15660.0,0.720668,16249.5,351.204,False,-31.9263,4.90017,20.876923089954918,0.023431913873741873,20.913020605695188,4.9965220856096425e-05,20.872899994494574,0.0234662548954638,nan,nan
2000 SH189,105899,MBO,MBO,21163607367170376,745306232060903492,16.543135,3.5512729,3.4650831,149.8832834544456,2.259349171002122,2025052500567,92,60821.00181050827,r,149.8832866604794,2.259347717758421,65.77144622802734,16047.2,243.645,False,15177.2,0.204916,16049.1,243.619,False,-40.9995,5.09268,20.886501823380545,0.01648475740486694,20.947020843149133,1.4659141189989707e-05,20.88637331868496,0.01648104744087557,nan,nan
2000 SH189,105899,MBO,MBO,21163607367170376,745306232195121241,16.543135,3.5512724,3.46509,149.88336093217595,2.2593518989240806,2025052500568,92,60821.00233476552,r,149.88336545109257,2.2593550057759257,66.58863067626953,14961.7,227.167,False,14991.7,0.272432,15314.8,231.24,False,-47.7442,5.25093,20.962547629900982,0.01648498775481873,20.960372778524565,1.9730202797446993e-05,20.937221689812112,0.016393661631512263,nan,nan
2000 SH189,105899,MBO,MBO,21163607367170376,745306232330911779,16.543133,3.5512717,3.465097,149.88343811778276,2.2593546157411595,2025052500569,95,60821.002856651525,r,149.88343418004976,2.2593574703097477,68.87275695800781,16242.4,233.339,False,14866.5,0.0468645,16230.7,232.429,False,-61.0694,5.48062,20.87337446985416,0.015597731806446769,20.969478162017577,3.422626888502882e-06,20.874156860569798,0.01554810194426252,nan,nan
2000 SH189,105899,MBO,MBO,21163607367170376,745306232465129500,16.54313,3.551271,3.4651039,149.8835148632655,2.259357316255516,2025052500570,95,60821.003375144894,r,149.88351503539317,2.259355029798079,68.14126586914062,16526.5,241.305,False,15620.3,0.632601,16585.5,241.383,False,-79.4136,5.13402,20.854547780111332,0.015852937218224727,20.9157765871148,4.3970848327019716e-05,20.85067857837937,0.015801649485504197,nan,nan
2000 SH189,105899,MBO,MBO,21163607367170376,745306232597774344,16.54313,3.5512702,3.4651108,149.8835923516482,2.259360042090232,2025052500571,92,60821.00389933289,r,149.883587227948,2.2593605710646067,72.8104019165039,15819.1,215.341,False,14748.8,0.205708,15805.1,214.921,False,-81.6014,5.9908,20.90204559820967,0.014779824993406824,20.978108298266907,1.5143240331394944e-05,20.903006906842624,0.014764064911268488,nan,nan
2000 SH189,105899,MBO,MBO,21163607367170376,745306232731992089,16.543129,3.5512698,3.465118,149.88366969578175,2.2593627620279784,2025052500572,92,60821.00442242049,r,149.88366860959192,2.259363047389196,52.21591567993164,16305.9,313.09,False,15585.4,0.533787,16277.7,313.221,False,-81.5646,7.07846,20.86913803754776,0.0208472476973477,20.918205090428803,3.718556277934886e-05,20.87101738667592,0.02089210298276267,nan,nan
2000 SH189,105899,MBO,MBO,21163607367170376,745306232865685523,16.543129,3.551269,3.4651248,149.8837471914593,2.2593654864705486,2025052500573,91,60821.00494649089,r,149.88374114167314,2.259363908866209,66.20974731445312,16149.9,240.126,False,14616.0,0.107798,16204.4,240.462,False,-85.4648,6.62472,20.87957537991661,0.016143350317020633,20.987928664138796,8.007676128138559e-06,20.875917586195396,0.016111568405595463,nan,nan
2000 SH189,105899,MBO,MBO,21163607367170376,745306233000427572,16.543127,3.5512683,3.4651318,149.88382454277618,2.259368205014687,2025052500574,92,60821.00546957778,r,149.88381581732023,2.2593663641676764,56.86724090576172,15669.5,273.279,False,14851.1,0.319118,15776.3,274.538,False,-92.0649,5.50873,20.912362153165695,0.01893544116197952,20.970603472499285,2.333012152834044e-05,20.904987123038687,0.01889390058349797,nan,nan
2000 SH189,105899,MBO,MBO,21163607367170376,745306233269911560,16.543125,3.5512671,3.4651456,149.88397866485212,2.259373619246136,2025052500576,94,60821.00651108364,r,149.883965552047,2.2593772811180934,39.614871978759766,16333.0,410.049,False,15312.0,1.39074,16431.0,415.482,False,-80.3543,4.70447,20.867335094835703,0.027258008768639732,20.937420198918076,9.861395046623081e-05,20.86084001087888,0.02745443636989387,nan,nan
2000 SH189,105899,MBO,MBO,21163607367170376,745306233404129313,16.543123,3.5512664,3.4651525,149.88405602722605,2.2593763357159387,2025052500577,94,60821.00703421028,r,149.88405453178106,2.2593767173548684,55.665523529052734,16508.3,295.951,False,15826.1,0.670482,16570.3,296.868,False,-56.3345,5.47863,20.85574406719204,0.01946443232401028,20.901565262882677,4.5997850267953505e-05,20.851674020675922,0.019451689643271555,nan,nan
2000 SH189,105899,MBO,MBO,21163607367170376,745306233537298452,16.543121,3.551266,3.4651594,149.8841333933112,2.259379051492406,2025052500578,92,60821.00755743646,r,149.88413184977304,2.2593775275898267,47.4857177734375,16067.6,335.601,False,15174.0,0.595987,16133.9,336.688,False,-43.0069,5.37764,20.88512249761691,0.022677573453743258,20.947249800679877,4.2644305210745275e-05,20.880651571708036,0.022657530400804277,nan,nan
2000 SH189,105899,MBO,MBO,21163607367170376,745306233676759057,16.543121,3.5512652,3.4651663,149.8842104672488,2.259381756194573,2025052500579,102,60821.00807812068,r,149.88420851394525,2.2593909028209933,57.695987701416016,16412.4,283.726,False,15517.4,0.723409,16654.9,284.01,False,-52.5329,4.80798,20.862069741735702,0.01876944245895156,20.922952584397372,5.061616760427908e-05,20.846144900967175,0.018514667928594998,nan,nan
2000 SH189,105899,MBO,MBO,21163607367170376,745306234208387079,16.54311,3.5512595,3.465228,149.88489764232182,2.259405834580927,2025052500583,92,60821.012722662526,i,149.88482218517566,2.25939376809609,6.903139114379883,18632.3,2714.86,False,17781.9,69.5687,18080.2,2739.25,False,-145.012,7.26795,20.724333784001338,0.15819956666048007,20.775054567208386,0.004247760789213999,20.756991971276754,0.16449502922508863,nan,nan
2000 SH189,105899,MBO,MBO,21163607367170376,745306234610515989,16.543106,3.5512576,3.465249,149.88513046942242,2.259413977999265,2025052500586,91,60821.01429518061,i,149.88514137330347,2.259428465664553,7.129274368286133,17255.0,2442.8,False,19209.8,148.893,17420.9,2514.57,False,-266.691,6.46464,20.807712590931235,0.15370828478688042,20.69119284761313,0.008415419212698562,20.79732350613165,0.15671748884392475,nan,nan
2000 SH189,105899,MBO,MBO,21163607367170376,745306234879475723,16.543104,3.5512562,3.465263,149.8852848685953,2.259419374177948,2025052500588,92,60821.015338928504,i,149.88521072981536,2.2594151958221684,5.484370231628418,22384.3,4035.82,False,25790.1,165.787,22280.0,4154.1,False,-257.643,6.66013,20.52514116783028,0.19575487333415417,20.37136745119661,0.006979459315312721,20.53021203374577,0.20243522774751666,nan,nan
2000 SH189,105899,MBO,MBO,21163607367170376,745306235149484033,16.5431,3.551255,3.465277,149.88543957980357,2.259424777961416,2025052500590,95,60821.01638391444,i,149.88542425308148,2.2594199947748574,22.069658279418945,17352.3,794.444,False,18024.1,1.65069,17376.9,801.102,False,-184.795,6.64725,20.80160733239115,0.049708484854984435,20.760366052921732,9.943430688520941e-05,20.800069220941023,0.0500541186528506,nan,nan
2000 SH189,105899,MBO,MBO,21163607367170376,745306235283701775,16.5431,3.5512543,3.4652839,149.88551701552433,2.2594274814103907,2025052500591,95,60821.0169068641,i,149.8855353240214,2.259474750006852,7.973505973815918,24665.1,3038.36,False,27118.1,11.3875,24454.4,3104.99,False,-154.051,6.84837,20.419792815777804,0.13374596591804802,20.316851870906245,0.00045592504647048185,20.429107453476135,0.13785658179954627,nan,nan
2000 SH189,105899,MBO,MBO,21163607367170376,745306235417919504,16.543098,3.5512538,3.4652908,149.88559430721497,2.259430179005101,2025052500592,95,60821.01742884031,i,149.88552648088788,2.259332697086497,5.757794380187988,17127.0,2966.04,False,20219.8,115.647,17134.9,3038.81,False,-144.538,6.63064,20.815796755684133,0.18802691978585698,20.635557819195633,0.006209860308516905,20.815296039717566,0.19255122730702157,nan,nan
2000 SH189,105899,MBO,MBO,21163607367170376,745306235684782093,16.543097,3.5512524,3.4653046,149.8857490510503,2.259435577314828,2025052500594,92,60821.01847391052,i,149.88573180365628,2.2594268476740047,10.565726280212402,19354.4,1804.44,False,18855.0,26.0803,19291.0,1836.66,False,-48.5993,7.01348,20.683050697012987,0.10122482402737654,20.7114336581459,0.00150179396791403,20.686613147424072,0.1033709136354357,nan,nan
2000 SH189,105899,MBO,MBO,21163607367170376,745306235958460432,16.543085,3.5512466,3.4653654,149.88642552897022,2.2594591377038564,2025052500596,102,60821.02304002378,i,149.88642300474442,2.2594739356311484,15.71936321258545,18964.5,1205.94,False,22165.4,23.5808,18603.7,1225.12,False,-207.657,6.83037,20.70514650751548,0.06904124311996956,20.535811048248803,0.001155067216103549,20.726001726746325,0.071499604365309,nan,nan
2000 SH189,105899,MBO,MBO,21163607367170376,745306236088483861,16.543083,3.5512462,3.4653726,149.88650553682703,2.259461920035545,2025052500597,94,60821.023580709094,i,149.88647795900067,2.2594332889137467,13.340335845947266,19078.8,1425.88,False,18918.8,28.1423,18862.8,1441.28,False,-213.296,6.92258,20.698622317063766,0.08114396511039715,20.707765989945496,0.0016150660906435012,20.71098455503947,0.08295957356226581,nan,nan
2000 SH189,105899,MBO,MBO,21163607367170376,745306236221653013,16.543081,3.5512455,3.4653797,149.88658303032122,2.2594646140844605,2025052500598,92,60821.02410394958,i,149.88657386994467,2.2594799529171006,22.221433639526367,18414.9,826.108,False,18221.2,0.351335,18534.4,838.707,False,-204.96,7.12089,20.737076564941336,0.04870704235893798,20.748557608892348,2.093479759773671e-05,20.730053648344885,0.049131048404773725,nan,nan
2000 SH189,105899,MBO,MBO,21163607367170376,745306236361113633,16.54308,3.5512447,3.4653866,149.88666097267202,2.2594673228999524,2025052500599,102,60821.02462903415,i,149.88665788823457,2.259459121838311,21.245126724243164,19665.1,918.898,False,18610.2,1.63312,19504.2,931.589,False,-178.765,7.66424,20.665759623556085,0.05073357664241098,20.725622444505063,9.527772516302162e-05,20.67467968938884,0.05185857067225251,nan,nan
2000 SH189,105899,MBO,MBO,21163607367170376,745306236624306197,16.543077,3.5512435,3.4654005,149.88681568506578,2.2594726972992483,2025052500601,92,60821.02567340035,i,149.88681438237012,2.2594847293828324,14.526310920715332,20601.5,1387.61,False,20575.0,22.775,20737.7,1416.27,False,-251.041,6.73869,20.615252893493807,0.07312954877946212,20.61665039028923,0.0012018294847723405,20.608098572137074,0.07414977041080202,nan,nan
2000 SH189,105899,MBO,MBO,21163607367170376,745306236760096795,16.543076,3.5512428,3.4654076,149.8868934924465,2.259475398920773,2025052500602,95,60821.02619863588,i,149.8868881611868,2.2594607509603395,17.2924747467041,19749.9,1131.22,False,18429.3,18.4256,19831.2,1150.31,False,-219.01,7.32521,20.6610877260319,0.06218798340475811,20.736227854655155,0.001085518181518461,20.656627556602444,0.06297820235358426,nan,nan
2000 SH189,105899,MBO,MBO,21163607367170376,745306237028532261,16.543074,3.5512416,3.4654214,149.88704882410718,2.2594807898291225,2025052500604,95,60821.02724621368,i,149.8870070785797,2.259528194505803,10.419740676879883,17324.1,1646.33,False,16771.4,3.02655,17392.1,1663.3,False,-187.419,7.1877,20.803373319617442,0.10317881324690219,20.838576682105977,0.00019593086404249606,20.799119964814466,0.10383479412774342,nan,nan
2000 SH189,105899,MBO,MBO,21163607367170376,745306237162749961,16.543072,3.551241,3.4654286,149.8871264965911,2.259483484262212,2025052500605,95,60821.02777030504,i,149.88715863164293,2.25947775578969,6.97249698638916,18355.7,2636.91,False,19663.4,1.45694,17581.3,2696.13,False,-168.405,6.94684,20.740572668452838,0.15597273229113695,20.665853443728114,8.04465420189658e-05,20.787372490217592,0.1664999571375116,nan,nan
2000 SH189,105899,MBO,MBO,21163607367170376,745306237298540547,16.54307,3.5512402,3.4654355,149.8872043218366,2.2594861831574264,2025052500606,98,60821.02829560958,i,149.8871954257795,2.2595471019811844,6.233397483825684,17671.2,2743.79,False,21467.5,95.3746,18414.4,2792.21,False,-143.601,7.0976,20.78183494253001,0.1685812121060794,20.570546321073103,0.004823647829802898,20.7371060451699,0.1646322107463001,nan,nan
2000 SH189,105899,MBO,MBO,21163607367170376,745306237431185416,16.54307,3.5512397,3.4654424,149.88728215160108,2.259488881371312,2025052500607,95,60821.02882074547,i,149.8873413280962,2.259491386591651,7.199433326721191,18256.7,2503.23,False,17752.5,70.546,19074.3,2571.82,False,-131.375,7.39716,20.7464443485847,0.14886849950617703,20.776851196698043,0.004314566608444552,20.698878433224387,0.14639163932478952,nan,nan
2000 SH189,105899,MBO,MBO,21163607367170376,745306237563305995,16.543068,3.5512388,3.4654527,149.8873946792151,2.2594927810135093,2025052500608,91,60821.029579858296,i,149.8873680754485,2.2594824372085776,5.285738945007324,15450.3,2929.73,False,15398.7,99.8694,15040.2,2965.45,False,-79.3849,8.40736,20.927657722271302,0.20588040039166,20.931289841062625,0.00704162182383331,20.95686595737609,0.21407270738251194,nan,nan
2000 SH189,105899,MBO,MBO,21163607367170376,745306237697523714,16.543066,3.551238,3.4654596,149.88747207532242,2.2594954621569925,2025052500609,91,60821.03010185724,i,149.88742615668033,2.259541243509775,5.030862808227539,14517.7,2856.5,False,18150.5,46.0616,15203.2,2884.62,False,-90.9353,7.18717,20.995255441113287,0.21362925443886654,20.75277851689336,0.0027553371244597945,20.94516246420398,0.20600508169127152,nan,nan
2000 SH189,105899,MBO,MBO,21163607367170376,745306237966483464,16.543062,3.5512369,3.4654737,149.8876279190802,2.25950085835675,2025052500611,92,60821.03115241413,i,149.88762833901234,2.259475376081554,9.389153480529785,17753.6,1875.55,False,16385.7,122.382,17733.3,1899.28,False,-59.3854,7.48979,20.776783947086113,0.11470082893912131,20.86383755363725,0.008109179263298277,20.778026049088293,0.11628501181021199,nan,nan
2000 SH189,105899,MBO,MBO,21163607367170376,745306238102274056,16.543062,3.5512362,3.4654806,149.88770577375868,2.25950355287099,2025052500612,95,60821.03167765079,i,149.88769922229835,2.259514016830441,18.920141220092773,17232.4,919.21,False,16931.9,0.879506,17071.0,930.513,False,-76.1572,6.70016,20.809135558005945,0.05791529781162608,20.82823573779857,5.639718376060475e-05,20.819352594143247,0.05918174996357834,nan,nan
2000 SH189,105899,MBO,MBO,21163607367170376,745306238234918916,16.54306,3.5512354,3.4654875,149.887782891495,2.259506221053084,2025052500613,92,60821.03219755592,i,149.8878028794698,2.259508775105118,10.267386436462402,14127.5,1355.41,False,14362.5,77.172,14420.4,1385.01,False,-45.3892,7.14518,21.024836710075157,0.10416689056105753,21.006924895759145,0.005833833330738143,21.002556702539223,0.10427973362879521,nan,nan
2000 SH189,105899,MBO,MBO,21163607367170376,745306238368612389,16.543058,3.5512347,3.4654944,149.88786075542157,2.259508914217668,2025052500614,91,60821.032722705946,i,149.88785923803513,2.2595146269078854,25.620054244995117,18619.5,723.488,False,18065.9,3.20944,18706.3,733.515,False,-48.4929,7.21175,20.725079963885683,0.042187872355915174,20.757850971631342,0.00019288300732044026,20.720030217130482,0.042574094015197406,nan,nan
2000 SH189,105899,MBO,MBO,21163607367170376,745319361510113290,16.511827,3.5475953,3.504178,150.34684007603238,2.2673903941596243,2025052800085,97,60823.970929467236,i,150.34684083110525,2.267390276097965,33.552310943603516,11947.6,353.195,False,12127.9,1.21721,11913.6,353.049,False,-121.304,8.69488,21.206798349994152,0.032096539834730646,21.190535946657107,0.00010896931721806153,21.20989249925354,0.03217483431668631,nan,nan
2000 SH189,105899,MBO,MBO,21163607367170376,745319361776975928,16.511816,3.5475938,3.5041919,150.34700405658683,2.2673905181199783,2025052800087,94,60823.971973280684,i,150.34700458657935,2.267386903402568,30.582290649414062,11378.7,369.527,False,11764.7,1.24576,11334.7,366.521,False,-99.1409,8.01671,21.259768362919985,0.03525963813057693,21.22354783912904,0.00011496822467947243,21.263974906365355,0.03510857000236924,nan,nan
2000 SH189,105899,MBO,MBO,21163607367170376,745319361911717949,16.511808,3.547593,3.5041988,150.34708636486627,2.26739057928505,2025052800088,95,60823.9724977966,i,150.34708944573063,2.267391923761731,37.38483428955078,11985.3,317.861,False,11384.9,1.44063,11894.0,316.177,False,-69.3751,14.6534,21.203377744732276,0.028794706280806326,21.25917691196139,0.00013738759678118043,21.211680164591854,0.028862015985571685,nan,nan
2000 SH189,105899,MBO,MBO,21163607367170376,745319362047508558,16.511803,3.5475926,3.5042057,150.34716914694914,2.2673906400909494,2025052800089,98,60823.97302420653,i,150.34716026341073,2.26739658669547,37.57062911987305,12597.8,330.061,False,12526.8,2.00867,12716.6,330.201,False,-54.517,12.9726,21.1492632435791,0.028446172194426005,21.15539965784548,0.00017409760480728548,21.139072506371093,0.028192376843390512,nan,nan
2000 SH189,105899,MBO,MBO,21163607367170376,745319362180153403,16.511797,3.547592,3.5042126,150.3472516174128,2.267390699958984,2025052800090,95,60823.97354942407,i,150.34725725090698,2.2673930798776527,31.376445770263672,11322.3,354.074,False,12388.5,3.70541,11369.7,354.902,False,-51.7056,8.85322,21.26516337389407,0.03395343465210944,21.167453187078312,0.0003247445448963882,21.26062746740073,0.03389095162309732,nan,nan
2000 SH189,105899,MBO,MBO,21163607367170376,745319362315419703,16.51179,3.5475912,3.5042195,150.3473336193355,2.2673907587856,2025052800091,97,60823.97407135773,i,150.34734289781673,2.2674021589829105,34.393287658691406,12130.6,348.553,False,11899.3,2.6402,12194.5,346.996,False,-40.3058,8.56824,21.19029432911822,0.03119686028481769,21.21119648305379,0.0002409016216017208,21.18459000491778,0.03089475767697755,nan,nan
2000 SH189,105899,MBO,MBO,21163607367170376,745319362470084613,16.511784,3.5475905,3.5042264,150.3474159380124,2.2673908171364405,2025052800092,136,60823.97459561535,i,150.3474177046403,2.267390003372108,33.342411041259766,12118.7,362.018,False,11547.2,1.32278,12059.3,359.57,False,-39.7152,8.66058,21.191359896025645,0.03243384594642857,21.24380826175131,0.0001243756171923986,21.196694769417626,0.03237320420090233,nan,nan
2000 SH189,105899,MBO,MBO,21163607367170376,745319362584379403,16.511778,3.54759,3.5042334,150.34749794521866,2.2673908745663183,2025052800093,98,60823.975117617665,i,150.34749563182814,2.2673984074582703,34.51799011230469,11962.7,344.166,False,11512.9,1.06901,12079.8,344.246,False,-42.9144,11.3268,21.20542695313346,0.031236548971092362,21.24703813207127,0.000100814116497603,21.19485065775575,0.030940938920509444,nan,nan
2000 SH189,105899,MBO,MBO,21163607367170376,745319362718072879,16.51177,3.5475893,3.5042403,150.3475796407978,2.267390931083497,2025052800094,97,60823.97563737584,i,150.34757650889378,2.2673885191733683,37.58114242553711,12176.5,322.322,False,12063.0,0.315314,12202.8,321.865,False,-43.8611,12.5422,21.186193817255337,0.028740332212242772,21.196361680443566,2.8379990061594252e-05,21.18385128392313,0.02863772892572927,nan,nan
2000 SH189,105899,MBO,MBO,21163607367170376,745319362852290623,16.511765,3.5475886,3.5042472,150.34766196758136,2.2673909873364315,2025052800095,97,60823.97616159748,i,150.34766500322485,2.267395985535712,30.806564331054688,11510.6,369.154,False,11370.5,0.878465,11522.4,367.795,False,-40.1199,8.23423,21.24725513135554,0.03482041488024502,21.260551093675005,8.388208536603357e-05,21.246142593990136,0.03465669899241656,nan,nan
2000 SH189,105899,MBO,MBO,21163607367170376,745319363007479823,16.511759,3.547588,3.504254,150.34774398277878,2.267391042677087,2025052800096,137,60823.97668360425,i,150.34773845558917,2.267385843283777,32.23994064331055,11719.3,357.548,False,12106.6,0.89421,11803.5,359.462,False,-39.2096,8.8773,21.22774583855177,0.03312508592789948,21.192444550948366,8.019395885840573e-05,21.219972989085754,0.033064846336377345,nan,nan
2000 SH189,105899,MBO,MBO,21163607367170376,745319363141697545,16.511751,3.5475874,3.5042608,150.3478261578685,2.2673910974259908,2025052800097,137,60823.97720658222,i,150.34782652735393,2.2673928658483296,35.59688949584961,11945.1,334.021,False,11145.2,0.290178,12003.4,332.563,False,-28.7008,10.6594,21.207025560866978,0.030360457465229407,21.282280315281326,2.8268380640058753e-05,21.20173926786197,0.03008111576628878,nan,nan
2000 SH189,105899,MBO,MBO,21163607367170376,745319363522854916,16.511732,3.5475855,3.5042818,150.34807332835143,2.2673912578839075,2025052800100,96,60823.978779000485,i,150.34806897693016,2.267395689023689,31.818288803100586,11771.2,363.589,False,11383.8,0.385662,11869.7,363.416,False,-0.232643,8.30992,21.222948135238966,0.033536234431372824,21.259281875880234,3.678272562145615e-05,21.21390062577396,0.03324211108337778,nan,nan
2000 SH189,105899,MBO,MBO,21163607367170376,745319363657596947,16.511726,3.5475848,3.5042884,150.34815488603618,2.267391309441202,2025052800101,97,60823.979298783684,i,150.34816464804098,2.267390210375979,35.451595306396484,12219.9,341.049,False,11435.0,0.0925647,12326.7,341.365,False,0.399366,9.38425,21.182330835474705,0.030302150365641642,21.25440957764308,8.78888047931426e-06,21.1728829165329,0.030067440844818095,32.39657230231973,25.512486942951636
2000 SH189,105899,MBO,MBO,21163607367170376,745319363792338978,16.51172,3.547584,3.5042953,150.34823707513303,2.267391360701281,2025052800102,98,60823.97982178057,i,150.34824441338918,2.2673953178016673,35.13821029663086,11764.6,333.108,False,11437.9,0.772657,11970.0,332.078,False,13.24,9.71496,21.223557122005708,0.030742008190561016,21.2541342247956,7.33440251558129e-05,21.20476462398397,0.030121061870053287,28.59528005601008,0.7966679825386309
2000 SH189,105899,MBO,MBO,21163607367170376,745319366207733796,16.511454,3.547557,3.5045831,150.35165958228643,2.267392879387392,2025052800120,97,60824.00158213176,z,150.351658898959,2.2674146492132228,18.562063217163086,13348.2,707.387,False,13797.5,13.2409,13733.5,704.376,False,115.372,19.516,21.086443221130253,0.05753852140470875,21.050498993156744,0.001041936912966564,21.055546920386018,0.05568620522924017,26.244748931267644,0.18366005860331075
2000 SH189,105899,MBO,MBO,21163607367170376,745319366362398722,16.511448,3.5475564,3.50459,150.3517419111659,2.2673929012284137,2025052800121,136,60824.00210505076,z,150.35171884443838,2.2673530948887946,17.880006790161133,11896.1,665.062,False,12692.8,2.38244,12279.0,659.043,False,109.979,18.7511,21.211488520003755,0.06069904659870775,21.141106424351683,0.0002037928196598331,21.17709250158767,0.05827403517641781,26.296725620559975,0.18511488033826562
2000 SH189,105899,MBO,MBO,21163607367170376,745319366476693517,16.51144,3.5475557,3.504597,150.35182377158318,2.2673929222670943,2025052800122,98,60824.002625896646,z,150.35182607515762,2.2673922363685888,18.552448272705078,12592.0,678.478,False,12645.6,1.75337,12652.8,674.924,False,121.176,19.9342,21.149763212462524,0.05850128322903315,21.145151432827614,0.00015054227547562653,21.144533408515855,0.05791520025330874,26.19145844656041,0.17861030663982677
2000 SH189,105899,MBO,MBO,21163607367170376,745319366610386989,16.511435,3.547555,3.5046039,150.3519061079609,2.2673929427466075,2025052800123,97,60824.003148237476,z,150.35189603369722,2.267391008573757,19.6971492767334,13790.8,690.769,False,14282.0,5.77834,13796.2,685.321,False,137.902,19.4133,21.051026364892174,0.054383567554529645,21.013027428153123,0.0004392769074684625,21.050601280635366,0.053933531954623755,26.05107364466086,0.15284566784758752
2000 SH189,105899,MBO,MBO,21163607367170376,745319366744604711,16.511427,3.5475545,3.5046108,150.35198876297676,2.267392962618265,2025052800124,97,60824.0036734024,z,150.35198645176365,2.2673760556933265,18.521068572998047,13512.5,721.703,False,14720.5,2.10513,13935.8,717.371,False,202.489,18.7326,21.073160732596584,0.0579892010629731,20.980193595996116,0.0001552675391632071,21.039670252917666,0.05589027161061611,25.633996419497148,0.10044329017126781
2000 SH189,105899,MBO,MBO,21163607367170376,745319366899269648,16.511421,3.5475538,3.5046177,150.35207142179294,2.267392981803019,2025052800125,136,60824.00419898181,z,150.35205749108653,2.2674123901801484,17.502994537353516,14528.8,820.146,False,14474.9,4.26415,15035.5,822.935,False,239.896,16.8969,20.99442565106328,0.061289453576138436,20.9984610404954,0.00031984622121611074,20.957205312551768,0.05942538133164232,25.449942501056885,0.07647304068878964
2000 SH189,105899,MBO,MBO,21163607367170376,745319367281475588,16.511402,3.5475519,3.5046384,150.3523178465175,2.267393034919281,2025052800128,97,60824.00576376874,z,150.3523213400399,2.26739668726228,14.932502746582031,11513.6,764.577,False,11043.3,0.417526,12090.4,764.509,False,213.108,17.7761,21.24697219351247,0.0720998633804523,21.29225284350113,4.104960563583942e-05,21.193898291570207,0.06865405967769442,25.578500608084084,0.0905651377091596
2000 SH189,105899,MBO,MBO,21163607367170376,745319367549386766,16.511389,3.5475504,3.5046523,150.35248225376998,2.2673930669653752,2025052800130,96,60824.00680797392,z,150.3524392905624,2.2674037278510424,16.549514770507812,12711.9,758.928,False,13073.8,54.61,13407.9,757.896,False,182.983,17.5292,21.139473797205316,0.06482080237869146,21.108995423862222,0.004535181484365668,21.081598062857474,0.06137240719475933,25.743973130959017,0.1040101346498778
2000 SH189,105899,MBO,MBO,21163607367170376,745319367684128796,16.511381,3.5475497,3.5046608,150.35258493738166,2.2673930856052467,2025052800131,97,60824.0074593559,z,150.35257659642485,2.2673981818314557,16.144285202026367,12420.8,761.238,False,12949.3,1.3172,12728.8,764.335,False,176.051,18.3686,21.164626095024445,0.06654190100935906,21.119384285362564,0.00011044084940890944,21.138031359831757,0.06519595080870917,25.78590379091713,0.11328226223836227
2000 SH189,105899,MBO,MBO,21163607367170376,745319367817822246,16.511374,3.547549,3.5046678,150.35266746663842,2.267393099821048,2025052800132,96,60824.00798357035,z,150.35266749219656,2.2674098717470907,20.61591339111328,14348.7,688.39,False,14524.1,3.94523,14967.3,682.298,False,163.908,19.0954,21.007968596379087,0.05208903606069872,20.994776953161704,0.00029492217556257455,20.96214135513725,0.04949427231852787,25.86349959077587,0.1264890448692356
2000 SH189,105899,MBO,MBO,21163607367170376,745319367972487172,16.511368,3.5475483,3.504675,150.35275015738728,2.267393113380878,2025052800133,135,60824.008508915074,z,150.3527470117372,2.267411127139167,18.83904266357422,12007.8,635.605,False,11653.3,1.25456,12385.5,631.874,False,172.341,20.8227,21.201341403270284,0.05747092310367389,21.233877700747676,0.0001168871675043469,21.167716140871015,0.05539126430844782,25.809028456995055,0.1311815491719377
2000 SH189,105899,MBO,MBO,21163607367170376,745319368085209131,16.51136,3.5475478,3.5046818,150.35283300967026,2.267393126281225,2025052800134,94,60824.00903431997,z,150.35281766208743,2.2673808473347736,18.30613899230957,11983.2,650.348,False,11462.4,0.156968,12414.0,645.198,False,201.691,20.5755,21.203567962886947,0.05892469308448193,21.2518110634171,1.4868250289778504e-05,21.16522064737655,0.05642942047019148,25.638283732769203,0.11076134506059818
2000 SH189,105899,MBO,MBO,21163607367170376,745319368220999703,16.511354,3.547547,3.5046887,150.3529149207344,2.2673931383607244,2025052800135,97,60824.00955400299,z,150.35291765367415,2.2674017950412906,20.548080444335938,13449.2,642.574,False,14213.4,3.16693,13839.2,637.775,False,240.446,23.1104,21.07825885441237,0.05187415001167798,21.018255024354346,0.0002419161088324466,21.047222520507283,0.05003579865340703,25.44745611222179,0.10435522843882712
2000 SH189,105899,MBO,MBO,21163607367170376,745319368487862311,16.511341,3.5475457,3.5047026,150.3530800151091,2.267393160671511,2025052800137,94,60824.010602922135,z,150.35308852899033,2.2673955791720553,18.729646682739258,12594.3,673.997,False,12527.3,2.86708,12805.6,669.112,False,170.405,20.4898,21.149564931552714,0.058104298469911685,21.155356322174995,0.0002484887068558882,21.131500203288347,0.05673136323707328,25.821294173711696,0.13055084829798833
2000 SH189,105899,MBO,MBO,21163607367170376,745319368623652908,16.511335,3.5475452,3.5047095,150.35316288340792,2.2673931708455606,2025052800138,97,60824.01112860269,z,150.35316687326798,2.2673949209006206,20.33870506286621,13483.3,656.061,False,13493.7,13.6832,13608.5,650.092,False,108.182,20.575,21.07550952180308,0.052828993084061054,21.07467235820412,0.001100983814249945,21.065474355916017,0.05186673028531374,26.31461249261233,0.20649482728267432
2000 SH189,105899,MBO,MBO,21163607367170376,745319368755773477,16.511328,3.5475445,3.5047164,150.35324528316124,2.2673931802835283,2025052800139,93,60824.01165192337,z,150.35324192811416,2.2673931635110653,20.051603317260742,13044.2,640.614,False,12966.4,4.02729,13157.4,632.575,False,43.3172,23.6243,21.111456361246706,0.053321615545958816,21.1179514297708,0.00033722346097336586,21.102074772916772,0.05219949021752501,27.30834906658338,0.5921379497949728
2000 SH189,105899,MBO,MBO,21163607367170376,745319368891564086,16.511318,3.5475435,3.5047262,150.35336046059132,2.267393192343142,2025052800140,96,60824.01238206441,z,150.35336786655373,2.2673859098903755,21.968217849731445,13361.1,601.817,False,13236.4,4.04885,13105.2,592.956,False,-66.3245,22.7842,21.085394495625717,0.048904247604393526,21.095575260623722,0.0003321131854216113,21.10639085093778,0.04912506337499178,nan,nan
2000 SH189,105899,MBO,MBO,21163607367170376,745319369159999520,16.511307,3.5475423,3.50474,150.35352591407943,2.2673932073582748,2025052800142,96,60824.013432854816,z,150.35352432076255,2.2674023419392153,18.274349212646484,11800.2,643.37,False,11584.7,0.260069,11760.1,637.283,False,-153.711,21.114,21.220276561611378,0.05919646151692196,21.24028800248523,2.4374074253149105e-05,21.223972499302185,0.05883634242019635,nan,nan
2000 SH189,105899,MBO,MBO,21163607367170376,745319369293168686,16.5113,3.5475416,3.504747,150.3536086470494,2.267393213846662,2025052800143,94,60824.013957535906,z,150.35360284927256,2.267379329890184,20.807544708251953,13406.4,639.866,False,13623.9,14.1788,12888.5,632.973,False,-207.675,19.4544,21.0817195356732,0.051820450857026905,21.064246350803607,0.0011299580631138012,21.124494060307278,0.05332208768444897,nan,nan
2000 SH189,105899,MBO,MBO,21163607367170376,745319369428959244,16.51129,3.5475407,3.504757,150.35372700183166,2.2673932219480584,2025052800144,97,60824.014708630355,z,150.3536885361236,2.2673993952642135,19.291996002197266,13693.0,698.739,False,14820.9,1.34821,13505.5,692.933,False,-202.69,23.1473,21.05875347960825,0.0554039468940729,20.972813528880625,9.876595518675615e-05,21.07372333187139,0.05570637351795546,nan,nan
2000 SH189,105899,MBO,MBO,21163607367170376,745319369695821887,16.511276,3.5475395,3.504771,150.35389264993847,2.2673932309557734,2025052800146,94,60824.01575903534,z,150.35387073701148,2.267383505265156,20.577661514282227,13706.8,658.4,False,13544.6,3.05908,13431.0,652.648,False,-160.899,19.2869,21.057659825717238,0.052152855072379295,21.070584571447675,0.0002452160920738561,21.07972912724223,0.052758809745813484,nan,nan
2000 SH189,105899,MBO,MBO,21163607367170376,745319369832136722,16.51127,3.5475388,3.504778,150.3539752439687,2.2673932344324474,2025052800147,98,60824.01628337175,z,150.35395530673588,2.267397523572451,22.45960807800293,13425.6,594.735,False,12430.5,3.01698,13345.9,590.454,False,-84.8996,23.6826,21.080165772222287,0.04809657107467899,21.163778505251543,0.0002635167002174859,21.086630302257877,0.04803551982363925,nan,nan
2000 SH189,105899,MBO,MBO,21163607367170376,745319369986277379,16.511263,3.547538,3.5047848,150.35405768456926,2.267393237230066,2025052800148,136,60824.01680674485,z,150.35404348411635,2.267401880095351,23.303878784179688,13612.2,586.998,False,13132.8,4.42322,13428.3,578.243,False,-99.0927,26.2865,21.065179180846208,0.04682012872290017,21.104106690088027,0.0003656836575726544,21.079947427781846,0.046753449707248686,nan,nan
2000 SH189,105899,MBO,MBO,21163607367170376,745319370234265656,16.51125,3.5475368,3.504799,150.35422447027176,2.267393240837236,2025052800150,97,60824.01786417225,z,150.3542432671359,2.26740777686742,22.367721557617188,13168.0,582.985,False,12676.2,5.40392,12864.3,578.642,False,-257.436,25.2675,21.10120045532951,0.04806864409375601,21.14252727652996,0.0004628541431776112,21.126534617927916,0.0488369059964899,nan,nan
2000 SH189,105899,MBO,MBO,21163607367170376,745319370503225375,16.511236,3.5475354,3.5048125,150.35438843553868,2.267393241709037,2025052800152,98,60824.018904653494,z,150.35437964945538,2.2673932725623853,24.215740203857422,14025.1,571.187,False,13642.0,3.4006,13771.4,564.482,False,-248.705,24.1377,21.032735114012247,0.04421775499520241,21.062804887012177,0.00027064612891691017,21.052554737048794,0.04450371938353559,nan,nan
2000 SH189,105899,MBO,MBO,21163607367170376,745319370636918837,16.51123,3.5475347,3.5048196,150.35447105530935,2.267393241145045,2025052800153,97,60824.019428302316,z,150.35446515854343,2.2673916955839704,24.117353439331055,15042.9,617.857,False,14901.8,5.19811,14805.7,613.293,False,-261.14,20.5171,20.956671050617043,0.044594439304386106,20.966903188358618,0.00037873118749253635,20.9739276225324,0.04497419492354481,nan,nan
2000 SH189,105899,MBO,MBO,21163607367170376,745319370771136582,16.511223,3.5475342,3.5048265,150.35455320634168,2.267393239918387,2025052800154,97,60824.01994931261,z,150.35455442706342,2.2673855329069377,23.74741554260254,13889.3,577.347,False,13640.6,0.399544,13888.9,571.085,False,-217.001,25.6721,21.043299119029854,0.04513161447940332,21.062916346684307,3.180207610338371e-05,21.043330341953247,0.04464339630294538,nan,nan
2000 SH189,105899,MBO,MBO,21163607367170376,745319370925801487,16.511217,3.5475335,3.5048335,150.35463536169544,2.2673932380282538,2025052800155,136,60824.02047032899,z,150.3546366130355,2.267389636453234,21.99631118774414,12568.8,567.693,False,12512.6,13.8797,12299.0,562.058,False,-208.565,29.6944,21.151765477839035,0.04903927546334697,21.1566311304989,0.0012043614399523932,21.17532549622612,0.049617586937883346,nan,nan
2000 SH189,105899,MBO,MBO,21163607367170376,745319371060019223,16.511211,3.5475328,3.5048404,150.3547179944563,2.2673932354584267,2025052800156,136,60824.02099459154,z,150.35471758540365,2.267398969909568,22.48740577697754,13071.6,580.611,False,12348.6,5.75055,13115.6,573.817,False,-213.724,26.4619,21.109178158245136,0.048225957597836884,21.17095572674055,0.0005056103773134442,21.10552962465696,0.04750174817667384,nan,nan
2000 SH189,105899,MBO,MBO,21163607367170376,745319371308007427,16.511198,3.5475316,3.5048542,150.3548834309748,2.2673932283003624,2025052800158,97,60824.022043167475,z,150.35487892628808,2.267400941476613,23.1179141998291,13174.4,564.338,False,12950.5,1.10282,12692.0,553.936,False,-155.004,23.7597,21.10067285451411,0.046508546418596114,21.119283659449287,9.245756097857287e-05,21.141174841429063,0.04738641208802661,nan,nan
2000 SH189,105899,MBO,MBO,21163607367170376,745319371576442893,16.511084,3.5475204,3.504973,150.3562947165764,2.2673930587228504,2025052800160,97,60824.030987239064,r,150.3562844428242,2.267402029577333,45.189537048339844,12299.5,271.799,False,12281.8,0.41459,12302.8,273.066,False,-27.3949,4.96942,21.175281357916674,0.023993010033772213,21.176844964915183,3.665060345308528e-05,21.17499010730451,0.024098388784099572,nan,nan
2000 SH189,105899,MBO,MBO,21163607367170376,745319371979620369,16.511063,3.5475185,3.5049937,150.35654306287432,2.267393008915808,2025052800163,98,60824.03256016,r,150.35654136903975,2.267397944854859,46.55933380126953,12205.8,261.004,False,11649.3,0.166027,12353.8,261.672,False,-30.9861,5.68512,21.18358439367274,0.023216953787183244,21.234250444126914,1.5474021787700734e-05,21.170498601883054,0.022997520235255923,nan,nan
2000 SH189,105899,MBO,MBO,21163607367170376,745319372133761034,16.511057,3.5475178,3.5050006,150.35662580189037,2.2673929910037685,2025052800164,136,60824.033084296345,r,150.35662533006015,2.2673965750543066,47.71688461303711,12573.0,262.604,False,12149.0,0.890714,12700.6,264.177,False,-24.8446,5.3783,21.151402711116233,0.022677059934419857,21.188648669846287,7.96016484269874e-05,21.140439437591265,0.022583700321774154,nan,nan
2000 SH189,105899,MBO,MBO,21163607367170376,745319372381749309,16.511044,3.5475166,3.5050147,150.35679224200337,2.2673929529792303,2025052800166,97,60824.03413813954,r,150.35678672210986,2.2673892096979826,48.12120819091797,12534.6,259.373,False,11939.5,0.443282,12645.7,260.396,False,-1.01055,6.28396,21.154723835201036,0.022466664276369147,21.207534650308858,4.031050924990428e-05,21.145142796672502,0.022357113972845868,nan,nan
2000 SH189,105899,MBO,MBO,21163607367170376,745319372515442732,16.511036,3.5475159,3.5050216,150.3568751535469,2.267392933045675,2025052800167,96,60824.03466371316,r,150.3568685014361,2.2673999131710842,45.11906433105469,12301.4,270.815,False,11913.6,0.276621,12336.8,270.885,False,24.0837,5.3219,21.175113614226312,0.023902453672378754,21.20989249925354,2.5209630977511914e-05,21.171993706796627,0.023840028782589822,27.945691969996588,0.23992074915604647
2000 SH189,105899,MBO,MBO,21163607367170376,745319372650709031,16.511028,3.5475152,3.5050285,150.3569579120725,2.267392912491978,2025052800168,98,60824.03518783525,r,150.35695947348043,2.2674013807770215,49.382564544677734,12548.9,253.194,False,11969.6,1.35621,12720.2,254.081,False,52.4663,6.1516,21.153485819960597,0.021906452703854044,21.204800941934543,0.00012301884265995561,21.138765133858293,0.021687153465629307,27.100298884548845,0.12730104063974979
2000 SH189,105899,MBO,MBO,21163607367170376,745319372784402480,16.511023,3.5475144,3.5050354,150.35704020159352,2.2673928914047945,2025052800169,97,60824.03570848347,r,150.35703152168708,2.2673936188228403,48.9467658996582,12619.8,256.66,False,12345.2,0.493991,12768.6,257.868,False,75.8621,5.51575,21.147368836265592,0.02208157519153345,21.171254657401292,4.344554089931094e-05,21.134641827959467,0.021926964950909955,26.69993786722077,0.0789412565688581
2000 SH189,105899,MBO,MBO,21163607367170376,745319372918620220,16.511015,3.547514,3.5050426,150.35712312773003,2.2673928694993064,2025052800170,97,60824.036233814564,r,150.3571063505183,2.267404560062734,47.52081298828125,12368.4,259.783,False,12216.0,0.596467,12578.9,261.36,False,116.26,5.80802,21.169216160475663,0.02280454934951525,21.182677439879086,5.301292047520355e-05,21.150893304849365,0.02255904647935179,26.23642418349911,0.05424030277687237
2000 SH189,105899,MBO,MBO,21163607367170376,745319373073285140,16.51101,3.5475132,3.5050495,150.35720621688557,2.267392846891793,2025052800171,136,60824.03675923546,r,150.35720748881243,2.2673919016337027,43.007080078125,12185.8,282.722,False,12287.8,0.572082,12456.6,286.006,False,145.846,5.12855,21.18536490247982,0.02519009829203543,21.17631468217052,5.054852219297179e-05,21.16150123697506,0.02492871985167527,25.990263745352138,0.038178988355650624
2000 SH189,105899,MBO,MBO,21163607367170376,745319373207502863,16.511002,3.5475125,3.5050564,150.35728899498318,2.2673928237137573,2025052800172,136,60824.0372834039,r,150.3572870477305,2.2673858235648487,46.674556732177734,12487.6,265.335,False,11862.6,0.221833,12761.2,267.754,False,125.538,5.55491,21.15880258632844,0.02306959028344325,21.214550319526424,2.0303486037150914e-05,21.1352711953676,0.022780789027190586,26.153061968987245,0.04804256084250295
2000 SH189,105899,MBO,MBO,21163607367170376,745319373587611690,16.510983,3.5475106,3.5050774,150.35753767522957,2.267392750155646,2025052800175,93,60824.038857291715,r,150.35753744241174,2.267393549044802,40.79605484008789,12378.5,299.181,False,11781.4,1.36534,12616.8,301.225,False,81.4002,5.21687,21.168329947496417,0.02624159980697739,21.222007710677495,0.0001258253700415033,21.147626969982497,0.025921858154836278,26.623436321589132,0.06958391329215839
2000 SH189,105899,MBO,MBO,21163607367170376,745319373723402251,16.510975,3.54751,3.5050843,150.35762063124335,2.2673927243092864,2025052800176,96,60824.03938280088,r,150.35763379560427,2.267384779703789,41.8597297668457,12420.7,292.933,False,12403.9,1.1899,12598.4,296.507,False,66.2205,5.27813,21.164634802188246,0.02560628416887194,21.166104325043484,0.00010415413809093736,21.149211483560407,0.02555311487364541,26.847518908076808,0.08653901951532601
2000 SH189,105899,MBO,MBO,21163607367170376,745319373858144302,16.510967,3.5475092,3.5050912,150.3577037504351,2.267392697756656,2025052800177,97,60824.039908189545,r,150.35770660980103,2.267387520309533,45.19276809692383,12960.8,285.232,False,12285.6,0.103744,13293.7,288.918,False,54.6545,5.23107,21.11842049384012,0.02389410437556301,21.176509106366737,9.168345104928744e-06,21.090885299572967,0.023596796031379003,27.05593520487659,0.10391755906947736
2000 SH189,105899,MBO,MBO,21163607367170376,745319373991837726,16.510962,3.5475087,3.5050983,150.35778687462965,2.2673926705469354,2025052800178,96,60824.04043414835,r,150.35778731643296,2.26739293483594,45.576412200927734,12948.5,284.352,False,12641.3,0.409814,13036.3,285.699,False,41.6577,5.07104,21.119451347191195,0.023843012716712075,21.14552067174387,3.519811285486454e-05,21.11211415081329,0.0237946164308199,27.35076179067195,0.132167929225467
2000 SH189,105899,MBO,MBO,21163607367170376,745319374126055479,16.510954,3.547508,3.5051053,150.35786952981445,2.267392642841436,2025052800179,96,60824.04095713925,r,150.35786485988856,2.267401888777811,46.076622009277344,12407.9,268.44,False,12074.8,0.0425455,12493.8,269.45,False,31.0144,5.25299,21.16575425413207,0.023489472052516575,21.195300152360435,3.8255864848640405e-06,21.158263643208883,0.023415745265578245,27.67109152365673,0.18389396818052745
2000 SH189,105899,MBO,MBO,21163607367170376,745319374259224622,16.510948,3.5475073,3.5051124,150.3579542447466,2.2673926137744163,2025052800180,94,60824.04149341594,r,150.3579492371561,2.2673834902424614,45.851280212402344,12357.5,268.504,False,11916.7,0.479669,12458.8,268.716,False,3.68704,5.46925,21.170173452167965,0.02359089715045324,21.20960996664129,4.370287043764404e-05,21.16130948153299,0.023417560140827378,29.98330535030616,1.6105501463324288
2000 SH189,105899,MBO,MBO,21163607367170376,745319374395015208,16.51094,3.5475066,3.5051193,150.3580375424427,2.2673925845318514,2025052800181,97,60824.04202079975,r,150.35803075652765,2.2673959956351277,45.980674743652344,12650.9,274.155,False,11846.2,0.0576207,12791.4,276.516,False,-16.3135,5.41862,21.144696409389518,0.023528760696802695,21.2160523306422,5.281092636395556e-06,21.13270476690576,0.02347072358647561,nan,nan
2000 SH189,105899,MBO,MBO,21163607367170376,745319374528708626,16.510933,3.547506,3.5051262,150.35812084530212,2.267392554631912,2025052800182,96,60824.04254722603,r,150.3581151706041,2.26739408835029,43.86819076538086,12440.4,282.507,False,11672.5,0.590639,12621.6,286.693,False,-34.9514,5.23754,21.162914104450465,0.024655803342981963,21.23209029349289,5.493922818579354e-05,21.147214002289715,0.024661926535642278,nan,nan
2000 SH189,105899,MBO,MBO,21163607367170376,745319374661877802,16.510927,3.5475054,3.5051334,150.35820352099833,2.2673925243095425,2025052800183,94,60824.0430702788,r,150.35820285075354,2.2673991594176814,47.104248046875,13069.1,277.197,False,12945.9,0.840875,13122.0,277.768,False,-46.9671,5.02456,21.10938582985311,0.023028580234155577,21.11966934722082,7.052182047806693e-05,21.104999916446797,0.022982988870206295,nan,nan
2000 SH189,105899,MBO,MBO,21163607367170376,745319374797144092,16.51092,3.5475047,3.5051403,150.35828651800372,2.2673924932212306,2025052800184,96,60824.04359566094,r,150.35827609207743,2.2673872855300985,45.26770782470703,12897.3,284.022,False,12277.4,0.41439,13035.9,286.866,False,-45.5115,5.07956,21.12375301159153,0.023909886291212365,21.177233951782874,3.664604957891406e-05,21.11214741676746,0.02389254212331529,nan,nan
2000 SH189,105899,MBO,MBO,21163607367170376,745319374929788969,16.510914,3.547504,3.5051472,150.35836983639427,2.2673924613599272,2025052800185,93,60824.044122991545,r,150.35836244619102,2.2673972253040335,44.775054931640625,12848.9,285.915,False,12297.2,1.02256,12940.5,286.848,False,-43.5033,5.10483,21.127835094200933,0.024159909939643613,21.17548439175459,9.028318612038766e-05,21.120122357266094,0.024067172838381324,nan,nan
2000 SH189,105899,MBO,MBO,21163607367170376,745319375065579564,16.510906,3.5475035,3.5051544,150.35845300186213,2.267392428905896,2025052800186,96,60824.044648688796,r,150.35845557318743,2.267403753330857,46.014434814453125,12543.5,270.581,False,11674.2,0.137848,12689.3,272.901,False,-34.8844,6.17073,21.153953164624372,0.023420861890842203,21.23193215863068,1.2820284640587228e-05,21.14140585401268,0.023350263736816524,nan,nan
2000 SH189,105899,MBO,MBO,21163607367170376,745319375198224431,16.510899,3.5475028,3.5051613,150.35853585637935,2.267392395926782,2025052800187,93,60824.045172979844,r,150.35853441909384,2.2673955207048824,42.935970306396484,12762.3,296.059,False,12141.2,0.196709,12958.5,299.794,False,-37.1307,5.05285,21.135177643487154,0.025186836982829964,21.189345949453887,1.7590854881979933e-05,21.11861316734893,0.025118432431310633,nan,nan
2000 SH189,105899,MBO,MBO,21163607367170376,745319375334015005,16.510893,3.547502,3.5051682,150.3586195067398,2.2673923619772047,2025052800188,96,60824.04570146889,r,150.35861471924383,2.2674016591507002,46.388641357421875,13115.9,279.331,False,12585.8,1.16799,13360.2,283.523,False,-38.3282,5.26298,21.105504725654395,0.023123061618872277,21.150297951535492,0.00010075871347807362,21.085467585364484,0.02304091200839046,nan,nan
2000 SH189,105899,MBO,MBO,21163607367170376,745319375466659903,16.510885,3.5475013,3.5051754,150.35870316234607,2.2673923273692376,2025052800189,93,60824.04623003084,r,150.35869602411236,2.2673930283129415,45.53874588012695,12579.7,277.156,False,12901.1,1.1192,12705.2,280.182,False,-35.6503,5.40472,21.150824272638825,0.023920944478454987,21.123433178916343,9.419010686160656e-05,21.140046218498895,0.02394324717967065,nan,nan
2000 SH189,105899,MBO,MBO,21163607367170376,745319375602974732,16.510876,3.5475004,3.5051854,150.35882462284053,2.2673922759549097,2025052800190,97,60824.046998932594,r,150.35882613378138,2.267381221880521,39.73696517944336,12644.0,318.144,False,12712.4,0.453066,12811.8,322.565,False,-54.4818,4.38616,21.145288782081145,0.02731892380933711,21.139431092542004,3.869530024968372e-05,21.130974640443345,0.027335776930450684,nan,nan
2000 SH189,105899,MBO,MBO,21163607367170376,745319375737192455,16.510868,3.5475,3.5051925,150.3589073426113,2.267392240149586,2025052800191,97,60824.04752198832,r,150.3589161401057,2.2673968598448,43.2939567565918,12780.1,296.851,False,12427.7,0.640422,12879.9,299.359,False,-56.7623,4.92709,21.13366440307446,0.025219043848150602,21.164023080426293,5.5949960670533584e-05,21.125218739173665,0.025235048735265903,nan,nan
2000 SH189,105899,MBO,MBO,21163607367170376,745319376006152224,16.510855,3.5474985,3.5052063,150.35907343069562,2.2673921663286163,2025052800193,98,60824.048571769206,r,150.35907212931969,2.267397313728804,48.96686553955078,13335.8,267.858,False,12481.9,0.216844,13389.9,269.757,False,-49.4725,5.59348,21.087452331760133,0.02180770065904751,21.159298218859583,1.886214296072906e-05,21.08305663438611,0.021873570406364232,nan,nan
2000 SH189,105899,MBO,MBO,21163607367170376,745319376160292880,16.510847,3.5474977,3.5052135,150.35915664088466,2.267392128377074,2025052800194,136,60824.04909724841,r,150.35915730644044,2.2673913958696685,47.17698669433594,12134.6,257.031,False,11418.9,0.0824643,12143.3,258.867,False,-52.5185,6.05153,21.189936372456152,0.02299769895920743,21.255939288666028,7.840901763869746e-06,21.189158206496856,0.023145379213970356,nan,nan
2000 SH189,105899,MBO,MBO,21163607367170376,745323760495624204,16.493864,3.546277,3.518059,150.51832142085163,2.266604827047225,2025052900092,96,60825.028359943615,r,150.51832179868015,2.2666061919616536,45.63340377807617,10958.1,238.056,False,10137.9,0.82086,10898.4,237.807,False,-87.6717,6.3578,21.300661890341587,0.0235867556335866,21.38512995056967,8.791144294062426e-05,21.306593102053156,0.023691153546629273,nan,nan
2000 SH189,105899,MBO,MBO,21163607367170376,745323760629841957,16.493855,3.5462763,3.518066,150.51840606608357,2.2666039195852514,2025052900093,96,60825.028885205786,r,150.51840685483606,2.2666009518538264,46.76341247558594,10985.6,231.905,False,10175.7,0.246432,10974.2,233.053,False,-97.0022,7.82543,21.297940584242372,0.022919791562783644,21.381089242603807,2.629402853658307e-05,21.299067803778293,0.023057176693043455,nan,nan
2000 SH189,105899,MBO,MBO,21163607367170376,745323760764059665,16.493847,3.5462756,3.5180728,150.51849055502694,2.2666030131896866,2025052900094,96,60825.02941036766,r,150.51848908301716,2.2666042097873924,45.213836669921875,10302.5,225.543,False,9475.18,0.258274,10305.6,226.333,False,-105.423,7.91732,21.367643442008436,0.02376900752579916,21.458531363281054,2.959494487829819e-05,21.36731683662432,0.023845087492363703,nan,nan
2000 SH189,105899,MBO,MBO,21163607367170376,745323760898277465,16.49384,3.5462751,3.5180798,150.518575048806,2.266602106134368,2025052900095,96,60825.02993560632,r,150.51856613573324,2.2666051560205203,47.00623321533203,10581.1,224.151,False,10250.9,0.223077,10613.9,224.825,False,-107.543,7.05839,21.338672992975912,0.02300033702332795,21.37309496639711,2.3627463465369628e-05,21.335312481140264,0.0229982032935744,nan,nan
2000 SH189,105899,MBO,MBO,21163607367170376,745323761028825145,16.49383,3.5462744,3.5180867,150.51865938644545,2.2666012001498133,2025052900096,89,60825.03045977649,r,150.51866319286785,2.2665936978602916,44.063838958740234,10566.6,238.871,False,10049.6,0.67069,10611.3,239.786,False,-112.471,7.07731,21.34016187148446,0.024544404533159956,21.394628102052252,7.245984352969098e-05,21.33557853755378,0.0245346320886428,nan,nan
2000 SH189,105899,MBO,MBO,21163607367170376,745323761166712856,16.493822,3.5462737,3.5180936,150.5187437287869,2.2666002935107428,2025052900097,96,60825.03098396293,r,150.51874000851592,2.2665908019262533,35.270992279052734,10892.4,303.3,False,10538.7,3.41024,10988.8,306.387,False,-135.761,4.41657,21.30719100733058,0.030232434159595707,21.343032375278664,0.00035133563870646113,21.297624346435626,0.030272227843151294,nan,nan
2000 SH189,105899,MBO,MBO,21163607367170376,745323761295687774,16.493813,3.546273,3.5181007,150.51882839794527,2.266599382751632,2025052900098,86,60825.03150921374,r,150.51882851638928,2.2666041954929597,43.27579116821289,10017.6,230.993,False,9522.23,0.401416,9992.29,230.575,False,-92.4812,7.93789,21.398090826234455,0.025035684077687047,21.45315327851086,4.5769936972345274e-05,21.40083742123846,0.025053678498126297,nan,nan
2000 SH189,105899,MBO,MBO,21163607367170376,745323761429905464,16.493805,3.5462725,3.5181077,150.51891242794514,2.26659847826752,2025052900099,86,60825.03203120518,r,150.51891228121542,2.266600578030083,46.28866958618164,10754.8,230.354,False,10144.5,0.0898239,10756.6,230.395,False,-78.0356,10.1859,21.32099417344902,0.023255075547106235,21.38442338379744,9.613589834650336e-06,21.320812491813374,0.023255322929004077,nan,nan
2000 SH189,105899,MBO,MBO,21163607367170376,745323761569366062,16.493795,3.5462718,3.5181146,150.51899710678032,2.266597566195282,2025052900100,96,60825.03255740818,r,150.51899337811636,2.266600239444485,45.742427825927734,10497.7,228.206,False,9958.62,0.376009,10561.9,228.514,False,-46.2916,7.32353,21.347264586106935,0.02360245623720422,21.404502084916537,4.0994290992090945e-05,21.34064483165817,0.023490652452239164,nan,nan
2000 SH189,105899,MBO,MBO,21163607367170376,745323761698340957,16.493788,3.546271,3.5181215,150.51908114641773,2.266596660408859,2025052900101,86,60825.033079287,r,150.51908241622587,2.2665865155078504,48.00214385986328,10664.1,218.881,False,10360.5,0.883674,10731.8,218.36,False,-8.81254,6.789,21.330189517481397,0.02228477146314989,21.36154821234543,9.260526834885794e-05,21.323318593571447,0.022091481638532997,nan,nan
2000 SH189,105899,MBO,MBO,21163607367170376,745323761832558670,16.49378,3.5462704,3.5181284,150.51916551290225,2.2665957505004437,2025052900102,86,60825.03360386954,r,150.51916973023984,2.2665986597019216,46.067630767822266,10721.8,231.602,False,10272.8,0.939478,10905.4,232.624,False,19.7874,7.12249,21.32433076523789,0.023453029016493918,21.370777938228876,9.929379292899296e-05,21.305895961791176,0.023159928307234116,28.159028206166468,0.3908116003544894
2000 SH189,105899,MBO,MBO,21163607367170376,745323761968349190,16.49377,3.54627,3.5181353,150.51925004532373,2.266594838201029,2025052900103,89,60825.034128061634,r,150.5192432597106,2.266589269678386,43.73322296142578,10424.2,236.609,False,9778.0,0.303341,10567.4,238.182,False,30.5802,8.24551,21.3548931416259,0.024644092192580788,21.424374917680456,3.368258411421671e-05,21.340079592957387,0.02447175450767895,27.686399189441772,0.2927531143197844
2000 SH189,105899,MBO,MBO,21163607367170376,745323762102566918,16.493763,3.5462692,3.5181422,150.51933458266052,2.2665939252473057,2025052900104,89,60825.034653270595,r,150.51933725315098,2.266592876172014,39.9460334777832,10074.9,250.137,False,9837.66,0.180386,10224.8,251.604,False,33.2711,5.83261,21.391898097462356,0.026956374689852784,21.417770460747523,1.9908353748625458e-05,21.37586296614279,0.026716960871731265,27.594832130598597,0.19033564143693563
2000 SH189,105899,MBO,MBO,21163607367170376,745323762238881818,16.493753,3.5462685,3.5181491,150.5194192860062,2.266593009898536,2025052900105,93,60825.03517963602,r,150.5194305114314,2.266588548298797,41.11747360229492,10770.6,260.153,False,10743.3,2.9663,10916.2,261.404,False,28.032,5.07513,21.31940029612037,0.026224867468387467,21.322155761475173,0.0002997793391529237,21.304821270696475,0.02599950282864984,27.780864804737135,0.1965700788538518
2000 SH189,105899,MBO,MBO,21163607367170376,745323762505744433,16.493736,3.5462673,3.518163,150.51958725798696,2.266591192925737,2025052900107,90,60825.03622262055,r,150.51959066903706,2.2666001999544396,35.34846496582031,10284.9,287.64,False,10451.4,3.02922,10005.3,287.284,False,25.7591,4.68091,21.369499775239476,0.03036501725633039,21.352063785563235,0.00031468834954216933,21.399424733443823,0.031174941503560892,27.872673288945563,0.19729856967001932
2000 SH189,105899,MBO,MBO,21163607367170376,745323762639962166,16.493729,3.5462666,3.51817,150.5196716540681,2.266590279111828,2025052900108,90,60825.03674677969,r,150.51966342124345,2.266588067110944,35.18096160888672,10637.2,302.931,False,10257.0,1.99973,10735.5,307.217,False,28.4887,4.82719,21.332931667822155,0.03092008685927059,21.372449111209356,0.0002116778054913732,21.32294430932594,0.031070432771206538,27.763318387193337,0.18396959869962326
2000 SH189,105899,MBO,MBO,21163607367170376,745323762772082742,16.49372,3.5462658,3.518177,150.5197558939407,2.266589366395785,2025052900109,86,60825.03726984469,r,150.51976131069765,2.2666011484259823,37.6309814453125,10842.5,285.077,False,10190.7,0.0463057,11004.4,288.413,False,28.9695,4.84578,21.312176422948,0.028546775700954933,21.37948993730648,4.933495760559236e-06,21.29608404091772,0.028455928429595982,27.745147516567897,0.1816130326019561
2000 SH189,105899,MBO,MBO,21163607367170376,745323762904727574,16.493711,3.5462654,3.518184,150.51984029999016,2.266588451285436,2025052900110,83,60825.037793897034,r,150.51984985625526,2.266582842512314,40.64373016357422,10233.3,249.858,False,9581.64,0.326451,10379.2,251.54,False,16.8799,5.57723,21.374960755434298,0.02650952123768518,21.44640041588993,3.699154702538508e-05,21.35959027810358,0.02631282493025932,28.33157532775553,0.3587343832356255
2000 SH189,105899,MBO,MBO,21163607367170376,745323763038945324,16.493704,3.5462646,3.5181909,150.5199247109782,2.266587535527844,2025052900111,83,60825.03831789047,r,150.51992768394345,2.2665900720747425,45.34492492675781,10608.2,232.919,False,9984.53,0.531587,10792.5,235.093,False,4.22576,6.94526,21.335895732411622,0.023838972993711426,21.40168090471295,5.780574960801606e-05,21.317194856679237,0.023650589215046553,29.835237934673792,1.7844648810398192
2000 SH189,105899,MBO,MBO,21163607367170376,745323763179978784,16.49369,3.5462637,3.5182014,150.5200511758627,2.2665861624267816,2025052900112,96,60825.03910224287,r,150.52004557468376,2.266588047829704,41.23835754394531,10859.2,260.378,False,10415.4,1.01487,11051.3,262.418,False,6.2839,5.17465,21.310505400853575,0.026033391627847114,21.35581007542916,0.00010579345127839545,21.29146659797768,0.025781286149177858,29.404426874311135,0.8940793541810729
2000 SH189,105899,MBO,MBO,21163607367170376,745323763335168008,16.493681,3.546263,3.5182083,150.52013608284537,2.2665852397981774,2025052900113,136,60825.03962907732,r,150.52012931362677,2.266573951994111,42.48632049560547,10939.0,255.735,False,10995.1,2.46681,11105.4,259.655,False,10.721,5.72889,21.30255594416827,0.025382644573224335,21.29700207955835,0.00024359078220361253,21.28616444729026,0.02538556224943498,28.824411788557192,0.5801756727044298
2000 SH189,105899,MBO,MBO,21163607367170376,745323763448414300,16.493673,3.5462623,3.5182152,150.52022099495795,2.266584316516003,2025052900114,96,60825.04015647087,r,150.5202133467698,2.266571907461315,44.94004440307617,10784.9,237.902,False,10781.5,1.09829,10895.3,238.723,False,13.3859,10.4579,21.317959654220388,0.02395004102117316,21.318302031916772,0.00011060178825228703,21.30690203705739,0.023789176660985175,28.583381096350394,0.848244876631319
2000 SH189,105899,MBO,MBO,21163607367170376,745323763582631969,16.493664,3.5462615,3.518222,150.52030542876165,2.266583397842636,2025052900115,96,60825.04068076155,r,150.5203044225321,2.2665824197595006,44.31378936767578,10660.3,237.047,False,11243.8,3.66404,10709.1,237.357,False,18.8772,12.6698,21.330576453167957,0.02414289575939156,21.272717238970085,0.0003538110824667895,21.325617604693953,0.024064309038229644,28.21015610480301,0.7287129954469708
2000 SH189,105899,MBO,MBO,21163607367170376,745323763737296916,16.493656,3.546261,3.518229,150.52038970655803,2.2665824802789425,2025052900116,135,60825.041203718705,r,150.52039058255133,2.2665766092511217,45.264102935791016,10761.9,233.61,False,10527.7,1.29052,10861.3,234.28,False,13.7766,12.7668,21.320277579971652,0.02356821994721113,21.344166228154933,0.0001330930981785945,21.310295495748132,0.02341950607197069,28.55214488673295,1.006153696562636
2000 SH189,105899,MBO,MBO,21163607367170376,745323763851067456,16.493647,3.5462604,3.5182362,150.5204743117739,2.2665815585605937,2025052900117,96,60825.04172892816,r,150.52047096178327,2.2665823993930423,45.200782775878906,10609.1,231.717,False,10611.2,2.27811,10787.6,232.853,False,1.24558,12.1584,21.335803682393916,0.023713938058109205,21.335588729520303,0.00023309583172025574,21.31768795279156,0.023435883625203626,31.161570971027025,10.598127027985822
2000 SH189,105899,MBO,MBO,21163607367170376,745323764005732368,16.493639,3.5462596,3.518243,150.5205590832776,2.2665806344387605,2025052900118,135,60825.04225404642,r,150.52056154190436,2.2665763902993,43.02864456176758,10329.7,235.941,False,10784.3,2.70575,10389.8,236.908,False,-19.7736,13.2699,21.364780707675024,0.024799333457314207,21.31802011801976,0.0002724081096412148,21.35848205135661,0.024756934955541775,nan,nan
2000 SH189,105899,MBO,MBO,21163607367170376,745323764115832900,16.49363,3.546259,3.51825,150.52064402119055,2.2665797079093903,2025052900119,89,60825.042781189695,r,150.52064318346595,2.2665809894250843,45.482032775878906,10738.8,233.179,False,10704.5,0.511252,10806.5,234.045,False,-37.9652,16.2434,21.32261063442351,0.023575342498380454,21.326084033747833,5.185527497629547e-05,21.315787355499054,0.02351465581405395,nan,nan
2000 SH189,105899,MBO,MBO,21163607367170376,745323764258439235,16.493618,3.546258,3.5182602,150.5207692617764,2.266578340664079,2025052900120,105,60825.04355816226,r,150.52077044839763,2.2665853922646306,37.34721755981445,10403.5,269.775,False,12081.9,7.34447,10497.4,270.218,False,-41.5659,8.67157,21.357051321231502,0.028154417072313788,21.19466187284485,0.0006600085046325502,21.347295594179727,0.027948391107432243,nan,nan
2000 SH189,105899,MBO,MBO,21163607367170376,745323764388986951,16.493608,3.5462575,3.5182674,150.52085389025157,2.266577416050464,2025052900121,98,60825.04408396741,r,150.52085887207198,2.2665913313841504,39.52037048339844,11073.8,268.504,False,11766.0,6.683,11142.8,270.93,False,-42.5533,13.7436,21.289258330131688,0.026325607892362712,21.22342788987143,0.0006166900519852916,21.28251418023262,0.026398975765427043,nan,nan
2000 SH189,105899,MBO,MBO,21163607367170376,745323764522156038,16.493595,3.5462563,3.5182786,150.5209902739817,2.266575924747387,2025052900122,96,60825.044929514916,r,150.52099021561563,2.2665741058080613,41.35711669921875,10727.1,256.302,False,10750.6,0.699532,10891.1,256.306,False,-43.4288,6.95633,21.32379421650097,0.02594143552366155,21.321418281282405,7.064789094807571e-05,21.307320674766878,0.025551203589408204,nan,nan
2000 SH189,105899,MBO,MBO,21163607367170376,745323764656373792,16.493586,3.5462556,3.5182855,150.5210745936886,2.266575001983486,2025052900123,96,60825.04545278364,r,150.5210671061171,2.2665752962241665,43.820526123046875,10910.4,242.594,False,11669.5,4.10542,10975.7,243.361,False,-38.5496,11.6132,21.305398278375996,0.024141468054800656,21.23236937914384,0.00038197037165283213,21.29891941091266,0.024073711527010083,nan,nan
2000 SH189,105899,MBO,MBO,21163607367170376,745323764790591497,16.493578,3.546255,3.5182924,150.52115891862695,2.266574078582059,2025052900124,96,60825.04597517384,r,150.52116204241935,2.266574068475745,41.9730339050293,10726.5,247.857,False,11508.6,2.37228,10875.1,250.77,False,-45.3764,8.5738,21.32385490725862,0.025088082102376796,21.247443797554944,0.0002238039590913013,21.30891689119681,0.0250360992069671,nan,nan
2000 SH189,105899,MBO,MBO,21163607367170376,745323764924809297,16.49357,3.5462544,3.5182993,150.52124292631382,2.2665731580784545,2025052900125,96,60825.04649620871,r,150.52124278876843,2.26657228181433,44.36806869506836,10981.1,243.008,False,11293.2,2.59758,11031.6,243.373,False,-38.6634,13.2405,21.298385422398628,0.02402697254920709,21.267957432559935,0.0002497331628118334,21.293403773034697,0.023952906913777685,nan,nan
2000 SH189,105899,MBO,MBO,21163607367170376,745323765055356972,16.49356,3.5462537,3.5183063,150.52132774548323,2.266572228100579,2025052900126,89,60825.047022808765,r,150.52132980029663,2.2665740570530155,44.712486267089844,10845.0,237.57,False,11289.4,0.709714,10854.7,237.241,False,-24.0132,14.1857,21.311926109124467,0.02378408096971492,21.268322809925884,6.82553681531904e-05,21.310955417930515,0.02372991749219033,nan,nan
