provid,permid,orbit_class,population,ssObjectId,diaSourceId,phaseAngle,helioRange,topoRange,ephRa,ephDec,visit,detector,midpointMjdTai,band,ra,dec,snr,psfFlux,psfFluxErr,psfFlux_flag,trailFlux,trailFluxErr,scienceFlux,scienceFluxErr,forced_PsfFlux_flag,templateFlux,templateFluxErr,psfMag,psfMagErr,trailMag,trailMagErr,scienceMag,scienceMagErr,templateMag,templateMagErr
1999 WR18,121650,MBO,MBO,20892066715351122,745174275094217967,14.0432205,3.446129,2.7832808,272.33805430655553,-24.065668988405523,2025042500451,88,60791.278146256256,i,272.338045025115,-24.06569453365991,17.59208106994629,6110.6,340.83,False,5972.63,6.87316,7590.51,234.537,False,2495.2,37.75,21.934790343336694,0.06055893859437323,21.959585992904845,0.0012494393048114037,21.699322641630268,0.03354785421551319,22.90723661687386,0.016426155230714067
1999 WR18,121650,MBO,MBO,20892066715351122,745174275399353093,14.043049,3.4461277,2.7832663,272.33803552415003,-24.065676644240288,2025042500453,158,60791.279216819836,i,272.33802075171,-24.065674303417733,17.065574645996094,7062.33,403.604,False,6320.49,0.176782,9805.37,307.854,False,4582.56,41.6053,21.777629970770356,0.06204856960504715,21.898123088381496,3.0367678370947634e-05,21.42134002160995,0.0340882836472306,22.24722958626628,0.009857455422952605
1999 WR18,121650,MBO,MBO,20892066715351122,745174275494773569,14.042964,3.4461272,2.7832592,272.3380261765158,-24.06568044612697,2025042500454,84,60791.27974874296,i,272.3380135601829,-24.06568499501347,20.101051330566406,7157.55,352.383,False,6545.35,1.26286,11407.6,284.384,False,4444.58,40.3269,21.763089053314562,0.053453344609550556,21.860167797376697,0.00020948195872087352,21.25701432586819,0.027066693988451445,22.28042316174453,0.00985118393853968
1999 WR18,121650,MBO,MBO,20892066715351122,745174275668836542,14.042879,3.4461265,2.783252,272.3380168756361,-24.065684223563,2025042500455,160,60791.28027748602,i,272.3380014588389,-24.065674792069146,20.0286865234375,7725.61,380.502,False,6934.08,1.12736,11412.4,295.757,False,5308.67,43.8102,21.680168067847337,0.05347471851000358,21.79752786801756,0.00017652169273161937,21.25655750009333,0.028137294457004712,22.08753569256384,0.0089601200852099
1999 WR18,121650,MBO,MBO,20892066715351122,745174275761636579,14.042793,3.4461257,2.7832448,272.33800753364824,-24.06568801225364,2025042500456,81,60791.280808351396,i,272.3380035736687,-24.065698406184495,16.724681854248047,7474.29,435.981,False,7102.56,10.2066,12948.8,327.321,False,7007.74,75.7452,21.7160751335158,0.06333181349587277,21.77146271308839,0.0015602367683617239,21.11942620875545,0.027445344841013932,21.786055012843526,0.011735495956216646
1999 WR18,121650,MBO,MBO,20892066715351122,745174276412801714,14.042367,3.4461226,2.7832088,272.33796071770143,-24.06570691712744,2025042500461,43,60791.2834647063,i,272.33796684876353,-24.065712960656914,16.596603393554688,6084.47,363.315,False,5578.57,2.42971,9831.78,271.75,False,4735.5,28.0227,21.939443076364785,0.06483132268773097,22.03369281675147,0.0004728853632620672,21.418419589721196,0.03000970378072366,22.21158539763025,0.006424930682282209
1999 WR18,121650,MBO,MBO,20892066715351122,745174276595778049,14.042282,3.446122,2.7832017,272.3379513935405,-24.06571066621249,2025042500462,136,60791.28399201683,i,272.3379232820612,-24.065711363855605,17.563617706298828,6968.67,390.631,False,6223.72,6.53377,12285.0,302.265,False,6236.33,43.7989,21.792125264479857,0.060861288760151434,21.91487484783859,0.001139824813663517,21.17656209795975,0.026713884398498568,21.912677266054622,0.007625326356832655
1999 WR18,121650,MBO,MBO,20892066715351122,745174276756734033,14.042197,3.4461215,2.7831948,272.3379420460192,-24.06571441934931,2025042500463,187,60791.284521776055,i,272.3379423106477,-24.065719094573545,17.179262161254883,6711.39,386.974,False,5181.42,4.37478,11071.6,315.769,False,5095.36,32.1946,21.832968786695155,0.06260278012167514,22.113878023546345,0.0009167095697331667,21.28947407080735,0.03096588219001821,22.132062845572623,0.006860132126972081
1999 WR18,121650,MBO,MBO,20892066715351122,745200679783497825,13.025745,3.4390118,2.7063522,272.16429594204214,-24.10425726319721,2025050100573,156,60797.2122683731,u,272.1642179472083,-24.104187239991123,5.4057745933532715,2355.87,428.624,False,nan,nan,1910.15,413.679,False,-35.5683,6.53209,22.969621641401268,0.19753745503454384,nan,nan,23.197331304110442,0.23513663642553256,nan,nan
1999 WR18,121650,MBO,MBO,20892066715351122,745200682737860645,13.023227,3.4389958,2.7061849,272.1636399543312,-24.10436534800101,2025050100595,159,60797.22550701859,u,272.1636597600123,-24.104359487411546,6.607463836669922,2476.27,366.605,False,3137.29,28.4756,2038.36,367.849,False,-193.712,7.61009,22.915505000908293,0.1607402787798381,22.658613323480644,0.009854679903751018,23.126797787028927,0.19593544761177223,nan,nan
1999 WR18,121650,MBO,MBO,20892066715351122,745200682827513904,13.023113,3.4389951,2.7061775,272.1636102541174,-24.104370184137128,2025050100596,74,60797.22610432211,u,272.16355721197925,-24.10436575558276,6.148350238800049,2494.14,408.284,False,2921.09,75.4195,2576.97,409.584,False,-244.847,7.6966,22.90769797811513,0.17773209844065327,22.736137622397976,0.02803257745665964,22.872226605576476,0.17256708417821753,nan,nan
1999 WR18,121650,MBO,MBO,20892066715351122,745200682973790308,13.022997,3.4389944,2.7061696,272.1635799963858,-24.10437510592793,2025050100597,97,60797.22671258443,u,272.1634918280786,-24.104380510844162,5.729462146759033,1870.24,327.813,False,2047.39,61.8976,1826.11,323.84,False,-248.196,10.3422,23.22025665244616,0.19030628776272848,23.12199854786787,0.032824455987768016,23.246182671888214,0.19254306224337137,nan,nan
1999 WR18,121650,MBO,MBO,20892066715351122,745200683407900761,13.022657,3.4389923,2.7061472,272.1634912040706,-24.10438951920726,2025050100600,157,60797.22849513817,u,272.163460520399,-24.10441001359954,5.482966423034668,1712.14,317.647,False,1922.6,43.9214,1692.14,320.397,False,-249.57,8.99828,23.316151806648936,0.20143262158939831,23.19027766884704,0.024803418680196997,23.32890926123097,0.205577920993792,nan,nan
1999 WR18,121650,MBO,MBO,20892066715351122,745200683481825301,13.022547,3.4389915,2.7061398,272.1634623014187,-24.10439420123509,2025050100601,42,60797.22907599739,u,272.1634235164446,-24.104418981259567,6.816353797912598,2165.59,313.075,False,2202.45,39.6727,2026.34,312.658,False,-248.837,8.78204,23.06105936259916,0.15696270381869004,23.042734879454194,0.019557350483394794,23.133219224569608,0.16752573834358253,nan,nan
1999 WR18,121650,MBO,MBO,20892066715351122,745200683643830369,13.022436,3.4389908,2.7061324,272.1634332399012,-24.10439890423501,2025050100602,95,60797.22965811858,u,272.163502668285,-24.104409667113256,5.37443208694458,1732.17,317.425,False,2347.34,31.4178,1688.25,312.355,False,-241.245,12.8033,23.3035236908397,0.198964185269454,22.97355996071345,0.014531956443205837,23.33140810401945,0.20087969445608156,nan,nan
1999 WR18,121650,MBO,MBO,20892066715351122,745200683810029655,13.02232,3.43899,2.7061248,272.16340287233703,-24.104403813487995,2025050100603,156,60797.23026715459,u,272.1634481703252,-24.104379203102923,5.931369304656982,2120.72,353.846,False,2161.68,63.6851,1767.41,345.122,False,-247.452,11.3594,23.08379168468143,0.18115707280010557,23.063021523196113,0.03198679802897699,23.281656709250186,0.21201161772582044,nan,nan
1999 WR18,121650,MBO,MBO,20892066715351122,745200683882905694,13.022209,3.4389894,2.7061174,272.1633739912978,-24.1044084775888,2025050100604,39,60797.23084691516,u,272.1633620884237,-24.104383827449176,6.129347324371338,2441.19,381.769,False,2475.74,7.96978,2312.22,381.358,False,-263.004,7.52854,22.93099607040892,0.16979442346637763,22.915737420470556,0.003495148395885736,22.989927130301965,0.17907214481144146,nan,nan
1999 WR18,121650,MBO,MBO,20892066715351122,745200684174409782,13.021986,3.438988,2.7061026,272.1633155528238,-24.104417900592,2025050100606,83,60797.23201766411,u,272.1632601513731,-24.104412220242306,7.696703910827637,2507.82,326.773,False,2406.37,17.0655,2219.59,328.777,False,-200.466,8.68211,22.901759066455273,0.14147318320272073,22.94659393553898,0.007699826120511733,23.034318058248047,0.1608247860209133,nan,nan
1999 WR18,121650,MBO,MBO,20892066715351122,745200684340609057,13.021871,3.4389873,2.706095,272.16328529591965,-24.104422771823533,2025050100607,144,60797.23262317332,u,272.16315401265416,-24.104377257914695,6.050090312957764,1873.19,322.41,False,2683.08,93.7763,1650.71,319.528,False,-130.819,8.30309,23.21854545735981,0.18687491642698037,22.82841591339206,0.037947552622329454,23.355823070068155,0.21016601503477236,nan,nan
1999 WR18,121650,MBO,MBO,20892066715351122,745200684987056212,13.021304,3.4389837,2.7060575,272.16313676431935,-24.10444660965703,2025050100612,97,60797.23559562226,u,272.16308221704537,-24.104447120946308,6.452951431274414,1934.22,301.573,False,2523.46,43.7305,1976.62,299.251,False,-80.06,9.50655,23.183735342398165,0.1692820502923038,22.895008954274275,0.018815351557755267,23.16019203926838,0.16437537488226683,nan,nan
1999 WR18,121650,MBO,MBO,20892066715351122,745200685679116354,13.0207205,3.4389799,2.706019,272.16298353990453,-24.10447106985495,2025050100617,137,60797.23865651993,u,272.16302828667506,-24.10444699789968,5.752404689788818,1902.19,335.461,False,1926.83,76.7623,1509.04,332.689,False,-60.7887,9.44736,23.20186529790506,0.19147517472659487,23.187891526030867,0.04325426147294134,23.453248092553707,0.23936574102620145,nan,nan
1999 WR18,121650,MBO,MBO,20892066715351122,745200685825392688,13.020605,3.4389791,2.7060113,272.1629533266598,-24.10447587731392,2025050100618,160,60797.23925939443,u,272.16277177817153,-24.104523256244054,5.076531887054443,2014.2,391.177,False,2711.07,97.9356,1947.95,390.918,False,3.4682,8.66543,23.139743547241217,0.21086041296056396,22.817148144532197,0.03922149714997635,23.17605551418908,0.21788743835080807,30.049739675162243,2.712753371077599
1999 WR18,121650,MBO,MBO,20892066715351122,745200686093828097,13.020376,3.4389777,2.705996,272.1628931728415,-24.10448543347252,2025050100620,160,60797.24045999628,u,272.1627136680347,-24.10457557331717,6.126354694366455,2292.19,372.279,False,nan,nan,2170.98,373.781,False,6.2887,11.8513,22.999373493935753,0.17633651219615756,nan,nan,23.05836045335386,0.1869328940678712,29.40359778865476,2.0461121585141777
1999 WR18,121650,MBO,MBO,20892066715351122,745200686495957004,13.020033,3.4389756,2.7059734,272.1628029731864,-24.10449972442817,2025050100623,159,60797.24225700423,u,272.1627586408413,-24.10452531154881,7.580840110778809,2575.86,335.73,False,2425.68,15.8797,2516.05,335.988,False,4.47853,15.3564,22.872694317007728,0.14151165542780028,22.937916262066736,0.007107765813501088,22.89820181057716,0.14498691840058328,29.772161297600437,3.7228731774230104
1999 WR18,121650,MBO,MBO,20892066715351122,745200686585610286,13.019919,3.4389749,2.7059658,272.1627730557063,-24.10450445430256,2025050100624,74,60797.24285331082,u,272.1628406590318,-24.10456248226172,6.997811317443848,2720.86,385.003,False,2713.09,63.8755,3016.75,385.067,False,-7.87257,10.8099,22.813234467065264,0.15363218595013658,22.816339463233113,0.025561975607946482,22.701151696487564,0.13858661408750364,nan,nan
1999 WR18,121650,MBO,MBO,20892066715351122,745200686764392493,13.019806,3.4389741,2.7059584,272.1627431292459,-24.104509180534784,2025050100625,159,60797.24344942246,u,272.1626974199875,-24.104514159196977,6.587419509887695,2147.49,332.313,False,2504.33,7.13583,2451.47,334.856,False,15.7274,10.8859,23.0701721295056,0.16801207192073536,22.90327107597349,0.003093693187182746,22.92643355569554,0.1483050061418958,28.408357680813175,0.7515047233965578
1999 WR18,121650,MBO,MBO,20892066715351122,745200686854045751,13.0196905,3.4389734,2.7059507,272.16271279196104,-24.10451396648101,2025050100626,74,60797.244053270115,u,272.16266335885973,-24.1044924228002,6.621155261993408,2778.1,415.358,False,3142.58,146.472,3006.37,416.873,False,-1.39538,7.54413,22.790630275656746,0.16233008334433105,22.656784117402772,0.050604900929287724,22.704893885090208,0.1505516872072185,nan,nan
1999 WR18,121650,MBO,MBO,20892066715351122,745200687000322152,13.019577,3.4389727,2.705943,272.16268294803166,-24.10451866952133,2025050100627,97,60797.24464707573,u,272.16262785817696,-24.104618145275758,5.52140474319458,1776.73,323.831,False,1841.55,2.84933,1926.5,319.949,False,14.5309,9.86584,23.275946423315826,0.19788883955140396,23.237041183966042,0.0016799004112191182,23.188077466627448,0.1803167498274993,28.494268714841386,0.7371669773952392
1999 WR18,121650,MBO,MBO,20892066715351122,745200687508357143,13.019115,3.4389696,2.7059128,272.16256142188485,-24.104537768598348,2025050100631,42,60797.24706404486,u,272.16250874814216,-24.104552126858316,5.915682315826416,1739.07,293.195,False,1750.23,9.24428,1934.21,291.943,False,7.91672,10.3154,23.299207375245565,0.18304751639547742,23.292262203018318,0.005734588850891957,23.183740961197074,0.1638772851991946,29.153636799353595,1.4147024908233656
1999 WR18,121650,MBO,MBO,20892066715351122,745200687909437543,13.018771,3.4389675,2.70589,272.16247062363254,-24.10455198403566,2025050100634,39,60797.248868611816,u,272.16240342815485,-24.104565417435644,6.26401948928833,2122.6,334.522,False,2314.16,103.685,2156.24,335.998,False,-31.8306,8.69947,23.082829550313413,0.1711121423838071,22.989016584779687,0.048645970898791906,23.065757259183947,0.1691857954607709,nan,nan
1999 WR18,121650,MBO,MBO,20892066715351122,745200688200941628,13.018539,3.438966,2.7058747,272.16240957738006,-24.104561515319705,2025050100636,83,60797.25008076902,u,272.1623649577714,-24.10457848470807,6.762786865234375,1860.11,276.468,False,2059.76,42.6231,1794.69,278.748,False,-26.457,12.2238,23.22615343969838,0.16137287868572198,23.115458444837024,0.02246739567447238,23.265026428114723,0.16863457762101366,nan,nan
1999 WR18,121650,MBO,MBO,20892066715351122,745200688367140913,13.018425,3.4389653,2.705867,272.16237944419134,-24.10456621232938,2025050100637,144,60797.25067847094,u,272.16234653560696,-24.10455498497161,6.984628677368164,2115.28,298.657,False,2312.19,20.3885,1966.82,298.157,False,-41.6212,9.57835,23.086580327072113,0.1532954158608812,22.98994123108258,0.009573838397197675,23.165588490024057,0.16459049251645397,nan,nan
1999 WR18,121650,MBO,MBO,20892066715351122,745200688789717101,13.018086,3.4389632,2.7058446,272.1622899013984,-24.104580139593214,2025050100640,182,60797.252454148234,u,272.16225930186727,-24.1046261585929,5.6063971519470215,2287.41,405.099,False,2489.13,24.5936,2450.29,406.644,False,-40.7571,11.0891,23.001640003202112,0.1922832665114346,22.909881103278565,0.010727508183011861,22.926956263671272,0.1801860676604951,nan,nan
1999 WR18,121650,MBO,MBO,20892066715351122,745200688850534420,13.017971,3.4389625,2.7058372,272.1622594317879,-24.10458486845421,2025050100641,42,60797.25305886372,u,272.1621564949197,-24.104594996010086,7.337890625,2415.52,323.777,False,2734.73,28.7232,2386.84,320.887,False,-83.7417,11.9654,22.942473396958945,0.1455323976091813,22.80771387056732,0.011403618715650916,22.955441691562594,0.14596647179961159,nan,nan
1999 WR18,121650,MBO,MBO,20892066715351122,745200689974083756,13.012486,3.438928,2.7054765,272.1608045791435,-24.10480460637252,2025050100649,137,60797.281717596794,g,272.160779991208,-24.10482302061578,42.976016998291016,7794.65,179.638,False,7478.91,0.447927,8206.96,179.404,False,640.49,3.71386,21.670508466067503,0.025022224644347356,21.71540420975436,6.502692889833687e-05,21.614544213379354,0.023734175207397706,24.383719132869842,0.006295605490830495
1999 WR18,121650,MBO,MBO,20892066715351122,745200690119835969,13.012393,3.4389272,2.7054703,272.16077981830614,-24.104808244322047,2025050100650,159,60797.28220231854,g,272.1607554405739,-24.104818679337846,42.21072006225586,8122.04,191.305,False,7981.59,0.276855,8603.28,191.183,False,646.876,3.43115,21.62583718476915,0.025573224916416365,21.64477648352883,3.766060322219767e-05,21.563339821591466,0.02412734408028741,24.372947443064195,0.005758945872205101
1999 WR18,121650,MBO,MBO,20892066715351122,745200690211061832,13.012299,3.4389267,2.7054641,272.1607545426137,-24.104811954430986,2025050100651,77,60797.28269772871,g,272.1607377554598,-24.1048221629814,40.92566680908203,7764.72,188.391,False,7200.82,0.922525,8560.44,187.547,False,651.522,3.43469,21.674685471325553,0.02634260227225987,21.756545139176886,0.0001390978811334781,21.56875972637302,0.02378692620846128,24.365177332678,0.005723778230265791
1999 WR18,121650,MBO,MBO,20892066715351122,745200690388795563,13.012202,3.438926,2.7054577,272.1607288028653,-24.10481572904027,2025050100652,160,60797.28320126145,g,272.16070137365404,-24.104831507827615,43.36655044555664,8234.53,188.885,False,7703.5,0.116629,9236.21,188.823,False,655.942,3.60981,21.610902923680136,0.02490479362655885,21.68327978274094,1.643776524927514e-05,21.48626550775004,0.022196546650359653,24.357836373294663,0.005975073152466521
1999 WR18,121650,MBO,MBO,20892066715351122,745200690477924615,13.012106,3.4389255,2.7054515,272.1607032629581,-24.104819470738896,2025050100653,74,60797.283701374006,g,272.1606859467936,-24.104837446393443,39.30511474609375,8124.59,206.018,False,7381.57,0.0693018,8364.66,201.64,False,640.329,3.46529,21.62549638605496,0.027531384545586922,21.72962816946147,1.0193424157126328e-05,21.593879247711385,0.02617295186836341,24.383992106954707,0.0058757154666272795
1999 WR18,121650,MBO,MBO,20892066715351122,745200690624201069,13.012014,3.4389248,2.7054455,272.16067884270024,-24.10482304504811,2025050100654,97,60797.28417959226,g,272.1606588779696,-24.10483384922635,48.43281173706055,8363.88,171.373,False,7653.63,0.0494807,8779.08,167.852,False,620.3,4.29828,21.593980532237033,0.02224635867777102,21.69033135845971,7.019281983397342e-06,21.541377473880868,0.020758780789475007,24.41849556845404,0.007523453245063089
1999 WR18,121650,MBO,MBO,20892066715351122,745200690790924430,13.011916,3.4389243,2.705439,272.16065268098583,-24.104826870609877,2025050100655,159,60797.284691791996,g,272.1606341734168,-24.104848010177307,46.83686447143555,7885.67,166.32,False,7430.92,0.708539,8615.32,165.182,False,590.263,4.63894,21.65790351391797,0.022899722574820196,21.72239354693649,0.00010352506321491277,21.56182142776124,0.020816879546100123,24.472386097119717,0.008532916599546726
1999 WR18,121650,MBO,MBO,20892066715351122,745200690880577625,13.01182,3.4389236,2.7054327,272.1606268724952,-24.104830640834827,2025050100656,74,60797.28519669482,g,272.1606136932901,-24.10484525976266,45.33806610107422,7631.02,166.909,False,7165.48,0.0799418,8273.24,167.261,False,547.891,3.91247,21.693543517745194,0.023747695593136962,21.761886782570908,1.211303480645889e-05,21.605810911637555,0.021950447457390745,24.553264601165203,0.007753203663238304
1999 WR18,121650,MBO,MBO,20892066715351122,745200691059359992,13.011723,3.4389231,2.7054265,272.16060095735264,-24.104834422958756,2025050100657,159,60797.28570343807,g,272.16058305212636,-24.10484897812232,44.688392639160156,7582.15,168.344,False,7259.67,0.141122,8636.19,173.223,False,530.407,4.1235,21.700519084093017,0.024106245807085393,21.747707812701258,2.1105816742551807e-05,21.55919447488497,0.02177748301727249,24.588476918487228,0.008440750683669425
1999 WR18,121650,MBO,MBO,20892066715351122,745200691149013064,13.011625,3.4389224,2.70542,272.1605751911603,-24.10483817968948,2025050100658,74,60797.28620794672,g,272.1605561067036,-24.104847625804364,40.37474822998047,7336.28,180.333,False,7044.38,0.125838,7996.22,180.01,False,453.227,3.57442,21.736310285618657,0.026688466724524202,21.78039307960379,1.9395159136496827e-05,21.642788134942037,0.02444196920584719,24.759210589316496,0.008562767147532676
1999 WR18,121650,MBO,MBO,20892066715351122,745200691295289583,13.011529,3.4389217,2.7054136,272.1605493183506,-24.104841948300194,2025050100659,97,60797.28671342708,g,272.1605188643124,-24.104858471648605,49.920589447021484,7934.97,156.631,False,7649.43,0.165794,8538.92,157.602,False,383.734,4.38139,21.651136747746456,0.021431705388240456,21.690927288171835,2.3532282042875604e-05,21.571492648111985,0.02003932632485672,24.939924273343067,0.012396696003197727
1999 WR18,121650,MBO,MBO,20892066715351122,745200691458343240,13.011436,3.4389212,2.7054076,272.16052477096,-24.104845520458344,2025050100660,152,60797.28719301775,g,272.1605023988376,-24.10485726102826,49.04463195800781,7849.52,158.979,False,7327.91,0.405847,8296.28,157.317,False,360.626,4.3659,21.662892246430523,0.021989785350940146,21.73754965992395,6.013212310301127e-05,21.60279146147544,0.02058811399232788,25.007357391731695,0.013144409017553713
1999 WR18,121650,MBO,MBO,20892066715351122,745200691730972865,13.011243,3.43892,2.705395,272.16047315762,-24.10485302050928,2025050100662,160,60797.28820217203,g,272.1604544601509,-24.10486738111017,43.4552116394043,7877.44,178.564,False,7399.92,1.46531,8262.28,177.43,False,277.5,4.38383,21.65903724814285,0.024611218374512557,21.726932449887418,0.00021499423109920407,21.607250192382242,0.02331585960323725,25.29184253135326,0.017152010893853913
1999 WR18,121650,MBO,MBO,20892066715351122,745200691803324427,13.011146,3.4389193,2.7053885,272.1604470631429,-24.10485680680637,2025050100663,42,60797.28871230986,g,272.1604286409785,-24.104859225112317,44.480350494384766,7502.15,167.764,False,7025.74,0.147134,7715.08,170.584,False,203.611,4.10136,21.71203565587836,0.024279367813668965,21.783269778995574,2.2737635033687615e-05,21.681648904621873,0.024006131171598125,25.627996948162174,0.02187011034334287
1999 WR18,121650,MBO,MBO,20892066715351122,745200692133101664,13.010957,3.438918,2.7053761,272.16039670394275,-24.10486410337614,2025050100665,159,60797.28969674934,g,272.16037801191726,-24.10487876628768,41.385833740234375,7803.78,188.249,False,7407.35,0.600425,8117.36,187.788,False,163.178,3.40881,21.66923748614897,0.026190993691440203,21.72584282141169,8.800760832574244e-05,21.626463000558104,0.02511755395307057,25.868346026742657,0.02268117310593142
1999 WR18,121650,MBO,MBO,20892066715351122,745200692204404907,13.010859,3.4389176,2.7053697,272.16037044329875,-24.104867902796705,2025050100666,39,60797.29020936786,g,272.1603567617483,-24.104876422982098,49.57464599609375,7686.39,153.369,False,6846.03,0.13035,7986.29,153.954,False,67.433,5.1386,21.68569393976371,0.021664042106131102,21.811403039251246,2.067266896255498e-05,21.644137303824944,0.02093004701190394,26.827818818466326,0.08273640553633617
1999 WR18,121650,MBO,MBO,20892066715351122,745200692495908958,13.01066,3.4389162,2.7053568,272.160317499482,-24.10487555132497,2025050100668,83,60797.29124312107,g,272.1602932887923,-24.104889511551896,46.484867095947266,7673.03,163.221,False,7299.16,0.613105,7767.5,161.13,False,17.735,4.13392,21.68758278988071,0.02309582348619241,21.741817767674547,9.119820370478022e-05,21.674296845182468,0.02252264949779513,28.27792198061439,0.25307847005065387
1999 WR18,121650,MBO,MBO,20892066715351122,745200692662108391,13.010563,3.4389157,2.7053504,272.16029148207747,-24.10487930432709,2025050100669,144,60797.291751934696,g,272.16027290906504,-24.104887965998955,46.08074951171875,7968.08,171.223,False,7448.22,0.362008,8183.31,170.374,False,13.6206,3.57094,21.646615774904337,0.023330967583684234,21.719868728604098,5.2770351374777606e-05,21.617677483667578,0.022604693105585716,28.56450942251374,0.28464964350596333
1999 WR18,121650,MBO,MBO,20892066715351122,745200692878115041,13.010369,3.4389145,2.7053378,272.1602397935871,-24.104886749434403,2025050100671,44,60797.292760800476,g,272.16020886099915,-24.104899810804547,39.68647766113281,7790.6,194.681,False,6957.17,0.141464,7400.25,195.946,False,-47.8369,3.58843,21.671072720047434,0.027131698093069236,21.793918473267702,2.2076876480538853e-05,21.726884021014953,0.02874844301878765,nan,nan
1999 WR18,121650,MBO,MBO,20892066715351122,745200693084684490,13.010271,3.4389138,2.7053313,272.1602137127149,-24.10489050055123,2025050100672,182,60797.2932699156,g,272.1601903570675,-24.10490638660507,29.567943572998047,7632.0,256.257,False,7377.69,0.117006,7901.81,260.605,False,-37.7533,2.77628,21.693404095759902,0.0364553839313817,21.730199001522653,1.721916310943048e-05,21.655683534933083,0.03580803556034876,nan,nan
1999 WR18,121650,MBO,MBO,20892066715351122,745200693143929017,13.010173,3.4389133,2.705325,272.1601873202727,-24.104894292714462,2025050100673,39,60797.293784256166,g,272.1601490189559,-24.10492554529494,29.568443298339844,7476.85,252.779,False,7768.5,0.51828,7942.22,260.356,False,-81.9587,2.8727,21.715703315941585,0.03670681049806626,21.67415707481606,7.243552706580694e-05,21.650145188431665,0.03559180105318707,nan,nan
1999 WR18,121650,MBO,MBO,20892066715351122,745200693308555408,13.010076,3.4389126,2.7053185,272.1601612312358,-24.10489803756267,2025050100674,97,60797.29429340684,g,272.16013652212547,-24.10491928893283,40.776248931884766,7957.8,193.286,False,7510.04,0.641993,8109.6,194.534,False,-103.278,3.26885,21.648017476624847,0.026371309698621274,21.71089436897508,9.281375661048688e-05,21.627501403209248,0.026044761838064978,nan,nan
1999 WR18,121650,MBO,MBO,20892066715351122,745200693486813345,13.009979,3.438912,2.7053123,272.1601356508936,-24.104901705803425,2025050100675,181,60797.29479243902,g,272.16010948309844,-24.104922054891297,42.743621826171875,8171.83,189.887,False,7954.99,0.300401,8265.26,191.929,False,-101.576,3.72344,21.619201681243098,0.02522901009748587,21.648400872903224,4.100020671185143e-05,21.60685873151545,0.025212064820689706,nan,nan
1999 WR18,121650,MBO,MBO,20892066715351122,745200693546582089,13.009882,3.4389114,2.7053058,272.1601096565244,-24.10490542977785,2025050100676,39,60797.29529904389,g,272.1601055289174,-24.10493397606059,35.27939987182617,7712.86,217.359,False,7653.35,1.99498,7730.34,219.591,False,-125.387,3.17361,21.68196139840445,0.030597538771462613,21.690371049224854,0.00028301619053329214,21.67950353266181,0.030841839746905346,nan,nan
1999 WR18,121650,MBO,MBO,20892066715351122,745200694000091325,13.009579,3.4389095,2.705286,272.1600284694809,-24.104917037114834,2025050100679,136,60797.29688292678,g,272.16000066715384,-24.10492223280481,49.79166030883789,7687.3,153.754,False,7241.76,0.282703,7602.79,153.815,False,-118.29,4.37035,21.68556545278981,0.021715854237782883,21.750389715848726,4.238484919468222e-05,21.697567507386843,0.021965951463548232,nan,nan
1999 WR18,121650,MBO,MBO,20892066715351122,745200694504456358,13.009187,3.4389071,2.7052603,272.1599236353269,-24.104931972531755,2025050100683,74,60797.29892543325,g,272.15990005900017,-24.104945383946305,44.14494323730469,7575.14,170.849,False,7256.3,0.916279,8023.58,175.966,False,-146.487,5.20764,21.701523321242124,0.024487592366414266,21.74821195515669,0.00013709980709162886,21.63907952154353,0.023811398260778348,nan,nan
1999 WR18,121650,MBO,MBO,20892066715351122,745200694650732900,13.009094,3.4389064,2.7052543,272.1598989958413,-24.104935474234395,2025050100684,97,60797.29940548696,g,272.15987390643016,-24.104933256170728,44.04648971557617,7457.97,166.329,False,6820.1,0.310543,7361.15,167.212,False,-128.925,4.70732,21.71844838857074,0.024214284356181705,21.815523128043278,4.94373651653608e-05,21.732635845530346,0.02466301199882856,nan,nan
1999 WR18,121650,MBO,MBO,20892066715351122,745200695097950301,13.008797,3.4389045,2.705235,272.15981945962903,-24.10494675539649,2025050100687,182,60797.3009545994,g,272.1597965006573,-24.104958190922584,42.7719841003418,7992.1,185.409,False,7778.84,1.34394,7914.48,185.182,False,-105.366,4.14939,21.64334771348561,0.025188030407179464,21.67271292495134,0.00018758122877200555,21.653944037769122,0.02540391911884483,nan,nan
1999 WR18,121650,MBO,MBO,20892066715351122,745200695321821428,13.008598,3.4389033,2.705222,272.1597663481615,-24.104954269601883,2025050100689,97,60797.30198891531,g,272.1597486535365,-24.104962063658466,55.1695442199707,7143.41,127.93,False,7185.43,0.157464,8310.64,142.592,False,-71.7255,18.0929,21.76523603271673,0.019444247210769684,21.75886806625807,2.379319803554457e-05,21.600913871016292,0.018628805758539722,nan,nan
1999 WR18,121650,MBO,MBO,20892066715351122,745200695500603446,13.008502,3.4389026,2.7052157,272.159740454774,-24.10495792750017,2025050100690,182,60797.30249235105,g,272.1597228170844,-24.104972850878823,44.63290023803711,7515.79,166.543,False,7131.33,1.78141,7596.05,167.948,False,-45.3571,6.59047,21.71006340210674,0.024058916363285134,21.7670736537301,0.00027121747112866633,21.698530491015127,0.02400553270248621,nan,nan
1999 WR18,121650,MBO,MBO,20892066715351122,745200695557750937,13.0084,3.4389021,2.705209,272.159713119084,-24.104961785244367,2025050100691,35,60797.30302439614,g,272.15969254355997,-24.104969636667683,47.07602310180664,7684.92,161.429,False,6916.17,0.935203,7828.0,160.323,False,-50.4103,5.02231,21.68590163390083,0.022806914386544475,21.800335862950853,0.00014681301710736932,21.66587295753509,0.02223664836929727,nan,nan
1999 WR18,121650,MBO,MBO,20892066715351122,745200695828283668,13.008196,3.4389007,2.7051957,272.15965843611264,-24.10496949034535,2025050100693,39,60797.30408856917,g,272.15963892483217,-24.104986859692282,49.28766632080078,7596.52,152.472,False,7332.7,0.918478,7554.76,153.427,False,-21.2241,4.7702,21.69846328325687,0.021792132492087175,21.73684017800025,0.00013599694579527504,21.70444835317084,0.02204984089182654,nan,nan
1999 WR18,121650,MBO,MBO,20892066715351122,745200695993434134,13.008099,3.4389002,2.7051895,272.15963257974545,-24.1049731280588,2025050100694,98,60797.30459107594,g,272.1596125110936,-24.10498522884672,49.62308883666992,7704.22,154.307,False,7120.93,0.732181,7619.31,152.61,False,16.8552,4.88579,21.68317827994614,0.021746094906119624,21.768658181700197,0.00011163645959527282,21.695210882448738,0.021746615060498024,28.33316523667168,0.3147206209719904
1999 WR18,121650,MBO,MBO,20892066715351122,745200696159633684,13.008004,3.4388995,2.7051833,272.1596072341272,-24.10497669044387,2025050100695,159,60797.30508495514,g,272.1595905504715,-24.104993536843608,47.930355072021484,8009.39,166.152,False,7372.66,0.344641,7735.22,159.089,False,27.1474,4.6174,21.641001378435224,0.022523217248004317,21.730939461243516,5.075362263402867e-05,21.678818294526884,0.02233015831289982,27.8156793988102,0.1846688284615901
1999 WR18,121650,MBO,MBO,20892066715351122,745200696230936677,13.007901,3.438899,2.7051764,272.15957946852154,-24.10498058902221,2025050100696,39,60797.305624663844,g,272.15955743567235,-24.104997359672712,50.40215301513672,7272.88,141.91,False,6627.47,0.0807532,7570.02,143.418,False,65.5531,5.61434,21.745733962689208,0.021185119412934363,21.84663053848852,1.3229282031164824e-05,21.702257429928665,0.02056984179923299,26.858516904651854,0.09298861477371684
1999 WR18,121650,MBO,MBO,20892066715351122,745200696522440764,13.007684,3.4388976,2.7051623,272.1595213540852,-24.10498873556609,2025050100698,83,60797.30675439897,g,272.1594987559595,-24.105003910322438,52.22125244140625,7465.78,141.137,False,6981.4,0.464543,7849.63,142.108,False,100.33,5.76305,21.717312061038335,0.020525323272817177,21.790143711026513,7.224499052522317e-05,21.66287705037943,0.019655933431856554,26.39642294956897,0.062365713214241086
1999 WR18,121650,MBO,MBO,20892066715351122,745200696688640313,13.007589,3.438897,2.705156,272.15949604599746,-24.10499227765085,2025050100699,144,60797.307246393655,g,272.1594736887456,-24.105005628077265,48.728782653808594,7604.36,154.601,False,7481.27,1.02053,7615.74,154.476,False,57.9966,6.38725,21.69734334769796,0.022073639827227712,21.715061675240218,0.00014810671855548595,21.695719694352253,0.0220228340977371,26.991493643881917,0.11957370576480994
1999 WR18,121650,MBO,MBO,20892066715351122,745200696904646860,13.007385,3.4388957,2.7051427,272.15944145851256,-24.10499990602606,2025050100701,44,60797.3083078934,g,272.1594181183543,-24.10501419702131,39.40492248535156,7814.28,196.948,False,7391.54,0.388507,7799.85,194.147,False,-65.812,3.57201,21.667777608010304,0.027364463240786025,21.728162665587366,5.7067420694278195e-05,21.66978435942325,0.02702518993979858,nan,nan
1999 WR18,121650,MBO,MBO,20892066715351122,745200697112264778,13.007282,3.438895,2.705136,272.1594137734635,-24.105003768838976,2025050100702,184,60797.30884537083,g,272.1593809519423,-24.105020094205376,40.17684555053711,7107.87,177.593,False,7364.4,2.89142,7139.8,177.875,False,12.2391,4.64998,21.770651291750454,0.027127557081205324,21.732156591068602,0.00042628310475965783,21.765784913465176,0.027049123603516096,28.680626251482746,0.4125018606970158
1999 WR18,121650,MBO,MBO,20892066715351122,745200697170460905,13.007176,3.4388943,2.7051291,272.15938541574207,-24.10500772128585,2025050100703,39,60797.30939608869,g,272.1593656695369,-24.105019811186747,48.272403717041016,7150.1,147.622,False,6537.57,0.0184226,7309.45,148.44,False,45.2882,4.98224,21.764219695652727,0.022416265693548956,21.861459149093328,3.0595594716922673e-06,21.74028822180572,0.02204908448358742,27.2600373414396,0.11944388429630806
1999 WR18,121650,MBO,MBO,20892066715351122,745200697335087249,13.007081,3.4388938,2.705123,272.1593599368943,-24.10501126883982,2025050100704,97,60797.30989170977,g,272.1593446053664,-24.105016738473804,48.06904220581055,7639.59,158.258,False,6910.02,0.0778304,7608.48,156.236,False,10.1194,4.65741,21.692324893278613,0.022491578610320646,21.8013017359931,1.2229093283729798e-05,21.69675524441762,0.02229500161724793,28.887113089741174,0.4997053977927286
1999 WR18,121650,MBO,MBO,20892066715351122,745200697513345242,13.006986,3.438893,2.7051167,272.15933414618326,-24.10501485630952,2025050100705,181,60797.31039287135,g,272.15931765778635,-24.105025139222246,43.978694915771484,7297.05,165.374,False,6961.08,0.554322,7286.16,168.694,False,-10.3078,4.35596,21.742131723847862,0.024606181435575823,21.793308425550702,8.645892051632781e-05,21.743753217030076,0.02513768290330946,nan,nan
1999 WR18,121650,MBO,MBO,20892066715351122,745200697571541301,13.006878,3.4388926,2.7051096,272.15930546910874,-24.105018841131656,2025050100706,36,60797.31094902153,g,272.1592884219192,-24.10502628450552,50.962223052978516,7047.42,137.151,False,6775.67,0.197971,6853.2,134.134,False,-0.347538,11.6909,21.77992462552823,0.02112969128132403,21.822619397262997,3.172295670341467e-05,21.81026645352611,0.021250530971564825,nan,nan
1999 WR18,121650,MBO,MBO,20892066715351122,745205072731832356,12.839601,3.4378211,2.694134,272.1167640506044,-24.11093589493413,2025050200535,160,60798.19634901412,r,272.1167501682344,-24.1109498204187,27.383676528930664,9160.63,333.396,False,9583.74,2.26765,11900.4,307.396,False,1567.24,16.2238,21.495186658290876,0.03951476133312014,21.44616241568053,0.0002569007009772387,21.211096066158632,0.02804535571925782,23.412161238161588,0.01123935572357107
1999 WR18,121650,MBO,MBO,20892066715351122,745205073134485652,12.839302,3.4378195,2.694115,272.1166808511287,-24.110948736233603,2025050200538,160,60798.19787746796,r,272.116654329887,-24.1109557670564,30.692127227783203,9567.92,307.403,False,9251.51,0.131245,11057.9,289.616,False,1116.03,12.5306,21.447956170354395,0.03488308699393264,21.48446847102373,1.5402615804164195e-05,21.290818316242063,0.028436372426362776,23.780810298929634,0.012190465569489124
1999 WR18,121650,MBO,MBO,20892066715351122,745205073225187676,12.8392,3.4378188,2.6941082,272.1166520842004,-24.11095316920374,2025050200539,77,60798.198405654664,r,272.1166288189978,-24.1109747290984,32.66535949707031,9896.61,299.452,False,9340.34,1.24497,11106.5,272.605,False,882.186,13.9381,21.41128382100252,0.032852245559983104,21.474093304719126,0.00014471732146721221,21.28605694764462,0.026649001037801653,24.036099628381773,0.017154092321470246
1999 WR18,121650,MBO,MBO,20892066715351122,745205073638327312,12.838907,3.4378169,2.6940897,272.116570311642,-24.110965750586782,2025050200542,97,60798.199905881425,r,272.11654606790285,-24.11097850566385,31.02131462097168,9245.33,295.157,False,8871.78,0.276033,10256.4,268.91,False,842.195,14.3807,21.485193947457454,0.03466211074441372,21.529973057142538,3.378116092096539e-05,21.372512583631767,0.028466646745233165,24.08646834369988,0.018539229780417957
1999 WR18,121650,MBO,MBO,20892066715351122,745205073805049880,12.838814,3.4378164,2.6940837,272.1165441293602,-24.11096977277045,2025050200543,159,60798.200385421536,r,272.1165256681126,-24.110977818439373,29.506267547607422,8136.84,271.902,False,8591.47,1.9379,9121.43,261.612,False,773.379,17.0767,21.62386058019043,0.03628114353513895,21.564831339683536,0.0002448996738395441,21.499842713189544,0.0311400327799807,24.179019022111518,0.023973745081614664
1999 WR18,121650,MBO,MBO,20892066715351122,745205073894703413,12.838709,3.4378157,2.6940768,272.1165147201538,-24.110974287105183,2025050200544,74,60798.2009243735,r,272.11649805935946,-24.110983699163423,30.073854446411133,8805.19,290.253,False,8170.47,0.751892,9363.7,266.096,False,734.858,14.865,21.538153117791403,0.035790047141331126,21.61938237218316,9.991546546509035e-05,21.471381249721162,0.030854263178824042,24.234491476399203,0.021962704451661312
1999 WR18,121650,MBO,MBO,20892066715351122,745205074073485676,12.838611,3.4378152,2.6940706,272.116487212355,-24.11097850614504,2025050200545,159,60798.201428851826,r,272.1164686056596,-24.11099977172149,29.564239501953125,9025.79,305.364,False,8234.3,1.034,10556.1,280.702,False,822.365,14.4454,21.51128693350355,0.03673304650772137,21.61093331178479,0.00013633840214729705,21.341241300867132,0.028871300093750406,24.112338466906966,0.019071694706007197
1999 WR18,121650,MBO,MBO,20892066715351122,745205074163138970,12.838507,3.4378145,2.694064,272.11645805848707,-24.110982974033877,2025050200546,74,60798.201962788226,r,272.116427934827,-24.11099085686526,28.075439453125,9014.21,316.848,False,8049.92,0.33334,9528.05,292.364,False,836.286,12.9775,21.512680826164427,0.03816344834972527,21.635521099596097,4.495936584023818e-05,21.45248995347618,0.0333153374634744,24.094112919906635,0.016848472143311772
1999 WR18,121650,MBO,MBO,20892066715351122,745205074309415626,12.838412,3.4378138,2.6940577,272.11643162665,-24.110987021545323,2025050200547,97,60798.20244651748,r,272.1164100993413,-24.11099951474304,32.367034912109375,10353.1,316.464,False,9135.09,0.498108,11431.7,274.613,False,768.751,12.1446,21.362324018822747,0.0331877817854915,21.498217942493717,5.9201813912694327e-05,21.25472293439435,0.026081622021233052,24.185535798804125,0.017152279764887233
1999 WR18,121650,MBO,MBO,20892066715351122,745205074472468905,12.838317,3.4378133,2.6940517,272.1164049142962,-24.110991108898503,2025050200548,152,60798.202935686815,r,272.1164025887733,-24.111011241239765,27.038801193237305,8453.99,310.369,False,8064.42,0.794485,9228.99,281.664,False,815.858,15.2989,21.582345645454716,0.03986033077916668,21.633567165476478,0.00010696381235461047,21.487114533900193,0.03313610657300015,24.120963597283613,0.020359633453519856
1999 WR18,121650,MBO,MBO,20892066715351122,745205074544821493,12.83822,3.4378126,2.6940455,272.1163777573006,-24.110995261077043,2025050200549,34,60798.203432688315,r,272.1163623419994,-24.11100815146814,29.80998420715332,8299.02,277.409,False,7741.92,0.385496,9537.59,257.21,False,582.688,16.2736,21.602433033312863,0.03629259938244413,21.67787831273759,5.406242352214865e-05,21.451403394948862,0.029280164540867567,24.48640983626141,0.030322980136111663
1999 WR18,121650,MBO,MBO,20892066715351122,745205074743526117,12.83812,3.437812,2.694039,272.11634999127386,-24.11099950302459,2025050200550,157,60798.2039408542,r,272.11633720174586,-24.111012678251132,32.408447265625,8838.72,270.365,False,8024.43,0.469415,9430.92,258.85,False,624.751,15.4976,21.53402659311105,0.03321126446790307,21.638964493974477,6.351365258183803e-05,21.4636148568342,0.0298001494611964,24.41073264086343,0.02693281900420858
1999 WR18,121650,MBO,MBO,20892066715351122,745205074817450072,12.838025,3.4378114,2.694033,272.1163231468196,-24.111003600957577,2025050200551,42,60798.204431640006,r,272.1162864152896,-24.11101220158447,30.48064613342285,8462.6,275.742,False,7467.71,0.442425,10020.7,256.267,False,641.743,20.8823,21.581240515989357,0.03537719981600648,21.71703139499516,6.432451937348708e-05,21.39775482782461,0.02776635890767395,24.38159718178076,0.03532982704162279
1999 WR18,121650,MBO,MBO,20892066715351122,745205074979455517,12.837932,3.437811,2.694027,272.1162969512157,-24.111007596785505,2025050200552,95,60798.204910136104,r,272.1162779478484,-24.111023428300715,30.94234275817871,8675.88,280.963,False,7826.22,0.0211332,7922.4,246.922,False,590.62,14.1617,21.554216173512067,0.03516089655477442,21.66611984012172,2.9318213658148736e-06,21.65285809827864,0.033839765131157676,24.471729635799235,0.02603344080471713
1999 WR18,121650,MBO,MBO,20892066715351122,745205075145655485,12.837826,3.4378102,2.6940203,272.1162673564369,-24.111012107484573,2025050200553,156,60798.20545123017,r,272.1162572980212,-24.11103114818464,27.155841827392578,9411.88,345.447,False,8267.72,0.778881,8980.88,303.41,False,907.355,12.1609,21.46580906013735,0.039850094729994304,21.60653563564842,0.0001022844681978015,21.51670278040009,0.036680506827866055,24.00555693147331,0.01455166921719148
1999 WR18,121650,MBO,MBO,20892066715351122,745205075218530681,12.837722,3.4378095,2.6940136,272.1162381904304,-24.111016549059286,2025050200554,39,60798.2059841506,r,272.1162227613698,-24.11102166315516,28.771825790405273,9141.64,314.838,False,8310.46,2.89482,9912.54,280.827,False,784.874,14.6616,21.497439755084336,0.03739274814620663,21.600937346385418,0.00037819938580759596,21.40953761363508,0.030759425481848422,24.163000110736895,0.020281764444896735
1999 WR18,121650,MBO,MBO,20892066715351122,745205075510034663,12.837519,3.4378083,2.6940007,272.1161811464675,-24.11102522522177,2025050200556,83,60798.20702649155,r,272.11616096752635,-24.11103841458988,29.71340560913086,8067.01,267.839,False,7999.92,1.1597,8786.24,249.328,False,616.649,14.9717,21.63321854328952,0.03604836192490967,21.642285900539473,0.00015739261493788497,21.54049231594869,0.03081004302405794,24.424904944324645,0.026360728347087484
1999 WR18,121650,MBO,MBO,20892066715351122,745205075676234207,12.837413,3.4378076,2.6939938,272.116151461687,-24.11102973448353,2025050200557,144,60798.207568407095,r,272.11610994958284,-24.111034599423544,27.343276977539062,8234.74,300.029,False,7699.33,0.83549,8047.86,275.665,False,780.123,13.8817,21.61087524034209,0.03955830171850491,21.68386765331256,0.00011781826728235409,21.63579898639058,0.03718994679911726,24.16959231423153,0.01931985606332545
1999 WR18,121650,MBO,MBO,20892066715351122,745205075891717294,12.837211,3.4378064,2.693981,272.1160946412433,-24.111038354935346,2025050200559,43,60798.20860568728,r,272.1160876807333,-24.11105106667489,27.20343780517578,8210.04,299.078,False,7866.19,0.503378,9433.91,260.041,False,682.018,13.665,21.614136812225297,0.03955155081857544,21.660588927707657,6.947908646458476e-05,21.463270660174555,0.0299277720029005,24.315510399392195,0.021753949426202516
1999 WR18,121650,MBO,MBO,20892066715351122,745205076098810101,12.837114,3.437806,2.6939747,272.11606772642995,-24.11104243330917,2025050200560,182,60798.20909645736,r,272.11604319582773,-24.11105124713399,24.76311492919922,7903.04,313.81,False,7402.65,0.190312,8385.4,289.23,False,716.156,17.9541,21.65551454448768,0.04311187518731625,21.72653197365903,2.7912791945351582e-05,21.591190489088525,0.037449314260716196,24.26248090406343,0.027219510637268924
1999 WR18,121650,MBO,MBO,20892066715351122,745205076158055024,12.837017,3.4378052,2.6939685,272.1160403107356,-24.111046584288715,2025050200561,39,60798.20959602913,r,272.1160175330604,-24.111055411038535,28.44008445739746,9172.0,321.698,False,7502.13,0.0308439,9081.36,281.418,False,768.686,18.513,21.493839884855245,0.03808102523742937,21.712038553175688,4.463844269556655e-06,21.504622727561383,0.03364536794565534,24.18562760810277,0.02614882483294202
1999 WR18,121650,MBO,MBO,20892066715351122,745205076322681123,12.836919,3.4378047,2.6939623,272.1160127777653,-24.11105074967926,2025050200562,97,60798.21009890037,r,272.11600525570657,-24.11105404929654,26.081148147583008,7651.63,290.964,False,7183.54,0.458452,8234.94,260.95,False,688.928,14.1992,21.690615113515832,0.04128664640819555,21.75915370814453,6.92914519827912e-05,21.61084884525851,0.034404969690351624,24.30456544366394,0.022377644177839356
1999 WR18,121650,MBO,MBO,20892066715351122,745205076501463161,12.836823,3.437804,2.6939561,272.11598595050134,-24.11105480507864,2025050200563,182,60798.2105870055,r,272.1159529656693,-24.111067883325905,29.108625411987305,7812.68,268.173,False,7734.17,3.39074,10193.2,273.079,False,621.373,16.0243,21.66799988461718,0.03726827838766808,21.67896572646744,0.0004759979579984257,21.379223615309854,0.029087211302242105,24.416619079004956,0.02799954721483162
1999 WR18,121650,MBO,MBO,20892066715351122,745205076557037808,12.836727,3.4378035,2.69395,272.11595873183325,-24.111058916389087,2025050200564,32,60798.21108382707,r,272.11594752011416,-24.11106645212966,27.149383544921875,7568.96,273.979,False,6945.44,0.351948,8302.12,251.034,False,553.581,21.9247,21.702409480330708,0.03930116230232241,21.795750599411402,5.5017778781370255e-05,21.60202746857228,0.032829770572697224,24.542047072812522,0.04300082662909917
1999 WR18,121650,MBO,MBO,20892066715351122,745205076758364248,12.836605,3.4378026,2.693942,272.11592447849296,-24.11106408560523,2025050200565,160,60798.211707410024,r,272.11592489286517,-24.111077176631184,18.74857521057129,7157.38,376.021,False,7183.17,0.914002,11226.0,357.458,False,1329.58,17.9316,21.7631148292472,0.05704037174114244,21.759209649919878,0.00013815141153699414,21.274437405290865,0.03457198474636963,23.590713851680558,0.014642961380538909
1999 WR18,121650,MBO,MBO,20892066715351122,745205076849066935,12.836511,3.437802,2.693936,272.11589790216954,-24.11106809269042,2025050200566,77,60798.212191406026,r,272.11583068076266,-24.111115630792984,22.518564224243164,2258.41,122.626,False,8147.92,0.140002,2981.51,126.209,False,193.483,5.24203,23.01549307187105,0.058952755447262535,21.622383119791706,1.865571074833966e-05,22.71390932066842,0.04595982566547952,25.683392958889957,0.029415823939149172
1999 WR18,121650,MBO,MBO,20892066715351122,745205077161017607,12.836313,3.437801,2.6939235,272.1158422559387,-24.111076472688868,2025050200568,160,60798.213204770946,r,272.11582909940483,-24.111082434293674,27.20120620727539,6364.78,232.766,False,6801.17,0.836908,7928.1,247.774,False,577.719,16.1817,21.890541544733566,0.03970639817744189,21.81854093628155,0.00013360367516814358,21.652077188062336,0.03393211505116892,24.495708383921027,0.030411077797923926
1999 WR18,121650,MBO,MBO,20892066715351122,745205077251719529,12.836215,3.4378002,2.6939173,272.11581477862273,-24.11108060554483,2025050200569,77,60798.21370473453,r,272.1157875193499,-24.11110161624998,27.39700698852539,7321.96,263.646,False,6496.87,1.18227,7796.88,234.431,False,559.247,17.122,21.738431625808936,0.03909472391622494,21.86823953847083,0.00019757719855648034,21.670197890956437,0.03264513853979834,24.530990824326963,0.033241080788704136
1999 WR18,121650,MBO,MBO,20892066715351122,745205077429452819,12.83612,3.4377997,2.693911,272.11578778870114,-24.11108466182824,2025050200570,160,60798.2141952809,r,272.1157670753532,-24.11108196364834,23.397676467895508,6935.89,296.205,False,6756.33,0.389504,6914.9,272.044,False,729.624,14.8554,21.797244486564146,0.04636758535848839,21.82572285319716,6.259294235487936e-05,21.80053525550793,0.042714721998938575,24.24225218740298,0.022105968541098687
1999 WR18,121650,MBO,MBO,20892066715351122,745205077518582686,12.836015,3.437799,2.6939044,272.1157584269723,-24.111089070892454,2025050200571,74,60798.21472929536,r,272.115734918847,-24.111095978898625,23.768857955932617,6997.76,293.488,False,6477.56,0.430679,9985.81,279.617,False,805.815,18.9841,21.787602427515846,0.04553608084465962,21.87147137908771,7.218825786289105e-05,21.401541800526786,0.030402172502840434,24.134411628243804,0.025578730841945077
1999 WR18,121650,MBO,MBO,20892066715351122,745205077664859153,12.83592,3.4377985,2.6938984,272.11573191723505,-24.11109304839998,2025050200572,97,60798.21521143279,r,272.11572500482697,-24.11111883893501,28.409334182739258,7564.26,264.912,False,6536.79,0.669001,9728.66,270.762,False,846.377,21.0485,21.703083913462123,0.03802414837710959,21.86158866074605,0.00011111854353282789,21.42986741803788,0.030217531951397078,24.0810903492096,0.027001109658910432
1999 WR18,121650,MBO,MBO,20892066715351122,745205077831581788,12.83582,3.4377978,2.693892,272.1157035849602,-24.11109729590572,2025050200573,159,60798.21572671798,r,272.11569700203796,-24.11111591584462,23.583030700683594,6971.98,290.096,False,6307.05,2.60998,7026.82,260.681,False,782.868,20.9052,21.791609671512838,0.04517622539799614,21.90043434878293,0.00044929879784057864,21.783102955331124,0.04027864758279173,24.16577867268386,0.02899279575784158
1999 WR18,121650,MBO,MBO,20892066715351122,745205077921235268,12.835723,3.437797,2.6938858,272.11567623556726,-24.11110139267328,2025050200574,74,60798.216223946714,r,272.1156452136244,-24.111113433924448,25.773374557495117,7404.16,286.917,False,6572.0,5.02305,7705.17,264.102,False,755.301,15.3155,21.726310489444188,0.04207312640520303,21.85575611309244,0.0008298397839690739,21.6830444483928,0.03721463574760682,24.2046998142693,0.02201584873661799
1999 WR18,121650,MBO,MBO,20892066715351122,745205078100017530,12.835627,3.4377966,2.6938796,272.11564904408493,-24.111105462487,2025050200575,159,60798.21671767479,r,272.11561786473993,-24.111114061645598,26.282978057861328,6555.14,248.852,False,6064.81,0.0835023,6905.15,234.897,False,663.255,22.1047,21.85854504866353,0.0412176743479504,21.942956990207186,1.494877325183774e-05,21.802067222454838,0.03693419901694616,24.345798660432354,0.03618498617382641
1999 WR18,121650,MBO,MBO,20892066715351122,745205078189670713,12.83553,3.4377959,2.6938734,272.1156220106622,-24.11110950538068,2025050200576,74,60798.21720894849,r,272.1156086036194,-24.111118164317368,26.395647048950195,6843.15,257.787,False,6257.35,0.303643,7798.23,244.371,False,680.542,17.1998,21.811859866198148,0.04090056030138443,21.90902386410378,5.268622986886251e-05,21.670009902552138,0.03402341879415195,24.31786267977889,0.027440549330439858
1999 WR18,121650,MBO,MBO,20892066715351122,745205078335947258,12.835434,3.4377954,2.6938674,272.1155948600858,-24.111113562518987,2025050200577,97,60798.217701478265,r,272.11557907474145,-24.11113015363541,27.482046127319336,7095.28,259.291,False,6103.45,0.209328,7606.33,222.175,False,641.038,17.0624,21.77257618629719,0.03967730922852245,21.936061487393843,3.723713250895961e-05,21.697062080561857,0.031713512578066316,24.382790520916423,0.028898857147950808
1999 WR18,121650,MBO,MBO,20892066715351122,745205078499000691,12.835336,3.4377947,2.693861,272.1155669311314,-24.111117732544304,2025050200578,152,60798.21820840134,r,272.11553306321,-24.111128471858105,25.63678741455078,6464.99,249.173,False,6217.41,0.441398,6794.36,232.203,False,678.061,20.9337,21.87358031700547,0.04184633573241286,21.915976204299376,7.708061259771206e-05,21.81962863612216,0.037105954380898185,24.321828126933873,0.03351981232760424
1999 WR18,121650,MBO,MBO,20892066715351122,745205079005987348,12.832967,3.4377801,2.6937099,272.1148974990692,-24.111216641239068,2025050200582,95,60798.23032175077,r,272.1148683007568,-24.111213260684075,18.322593688964844,4428.13,239.774,False,4352.44,1.53935,4194.98,192.841,False,680.727,12.3485,22.284449122960304,0.058790352113033,22.303168032316243,0.0003839979608939812,22.343175268490285,0.049910717130378104,24.31756757491562,0.01969543443960167
1999 WR18,121650,MBO,MBO,20892066715351122,745205079172187172,12.832868,3.4377794,2.6937037,272.11486961277774,-24.11122071788241,2025050200583,156,60798.230824741775,r,272.1148495974047,-24.11121232084095,18.837846755981445,5357.98,282.514,False,4557.38,3.00761,6798.92,264.167,False,1407.93,17.8899,22.077497283551605,0.05724838231692026,22.25321192265568,0.0007165238010590827,21.818900184861683,0.042185475166021495,23.528547301269448,0.013795935603205621
1999 WR18,121650,MBO,MBO,20892066715351122,745205079245062487,12.832772,3.437779,2.6936975,272.1148423852011,-24.11122469486076,2025050200584,39,60798.23131544636,r,272.11481625443986,-24.111221644423477,14.884169578552246,4854.04,320.177,False,4499.62,0.74064,6581.36,294.522,False,2074.51,17.2398,22.184741614163386,0.0716161713034741,22.267060375546833,0.00017871278575461378,21.854210904224594,0.0485877096202859,23.107711163264323,0.009022793040900133
1999 WR18,121650,MBO,MBO,20892066715351122,745205079536566513,12.832577,3.4377778,2.693685,272.1147870783116,-24.111232762975305,2025050200586,83,60798.2323126608,r,272.11476561203335,-24.1112325285645,18.50192642211914,4656.6,248.725,False,4292.5,1.60781,5438.95,225.951,False,1193.8,19.5073,22.229827642680775,0.05799290007557112,22.318224240417614,0.000406676190931153,22.061212295047007,0.04510487810431256,23.7076710192027,0.017741481298845403
1999 WR18,121650,MBO,MBO,20892066715351122,745205079702766107,12.832479,3.437777,2.6936789,272.1147592206944,-24.111236821613343,2025050200587,144,60798.2328141373,r,272.1147448279034,-24.111240706812357,16.50975227355957,4030.02,242.366,False,4146.07,4.36489,5022.81,222.051,False,1128.52,18.0417,22.386731991129633,0.06529633520709432,22.355908470500736,0.001143038928608169,22.147633111770308,0.047998789845484835,23.76872683073264,0.017357713590066607
1999 WR18,121650,MBO,MBO,20892066715351122,745205079918249148,12.832281,3.4377759,2.6936662,272.1147033187603,-24.11124495557016,2025050200589,43,60798.233821185844,r,272.1146801960298,-24.11125186157879,18.54388999938965,4559.77,246.393,False,4177.49,0.638191,6776.23,218.974,False,1321.32,24.8185,22.252642653079743,0.05866914458068696,22.347711391684577,0.00016586682883553775,21.82252965694662,0.035085585838391366,23.597480022421664,0.020393504719842703
1999 WR18,121650,MBO,MBO,20892066715351122,745205080125342032,12.832177,3.4377751,2.6936598,272.114673941454,-24.11124922445655,2025050200590,182,60798.2343500782,r,272.1146536415656,-24.111254857564116,13.906996726989746,4121.0,295.351,False,3966.32,0.931075,6022.92,282.557,False,2073.46,28.6775,22.36249346368853,0.07781443536166545,22.404030606621802,0.0002548714663377397,21.95048227745417,0.05093582119789548,23.108260866401935,0.015016542566545606
1999 WR18,121650,MBO,MBO,20892066715351122,745205080184586781,12.832077,3.4377747,2.6936533,272.1146454456558,-24.11125336154204,2025050200591,39,60798.23486356032,r,272.1146450244727,-24.111272285731083,14.602727890014648,5040.23,341.701,False,4150.14,0.776048,6167.12,276.295,False,2076.26,18.6693,22.14387411673847,0.07360718382819263,22.354843095824513,0.0002030252925194623,21.924793981810964,0.048642396057210484,23.10679565194379,0.00976271513119765
1999 WR18,121650,MBO,MBO,20892066715351122,745205080349212914,12.83198,3.437774,2.6936471,272.1146177208743,-24.111257383185357,2025050200592,97,60798.23536296813,r,272.11458737325756,-24.111246211125714,18.906612396240234,4629.46,243.68,False,4544.88,1.20808,6143.45,229.793,False,1794.17,19.7913,22.236174169141915,0.05714968757818432,22.256193975781084,0.00028860086206156126,21.928969145456577,0.04061147579500753,23.265340996809158,0.011976641136247678
1999 WR18,121650,MBO,MBO,20892066715351122,745205080527995052,12.83188,3.4377735,2.6936407,272.1145894337984,-24.111261482830365,2025050200593,182,60798.23587132639,r,272.1145630684841,-24.111265881289146,19.61661148071289,5407.18,276.334,False,5062.35,0.89116,8428.34,258.738,False,1390.03,16.6713,22.06757289701347,0.05548656320328651,22.139119558936805,0.00019112954849563032,21.585644903207502,0.033330552221618986,23.542439543578688,0.013021758216072984
1999 WR18,121650,MBO,MBO,20892066715351122,745205080583569608,12.83178,3.4377728,2.6936345,272.1145612511557,-24.11126556376093,2025050200594,32,60798.23637831499,r,272.1145412725765,-24.11126428273115,17.997146606445312,4642.34,254.785,False,4368.84,2.47179,6850.59,235.164,False,1887.41,24.4284,22.233157675176912,0.059588335239569294,22.29908468923918,0.0006142848150308414,21.8106800840947,0.03727066957294434,23.21033435102244,0.014052483491704635
1999 WR18,121650,MBO,MBO,20892066715351122,745205080784896081,12.831662,3.437772,2.6936269,272.11452761222625,-24.1112704301009,2025050200595,160,60798.236983230774,r,272.11453152030725,-24.11128257530971,12.832512855529785,4606.02,351.017,False,4837.11,13.2736,8606.51,306.612,False,2750.53,17.8326,22.241685446892852,0.08274212051055381,22.188535121370208,0.0029793881237488995,21.56293233531486,0.038679994300683855,22.80145902304373,0.007039188391968794
1999 WR18,121650,MBO,MBO,20892066715351122,745205081187549331,12.831364,3.4377701,2.693608,272.1144428336158,-24.11128267192456,2025050200598,160,60798.23850791353,r,272.11442049574754,-24.111300523676658,21.498079299926758,5314.36,245.641,False,5288.37,1.30244,7902.98,239.383,False,2196.93,23.7164,22.086372601411234,0.05018503469065762,22.091695393721317,0.00026739927094845283,21.655522795494516,0.03288718758931966,23.04545948535814,0.01172078995998733
1999 WR18,121650,MBO,MBO,20892066715351122,745205081278251340,12.831264,3.4377697,2.6936016,272.1144145608192,-24.111286747255484,2025050200599,77,60798.239015027924,r,272.1144002092656,-24.111296199907727,19.87792205810547,5130.19,254.059,False,4614.86,4.00432,7595.93,233.42,False,2302.68,19.5715,22.12466638791367,0.05376819646530153,22.239603706003468,0.0009420947732530217,21.698547590226003,0.03336425389146423,22.994416059977077,0.009228154848773009
1999 WR18,121650,MBO,MBO,20892066715351122,745205081546686483,12.831064,3.4377682,2.693589,272.1143577170851,-24.111294930003865,2025050200601,77,60798.24003654345,r,272.11433710826714,-24.11130983363675,18.642641067504883,4866.26,260.856,False,4183.91,0.592755,7791.79,246.399,False,3704.51,42.0687,22.182011779323524,0.0582009188885384,22.346044124802116,0.00015382155958601715,21.670906896645825,0.0343341281051127,22.478173068488104,0.012329703346460184
1999 WR18,121650,MBO,MBO,20892066715351122,745205081691390914,12.830964,3.4377677,2.6935825,272.1143294245296,-24.111298997342075,2025050200602,97,60798.240544627944,r,272.1143092125499,-24.11130364760653,22.8286190032959,5829.06,254.853,False,4730.09,1.24781,10046.7,224.479,False,3726.14,30.8428,21.986003674970608,0.04746959591492656,22.21282652538893,0.0002864200353652039,21.39494139344148,0.02425920720345295,22.471852110425623,0.008987087370292149
1999 WR18,121650,MBO,MBO,20892066715351122,745205081858113572,12.830866,3.437767,2.6935763,272.11430134831005,-24.111303030017478,2025050200603,159,60798.24104826262,r,272.1142754096059,-24.111313646309632,20.737056732177734,5446.35,263.175,False,5178.12,1.40142,10557.0,243.246,False,5034.78,33.1599,22.059736112873303,0.05246423885907885,22.114569698567728,0.00029384649150918107,21.341148696112864,0.02501667057386064,22.145048800453658,0.007150840003891815
1999 WR18,121650,MBO,MBO,20892066715351122,745205081947767074,12.830767,3.4377666,2.6935701,272.1142733214355,-24.11130705206566,2025050200604,74,60798.241551800355,r,272.114254880449,-24.11132253210517,21.47779083251953,5946.33,278.469,False,5392.04,3.05507,11549.6,255.01,False,6192.46,16.3682,21.964377467423425,0.05084545675547012,22.07061722892324,0.0006151660595756068,21.2435826780558,0.023972569870430886,21.920341981960327,0.002869868806072749
1999 WR18,121650,MBO,MBO,20892066715351122,745205082126549288,12.830666,3.4377658,2.6935637,272.11424461934735,-24.11131116734602,2025050200605,159,60798.24206623793,r,272.11422291311806,-24.11131374476938,22.92352294921875,5862.87,254.896,False,5473.41,1.45973,12553.9,242.462,False,6759.14,21.2276,21.979724317076624,0.04720381074033273,22.05435501571089,0.000289560200410602,21.15305330399213,0.02096956082042187,21.825271373174907,0.0034098381598788876
1999 WR18,121650,MBO,MBO,20892066715351122,745205082663944515,12.829713,3.4377599,2.6935031,272.11397343769,-24.11134986602668,2025050200609,160,60798.246926634034,i,272.1139876188947,-24.111370053750154,14.391815185546875,7094.9,510.352,False,7230.28,39.0275,135351.0,386.398,False,129726.0,101.241,21.772634318404364,0.07809942917653258,21.752112241964753,0.005860571258094458,18.571346328069893,0.00309954347717541,18.61743243209313,0.0008473321939327683
1999 WR18,121650,MBO,MBO,20892066715351122,745205082754646567,12.8296175,3.4377594,2.6934972,272.1139461202471,-24.111353745970504,2025050200610,77,60798.247415059144,i,272.1138978919648,-24.111349610872065,14.69965648651123,10311.3,691.848,False,9984.54,33.0575,242801.0,515.049,False,233399.0,92.6466,21.366716464234816,0.07284866703562215,21.401679842781427,0.0035947297811097303,17.936873822270496,0.0023031509702093333,17.979752522562656,0.0004309777101964609
1999 WR18,121650,MBO,MBO,20892066715351122,745205083167786571,12.82933,3.4377575,2.6934788,272.1138644130011,-24.111365330933168,2025050200613,97,60798.24887724254,i,272.1138559611934,-24.111389999879957,14.38087272644043,8633.62,633.788,False,7703.67,54.9869,205346.0,464.845,False,198196.0,72.163,21.559517660984994,0.07970313674199353,21.683255834107594,0.007749717872223125,18.11878438122045,0.002457798288869295,18.157262786779448,0.00039531566697010787
1999 WR18,121650,MBO,MBO,20892066715351122,745205084508914824,12.828339,3.4377515,2.693416,272.11358162667887,-24.111405194080515,2025050200623,95,60798.253930714534,i,272.11378986185423,-24.11123363543185,22.328645706176758,-3108.97,769.567,False,nan,nan,337602.0,640.688,False,341679.0,103.727,nan,nan,nan,nan,17.578987473048485,0.0020604680802560568,17.565954281598223,0.0003296080720835026
1999 WR18,121650,MBO,MBO,20892066715351122,745205085039493549,12.827939,3.437749,2.6933906,272.11346746159523,-24.11142118544157,2025050200627,83,60798.25596735461,i,272.1132098892529,-24.111406580172975,24.235740661621094,4470.37,398.248,False,8912.18,1.19988,41340.5,304.926,False,37292.3,53.0502,22.274141296645602,0.09672403970218858,21.5250401645756,0.00014617671628169715,19.859060687563563,0.008008349981387712,19.970952054081543,0.001544515171776122
1999 WR18,121650,MBO,MBO,20892066715351122,745205085205693184,12.82784,3.4377484,2.6933844,272.1134391440139,-24.111425142873117,2025050200628,144,60798.256472027206,i,272.1131964779954,-24.111400442186643,22.25196647644043,3838.82,394.782,False,8102.37,17.5904,33140.3,271.615,False,30099.2,62.1594,22.439505608707506,0.11165647693897852,21.628469805195063,0.0023571540938521077,20.09910888560912,0.008898598434548169,20.203612646356277,0.0022422095543501853
1999 WR18,121650,MBO,MBO,20892066715351122,745205085421176536,12.827642,3.4377472,2.693372,272.1133827162199,-24.111433018002263,2025050200630,43,60798.25747891571,i,272.11320963497195,-24.111394772974432,18.808414459228516,5616.31,487.16,False,8771.44,11.2007,43417.1,317.68,False,38062.4,40.4398,22.026372310502573,0.09417700375653609,21.542322704356557,0.0013864319544454216,19.805847931328138,0.007944258302891936,19.94875962214085,0.001153551984650351
1999 WR18,121650,MBO,MBO,20892066715351122,745205085852140233,12.827343,3.4377453,2.693353,272.1132970220053,-24.111444950206675,2025050200633,97,60798.259005206535,i,272.11317431253474,-24.11140984686376,22.927621841430664,7201.07,401.677,False,7904.31,6.22845,45765.0,324.287,False,38979.9,55.3834,21.756507444949555,0.060562565602746976,21.655340080560418,0.0008555400054606085,19.74866633325478,0.007693436531162222,19.922898241938423,0.0015426351759036836
1999 WR18,121650,MBO,MBO,20892066715351122,745205086781178447,12.826627,3.437741,2.6933076,272.1130923743304,-24.11147331219205,2025050200640,77,60798.26264806255,i,272.1128784625779,-24.111466665909877,25.84018898010254,3367.82,368.756,False,8986.38,73.4999,22637.7,285.079,False,18912.2,49.6672,22.581627798725265,0.11888157466362873,21.516038065870376,0.008880272635338284,20.512919286838486,0.013672794191374483,20.708144914926965,0.0028513593067860253
1999 WR18,121650,MBO,MBO,20892066715351122,745205087450694378,12.826143,3.437738,2.6932771,272.11295391008764,-24.11149239521972,2025050200645,74,60798.26511040761,i,272.1128089675987,-24.11140486732269,20.89902687072754,4999.13,399.353,False,8679.42,58.7784,26937.7,307.616,False,22972.6,31.6853,22.15276394914873,0.08673349508752815,21.553773248449065,0.0073527767949287705,20.324098751606066,0.012398602521131704,20.496974641733274,0.0014975178626504243
1999 WR18,121650,MBO,MBO,20892066715351122,745205087629476477,12.826046,3.4377372,2.693271,272.11292594317007,-24.111496239158924,2025050200646,159,60798.265607206486,i,272.1127706970611,-24.111421721932278,21.79216194152832,4227.65,369.177,False,7262.39,82.1956,18158.0,264.778,False,14841.4,42.7904,22.33475246103665,0.09481126541778129,21.74730106107467,0.012288343057311205,20.752329970594204,0.015832089286151093,20.971312795953306,0.003130370912251419
1999 WR18,121650,MBO,MBO,20892066715351122,745205087719129561,12.825951,3.4377367,2.693265,272.1128985340515,-24.111500003028976,2025050200647,74,60798.266094455204,i,272.11272279980227,-24.111537819008124,27.264371871948242,3430.54,310.489,False,7564.7,12.1435,13235.2,233.974,False,9771.24,201.883,22.56159376875354,0.09826708316610172,21.703020698216825,0.0017429161259875426,21.095673712963254,0.019193819357697386,21.425125772698784,0.02243232918199805
1999 WR18,121650,MBO,MBO,20892066715351122,745205087865406525,12.825849,3.437736,2.6932585,272.112869543735,-24.11150398036809,2025050200648,97,60798.266609027836,i,272.11286375059234,-24.111506936454838,26.944543838500977,8011.2,298.406,False,6958.26,5.69558,18195.9,258.652,False,10596.5,173.968,21.64075603839274,0.04044215552974978,21.793748405530536,0.0008887132167407173,20.750066123208235,0.015433578089115935,21.33709389384052,0.017825070408866064
1999 WR18,121650,MBO,MBO,20892066715351122,745205088100812565,12.825651,3.4377348,2.693246,272.11281284216466,-24.111511748680304,2025050200650,34,60798.26761614339,i,272.11281433187224,-24.11150831418291,23.02515411376953,5848.15,252.847,False,6838.32,7.03336,10269.3,173.966,False,5187.72,46.2327,21.982453759702118,0.04694222051096776,21.81262647841377,0.001116703195258127,21.37114791762005,0.01839280105755106,22.1125586360314,0.009676026179634882
1999 WR18,121650,MBO,MBO,20892066715351122,745205088535446517,12.825352,3.4377332,2.693227,272.1127270469952,-24.1115234755444,2025050200653,95,60798.26913964303,i,272.1127171032185,-24.11153942596408,26.330482482910156,9206.14,346.855,False,7462.16,3.77265,17442.9,261.179,False,10315.6,138.295,21.489806103888128,0.0409067272071581,21.71783858542733,0.0005489164813995059,20.79595324820567,0.01625712893113048,21.366263807381596,0.014555807915666137
1999 WR18,121650,MBO,MBO,20892066715351122,745205088774521414,12.8251505,3.4377317,2.6932144,272.112669392296,-24.11153133753887,2025050200655,39,60798.270162024186,i,272.1126517893488,-24.111539579179446,24.074207305908203,8694.34,355.931,False,6706.35,2.2697,18467.4,258.823,False,11685.5,144.251,21.551908470352384,0.04444813289746136,21.833784446119964,0.00036745703441159723,20.73398558699034,0.01521673292718512,21.230881750627987,0.013402810402606827
1999 WR18,121650,MBO,MBO,20892066715351122,745205089066025362,12.824948,3.4377306,2.6932015,272.1126114913876,-24.111539218146827,2025050200657,83,60798.271189748884,i,272.1125981419928,-24.11155334476128,24.188730239868164,7893.31,315.341,False,7495.88,5.018,16414.8,234.286,False,9388.99,161.131,21.656852093141293,0.04337561070249439,21.71294345346294,0.0007268292044869319,20.861910959328505,0.015496550397046888,21.468452781640337,0.018633074746408185
1999 WR18,121650,MBO,MBO,20892066715351122,745205089232225277,12.824855,3.43773,2.6931958,272.11258459170983,-24.111542874231667,2025050200658,144,60798.27166606662,i,272.11256083110106,-24.1115498911527,24.26861572265625,8593.71,352.919,False,7726.44,5.66828,17646.0,254.019,False,10138.0,74.2597,21.56454826977957,0.04458807014440049,21.68005141719123,0.0007965190950463604,20.783384312773215,0.015629469678574388,21.38511928278154,0.00795289421427569
1999 WR18,121650,MBO,MBO,20892066715351122,745205089714046011,12.824452,3.4377275,2.6931703,272.1124689914485,-24.111558549318303,2025050200662,39,60798.27371569828,i,272.11242553509413,-24.111565695511345,24.94339942932129,8361.53,332.682,False,7948.37,7.25287,13091.2,261.428,False,7325.37,34.2858,21.594285583767416,0.043198420346671096,21.64930479523995,0.0009907318760024532,21.107551339255796,0.021681881730509153,21.737926068802757,0.005081700281007803
1999 WR18,121650,MBO,MBO,20892066715351122,745205089878671874,12.824351,3.437727,2.6931639,272.1124399235839,-24.111562481458044,2025050200663,97,60798.274230302864,i,272.11241313180255,-24.111570938613838,29.415231704711914,9729.23,332.212,False,8432.61,5.04181,15369.8,256.016,False,6484.46,61.5084,21.429803771988944,0.03707329200498553,21.58509491699793,0.0006491555360747938,20.933329473131856,0.018085195265196596,21.870315467512164,0.010298759979902627
1999 WR18,121650,MBO,MBO,20892066715351122,745205090448572665,12.823358,3.4377208,2.6931012,272.11215462692826,-24.11160087499909,2025050200667,160,60798.27928058784,g,272.11212852319494,-24.11161413190563,34.81336212158203,6554.94,187.338,False,6379.1,1.00241,6407.78,174.672,False,175.372,3.34168,21.858578207774308,0.031029978636247155,21.888101457659317,0.00017061229189142317,21.88323105494018,0.029596477646745428,25.79009939992097,0.020688497243787008
1999 WR18,121650,MBO,MBO,20892066715351122,745205090539274619,12.823259,3.43772,2.6930952,272.1121264675233,-24.111604644890345,2025050200668,77,60798.27977884258,g,272.11209817233885,-24.11161776897096,32.349334716796875,6932.25,211.332,False,6576.67,0.587599,7201.7,212.503,False,269.195,3.65846,21.79781445892924,0.033099037746642426,21.854984886269285,9.700615865954882e-05,21.756412405353917,0.032037185797343076,25.324832497743934,0.01475555735053669
1999 WR18,121650,MBO,MBO,20892066715351122,745205090704425142,12.823164,3.4377196,2.693089,272.11209909545806,-24.111608305999,2025050200669,136,60798.28026256796,g,272.1120777042082,-24.111620422300128,44.02324295043945,7466.23,168.07,False,6840.94,0.449866,7852.84,170.398,False,175.127,5.54744,21.717246591840574,0.02444067385591191,21.812210555889493,7.139893117608646e-05,21.66243314939889,0.023559282509962146,25.791617236590483,0.034392506843614695
1999 WR18,121650,MBO,MBO,20892066715351122,745205090850701651,12.823069,3.437719,2.693083,272.1120716627051,-24.11161197188695,2025050200670,159,60798.2807476119,g,272.11205391779407,-24.111621536542334,40.16728210449219,6663.0,165.175,False,5980.48,0.0900171,6980.89,166.944,False,160.844,4.79334,21.840825466829656,0.026915275541697127,21.95815989767789,1.6342304919206868e-05,21.790222991859913,0.02596476118121669,25.8839878771643,0.03235621591805085
1999 WR18,121650,MBO,MBO,20892066715351122,745205090941927527,12.82297,3.4377184,2.6930768,272.11204320743207,-24.1116157708867,2025050200671,77,60798.281250951324,g,272.11201657936624,-24.111620866966625,40.462249755859375,7006.07,170.476,False,6339.05,0.103746,7401.59,172.132,False,159.721,5.36978,21.78631384677726,0.02641880078748314,21.894939590117314,1.7769348476530484e-05,21.726687462088847,0.025249973647737255,25.891594995766674,0.03650218118251853
1999 WR18,121650,MBO,MBO,20892066715351122,745205091119661248,12.822872,3.4377177,2.6930707,272.1120151437961,-24.11161951408132,2025050200672,160,60798.281746804816,g,272.11199056886454,-24.11164294093718,40.28338623046875,7162.68,174.725,False,6418.17,0.623825,7200.58,172.09,False,166.187,5.11491,21.7623111007417,0.026485234625526256,21.88147197271496,0.00010552998923128311,21.756581288581213,0.0259485121300665,25.848507403043747,0.03341683300070728
1999 WR18,121650,MBO,MBO,20892066715351122,745205091208790347,12.822772,3.4377172,2.6930645,272.1119861703692,-24.111623374961635,2025050200673,74,60798.282258945794,g,272.11196433023423,-24.11163421264005,42.22080993652344,7179.46,169.118,False,6353.47,0.0489855,7478.64,171.972,False,160.423,6.13057,21.75977055541289,0.02557539597221843,21.892472504289344,8.371067926474863e-06,21.715443410021162,0.024966601323743176,25.886833387834862,0.04149144176244791
1999 WR18,121650,MBO,MBO,20892066715351122,745205091355066782,12.822678,3.4377165,2.6930585,272.1119591734534,-24.111626969110983,2025050200674,97,60798.28273546741,g,272.1119438027186,-24.111644433445417,43.859214782714844,7409.48,167.385,False,6745.52,0.144613,7805.05,169.241,False,178.862,4.72128,21.725530677601554,0.02452749034323123,21.82746141115977,2.327642152172316e-05,21.669060803306614,0.02354258879979462,25.768704796364936,0.028659328136521677
1999 WR18,121650,MBO,MBO,20892066715351122,745205091521790109,12.822583,3.437716,2.6930525,272.1119318895728,-24.11163059818336,2025050200675,159,60798.283217045726,g,272.1119155917162,-24.111644343821844,41.72880554199219,7025.71,166.899,False,6306.78,0.0557656,7294.7,168.378,False,168.585,5.39623,21.78327445736922,0.02579216763836655,21.900480832680472,9.600260654456885e-06,21.74248138115251,0.025061221473709164,25.832952631083913,0.034753283427338175
1999 WR18,121650,MBO,MBO,20892066715351122,745205091611443279,12.822483,3.4377153,2.693046,272.1119031296468,-24.111634420017445,2025050200676,74,60798.28372583191,g,272.11188437660076,-24.11164940042757,40.9666633605957,7528.01,180.878,False,6827.88,0.417787,7896.74,181.507,False,188.31,4.78137,21.708299565492148,0.02608734657004102,21.814285319175394,6.643445168438721e-05,21.656380369996164,0.024955705718646068,25.712816555650445,0.02756787617006284
1999 WR18,121650,MBO,MBO,20892066715351122,745205091790225641,12.822383,3.4377148,2.69304,272.111874308651,-24.111638246293484,2025050200677,159,60798.28423487743,g,272.11185193624226,-24.11165012458715,38.88966751098633,7014.51,178.5,False,6505.68,0.276304,7302.69,178.22,False,197.517,5.03525,21.785006689537585,0.027629003169839905,21.86676822694662,4.6112513273656326e-05,21.741292845751886,0.02649707289915336,25.66098880773529,0.027678394645809255
1999 WR18,121650,MBO,MBO,20892066715351122,745205091879878731,12.822284,3.437714,2.6930337,272.1118459363755,-24.111642009407056,2025050200678,74,60798.28473533153,g,272.1118227096634,-24.111653978283705,37.62556076049805,7288.45,193.515,False,6476.32,0.45925,7726.07,195.903,False,230.509,4.18415,21.74341202391672,0.028827286373750146,21.87167928087152,7.699192889389101e-05,21.680103428111998,0.02753003589502293,25.49328027069338,0.01970805185892335
1999 WR18,121650,MBO,MBO,20892066715351122,745205092189208902,12.822087,3.437713,2.6930213,272.11178929243545,-24.11164951164157,2025050200680,152,60798.28573578752,g,272.1117793379476,-24.111664150488053,40.80849838256836,7037.27,170.907,False,6369.82,0.270559,7488.73,172.516,False,204.419,4.77372,21.781489462014207,0.02636816755835819,21.88968212970096,4.6116801404845606e-05,21.713979570985526,0.025011834398220016,25.623696817720976,0.02535478719601206
1999 WR18,121650,MBO,MBO,20892066715351122,745205092261560703,12.821988,3.4377124,2.693015,272.111760624267,-24.11165330320665,2025050200681,34,60798.28624186419,g,272.111731199037,-24.111658673357894,35.03368377685547,7090.98,202.217,False,6525.1,0.0603574,7641.8,205.743,False,280.499,3.69318,21.77323435185213,0.030962478184031035,21.86353205421699,1.0043097063312686e-05,21.692010859715843,0.029231676512895228,25.280171734148837,0.01429530739628473
1999 WR18,121650,MBO,MBO,20892066715351122,745205092461838480,12.821889,3.4377117,2.693009,272.1117321785124,-24.11165706176815,2025050200682,160,60798.2867433915,g,272.1117073283643,-24.11166197675293,36.689815521240234,7306.88,198.839,False,6774.19,0.177729,7633.53,196.227,False,252.42,4.28162,21.74067007981695,0.02954567607297827,21.822856575861135,2.84855911799098e-05,21.69318648875136,0.027909862105908453,25.39469060187433,0.018416567271099107
1999 WR18,121650,MBO,MBO,20892066715351122,745205092696195354,12.82169,3.4377105,2.6929963,272.1116748211043,-24.11166462958924,2025050200684,95,60798.2877551023,g,272.1116425909585,-24.111677539824264,38.76057815551758,7034.69,179.734,False,6384.18,0.117108,7320.06,179.369,False,239.689,4.67359,21.781887599057036,0.027740199728343906,21.887237161817435,1.9916166910798524e-05,21.738713389222582,0.02660462063574242,25.450879762262147,0.021170292196836284
1999 WR18,121650,MBO,MBO,20892066715351122,745205092863967349,12.8215885,3.4377098,2.6929898,272.11164562591483,-24.11166847607269,2025050200685,159,60798.28827062243,g,272.111620266923,-24.111693711781992,40.49821472167969,7144.01,174.195,False,6375.58,0.418271,7514.0,177.121,False,220.174,4.71285,21.765144901132288,0.02647390364022908,21.88870073771823,7.122990663297488e-05,21.710322023181583,0.025593117475195035,25.543084938579764,0.023240310245991512
1999 WR18,121650,MBO,MBO,20892066715351122,745205092935270584,12.821488,3.4377093,2.6929836,272.1116169367796,-24.111672252223016,2025050200686,39,60798.2887762936,g,272.11159194139697,-24.11167127751562,42.91608810424805,7270.53,169.351,False,6675.02,0.627952,7647.55,171.699,False,218.207,4.799,21.746084855112727,0.025289836530795223,21.838868568594265,0.00010214054746602353,21.691194214975397,0.024376412177534335,25.552828300149585,0.02387846309791564
1999 WR18,121650,MBO,MBO,20892066715351122,745205093226774631,12.821281,3.437708,2.6929705,272.1115573908779,-24.11168007826232,2025050200688,83,60798.28982683146,g,272.11154041574235,-24.111700718416092,42.37937545776367,7269.46,168.586,False,6376.85,0.199678,7746.49,173.386,False,224.881,5.14894,21.746244627837388,0.02517930124224998,21.888484479927143,3.3997606135690454e-05,21.677237555701552,0.02430151638038585,25.520118106355813,0.024859328933215692
1999 WR18,121650,MBO,MBO,20892066715351122,745205093392974081,12.821182,3.4377074,2.6929643,272.11152874591653,-24.111683837471837,2025050200689,144,60798.29033126807,g,272.11151089870697,-24.11169520472062,37.454620361328125,7286.25,192.848,False,6804.65,1.36849,7539.86,194.13,False,290.266,3.53467,21.743739829181244,0.028736601603682146,21.817985535590086,0.00021835349932998119,21.706591814758337,0.027954627612855373,25.243009612407036,0.013221388076493652
1999 WR18,121650,MBO,MBO,20892066715351122,745205093608456435,12.820981,3.4377062,2.6929517,272.1114706495682,-24.11169145064086,2025050200691,43,60798.2913556315,g,272.11144707148367,-24.11170016469206,27.13492774963379,6952.13,249.083,False,7137.72,0.732104,8093.57,248.825,False,487.95,3.21872,21.794705306997635,0.03890008207033914,21.766101198926137,0.00011136214340801023,21.629649705548307,0.03337937568996203,24.67906166699433,0.00716196476138706
1999 WR18,121650,MBO,MBO,20892066715351122,745205093815550167,12.82088,3.4377055,2.6929452,272.1114415953092,-24.11169525245898,2025050200692,182,60798.291867817105,g,272.1114190139523,-24.11169839748498,29.090213775634766,7319.04,247.853,False,7039.99,0.57456,7813.93,253.066,False,361.236,3.37129,21.73886469253071,0.03676752288220111,21.781069858238467,8.86110006518985e-05,21.667826184725996,0.03516321569083513,25.005522461125437,0.010132798647468137
1999 WR18,121650,MBO,MBO,20892066715351122,745205093874794669,12.820778,3.4377048,2.6929388,272.11141219643343,-24.1116990955979,2025050200693,39,60798.29238530494,g,272.1113834573777,-24.111699626913133,30.83937644958496,7359.17,237.055,False,7190.68,0.863601,8807.48,243.15,False,471.691,2.98633,21.732927922946907,0.03497394282223514,21.758075067986773,0.0001303969694997729,21.53787077806578,0.029974151233922514,24.715856003430787,0.006873920787183764
1999 WR18,121650,MBO,MBO,20892066715351122,745205094039421071,12.820679,3.4377043,2.6929326,272.111383588188,-24.11170283174079,2025050200694,97,60798.29288904932,g,272.111363119634,-24.111714014281034,38.9974479675293,7475.26,191.174,False,6916.39,0.0409118,8036.74,190.157,False,289.586,3.88694,21.715934277469586,0.02776686501106268,21.80030129303354,6.422342123933428e-06,21.637300172063462,0.02568956205488961,25.245556100195515,0.014573188992978705
1999 WR18,121650,MBO,MBO,20892066715351122,745205094273777709,12.820478,3.4377031,2.6929202,272.11132590591865,-24.11171035394129,2025050200696,32,60798.29390513695,g,272.11129420678606,-24.111717503342838,39.70635986328125,7522.83,188.588,False,6555.39,0.0861503,7996.46,189.984,False,237.33,5.35113,21.709046869234463,0.027218056831439245,21.858503641634897,1.4268640247431955e-05,21.642755582422872,0.02579547713713167,25.4616183935414,0.02448032504102202
1999 WR18,121650,MBO,MBO,20892066715351122,745205094832668767,12.818358,3.43769,2.692787,272.1107139985245,-24.111789257170148,2025050200700,74,60798.304667867655,u,272.1106156612983,-24.111809183788043,6.075287342071533,2300.59,376.94,False,3250.37,122.858,3161.4,372.338,False,800.5,12.7578,22.995401889254055,0.1778923632794985,22.620167958552678,0.04103882809970644,22.650301411147517,0.12787400306151972,24.141596659361703,0.017303692022563766
1999 WR18,121650,MBO,MBO,20892066715351122,745205094966886456,12.818243,3.4376893,2.6927798,272.11068080574995,-24.111793490774357,2025050200701,74,60798.305250599966,u,272.1106978963901,-24.11181802418038,5.954554080963135,2343.51,391.532,False,2327.57,55.0882,3048.66,397.926,False,894.309,8.9103,22.97533296787629,0.1813947796249042,22.982743090749686,0.02569686455008712,22.689727549722875,0.14171559698475303,24.021280971120312,0.010817553390158463
1999 WR18,121650,MBO,MBO,20892066715351122,745205095113162840,12.818127,3.4376886,2.6927724,272.1106471531197,-24.11179777817386,2025050200702,97,60798.30584145313,u,272.11067352702963,-24.1118142909558,5.989391803741455,1959.34,323.954,False,1958.67,105.998,2347.25,324.004,False,765.097,9.75881,23.16972550716724,0.17951381765283522,23.170096796898157,0.0587571489034275,22.973601630670846,0.1498702187243805,24.190708773811245,0.013848562455515852
1999 WR18,121650,MBO,MBO,20892066715351122,745205095349092434,12.817882,3.4376872,2.6927571,272.1105762463139,-24.111806795825117,2025050200704,35,60798.307086455265,u,272.11060130840104,-24.111777773662144,5.753625869750977,2230.71,387.726,False,2146.91,14.6693,3226.56,385.848,False,1001.54,8.5804,23.02889223358321,0.18871488333832306,23.070465447240352,0.0074185647496305025,22.62815061651061,0.1298376992147831,23.898329276210212,0.009301726983087151
1999 WR18,121650,MBO,MBO,20892066715351122,745205095617527903,12.817625,3.4376855,2.692741,272.11050224383496,-24.11181618407767,2025050200706,35,60798.30838536293,u,272.1104500521842,-24.111846380215542,6.384866714477539,2286.38,357.307,False,2262.22,23.6452,2956.3,360.915,False,864.568,9.34076,23.00212902441587,0.16967484557217466,23.013662920036367,0.011348344030696166,22.723128723614828,0.13255031124907085,24.058002115880335,0.01173025330913069
1999 WR18,121650,MBO,MBO,20892066715351122,745205095783727231,12.817509,3.4376848,2.6927338,272.1104684545912,-24.111820462885508,2025050200707,96,60798.30897818114,u,272.11049428116576,-24.11178484534899,6.132364749908447,2045.47,327.943,False,2024.3,26.3155,3131.64,327.683,False,771.03,10.968,23.123017229858725,0.17407226010390942,23.134312786037597,0.014114355919959668,22.660570458216004,0.11360735081196904,24.182321767894784,0.015444735858026535
1999 WR18,121650,MBO,MBO,20892066715351122,745205095962509331,12.81739,3.437684,2.6927264,272.11043437624494,-24.111824773335886,2025050200708,181,60798.30957648018,u,272.110447590944,-24.111892940998136,7.14076042175293,2558.26,346.687,False,nan,nan,3853.18,356.182,False,802.408,13.1175,22.880138294807715,0.14713541192278481,nan,nan,22.435451775745406,0.10036377931111189,24.139011848047296,0.017749255543219135
1999 WR18,121650,MBO,MBO,20892066715351122,745205096019656749,12.817262,3.4376833,2.6927183,272.110397101801,-24.111829482342745,2025050200709,34,60798.310230572984,u,272.1102707132109,-24.111866188253575,5.97697114944458,2119.32,365.789,False,2428.76,70.1219,3572.48,369.432,False,779.214,11.8258,23.084508623530574,0.1873951783508333,22.93653849127426,0.03134681399048825,22.517575490594623,0.1122765438046207,24.170858147886044,0.016477757489317662
1999 WR18,121650,MBO,MBO,20892066715351122,745209471851560977,12.6427555,3.4365928,2.6817236,272.0622020942038,-24.117922870062397,2025050300543,159,60799.20929175007,u,272.0621035527598,-24.11795108232356,6.048231601715088,2119.83,367.985,False,2436.47,70.0619,2591.79,370.812,False,1531.47,8.38124,23.084247374907214,0.1884748336795804,22.933097342235854,0.03122088076736488,22.866000458942185,0.1553382103543666,23.43722878621598,0.0059418831348685315
1999 WR18,121650,MBO,MBO,20892066715351122,745209471942787130,12.642637,3.436592,2.6817164,272.06216640556465,-24.11792780176611,2025050300544,77,60799.20988220458,u,272.0621316443104,-24.117967608132947,6.197632789611816,2582.45,409.124,False,2415.04,79.7031,4081.09,412.458,False,1691.42,11.0624,22.869920216283198,0.17200748891446918,22.942689161660304,0.035832343230187615,22.37305954575369,0.10973063137057719,23.329371317915054,0.00710104393468935
1999 WR18,121650,MBO,MBO,20892066715351122,745209472118947932,12.642519,3.4365914,2.681709,272.06213076685657,-24.117932722011496,2025050300545,157,60799.21047262172,u,272.0620207651802,-24.11796152247286,5.051124095916748,1734.97,347.438,False,1822.46,36.4656,3113.34,344.31,False,1430.12,8.78512,23.301770094215605,0.21742509043681418,23.248355010659285,0.02172449435176228,22.66693359065879,0.1200735606956542,23.511568803136484,0.006669596181423027
1999 WR18,121650,MBO,MBO,20892066715351122,745209472355926112,12.642287,3.43659,2.6816947,272.062060969605,-24.11794234494231,2025050300547,97,60799.21162771809,u,272.06200040538187,-24.117951228474112,6.06581449508667,2106.6,351.648,False,2036.18,5.59923,4130.07,355.452,False,1542.73,6.93969,23.091044750045732,0.1812384687955733,23.127959552975152,0.00298563308055462,22.360106514916765,0.09344323882477211,23.429275201456463,0.004883986764339791
1999 WR18,121650,MBO,MBO,20892066715351122,745209473026490497,12.641705,3.4365864,2.681659,272.0618850025891,-24.117966527696844,2025050300552,96,60799.21453612241,u,272.06184321186925,-24.117998884153742,8.227875709533691,2677.54,329.659,False,2710.94,6.91359,3129.8,324.41,False,1136.11,8.59072,22.830660065372953,0.1336759497866067,22.817200259354557,0.00276890491141777,22.66120851752717,0.11253871834194354,23.761449057744024,0.008209817747442455
1999 WR18,121650,MBO,MBO,20892066715351122,745209473190068258,12.641586,3.4365857,2.6816518,272.061849343471,-24.117971414652978,2025050300553,152,60799.215125856645,u,272.0618067716626,-24.118008292075476,6.79232931137085,2448.26,352.051,False,2644.89,7.17861,3987.46,356.385,False,1278.52,13.5604,22.927856152988944,0.15612496611067767,22.84398100759853,0.0029468435089499726,22.398259161925434,0.09703924596766215,23.633231168108814,0.011515672039566749
1999 WR18,121650,MBO,MBO,20892066715351122,745209473262420154,12.641472,3.436585,2.6816447,272.061814643346,-24.11797616577664,2025050300554,34,60799.2156989113,u,272.0617832932255,-24.11798628685768,6.4245829582214355,2509.31,377.522,False,3111.92,10.7107,4780.44,380.033,False,1233.95,10.553,22.901114181292314,0.16334741318031695,22.667428967778545,0.0037369196824963017,22.20133033413233,0.0863133060475933,23.671756137164312,0.009285445205178898
1999 WR18,121650,MBO,MBO,20892066715351122,745209473461125214,12.6413555,3.4365842,2.6816378,272.0617796913644,-24.11798094698829,2025050300555,157,60799.216275210085,u,272.06177801602,-24.117981209688256,8.407478332519531,2861.27,335.591,False,3238.47,20.2998,4333.03,341.059,False,1330.03,10.5702,22.758602889164813,0.12734320770665677,22.624150314163316,0.006805753629451536,22.308020814060413,0.08545985425471278,23.590346383652395,0.008628714045767824
1999 WR18,121650,MBO,MBO,20892066715351122,745209473535049750,12.641235,3.4365835,2.6816301,272.0617432147171,-24.11798593205692,2025050300556,42,60799.21687771068,u,272.0617235120859,-24.11801369746831,6.4935455322265625,2165.38,333.081,False,nan,nan,3873.2,338.093,False,1315.92,9.92401,23.061164755739938,0.1670090762344431,nan,nan,22.42982520573445,0.09477429548025113,23.601926244753987,0.008188078982065606
1999 WR18,121650,MBO,MBO,20892066715351122,745209473696530535,12.641115,3.4365828,2.681623,272.0617070913703,-24.11799086410021,2025050300557,94,60799.21747359655,u,272.0616784655295,-24.118016568428253,7.740485668182373,2509.0,317.517,False,2598.12,22.0638,3516.73,328.132,False,1114.14,16.4782,22.901248346713473,0.13740123581932273,22.86335193586551,0.009220307866997304,22.534652440377897,0.10130569644525526,23.78265056920694,0.01605810677717972
1999 WR18,121650,MBO,MBO,20892066715351122,745209473863254113,12.640999,3.436582,2.6816158,272.0616717460712,-24.11799568534379,2025050300558,156,60799.21805664257,u,272.06166503296384,-24.11797967070826,6.158226013183594,2152.48,338.121,False,2161.8,24.1344,3357.77,342.463,False,1229.42,8.47752,23.067652197725703,0.17055220815327998,23.06296119421117,0.012121190966826723,22.58487263221984,0.11073554457602518,23.675749276508938,0.007486741755970846
1999 WR18,121650,MBO,MBO,20892066715351122,745209473932460161,12.6408825,3.4365814,2.6816087,272.0616366336528,-24.118000470343127,2025050300559,32,60799.21863533728,u,272.06167337319096,-24.117974321458146,5.582049369812012,2256.25,395.973,False,2640.6,29.3375,3024.36,401.324,False,1255.3,11.3863,23.016531951875663,0.19054724142240637,22.845743412480182,0.012062707079799057,22.698416247745953,0.14407411377222246,23.65313113570545,0.009848257597225801
1999 WR18,121650,MBO,MBO,20892066715351122,745209474227634223,12.640648,3.43658,2.6815941,272.06156565193294,-24.11801012984377,2025050300561,83,60799.219805694986,u,272.0615553386851,-24.118148893597603,5.1652374267578125,1579.09,300.95,False,1868.02,57.7097,1975.11,311.373,False,1107.96,10.4545,23.40398281534297,0.20692445088512235,23.221546184390398,0.03354220600987388,23.161021788446575,0.17116460673949943,23.788689834258356,0.010244801047152119
1999 WR18,121650,MBO,MBO,20892066715351122,745209474393833498,12.640529,3.4365792,2.681587,272.06152953951675,-24.118015037166167,2025050300562,144,60799.22040050759,u,272.0614919353429,-24.118015699156032,7.8626708984375,2565.5,324.425,False,2791.95,16.134,4342.52,329.867,False,1262.0,9.49833,22.877069952521488,0.13729875461899838,22.785230927984564,0.006274205870034698,22.305645426818216,0.08247481826575703,23.647351612729707,0.008171696427877158
1999 WR18,121650,MBO,MBO,20892066715351122,745209475568238605,12.639443,3.4365728,2.6815205,272.06120109997,-24.11805945130333,2025050300571,80,60799.22580435996,u,272.06122765127566,-24.118070627486112,5.227320194244385,2379.8,441.164,False,2248.11,118.578,4070.48,445.934,False,1543.4,8.85989,22.958648827252155,0.20127225766812434,23.020456054516025,0.057267849312025436,22.37588594218363,0.11894584440114,23.42880374304059,0.006232670191641831
1999 WR18,121650,MBO,MBO,20892066715351122,745209475731816493,12.639322,3.436572,2.681513,272.06116415785,-24.11806442232828,2025050300572,136,60799.22641118686,u,272.0611900528146,-24.118093602092213,7.263865947723389,2406.9,320.412,False,2559.02,7.61734,3475.49,321.785,False,1124.55,9.36979,22.946354926746675,0.14453567209689355,22.879815791399714,0.003231870737335327,22.547459894912354,0.10052499923920623,23.772553028102692,0.009046391779904357
1999 WR18,121650,MBO,MBO,20892066715351122,745209475969318966,12.639085,3.4365706,2.6814985,272.06109225327555,-24.118074083712685,2025050300574,77,60799.227592391675,u,272.0611569413493,-24.118023571512353,6.615261077880859,2177.38,325.662,False,nan,nan,3969.52,329.883,False,1099.6,13.0591,23.055164484796826,0.1623892150934461,nan,nan,22.403155008577848,0.09022902262758185,23.79691319617767,0.01289445084610432
1999 WR18,121650,MBO,MBO,20892066715351122,745209476145479791,12.638965,3.43657,2.6814911,272.0610557081109,-24.118078986832277,2025050300575,157,60799.22819260982,u,272.0610452544253,-24.118119539328152,7.023605823516846,2232.92,319.038,False,1993.5,13.7892,3751.61,317.173,False,1202.96,9.21469,23.02781712885455,0.15512920898036217,23.150959400003966,0.007510124649661488,22.464455756885,0.09179157852696737,23.69937206846103,0.008316754588516162
1999 WR18,121650,MBO,MBO,20892066715351122,745209476382457940,12.638729,3.4365685,2.6814766,272.0609842952433,-24.118088553931308,2025050300577,97,60799.229364891,u,272.0609070513726,-24.11803470031727,5.431939125061035,1826.53,331.726,False,1879.96,16.7959,3749.91,337.155,False,1393.46,9.05094,23.245932958300674,0.1971864337276442,23.214628500416694,0.00970016249006591,22.464947914109864,0.09761871548107433,23.539763763992624,0.007052181650550817
1999 WR18,121650,MBO,MBO,20892066715351122,745209476817616932,12.638362,3.436566,2.6814542,272.0608727764064,-24.118103456687585,2025050300580,159,60799.23119399808,u,272.0608204525832,-24.11806887157031,7.980360984802246,3014.58,374.854,False,3136.83,15.3503,4638.79,378.143,False,1507.6,7.60072,22.70193293804202,0.1350080452308638,22.65877251592012,0.005313126905151654,22.233988210188414,0.08850660367254286,23.454284695638485,0.00547385045270639
1999 WR18,121650,MBO,MBO,20892066715351122,745209476907270186,12.638246,3.4365654,2.681447,272.0608374547906,-24.11810816738266,2025050300581,74,60799.23177245505,u,272.06083513095376,-24.118086060820065,5.121208667755127,1848.63,358.751,False,1752.52,16.174,2943.27,370.624,False,1337.26,11.5565,23.232875005656734,0.2107014144807048,23.290842530661045,0.010020254803432547,22.72792473328894,0.13671864449910942,23.58446035651243,0.009382850628013986
1999 WR18,121650,MBO,MBO,20892066715351122,745209477216600101,12.638005,3.436564,2.6814325,272.0607645264901,-24.118117879069043,2025050300583,152,60799.232967845805,u,272.060738138735,-24.11807904262961,6.5898847579956055,2344.28,355.393,False,2741.36,18.6181,4208.25,361.911,False,1391.57,8.34285,22.97497628036085,0.16459767946960227,22.80508477854105,0.007373837652419837,22.339746169762105,0.09337370338344948,23.54123739818307,0.006509291199082292
1999 WR18,121650,MBO,MBO,20892066715351122,745209477561581585,12.637642,3.4365618,2.68141,272.0606540561213,-24.11813255302267,2025050300586,42,60799.23477677547,u,272.06064968245704,-24.118168768744727,5.073451995849609,1760.85,331.586,False,1869.95,46.7699,3505.48,340.032,False,1354.35,9.36769,23.285694110863595,0.20445519413469465,23.22042504277741,0.02715568674771055,22.538131271919937,0.10531655273517833,23.570672739374587,0.007509757791607567
1999 WR18,121650,MBO,MBO,20892066715351122,745209477723062373,12.637522,3.436561,2.681403,272.0606177026666,-24.118137372123662,2025050300587,94,60799.23537176185,u,272.0606190000351,-24.118097486344944,5.994842529296875,2055.99,342.68,False,2116.74,22.1806,3016.51,353.499,False,1343.05,13.2277,23.117447510179936,0.1809639523838017,23.085831213172398,0.011377060819705801,22.701238073035555,0.12723533279059718,23.579769507559632,0.01069341612524854
1999 WR18,121650,MBO,MBO,20892066715351122,745209477889785955,12.637401,3.4365604,2.6813955,272.06058079002,-24.11814226039161,2025050300588,156,60799.23597534599,u,272.0605299592163,-24.118107116939647,5.3483428955078125,1905.63,355.776,False,1864.62,63.7737,3117.61,359.095,False,1290.55,8.31657,23.199903544181414,0.20270403176616222,23.223524157412122,0.03713433083311345,22.665445498030692,0.12505811513916265,23.623062871042425,0.006996707692788131
1999 WR18,121650,MBO,MBO,20892066715351122,745209478635847807,12.636677,3.436556,2.6813512,272.0603604658098,-24.11817133344297,2025050300594,43,60799.23957716579,u,272.06037431682654,-24.118177894387273,6.734614372253418,2134.58,314.338,False,2069.0,4.04474,3292.61,321.236,False,1151.98,10.3157,23.07671887032124,0.15988538655097279,23.11059877333566,0.002122533046895614,22.60614923245214,0.10592737550925356,23.74638767044065,0.00972250273304191
1999 WR18,121650,MBO,MBO,20892066715351122,745209478842941501,12.636558,3.4365554,2.681344,272.06032428480745,-24.11817609068596,2025050300595,182,60799.240168812416,u,272.0601605067745,-24.117990120590708,5.118715286254883,3543.11,694.823,False,4379.72,259.944,5408.26,700.116,False,1394.79,7.01134,22.52653837777367,0.21291872451206725,22.296384080492327,0.06444032916033844,22.067356142116786,0.14055192462835436,23.53872790703216,0.0054577862058694795
1999 WR18,121650,MBO,MBO,20892066715351122,745209479245070339,12.636195,3.436553,2.6813219,272.0602138516532,-24.118190581172257,2025050300598,181,60799.24197183933,u,272.06025355008484,-24.11815557547967,6.879384994506836,2448.05,360.894,False,nan,nan,2818.46,366.651,False,1248.91,7.93466,22.92794926890229,0.16006032866290423,nan,nan,22.77497032597627,0.1412424770223265,23.65867211276474,0.00689797291474214
1999 WR18,121650,MBO,MBO,20892066715351122,745209479905149004,12.635114,3.4365466,2.6812558,272.0598841034838,-24.118233581996407,2025050300603,160,60799.24734745916,g,272.05986187325607,-24.118241272832954,32.47586441040039,5344.62,164.833,False,4929.25,0.712842,6410.6,167.731,False,762.83,4.6883,22.080207894927682,0.03348510162184697,22.168047887222677,0.00015701341060400152,21.882753285445535,0.028407890000063864,24.19393056489101,0.006672859062782652
1999 WR18,121650,MBO,MBO,20892066715351122,745209480161001760,12.634908,3.4365454,2.6812434,272.0598214004011,-24.11824171348257,2025050300605,136,60799.2483689388,g,272.0598066771748,-24.118258481910342,36.60818862915039,5198.17,141.697,False,4863.71,0.0905519,6138.32,144.367,False,647.703,6.80906,22.1103738201067,0.029596102489366876,22.18258082843785,2.0214090628593778e-05,21.929876218289802,0.02553540511610082,24.371560223581223,0.011413939774813482
1999 WR18,121650,MBO,MBO,20892066715351122,745209480307278019,12.634803,3.4365447,2.681237,272.05978939460664,-24.11824585848653,2025050300606,159,60799.248889826464,g,272.05977743254226,-24.118264444791347,33.822288513183594,5214.07,153.206,False,4840.31,0.853014,6182.8,154.531,False,719.363,6.02371,22.107057893184923,0.031902390973296474,22.187817044017404,0.00019134067103231106,21.9220370386643,0.027136558374736868,24.257629795152678,0.009091599103831642
1999 WR18,121650,MBO,MBO,20892066715351122,745209480398504099,12.6347,3.4365442,2.6812305,272.0597579969854,-24.1182499210596,2025050300607,77,60799.249400301065,g,272.0597379405661,-24.118260175894346,30.239065170288086,4968.53,163.066,False,4959.41,1.23471,5433.44,157.065,False,740.419,4.37751,22.15943025585945,0.03563361022104086,22.161424932322213,0.00027030821879368264,22.062312822640376,0.031385487184923754,24.22630610389709,0.006419096659885161
1999 WR18,121650,MBO,MBO,20892066715351122,745209480576237592,12.634596,3.4365435,2.6812243,272.05972616305536,-24.11825403637833,2025050300608,160,60799.2499180488,g,272.0597182356759,-24.118262242975593,32.409908294677734,4845.81,150.105,False,4534.25,1.12743,6111.74,159.012,False,780.499,6.51459,22.186584032306687,0.03363202981665124,22.2587363458197,0.0002699656014212381,21.934587781849466,0.028248104731778117,24.16906908997915,0.009062312415499199
1999 WR18,121650,MBO,MBO,20892066715351122,745209480811643328,12.634392,3.4365423,2.681212,272.0596640137602,-24.11826205994076,2025050300610,97,60799.250929194866,g,272.05964386004104,-24.11827806944866,34.82428741455078,4995.17,142.427,False,4680.3,2.90612,6058.28,144.292,False,780.321,8.15545,22.15362433422188,0.030957535974595884,22.224315816379253,0.0006741618909521193,21.944126684579693,0.025859330056943734,24.169316785403467,0.011347467734184463
1999 WR18,121650,MBO,MBO,20892066715351122,745209480978366496,12.634292,3.4365416,2.6812057,272.0596332070527,-24.11826603185331,2025050300611,159,60799.251430186465,g,272.05961790474447,-24.118274401541367,30.273448944091797,4607.26,149.719,False,4357.69,2.27998,5756.22,152.297,False,853.334,6.6387,22.241393251874747,0.03528243267099468,22.301859184838204,0.0005680662931179403,21.999656499198707,0.028726205291586385,24.072202395168862,0.008446724358363456
1999 WR18,121650,MBO,MBO,20892066715351122,745209481246802136,12.634093,3.4365404,2.6811938,272.0595728068195,-24.118273809110296,2025050300613,159,60799.25241213998,g,272.0595536479868,-24.11827861696178,30.759708404541016,4342.95,140.349,False,3928.16,0.787597,5260.47,141.079,False,824.909,25.4769,22.30553787767949,0.03508720632020619,22.414527101898905,0.00021769036837656472,22.097438585155196,0.02911803813655222,24.108984899722806,0.03353241744114499
1999 WR18,121650,MBO,MBO,20892066715351122,745209481336455340,12.633992,3.43654,2.6811876,272.05954173708903,-24.118277804474246,2025050300614,74,60799.25291764304,g,272.05952873892556,-24.11829596491973,28.717748641967773,4056.1,140.386,False,3772.37,0.652914,5076.27,143.995,False,839.088,23.4438,22.379728339732072,0.037578501736734604,22.458464260166423,0.00018791696809923256,22.136138211876013,0.030798318233894353,24.090481208109427,0.03033505665934321
1999 WR18,121650,MBO,MBO,20892066715351122,745209481482207795,12.63389,3.4365392,2.6811814,272.0595106616056,-24.11828179701878,2025050300615,96,60799.253422270835,g,272.0595012628766,-24.118296865952832,31.989988327026367,4658.38,144.538,False,4199.4,1.32516,5629.1,144.905,False,939.801,12.0873,22.229412745985687,0.03368770633019319,22.34203191550594,0.0003426142428400056,22.023902571424088,0.02794915718244573,23.9674102136656,0.01396425328296321
1999 WR18,121650,MBO,MBO,20892066715351122,745209481645785300,12.633788,3.4365387,2.6811752,272.0594795803636,-24.118285786742497,2025050300616,152,60799.25392776825,g,272.059453253129,-24.11829727868593,30.46553611755371,4241.98,136.501,False,3817.83,2.8144,5383.31,138.07,False,944.914,19.1957,22.331078463542315,0.03493747873756105,22.44545851212859,0.000800375047125854,22.07237651430139,0.02784673446475863,23.961519289279245,0.022056468735474916
1999 WR18,121650,MBO,MBO,20892066715351122,745209481916842342,12.633586,3.4365373,2.6811628,272.0594176471462,-24.11829372614268,2025050300618,157,60799.25493321822,g,272.0593915164692,-24.1183113613462,31.17754364013672,4629.58,146.606,False,4146.3,2.10174,5056.8,138.505,False,898.629,11.0558,22.236145998709834,0.03438226413562085,22.355848246913865,0.0005503545792411183,22.14031059863592,0.029738155384769916,24.01604889136697,0.013357773263206595
1999 WR18,121650,MBO,MBO,20892066715351122,745209481990766637,12.633484,3.4365368,2.6811566,272.05938636415885,-24.118297731025677,2025050300619,42,60799.25544191676,g,272.0593678572159,-24.118316342123524,30.928808212280273,4082.85,131.955,False,3882.35,1.64346,5135.7,133.473,False,887.11,25.0884,22.3725914123991,0.0350902725939275,22.42726325980825,0.00045960926154023444,22.12350084208018,0.028217471964112027,24.030056330719173,0.03070575748965661
1999 WR18,121650,MBO,MBO,20892066715351122,745209482152247953,12.633383,3.436536,2.6811504,272.0593556914499,-24.118301654277666,2025050300620,94,60799.25593967097,g,272.0593388944112,-24.118312960701417,30.14181137084961,4222.8,136.407,False,3854.37,0.562613,5314.86,139.484,False,910.922,18.9714,22.335998768010313,0.035071995551353194,22.435116461010967,0.00015848226716536092,22.086270455041742,0.028494226688146367,24.001297025987697,0.022612183204546943
1999 WR18,121650,MBO,MBO,20892066715351122,745209482318971309,12.633284,3.4365356,2.6811445,272.059325136504,-24.118305559019007,2025050300621,156,60799.25643550264,g,272.05930836311074,-24.118309080323883,28.43047523498535,4132.01,143.569,False,3862.23,1.22123,5263.26,145.45,False,998.804,11.6216,22.35959665184036,0.037724514289093014,22.432904673184183,0.00034330779489544374,22.096862987652266,0.0300042815101134,23.901299300132095,0.012633101026497553
1999 WR18,121650,MBO,MBO,20892066715351122,745209482388177278,12.633182,3.436535,2.6811383,272.0592938983699,-24.11830954751028,2025050300622,32,60799.256942344575,g,272.0592592619649,-24.11831546448937,26.23200225830078,4053.04,153.047,False,3780.25,1.56796,5225.83,157.776,False,998.564,7.60688,22.380547764851283,0.04099852558752066,22.456198694831382,0.0004503381960293479,22.104611789493614,0.03278007779458274,23.901560209570942,0.008270942084146101
1999 WR18,121650,MBO,MBO,20892066715351122,745209482683351154,12.632979,3.4365337,2.6811259,272.0592321449824,-24.11831742161224,2025050300624,83,60799.257944623445,g,272.0591954624581,-24.11833308264019,29.590290069580078,3462.04,116.422,False,3534.28,1.64368,3883.34,119.787,False,685.442,15.7863,22.551669784361156,0.036511298489694095,22.529247608238705,0.00050494099072202,22.42698643489766,0.03349103673617896,24.31007319367069,0.025005407772358476
1999 WR18,121650,MBO,MBO,20892066715351122,745209482849550577,12.632879,3.4365332,2.68112,272.0592014451248,-24.11832133088461,2025050300625,144,60799.25844262299,g,272.05917305058534,-24.118338926713854,32.414791107177734,4060.95,123.87,False,3461.76,1.0054,4965.74,126.158,False,744.447,21.0564,22.378430907254852,0.03311790302331675,22.551757608372256,0.0003153306741784302,22.160040007024232,0.02758386434656429,24.22041550836469,0.030709634785022106
1999 WR18,121650,MBO,MBO,20892066715351122,745209483065033154,12.632674,3.4365318,2.6811073,272.0591388575802,-24.11832928992721,2025050300627,43,60799.25945740602,g,272.05909333822126,-24.118343463576913,26.749435424804688,3999.1,148.398,False,3628.33,1.09128,5385.77,152.46,False,1017.1,5.84515,22.395094313299786,0.040289333086246715,22.500733027439733,0.00032655303186978984,22.071880488888038,0.030734945693303126,23.881590890280883,0.006239594064446968
1999 WR18,121650,MBO,MBO,20892066715351122,745209483272126604,12.632571,3.4365313,2.681101,272.0591072162985,-24.11833330814669,2025050300628,182,60799.25997045313,g,272.0590786047637,-24.118361193228345,23.182693481445312,4122.12,174.105,False,3741.41,1.10607,5491.75,177.817,False,980.75,5.31211,22.36219839294487,0.045857978883842944,22.467411768789,0.00032097533214363316,22.050723103247584,0.03515497904663796,23.921104207996066,0.00588075461976632
1999 WR18,121650,MBO,MBO,20892066715351122,745209483327701487,12.632467,3.4365306,2.681095,272.0590753843286,-24.11833734685977,2025050300629,32,60799.26048679423,g,272.0590418165238,-24.11835302533111,25.969614028930664,3984.46,152.787,False,3787.89,0.691436,5036.79,157.7,False,960.107,7.70375,22.39907633239377,0.04163334101131446,22.454006634190876,0.00019818873089142949,22.144615381331544,0.033993991182690315,23.94420091587068,0.008711779498700296
1999 WR18,121650,MBO,MBO,20892066715351122,745209483674255426,12.632261,3.4365294,2.6810822,272.0590122590123,-24.118345344905634,2025050300631,181,60799.261509013304,g,272.0589803711285,-24.118353391509764,27.198930740356445,3807.02,138.958,False,3423.38,0.269614,4645.71,139.281,False,801.849,14.5738,22.44853709851498,0.03962987393868525,22.56386226438496,8.550897157979368e-05,22.23236976846188,0.032550984019272707,24.139768521513005,0.019733518922648845
1999 WR18,121650,MBO,MBO,20892066715351122,745209483730354255,12.632158,3.4365287,2.681076,272.0589809041966,-24.1183493121382,2025050300632,32,60799.262017830086,g,272.05895164242963,-24.11836252060348,24.088010787963867,4011.79,165.336,False,3642.85,1.37657,5363.43,166.664,False,1045.52,5.95192,22.391654510703482,0.04474593082179483,22.496396748741322,0.0004102809153519689,22.076393422250288,0.03373832314203376,23.851669117329276,0.006180862103443066
1999 WR18,121650,MBO,MBO,20892066715351122,745209483931680914,12.632039,3.436528,2.6810687,272.0589442961772,-24.118353939461223,2025050300633,160,60799.26261089513,g,272.05891231955593,-24.118370884735427,21.618192672729492,3655.38,166.9,False,3396.24,2.01716,5040.76,171.283,False,1109.25,6.87366,22.49266870652168,0.049573333485629104,22.57250407142952,0.0006448612532252232,22.143759999585313,0.03689288285402722,23.787426406528517,0.006727952775562278
1999 WR18,121650,MBO,MBO,20892066715351122,745209484333809863,12.631731,3.4365263,2.68105,272.0588500573347,-24.118365828724443,2025050300636,159,60799.26413609742,g,272.05882589511924,-24.118373725305627,24.072431564331055,3591.65,146.687,False,3394.21,1.51389,4955.23,150.451,False,983.329,7.92937,22.51176500746892,0.04434268014816227,22.573153240891294,0.0004842615018924081,22.16234046095347,0.032965190870980744,23.91825290410808,0.008755161486765002
1999 WR18,121650,MBO,MBO,20892066715351122,745209484425035911,12.631629,3.4365256,2.6810439,272.0588187367604,-24.118369772918665,2025050300637,77,60799.26464379157,g,272.05877983001426,-24.11838182792175,17.224918365478516,3132.16,177.964,False,3344.32,1.90216,3761.55,173.703,False,1097.91,3.72256,22.660390182967383,0.06168968643663117,22.589230412659102,0.0006175377923374352,22.46158288839021,0.05013774553251639,23.798583114332526,0.00368128349624012
1999 WR18,121650,MBO,MBO,20892066715351122,745209484838175169,12.631322,3.4365237,2.6810253,272.0587245583146,-24.118381611041347,2025050300640,97,60799.266167372654,g,272.05870322881015,-24.11838551253649,26.406082153320312,3632.51,134.142,False,3376.88,0.477163,4818.69,139.038,False,792.228,28.0739,22.499482950709755,0.04009426642503757,22.57871096786623,0.00015341769578081722,22.192677543693172,0.03132772313141254,24.152874493110623,0.03847484414662347
1999 WR18,121650,MBO,MBO,20892066715351122,745209485004898372,12.631219,3.4365232,2.6810188,272.0586929696756,-24.118385574387403,2025050300641,159,60799.2666783764,g,272.05866079147074,-24.11839826322608,26.6158504486084,3801.67,141.791,False,3411.34,0.483322,4698.76,144.162,False,720.579,23.8505,22.450063983097333,0.0404947367262597,22.56768745541602,0.00015382816562150783,22.220041896662927,0.03331132327272348,24.25579602783346,0.035936867719624704
1999 WR18,121650,MBO,MBO,20892066715351122,745209485744669206,12.630618,3.4365194,2.6809826,272.0585087750732,-24.11840861172449,2025050300647,34,60799.26965669646,g,272.05848890372584,-24.118423773076128,20.691953659057617,3440.4,165.013,False,3682.63,2.99072,4260.09,167.204,False,667.101,7.22475,22.558477683333503,0.05207551272276396,22.4846048176668,0.0008817429723197187,22.3264531042189,0.042613991098723165,24.33952099936648,0.011758598077150266
1999 WR18,121650,MBO,MBO,20892066715351122,745209486017298447,12.630415,3.4365182,2.6809702,272.0584463893497,-24.11841638607364,2025050300649,42,60799.27066459231,g,272.0583889932863,-24.11841693927698,17.60746192932129,3395.04,193.087,False,4011.28,6.1483,4457.6,196.107,False,995.479,4.08649,22.572887748862698,0.061749360906708545,22.391792546658134,0.0016641650656424362,22.277247239354224,0.04776571684545288,23.904919738598753,0.004457000392237767
1999 WR18,121650,MBO,MBO,20892066715351122,745209486178779695,12.630316,3.4365177,2.6809642,272.05841599403,-24.118420168680384,2025050300650,94,60799.27115598109,g,272.05837146747604,-24.11840275063932,17.111894607543945,2666.72,159.081,False,2841.19,7.90053,3242.01,157.916,False,620.11,6.76563,22.83505646674036,0.06476870319897417,22.766249328797905,0.0030191192719426453,22.62296412148305,0.052885437858530324,24.41882818837118,0.011845784394756762
1999 WR18,121650,MBO,MBO,20892066715351122,745209486709882978,12.6299095,3.4365153,2.6809394,272.0582913935648,-24.11843563937906,2025050300654,83,60799.273167452455,g,272.0582773682097,-24.118464167275125,23.640491485595703,3153.3,132.419,False,2920.31,0.378847,3309.39,133.416,False,321.654,5.70637,22.65308675616986,0.045594173457479126,22.736427589197778,0.0001408507654837606,22.600630159600968,0.04377078150159349,25.13152763667965,0.01926173009798481
1999 WR18,121650,MBO,MBO,20892066715351122,745209487091564907,12.62961,3.4365134,2.6809213,272.05819938101155,-24.11844702731271,2025050300657,43,60799.274652449414,g,272.0581850513476,-24.118455370110876,20.49738311767578,2938.58,142.943,False,2598.69,1.50907,3570.62,147.12,False,430.068,6.27235,22.729656174987575,0.05281407304501391,22.86311383642368,0.00063049152210493,22.518140881228486,0.044735508091067466,24.816157194065074,0.015834978218350147
1999 WR18,121650,MBO,MBO,20892066715351122,745209487298658446,12.629512,3.4365127,2.6809154,272.0581690110554,-24.118450779235168,2025050300658,182,60799.27514269368,g,272.0581370685586,-24.118455579347213,18.07558250427246,3299.78,178.04,False,3185.17,0.617285,4064.97,180.176,False,462.681,4.41657,22.603787525492148,0.05858101597361278,22.642168485115768,0.00021041536367707038,22.377356645842738,0.04812424255821617,24.736795836676087,0.010364009230968071
1999 WR18,121650,MBO,MBO,20892066715351122,745209487354233505,12.629409,3.4365122,2.6809092,272.0581374588552,-24.118454673631778,2025050300659,32,60799.27565166901,g,272.0581288963786,-24.118476459771475,20.114784240722656,3084.65,153.346,False,3115.67,1.48011,3229.95,150.956,False,370.849,5.53058,22.676985299585958,0.05397477891211438,22.66612139571227,0.0005157828357271936,22.62701051777772,0.05074332113849725,24.977007222189883,0.016191902911079623
1999 WR18,121650,MBO,MBO,20892066715351122,745209487522005128,12.629306,3.4365115,2.680903,272.05810571593014,-24.11845858788745,2025050300660,96,60799.276163707545,g,272.05807922101513,-24.118464880191308,21.510074615478516,3102.38,143.708,False,2819.76,0.162982,3337.53,146.299,False,397.542,14.0311,22.670762561028823,0.05029331555851428,22.77446963245491,6.275550386368773e-05,22.591437045155118,0.047592715346947756,24.901542475618783,0.038320665133524605
1999 WR18,121650,MBO,MBO,20892066715351122,745209487700787265,12.629203,3.436511,2.6808968,272.0580740923001,-24.11846248376197,2025050300661,181,60799.276673050306,g,272.058059741889,-24.118477425862483,21.23484992980957,3170.06,146.852,False,2738.81,1.74641,3679.91,146.144,False,365.334,7.66653,22.647331274369833,0.050296377869210644,22.80609521451386,0.0006923227745191855,22.485407032903627,0.04311894384634172,24.993274725900385,0.022784161863351048
1999 WR18,121650,MBO,MBO,20892066715351122,745209487756886078,12.6291,3.4365103,2.6808903,272.05804246403216,-24.118466376544166,2025050300662,32,60799.27718335969,g,272.05802010473866,-24.118466563706942,19.41790199279785,3384.64,170.943,False,3154.78,1.07019,4065.62,171.728,False,491.714,4.80595,22.57621882777618,0.054835670121045246,22.652577292628862,0.0003683122014808053,22.37718300836493,0.04586048330893899,24.670718589651603,0.010611847956689468
1999 WR18,121650,MBO,MBO,20892066715351122,745209487958212836,12.628981,3.4365096,2.6808832,272.05800593068625,-24.118470868480603,2025050300663,160,60799.27777204059,g,272.0579949684959,-24.118485021870853,19.405658721923828,3354.58,170.912,False,3184.44,0.253385,3791.59,167.556,False,496.583,5.4124,22.585904591246464,0.055317012767392364,22.642417343756772,8.639173020027066e-05,22.45294655187785,0.04798029614023737,24.660020363280275,0.011833748419078766
1999 WR18,121650,MBO,MBO,20892066715351122,745209488048914738,12.628883,3.4365091,2.6808772,272.0579759054782,-24.11847455655514,2025050300664,77,60799.27825610527,g,272.05793902646576,-24.118477221294523,20.681184768676758,3387.65,163.904,False,3324.1,0.41009,4140.09,162.479,False,460.637,6.26411,22.575253695776993,0.05253096382129629,22.595814767270035,0.00013394589408191653,22.3574755854698,0.042610026282488965,24.741602967775393,0.014764708894067242
1999 WR18,121650,MBO,MBO,20892066715351122,745209488317350555,12.628203,3.4365048,2.6808362,272.05776698087203,-24.118500128025136,2025050300666,77,60799.28162234879,r,272.05746806084335,-24.118542446317097,21.003530502319336,-397.676,218.547,False,4592.28,2.64475,4460.34,200.086,False,4137.8,60.7391,nan,nan,22.244929150911137,0.0006252887651162056,22.27658012528103,0.048704946323587225,22.35807631306814,0.015937610459188862
1999 WR18,121650,MBO,MBO,20892066715351122,745209488897213232,12.627816,3.4365027,2.6808126,272.0576477217268,-24.118514653353813,2025050300670,159,60799.28354200022,r,272.05735253831585,-24.11855169569738,18.397979736328125,33.2712,258.498,False,4227.61,4.35855,6739.64,227.526,False,6114.47,38.5157,27.594828893991732,8.435542951683232,22.334762743833625,0.0011193643136787992,21.828408230030274,0.036653769603840834,21.934102915554263,0.006839168378801985
1999 WR18,121650,MBO,MBO,20892066715351122,745209488986866215,12.627718,3.436502,2.6808069,272.05761771093023,-24.118518300389372,2025050300671,74,60799.28402581959,r,272.0573649918861,-24.118572046127632,20.638385772705078,86.0929,222.457,False,4391.77,6.28564,5977.51,206.017,False,5310.93,36.0173,26.5625816177474,2.805453305624602,22.29340102582548,0.0015539398990097417,21.95869926423139,0.03742028413344828,22.087073520822447,0.007363170844955506
1999 WR18,121650,MBO,MBO,20892066715351122,745209489133142686,12.627622,3.4365015,2.680801,272.0575879449112,-24.11852191443579,2025050300672,97,60799.28450434054,r,272.0573554778319,-24.118579226291715,20.76240348815918,424.483,219.828,False,4144.33,5.88102,6561.53,205.499,False,5725.98,92.1744,24.830349240651355,0.5622727426999963,22.356364155478797,0.0015407161808028806,21.85748723852813,0.034003914324863584,22.0053754367986,0.01747772153082391
1999 WR18,121650,MBO,MBO,20892066715351122,745209489564632573,12.62732,3.4364996,2.6807828,272.05749526721763,-24.11853314624573,2025050300675,152,60799.2859955794,r,272.0572459895676,-24.11856055821791,17.45585823059082,-93.6184,242.759,False,4005.13,7.29211,3532.37,189.755,False,5042.0,41.1693,nan,nan,22.393458488915567,0.0019767917723322276,22.529834494735862,0.05832454471089313,22.14349289664893,0.008865331142542118
1999 WR18,121650,MBO,MBO,20892066715351122,745209489657954375,12.627222,3.436499,2.6807768,272.0574650506518,-24.118536801497505,2025050300676,74,60799.28648138084,r,272.0572472505502,-24.118592264873186,16.906883239746094,955.877,269.718,False,4480.71,7.86973,8223.86,258.048,False,8018.94,25.8816,23.94899495421436,0.30636010625636295,22.271632918303254,0.0019069412777265927,21.612310682478498,0.03406819287956702,21.63970759800096,0.0035042773408301858
1999 WR18,121650,MBO,MBO,20892066715351122,745209490310693617,12.62673,3.436496,2.680747,272.05731347627426,-24.11855508712268,2025050300681,39,60799.28891852622,r,272.05707212832516,-24.118598857811207,18.73107147216797,187.077,209.116,False,3911.08,4.26387,6301.17,196.149,False,5555.47,85.6626,25.71994903191542,1.2136436564382622,22.419258229787417,0.0011836724590034305,21.901447021824886,0.03379786225743393,22.038197941236465,0.016741514232316942
1999 WR18,121650,MBO,MBO,20892066715351122,745209491386532607,12.625919,3.4364913,2.680698,272.05706361855164,-24.11858504746391,2025050300689,43,60799.292932069395,r,272.05720799297325,-24.11857092979116,21.91677474975586,2025.44,213.949,False,4458.49,2.70864,7484.41,191.608,False,5479.67,60.3495,23.133701575106883,0.1146872716833246,22.277030450687903,0.0006596108696178996,21.714606051421796,0.027795877060943493,22.05311400316212,0.011957588078249544
1999 WR18,121650,MBO,MBO,20892066715351122,745209491593101924,12.625822,3.4364905,2.6806922,272.0570338487196,-24.11858860208027,2025050300690,181,60799.29341032234,r,272.05719778903114,-24.118574786995065,22.430315017700195,1888.85,220.574,False,4635.57,3.75259,6220.89,194.375,False,5331.8,107.021,23.20950633780872,0.12678888545425523,22.234742182222064,0.0008789259821511671,21.915368670987533,0.03392440151839361,22.082815413970536,0.021793124773667853
1999 WR18,121650,MBO,MBO,20892066715351122,745209491652870533,12.625718,3.43649,2.680686,272.05700164626484,-24.118592443552284,2025050300691,39,60799.29392772277,r,272.05716994539034,-24.118588878876228,26.844032287597656,1555.97,193.752,False,4748.93,1.05317,7136.72,187.932,False,5447.35,93.7729,23.419996972227928,0.13519769912809487,22.208510539666683,0.00024078365426462552,21.76625332204604,0.028590806100291674,22.05953678001333,0.018690305280082628
1999 WR18,121650,MBO,MBO,20892066715351122,745209491816972601,12.625618,3.4364893,2.6806798,272.0569706859326,-24.118596133316476,2025050300692,96,60799.29442461897,r,272.0571319493371,-24.118597430993844,24.62265968322754,1824.52,211.338,False,4895.03,1.21032,6092.48,179.65,False,4990.27,94.8682,23.247128417451194,0.12576311183303196,22.175611653171185,0.0002684535736339382,21.93801472301761,0.03201528822142849,22.15468988603184,0.02064053476385129
1999 WR18,121650,MBO,MBO,20892066715351122,745209491995754736,12.62552,3.4364889,2.6806738,272.05694059431664,-24.118599716231756,2025050300693,181,60799.29490756752,r,272.05712186795296,-24.118585817995474,25.36850357055664,2035.39,214.607,False,5282.82,1.82106,8148.62,198.283,False,5437.08,66.7623,23.12838090101028,0.11447760978781404,22.09283550275546,0.00037426805685599287,21.622289820551522,0.026419569689214002,22.061585676493465,0.013331833197958236
1999 WR18,121650,MBO,MBO,20892066715351122,745209492050281976,12.62542,3.4364882,2.6806679,272.0569096270454,-24.11860339999553,2025050300694,29,60799.2954049446,r,272.0571179959934,-24.118599169265728,19.94514274597168,1223.29,301.356,False,5097.84,6.26165,6823.01,256.085,False,7865.15,67.0061,23.681176401500625,0.26746977066301925,22.131534531655007,0.0013336041161893459,21.815060017808584,0.040750454164487845,21.660732489295846,0.009249785882021886
1999 WR18,121650,MBO,MBO,20892066715351122,745209492343881981,12.625203,3.436487,2.6806548,272.0568428206193,-24.11861133528392,2025050300696,77,60799.296476856776,r,272.05707716591166,-24.118602698414225,20.990617752075195,1182.31,260.895,False,6045.39,10.9195,8400.86,229.284,False,6680.44,27.0968,23.718171539013284,0.23958447545395464,21.946439167216113,0.0019611136090106423,21.589190586392178,0.0296329097072122,21.837987340130866,0.0044038980798830904
1999 WR18,121650,MBO,MBO,20892066715351122,745209492509032794,12.625098,3.4364862,2.6806486,272.0568106580783,-24.1186151498233,2025050300697,136,60799.29699272159,r,272.0570275230629,-24.118604664855617,27.52072525024414,944.188,209.183,False,5259.75,1.62231,6200.01,185.727,False,4996.44,51.5946,23.962353822133103,0.24054272865243165,22.097587244273793,0.00033488297891649945,21.919019066111737,0.03252422837349643,22.153348321404703,0.01121160798138667
1999 WR18,121650,MBO,MBO,20892066715351122,745209492667367716,12.624999,3.4364858,2.6806426,272.056780050422,-24.11861877648973,2025050300698,182,60799.29748316981,r,272.0570113571174,-24.118618871726582,20.10472297668457,1245.39,286.776,False,5517.87,9.96815,9120.15,250.891,False,6957.71,51.8115,23.66173655177275,0.2500125127499931,22.04557131602693,0.0019614056276003973,21.499995000319295,0.029868087422374255,21.793834198021727,0.008085077171233331
1999 WR18,121650,MBO,MBO,20892066715351122,745209492744962413,12.624901,3.436485,2.6806366,272.0567496265031,-24.11862237804277,2025050300699,74,60799.297971171705,r,272.0569921955085,-24.118611221239647,26.353673934936523,607.569,232.069,False,6056.38,2.21487,6098.57,213.577,False,5721.17,89.8403,24.441011037239782,0.4147112971889994,21.944467229478775,0.00039706302582619325,21.9369299986507,0.038023386397335115,22.006287883147984,0.017049461793963355
1999 WR18,121650,MBO,MBO,20892066715351122,745209493013397738,12.624699,3.4364839,2.6806242,272.0566873346836,-24.11862974169644,2025050300701,74,60799.29897019999,r,272.05696199669376,-24.11862307738136,24.565263748168945,477.027,240.427,False,5913.79,3.9312,5730.96,205.482,False,5277.18,31.4469,24.703642579035385,0.5472233148504796,21.970335246403028,0.000721744629040369,22.00443156427032,0.03892877327972525,22.09399519424653,0.0064699396427525275
1999 WR18,121650,MBO,MBO,20892066715351122,745209493159674532,12.624602,3.4364834,2.6806185,272.05665752468184,-24.11863326066722,2025050300702,97,60799.299448293445,r,272.0569274783113,-24.118625693173087,26.695253372192383,940.932,229.521,False,6214.62,2.94543,7457.44,221.231,False,6284.06,29.7956,23.966104395530795,0.26484299970740005,21.916463533626455,0.000514586567335958,21.718525588870797,0.03220924489508971,21.90439918233318,0.005147971586580382
1999 WR18,121650,MBO,MBO,20892066715351122,745209493338456111,12.6245,3.4364827,2.6806123,272.0566261523143,-24.118636960622183,2025050300703,182,60799.29995161202,r,272.05690435010985,-24.11861905089704,25.79320526123047,506.961,230.368,False,6253.13,2.38775,4720.81,193.037,False,4093.58,83.9079,24.63756362618585,0.4933690651387551,21.909756376402058,0.00041458702668334093,22.21495868255038,0.0443964616114182,22.369741773936237,0.02225480897648519
1999 WR18,121650,MBO,MBO,20892066715351122,745209493395603789,12.624401,3.4364822,2.6806064,272.05659546279674,-24.11864057662463,2025050300704,35,60799.300443023916,r,272.0568788090297,-24.118636917841933,28.341264724731445,35.9537,216.792,False,6281.82,1.39536,5113.98,204.204,False,5138.63,84.1733,27.510640993416736,6.54672327781673,21.90478631059105,0.00024117101499944552,22.128102441062126,0.04335403562472532,22.122881654678295,0.01778489659897436
1999 WR18,121650,MBO,MBO,20892066715351122,745213854430529139,12.4429,3.4353743,2.6696203,272.00274720359323,-24.124879726952408,2025050400428,97,60800.21155702423,i,272.002566313337,-24.124935086185385,29.277637481689453,4204.21,332.692,False,9695.25,10.8312,6916.13,240.829,False,2735.23,48.069,22.340789007894205,0.08591762487611866,21.433602469500673,0.0012129471232429688,21.800342148508626,0.037806802819947784,22.807515379862537,0.019080755279907664
1999 WR18,121650,MBO,MBO,20892066715351122,745213856468435695,12.441391,3.4353654,2.6695313,272.00226238261297,-24.12494082349184,2025050400443,144,60800.218894994105,i,272.0024481299462,-24.12493289728727,30.05105209350586,3967.11,354.689,False,9730.88,5.31332,7783.79,260.04,False,3348.5,82.1867,22.40381436371119,0.09707284982401158,21.429619720764542,0.0005928409490777175,21.672022218240052,0.03627215669307032,22.587874241819502,0.026648670915342135
1999 WR18,121650,MBO,MBO,20892066715351122,745213859026960392,12.438783,3.43535,2.6693778,272.0014216386692,-24.12504509255753,2025050400462,160,60800.23156486126,u,272.00141044473054,-24.12506701403994,5.340315818786621,2334.58,432.402,False,3207.16,20.365,2106.26,439.058,False,-199.444,26.7314,22.97947806199908,0.20109591423150752,22.634698462967123,0.006894267254310813,23.091220044609067,0.22632589494535477,nan,nan
1999 WR18,121650,MBO,MBO,20892066715351122,745213859282812991,12.438537,3.4353485,2.6693635,272.0013423876732,-24.12505481051504,2025050400464,136,60800.23275544681,u,272.0013492055103,-24.125067754410168,8.372664451599121,2159.41,257.044,False,2352.15,33.1731,2056.51,260.517,False,-58.1524,40.9487,23.064162273657885,0.1292399290855868,22.971337510394715,0.015312474402526585,23.1171729307099,0.13754017031587576,nan,nan
1999 WR18,121650,MBO,MBO,20892066715351122,745213859429089304,12.438415,3.4353478,2.669356,272.00130271517696,-24.125059668059983,2025050400465,159,60800.233351320014,u,272.00128740342694,-24.125071185630453,7.99151086807251,2173.39,268.509,False,2186.79,17.7621,2068.43,270.789,False,-34.4859,42.0556,23.057155892429133,0.13413605470179882,23.050482282522402,0.008818841743657803,23.110897965767244,0.14213941610653716,nan,nan
1999 WR18,121650,MBO,MBO,20892066715351122,745213859519791227,12.438292,3.435347,2.669349,272.001263100141,-24.1250645137753,2025050400466,76,60800.23394617402,u,272.00132211988455,-24.125098614803793,6.319453716278076,1985.99,312.686,False,2149.86,62.0655,1953.34,320.634,False,-87.9709,11.4575,23.15505736190387,0.170944726623375,23.068974497363733,0.03134471791654767,23.17305541017423,0.17821984461676518,nan,nan
1999 WR18,121650,MBO,MBO,20892066715351122,745213859788750853,12.438047,3.4353456,2.6693347,272.00118404284245,-24.12507416974409,2025050400468,77,60800.235133429436,u,272.0011856370761,-24.125083860398814,6.329856872558594,1847.7,289.267,False,1774.84,1.65333,1960.5,288.984,False,16.2162,19.155,23.233421381667345,0.169977626879879,23.277102001021504,0.0010114039799249042,23.169082883409434,0.16004101042510924,28.375127278322523,1.2825000868345804
1999 WR18,121650,MBO,MBO,20892066715351122,745213859933454412,12.437924,3.435345,2.6693275,272.0011443342115,-24.12507901250481,2025050400469,97,60800.235729781474,u,272.00111368349695,-24.125127416224394,6.190341472625732,1619.66,260.948,False,1850.3,16.6904,1812.5,270.236,False,39.5488,46.4917,23.376440335208308,0.1749260233998055,23.231894599284168,0.009793747053147546,23.25430496189242,0.16187862113753163,27.40716668456541,1.2763400974849914
1999 WR18,121650,MBO,MBO,20892066715351122,745213860100177923,12.437802,3.4353442,2.6693203,272.00110488317875,-24.1250838190748,2025050400470,159,60800.23632148316,u,272.00108751539153,-24.12508890754356,6.906582832336426,1817.03,265.671,False,2054.24,7.3553,1967.3,269.995,False,59.9791,30.1021,23.251594738072562,0.15874730066951687,23.118372051376983,0.0038875279860923965,23.16532349316992,0.1490079469457867,26.955000151184766,0.5449054855651356
1999 WR18,121650,MBO,MBO,20892066715351122,745213860189306963,12.437679,3.4353433,2.669313,272.0010650900709,-24.125088662498843,2025050400471,73,60800.23691837774,u,272.00107438559127,-24.125099119551844,6.880921363830566,2438.05,348.946,False,2428.28,28.5922,2521.53,358.395,False,50.382,19.5844,22.93239345833349,0.1553960393581344,22.93675307965319,0.012784186999393144,22.895839638482254,0.15431996075991283,27.144311491733983,0.4220454196642123
1999 WR18,121650,MBO,MBO,20892066715351122,745213860368613405,12.437558,3.4353426,2.6693058,272.0010259547937,-24.125093421128632,2025050400472,159,60800.23750585418,u,272.0010083400084,-24.1251202918919,7.624985694885254,2153.03,277.194,False,2639.65,18.9453,2408.56,269.482,False,72.7408,14.9753,23.06737478207507,0.1397841914471964,22.846134174835566,0.007792547480368781,22.945606299686244,0.12147770907978409,26.74555483292984,0.2235227746030544
1999 WR18,121650,MBO,MBO,20892066715351122,745213860457742407,12.437434,3.4353418,2.6692986,272.00098587723505,-24.12509828947517,2025050400473,73,60800.238106623,u,272.00105215771407,-24.12507706822356,6.695897102355957,2487.32,366.218,False,2960.73,18.3773,2705.34,371.516,False,29.4155,9.73341,22.91067081529479,0.15985724251706204,22.721502996504547,0.006739182692200562,22.81944533008086,0.14910079664654188,27.72855938920811,0.35926349285083936
1999 WR18,121650,MBO,MBO,20892066715351122,745213860604018788,12.43731,3.4353411,2.6692913,272.000945924131,-24.12510313780773,2025050400474,96,60800.238705224896,u,272.0009520377184,-24.125096735254917,7.641668796539307,1942.79,251.052,False,1795.25,10.3536,1985.04,253.638,False,59.5424,40.0347,23.178935329694127,0.14030144396305894,23.26468766150198,0.0062616782504943515,23.155576822291792,0.13872967527780755,26.96293415355913,0.7300196386154477
1999 WR18,121650,MBO,MBO,20892066715351122,745213860767596581,12.437189,3.4353404,2.669284,272.00090649597234,-24.1251079176435,2025050400475,152,60800.239296573185,u,272.00084830897447,-24.125088861463546,6.151495456695557,1490.12,247.391,False,1418.91,27.9906,1455.78,251.777,False,-12.4792,37.8308,23.46694689420601,0.18025486090776946,23.520112850147648,0.021418136257416783,23.49226060665036,0.1877779548451325,nan,nan
1999 WR18,121650,MBO,MBO,20892066715351122,745213860839948439,12.437066,3.4353397,2.669277,272.0008667922459,-24.12511272607184,2025050400476,34,60800.23989135362,u,272.0008717631783,-24.12508091286805,7.623909950256348,2428.54,314.482,False,2500.31,17.5901,2598.77,328.31,False,-23.5807,30.9013,22.936636829920886,0.14059660611770866,22.90501532993318,0.007638335744541746,22.863080380189217,0.13716413844027414,nan,nan
1999 WR18,121650,MBO,MBO,20892066715351122,745213861038129303,12.436944,3.435339,2.6692698,272.00082734685486,-24.125117498428114,2025050400477,156,60800.240482091554,u,272.0008187559653,-24.125121573685743,9.719526290893555,2579.18,263.219,False,2420.61,6.29548,2678.72,263.658,False,-27.293,35.892,22.871295897667157,0.11080513934392502,22.940187894044882,0.002823763437371652,22.83018171125282,0.10686560297710754,nan,nan
1999 WR18,121650,MBO,MBO,20892066715351122,745213861112578056,12.43682,3.4353383,2.6692626,272.0007872920731,-24.12512233962973,2025050400478,42,60800.24108245823,u,272.0008021514156,-24.125131301596806,8.791712760925293,2351.96,263.759,False,2291.72,4.45578,2450.62,267.121,False,-48.5299,21.4883,22.971425189580643,0.12175917247861893,22.99959612667467,0.0021109916395071447,22.926810014195222,0.11834675684850632,nan,nan
1999 WR18,121650,MBO,MBO,20892066715351122,745213861274058836,12.436697,3.4353375,2.6692555,272.0007474288784,-24.125127152788817,2025050400479,94,60800.24167975258,u,272.00070636457474,-24.125126287136933,7.631737232208252,2161.06,279.187,False,2263.0,13.8428,2012.83,279.656,False,-61.8247,19.83,23.063332908389523,0.14026609085474848,23.013288615113176,0.0066414623454009785,23.14048228193687,0.15084863454373462,nan,nan
1999 WR18,121650,MBO,MBO,20892066715351122,745213861440782412,12.436574,3.4353368,2.669248,272.00070762388214,-24.125131954055416,2025050400480,156,60800.24227592332,u,272.00069325612526,-24.125168708763788,6.014494895935059,1622.42,270.0,False,1497.92,62.3902,1732.71,285.303,False,-59.4174,22.0919,23.37459174221879,0.18068611539822432,23.46127841952878,0.045222240625590666,23.30318531985433,0.17877418218695035,nan,nan
1999 WR18,121650,MBO,MBO,20892066715351122,745213861509988432,12.436451,3.435336,2.669241,272.00066760989847,-24.125136775628192,2025050400481,32,60800.24287472515,u,272.0006278666968,-24.12516285655716,7.352856636047363,2175.75,299.646,False,2155.96,12.809,2055.39,305.522,False,-50.1286,20.9666,23.055977519514087,0.14952844148904856,23.065898272100732,0.006450581325854716,23.117764458637623,0.1613885041440841,nan,nan
1999 WR18,121650,MBO,MBO,20892066715351122,745213861804638251,12.436205,3.4353347,2.6692264,272.0005879572527,-24.125146358914293,2025050400483,82,60800.2440661897,u,272.0005698663601,-24.125156545220328,9.907258033752441,2443.44,244.756,False,2415.47,13.5786,2506.04,246.765,False,-29.8911,28.1257,22.92999582814202,0.10875669274701524,22.94249589331055,0.00610348202732114,22.90252998638241,0.10691038041223296,nan,nan
1999 WR18,121650,MBO,MBO,20892066715351122,745213861971361818,12.436082,3.435334,2.6692193,272.0005480514012,-24.125151152797905,2025050400484,144,60800.24466319744,u,272.00053133399405,-24.125181419941146,9.203271865844727,2201.15,237.875,False,2083.86,2.49409,2317.21,245.629,False,-34.4592,35.6185,23.04337595047273,0.11733389871895535,23.102828598044965,0.0012994748968144197,22.98758653319301,0.11509025955722484,nan,nan
1999 WR18,121650,MBO,MBO,20892066715351122,745213862186844281,12.435837,3.4353325,2.669205,272.0004686157632,-24.12516068082228,2025050400486,43,60800.24585190907,u,272.00045891042873,-24.125174963104786,7.286710262298584,1835.6,252.397,False,1851.64,13.3123,1729.23,262.27,False,-53.9715,20.9414,23.24055489188408,0.14928991499403518,23.231108606295173,0.007805861652030102,23.305368108766515,0.1646721521775087,nan,nan
1999 WR18,121650,MBO,MBO,20892066715351122,745213862449512569,12.435593,3.435331,2.6691906,272.00038968239147,-24.125170129386497,2025050400488,32,60800.247031973166,u,272.00038387022767,-24.12513895302445,5.30723762512207,1741.13,325.22,False,nan,nan,1535.97,321.342,False,-70.8876,8.71907,23.297922000559183,0.20280112848929174,nan,nan,23.434043187462784,0.2271480963574977,nan,nan
1999 WR18,121650,MBO,MBO,20892066715351122,745213862617284639,12.435471,3.4353304,2.6691835,272.00034993587,-24.125174879912247,2025050400489,96,60800.24762595736,u,272.00033985116926,-24.125178451892438,8.741931915283203,2309.15,263.5,False,2538.63,14.7729,2519.38,269.999,False,-65.8992,12.198,22.991369683030168,0.12389472405554479,22.888501530179887,0.006318160864499973,22.896765856988793,0.11635707812913818,nan,nan
1999 WR18,121650,MBO,MBO,20892066715351122,745213862852165653,12.4352255,3.435329,2.6691692,272.00027048544405,-24.1251843613028,2025050400491,32,60800.248812441496,u,272.0002531756859,-24.125164881226972,7.37974214553833,2703.82,363.285,False,2685.12,18.8095,2565.26,362.081,False,-42.2684,12.9653,22.820055532120655,0.14587941177645566,22.82759070408715,0.007605676457837448,22.87717152269275,0.15324935576377144,nan,nan
1999 WR18,121650,MBO,MBO,20892066715351122,745213863309344824,12.434838,3.4353266,2.6691465,272.00014498609835,-24.12519929846223,2025050400494,136,60800.25068614685,u,272.0001433784496,-24.125221736282146,8.556761741638184,1957.99,231.25,False,2040.15,4.62067,1929.07,235.538,False,9.77837,51.2784,23.17047383189028,0.12823175736473663,23.125844737832914,0.0024590488333722416,23.18663006238765,0.1325675767183077,28.924333844854136,5.69367045922697
1999 WR18,121650,MBO,MBO,20892066715351122,745213863455621157,12.434716,3.4353259,2.6691394,272.0001053911442,-24.125204001062933,2025050400495,159,60800.251277752366,u,272.0000707142414,-24.125187483073237,7.897285461425781,1954.46,248.987,False,1930.57,1.37187,1906.75,251.091,False,-9.55725,41.9855,23.172433055241033,0.13831657096433736,23.185786147185993,0.0007715281046844434,23.19926561234812,0.14297553066733232,nan,nan
1999 WR18,121650,MBO,MBO,20892066715351122,745213863546323073,12.434594,3.4353251,2.6691322,272.0000656543382,-24.12520871565717,2025050400496,76,60800.251870531145,u,272.00006361954047,-24.12527461083519,7.033699035644531,1858.62,267.565,False,1751.29,2.08809,2009.35,271.743,False,-6.9236,46.5336,23.22702348750355,0.15630145540240756,23.291604806217418,0.0012945399101603864,23.142361035147204,0.1468341650448183,nan,nan
1999 WR18,121650,MBO,MBO,20892066715351122,745213863724056592,12.434477,3.4353244,2.6691253,272.00002758543064,-24.125213227801503,2025050400497,159,60800.25243839897,u,272.0000306022973,-24.125222505178844,8.258339881896973,1907.5,232.827,False,1802.06,9.76054,1884.88,231.765,False,2.18693,41.4516,23.198838633432704,0.13252356426683704,23.260576847652644,0.005880698378908179,23.211790731518185,0.13350221243857474,30.550412823667255,20.579306663414336
1999 WR18,121650,MBO,MBO,20892066715351122,745213863959986229,12.434236,3.435323,2.6691113,271.9999494146141,-24.12522247905808,2025050400499,97,60800.25360402888,u,271.99992811389245,-24.12523767624395,8.552118301391602,1892.47,223.779,False,2119.66,6.356,2112.71,234.086,False,24.7261,45.8498,23.207427507656114,0.1283851123031874,23.084334534166707,0.003255682300747315,23.087900300211416,0.12029840741783496,27.91711090619804,2.0132890388978657
1999 WR18,121650,MBO,MBO,20892066715351122,745213864126709770,12.43412,3.4353223,2.6691043,271.9999117263933,-24.12522693260772,2025050400500,159,60800.25416605766,u,271.9999126337219,-24.12523764457889,9.226632118225098,2232.13,238.863,False,2138.7,6.08267,2518.3,246.651,False,41.3997,44.8216,23.02820134585539,0.11618598730792516,23.074625351206542,0.0030879391318673222,22.89723131524967,0.10634075229625824,27.357507010558052,1.1754779795331218
1999 WR18,121650,MBO,MBO,20892066715351122,745213864215838778,12.433996,3.4353216,2.6690972,271.9998716164208,-24.12523166752394,2025050400501,73,60800.254764784055,u,271.9998492033302,-24.12524648704294,5.941233158111572,1798.88,295.235,False,nan,nan,1826.52,302.246,False,72.4846,35.9667,23.262494513753033,0.1781927152658019,nan,nan,23.245938908377894,0.1796637451656258,26.74938568954968,0.5387399807884076
1999 WR18,121650,MBO,MBO,20892066715351122,745213864395145275,12.433879,3.4353209,2.6690903,271.9998335114457,-24.12523616116154,2025050400502,159,60800.25533248155,u,271.9997794310549,-24.12523911411074,8.618900299072266,2241.89,257.945,False,2245.68,19.9311,2510.91,252.84,False,105.909,33.4633,23.02346430252389,0.12492149334169216,23.021630355079203,0.009636243118874996,22.90042217219583,0.10932990335935347,26.337667866492907,0.3430522071565521
1999 WR18,121650,MBO,MBO,20892066715351122,745213864484274220,12.433756,3.4353201,2.669083,271.9997934534566,-24.125240880289358,2025050400503,73,60800.25592960164,u,271.99981679537075,-24.12524221017498,5.179233551025391,1503.38,296.748,False,1648.07,3.63685,1594.64,302.21,False,79.645,45.1328,23.457328075538108,0.21431044105211816,23.357560900525147,0.0023959297686207597,23.39334335565028,0.20576451496782633,26.647103754257195,0.6152591900801019
1999 WR18,121650,MBO,MBO,20892066715351122,745213864630550620,12.433634,3.4353194,2.669076,271.99975372341487,-24.12524555589782,2025050400504,96,60800.2565211147,u,271.999760127545,-24.125244068095704,7.789885997772217,1719.57,229.624,False,nan,nan,1810.98,232.332,False,102.777,41.8821,23.311450384630305,0.1449845544999854,nan,nan,23.255215876451196,0.13928992448264974,26.37026015365048,0.44244248412721066
1999 WR18,121650,MBO,MBO,20892066715351122,745213864794128417,12.433512,3.4353187,2.6690688,271.99971425437093,-24.125250195973592,2025050400505,152,60800.25710972361,u,271.99969876363207,-24.125268417198285,7.506368160247803,1901.49,255.535,False,1961.47,9.33246,2101.64,262.779,False,100.412,46.4114,23.202264891115373,0.14590852777760666,23.168545840882707,0.00516581456297128,23.09360424130235,0.13575525766580482,26.39553592874612,0.5018377866665841
1999 WR18,121650,MBO,MBO,20892066715351122,745213864866480268,12.433394,3.435318,2.669062,271.9996759194244,-24.125254698125584,2025050400506,34,60800.25768047826,u,271.9996232995861,-24.125292726154917,6.408516883850098,1885.19,292.275,False,nan,nan,2045.68,294.063,False,93.3021,28.4802,23.21161221530484,0.16832974526808725,nan,nan,23.12290572344785,0.15607271150595745,26.475271439905676,0.3314178746286675
1999 WR18,121650,MBO,MBO,20892066715351122,745213865139109897,12.43315,3.4353166,2.6690478,271.99959667650563,-24.12526399025244,2025050400508,42,60800.258860798654,u,271.99957822705323,-24.125230831979493,7.556866645812988,1740.69,229.328,False,1743.3,19.9941,2007.11,234.845,False,72.0101,30.5702,23.298196450621973,0.1430408194031896,23.296569644193504,0.012452428304441189,23.14357207111996,0.1270382401526056,26.756516445063617,0.46092384655188995
1999 WR18,121650,MBO,MBO,20892066715351122,745213865300590712,12.433028,3.4353158,2.6690407,271.9995569769482,-24.12526863819597,2025050400509,94,60800.259451414655,u,271.9995256340412,-24.12526668694546,7.386737823486328,1731.18,230.72,False,1582.55,12.2653,1761.18,231.789,False,88.9546,45.0784,23.3041444009838,0.14469959837521582,23.401606365857603,0.008414823949321314,23.285490604494385,0.1428938002249378,26.527079002996807,0.5502048455251976
1999 WR18,121650,MBO,MBO,20892066715351122,745213865467314266,12.432907,3.4353151,2.6690335,271.99951747165045,-24.12527325857326,2025050400510,156,60800.260039684974,u,271.99947529493437,-24.12529210914672,7.6206746101379395,1813.55,243.734,False,1703.77,15.78,1951.17,248.692,False,99.6513,51.5192,23.25367613656129,0.1459186755155172,23.321472570269002,0.010055885961577218,23.174262200771686,0.1383856371357731,26.403792594448944,0.5613199308660484
1999 WR18,121650,MBO,MBO,20892066715351122,745213865536520269,12.432782,3.4353144,2.6690261,271.99947701835947,-24.125277984838437,2025050400511,32,60800.260641120905,u,271.9995046965554,-24.125277104534806,6.502945899963379,1929.08,285.232,False,1720.94,10.928,1942.84,294.525,False,78.0885,35.2258,23.186624428617463,0.16053596034315984,23.310585714319075,0.006894444976754161,23.178907428278666,0.16459227455955852,26.668532285028398,0.4897766693705375
1999 WR18,121650,MBO,MBO,20892066715351122,745213865831170077,12.432538,3.435313,2.669012,271.9993975012395,-24.12528726033089,2025050400513,82,60800.26182492338,u,271.99938519234587,-24.12527696735674,6.993592739105225,1868.16,262.969,False,1731.46,49.9283,2033.63,266.825,False,49.5575,15.7427,23.221464807705715,0.15283217307058766,23.3039688670506,0.03130823873216386,23.129320147528244,0.14245540014290733,27.162226549297742,0.34490075790413505
1999 WR18,121650,MBO,MBO,20892066715351122,745213865997893659,12.432417,3.4353123,2.669005,271.99935803455475,-24.125291856793098,2025050400514,144,60800.262411258795,u,271.99936546796835,-24.125303884010773,5.984472751617432,1630.34,271.411,False,1572.59,32.3093,1764.84,273.229,False,31.8125,12.7484,23.369304562786272,0.18074804452488574,23.408461249378146,0.02230675315644726,23.283236674857886,0.1680915139481944,27.643505500797914,0.4350930968792894
1999 WR18,121650,MBO,MBO,20892066715351122,745213866213376153,12.43217,3.4353108,2.6689904,271.9992778022862,-24.125301186192072,2025050400516,43,60800.26360424273,u,271.99926494392656,-24.125338587074058,8.102734565734863,2088.5,256.419,False,2003.21,5.87852,2077.25,268.845,False,46.3847,19.149,23.10041380099715,0.1333030398753914,23.145683822350485,0.003186147299472303,23.106278080897784,0.14051979843233164,27.234063101661196,0.44822457447630215
1999 WR18,121650,MBO,MBO,20892066715351122,745213866476044403,12.431926,3.4353094,2.6689763,271.99919841628173,-24.125310397660567,2025050400518,32,60800.26478433939,u,271.99922697431055,-24.12530375549991,7.658655643463135,2153.63,276.609,False,2082.53,0.528192,2318.29,286.45,False,55.4684,27.046,23.06707232834203,0.1394503381483269,23.103521818783847,0.00027537521749902943,22.987080577008996,0.1341545466124471,27.03988592182344,0.5293973034083473
1999 WR18,121650,MBO,MBO,20892066715351122,745213866643816468,12.431803,3.4353087,2.668969,271.9991581745495,-24.12531505964843,2025050400519,96,60800.26538259911,u,271.99914326350165,-24.125271562134948,7.4591193199157715,1798.04,237.338,False,1813.07,7.53645,1936.41,239.735,False,5.64709,32.0137,23.263001603878642,0.14331519375730006,23.253963602417873,0.0045131168483177,23.18250668894487,0.13441831281391595,29.52043823473309,6.155104992404651
1999 WR18,121650,MBO,MBO,20892066715351122,745213866822598662,12.431679,3.435308,2.6689618,271.9991177911641,-24.12531973303034,2025050400520,181,60800.26598213731,u,271.99909732225365,-24.12535110748354,7.464585304260254,1840.78,245.41,False,1772.62,7.23959,1857.16,246.819,False,46.6211,27.8814,23.237495264984254,0.14474870530160724,23.278460890428043,0.004434275352111297,23.227876677152263,0.14429576323810814,27.22854367724541,0.6493163740423749
1999 WR18,121650,MBO,MBO,20892066715351122,745213867170726002,12.431292,3.4353058,2.668939,271.9989918846844,-24.125334271351143,2025050400523,77,60800.267852521865,u,271.998980183797,-24.12536001705344,5.7417426109313965,1731.99,301.495,False,1670.95,37.0388,2170.14,310.455,False,-77.5962,12.7828,23.30363655562136,0.18899880114654086,23.342591395098054,0.024066768329748977,23.05878067388501,0.15532280661813283,nan,nan
1999 WR18,121650,MBO,MBO,20892066715351122,745213867335876649,12.431168,3.4353049,2.668932,271.99895140524626,-24.125338935106345,2025050400524,136,60800.26845398351,u,271.99890013564163,-24.125347484944395,7.159636497497559,1633.5,225.963,False,1806.86,4.303,1712.44,234.425,False,-12.6904,48.0978,23.36720215297136,0.15019051561218358,23.257688749678394,0.002585658489289598,23.315961627797954,0.14863219839687597,nan,nan
1999 WR18,121650,MBO,MBO,20892066715351122,745213867482153027,12.43105,3.4353044,2.668925,271.9989131421497,-24.12534333887089,2025050400525,159,60800.269021589615,u,271.9989156610308,-24.125349424021188,6.763269901275635,1756.46,255.639,False,1688.54,6.04327,1624.34,265.375,False,-29.698,39.1713,23.28840436409932,0.158020411531192,23.331221592031387,0.0038858404319387888,23.373307675070805,0.17738112180979346,nan,nan
1999 WR18,121650,MBO,MBO,20892066715351122,745213867750588446,12.43081,3.435303,2.6689112,271.99883484550617,-24.125352336113902,2025050400527,159,60800.27018310997,u,271.9987943078078,-24.12537185360033,7.941903591156006,1896.38,239.26,False,1978.08,4.73634,1968.83,249.575,False,-25.3243,43.6217,23.205186581145355,0.13698374677935696,23.159390394370433,0.0025997007098577953,23.164479478491856,0.13763129169981986,nan,nan
1999 WR18,121650,MBO,MBO,20892066715351122,745213867840241744,12.430692,3.4353023,2.6689043,271.9987962943092,-24.1253567591848,2025050400528,74,60800.270755802354,u,271.9987903041298,-24.125345447630924,7.686341762542725,2027.83,259.513,False,2075.16,35.7317,2158.77,269.66,False,-38.3128,47.04,23.132421164080675,0.13894787351091992,23.107371077173998,0.01869504181114503,23.06448405485057,0.1356233532531341,nan,nan
1999 WR18,121650,MBO,MBO,20892066715351122,745213867986518086,12.430567,3.4353015,2.668897,271.9987555798174,-24.125361425489142,2025050400529,97,60800.27135934638,u,271.99873325246045,-24.125352661280196,7.563234806060791,1753.95,227.17,False,1848.22,21.218,1862.5,232.906,False,-44.125,42.743,23.289957008382746,0.14062356310798302,23.233115853383225,0.012464507258355951,23.22475929644917,0.135771534425306,nan,nan
1999 WR18,121650,MBO,MBO,20892066715351122,745213868242370591,12.4303255,3.4353,2.6688828,271.99867716527297,-24.12537039823937,2025050400531,73,60800.27252201773,u,271.99866118330067,-24.12534093189483,6.306400775909424,2055.48,315.893,False,1890.41,6.52982,1863.1,321.975,False,-82.8095,34.9391,23.117716871782527,0.16685955398263488,23.208609965403213,0.0037503302557442444,23.224409599634956,0.18763347417460252,nan,nan
1999 WR18,121650,MBO,MBO,20892066715351122,745213868418007111,12.430205,3.4352994,2.668876,271.998637914988,-24.125374882432418,2025050400532,152,60800.273104750595,u,271.99864950818966,-24.125388634698577,5.0920281410217285,1325.3,256.827,False,1834.83,37.8815,1200.49,264.062,False,-66.5087,30.1941,23.594214465076124,0.2104024428277597,23.24101044510879,0.022415873563594427,23.70160364192055,0.23882055557026238,nan,nan
1999 WR18,121650,MBO,MBO,20892066715351122,745213868510806043,12.430087,3.4352987,2.668869,271.99859940060594,-24.12537927794569,2025050400533,73,60800.27367560187,u,271.9986425367305,-24.125333377886594,6.190581798553467,2113.96,337.482,False,2225.46,25.6471,2121.68,339.719,False,-72.009,35.8421,23.087258106559865,0.17333176918833107,23.031450537154306,0.012512463038154217,23.083300328662773,0.17384583125941883,nan,nan
1999 WR18,121650,MBO,MBO,20892066715351122,745213868657082476,12.42997,3.435298,2.668862,271.9985611502221,-24.12538363881527,2025050400534,96,60800.27424206442,u,271.9985431241081,-24.125395455223366,6.5076494216918945,1549.1,239.072,False,nan,nan,1370.28,242.775,False,-72.1694,39.6105,23.424801382257588,0.16756125285270831,nan,nan,23.557976679278745,0.19236184929193004,nan,nan
1999 WR18,121650,MBO,MBO,20892066715351122,745213869584547894,12.42758,3.435284,2.668723,271.9977810471099,-24.12547159751616,2025050400541,73,60800.2857886399,g,271.997541538421,-24.12550267855167,39.93336486816406,833.195,108.751,False,4245.41,0.512434,1957.82,111.973,False,1063.44,36.2546,24.09813335274579,0.14171340006756963,22.33020086367306,0.00013105168454905438,23.170568128023614,0.062096179897411154,23.833217580464186,0.03701472066854815
1999 WR18,121650,MBO,MBO,20892066715351122,745213869852983354,12.427379,3.4352827,2.6687114,271.9977151399712,-24.125478943350643,2025050400543,73,60800.286762515345,g,271.99744278157425,-24.125519809225974,35.9277458190918,615.806,116.783,False,4423.57,1.42435,1473.99,114.668,False,883.902,24.4252,24.426390156470752,0.20590173179916355,22.285567782949435,0.0003495973727022766,23.478763664327992,0.08446407313267573,24.033989736150254,0.030002561470486418
1999 WR18,121650,MBO,MBO,20892066715351122,745213870162313677,12.427172,3.4352815,2.6686995,271.9976476614642,-24.125486450583196,2025050400545,151,60800.28775939335,g,271.99740209487805,-24.12553723976287,36.88398742675781,1074.61,103.208,False,3965.79,0.49232,1946.7,101.578,False,847.723,25.4781,23.821872820634262,0.10427658773598825,22.4041757059687,0.00013478516116165873,23.176752455036947,0.05665326868755429,24.079365055283635,0.032631525478648116
1999 WR18,121650,MBO,MBO,20892066715351122,745213870235189542,12.427071,3.4352808,2.6686935,271.9976144242721,-24.12549014323519,2025050400546,34,60800.28825058151,g,271.9973631700824,-24.125531088291307,35.84938049316406,885.33,108.437,False,4075.74,0.457083,1607.39,109.8,False,803.591,18.5697,24.032237026970762,0.132983148339204,22.37448382344533,0.00012176231765794853,23.384696834758067,0.07416609379766526,24.13741233507267,0.025089623673610575
1999 WR18,121650,MBO,MBO,20892066715351122,745213870434943214,12.426972,3.4352803,2.6686878,271.99758233445124,-24.1254937052169,2025050400547,159,60800.28872434353,g,271.9975577396235,-24.12550885643331,34.11620330810547,4279.9,126.292,False,3977.85,1.2073,5550.38,130.035,False,1156.69,18.6188,22.32141597020545,0.03203808493217801,22.400878967425236,0.00032952706388679053,22.039193228966624,0.025436765472396313,23.74195760258291,0.01747668382626588
1999 WR18,121650,MBO,MBO,20892066715351122,745213870506246604,12.42687,3.4352796,2.6686819,271.9975491579006,-24.125497384524543,2025050400548,39,60800.28921441315,g,271.99732402614603,-24.12554087705434,37.58791732788086,1160.48,107.112,False,4053.4,1.94972,2021.49,105.53,False,764.982,18.9581,23.73840586797911,0.10021316850888992,22.38045136825887,0.000522248401675919,23.13582101202752,0.05667984551804755,24.190871966773912,0.026907162519847476
1999 WR18,121650,MBO,MBO,20892066715351122,745213870669300222,12.426767,3.4352791,2.668676,271.99751536831275,-24.1255011283699,2025050400549,94,60800.28971380034,g,271.9974908317753,-24.12550790387867,37.07816696166992,4619.72,125.141,False,4164.46,1.33794,5648.52,125.087,False,1003.17,21.7655,22.238460814804974,0.02941089650926815,22.351103272672567,0.000348820708362961,22.02016331918916,0.02404372862061734,23.896563678453244,0.02355691538459077
1999 WR18,121650,MBO,MBO,20892066715351122,745213870833926318,12.426668,3.4352784,2.6686702,271.9974830650664,-24.125504704277613,2025050400550,152,60800.290190008105,g,271.9972313806477,-24.125543929592773,36.19255828857422,1170.29,110.763,False,4064.33,0.883392,2028.2,110.538,False,821.754,19.799,23.729266228638576,0.10276033783395024,22.377527571884706,0.00023598739110421184,23.13222308018849,0.059173214514208566,24.11314539571549,0.02615927655384585
1999 WR18,121650,MBO,MBO,20892066715351122,745213870905229458,12.426566,3.435278,2.6686642,271.9974496747426,-24.12550839718211,2025050400551,32,60800.29068357876,g,271.99760844638723,-24.12550470714918,33.05290603637695,1740.89,120.385,False,4026.37,0.534496,2946.49,123.841,False,1108.26,19.5628,23.298071664309077,0.07508019129834893,22.387715764587057,0.00014413023436981218,22.726737574860362,0.04563350341935781,23.788395843695877,0.01916521343924958
1999 WR18,121650,MBO,MBO,20892066715351122,745213871582085414,12.426059,3.4352748,2.668635,271.997283822917,-24.125526689790217,2025050400556,43,60800.293131584156,g,271.99748464516426,-24.125512284888295,34.90168380737305,1126.45,111.206,False,3943.16,1.13027,2167.4,116.303,False,1041.05,16.1239,23.770720248671374,0.10718663678963532,22.41038902514699,0.00031121615459269185,23.060152376340547,0.058260766372464017,23.856320977838955,0.016816003635111834
1999 WR18,121650,MBO,MBO,20892066715351122,745213871788655117,12.425961,3.4352744,2.668629,271.9972514285834,-24.12553025295721,2025050400557,181,60800.293609836066,g,271.9974557685951,-24.12551733470139,33.931522369384766,755.363,106.194,False,3682.46,0.852381,1733.05,112.841,False,972.072,28.6805,24.204610764553333,0.1526400875409445,22.48465491626318,0.0002513159442258326,23.302972237739123,0.07069360915166216,23.930753891762272,0.03203410505134068
1999 WR18,121650,MBO,MBO,20892066715351122,745213871844753805,12.425857,3.4352736,2.668623,271.99721767545554,-24.125533962192208,2025050400558,32,60800.29410768558,g,271.9974333727241,-24.12552172670886,36.17399215698242,610.886,101.985,False,3992.79,0.267394,1443.52,105.951,False,845.775,21.8261,24.43509959357926,0.18125936751389626,22.396808816471335,7.271089906635763e-05,23.501442971765627,0.079690500418461,24.0818628590963,0.028018545876351154
1999 WR18,121650,MBO,MBO,20892066715351122,745213872191307915,12.425657,3.4352727,2.6686115,271.9971523284074,-24.1255411335513,2025050400560,181,60800.29507109614,g,271.9974026752144,-24.125521480306244,31.157991409301758,222.111,107.097,False,3304.24,1.04155,1088.11,108.486,False,888.208,17.9863,25.533574868438933,0.5235179456023767,22.60232104241563,0.00034224166256190467,23.808318010636153,0.10824933100637074,24.028713289195252,0.02198626493010896
1999 WR18,121650,MBO,MBO,20892066715351122,745213872539435055,12.425335,3.4352708,2.6685927,271.9970469603313,-24.125552669648005,2025050400563,77,60800.296625101444,g,271.9973496914806,-24.12553714564938,19.549001693725586,935.776,174.554,False,3486.52,1.02053,1823.24,170.473,False,1086.65,17.7465,23.972070242423335,0.20252667114279876,22.544019591853242,0.0003178029516575901,23.247890405193857,0.10151637570738727,23.80977576475926,0.01773157607454779
1999 WR18,121650,MBO,MBO,20892066715351122,745433748148846778,2.4800909,3.3710618,2.3619962,263.75203412217854,-24.26751218945503,2025062300364,64,60850.10272036421,r,263.75201075344967,-24.267530387216222,31.32077980041504,10483.5,334.875,False,9543.79,3.80824,23483.5,237.344,False,14450.6,156.319,21.348734251176236,0.034681729533875,21.450697809000086,0.0004332392015014193,20.473092937491238,0.010973362889704597,21.000285330081702,0.011744924269201236
1999 WR18,121650,MBO,MBO,20892066715351122,745468920183915018,5.1646123,3.3601615,2.3758898,262.121353958324,-24.213300747646905,2025070100272,85,60858.067053296094,z,262.12134913521345,-24.21329233827041,6.093045711517334,11333.4,1780.19,False,12812.3,50.2283,8432.39,1668.85,False,-2303.65,982.376,21.264099420106987,0.17054163835329125,21.130932268761164,0.004256431919064115,21.58512333388181,0.21487750380926937,nan,nan
1999 WR18,121650,MBO,MBO,20892066715351122,745477740404146312,5.8789663,3.3571513,2.3827267,261.7004176259796,-24.19553202769185,2025070300452,24,60860.24543183495,i,261.7004011689041,-24.195534173316577,30.318721771240234,12682.4,419.823,False,14855.9,0.397211,19759.4,268.874,False,9100.31,236.95,21.141996350019355,0.03594091138350589,20.970252553048674,2.902997034583113e-05,20.660565596106036,0.014774042878828792,21.502359584474267,0.02826993833740542
1999 WR18,121650,MBO,MBO,20892066715351122,745482084527636661,6.12105,3.35611,2.3853822,261.56022218374807,-24.189143224046383,2025070400050,86,60860.99696541548,z,261.5602006673729,-24.189141412150214,9.85279369354248,14657.3,1498.87,False,14235.1,55.8804,1045.68,689.444,False,-11303.6,1322.19,20.984865072179637,0.11102845964874956,21.016598723882915,0.004262096987778455,23.851502940113193,0.7158540286082794,nan,nan
1999 WR18,121650,MBO,MBO,20892066715351122,745512945248634505,8.371989,3.346035,2.4181783,260.30054926390164,-24.124699963368347,2025071100604,160,60868.214744898214,z,260.3005517512938,-24.124721151722202,13.700671195983887,13399.8,972.09,False,14408.9,10.8075,9144.56,688.881,False,-2844.13,846.858,21.082254225052345,0.07876485856692235,21.003422902320597,0.0008143642880830449,21.497093016553954,0.08179103832979123,nan,nan
1999 WR18,121650,MBO,MBO,20892066715351122,745517302482468908,8.60605,3.344926,2.4225426,260.17653838032635,-24.117438988155712,2025071200300,140,60869.00349383231,g,260.176508349103,-24.117468373253967,22.407485961914062,7655.03,339.281,False,7644.53,2.63329,15921.5,288.547,False,8387.93,37.1881,21.690132787886593,0.048121259091973546,21.69162305718322,0.0003740005504441644,20.89504004704942,0.019676909932699566,21.590863046750265,0.004813638987715606
1999 WR18,121650,MBO,MBO,20892066715351122,745517308924920318,8.613194,3.3448927,2.4226732,260.172695647608,-24.11725086604857,2025071200348,140,60869.02722469269,r,260.1726709133335,-24.117259411808114,10.343852996826172,5837.46,543.802,False,5319.62,24.7818,21117.5,389.752,False,15642.3,493.146,21.98444021308965,0.1011442520704906,22.085298450700293,0.005057973340979483,20.588393742863293,0.020038729615299383,20.91424848639726,0.03422939522166971
1999 WR18,121650,MBO,MBO,20892066715351122,745521665635520208,8.89284,3.3435557,2.4281325,260.0258638212801,-24.10845614614848,2025071300040,146,60869.97662785175,r,260.02586197062124,-24.1084552439749,41.0500373840332,18768.2,454.335,False,17461.8,0.595365,23730.3,245.009,False,5483.86,139.296,20.716443488249244,0.02628317951881308,20.794777427201492,3.701847996390102e-05,20.461741892677335,0.011209935649764973,22.052284129683194,0.027578880541733967
1999 WR18,121650,MBO,MBO,20892066715351122,745521668454089781,8.896235,3.3435397,2.4281979,260.02406726005086,-24.108369240240297,2025071300061,146,60869.9880691358,i,260.0240496434938,-24.10837674189467,20.9081974029541,17467.1,829.077,False,18821.7,15.7027,17622.5,384.591,False,2052.2,99.8464,20.794448007751242,0.051534540031873945,20.713352927827938,0.0009058156405816749,20.784831201900218,0.02369495681288955,23.119450817648058,0.052824700882503184
1999 WR18,121650,MBO,MBO,20892066715351122,745521717546844496,8.953274,3.3432693,2.429319,259.9937984982726,-24.106669040227928,2025071300427,87,60870.17971628817,i,259.9937748345024,-24.106670164618865,19.611265182495117,14032.8,714.303,False,13231.4,3.40602,16925.8,325.917,False,2716.66,148.183,21.032139176239358,0.055266562320793626,21.09598547083599,0.00027948962609303913,20.82862693782549,0.020906536874511644,22.814911814462043,0.059222593838348166
1999 WR18,121650,MBO,MBO,20892066715351122,745526065891377387,9.188664,3.3421218,2.434201,259.87272847622614,-24.09916456437997,2025071400057,8,60870.992986869394,i,259.87269884867385,-24.099166530475486,6.965819358825684,24064.0,3412.49,False,26568.5,280.063,20508.4,3343.04,False,-972.717,90.1594,20.44658045272113,0.15396708488913632,20.339082410559925,0.011444926359775856,20.62017053077297,0.17698404240368804,nan,nan
1999 WR18,121650,MBO,MBO,20892066715351122,745548053916681365,10.577692,3.3350563,2.4673524,259.19153606958946,-24.054562723282697,2025071900040,150,60875.975308193825,r,259.19151559149844,-24.054575308218894,48.07168960571289,13822.5,276.974,False,11498.8,2.07797,16848.3,180.265,False,3970.28,87.1227,21.048533503473063,0.021755883415908037,21.248368717681792,0.0001962054588339892,20.833609732313743,0.011616615754263773,22.402947151927563,0.023825088609640287
1999 WR18,121650,MBO,MBO,20892066715351122,745548056735253349,10.580827,3.3350399,2.4674337,259.19004770592346,-24.054478946856435,2025071900061,150,60875.98682353219,i,259.19002284916724,-24.054491896073902,41.22505569458008,15989.6,388.807,False,13619.9,0.594203,35136.2,242.786,False,20666.9,129.905,20.890406027878964,0.026401026560909584,21.064565171579392,4.7368019329813e-05,20.035613047881455,0.007502278310281826,20.611811634289232,0.006824562836608218
1999 WR18,121650,MBO,MBO,20892066715351122,745561291114414895,11.428071,3.3304074,2.491909,258.8111828318646,-24.02724248219029,2025072200361,101,60879.23018438788,r,258.81115309882466,-24.027255298668496,13.8140287399292,6708.28,478.318,False,5932.18,12.3542,5405.6,413.459,False,-721.212,62.444,21.833472080946212,0.07741584716168451,21.966964166968527,0.002261125289127188,22.067890215593057,0.08304488188964239,nan,nan
1999 WR18,121650,MBO,MBO,20892066715351122,745565675875995083,11.66927,3.3290303,2.4995642,258.7099797985783,-24.019662321699183,2025072300262,106,60880.19100354098,i,258.70996966180064,-24.01967667946836,27.981294631958008,11074.3,393.67,False,8758.38,0.427531,16759.1,252.978,False,7035.84,289.463,21.289209308489916,0.038595829428890144,21.543940554507575,5.299905871384127e-05,20.839373294393244,0.01638914837690407,21.78171013728006,0.044668508635943585
1999 WR18,121650,MBO,MBO,20892066715351122,745565682050009321,11.67789,3.3289812,2.499845,258.7063344568127,-24.019340352722548,2025072300308,106,60880.22513660317,z,258.7063095081311,-24.019358744002297,14.560181617736816,11674.0,803.743,False,10621.3,12.844,22276.3,648.047,False,11286.6,517.412,21.231950777564645,0.07475182917125857,21.334555830673782,0.0013129462421026662,20.53039231692301,0.031585499496229276,21.268592203053128,0.04977344344933852
