provid,permid,orbit_class,population,ssObjectId,diaSourceId,phaseAngle,helioRange,topoRange,ephRa,ephDec,visit,detector,midpointMjdTai,band,ra,dec,snr,psfFlux,psfFluxErr,psfFlux_flag,trailFlux,trailFluxErr,scienceFlux,scienceFluxErr,forced_PsfFlux_flag,templateFlux,templateFluxErr,psfMag,psfMagErr,trailMag,trailMagErr,scienceMag,scienceMagErr,templateMag,templateMagErr
2003 EY24,189187,MBO,MBO,21163620015682649,745297403306311736,10.258578,2.069351,1.0930195,228.7372150203354,-39.381103130627736,2025052300324,3,60819.16174674177,u,228.73720931934878,-39.38111565017725,46.11265563964844,20399.2,440.498,False,18917.8,0.860144,20788.6,367.994,False,324.632,189.793,20.62596720174212,0.023445264013587035,20.707823380734318,4.9365648453061286e-05,20.605436913083672,0.019219399259824972,25.121521719934556,0.6347653281196151
2003 EY24,189187,MBO,MBO,21163620015682649,745306292025819513,10.686696,2.0676095,1.0940319,228.1572949962686,-39.373078891750325,2025052501014,34,60821.29148228136,g,228.15728369748342,-39.37308939027558,348.41802978515625,119326.0,342.305,False,120181.0,0.474499,120933.0,340.739,False,133.091,6.06523,18.708162293458933,0.003114601374533312,18.700410466594203,4.28670696301244e-06,18.693637933490812,0.003059154106134222,26.08962825158352,0.049479224858183915
2003 EY24,189187,MBO,MBO,21163620015682649,745306293122629776,10.687573,2.0676064,1.0940353,228.15620800351144,-39.37302211405011,2025052501022,78,60821.295406075245,g,228.15620213071148,-39.37303176640343,339.25048828125,120187.0,353.479,False,124698.0,0.53382,122058.0,352.173,False,197.805,4.6948,18.700356262896292,0.0031932318151119163,18.660351280015135,4.647930776901627e-06,18.68358437629921,0.003132666281149241,25.659406877092582,0.025769391139380423
2003 EY24,189187,MBO,MBO,21163620015682649,745306294157574405,10.688444,2.0676033,1.0940385,228.15512835405696,-39.37296511855184,2025052501030,4,60821.299308234506,g,228.15511224042095,-39.37297770218887,341.67169189453125,122127.0,357.82,False,115390.0,0.0816372,123209.0,353.859,False,212.719,5.64871,18.68297077759231,0.0031810994844606293,18.744579566620544,7.681468732570195e-07,18.673393918181077,0.00311825870855303,25.580484323172616,0.028831504852675733
2003 EY24,189187,MBO,MBO,21163620015682649,745315055906586643,11.1395445,2.0661259,1.0957211,227.6645499520573,-39.34960527359829,2025052700774,34,60823.17480608987,i,227.66454717170018,-39.34962157438567,297.8263244628906,153579.0,514.414,False,156896.0,0.175618,157674.0,517.771,False,1485.52,5.59057,18.434170411406235,0.003636681483958629,18.410970321084786,1.2152942909606155e-06,18.40559978677063,0.0035653482262938997,23.470303727686186,0.0040860332712489185
2003 EY24,189187,MBO,MBO,21163620015682649,745315056061776146,11.139674,2.0661254,1.0957216,227.66441615650635,-39.34959637027998,2025052700775,74,60823.17529632947,i,227.66440735062577,-39.349604883540934,322.0517272949219,154999.0,481.358,False,162478.0,1.36498,157342.0,478.659,False,817.851,5.69297,18.424177759346573,0.0033718140756099704,18.37301358864238,9.121285254839692e-06,18.40788833435831,0.003302979511651746,24.118314509909155,0.007557688776778092
2003 EY24,189187,MBO,MBO,21163620015682649,745315056199663637,11.139803,2.066125,1.0957222,227.66428263957707,-39.34958747264146,2025052700776,81,60823.175785560736,i,227.66427552263517,-39.34959735973422,317.8565979003906,153561.0,483.276,False,156224.0,0.686675,155949.0,485.257,False,468.365,5.80412,18.434297670973258,0.0034169499492122286,18.41563061649731,4.772300808789689e-06,18.417543514368315,0.003378419105309536,24.723538938548028,0.013454770150214334
2003 EY24,189187,MBO,MBO,21163620015682649,745315056602317218,11.140196,2.066124,1.0957239,227.66387720820285,-39.34956037574517,2025052700779,81,60823.17727072349,i,227.66386796796448,-39.349574551968594,319.0968933105469,153324.0,480.018,False,150190.0,0.0894598,155395.0,481.92,False,-144.261,5.94672,18.43597464789741,0.0033991607795725303,18.45839745676833,6.46712450193166e-07,18.42140739799709,0.003367148276173719,nan,nan
2003 EY24,189187,MBO,MBO,21163620015682649,745315057003397465,11.140621,2.0661225,1.0957258,227.66343907491867,-39.34953096005493,2025052700782,78,60823.17887512216,i,227.66342866086114,-39.34954130121275,313.5991516113281,152495.0,485.118,False,149305.0,0.305535,152654.0,479.11,False,-377.122,6.12296,18.441860989284926,0.0034539505468261455,18.464814120405293,2.2218304744563126e-06,18.440729528443306,0.0034076215307645296,nan,nan
2003 EY24,189187,MBO,MBO,21163620015682649,745315058188288384,11.141792,2.0661192,1.0957308,227.66223038966044,-39.34944909351795,2025052700791,34,60823.18330405966,i,227.66222126239043,-39.34946018647982,309.3478088378906,153894.0,497.518,False,151595.0,0.703019,155616.0,494.742,False,-140.13,6.0424,18.43194578014332,0.003510034900323898,18.448287806592027,5.035081670512679e-06,18.41986438027979,0.0034518256874983815,nan,nan
2003 EY24,189187,MBO,MBO,21163620015682649,745315058580455803,11.142199,2.066118,1.0957326,227.6618113364744,-39.34942046465243,2025052700794,14,60823.18484059785,i,227.6618013510325,-39.349432975525595,321.27923583984375,152096.0,474.098,False,149689.0,0.361451,153703.0,471.352,False,-82.9595,5.97154,18.444705518463337,0.003384345113980862,18.462025282289094,2.6217052483422913e-06,18.43329413946907,0.0033295636419075525,nan,nan
2003 EY24,189187,MBO,MBO,21163620015682649,745315058724110776,11.142331,2.0661175,1.0957332,227.6616749404836,-39.3494111190893,2025052700795,32,60823.18534069705,i,227.66166842374227,-39.34942105801217,331.7030944824219,150062.0,451.299,False,143826.0,0.149422,151443.0,447.809,False,-149.735,6.27418,18.459323174116612,0.003265261529664176,18.5054064942735,1.1279802012114716e-06,18.449376989578738,0.00321046488631837,nan,nan
2003 EY24,189187,MBO,MBO,21163620015682649,745315058988351621,11.142592,2.0661168,1.0957342,227.6614051708263,-39.34939259562461,2025052700797,24,60823.18632997041,i,227.66139807525053,-39.34940794497204,323.3291320800781,152425.0,468.596,False,149750.0,0.474379,153734.0,467.297,False,-165.687,5.9825,18.442359490765107,0.003337849116728221,18.461582922346626,3.43940205934036e-06,18.43307518194306,0.003300254127870164,nan,nan
2003 EY24,189187,MBO,MBO,21163620015682649,745315059249971331,11.142853,2.066116,1.0957354,227.66113652116576,-39.34937409703486,2025052700799,11,60823.187314538976,i,227.66112907646058,-39.349383947975724,302.17755126953125,147784.0,487.323,False,145542.0,0.125539,149692.0,486.623,False,-123.701,5.88986,18.475931456934372,0.003580253764891784,18.492529153531677,9.365148384906094e-07,18.462003522667647,0.0035295419514324135,nan,nan
2003 EY24,189187,MBO,MBO,21163620015682649,745315059793658090,11.143379,2.0661144,1.0957377,227.66059331191715,-39.34933653435477,2025052700803,24,60823.18930601212,i,227.66058606621442,-39.34934547397736,316.301025390625,149649.0,473.101,False,151472.0,0.296078,152944.0,478.284,False,-110.721,5.82019,18.46231545225381,0.0034324512594215858,18.449169100566742,2.1222575804375318e-06,18.438668889342956,0.0033952966526671507,nan,nan
2003 EY24,189187,MBO,MBO,21163620015682649,745315059953041659,11.143604,2.066114,1.0957386,227.6603607408264,-39.3493203873288,2025052700804,72,60823.19015996641,i,227.66035822569228,-39.349332564704675,297.93280029296875,149490.0,500.311,False,152296.0,0.0851165,151456.0,500.208,False,-224.733,5.64888,18.4634696452732,0.0036337264791967256,18.44327875775872,6.068055870664822e-07,18.449283793030247,0.0035858199344494007,nan,nan
2003 EY24,189187,MBO,MBO,21163620015682649,745315060089880883,11.143733,2.0661135,1.0957392,227.66022797024524,-39.34931115186328,2025052700805,77,60823.19064699408,i,227.6602205129586,-39.34931838191684,317.9901428222656,150802.0,473.87,False,151831.0,0.231323,152994.0,473.922,False,-207.687,5.80971,18.453982246576686,0.0034117439427016117,18.446598868953245,1.6541797141909008e-06,18.438314001681267,0.0033632316983052564,nan,nan
2003 EY24,189187,MBO,MBO,21163620015682649,745315060383482141,11.143992,2.0661128,1.0957403,227.65996027155907,-39.34929249236009,2025052700807,125,60823.191628176886,i,227.6599513802027,-39.34930349868638,309.86004638671875,151289.0,488.201,False,143471.0,0.0470384,152252.0,484.573,False,-75.4137,6.03075,18.450481619349993,0.0035036089121204916,18.508089686571758,3.559694465366342e-07,18.44359248428683,0.003455576595563162,nan,nan
2003 EY24,189187,MBO,MBO,21163620015682649,745319428609540148,11.431496,2.0652869,1.0970639,227.3843530044818,-39.3283090047959,2025052800585,79,60824.27046670513,g,227.38434186869213,-39.32831528558515,339.4238586425781,111261.0,327.746,False,108652.0,0.253416,112978.0,328.45,False,46.0892,3.25696,18.784142602482444,0.0031982968025661166,18.809905687602324,2.5323319222448982e-06,18.767515294141106,0.0031564558560642194,27.241002097348087,0.07672511931179606
2003 EY24,189187,MBO,MBO,21163620015682649,745319428859101708,11.431767,2.0652862,1.0970653,227.3840954858308,-39.32828253201866,2025052800587,43,60824.27144834303,g,227.38408835346195,-39.32829344005382,355.114990234375,110996.0,311.636,False,108428.0,0.0527146,113707.0,314.396,False,110.032,3.12738,18.78673167936734,0.0030483483464445087,18.81214638224195,5.27853976812402e-07,18.7605319964206,0.003002023759223089,26.29620250539108,0.03085929228588136
2003 EY24,189187,MBO,MBO,21163620015682649,745319429277483417,11.432174,2.065285,1.0970675,227.38371118247403,-39.32824294396933,2025052800590,73,60824.27291429491,g,227.38369566674996,-39.32825747143474,319.1143493652344,110619.0,344.566,False,113038.0,0.598038,113527.0,349.653,False,255.801,3.24909,18.790425679719675,0.003381948774320053,18.766938837838758,5.744188040240696e-06,18.76225209603362,0.0033439704884016823,25.380244426939793,0.013790621102954825
2003 EY24,189187,MBO,MBO,21163620015682649,745319429934416190,11.432848,2.065283,1.097071,227.3830724467839,-39.32817693037776,2025052800595,46,60824.27535262045,g,227.3830625405261,-39.32818872281922,361.218505859375,108556.0,299.818,False,105279.0,0.0892119,108781.0,295.273,False,336.235,5.06121,18.810865419126426,0.002998666586979513,18.844145622218164,9.200371730248782e-07,18.808617382820188,0.0029471010334579054,25.083392750184288,0.0163431509066678
2003 EY24,189187,MBO,MBO,21163620015682649,745319431140802596,11.434979,2.0652773,1.0970824,227.3810556108693,-39.32796674220055,2025052800604,43,60824.28306267879,u,227.38104235289046,-39.327965816432865,58.3677864074707,25471.3,433.997,False,25070.8,0.255753,26637.7,424.016,False,1016.44,11.0466,20.384872189250373,0.01849949752373964,20.402079485275586,1.1075844980419759e-05,20.336258223130507,0.017282630503240696,23.88229562858953,0.011799706723244378
2003 EY24,189187,MBO,MBO,21163620015682649,745319431275544584,11.43514,2.0652769,1.0970833,227.38090382443968,-39.32795081738266,2025052800605,44,60824.2836433329,u,227.3808888753822,-39.327963961893595,62.0556526184082,26556.6,427.901,False,25582.7,0.260911,27787.6,420.5,False,1114.83,11.075,20.339568835442456,0.01749424307502415,20.38013408807536,1.1073128105445552e-05,20.290372418719393,0.01643006522761187,23.781978425214245,0.010785975202139865
2003 EY24,189187,MBO,MBO,21163620015682649,745319431428112406,11.435302,2.0652764,1.0970842,227.380751282348,-39.3279347984693,2025052800606,79,60824.28422727567,u,227.38074617043378,-39.3279483786542,51.134735107421875,25086.2,491.311,False,24696.4,0.321576,26919.0,485.776,False,1616.4,13.4793,20.401412832899418,0.02126404804812338,20.418415856163715,1.413755443932385e-05,20.32485269382339,0.019593023205277844,23.378627879174545,0.009054048076004064
2003 EY24,189187,MBO,MBO,21163620015682649,745319431677673594,11.435622,2.0652754,1.0970858,227.38044784918216,-39.32790288999135,2025052800608,43,60824.285389871584,u,227.38044581724793,-39.32791489982521,50.81278991699219,25803.0,500.01,False,26526.6,0.914346,36387.1,489.36,False,10536.8,10.2157,20.370824494035475,0.021039374117118353,20.340796044430988,3.742426652657813e-05,19.997631342591525,0.014601763549193084,21.343228178264155,0.0010526493541587571
2003 EY24,189187,MBO,MBO,21163620015682649,745319432096055464,11.436104,2.0652742,1.0970885,227.3799923881342,-39.327854885006175,2025052800611,73,60824.28713439594,u,227.3799758228033,-39.32786723862499,40.782840728759766,24890.9,602.708,False,24720.2,0.258266,33159.6,597.29,False,7669.41,10.8624,20.409898482905255,0.02629000537184848,20.41737008403338,1.1343304569789165e-05,20.098476741161406,0.019556910316342848,21.688095089389684,0.0015377585459548
2003 EY24,189187,MBO,MBO,21163620015682649,745319432752988203,11.436907,2.065272,1.0970927,227.37923394113733,-39.327774656033874,2025052800616,46,60824.290042453154,u,227.379235407047,-39.327784216436044,55.637577056884766,26158.8,466.025,False,25238.1,0.114522,29293.9,457.333,False,3110.51,9.43809,20.35595542399859,0.01934263777712141,20.394858374781535,4.926705513858438e-06,20.23305699881318,0.016950388906622812,22.667920991848142,0.003294403919874419
2003 EY24,189187,MBO,MBO,21163620015682649,745319432870428719,11.43707,2.0652716,1.0970936,227.379080148252,-39.32775834388112,2025052800617,14,60824.29063202358,u,227.37908088845495,-39.32776460706613,45.799564361572266,24898.2,540.404,False,25335.1,1.61666,28073.2,534.439,False,2856.7,9.27474,20.409580156120214,0.02356540622993337,20.390693459663105,6.928199685994721e-05,20.279270230982622,0.020669528795451347,22.76033843158912,0.0035250188741347984
2003 EY24,189187,MBO,MBO,21163620015682649,745323768017060456,11.653739,2.0646865,1.09819,227.18838330004135,-39.31016811556695,2025052900148,106,60825.069263064004,r,227.18837379453944,-39.3101792504036,457.68377685546875,186094.0,405.602,False,176799.0,0.44845,188315.0,404.471,False,-85.9258,12.4458,18.225669072666072,0.00236642108283593,18.28130048936661,2.753965803200902e-06,18.212787713530126,0.0023319906406137807,nan,nan
2003 EY24,189187,MBO,MBO,21163620015682649,745323768171200580,11.653884,2.064686,1.0981907,227.1882556110076,-39.310157663756165,2025052900149,144,60825.06975335929,r,227.18824978275012,-39.31016993562273,466.7620544433594,197138.0,421.779,False,184586.0,1.24703,197650.0,416.97,False,0.442921,7.9226,18.16307413438452,0.0023229449507158454,18.23450310325516,7.335039715221201e-06,18.160257953302526,0.0022905106330551924,32.28418428959555,19.420739104777503
2003 EY24,189187,MBO,MBO,21163620015682649,745323768264524328,11.654029,2.0646858,1.0981914,227.1881281738443,-39.31014722180981,2025052900150,66,60825.07024256581,r,227.18812264767806,-39.31015752356258,456.96563720703125,188852.0,413.221,False,176471.0,0.0210129,188251.0,405.687,False,98.6681,7.1836,18.209696028754305,0.0023756645906785087,18.283316633265006,1.292816764692014e-07,18.213156770310473,0.0023397967417075204,26.414558103806485,0.07904778411207074
2003 EY24,189187,MBO,MBO,21163620015682649,745323768553406514,11.654318,2.064685,1.0981928,227.1878737952481,-39.3101263463412,2025052900152,105,60825.07121841946,r,227.18786450591415,-39.31013680650261,458.8741760253906,189120.0,409.09,False,195842.0,1.77963,188010.0,399.203,False,525.994,7.33606,18.208156351997097,0.0023485819586951057,18.17023541090066,9.866160798898881e-06,18.214547626450916,0.0023053515947498928,24.597547986210056,0.015142807166051245
2003 EY24,189187,MBO,MBO,21163620015682649,745323768937185882,11.654752,2.064684,1.0981948,227.18749190371827,-39.31009492576245,2025052900155,69,60825.072683834296,r,227.1874857768348,-39.310104765309035,460.42657470703125,186936.0,406.569,False,189453.0,1.28219,185765.0,396.388,False,1036.04,7.67266,18.220767636122183,0.0023613786712959528,18.20624628313623,7.34810251960876e-06,18.227590270241333,0.0023167593640449494,23.8615586510332,0.008040697557880176
2003 EY24,189187,MBO,MBO,21163620015682649,745323769798066203,11.655623,2.0646818,1.098199,227.1867242487612,-39.31003147073572,2025052900161,175,60825.07562739395,r,227.18671630511287,-39.31004320981392,449.3478698730469,182144.0,404.031,False,194957.0,2.04469,184107.0,402.451,False,226.041,9.37018,18.248962825669615,0.0024083751916415988,18.17515291674788,1.1387094821512473e-05,18.23732424677936,0.0023733785741323656,25.514531948394602,0.045007515432020265
2003 EY24,189187,MBO,MBO,21163620015682649,745323769929663098,11.655768,2.0646813,1.0981997,227.18659671283345,-39.31002089009034,2025052900162,170,60825.07611650105,r,227.1865919549423,-39.31003243666656,418.0926818847656,185255.0,440.509,False,189620.0,1.62295,184523.0,432.622,False,38.9706,11.2718,18.230575154146138,0.002581720184273538,18.2052896443995,9.292772533202268e-06,18.234873732969223,0.002545554637891317,27.423157265583225,0.3140367702132464
2003 EY24,189187,MBO,MBO,21163620015682649,745323770068074777,11.655912,2.064681,1.0982004,227.18646916923817,-39.31001029781459,2025052900163,178,60825.07660592788,r,227.18646149083042,-39.31002155077328,429.11639404296875,183534.0,427.163,False,174509.0,0.391715,184317.0,425.81,False,-68.2375,13.6354,18.240708675333746,0.002526977717133793,18.29545542535019,2.4371186972614256e-06,18.236086517273723,0.002508272870637738,nan,nan
2003 EY24,189187,MBO,MBO,21163620015682649,745323770589217318,11.657504,2.064677,1.0982082,227.1850672602017,-39.309893142185565,2025052900167,148,60825.081978404385,r,227.18506168463412,-39.309904358377175,458.7454528808594,177200.0,386.717,False,187106.0,2.42777,177512.0,382.273,False,-69.9121,9.97616,18.278840706122416,0.0023694845332593627,18.219780713971637,1.40878308368847e-05,18.27693070711903,0.002338138533364176,nan,nan
2003 EY24,189187,MBO,MBO,21163620015682649,745323770649509952,11.6577425,2.0646765,1.0982094,227.18485688591952,-39.30987544528792,2025052900168,7,60825.082784705184,r,227.18484718192926,-39.30988760978188,399.1638488769531,177669.0,439.451,False,187261.0,15.0602,178138.0,439.431,False,-132.669,8.04877,18.275970855126673,0.0026854873316326327,18.21888165437849,8.73187909171992e-05,18.273108569815005,0.002678295175246142,nan,nan
2003 EY24,189187,MBO,MBO,21163620015682649,745328180524482726,11.994095,2.0638342,1.1000654,226.90521923029075,-39.27896954754858,2025053000256,40,60826.22602879508,r,226.90520969974793,-39.27897882434561,377.93780517578125,218551.0,578.847,False,207924.0,0.0888922,220606.0,582.295,False,-86.2517,6.99047,18.05111800503959,0.002875645174266626,18.10523844639244,4.6417671304140753e-07,18.040956699691343,0.002865827515092848,nan,nan
2003 EY24,189187,MBO,MBO,21163620015682649,745328180815462790,11.994365,2.0638335,1.100067,226.90499712823947,-39.2789402322472,2025053000258,83,60826.22690972403,r,226.90498887338163,-39.27895069081145,392.5002136230469,215949.0,551.136,False,205275.0,0.110594,217505.0,554.286,False,-67.0547,5.46356,18.064122006773175,0.0027709704333038205,18.11915984799544,5.849514383577458e-07,18.056326887607263,0.002766871518603004,nan,nan
2003 EY24,189187,MBO,MBO,21163620015682649,745328180974322046,11.994498,2.0638332,1.1000677,226.904886976702,-39.278925678205376,2025053000259,130,60826.2273462717,r,226.90487688135187,-39.27893650103126,371.54150390625,218411.0,585.536,False,206829.0,0.410786,220033.0,587.565,False,-71.8467,6.79377,18.051813731779525,0.002910740054541383,18.110971419542693,2.156396035993914e-06,18.04378044972708,0.0028992950866435193,nan,nan
2003 EY24,189187,MBO,MBO,21163620015682649,745328181219164478,11.994764,2.0638325,1.1000694,226.904667212203,-39.27889661136389,2025053000261,85,60826.22821837552,r,226.9046608181923,-39.278907252832184,341.2018127441406,217987.0,636.84,False,209758.0,0.501388,220514.0,642.803,False,-54.0987,6.13881,18.053923513656038,0.003171933527210897,18.095703666360194,2.5952531905330736e-06,18.041409582046647,0.003164944023058745,nan,nan
2003 EY24,189187,MBO,MBO,21163620015682649,745328181646983328,11.995171,2.0638316,1.1000718,226.9043326135995,-39.278852279686426,2025053000264,133,60826.22954664577,r,226.90432464235008,-39.27886462785887,328.6120910644531,216486.0,658.598,False,205124.0,0.382381,218695.0,663.475,False,-28.7618,6.08462,18.061425459816274,0.0033030483142925987,18.119958807906727,2.0239703165636787e-06,18.05040286519091,0.0032938969887042154,nan,nan
2003 EY24,189187,MBO,MBO,21163620015682649,745328181772812594,11.995304,2.0638313,1.1000726,226.90422202828304,-39.27883760772967,2025053000265,117,60826.22998533427,r,226.90421302293944,-39.27884887987947,296.1836242675781,216951.0,727.422,False,199356.0,0.232613,218546.0,731.247,False,-30.1098,8.96432,18.059095859302687,0.00364039989839503,18.150926722205142,1.2668610568973474e-06,18.05114284474805,0.0036328340605342392,nan,nan
2003 EY24,189187,MBO,MBO,21163620015682649,745328182270886089,11.995838,2.06383,1.1000758,226.903782323478,-39.27877917019523,2025053000269,43,60826.23173140891,r,226.90377413515185,-39.27878987624068,329.5760498046875,215121.0,651.229,False,199835.0,0.112168,217090.0,655.523,False,29.4139,13.5489,18.068292979854775,0.003286814895475518,18.148321112901918,6.09427065782586e-07,18.058400453395777,0.00327847927258142,27.72861845716271,0.5001217348781993
2003 EY24,189187,MBO,MBO,21163620015682649,745328182827155594,11.996375,2.0638287,1.100079,226.90333928543396,-39.278720129105125,2025053000273,80,60826.23349138747,r,226.90333082718797,-39.278731933038294,326.4405822753906,214536.0,655.313,False,204373.0,0.32734,218169.0,663.038,False,220.558,7.82897,18.071249552526805,0.003316445896377265,18.123941199982536,1.7390012216842117e-06,18.05301739749239,0.0032996639704439986,25.541192969178837,0.038539505156645316
2003 EY24,189187,MBO,MBO,21163620015682649,745328183207788925,11.996776,2.0638278,1.1000816,226.9030091480601,-39.27867602904861,2025053000276,38,60826.23480361281,r,226.90300172280334,-39.278687433310004,370.7024230957031,214728.0,578.052,False,195990.0,0.0496704,219460.0,587.416,False,795.355,8.02964,18.07027830236273,0.002922823231033795,18.16941521772631,2.751617412564027e-07,18.046611562840738,0.0029061279295490273,24.148597487635005,0.010961232767719094
2003 EY24,189187,MBO,MBO,21163620015682649,745328183504011371,11.997045,2.063827,1.1000831,226.90278777594528,-39.27864640802444,2025053000278,91,60826.23568348658,r,226.9027771653313,-39.27865692666486,368.3883972167969,214429.0,580.37,False,196923.0,0.33595,221125.0,585.76,False,3970.32,7.25285,18.071791199403908,0.0029386357062432286,18.164258891603254,1.8522623769790355e-06,18.03840538520555,0.002876114640597013,22.402936202664478,0.001983387172209422
2003 EY24,189187,MBO,MBO,21163620015682649,745328183614112096,11.997178,2.0638268,1.100084,226.90267786312776,-39.27863168610243,2025053000279,45,60826.23612006681,r,226.90266832097467,-39.27864413670209,354.630615234375,211648.0,599.21,False,199286.0,0.539408,222025.0,605.472,False,6958.11,7.74115,18.085964577756023,0.003073896352007234,18.15130802440167,2.938765519270456e-06,18.033995303166698,0.0029608506021071078,21.79377179588393,0.0012079209556301797
2003 EY24,189187,MBO,MBO,21163620015682649,745328183866818654,11.997453,2.063826,1.1000856,226.9024510339009,-39.27860127301548,2025053000281,15,60826.23702271472,r,226.90244266848416,-39.278611089664054,350.94366455078125,210261.0,601.749,False,195315.0,0.294937,229668.0,606.018,False,16757.9,7.71343,18.09310318603873,0.0031072842844081495,18.173161005105097,1.6395248437269833e-06,17.997248778790304,0.002864899285780792,20.83945098841209,0.0004997493683749693
2003 EY24,189187,MBO,MBO,21163620015682649,745328184282578998,11.999356,2.0638216,1.1000972,226.9008835590098,-39.27838996372606,2025053000284,40,60826.24326179668,u,226.90088112873403,-39.278402842339574,59.815731048583984,30466.5,508.376,False,28520.3,0.705892,31751.5,504.406,False,829.876,13.2144,20.19044358695678,0.018117021532411532,20.26211474658161,2.6872526191691557e-05,20.145589382517812,0.017248062688659263,24.10246701821395,0.017288550609713148
2003 EY24,189187,MBO,MBO,21163620015682649,745328184440913941,11.999518,2.063821,1.1000981,226.9007502722873,-39.27837190371047,2025053000285,86,60826.243792119916,u,226.90073733441503,-39.27837971350439,57.921810150146484,30033.8,515.371,False,28987.6,0.572814,31088.8,515.624,False,662.713,11.8287,20.205974260755138,0.018630906121723457,20.244469364989886,2.1454859783260563e-05,20.168490075249892,0.018007502902035018,24.346686254349606,0.019379199850366104
2003 EY24,189187,MBO,MBO,21163620015682649,745328184573558908,11.99968,2.0638208,1.1000991,226.9006175067614,-39.2783539000665,2025053000286,83,60826.24432124886,u,226.90061491760008,-39.27836280247232,60.06597137451172,31235.4,518.299,False,29029.9,0.382729,32141.3,516.86,False,632.953,15.7424,20.163382306708492,0.018015968879725324,20.24288613586657,1.431430076191791e-05,20.132341377527865,0.017459579582862275,24.39657133840855,0.027003732875214743
2003 EY24,189187,MBO,MBO,21163620015682649,745328184733990928,11.999841,2.0638204,1.1001002,226.9004847604416,-39.2783358848212,2025053000287,133,60826.24485038911,u,226.90047230552295,-39.27834529278863,56.222328186035156,30718.7,546.233,False,28880.3,0.183289,31816.7,546.06,False,781.787,14.6854,20.181492946054412,0.019306315961879032,20.248495720020806,6.890631494398061e-06,20.143362194143386,0.018634148855080187,24.1672789064811,0.020394903893534842
2003 EY24,189187,MBO,MBO,21163620015682649,745328184977260657,12.000164,2.0638196,1.1001021,226.90021882413285,-39.2782997514386,2025053000289,85,60826.24591091223,u,226.90021274659077,-39.27829847133966,56.30988311767578,30632.0,543.2,False,29911.3,0.10945,31981.3,539.121,False,973.749,9.88937,20.184561616650917,0.01925345781138129,20.21041174994969,3.972873858398492e-06,20.137759690230688,0.018302668853300487,23.92888241217115,0.01102670888943139
2003 EY24,189187,MBO,MBO,21163620015682649,745328185405079637,12.000656,2.0638185,1.100105,226.89981354679296,-39.27824457615979,2025053000292,133,60826.24752683831,u,226.89979278501045,-39.27825158318474,53.76763153076172,29533.1,548.188,False,28299.4,0.29076,30342.5,549.652,False,351.384,22.0348,20.224227424527385,0.020153236665397006,20.270556915588706,1.1155313042587518e-05,20.19487159846821,0.019668025114313665,25.035545035840702,0.06808499954806087
2003 EY24,189187,MBO,MBO,21163620015682649,745328186028982392,12.001469,2.0638165,1.10011,226.89914534114072,-39.278153317962285,2025053000297,43,60826.250192704916,u,226.8991467093187,-39.27816320339902,56.72900390625,29414.2,515.309,False,28143.3,0.487041,30000.1,516.981,False,55.0146,16.8373,20.228607426206974,0.01902107402527147,20.276562419437347,1.878948198960942e-05,20.207193258223334,0.01871010482618553,27.04880512366679,0.33229117133678865
2003 EY24,189187,MBO,MBO,21163620015682649,745328186161627138,12.001634,2.063816,1.100111,226.8990090551863,-39.27813466132429,2025053000298,40,60826.250736114314,u,226.89900147292374,-39.27815023883435,60.02058410644531,30812.8,513.162,False,30023.7,0.552538,31101.5,509.48,False,52.4876,15.4683,20.17817205990722,0.018082048187627563,20.206339498476797,1.998123157699229e-05,20.16804666199775,0.017785666078112824,27.09985824502548,0.31997069205075945
2003 EY24,189187,MBO,MBO,21163620015682649,745328186276446268,12.001795,2.0638158,1.1001121,226.8988765474344,-39.278116507705,2025053000299,3,60826.25126542631,u,226.89886293306114,-39.27812075773305,50.86170959472656,29774.7,582.999,False,29529.6,0.519443,30437.5,585.074,False,57.3793,10.2213,20.215381542564003,0.02125909459015186,20.224356103939986,1.9098736599580745e-05,20.191477553603224,0.020870176482797105,27.003111901428657,0.19340835052481192
2003 EY24,189187,MBO,MBO,21163620015682649,745328186412236961,12.001959,2.0638154,1.100113,226.8987420563616,-39.27809806807619,2025053000300,6,60826.25180232716,u,226.8987332760954,-39.27811010176701,53.37371826171875,29953.7,561.709,False,28222.5,0.176467,30500.0,565.569,False,50.1884,14.4913,20.208873838772348,0.020360349365199586,20.273511295721086,6.7887895263174565e-06,20.189250401633032,0.020133072351471586,27.14849161756969,0.3134933286823807
2003 EY24,189187,MBO,MBO,21163620015682649,745328186585252014,12.00212,2.0638149,1.100114,226.8986093389149,-39.2780798575216,2025053000301,80,60826.25233259163,u,226.89860374134614,-39.27809306491985,55.826194763183594,29618.5,531.045,False,28778.0,0.844196,29891.3,525.756,False,22.0624,12.1128,20.221092349194215,0.019466710478272656,20.252348479364194,3.184982224327788e-05,20.211137963336306,0.019096937537137447,28.040868074116215,0.59609582944073
2003 EY24,189187,MBO,MBO,21163620015682649,745328187148337197,12.002771,2.0638134,1.100118,226.8980739186029,-39.27800624895641,2025053000305,130,60826.254471377935,u,226.89806913455698,-39.278017526114255,54.58061599731445,28450.0,519.271,False,27936.2,1.19797,28632.3,519.372,False,-10.0702,15.0845,20.264794323172275,0.01981691812090691,20.284581702301775,4.655892616329698e-05,20.257859380866954,0.01969457496687309,nan,nan
2003 EY24,189187,MBO,MBO,21163620015682649,745328187262107675,12.002933,2.063813,1.100119,226.89794105406784,-39.2779879478337,2025053000306,91,60826.255002145765,u,226.8979311914369,-39.27799440285282,59.386234283447266,29610.5,496.008,False,28255.8,0.395359,29758.0,492.774,False,-3.87615,13.7619,20.221385647736852,0.01818725920461892,20.27223095025957,1.5191768721026564e-05,20.215990651410117,0.01797911681731223,nan,nan
2003 EY24,189187,MBO,MBO,21163620015682649,745328187621244982,12.003425,2.0638118,1.100122,226.8975365835824,-39.27793214915767,2025053000309,8,60826.25661935941,u,226.89752478354626,-39.277939562175575,46.50081253051758,28273.6,606.137,False,27758.9,2.4183,28378.8,602.487,False,-54.0958,13.2939,20.271547241159432,0.023276304432858625,20.291494353805053,9.458716782727827e-05,20.267514901784956,0.02305037317497084,nan,nan
2003 EY24,189187,MBO,MBO,21163620015682649,745328188174893152,12.004085,2.0638103,1.100126,226.89699434366133,-39.27785714244144,2025053000313,40,60826.258788678824,u,226.89698383220812,-39.277867237481146,59.56606674194336,30241.9,506.422,False,28487.5,0.114267,30586.3,504.692,False,-29.9475,11.2654,20.198477303493405,0.01818142014896671,20.26336415452892,4.35502651671382e-06,20.186182612493972,0.017915287156221895,nan,nan
2003 EY24,189187,MBO,MBO,21163620015682649,745328188601663713,12.008567,2.0637996,1.1001538,226.89331455639373,-39.277342095620384,2025053000316,86,60826.27354665327,g,226.8933072068127,-39.27735297586975,291.86181640625,112047.0,383.558,False,105113.0,0.214831,114414.0,390.301,False,-138.396,3.61898,18.776499417453884,0.003716679806989394,18.84585892165341,2.2190384514565487e-06,18.753802077171702,0.00370377681828084,nan,nan
2003 EY24,189187,MBO,MBO,21163620015682649,745328188735881290,12.008699,2.0637991,1.1001546,226.89320585848827,-39.27732672395616,2025053000317,86,60826.273983190695,g,226.8931972959358,-39.27733692325229,299.59735107421875,109487.0,365.588,False,104096.0,0.20255,110908.0,367.802,False,-130.983,4.35799,18.801593609900564,0.003625381473680669,18.8564148959956,2.11262547792898e-06,18.787592815633715,0.003600605454097342,nan,nan
2003 EY24,189187,MBO,MBO,21163620015682649,745328188894740785,12.008832,2.063799,1.1001555,226.8930974249551,-39.27731138079065,2025053000318,133,60826.27441981307,g,226.89309119864222,-39.2773232039426,291.61553955078125,109681.0,377.287,False,105057.0,0.109571,110998.0,380.846,False,-161.691,4.59502,18.79967149646489,0.003734777597768255,18.846437512593177,1.132387221442841e-06,18.7867121160241,0.0037252770288633426,nan,nan
2003 EY24,189187,MBO,MBO,21163620015682649,745328189139583137,12.009102,2.0637982,1.1001571,226.89287637834605,-39.27728007561336,2025053000320,88,60826.27530853657,g,226.8928687834058,-39.277289962978244,287.63299560546875,108883.0,379.08,False,104567.0,0.15206,110042.0,382.204,False,-170.111,4.11419,18.807599804341507,0.0037800287089879443,18.851513378994945,1.5788637865017833e-06,18.796103812402755,0.003771039523739491,nan,nan
2003 EY24,189187,MBO,MBO,21163620015682649,745328190210179077,12.010167,2.0637956,1.1001637,226.89200327510903,-39.27715606615679,2025053000328,82,60826.278822858694,g,226.89199399255156,-39.277166665122444,286.6481628417969,109098.0,379.605,False,103501.0,0.319493,110068.0,382.627,False,-216.422,5.01593,18.80545802721671,0.003777804395456048,18.862638635363457,3.351514600249744e-06,18.795847312094224,0.0037743213485498333,nan,nan
2003 EY24,189187,MBO,MBO,21163620015682649,745328190321852676,12.010299,2.0637953,1.1001645,226.89189501647584,-39.2771406501915,2025053000329,39,60826.27925855903,g,226.8918849038798,-39.27715159154677,280.1764831542969,107898.0,384.443,False,104388.0,0.262278,109392.0,389.626,False,-257.899,4.36997,18.817466513339383,0.0038685024406736428,18.85337355777211,2.7279448795214856e-06,18.80253609361009,0.003867111509088307,nan,nan
2003 EY24,189187,MBO,MBO,21163620015682649,745328190438768645,12.010431,2.063795,1.1001654,226.89178652560508,-39.27712519241256,2025053000330,6,60826.279695253674,g,226.89177938087406,-39.27713696198678,271.84930419921875,107414.0,395.435,False,103231.0,0.234698,108192.0,396.819,False,-227.416,4.08575,18.82234777595574,0.003997040362315971,18.865474664057256,2.4684456524302347e-06,18.81451212728581,0.003982186809569917,nan,nan
2003 EY24,189187,MBO,MBO,21163620015682649,745328190585045271,12.010566,2.0637946,1.1001662,226.89167680969388,-39.27710955120187,2025053000331,29,60826.28013738383,g,226.89166369421594,-39.277119425197235,282.9942626953125,110164.0,389.755,False,103548.0,0.264464,111526.0,393.014,False,-233.073,4.6048,18.794900758620997,0.0038412831758737067,18.862145712408022,2.772995420519854e-06,18.781559684897886,0.003826099178613536,nan,nan
2003 EY24,189187,MBO,MBO,21163620015682649,745328191128207496,12.011094,2.0637934,1.1001695,226.8912440644706,-39.27704777168142,2025053000335,41,60826.28188199347,g,226.89123594331778,-39.27706010078763,298.5631408691406,107884.0,360.671,False,102894.0,0.13913,109480.0,364.64,False,-170.081,3.39827,18.81760739911195,0.0036297648570534496,18.869024873173224,1.4680979857960256e-06,18.801663028154785,0.0036162117793874975,nan,nan
2003 EY24,189187,MBO,MBO,21163620015682649,745328191309611578,12.011229,2.0637932,1.1001704,226.891133686293,-39.27703199174714,2025053000336,131,60826.282326506625,g,226.89111930543618,-39.27704099145737,302.5119934082031,107657.0,355.552,False,102331.0,0.366294,109353.0,359.866,False,-127.31,3.73897,18.8198943163073,0.003585792667404265,18.874981954588538,3.8863946767285325e-06,18.802923244972952,0.00357301164253101,nan,nan
2003 EY24,189187,MBO,MBO,21163620015682649,745328191422857376,12.011361,2.0637927,1.1001712,226.8910253088571,-39.277016489112135,2025053000337,91,60826.282763064504,g,226.89101849704022,-39.27702574135199,302.8749084472656,104926.0,345.317,False,103274.0,0.421986,106482.0,349.472,False,-93.119,3.55235,18.847792207604442,0.0035732149696866456,18.86502250398869,4.4364069651832405e-06,18.83180950078296,0.00356336645174536,nan,nan
2003 EY24,189187,MBO,MBO,21163620015682649,745328191530860675,12.011493,2.0637925,1.100172,226.89091744348983,-39.27700105114671,2025053000338,41,60826.283198795936,g,226.89090685861683,-39.27701062860621,309.6995544433594,105310.0,339.642,False,105591.0,0.869382,107372.0,344.847,False,-34.0922,3.7087,18.843825968080576,0.003501677088604637,18.840932742784595,8.939393878435342e-06,18.822772393213675,0.003487062330661095,nan,nan
2003 EY24,189187,MBO,MBO,21163620015682649,745328191709118735,12.011629,2.0637922,1.1001729,226.89080612364185,-39.27698510980643,2025053000339,125,60826.28364791499,g,226.8908018239656,-39.27699554811517,317.0195617675781,105812.0,335.07,False,97960.6,0.09079,106732.0,335.839,False,22.1152,4.73467,18.838662691851916,0.003438151042230332,18.922371391492028,1.0062616225215494e-06,18.829263381151215,0.003416337645753697,28.038272819680266,0.23244658889625247
2003 EY24,189187,MBO,MBO,21163620015682649,745328191781994949,12.011765,2.0637918,1.1001737,226.8906948210512,-39.27696916185012,2025053000340,8,60826.284096664924,g,226.89071260571092,-39.27698269677342,308.5279846191406,105541.0,342.777,False,100352.0,0.386093,106679.0,344.028,False,46.7491,4.85523,18.841446988007988,0.0035262638008524056,18.89618491916923,4.177247472275021e-06,18.829802660007836,0.0035013795731588535,27.22556687029043,0.11276150483809838
2003 EY24,189187,MBO,MBO,21163620015682649,745328191977554321,12.011901,2.0637915,1.1001745,226.8905835357517,-39.27695320729992,2025053000341,125,60826.284545205956,g,226.8905740519903,-39.27696381474155,311.6717834472656,105579.0,338.675,False,99910.6,0.0971731,107460.0,343.057,False,87.178,4.30699,18.84105613942684,0.003482810936766248,18.90097106532574,1.055987588276471e-06,18.82188290941831,0.0034661214648960955,26.548982729017528,0.053640311322117336
2003 EY24,189187,MBO,MBO,21163620015682649,745328192245465234,12.012171,2.0637908,1.1001762,226.89036275140649,-39.276921527491325,2025053000343,124,60826.28543690847,g,226.89035817028952,-39.276930983221554,297.6813049316406,104749.0,351.893,False,99041.7,0.300816,106909.0,355.501,False,119.799,4.99492,18.849625285977076,0.003647414067270746,18.910454750287126,3.297669681871548e-06,18.827464331790726,0.003610363151978009,26.20386698517467,0.0452688676753904
2003 EY24,189187,MBO,MBO,21163620015682649,745328192337215645,12.012303,2.0637906,1.100177,226.89025399510405,-39.27690590923993,2025053000344,43,60826.28587507611,g,226.8902469625067,-39.276918242521695,308.5011901855469,103604.0,336.469,False,101751.0,0.251041,105686.0,341.271,False,142.76,3.92137,18.861558691969428,0.0035260855634630657,18.881153284683197,2.6787382657800022e-06,18.839956347375693,0.0035059542048412706,26.01348369356824,0.02982329487987521
2003 EY24,189187,MBO,MBO,21163620015682649,745332589979500730,12.308308,2.0630944,1.1019624,226.66316619325167,-39.24692072949127,2025053100341,40,60827.25292599241,r,226.66316090398786,-39.24693264243727,93.33203125,150304.0,1596.85,False,149903.0,8.61918,152462.0,1615.22,False,445.742,24.9508,18.45757365374211,0.011535007930998424,18.4604741888865,6.24280733771316e-05,18.442095968609202,0.01150255670816825,24.77729109586373,0.06077503705651848
2003 EY24,189187,MBO,MBO,21163620015682649,745332590137835594,12.308448,2.063094,1.1019633,226.66305825081372,-39.24690375628129,2025053100342,86,60827.253369215236,r,226.66304771102435,-39.24691512918226,107.39523315429688,152954.0,1426.89,False,153959.0,6.03788,153238.0,1428.79,False,272.715,9.95935,18.438597902530024,0.010128706337275693,18.431487296033318,4.2579809267521756e-05,18.436583812216917,0.010123396771087707,25.310727449904594,0.039650281857603616
2003 EY24,189187,MBO,MBO,21163620015682649,745332590431436878,12.308723,2.0630934,1.1019652,226.66284605571136,-39.24687036106413,2025053100344,134,60827.25424223657,r,226.6628342628367,-39.24688001378048,130.34567260742188,151208.0,1155.5,False,145353.0,1.01913,151845.0,1159.67,False,-23.7637,35.9285,18.45106307724668,0.008296969635191382,18.493940000549152,7.61254552132021e-06,18.446498760239503,0.008291980323915022,nan,nan
2003 EY24,189187,MBO,MBO,21163620015682649,745332590676279330,12.308999,2.0630927,1.101967,226.6626339178405,-39.24683693649106,2025053100346,89,60827.2551153291,r,226.66262258042147,-39.246848803805335,135.71463012695312,149499.0,1092.75,False,139420.0,0.550782,150336.0,1103.15,False,-35.1433,57.4186,18.463404280822697,0.00793609480832277,18.53918730399878,4.289226691442468e-06,18.457342523096266,0.007967020013743628,nan,nan
2003 EY24,189187,MBO,MBO,21163620015682649,745332591102525730,12.309414,2.0630918,1.1019697,226.6623139974612,-39.246786457238194,2025053100349,134,60827.25643296317,r,226.66230606525406,-39.24679466343104,147.38369750976562,156245.0,1055.53,False,141876.0,0.0839856,158290.0,1069.64,False,-85.7048,20.2215,18.41548467907418,0.007334808589183822,18.520227660917776,6.42717607117201e-07,18.40136630226292,0.007336830437562856,nan,nan
2003 EY24,189187,MBO,MBO,21163620015682649,745332591726428494,12.310106,2.0630903,1.1019742,226.6617806051113,-39.24670210184476,2025053100354,44,60827.25862904694,r,226.66178061386202,-39.24671330233323,142.90309143066406,153531.0,1065.75,False,140497.0,0.348327,153914.0,1068.54,False,-41.9859,53.474,18.434509803404232,0.007536740855077974,18.53083237262422,2.6918101226126935e-06,18.43180468748734,0.007537667831671076,nan,nan
2003 EY24,189187,MBO,MBO,21163620015682649,745332591858548818,12.310244,2.0630898,1.1019751,226.6616747961679,-39.24668533966787,2025053100355,40,60827.25906568751,r,226.66167107118557,-39.246697458305356,101.92806243896484,151670.0,1468.13,False,140987.0,0.0897914,152588.0,1477.53,False,-66.1297,20.0735,18.447750783084423,0.010509671652884545,18.527052326314553,6.914806064888376e-07,18.441199048303815,0.010513329006376365,nan,nan
2003 EY24,189187,MBO,MBO,21163620015682649,745332591973892323,12.310382,2.0630896,1.101976,226.66156827406635,-39.24666845496402,2025053100356,4,60827.25950452205,r,226.6615645459508,-39.24668066395454,88.5259017944336,158360.0,1774.28,False,135269.0,0.792255,157510.0,1769.64,False,-61.2546,35.5212,18.40088626729958,0.012164688464176128,18.572004301401613,6.359032150309127e-06,18.406729671242243,0.012198350792283125,nan,nan
2003 EY24,189187,MBO,MBO,21163620015682649,745332592124887118,12.31052,2.0630894,1.101977,226.6614622520833,-39.24665164002855,2025053100357,36,60827.25994119614,r,226.66145514681295,-39.24666156699528,80.22077941894531,154376.0,1902.62,False,142693.0,0.0945869,156111.0,1929.57,False,-83.7707,16.4486,18.42855054040441,0.01338124716662866,18.51399332817938,7.197019006519167e-07,18.416416235761822,0.013419963681606258,nan,nan
2003 EY24,189187,MBO,MBO,21163620015682649,745332592306290722,12.310659,2.063089,1.1019778,226.6613545469164,-39.24663454844119,2025053100358,126,60827.260385467795,r,226.6613439764826,-39.24664393833739,105.72928619384766,157923.0,1464.37,False,145910.0,2.37036,159164.0,1476.39,False,-66.9819,26.5994,18.403886536194225,0.01006768818259668,18.48978735635285,1.7638171195571085e-05,18.395387887496916,0.010071185011982568,nan,nan
2003 EY24,189187,MBO,MBO,21163620015682649,745332592668049494,12.311071,2.063088,1.1019806,226.66103734264937,-39.24658415500959,2025053100361,48,60827.26169322326,r,226.66102518375797,-39.246594812564915,91.42167663574219,154709.0,1679.54,False,140940.0,1.91168,155611.0,1690.7,False,-38.7068,36.6696,18.426211052586673,0.01178688652729343,18.527414332096875,1.472669341283854e-05,18.419899265948608,0.011796429226533511,nan,nan
2003 EY24,189187,MBO,MBO,21163620015682649,745332592845783325,12.31121,2.0630877,1.1019815,226.6609309104151,-39.24656722744878,2025053100362,131,60827.26213238978,r,226.66092593866338,-39.24657752283638,83.39703369140625,157791.0,1890.35,False,141564.0,0.508912,158534.0,1899.39,False,-33.8508,47.8522,18.4047944287006,0.013007214658360097,18.522617936339046,3.903140718140319e-06,18.399693956188525,0.013008165477814741,nan,nan
2003 EY24,189187,MBO,MBO,21163620015682649,745332592959029363,12.311347,2.0630875,1.1019825,226.66082522044428,-39.246550408537416,2025053100363,91,60827.26256894975,r,226.66081357418193,-39.24656025760538,69.12909698486328,160516.0,2316.14,False,146155.0,3.28466,160341.0,2316.41,False,-62.7839,20.5603,18.386204178157428,0.015666456531789198,18.487965806817236,2.4400632150194472e-05,18.38738853040577,0.015685383692491284,nan,nan
2003 EY24,189187,MBO,MBO,21163620015682649,745332593070702656,12.311484,2.063087,1.1019833,226.66071954543983,-39.2465335826464,2025053100364,48,60827.26300451592,r,226.6607067284968,-39.24654301767183,49.05894470214844,161606.0,3275.93,False,152328.0,4.6306,162743.0,3307.71,False,-89.6102,10.1806,18.37885629766413,0.022009057405251355,18.44305064993609,3.3005160201970504e-05,18.371244206235104,0.02206731140158988,nan,nan
2003 EY24,189187,MBO,MBO,21163620015682649,745332593248960571,12.311626,2.0630867,1.1019843,226.66061049302343,-39.24651620918946,2025053100365,132,60827.26345410234,r,226.6606106090213,-39.24652771824295,35.611141204833984,159896.0,4425.04,False,147587.0,0.572562,162114.0,4476.25,False,-96.5668,10.2646,18.390406001354492,0.030047194288252886,18.477379737666418,4.21210045862629e-06,18.375448695756525,0.029979068350349608,nan,nan
2003 EY24,189187,MBO,MBO,21163620015682649,745332593321836657,12.311767,2.0630865,1.1019852,226.6605024256647,-39.246498982850255,2025053100366,15,60827.26390071638,r,226.6605019380548,-39.24649753249467,22.784011840820312,161959.0,7002.81,False,151248.0,5.61161,164197.0,7109.92,False,-98.5966,10.385,18.376487283510336,0.04694524179366156,18.450775898626034,4.0283032332563825e-05,18.36158695505953,0.04701363284414927,nan,nan
2003 EY24,189187,MBO,MBO,21163620015682649,745332593513726071,12.313167,2.0630832,1.1019945,226.6594252873682,-39.24632675112649,2025053100367,125,60827.268349564656,r,226.65941593332488,-39.2463347301837,101.09429168701172,169470.0,1667.81,False,151193.0,1.97323,171853.0,1684.12,False,1032.33,29.737,18.327267926360022,0.010685087409423566,18.451170788815656,1.4170016177965031e-05,18.31210720519347,0.010639965853699467,23.865453675399145,0.031275404536490546
2003 EY24,189187,MBO,MBO,21163620015682649,745332593781637149,12.31361,2.0630822,1.1019974,226.65908497414915,-39.24627213589517,2025053100369,124,60827.2697567001,r,226.65907478360026,-39.24628458803159,96.34253692626953,169620.0,1744.18,False,148747.0,0.100318,175170.0,1770.07,False,3858.97,43.0915,18.32630735281709,0.011164481971058505,18.468879461420112,7.322425614334573e-07,18.29135067507262,0.010971222387625237,22.43382150239806,0.012123960873906828
2003 EY24,189187,MBO,MBO,21163620015682649,745332593873911893,12.313746,2.063082,1.1019983,226.65897955092188,-39.24625519764271,2025053100370,44,60827.2701924343,r,226.65896840750722,-39.24626608486759,120.32292938232422,167579.0,1377.17,False,157502.0,2.27924,171905.0,1385.32,False,3453.19,38.1513,18.339451013720492,0.008922617850803321,18.40678481764708,1.5711884745052607e-05,18.311778728281936,0.008749553653818227,22.554448831974685,0.011995356979417367
2003 EY24,189187,MBO,MBO,21163620015682649,745332594025955400,12.316412,2.063076,1.1020161,226.6569322543085,-39.24592445784336,2025053100371,78,60827.27867278871,g,226.65692516547375,-39.245929459829114,56.228267669677734,100264.0,1769.85,False,91172.8,3.922,101277.0,1790.23,False,-62.7761,5.58573,18.89713743334703,0.01916530554819221,19.000336805752223,4.670534925398815e-05,18.886222929225724,0.019192092031145875,nan,nan
2003 EY24,189187,MBO,MBO,21163620015682649,745332594257166493,12.318683,2.0630708,1.1020312,226.65519012822912,-39.245640357026446,2025053100373,7,60827.285908251375,g,226.65518225860026,-39.24565227865697,54.164405822753906,108761.0,1995.9,False,105687.0,13.1311,109851.0,2014.63,False,-20.5445,10.8279,18.808817019894008,0.01992461376397773,18.8399460741979,0.00013489748364118467,18.79798996309661,0.01991203298552873,nan,nan
2003 EY24,189187,MBO,MBO,21163620015682649,745332594434375821,12.318825,2.0630705,1.1020322,226.6550814567516,-39.24562255537355,2025053100374,89,60827.28636036665,g,226.65507250112918,-39.24563283833997,60.624332427978516,103036.0,1681.7,False,99605.5,5.44073,104173.0,1701.58,False,-0.89742,17.4409,18.867527523923364,0.01772082109677475,18.904291700283572,5.930593837047713e-05,18.855612071844376,0.01773460458640263,nan,nan
2003 EY24,189187,MBO,MBO,21163620015682649,745332594548670551,12.318962,2.06307,1.1020331,226.6549764088072,-39.24560533846013,2025053100375,51,60827.28679702729,g,226.65497503534948,-39.24561766845277,56.02023696899414,106149.0,1873.17,False,98061.8,3.50697,107924.0,1907.94,False,38.2987,7.44857,18.83521023211348,0.019159563767720864,18.921250382615803,3.8829027633322514e-05,18.81720491682503,0.0191942429013831,27.442039963010437,0.21116074985565297
2003 EY24,189187,MBO,MBO,21163620015682649,745332594694946938,12.3190975,2.0630698,1.1020341,226.6548720986372,-39.245588233881605,2025053100376,74,60827.287231362636,g,226.65486140424846,-39.2455931936292,53.064273834228516,108177.0,2018.54,False,102110.0,1.24518,110602.0,2054.01,False,53.3964,4.65875,18.814662666809472,0.020259408202890124,18.877329309519453,1.324000606367539e-05,18.790592549189725,0.020163406019223323,27.08122004641135,0.09472873757890163
2003 EY24,189187,MBO,MBO,21163620015682649,745332594875301921,12.319241,2.0630696,1.102035,226.65476299931865,-39.24557033484891,2025053100377,162,60827.287685485746,g,226.65475810757863,-39.24558310960937,47.850440979003906,111246.0,2295.29,False,103025.0,3.29987,112643.0,2287.4,False,29.4738,6.54349,18.78428898927563,0.022401520017176865,18.867643442008436,3.4775912112618654e-05,18.770739478910095,0.022047645115407247,27.72640964520029,0.24104471655679874
2003 EY24,189187,MBO,MBO,21163620015682649,745332594993266722,12.319377,2.063069,1.1020359,226.65465800252832,-39.24555310007293,2025053100378,131,60827.28812212263,g,226.65465037297014,-39.245564948082595,50.15787887573242,105045.0,2085.4,False,97306.0,0.579407,105516.0,2113.26,False,20.5715,3.9715,18.846561536490817,0.021554516401291607,18.92965094952047,6.4649983751511146e-06,18.841704201985692,0.02174497614267085,28.116835058814424,0.20961043614231264
2003 EY24,189187,MBO,MBO,21163620015682649,745332595392774184,12.319797,2.0630682,1.1020387,226.6543366302353,-39.24550029460121,2025053100381,125,60827.28946052226,g,226.6543248997384,-39.24550794372067,36.34158706665039,106340.0,2907.54,False,101554.0,23.65,107755.0,2933.49,False,-64.5319,12.2015,18.8332583600546,0.029686115170152547,18.883257414923776,0.0002528473603044121,18.81890642189652,0.029557758699763653,nan,nan
2003 EY24,189187,MBO,MBO,21163620015682649,745332595644956686,12.320081,2.0630677,1.1020406,226.65411886984387,-39.24546446808273,2025053100383,94,60827.290367646194,g,226.65411506259005,-39.245474878775276,48.38991165161133,108950.0,2240.21,False,100107.0,3.725,111057.0,2282.11,False,-111.224,4.16354,18.80693191354431,0.022324709140428074,18.898838883347594,4.0400444116596823e-05,18.78613515592333,0.022310791457291243,nan,nan
2003 EY24,189187,MBO,MBO,21163620015682649,745332595795951622,12.32022,2.0630672,1.1020416,226.65401229728215,-39.24544692104466,2025053100384,126,60827.29081187231,g,226.65400218532181,-39.24544919680478,38.010311126708984,106279.0,2781.98,False,97313.2,2.34772,106775.0,2806.84,False,-117.651,6.64312,18.833881351511685,0.0284204441677776,18.929570580333078,2.6193819755505262e-05,18.828826049752845,0.02854121193527831,nan,nan
2003 EY24,189187,MBO,MBO,21163620015682649,745332595932790813,12.320356,2.063067,1.1020424,226.6539076622589,-39.24542968444629,2025053100385,131,60827.291247313115,g,226.6539051149672,-39.24543806513148,41.80488204956055,107210.0,2549.57,False,100611.0,0.630841,107697.0,2566.57,False,-107.336,15.6998,18.824411759969387,0.02581998442109348,18.893386336019837,6.80767442280643e-06,18.81949098552459,0.02587461159796764,nan,nan
2003 EY24,189187,MBO,MBO,21163620015682649,745332596043939932,12.320493,2.0630667,1.1020434,226.65380328405573,-39.2454124817026,2025053100386,87,60827.29168274341,g,226.6537977516829,-39.24541756733378,52.154544830322266,107166.0,2043.43,False,99782.1,1.50081,108632.0,2077.99,False,-111.379,16.8482,18.82485744786057,0.020702704133818688,18.902368383498967,1.6330421562531175e-05,18.81010556172243,0.020768732652647955,nan,nan
2003 EY24,189187,MBO,MBO,21163620015682649,745332596179206163,12.32063,2.0630662,1.1020443,226.6536986830194,-39.24539523377737,2025053100387,89,60827.292118306344,g,226.6536951551371,-39.24540480368657,50.548255920410156,110904.0,2185.91,False,100737.0,1.07063,111856.0,2204.95,False,-122.443,6.23497,18.787631974424222,0.02139978298273109,18.89202746700046,1.1539173325822583e-05,18.778351788037668,0.021402463807636374,nan,nan
2003 EY24,189187,MBO,MBO,21163620015682649,745332596293500933,12.320766,2.063066,1.1020453,226.6535940990956,-39.24537798022392,2025053100388,51,60827.29255426432,g,226.65358670689997,-39.24539479401172,54.99135971069336,110924.0,2015.09,False,109314.0,5.52295,111291.0,2031.92,False,-131.175,8.37254,18.78743619459342,0.019723920267353638,18.803310534435326,5.485543442995621e-05,18.78384988809354,0.01982306886347643,nan,nan
2003 EY24,189187,MBO,MBO,21163620015682649,745332596471758943,12.320909,2.0630658,1.1020463,226.65348497591475,-39.24535996882066,2025053100389,135,60827.29300956731,g,226.6534695564208,-39.245367956283275,50.57521057128906,104320.0,2058.07,False,101429.0,3.09381,105184.0,2091.86,False,-138.653,22.0253,18.854081054030388,0.021419873323876643,18.884594640629878,3.3117368958686704e-05,18.845125793996175,0.02159271613474634,nan,nan
2003 EY24,189187,MBO,MBO,21163620015682649,745332596687241266,12.321188,2.063065,1.102048,226.65327158029652,-39.245324720168384,2025053100391,34,60827.293899363816,g,226.6532625174135,-39.24533523545828,52.40361022949219,111069.0,2102.95,False,103958.0,14.0712,111658.0,2129.48,False,-116.592,7.99438,18.78601784561774,0.02055703120386107,18.857855210704564,0.00014695946138797562,18.780275388570743,0.020706563901400313,nan,nan
2003 EY24,189187,MBO,MBO,21163620015682649,745332597379301388,12.322326,2.0630624,1.1020558,226.6524007624743,-39.2451805173611,2025053100396,74,60827.29753496392,i,226.65240222306224,-39.24518830655865,36.36638259887695,219940.0,5929.04,False,196789.0,10.7219,221379.0,5973.87,False,341.891,6.98574,18.044239448204472,0.029268770709605846,18.16499795293263,5.915551681692508e-05,18.037158946636424,0.029298384529486347,25.06528085665815,0.022184471748698774
2003 EY24,189187,MBO,MBO,21163620015682649,745332597808168989,12.322744,2.0630615,1.1020585,226.65208029007024,-39.24512730377567,2025053100399,124,60827.29887339937,i,226.65207778141217,-39.24515067436083,32.78163528442383,217314.0,6518.35,False,233771.0,100.159,219701.0,6592.39,False,1080.43,11.6228,18.057280735661035,0.0325667407360505,17.97802341344377,0.0004651828020642298,18.045419915806445,0.03257880777659611,23.816008359482275,0.011679881154558052
2003 EY24,189187,MBO,MBO,21163620015682649,745332603181072479,12.33655,2.06303,1.1021528,226.6415755341303,-39.24334269241726,2025053100439,132,60827.34317071836,i,226.64156788394348,-39.243350032612554,85.59403991699219,261029.0,2992.68,False,228626.0,3.11626,263562.0,3010.29,False,1082.59,14.5331,17.85827810099979,0.012447892575289759,18.002185954816348,1.4799000820561813e-05,17.847793013836558,0.012400804676823364,23.813840006406924,0.014575336438276522
2003 EY24,189187,MBO,MBO,21163620015682649,745337014253519530,12.562984,2.06252,1.1036078,226.47985721905485,-39.2191704265833,2025060100536,145,60828.06578333706,i,226.47985138151137,-39.21918164088512,433.4822692871094,180950.0,419.796,False,182233.0,0.556216,184691.0,432.751,False,-105.14,41.0295,18.256103531389453,0.0025188599333776113,18.248432438053797,3.313910490997145e-06,18.23388566808009,0.0025439974662132014,nan,nan
2003 EY24,189187,MBO,MBO,21163620015682649,745337014361522680,12.563128,2.0625196,1.1036087,226.4797522822548,-39.21915606105844,2025060100537,95,60828.06622010711,i,226.4797404474597,-39.21916556516149,424.9161376953125,189887.0,440.845,False,216262.0,5.51889,190831.0,440.226,False,-115.305,25.8133,18.203761917034786,0.002520664281978014,18.062549462383988,2.7707403884506007e-05,18.198377684727678,0.00250467335385633,nan,nan
2003 EY24,189187,MBO,MBO,21163620015682649,745337014495740605,12.563273,2.0625193,1.1036096,226.47964733964773,-39.2191416863996,2025060100538,95,60828.066657298594,i,226.47964173079356,-39.21915263767811,436.7893371582031,186979.0,424.494,False,179196.0,0.198552,188163.0,437.257,False,-73.8588,55.9894,18.220517918100654,0.002464921148974237,18.266679222138357,1.2030128588741406e-06,18.213664428302785,0.002523055771993041,nan,nan
2003 EY24,189187,MBO,MBO,21163620015682649,745337014604267890,12.563419,2.062519,1.1036105,226.4795407099521,-39.21912707209198,2025060100539,46,60828.06710163594,i,226.47952937494335,-39.21913643481208,435.2315368652344,189656.0,433.629,False,192291.0,2.61103,192236.0,440.981,False,-86.9347,37.2821,18.20508353326413,0.002482424507252141,18.190102605079904,1.474270721568685e-05,18.190413197010606,0.0024906314311146536,nan,nan
2003 EY24,189187,MBO,MBO,21163620015682649,745337014896820511,12.563708,2.0625184,1.1036123,226.47933079537748,-39.21909827664246,2025060100541,92,60828.067975891696,i,226.47931921225003,-39.21910789576546,427.8197021484375,189000.0,432.998,False,193471.0,2.3583,190840.0,441.167,False,-126.21,41.8746,18.20884548956689,0.002487415819119927,18.18346030896211,1.3234498502564124e-05,18.198326480282777,0.0025099086971400943,nan,nan
2003 EY24,189187,MBO,MBO,21163620015682649,745337015259104136,12.564151,2.0625174,1.103615,226.4790081931552,-39.2190539574892,2025060100544,15,60828.069318530775,i,226.47899819661245,-39.219063058419906,422.2208557128906,188672.0,432.036,False,174490.0,0.405882,192594.0,443.989,False,-148.515,40.8832,18.210731367072746,0.0024862043049422547,18.29557364338469,2.5255360379502765e-06,18.18839311711335,0.002502959316792874,nan,nan
2003 EY24,189187,MBO,MBO,21163620015682649,745337015399088335,12.564301,2.0625172,1.103616,226.47889960621785,-39.21903902186588,2025060100545,26,60828.06977047957,i,226.4788905727207,-39.219049941855886,436.02032470703125,191763.0,436.464,False,171831.0,0.205981,193973.0,452.751,False,-105.354,56.8624,18.193087961708347,0.00247120015441128,18.31224620611605,1.3015173662379195e-06,18.180646793306757,0.0025342091947206315,nan,nan
2003 EY24,189187,MBO,MBO,21163620015682649,745337015977378083,12.564896,2.062516,1.1036197,226.47846616122575,-39.21897931314788,2025060100549,105,60828.07157424242,i,226.47845872569545,-39.21899210122531,454.1829528808594,192895.0,419.763,False,191364.0,0.563744,195330.0,441.528,False,-45.4005,75.4277,18.18669757371756,0.002362694144731752,18.19534939931162,3.198497524552978e-06,18.173077624833603,0.0024542208132336605,nan,nan
2003 EY24,189187,MBO,MBO,21163620015682649,745337016132567943,12.56504,2.0625155,1.1036205,226.47836114996355,-39.21896482560975,2025060100550,145,60828.07201104078,i,226.4783514982915,-39.21897570737933,438.599609375,195211.0,441.322,False,193487.0,0.547226,198847.0,451.486,False,-9.33393,39.4778,18.173739284492203,0.002454571020836897,18.183370522580717,3.070713242469618e-06,18.153702392047954,0.002465185232486218,nan,nan
2003 EY24,189187,MBO,MBO,21163620015682649,745337016286183577,12.565184,2.0625153,1.1036215,226.4782563736804,-39.21895036197341,2025060100551,182,60828.07244781968,i,226.47824711914248,-39.218961246407964,431.60687255859375,196325.0,450.263,False,190772.0,0.640254,199171.0,457.375,False,-23.0017,38.4756,18.1675609846891,0.002490089602919416,18.198713418129095,3.643862676420492e-06,18.151934740293292,0.002493277618986948,nan,nan
2003 EY24,189187,MBO,MBO,21163620015682649,745337016403100116,12.565329,2.062515,1.1036223,226.47815087113247,-39.21893578947156,2025060100552,149,60828.07288695569,i,226.47814271507863,-39.21894767647867,469.1376647949219,200711.0,425.342,False,192321.0,0.182315,204809.0,452.916,False,-65.4619,64.9491,18.14357206319596,0.002300866520531221,18.189933228741108,1.0292479948113083e-06,18.121627407272058,0.00240100426614466,nan,nan
2003 EY24,189187,MBO,MBO,21163620015682649,745337016489083490,12.56548,2.0625145,1.1036233,226.47804055656871,-39.21892054305598,2025060100553,57,60828.07334546283,i,226.47802981684077,-39.2189318691869,477.764404296875,193882.0,404.509,False,190239.0,1.88032,197473.0,448.543,False,-67.9557,103.543,18.181156272346325,0.0022652441658653284,18.20175111402045,1.0731403389751669e-05,18.161230690000195,0.0024661567591296465,nan,nan
2003 EY24,189187,MBO,MBO,21163620015682649,745337017206308961,12.56998,2.062505,1.1036514,226.4747614678552,-39.21846294661797,2025060100558,145,60828.0869796785,i,226.4747532322874,-39.218475140022115,442.7593688964844,212684.0,476.36,False,200572.0,0.522294,212619.0,473.159,False,-63.1112,20.5326,18.080662950996306,0.002431782750908595,18.144324237290043,2.8272814197517655e-06,18.080994821939413,0.002416180365800513,nan,nan
2003 EY24,189187,MBO,MBO,21163620015682649,745337017314312380,12.570124,2.0625048,1.1036522,226.47465605917088,-39.21844809324431,2025060100559,95,60828.08741744871,i,226.47464587003614,-39.218458564291105,447.85260009765625,213572.0,474.138,False,208542.0,2.39346,213883.0,473.088,False,-62.2203,29.7013,18.076139213408595,0.002410375860046048,18.10201616429957,1.246111677740236e-05,18.07455933239534,0.0024015409519240628,nan,nan
2003 EY24,189187,MBO,MBO,21163620015682649,745337017448530557,12.570268,2.0625045,1.1036532,226.47455088741816,-39.21843326419592,2025060100560,95,60828.08785435619,i,226.47453807721433,-39.218442282240794,447.8955078125,216228.0,479.414,False,201991.0,3.12089,219970.0,488.999,False,-63.0647,36.7281,18.06272017167686,0.0024072605696688113,18.13666995184648,1.6775317503206416e-05,18.044091362977067,0.0024136196331473532,nan,nan
2003 EY24,189187,MBO,MBO,21163620015682649,745337017556533642,12.570418,2.062504,1.1036541,226.4744411393856,-39.2184177802368,2025060100561,45,60828.08831060516,i,226.4744296115726,-39.21842706391734,444.8292236328125,214365.0,479.461,False,196552.0,0.18198,215449.0,479.358,False,-62.1064,25.6964,18.072115304300993,0.002428419587521767,18.166306331726943,1.0052417344912521e-06,18.066638793339006,0.0024156823076271114,nan,nan
2003 EY24,189187,MBO,MBO,21163620015682649,745337017849610350,12.570716,2.0625036,1.1036559,226.4742240388527,-39.21838712116811,2025060100563,92,60828.08921289409,i,226.47421815007158,-39.21839985807986,440.20068359375,216951.0,488.221,False,217411.0,0.739597,216782.0,484.761,False,-53.2525,22.05,18.059095859302687,0.0024433131197167906,18.056796215959572,3.6934987847709848e-06,18.05994195322632,0.002427888632408161,nan,nan
2003 EY24,189187,MBO,MBO,21163620015682649,745337018223951977,12.571159,2.0625026,1.1036588,226.4739007688238,-39.21834139687112,2025060100566,38,60828.090555896306,i,226.47389393451186,-39.21835252968952,412.02838134765625,220784.0,530.46,False,202668.0,0.632112,220028.0,526.458,False,-54.1235,28.3806,18.04008100674441,0.0026086113623836225,18.133037045639465,3.3863605123858263e-06,18.043805122129427,0.002597826273778198,nan,nan
2003 EY24,189187,MBO,MBO,21163620015682649,745337018349257171,12.571303,2.0625021,1.1036596,226.473795573136,-39.218326499066585,2025060100567,21,60828.09099264318,i,226.4737908474831,-39.218338627628476,435.99517822265625,219708.0,504.548,False,203593.0,0.281099,220817.0,504.146,False,-62.128,23.647,18.045385323190295,0.0024933367703703735,18.128092895327818,1.4990660402684078e-06,18.039918736754878,0.002478837953793571,nan,nan
2003 EY24,189187,MBO,MBO,21163620015682649,745337018928595694,12.57191,2.062501,1.1036634,226.47335357287565,-39.21826380281229,2025060100571,102,60828.09282860032,i,226.47334460480542,-39.2182747177559,458.2726135253906,223828.0,487.557,False,205905.0,0.703176,223679.0,485.087,False,126.223,28.6022,18.025213964706143,0.002365022670109567,18.11583276815569,3.7078442240002344e-06,18.025936968817753,0.0023546087225630027,26.147153758580572,0.2460284076364107
2003 EY24,189187,MBO,MBO,21163620015682649,745337019085357140,12.572054,2.0625007,1.1036644,226.47324860209125,-39.21824888920288,2025060100572,145,60828.093264058916,i,226.47323713876594,-39.21825941260136,460.49993896484375,220065.0,478.422,False,204914.0,0.928923,222124.0,479.694,False,140.65,25.8902,18.043622559627085,0.002360393898947702,18.12107092250554,4.921895743027984e-06,18.033511285929006,0.0023447315160465255,26.02965070586254,0.19985729356895268
2003 EY24,189187,MBO,MBO,21163620015682649,745337019307655229,12.576517,2.0624912,1.1036927,226.46999092471648,-39.21778143611174,2025060100574,57,60828.10679039168,i,226.46998513848428,-39.21779226483673,471.55120849609375,239482.0,507.159,False,216562.0,0.548016,237429.0,499.305,False,-135.962,17.9477,17.9518178089059,0.0022992996724510223,18.061044366023395,2.7474848990407384e-06,17.961165591604534,0.002283265766880155,nan,nan
2003 EY24,189187,MBO,MBO,21163620015682649,745337019465990402,12.578809,2.0624864,1.1037072,226.4683176688965,-39.21753778799849,2025060100575,103,60828.11373518032,z,226.4683082854524,-39.21754828688476,375.2456359863281,235767.0,623.59,False,236796.0,2.46238,235902.0,614.876,False,-195.323,55.2103,17.96879245655071,0.00287170922598615,17.96406409516629,1.1290288022096763e-05,17.968170942770307,0.0028299595136536244,nan,nan
2003 EY24,189187,MBO,MBO,21163620015682649,745337019594441275,12.578953,2.062486,1.1037081,226.4682126172624,-39.21752240932851,2025060100576,92,60828.11417181953,z,226.4682051829503,-39.21753323847275,389.5004577636719,237292.0,610.362,False,230131.0,0.632039,234836.0,610.026,False,-185.937,105.789,17.961792258064122,0.0027927284564099792,17.995062188420558,2.9819000332255333e-06,17.973088314100803,0.0028203823736738486,nan,nan
2003 EY24,189187,MBO,MBO,21163620015682649,745337019730231502,12.579097,2.0624857,1.103709,226.4681073242986,-39.21750698557697,2025060100577,95,60828.11460844806,z,226.46809499421377,-39.21751672528146,377.2559814453125,241832.0,640.99,False,226645.0,1.66387,240996.0,628.637,False,-200.328,62.2513,17.941215581021616,0.002877807896742452,18.011634643601933,7.970720174881981e-06,17.9449754142303,0.0028321381953543756,nan,nan
2003 EY24,189187,MBO,MBO,21163620015682649,745337019835613594,12.579249,2.0624855,1.1037099,226.4679957662826,-39.2174906334289,2025060100578,40,60828.11507167827,z,226.46798880803183,-39.21750170934052,387.3728332519531,241175.0,616.086,False,234538.0,5.25745,242285.0,628.088,False,-213.596,128.156,17.94416928200924,0.0027735332180125758,17.97446695643076,2.433807708073473e-05,17.939183681111867,0.002814610459408896,nan,nan
2003 EY24,189187,MBO,MBO,21163620015682649,745337020110340785,12.579571,2.0624847,1.1037121,226.46776108369988,-39.217456197837976,2025060100580,52,60828.11604567485,z,226.4677524997751,-39.21746783428351,383.5299987792969,243298.0,634.029,False,235477.0,4.81691,242656.0,639.533,False,-2.68796,123.11,17.934653652791468,0.0028294035756731796,17.970128764446947,2.220978420015241e-05,17.93752241423383,0.002861516525342504,nan,nan
2003 EY24,189187,MBO,MBO,21163620015682649,745337020506177918,12.580022,2.0624838,1.103715,226.46743170712503,-39.217407785355405,2025060100583,39,60828.1174126019,z,226.46742510974167,-39.21742085660401,371.4661865234375,247055.0,660.124,False,240543.0,4.82583,245618.0,648.577,False,-152.514,65.9431,17.91801588064127,0.0029010566549015305,17.947018192264245,2.1782293936166056e-05,17.92434952324265,0.00286698678069695,nan,nan
2003 EY24,189187,MBO,MBO,21163620015682649,745337021208723928,12.580796,2.062482,1.1037198,226.46686595946173,-39.21732440571573,2025060100588,99,60828.11976059266,z,226.46685954518088,-39.21733682071086,369.7430114746094,245129.0,663.367,False,230872.0,3.99999,246573.0,668.385,False,-35.4607,89.5367,17.92651326618899,0.0029382144654981164,17.991571837075362,1.8811003269889042e-05,17.920136202085814,0.0029431032749739627,nan,nan
2003 EY24,189187,MBO,MBO,21163620015682649,745337021345562713,12.580946,2.0624819,1.1037208,226.4667565691551,-39.21730825093404,2025060100589,104,60828.12021478312,z,226.46674957019002,-39.217320825865265,361.6813659667969,247461.0,681.972,False,231611.0,6.53932,248880.0,685.211,False,9.48887,86.131,17.916233091011918,0.002992155024819375,17.98810204580434,3.065474640619003e-05,17.910025004748384,0.0029892252853105463,28.95696379627599,9.855287800847993
2003 EY24,189187,MBO,MBO,21163620015682649,745337021616095630,12.581241,2.0624812,1.1037227,226.46654116285143,-39.217276408453394,2025060100591,108,60828.1211088643,z,226.46653270839224,-39.21728830120622,360.4498596191406,247976.0,684.287,False,234203.0,3.25857,246573.0,668.701,False,44.655,28.382,17.9139758742645,0.0029960768645415914,17.976018865440295,1.5106328171616827e-05,17.920136202085814,0.0029444946270055497,27.275324795424012,0.6900764925022891
2003 EY24,189187,MBO,MBO,21163620015682649,745337021717807567,12.581394,2.062481,1.1037238,226.46642888232304,-39.21725979411306,2025060100592,46,60828.12157495939,z,226.4664228916372,-39.21727098710639,357.537353515625,245442.0,684.765,False,241104.0,3.75253,245488.0,672.529,False,47.4803,22.7005,17.9251277971001,0.003029123655101977,17.944488961162158,1.6898341739669562e-05,17.9249243307584,0.002974438974765859,27.208716343489197,0.519094335489626
2003 EY24,189187,MBO,MBO,21163620015682649,745337022151917741,12.581879,2.0624797,1.1037269,226.46607493691573,-39.21720734629643,2025060100595,106,60828.12304322132,z,226.4660641525475,-39.217218924240136,350.0879821777344,251852.0,717.856,False,240538.0,8.12543,251949.0,709.769,False,-11.9543,26.7398,17.89713648996371,0.0030946836579348307,17.94704076094197,3.6676423877010395e-05,17.89671840261111,0.0030586423470607992,nan,nan
2003 EY24,189187,MBO,MBO,21163620015682649,745337022251532774,12.582034,2.0624795,1.1037278,226.4659612131758,-39.2171904707908,2025060100596,40,60828.1235159265,z,226.46595332800635,-39.21720196610617,375.5533142089844,251497.0,668.916,False,237036.0,1.58417,249888.0,650.833,False,-41.7906,22.8867,17.89866797772507,0.0028877733575613904,17.962964225544034,7.2562425368807375e-06,17.905636497127986,0.0028277986931491777,nan,nan
2003 EY24,189187,MBO,MBO,21163620015682649,745337022415634920,12.582186,2.0624793,1.1037288,226.4658506223619,-39.21717404903296,2025060100597,97,60828.123974499824,z,226.46584183991027,-39.217184914473435,373.9176025390625,248496.0,665.071,False,234665.0,0.261664,248747.0,653.982,False,-87.1583,23.8247,17.91170149410639,0.002905848166328315,17.973879200165893,1.2106538328437682e-06,17.91060537084054,0.0028545145421996648,nan,nan
2003 EY24,189187,MBO,MBO,21163620015682649,745337022554571076,12.582339,2.0624788,1.1037297,226.4657385867052,-39.21715740150902,2025060100598,106,60828.12443985154,z,226.4657329440561,-39.21716866346407,367.4707336425781,251052.0,685.447,False,238120.0,2.21954,249791.0,670.441,False,-123.66,24.5167,17.900590786197057,0.002964384460865515,17.95801031530071,1.012025476775274e-05,17.906058033407017,0.002914124384217309,nan,nan
2003 EY24,189187,MBO,MBO,21163620015682649,745337022636884382,12.582498,2.0624785,1.1037308,226.46562317881643,-39.21714024108277,2025060100599,7,60828.124918138405,z,226.4656141820111,-39.21714936497817,369.9762878417969,250982.0,675.51,False,231991.0,2.78805,249223.0,660.428,False,-150.729,40.9267,17.900893560649884,0.002922224200456832,17.986322157666645,1.3048293927387679e-05,17.90852970125856,0.0028771444325348706,nan,nan
2003 EY24,189187,MBO,MBO,21163620015682649,745337022843977977,12.582651,2.0624783,1.1037318,226.46551066312216,-39.21712349915048,2025060100600,146,60828.12538555921,z,226.46550178937775,-39.21713541082606,358.04388427734375,254198.0,707.273,False,253680.0,6.76958,252504.0,691.486,False,-170.79,20.1663,17.88706967686632,0.003020920360824765,17.889284427452417,2.897342311077709e-05,17.89432934421807,0.0029733050177429966,nan,nan
2003 EY24,189187,MBO,MBO,21163620015682649,745337023172706527,12.583164,2.062477,1.1037351,226.4651355381616,-39.21706759932756,2025060100603,5,60828.12694267015,z,226.46512955962856,-39.21707817898074,363.5047607421875,252302.0,693.579,False,246562.0,0.287717,251875.0,681.202,False,-111.461,29.1111,17.89519826703225,0.002984692189890941,17.92018463952487,1.2669623844027826e-06,17.897037341287035,0.0029363998125318405,nan,nan
2003 EY24,189187,MBO,MBO,21163620015682649,745337023356207554,12.583317,2.0624769,1.103736,226.4650239909656,-39.21705095240565,2025060100604,99,60828.12740580195,z,226.46501829073463,-39.217062265056576,358.5613708496094,254285.0,706.706,False,245000.0,5.0565,254252.0,695.39,False,-60.2911,23.5836,17.886698144088488,0.0030174657704068993,17.927084789088667,2.240826560734766e-05,17.886839055348858,0.0029695346165658264,nan,nan
2003 EY24,189187,MBO,MBO,21163620015682649,745337023866339366,12.601128,2.062439,1.1038529,226.45201019690867,-39.21502931864889,2025060100608,48,60828.18152528588,g,226.45200127150488,-39.215038745184735,286.4419860839844,131822.0,456.94,False,140935.0,1.37355,133426.0,461.083,False,-139.96,3.81386,18.600030258852826,0.003763531914649321,18.527452850454473,1.058156615729904e-05,18.586898833914375,0.0037520012215071026,nan,nan
2003 EY24,189187,MBO,MBO,21163620015682649,745337024022577539,12.601274,2.0624387,1.1038538,226.4519037720809,-39.215012122288535,2025060100609,90,60828.18196958663,g,226.45189296378163,-39.21502295280883,309.2942810058594,133545.0,434.93,False,135727.0,2.73565,134976.0,438.745,False,-106.302,7.99939,18.58593091892044,0.003536030847903581,18.56833437523865,2.1883592184836897e-05,18.574358615691565,0.003529229832378787,nan,nan
2003 EY24,189187,MBO,MBO,21163620015682649,745337024157319475,12.601417,2.0624382,1.1038548,226.45179903249425,-39.21499518756908,2025060100610,91,60828.18240609738,g,226.45179438553848,-39.21500615258525,288.4937744140625,133142.0,462.791,False,138103.0,4.16217,133783.0,465.339,False,-115.834,5.83147,18.58921230889124,0.00377393255146241,18.549492217939836,3.272208849163499e-05,18.58399767373097,0.0037765290666434545,nan,nan
2003 EY24,189187,MBO,MBO,21163620015682649,745337024311984298,12.6015625,2.062438,1.1038557,226.4516931023165,-39.21497804958789,2025060100611,130,60828.18284814872,g,226.4516815961864,-39.214987834370845,313.9383850097656,131754.0,419.041,False,122664.0,0.289147,133013.0,423.316,False,-79.1287,4.92592,18.600590477260887,0.003453162475588142,18.67820719333289,2.5593275540349e-06,18.590264778177044,0.0034553729153632548,nan,nan
2003 EY24,189187,MBO,MBO,21163620015682649,745337024557351107,12.601852,2.0624373,1.1038576,226.45148078575463,-39.21494366722312,2025060100613,86,60828.1837349714,g,226.45147412166926,-39.21495599437526,300.6910705566406,133576.0,444.674,False,133792.0,1.52128,135609.0,447.893,False,-89.2188,5.94734,18.585678914604053,0.003614411820296632,18.5839246353242,1.2345348213366845e-05,18.56927871642624,0.0035859983613869568,nan,nan
2003 EY24,189187,MBO,MBO,21163620015682649,745337025090552020,12.602453,2.062436,1.1038617,226.45104235408095,-39.214872530287785,2025060100617,79,60828.185564230705,g,226.45103209862282,-39.214882554068645,284.1875305175781,131591.0,463.245,False,127157.0,0.206511,133648.0,471.924,False,-22.2168,11.1691,18.60193453182031,0.00382216004796478,18.63914931723633,1.7633042273238638e-06,18.58509383984554,0.0038338395253771245,nan,nan
2003 EY24,189187,MBO,MBO,21163620015682649,745337025612742817,12.603029,2.062435,1.1038655,226.450622020402,-39.21480415552983,2025060100621,51,60828.18731983473,g,226.4506119745348,-39.21481515009738,272.20404052734375,131089.0,478.229,False,126953.0,0.441033,133021.0,484.073,False,4.60406,10.9542,18.606084373744473,0.003960900942919944,18.640892579865532,3.771832897193772e-06,18.59019947908264,0.003951072234649442,29.742147522419828,2.583235418349033
2003 EY24,189187,MBO,MBO,21163620015682649,745337025743814994,12.603172,2.0624347,1.1038665,226.4505173762536,-39.21478710676075,2025060100622,45,60828.18775671756,g,226.45050687659807,-39.21479807874482,262.6181640625,131418.0,496.057,False,123532.0,1.12716,134262.0,504.628,False,8.12701,11.3438,18.603362866139765,0.004098274604283495,18.670551318090627,9.906731613290524e-06,18.58011721936191,0.004080774005019569,29.125172968504938,1.5154864325257058
2003 EY24,189187,MBO,MBO,21163620015682649,745337025996521685,12.603465,2.062434,1.1038685,226.450304042215,-39.21475231731026,2025060100624,15,60828.18864795215,g,226.45029368235802,-39.21476339149997,263.2569274902344,131012.0,496.539,False,127301.0,1.02941,133285.0,504.429,False,21.7,11.3045,18.606722308664,0.0041149693994811986,18.637920461942528,8.779724523386221e-06,18.58804680920698,0.004109065629220631,28.058850627205818,0.5656084833765559
2003 EY24,189187,MBO,MBO,21163620015682649,745337026166915360,12.603614,2.0624337,1.1038694,226.45019511373545,-39.21473453683484,2025060100625,84,60828.18910271475,g,226.45018952638316,-39.21474602448856,297.82489013671875,133440.0,448.908,False,121059.0,0.0116427,135075.0,453.246,False,42.98,6.61223,18.58678491676584,0.0036525453897441004,18.692507294674964,1.0441934079735296e-07,18.573562559471913,0.0036432026225982155,27.316833983675203,0.1670343739095481
2003 EY24,189187,MBO,MBO,21163620015682649,745337026405990801,12.603908,2.062433,1.1038715,226.44998087396328,-39.21469953285745,2025060100627,28,60828.18999722732,g,226.4499676844192,-39.214710108812135,225.35391235351562,131039.0,576.61,False,128274.0,0.790022,132552.0,572.774,False,59.7958,5.39259,18.606498574523453,0.004777557346448356,18.629653405843882,6.686900734849389e-06,18.594034287661792,0.004691603707452379,26.958323311947563,0.0979154108347746
2003 EY24,189187,MBO,MBO,21163620015682649,745337026551218300,12.604055,2.0624328,1.1038724,226.44987292954377,-39.21468187934034,2025060100628,49,60828.19044815879,g,226.44986581206837,-39.2146930122551,284.2602233886719,130236.0,456.741,False,125697.0,0.719084,133187.0,465.417,False,90.0917,4.15821,18.613172377355795,0.003807704758911801,18.651687718652916,6.211250543657314e-06,18.588845408330815,0.0037940645763295234,26.513288072838282,0.05011248586981918
2003 EY24,189187,MBO,MBO,21163620015682649,745337026727903322,12.604206,2.0624323,1.1038735,226.44976307954232,-39.21466390261315,2025060100629,130,60828.19090764866,g,226.44975157513454,-39.21467448395522,280.2335510253906,131167.0,467.555,False,126507.0,0.282111,132864.0,472.653,False,63.9861,5.07326,18.605438535887814,0.0038701913077490353,18.64471360761835,2.421194990152666e-06,18.59148169209923,0.003862419397444212,26.8847859118255,0.08608466431371198
2003 EY24,189187,MBO,MBO,21163620015682649,745337026843770982,12.60435,2.062432,1.1038744,226.44965802468607,-39.21464669968676,2025060100630,95,60828.19134663328,g,226.44965159440528,-39.21465681929518,345.20721435546875,132670.0,385.027,False,129093.0,1.24955,134293.0,388.55,False,48.5171,11.3276,18.5930681771535,0.0031509592406481846,18.622743266212233,1.0509335582065554e-05,18.579866560670045,0.0031413609726877456,27.18526288618211,0.25349381128146464
2003 EY24,189187,MBO,MBO,21163620015682649,745337026954395863,12.604493,2.0624318,1.1038754,226.44955345707487,-39.21462956594898,2025060100631,50,60828.191783166316,g,226.44955018237346,-39.214641122730484,288.0950622558594,129719.0,448.737,False,125539.0,1.0445,131675.0,455.212,False,32.9086,8.99046,18.617491019874237,0.003755887778848157,18.65305333777571,9.033459392075729e-06,18.601241682426203,0.0037534851364117777,27.606726487581263,0.296617552634512
2003 EY24,189187,MBO,MBO,21163620015682649,745337027124789480,12.604644,2.0624316,1.1038764,226.44944387366945,-39.214611599009984,2025060100632,119,60828.19224157174,g,226.44943264934562,-39.214620716058405,255.51596069335938,130673.0,509.513,False,123454.0,0.0689158,133204.0,518.836,False,16.4901,7.85263,18.609535345554214,0.0042334431093268956,18.671237085112132,6.060911621865386e-07,18.588706833713008,0.004228994834550426,28.35694172003573,0.5170304848896298
2003 EY24,189187,MBO,MBO,21163620015682649,745337027221258249,12.604798,2.062431,1.1038774,226.44933095030112,-39.21459307231137,2025060100633,47,60828.19271319906,g,226.4493215167529,-39.214605388785145,260.2215881347656,128604.0,491.763,False,125384.0,0.284144,130295.0,496.279,False,17.1831,4.57092,18.626863808099642,0.0041516974105830036,18.654394698536922,2.4604849382337444e-06,18.612680624457475,0.004135447015992179,28.312246222120876,0.2888194444505507
2003 EY24,189187,MBO,MBO,21163620015682649,745337027392700579,12.604953,2.0624309,1.1038785,226.44921827640687,-39.21457457424966,2025060100634,118,60828.19318470171,g,226.44921006973314,-39.21458582102516,280.5951843261719,130566.0,465.427,False,122914.0,0.541268,132855.0,471.671,False,-10.0426,7.30579,18.610424751656712,0.0038703103923880674,18.675996619544073,4.781182407024693e-06,18.5915552406663,0.003854655606236173,nan,nan
2003 EY24,189187,MBO,MBO,21163620015682649,745337027624435837,12.605698,2.0624292,1.1038835,226.4486751441132,-39.21448523407239,2025060100636,48,60828.19545539722,g,226.44866784823787,-39.2144968183631,346.31512451171875,130140.0,372.768,False,128435.0,2.02224,132032.0,376.592,False,-35.5551,11.078,18.613972994005408,0.003109940982072148,18.628291524866704,1.709517732414432e-05,18.598301995107402,0.003096821832740419,nan,nan
2003 EY24,189187,MBO,MBO,21163620015682649,745337027915415971,12.605983,2.0624287,1.1038854,226.4484666604808,-39.21445086466893,2025060100638,91,60828.19632798215,g,226.448461912211,-39.214463008629544,336.2890319824219,130807.0,389.501,False,124095.0,1.41589,131460.0,389.328,False,-15.9908,10.1031,18.60842253643555,0.0032329718224299413,18.665614291542358,1.2387952870886457e-05,18.603015930139126,0.0032154838605426804,nan,nan
2003 EY24,189187,MBO,MBO,21163620015682649,745337028070080849,12.606126,2.0624282,1.1038864,226.44836219315528,-39.21443362697588,2025060100639,130,60828.1967647803,g,226.44835273399076,-39.21444402585449,355.2699890136719,130042.0,364.585,False,124542.0,0.407739,132567.0,369.005,False,-8.54452,8.66385,18.614790899572263,0.00304396368045871,18.661710410733,3.5546001266806774e-06,18.593911429299403,0.003022185713927447,nan,nan
2003 EY24,189187,MBO,MBO,21163620015682649,745337028315447584,12.606414,2.0624278,1.1038883,226.44815256875611,-39.21439900592623,2025060100641,86,60828.19764152914,g,226.44814372872693,-39.214409427996834,328.7515563964844,130406.0,396.574,False,126472.0,1.12968,132117.0,400.294,False,-36.8746,13.8869,18.611756065472196,0.003301801721027169,18.645014033878308,9.698071640399572e-06,18.597603241142103,0.003289612201604115,nan,nan
2003 EY24,189187,MBO,MBO,21163620015682649,745337028742742208,12.60686,2.0624268,1.1038914,226.4478270909545,-39.21434516656047,2025060100644,133,60828.19900322414,g,226.44781902626042,-39.21435550797222,342.546630859375,128755.0,373.939,False,121733.0,0.490379,130388.0,377.735,False,-49.0741,11.0838,18.625589742022825,0.003153268654690506,18.686479187638277,4.373688650651881e-06,18.611905940482487,0.0031453856904007506,nan,nan
2003 EY24,189187,MBO,MBO,21163620015682649,745337028832395303,12.608208,2.062424,1.1039004,226.4468442840496,-39.21418197222302,2025060100645,48,60828.20311885074,u,226.44684187660096,-39.21419326490555,56.33189392089844,32479.6,569.499,False,30045.9,1.10919,32886.1,563.121,False,22.3876,34.4492,20.120973332852927,0.019037356240746792,20.205536942197178,4.0081598866484226e-05,20.10746901576445,0.018591465621099763,28.024981155789185,1.6706901769509321
2003 EY24,189187,MBO,MBO,21163620015682649,745337028990205955,12.608383,2.0624235,1.1039016,226.44671609259063,-39.21416061724995,2025060100646,93,60828.203655764686,u,226.4467117628869,-39.21417020325535,62.451683044433594,30903.0,493.338,False,29317.8,0.639332,31302.4,493.966,False,22.407,12.4798,20.174998395272617,0.017332781334068743,20.23217152644746,2.3676601822061063e-05,20.161055894438093,0.017133407251131844,28.024040734566963,0.604711526791144
2003 EY24,189187,MBO,MBO,21163620015682649,745337029123375265,12.608558,2.0624232,1.1039028,226.44658934804295,-39.21413948768958,2025060100647,91,60828.20418636009,u,226.44657501934807,-39.214149432935024,65.19970703125,31958.1,487.135,False,30982.9,1.38397,32431.2,487.182,False,41.2124,18.9218,20.138547634854792,0.016549798741868547,20.172194823068594,4.8498569871102065e-05,20.122592479962922,0.016309947084000777,27.36243027285987,0.4984928011579813
2003 EY24,189187,MBO,MBO,21163620015682649,745337029278564472,12.60873,2.0624228,1.103904,226.44646309550268,-39.21411842470871,2025060100648,131,60828.204715636675,u,226.44645521150193,-39.21412677987426,70.04878997802734,32230.1,458.56,False,30128.8,1.39763,32832.9,456.435,False,60.0894,14.0193,20.129345880670368,0.015447522577880712,20.202545385590135,5.0365677582452775e-05,20.10922694183265,0.015093641608017221,26.953005308623798,0.25331026371188053
2003 EY24,189187,MBO,MBO,21163620015682649,745337029523406946,12.609077,2.062422,1.1039064,226.44621039532947,-39.214076219906914,2025060100650,86,60828.20577404596,u,226.44619941043217,-39.21409103068442,67.97460174560547,33188.9,487.323,False,29742.3,0.22971,33619.9,483.815,False,100.426,22.4768,20.09751790471624,0.015942204993249633,20.216563596768545,8.38551338080976e-06,20.08350900714172,0.015624540494442934,26.395384560576353,0.24300356398084091
2003 EY24,189187,MBO,MBO,21163620015682649,745337029951225917,12.609609,2.0624208,1.10391,226.44582298909404,-39.21401139727905,2025060100653,134,60828.20739892534,u,226.44581325055293,-39.21402234272635,72.87828063964844,31891.0,436.796,False,30090.1,0.605901,32414.4,431.558,False,196.027,20.0936,20.140829656135878,0.014870816858222285,20.203940936454856,2.186262803614515e-05,20.1231550191764,0.014455246881495569,25.6692103060985,0.1112925722812903
2003 EY24,189187,MBO,MBO,21163620015682649,745337030077055048,12.609782,2.0624206,1.1039112,226.44569682614164,-39.21399025579566,2025060100654,118,60828.207927113006,u,226.44568632916912,-39.214000450924814,79.21858978271484,32444.8,410.406,False,30049.4,0.326428,32948.1,413.698,False,101.143,59.9594,20.122137220419674,0.013733869479303768,20.205410473848687,1.1794401521123595e-05,20.105424009934634,0.01363255765930596,26.38766044652869,0.643644078594603
2003 EY24,189187,MBO,MBO,21163620015682649,745337030578798673,12.6104765,2.062419,1.1039159,226.4451908956624,-39.213905321137055,2025060100658,51,60828.21004909068,u,226.4451813169442,-39.21392013642417,77.84130859375,31711.5,405.746,False,30655.5,0.594631,32088.5,398.292,False,23.4591,13.9357,20.146958036818468,0.013891904341372777,20.183728990028452,2.1060247682130415e-05,20.134126459594416,0.013476480233828653,27.97422160015998,0.6449733371885464
2003 EY24,189187,MBO,MBO,21163620015682649,745337030711443462,12.610649,2.0624187,1.1039171,226.4450645705993,-39.21388407535947,2025060100659,48,60828.210579490755,u,226.44506037171266,-39.21389446916774,74.59375762939453,31880.0,427.203,False,30313.6,0.66474,32308.6,420.185,False,9.42309,10.2607,20.141204218189813,0.014549239870205613,20.195906224928198,2.380886210404952e-05,20.12670466431068,0.014120391167099448,28.96451665446088,1.182246348461364
2003 EY24,189187,MBO,MBO,21163620015682649,745337030826786910,12.610823,2.0624182,1.1039182,226.44493849953528,-39.21386285694308,2025060100660,12,60828.211108753036,u,226.4449365748219,-39.213872579045166,65.27530670166016,31499.1,480.624,False,30141.2,0.628636,32056.8,477.948,False,6.86758,14.8721,20.15425465046796,0.01656653289966621,20.202098681337073,2.2644515986880693e-05,20.135199554329088,0.016187686631994765,29.30799069198627,2.3512179581106367
2003 EY24,189187,MBO,MBO,21163620015682649,745337030958907593,12.610996,2.062418,1.1039194,226.4448119673466,-39.21384154549295,2025060100661,8,60828.21163931472,u,226.44480812100704,-39.213846149237604,63.68107604980469,31685.4,494.146,False,30506.0,0.195345,32296.4,491.914,False,10.6939,12.2541,20.147852001420993,0.016932473371994865,20.189036835188766,6.952505680928038e-06,20.127114698630752,0.01653710118025598,28.827159692397796,1.2441410266238404
2003 EY24,189187,MBO,MBO,21163620015682649,745337031134543978,12.611172,2.0624175,1.1039206,226.44468402141683,-39.213819980222105,2025060100662,87,60828.212176432426,u,226.44467035597165,-39.213832510718674,71.92010498046875,31531.3,435.281,False,29710.5,0.379445,32012.4,432.144,False,34.7736,13.7107,20.15314528162482,0.01498829212862951,20.217725098409574,1.386638258009207e-05,20.136704399666392,0.014656645370619918,27.54687581683049,0.42808920459360816
2003 EY24,189187,MBO,MBO,21163620015682649,745337031373095307,12.611521,2.0624168,1.103923,226.44443008379423,-39.21377713229326,2025060100664,30,60828.21324288734,u,226.44441187624992,-39.21378833963368,61.45236587524414,30330.2,490.285,False,29206.3,0.914967,30791.4,490.651,False,113.552,13.8109,20.1953118427265,0.017550830289200542,20.236308616298373,3.40136467820906e-05,20.178926397416355,0.01730085507326473,26.262013011613014,0.1320539805913588
2003 EY24,189187,MBO,MBO,21163620015682649,745337031517274171,12.611699,2.0624163,1.1039243,226.4443000429571,-39.21375516589704,2025060100665,49,60828.21378864703,u,226.4442886354691,-39.213767743510566,75.18744659423828,31133.6,413.943,False,29704.1,0.248676,31723.4,411.132,False,145.695,18.1065,20.166926660218486,0.014435622607828345,20.217959018553735,9.089537882120824e-06,20.1465506684763,0.01407102893699051,25.991388325940378,0.13493175663153284
2003 EY24,189187,MBO,MBO,21163620015682649,745337031694483581,12.611877,2.062416,1.1039255,226.4441700192185,-39.21373318608944,2025060100666,131,60828.21433446473,u,226.44416921503966,-39.213747685402524,74.49009704589844,30355.9,405.241,False,28769.6,0.844425,30982.6,400.494,False,153.92,14.2852,20.1943922023259,0.014494210903804285,20.2526654555148,3.186776429603216e-05,20.172205363420655,0.014034678435062101,25.93176237618173,0.10076636659266056
2003 EY24,189187,MBO,MBO,21163620015682649,745337031919927346,12.612223,2.0624154,1.1039279,226.44391835520452,-39.21369059736586,2025060100668,49,60828.21539188754,u,226.44391164347553,-39.21370503171691,73.69010925292969,31240.4,420.1,False,30113.3,0.833895,31730.7,416.576,False,100.387,17.5086,20.16320852162795,0.014600254175441855,20.203104094901683,3.0066116931211157e-05,20.146300894166007,0.014254070795034109,26.395806299230777,0.1893643696223242
2003 EY24,189187,MBO,MBO,21163620015682649,745337032096088143,12.612401,2.062415,1.103929,226.4437888579092,-39.2136686589564,2025060100669,129,60828.21593522885,u,226.44378718213702,-39.213680473110976,73.5108871459961,30295.8,409.477,False,29202.8,0.771689,30659.0,411.984,False,59.4514,59.2757,20.19654390926523,0.014674772784281684,20.236438735633186,2.869076462706176e-05,20.18360503642137,0.014589711149211537,26.964594770872363,1.082527447891839
2003 EY24,189187,MBO,MBO,21163620015682649,745337032171585632,12.612581,2.0624144,1.1039302,226.44365723586424,-39.21364634403841,2025060100670,17,60828.21648816911,u,226.44364702031245,-39.213657587509694,70.759765625,31054.5,438.652,False,29419.1,1.2397,31193.9,430.875,False,38.0186,33.9337,20.169688647046645,0.015336275465293255,20.22842655817349,4.575215241849931e-05,20.16482579745949,0.014997053313850945,27.45000968593097,0.9690795245364918
2003 EY24,189187,MBO,MBO,21163620015682649,745337032456273970,12.613498,2.0624125,1.1039366,226.44299035744584,-39.21353302666692,2025060100672,48,60828.21929123738,u,226.44298298732966,-39.213548604371944,71.01805114746094,31024.3,436.244,False,28731.5,1.36949,31604.1,429.289,False,39.4359,13.2212,20.170744994377007,0.01526693204980197,20.254104249959436,5.175173258734938e-05,20.15064144517492,0.01474791615504796,27.410270563105932,0.36400170659517417
2003 EY24,189187,MBO,MBO,21163620015682649,745337032614084619,12.613672,2.0624123,1.1039377,226.4428628877725,-39.21351131806544,2025060100673,93,60828.21982715353,u,226.44285744767495,-39.21352351210399,70.08438873291016,31335.9,444.417,False,29587.7,0.547517,31843.0,443.054,False,17.3896,13.0892,20.159894554942174,0.015398300748110577,20.22222201219559,2.009142471653801e-05,20.142465057889467,0.01510660907652048,28.299275972022958,0.8172366090558268
2003 EY24,189187,MBO,MBO,21163620015682649,745337032747253883,12.613845,2.0624118,1.1039389,226.44273733744012,-39.21348992107233,2025060100674,91,60828.22035526454,u,226.44272906209866,-39.213499461238214,70.65186309814453,30271.6,428.566,False,28437.2,0.849691,30668.5,427.155,False,-11.6642,21.8556,20.19741157370951,0.015371161044363448,20.26528294880608,3.2441319061327695e-05,20.183268662232702,0.015122280099062463,nan,nan
2003 EY24,189187,MBO,MBO,21163620015682649,745337032904015880,12.61402,2.0624115,1.1039401,226.442609664484,-39.21346814680097,2025060100675,134,60828.2208923231,u,226.44259482428723,-39.213481628229275,69.21037292480469,30986.6,445.923,False,28660.0,0.28498,31234.3,439.699,False,-0.420365,21.2935,20.172065198794364,0.015624649243349296,20.256809534846685,1.0795991019443187e-05,20.163420529580932,0.015284386623728923,nan,nan
2003 EY24,189187,MBO,MBO,21163620015682649,745337033147285595,12.614367,2.0624106,1.1039425,226.44235793600757,-39.21342516934896,2025060100677,86,60828.221951134125,u,226.44234435428388,-39.21343546057313,70.34777069091797,30743.7,436.783,False,28802.6,0.326767,31333.1,432.929,False,89.6488,21.7811,20.180609693616955,0.015425310466072211,20.251420781899164,1.2317733975395597e-05,20.159991601635333,0.015001601488855753,26.518638753408567,0.2637907828287395
2003 EY24,189187,MBO,MBO,21163620015682649,745337033575104608,12.614892,2.0624096,1.1039461,226.441975602266,-39.213359777434,2025060100680,134,60828.22356095805,u,226.4419666030145,-39.213368823976786,65.83851623535156,31201.3,471.418,False,29044.2,0.410123,31659.5,469.492,False,68.4903,23.1311,20.164568249702043,0.01640430291569868,20.24235148252544,1.533130164661437e-05,20.148739870632642,0.016100837568995257,26.81092728055813,0.3666836221569141
2003 EY24,189187,MBO,MBO,21163620015682649,745337034202677373,12.615755,2.0624077,1.103952,226.44134767996292,-39.21325207766886,2025060100685,51,60828.22620493625,u,226.4413376899726,-39.2132578514306,68.73465728759766,30293.2,440.461,False,28589.3,0.165788,30802.6,437.455,False,81.6671,31.5476,20.19663714766154,0.015786528502329297,20.259491165518824,6.296132588648315e-06,20.178531573329725,0.015419501045260228,26.6198821781615,0.41941457071134214
2003 EY24,189187,MBO,MBO,21163620015682649,745337034331652110,12.615931,2.0624073,1.1039532,226.44122020207607,-39.21323016687507,2025060100686,41,60828.22674156445,u,226.4412108840615,-39.21324170041603,72.9356460571289,30418.9,414.197,False,29011.0,0.152815,30792.5,417.724,False,62.9082,62.4856,20.192141223152916,0.014783856852798198,20.24359325236452,5.719098868919754e-06,20.178887624759795,0.014728848561698323,26.903231864799025,1.0784425308038637
2003 EY24,189187,MBO,MBO,21163620015682649,745337034446995542,12.616106,2.062407,1.1039544,226.4410922677769,-39.21320816201054,2025060100687,5,60828.2272806609,u,226.4410832053956,-39.21321850367175,76.63839721679688,31886.5,416.149,False,29176.5,0.257018,32106.3,414.218,False,35.0724,45.1509,20.140982870449058,0.014169884482774396,20.2374170177286,9.564332519402367e-06,20.13352432506214,0.014007576527667497,27.53758631260114,1.3977363955298547
2003 EY24,189187,MBO,MBO,21163620015682649,745337034758946912,12.616453,2.0624063,1.1039568,226.440840251386,-39.21316476911453,2025060100689,88,60828.22834285549,u,226.44083276750592,-39.21317528594541,66.66490936279297,29871.8,448.342,False,28907.4,0.444217,30200.9,440.77,False,46.6707,21.2831,20.21184648937296,0.01629567485657988,20.247477405445437,1.668439462826434e-05,20.199950272669135,0.01584588303173708,27.22738921132548,0.4951250425296099
2003 EY24,189187,MBO,MBO,21163620015682649,745337034998546488,12.616798,2.0624056,1.1039592,226.44058878231317,-39.21312141000656,2025060100691,33,60828.229402733734,u,226.44057356189205,-39.21313446636248,62.27183151245117,30510.5,487.443,False,29873.9,1.5365,30997.4,483.771,False,21.5571,16.6265,20.18887668791941,0.017345979431143115,20.21177017854656,5.584251242545683e-05,20.171686817297157,0.016944894689612303,28.066024144210843,0.8374035406387386
2003 EY24,189187,MBO,MBO,21163620015682649,745337035141152833,12.616974,2.062405,1.1039604,226.44046165215684,-39.2130994668529,2025060100692,49,60828.22993857999,u,226.4404487512363,-39.21310800499052,71.6198501586914,31040.9,431.525,False,29170.3,0.0496612,31252.8,427.867,False,5.63814,24.3699,20.170164224574517,0.015093708727371433,20.237647731878244,1.8484198621045281e-06,20.162777641052816,0.014864290107760636,29.52216032222057,4.692909633086935
2003 EY24,189187,MBO,MBO,21163620015682649,745337035318362216,12.617151,2.0624049,1.1039617,226.4403324065325,-39.213077142763375,2025060100693,131,60828.23048306469,u,226.44032724364152,-39.21309227322448,71.4248275756836,30286.2,425.892,False,27826.2,1.15277,30558.2,420.921,False,-29.178,14.8653,20.19688806311013,0.01526789012122294,20.288865274773084,4.497934342294153e-05,20.187180605313106,0.014955369421592698,nan,nan
2003 EY24,189187,MBO,MBO,21163620015682649,745337035432132675,12.617326,2.0624044,1.1039629,226.44020578851504,-39.213055257091824,2025060100694,92,60828.23101794704,u,226.4401944951771,-39.21306331194938,69.43167877197266,30596.4,438.753,False,28736.4,0.489392,31093.8,434.777,False,-72.5147,15.0974,20.18582416111991,0.015569478791350221,20.253919084623806,1.849050747182497e-05,20.16831547074963,0.015181583684943604,nan,nan
2003 EY24,189187,MBO,MBO,21163620015682649,745337035543806009,12.617498,2.062404,1.1039641,226.440080137421,-39.21303352345325,2025060100695,49,60828.231547046715,u,226.4400636455156,-39.213040132203865,68.8326644897461,31072.4,449.978,False,29203.5,1.47873,31515.3,448.48,False,-136.523,17.7142,20.16906298883429,0.015723194743786785,20.23641273956421,5.4976652052606926e-05,20.153696359057022,0.015450621538344296,nan,nan
2003 EY24,189187,MBO,MBO,21163620015682649,745337035721539593,12.617676,2.0624037,1.1039653,226.4399511866537,-39.2130112034468,2025060100696,132,60828.23209182689,u,226.4399413919111,-39.2130217076869,71.96106719970703,30137.6,417.464,False,28266.5,0.214391,30355.4,418.874,False,-168.946,56.8748,20.20222835300612,0.015039544396195712,20.271819907922733,8.234909281395795e-06,20.194410085919085,0.0149820675560984,nan,nan
2003 EY24,189187,MBO,MBO,21163620015682649,745337035794940129,12.617855,2.0624032,1.1039665,226.43982107065457,-39.212988665712864,2025060100697,16,60828.23264072521,u,226.43981988124142,-39.21299425577942,65.32438659667969,29909.1,452.897,False,29085.0,0.613738,29806.4,445.73,False,-159.777,21.0336,20.210491652189827,0.01644070466160576,20.240827329664032,2.2910695109590702e-05,20.21422617237072,0.01623628496339029,nan,nan
2003 EY24,189187,MBO,MBO,21163620015682649,745337035986305040,12.618033,2.062403,1.1039678,226.43969097464813,-39.21296611534377,2025060100698,125,60828.233189765626,u,226.43967955268792,-39.21297771781383,73.65071105957031,31195.9,422.693,False,28685.8,0.137691,31622.3,422.502,False,-98.7172,21.398,20.16475618760714,0.014711326822729626,20.255832555056614,5.211502077063233e-06,20.150016336938563,0.014506399661751004,nan,nan
2003 EY24,189187,MBO,MBO,21163620015682649,745345747890733463,13.244401,2.061097,1.1084259,226.0259180685008,-39.137426215506025,2025060300071,60,60830.14386858969,i,226.02590982894847,-39.137436339463704,494.3984069824219,256405.0,513.49,False,268367.0,6.32333,258292.0,513.53,False,-124.0,6.84285,17.877683775386586,0.0021743517996074928,17.828177221621093,2.5582386190500938e-05,17.869722612225047,0.0021586349752919956,nan,nan
2003 EY24,189187,MBO,MBO,21163620015682649,745345748177519349,13.244724,2.0610964,1.1084282,226.025706836582,-39.13738510433579,2025060300073,95,60830.144807851495,i,226.02569879896564,-39.137395461641105,500.0237121582031,258330.0,515.2,False,272431.0,2.65345,259206.0,514.54,False,-108.358,22.9238,17.86956289012318,0.00216533622089964,17.811858688640758,1.057495933197424e-05,17.865887374511978,0.0021552536705930396,nan,nan
2003 EY24,189187,MBO,MBO,21163620015682649,745345748328514226,13.244885,2.061096,1.1084294,226.02560178995432,-39.13736464158372,2025060300074,127,60830.14527409608,i,226.02559270434296,-39.13737622841478,502.80841064453125,254271.0,502.779,False,258422.0,1.57593,253309.0,497.299,False,-61.3622,9.41325,17.886757922389684,0.002146864385948963,17.869176291786285,6.6211245809582025e-06,17.890873448925724,0.0021315292432694433,nan,nan
2003 EY24,189187,MBO,MBO,21163620015682649,745345748412399976,13.245065,2.0610957,1.1084307,226.025484602182,-39.137341799670274,2025060300075,31,60830.145795130025,i,226.02547629059833,-39.13735366122169,493.8807067871094,256423.0,520.621,False,251736.0,0.506354,257213.0,518.262,False,-72.6057,12.0708,17.877607557817758,0.0022043928895184653,17.897636682192193,2.18390235153754e-06,17.87426771295442,0.002187664865024103,nan,nan
2003 EY24,189187,MBO,MBO,21163620015682649,745345748579124054,13.245237,2.0610955,1.108432,226.02537236845149,-39.13731990942817,2025060300076,93,60830.14629471342,i,226.02536044590286,-39.137329544412594,499.9373474121094,261961.0,518.859,False,273618.0,1.35541,264875.0,523.194,False,-129.116,21.2651,17.85440840095191,0.002150488091766338,17.807138339715898,5.378365777768028e-06,17.84239757570287,0.002144598905307249,nan,nan
2003 EY24,189187,MBO,MBO,21163620015682649,745345748799325433,13.24559,2.0610948,1.1084347,226.02514207050788,-39.13727494895209,2025060300078,1,60830.14731800559,i,226.02513412934923,-39.137284952786,466.2020263671875,184345.0,394.595,False,253782.0,1.87254,234019.0,481.256,False,-143.343,7.91818,18.235921593230607,0.0023240450190777926,17.888847960901714,8.01114527314803e-06,17.976872201985607,0.0022327976614959543,nan,nan
2003 EY24,189187,MBO,MBO,21163620015682649,745345749000651021,13.245788,2.0610943,1.1084361,226.0250136626741,-39.13724985519743,2025060300079,129,60830.14788953394,i,226.025004743716,-39.137259633348975,503.15631103515625,259357.0,508.97,False,269355.0,2.1064,260345.0,505.96,False,-201.224,13.1448,17.865255064950546,0.0021306814832879263,17.82418739573543,8.490634128880067e-06,17.86112689664406,0.002110042754352463,nan,nan
2003 EY24,189187,MBO,MBO,21163620015682649,745345749106033328,13.245957,2.061094,1.1084374,226.02490302668065,-39.13722822007324,2025060300080,74,60830.14838116326,i,226.02489544469992,-39.137238420899045,498.5421447753906,257534.0,509.708,False,270731.0,0.777658,258005.0,507.799,False,-203.856,9.17328,17.8729135666771,0.0021488752472961655,17.8186550314445,3.1187098262848836e-06,17.870929693896493,0.0021369189404596804,nan,nan
2003 EY24,189187,MBO,MBO,21163620015682649,745345749217182205,13.246119,2.0610936,1.1084386,226.02479779288132,-39.13720762899538,2025060300081,30,60830.14884984063,i,226.02478857099246,-39.137218587482224,465.2491149902344,251838.0,538.242,False,264525.0,4.56633,251405.0,533.205,False,-167.189,9.75552,17.897196845765375,0.002320495044801526,17.843833192352026,1.8742386376184375e-05,17.899065223041063,0.002302738575657288,nan,nan
2003 EY24,189187,MBO,MBO,21163620015682649,745345749507637516,13.24644,2.061093,1.108441,226.02458824019487,-39.13716658991925,2025060300083,72,60830.149781497574,i,226.02457843684974,-39.1371762894066,476.77398681640625,255479.0,531.711,False,264345.0,1.69684,256037.0,530.1,False,-52.3416,7.33347,17.881611981082884,0.0022596686286454693,17.84457224930138,6.969379687981203e-06,17.87924317524856,0.002247912354991868,nan,nan
2003 EY24,189187,MBO,MBO,21163620015682649,745345749652341143,13.246609,2.0610926,1.1084422,226.02447807610773,-39.137144996028695,2025060300084,92,60830.15027192823,i,226.02446677211213,-39.137154609147494,499.45623779296875,257750.0,511.994,False,266693.0,0.980838,257507.0,507.963,False,62.8967,8.48827,17.872003315111115,0.0021567038193225615,17.83497095816254,3.993098163218871e-06,17.873027401799177,0.002141743073241947,26.903430318901954,0.1465263134379877
2003 EY24,189187,MBO,MBO,21163620015682649,745345749769781399,13.246771,2.0610924,1.1084434,226.02437241410613,-39.137124272167775,2025060300085,60,60830.15074167204,i,226.02436452403566,-39.13713435857199,495.3883056640625,260930.0,525.114,False,259784.0,0.112393,260636.0,519.527,False,193.948,6.97157,17.858689964328367,0.0021850124411505385,17.8634690011876,4.697331183881014e-07,17.859913995335017,0.002164203137182598,25.680786747193615,0.03902739933109236
2003 EY24,189187,MBO,MBO,21163620015682649,745345749901377590,13.24696,2.0610921,1.1084448,226.024249223632,-39.13710009498269,2025060300086,55,60830.15128934033,i,226.02424112689238,-39.137112009076205,490.37994384765625,256698.0,524.493,False,248312.0,0.667918,258901.0,525.825,False,327.796,6.54394,17.876443787537863,0.0022184084744196093,17.912505730233065,2.9204500109717903e-06,17.86716568027007,0.002205117991512428,25.11099090891323,0.02167504444772842
2003 EY24,189187,MBO,MBO,21163620015682649,745345750035071471,13.247119,2.0610917,1.108446,226.02414492233507,-39.13707961198677,2025060300087,54,60830.151753793805,i,226.02413518090123,-39.137089886755845,491.5415344238281,257685.0,525.625,False,253597.0,0.995774,258192.0,522.979,False,395.01,6.62321,17.872277153145717,0.0022146810742805817,17.88963972093428,4.263251742560746e-06,17.870143045856416,0.0021992053931545468,24.908479747447167,0.01820475091830647
2003 EY24,189187,MBO,MBO,21163620015682649,745345750185541890,13.2472925,2.0610914,1.1084473,226.0240323099664,-39.13705748347214,2025060300088,85,60830.15225463029,i,226.0240243865371,-39.137069927792396,493.7259216308594,257970.0,519.83,False,259337.0,0.924387,259021.0,518.104,False,345.662,7.35021,17.871076990828417,0.0021878445938461077,17.865338793407425,3.870023981860594e-06,17.866662560700316,0.0021717323107823803,25.053370943764172,0.023087263305683
2003 EY24,189187,MBO,MBO,21163620015682649,745345750275719723,13.247476,2.061091,1.1084486,226.023912736778,-39.13703397194211,2025060300089,1,60830.152786199236,i,226.02390395142706,-39.13704132756518,462.81219482421875,206734.0,449.641,False,249940.0,0.819669,220171.0,460.721,False,198.033,5.59055,18.11147023080611,0.002361447576601075,17.905410586283253,3.560631824360442e-06,18.043099712608992,0.002271968056668811,25.65815605728878,0.030650761917343398
2003 EY24,189187,MBO,MBO,21163620015682649,745345750412558734,13.247637,2.0610907,1.1084498,226.02380732966708,-39.137013232875226,2025060300090,6,60830.153255886624,i,226.02379601152202,-39.13702417284227,484.01300048828125,259580.0,532.471,False,257017.0,1.52951,259432.0,526.53,False,95.4573,7.12568,17.864321929758546,0.0022271478992843233,17.875095374920612,6.4612239873929114e-06,17.864941140731165,0.0022035551346787433,26.450477154004925,0.08104784931290819
2003 EY24,189187,MBO,MBO,21163620015682649,745345750595535110,13.247805,2.0610905,1.1084511,226.02369810799195,-39.13699173042938,2025060300091,99,60830.15374185756,i,226.02368981376165,-39.13700263099277,495.2972717285156,258034.0,518.069,False,270630.0,1.27919,258270.0,513.467,False,-8.0394,7.08884,17.87080766300359,0.0021798919405732276,17.819060156150393,5.1319618492166864e-06,17.8698150936562,0.0021585538007225483,nan,nan
2003 EY24,189187,MBO,MBO,21163620015682649,745345750973546576,13.250523,2.0610852,1.1084714,226.02192587414177,-39.136640995008,2025060300094,52,60830.16163155559,y,226.02191801901355,-39.136653624344426,180.47987365722656,257994.0,1404.37,False,259335.0,12.1954,258234.0,1386.21,False,-901.161,238.448,17.87097598506471,0.005910119415857454,17.86534716660825,5.10574645533877e-05,17.869966443901053,0.005828273356669517,nan,nan
2003 EY24,189187,MBO,MBO,21163620015682649,745345751130308787,13.250691,2.0610847,1.1084726,226.0218163220441,-39.136619200033685,2025060300095,95,60830.162119257664,y,226.02181431117407,-39.1366346791006,172.42486572265625,260070.0,1488.33,False,265995.0,13.7924,260131.0,1471.57,False,-1180.9,252.531,17.86227435582221,0.006213456830525051,17.83781631718942,5.629770642864598e-05,17.86201972382883,0.006142046770742476,nan,nan
2003 EY24,189187,MBO,MBO,21163620015682649,745345755978924156,13.293573,2.061001,1.1088046,225.9940662586984,-39.1306622849245,2025060300131,127,60830.287660705086,y,225.99377552731005,-39.130612224657106,131.8188018798828,65124.8,1322.74,False,178897.0,0.400619,84724.2,1303.97,False,18727.4,385.364,19.3656339805261,0.02205222403217477,18.26849235560183,2.4313798041738956e-06,19.079981268089625,0.016710306558103495,20.71880626056121,0.02234179079462175
2003 EY24,189187,MBO,MBO,21163620015682649,745345757821272188,13.295795,2.0609965,1.1088225,225.9926454881036,-39.130334451478205,2025060300145,57,60830.2942377335,y,225.99232390976343,-39.13026364036463,114.12147521972656,57366.5,1445.12,False,168167.0,2.65189,72350.0,1438.84,False,13237.9,377.429,19.503354115360796,0.027350790076414312,18.335648058265484,1.712139139582547e-05,19.25140366136236,0.021592268745598657,21.095452227775954,0.030955688008998693
2003 EY24,189187,MBO,MBO,21163620015682649,745350147564634332,13.556019,2.060485,1.110845,225.836706096308,-39.09650513450155,2025060400083,92,60831.068613880816,i,225.83669820333748,-39.0965157514937,429.86962890625,223848.0,514.3,False,223331.0,0.694534,223824.0,512.641,False,30.6059,15.5654,18.02511695381385,0.0024945235912471413,18.027627473618935,3.3765160828109878e-06,18.0252333679248,0.0024867435315283834,27.685487119392807,0.5521784544879311
2003 EY24,189187,MBO,MBO,21163620015682649,745350148130340973,13.565312,2.0604675,1.1109154,225.83097535477896,-39.09534639918317,2025060400087,147,60831.095043810456,y,225.83097563100728,-39.09535917469482,123.07339477539062,189023.0,1519.04,False,189301.0,8.43598,200159.0,1516.63,False,8751.32,148.647,18.208713370977595,0.008725270294553358,18.20711772957367,4.838457661769627e-05,18.14656219348174,0.008226760253217533,21.54481604996531,0.018441952449631784
2003 EY24,189187,MBO,MBO,21163620015682649,745350148215275770,13.56549,2.0604672,1.1109167,225.8308659919672,-39.095323965858725,2025060400088,53,60831.09554722253,y,225.83086201058512,-39.09533361858826,135.11083984375,189365.0,1390.61,False,176343.0,0.160509,204730.0,1377.66,False,11492.6,115.753,18.206750719502704,0.007973150306521074,18.28410443783232,9.882469852693031e-07,18.122046283917456,0.007306087905813553,21.248954308542906,0.010935491132711993
2003 EY24,189187,MBO,MBO,21163620015682649,745350148372561998,13.565654,2.060467,1.1109179,225.8307650903881,-39.09530325716071,2025060400089,97,60831.09601224091,y,225.83075456590637,-39.095315152664206,138.34912109375,184241.0,1331.26,False,172463.0,0.366735,197453.0,1328.15,False,12631.6,352.518,18.236534294571904,0.0078451440805749,18.308260159004412,2.308770457218877e-06,18.161340658572097,0.00730310791356293,21.146354122119995,0.030300324036272624
2003 EY24,189187,MBO,MBO,21163620015682649,745350148478992484,13.565843,2.0604665,1.1109195,225.830648129519,-39.09527923926743,2025060400090,44,60831.096551857474,y,225.83062967588734,-39.095285184952225,138.5017547607422,182244.0,1303.4,False,174259.0,1.79259,195391.0,1290.13,False,10892.8,228.89,18.24836690251517,0.007765131339242869,18.29701195632596,1.1168891634108632e-05,18.17273861101541,0.007168911849297315,21.307151195136566,0.022814534711035846
2003 EY24,189187,MBO,MBO,21163620015682649,745350148772069462,13.566216,2.0604658,1.1109222,225.8304176747795,-39.09523187373068,2025060400092,91,60831.09761341344,y,225.83040294843866,-39.09524049686263,138.6101531982422,191729.0,1370.99,False,185769.0,11.0417,199364.0,1361.29,False,5061.61,120.441,18.193280482183656,0.007763736673943197,18.227566891789728,6.453376960834643e-05,18.150883153336565,0.00741358460196808,22.13927833065567,0.025835091961594392
2003 EY24,189187,MBO,MBO,21163620015682649,745350148895277070,13.566387,2.0604656,1.1109235,225.8303122104252,-39.09521017906833,2025060400093,70,60831.098099404946,y,225.83030467140242,-39.09521760491514,125.37934875488281,195491.0,1539.42,False,191426.0,6.63512,202587.0,1539.72,False,3124.45,108.449,18.1721830795617,0.008549775058912053,18.19499768873776,3.7633288657948554e-05,18.133471066854536,0.008251910129383963,22.66306606915727,0.037685674212403444
2003 EY24,189187,MBO,MBO,21163620015682649,745350149027397761,13.566552,2.0604653,1.1109248,225.8302106510678,-39.09518927668742,2025060400094,66,60831.09856711778,y,225.8301958313882,-39.095202512632355,126.12196350097656,196302.0,1543.09,False,189318.0,6.73223,200178.0,1528.07,False,2149.26,73.7365,18.16768818904712,0.008534750756946428,18.207020230422845,3.8609250320665776e-05,18.14645913536867,0.008288027975545991,23.069277604854683,0.03724928171007786
2003 EY24,189187,MBO,MBO,21163620015682649,745350149149032500,13.566715,2.0604649,1.110926,225.83010995862247,-39.09516854205801,2025060400095,42,60831.099031430014,y,225.83009558137599,-39.09517820859324,131.3445587158203,195258.0,1483.75,False,187918.0,7.05168,199515.0,1475.6,False,1390.68,87.7094,18.173477908547532,0.008250422998340013,18.215079045939923,4.0742581210743566e-05,18.150061118710774,0.00803003441963694,23.54193193578635,0.06847676205171865
2003 EY24,189187,MBO,MBO,21163620015682649,745350150894387295,13.568986,2.0604608,1.1109434,225.82870822262407,-39.094878783676165,2025060400108,43,60831.105490660055,y,225.82870048265164,-39.09488766772946,122.38046264648438,191375.0,1553.59,False,183842.0,3.19885,201896.0,1540.66,False,8660.13,59.0747,18.195286990734203,0.008814050284729239,18.238888159952147,1.889180474475968e-05,18.13718071322951,0.008285208118698656,21.556188986190534,0.007406302306515484
2003 EY24,189187,MBO,MBO,21163620015682649,745350151056392345,13.569154,2.0604603,1.1109447,225.82860448384767,-39.09485725629372,2025060400109,96,60831.10596891403,y,225.82859705320516,-39.09486321027813,128.3852081298828,192532.0,1483.91,False,178788.0,0.342149,202407.0,1458.44,False,9897.88,68.9429,18.18874269437002,0.008368140614094072,18.269154084497266,2.077787912249931e-06,18.134436180064732,0.007823252391716148,21.41114455234475,0.007562609894920919
2003 EY24,189187,MBO,MBO,21163620015682649,745350151213154432,13.569321,2.06046,1.110946,225.82850161323748,-39.09483589766948,2025060400110,139,60831.10644265353,y,225.82849557044577,-39.094844575420126,122.05130004882812,194764.0,1580.78,False,182141.0,1.45069,219404.0,1571.76,False,21900.0,63.4087,18.17622828658758,0.008812255394047327,18.248980708418642,8.647513127711256e-06,18.04688864744005,0.007777965523844279,20.5488897128997,0.003143612796329276
2003 EY24,189187,MBO,MBO,21163620015682649,745350151294419141,13.569506,2.0604599,1.1109475,225.82838724020132,-39.0948121374949,2025060400111,38,60831.10696907119,y,225.82838332814785,-39.09482113352135,122.6232681274414,190564.0,1530.73,False,181359.0,4.26895,218513.0,1529.36,False,25009.0,71.6537,18.199897849459923,0.008721316510482705,18.253652218855798,2.555678822425988e-05,18.051306801078088,0.0075990055795515776,20.404759183625018,0.003110760855288315
2003 EY24,189187,MBO,MBO,21163620015682649,745350151483686940,13.569689,2.0604594,1.1109488,225.828274169446,-39.0947886340251,2025060400112,143,60831.10749027906,y,225.82826523799739,-39.094798273237316,117.06194305419922,192156.0,1621.4,False,184018.0,1.63772,235815.0,1624.53,False,41015.9,56.2923,18.190865125758528,0.009161372576979446,18.237849234346655,9.662814969846111e-06,17.968571433110426,0.00747963899041368,19.867619427387538,0.0014901194845509098
2003 EY24,189187,MBO,MBO,21163620015682649,745350151568621692,13.569873,2.0604591,1.1109502,225.82816044785707,-39.09476498137367,2025060400113,49,60831.108014389276,y,225.82815022851426,-39.09477368514993,120.78504180908203,190928.0,1580.45,False,175722.0,2.30231,245494.0,1561.2,False,52614.2,59.842,18.197825941800186,0.00898742841173386,18.287934656015928,1.4225317892139036e-05,17.92489779448119,0.006904654736384304,19.597242587801652,0.0012348876520547063
2003 EY24,189187,MBO,MBO,21163620015682649,745350151734296735,13.570046,2.0604587,1.1109515,225.82805323725907,-39.09474267014453,2025060400114,109,60831.1085080136,y,225.8280455969791,-39.094748833780855,113.9033432006836,192327.0,1684.87,False,181854.0,2.13115,259434.0,1677.29,False,65035.5,55.1229,18.18989935664387,0.009511531683067813,18.250692854768673,1.2723760382722524e-05,17.864932770661014,0.007019490588320471,19.36712379125867,0.0009202501123282613
2003 EY24,189187,MBO,MBO,21163620015682649,745350151995392117,13.570392,2.0604582,1.1109543,225.82784033624824,-39.094698327198536,2025060400116,95,60831.10948961336,y,225.82783062042037,-39.09470830503764,107.47990417480469,189531.0,1746.89,False,185829.0,2.47439,282716.0,1726.88,False,91614.1,70.7462,18.20579936492772,0.01000713199758492,18.227216275409383,1.445702683737644e-05,17.771624030995163,0.006631871357030252,18.995094182658313,0.0008384267267667765
2003 EY24,189187,MBO,MBO,21163620015682649,745350152110735805,13.571059,2.0604568,1.1109594,225.82742799580004,-39.09461230523042,2025060400117,59,60831.11138907884,i,225.82742180894877,-39.09462588491489,330.4761962890625,189123.0,565.469,False,188232.0,2.13912,228635.0,561.317,False,39976.0,4.7338,18.208139129160905,0.0032463008708969246,18.213266358195757,1.2338604174581907e-05,18.002143214998853,0.0026655682956289997,19.895501658913673,0.00012856859052546148
2003 EY24,189187,MBO,MBO,21163620015682649,745350152354529507,13.571422,2.0604563,1.1109622,225.8272042512036,-39.09456555041199,2025060400119,12,60831.11242028263,i,225.8271930547278,-39.094575978375055,332.96502685546875,186311.0,559.636,False,180959.0,1.06998,208395.0,552.859,False,21348.8,4.50665,18.224403757844314,0.003261305300502766,18.256049530931634,6.419774931486903e-06,18.102781763076905,0.0028803908057725854,20.576566288566152,0.00022919474896188492
2003 EY24,189187,MBO,MBO,21163620015682649,745350152505524358,13.571599,2.0604558,1.1109635,225.82709465903747,-39.094542629515786,2025060400120,44,60831.11292579128,i,225.82708686400485,-39.09455676142437,329.9476013183594,183494.0,555.149,False,174029.0,0.323532,203335.0,558.679,False,18209.7,4.40147,18.240945330021464,0.0032848232313937554,18.298445938337366,2.0184589339645493e-06,18.12946964983162,0.002983146210110605,20.74924306916398,0.00026243352379844544
2003 EY24,189187,MBO,MBO,21163620015682649,745350152751939996,13.571958,2.060455,1.1109663,225.82687352474665,-39.09449633985054,2025060400122,2,60831.11394455659,i,225.82686399148656,-39.09450637932439,338.73040771484375,186488.0,550.66,False,178324.0,0.326655,192625.0,551.369,False,5213.5,4.80226,18.22337277158801,0.0032059514250469567,18.27197550681018,1.988858260536568e-06,18.18821837068381,0.00310780690786129,22.107176555307674,0.001000093499952873
2003 EY24,189187,MBO,MBO,21163620015682649,745350152961130547,13.572149,2.0604548,1.1109678,225.8267552556314,-39.094471560756894,2025060400123,145,60831.11448960945,i,225.82675239500244,-39.09448209229962,330.9100036621094,185292.0,558.11,False,189362.0,2.2783,190517.0,560.917,False,3810.66,4.22166,18.230358327456358,0.0032702988652139357,18.206767920328705,1.3062984369852621e-05,18.200165664448768,0.0031966065300314487,22.447499521853914,0.0012028387105737478
2003 EY24,189187,MBO,MBO,21163620015682649,745350153040822407,13.572327,2.0604546,1.1109691,225.82664545115125,-39.09444854136176,2025060400124,41,60831.114995164666,i,225.8266398853067,-39.09445748453538,335.3277282714844,186159.0,552.283,False,173757.0,0.150941,190054.0,556.456,False,2205.7,4.39175,18.225289906593392,0.003221083429264037,18.300144225835464,9.431683777843803e-07,18.202807463801935,0.003178909250334165,23.041133916064567,0.00216179985018734
2003 EY24,189187,MBO,MBO,21163620015682649,745350153337569672,13.572665,2.060454,1.1109717,225.82643669634547,-39.09440474141686,2025060400126,95,60831.115957246846,i,225.82642359944342,-39.09441517888441,344.9526062011719,188816.0,544.872,False,181714.0,1.51515,188967.0,542.133,False,672.149,4.70462,18.20990301745067,0.003133141616344587,18.251529028888392,9.05297972317889e-06,18.209035079106968,0.0031149005970504758,24.331336129193435,0.00759947011511611
2003 EY24,189187,MBO,MBO,21163620015682649,745350153473360323,13.572832,2.0604537,1.110973,225.82633340595004,-39.09438305173659,2025060400127,98,60831.11643327834,i,225.82632770752502,-39.0943937462045,336.5187072753906,184122.0,542.737,False,175503.0,0.455181,186157.0,546.238,False,518.521,4.56136,18.237235790720327,0.0032004280315859495,18.289288638560773,2.8159432844980083e-06,18.225301571267536,0.0031858611120590906,24.613084133370375,0.009551076242838208
2003 EY24,189187,MBO,MBO,21163620015682649,745350153581363330,13.573005,2.0604532,1.1109743,225.82622707904451,-39.09436071211135,2025060400128,48,60831.116923456546,i,225.82621615064375,-39.09437354581627,334.4785461425781,184431.0,548.377,False,173947.0,0.286094,186087.0,549.091,False,452.031,4.32649,18.235415197395184,0.0032282684479878272,18.298957642422927,1.7857314267396147e-06,18.225709913834397,0.0032037056974310854,24.76207943724255,0.010391824212546657
2003 EY24,189187,MBO,MBO,21163620015682649,745350153733406757,13.57318,2.060453,1.1109757,225.82611880084184,-39.09433794965607,2025060400129,82,60831.11742234856,i,225.82611189686725,-39.094347622640605,347.91156005859375,181322.0,518.938,False,175795.0,0.547983,183124.0,523.349,False,253.801,4.75724,18.253873748187168,0.003107343631226784,18.287483703464062,3.384424884893966e-06,18.24313683470563,0.003102919092875172,25.388766699623893,0.020351013629104662
2003 EY24,189187,MBO,MBO,21163620015682649,745350153988210831,13.573548,2.0604522,1.1109785,225.8258911834147,-39.09429005709781,2025060400131,56,60831.11847171503,i,225.82588546792383,-39.09429936420006,339.5568542480469,182708.0,537.73,False,173671.0,0.898545,183894.0,539.054,False,97.5561,4.73749,18.24560609084429,0.0031954424993913986,18.300681737581876,5.617419529912956e-06,18.23858110117616,0.0031826512100147993,26.426863936321624,0.05272519771718495
2003 EY24,189187,MBO,MBO,21163620015682649,745350154116661635,13.573732,2.060452,1.1109799,225.8257777032298,-39.09426615844985,2025060400132,45,60831.11899477252,i,225.82576941563775,-39.094275215471285,332.3288269042969,181419.0,545.607,False,175150.0,1.36026,182148.0,546.046,False,54.2598,4.51185,18.253293078153334,0.0032652879116182856,18.29147464586572,8.432106996786671e-06,18.248938982462413,0.0032548363634485804,27.063804529274776,0.09028191716969322
2003 EY24,189187,MBO,MBO,21163620015682649,745350154286530951,13.573915,2.0604515,1.1109813,225.82566487615028,-39.09424238314018,2025060400133,113,60831.11951485122,i,225.8256577401694,-39.09425249420202,321.4691467285156,182173.0,561.664,False,175500.0,0.389389,183311.0,563.291,False,49.0119,4.57517,18.248789974279184,0.003347471586347614,18.28930719799539,2.408967202440935e-06,18.242028683530577,0.0033363270588182906,27.174246112045815,0.10135145887917114
2003 EY24,189187,MBO,MBO,21163620015682649,745350154516693316,13.574287,2.0604508,1.1109842,225.8254348892289,-39.09419387556652,2025060400135,40,60831.12057471301,i,225.8254264197741,-39.09420479554212,322.8562316894531,179988.0,557.95,False,173199.0,0.728007,182011.0,563.008,False,49.396,4.3091,18.26189112206824,0.003365705095330878,18.303636549499558,4.563672869792971e-06,18.24975591060133,0.00335846824860675,27.165770547125426,0.09471507920900833
2003 EY24,189187,MBO,MBO,21163620015682649,745350154785128776,13.574622,2.0604503,1.1109868,225.8252279094628,-39.094150170022026,2025060400137,40,60831.1215287136,i,225.8252185942304,-39.09415995288187,298.4026184082031,176599.0,592.707,False,171592.0,0.295656,181864.0,609.012,False,224.378,4.06016,18.28252939991016,0.003643981089217686,18.31375740947069,1.8707423340525124e-06,18.250633152680514,0.003635828990395267,25.52254928954042,0.019646590866233743
2003 EY24,189187,MBO,MBO,21163620015682649,745350154942939202,13.574792,2.0604498,1.1109881,225.82512333797075,-39.09412807062437,2025060400138,85,60831.12201084937,i,225.82511265932266,-39.09413712121025,304.4195556640625,175367.0,575.268,False,170370.0,0.195557,180362.0,590.784,False,230.326,4.08204,18.290130318563293,0.0035616125090261594,18.321517191492195,1.2462482426305204e-06,18.25963739382412,0.0035563786955168735,25.494142567502962,0.01924237106758787
2003 EY24,189187,MBO,MBO,21163620015682649,745350155083448738,13.574967,2.0604496,1.1109895,225.8250150805528,-39.09410517935288,2025060400139,97,60831.12250966196,i,225.82500931643386,-39.09411603116389,321.8770446777344,178210.0,550.993,False,170229.0,0.0105223,181353.0,558.927,False,162.693,4.56635,18.272669824499715,0.0033568993209845428,18.322416130206733,6.7112198727473e-08,18.253688139460735,0.0033462213574488734,25.871577876965024,0.030473663333331003
2003 EY24,189187,MBO,MBO,21163620015682649,745350155209277660,13.575139,2.0604494,1.1109909,225.8249089951396,-39.094082734593705,2025060400140,81,60831.12299886494,i,225.8248971223908,-39.09409365260608,338.70965576171875,176434.0,521.032,False,167535.0,0.318637,178484.0,525.87,False,118.811,4.7047,18.283544299292537,0.0032063167368666526,18.33973612501566,2.0649759254053e-06,18.27100177413375,0.003198920310474391,26.212858399241185,0.04299318450018183
2003 EY24,189187,MBO,MBO,21163620015682649,745350155381244266,13.57533,2.060449,1.1109923,225.8247914145391,-39.09405784298888,2025060400141,153,60831.1235406249,i,225.8247865940352,-39.094067981643775,343.4852294921875,176923.0,513.655,False,175468.0,1.70332,177471.0,512.474,False,77.6591,4.90108,18.280539262782433,0.0031521840691358096,18.289505185040642,1.0539564028481325e-05,18.277181508901613,0.0031352253311072134,26.674519069675785,0.06852100924030655
2003 EY24,189187,MBO,MBO,21163620015682649,745350155467751742,13.575511,2.0604486,1.1109937,225.8246792602848,-39.094034085633474,2025060400142,62,60831.12405712095,i,225.82467150556246,-39.09404551901265,321.32269287109375,182999.0,568.371,False,177769.0,0.903653,183835.0,566.952,False,169.235,4.49532,18.24387820867486,0.003372154720442156,18.275359926507107,5.519122043003041e-06,18.23892950141998,0.003348439314536628,25.828774531729998,0.028839965067672193
2003 EY24,189187,MBO,MBO,21163620015682649,745350155627135028,13.5756855,2.0604482,1.110995,225.82457144736264,-39.09401123452983,2025060400143,110,60831.12455407015,i,225.82456530756113,-39.09402214328446,319.6502685546875,175322.0,546.122,False,173263.0,0.219412,177425.0,550.495,False,118.966,4.54084,18.29040895935033,0.003382030992617396,18.303235425463477,1.3749245427976819e-06,18.277462965247686,0.0033687042228371434,26.211442819993202,0.04144170946372534
2003 EY24,189187,MBO,MBO,21163620015682649,745350155757682832,13.575867,2.060448,1.1109965,225.82445973273948,-39.09398754262012,2025060400144,103,60831.12506960335,i,225.82445469265554,-39.093999710936174,322.9072570800781,175895.0,540.897,False,177418.0,1.71735,178916.0,547.756,False,75.4513,4.50693,18.286866264108937,0.003338761342033364,18.2775058019582,1.0509582330249362e-05,18.26837704962966,0.0033240095934851995,26.705833160037827,0.06485424154173028
2003 EY24,189187,MBO,MBO,21163620015682649,745350155873026142,13.576045,2.0604475,1.1109978,225.82434953962044,-39.093964159572415,2025060400145,67,60831.125577607454,i,225.82433698790493,-39.09397640473414,306.1324768066406,175132.0,569.893,False,169480.0,1.03911,177856.0,575.989,False,57.5221,4.34992,18.29158623168345,0.003533069163658358,18.327203861677617,6.656828465503034e-06,18.27482869809685,0.0035161710917060987,27.000413195633506,0.08210523485878711
2003 EY24,189187,MBO,MBO,21163620015682649,745350156002525410,13.576223,2.0604472,1.1109992,225.82423934945632,-39.09394076341941,2025060400146,58,60831.12608588372,i,225.82423114264083,-39.09395397782091,334.2394104003906,173832.0,518.176,False,170253.0,0.864052,174434.0,517.9,False,-15.8948,4.55268,18.299675682719194,0.003236472405565542,18.322263066791,5.510226173135131e-06,18.29592215038328,0.0032235848914286594,nan,nan
2003 EY24,189187,MBO,MBO,21163620015682649,745350156182356101,13.576983,2.0604458,1.1110051,225.82376977603667,-39.09384090678565,2025060400147,145,60831.12825076384,z,225.82375723572147,-39.09385200641742,214.87576293945312,168948.0,782.192,False,167882.0,0.904687,170641.0,790.306,False,-389.326,9.28232,18.33061736255054,0.0050267194136485085,18.337489664058353,5.850844141681665e-06,18.31979153118546,0.0050284742231148745,nan,nan
2003 EY24,189187,MBO,MBO,21163620015682649,745350156409897065,13.577354,2.060445,1.111008,225.82354075948172,-39.093792114547554,2025060400149,67,60831.12930685378,z,225.82352921275188,-39.09380094333294,198.04039001464844,164594.0,830.53,False,166614.0,0.048097,166478.0,837.3,False,-477.454,9.02236,18.35896500079214,0.005478550384257306,18.345721272819873,3.134229640104595e-07,18.346607875512532,0.005460702981717499,nan,nan
2003 EY24,189187,MBO,MBO,21163620015682649,745350156511608929,13.577549,2.0604448,1.1110095,225.8234208357053,-39.09376654078775,2025060400150,5,60831.12985930641,z,225.82341569545457,-39.09377636247098,221.66168212890625,164693.0,740.255,False,156654.0,0.187667,166877.0,742.051,False,-416.47,9.76221,18.35831214849302,0.004880120342423026,18.41264627843592,1.3006808215654433e-06,18.344008790737604,0.004827937127611927,nan,nan
2003 EY24,189187,MBO,MBO,21163620015682649,745350156785287477,13.577903,2.060444,1.1110122,225.8232024686724,-39.09371993178302,2025060400152,15,60831.13086617373,z,225.8231945471555,-39.093733884954425,228.61920166015625,164201.0,718.846,False,159366.0,0.657644,164157.0,712.757,False,-363.892,10.2647,18.36156050578262,0.0047531813865812084,18.394010819448305,4.480427896950257e-06,18.361851483272407,0.004714182768754489,nan,nan
2003 EY24,189187,MBO,MBO,21163620015682649,745350156931039537,13.578074,2.0604439,1.1110135,225.8230962181044,-39.09369723356152,2025060400153,37,60831.131356691156,z,225.82308821318472,-39.09370903708458,224.4667205810547,164961.0,733.445,False,160785.0,0.732766,164854.0,728.945,False,-329.194,9.87948,18.35654679835633,0.004827370097483621,18.38438617505554,4.948163983469458e-06,18.357251276794152,0.004800866134455847,nan,nan
2003 EY24,189187,MBO,MBO,21163620015682649,745350157052149853,13.578246,2.0604434,1.111015,225.8229901880061,-39.09367456953947,2025060400154,12,60831.13184505954,z,225.82298695563412,-39.09368443598866,169.31781005859375,161561.0,949.628,False,166351.0,1.58943,168416.0,990.734,False,-474.169,8.59155,18.37915866844784,0.006381772151566931,18.34743646018933,1.0373858097055072e-05,18.334041629157042,0.006387016569847543,nan,nan
2003 EY24,189187,MBO,MBO,21163620015682649,745350157655605585,13.578997,2.060442,1.1110208,225.8225266496451,-39.09357533617122,2025060400158,139,60831.13398304685,z,225.82251490781647,-39.093585408305785,223.83535766601562,165866.0,739.334,False,164045.0,2.47804,166723.0,737.384,False,-219.584,9.62319,18.35060657149252,0.0048395793848288295,18.362592505323782,1.6400973653894992e-05,18.34501120912735,0.004802003775070773,nan,nan
2003 EY24,189187,MBO,MBO,21163620015682649,745350157759938715,13.579185,2.0604417,1.1110222,225.82241088536676,-39.09355051497484,2025060400159,82,60831.134517216386,z,225.82240603528797,-39.09356242883506,228.63787841796875,162686.0,710.293,False,157659.0,0.201248,163994.0,712.14,False,-183.717,10.0781,18.371624547042497,0.004740364004432395,18.405703081022004,1.3859167266009185e-06,18.362930102663665,0.004714783447935859,nan,nan
2003 EY24,189187,MBO,MBO,21163620015682649,745350157902545174,13.579366,2.0604415,1.1110237,225.82229902787225,-39.09352651674535,2025060400160,98,60831.135033047016,z,225.82228658195393,-39.093535512350385,224.3704833984375,164003.0,729.676,False,159516.0,0.436717,164471.0,728.296,False,-156.0,9.78122,18.36287051903427,0.004830616991827062,18.39298937300275,2.972488415109047e-06,18.359776667541286,0.0048077615947285605,nan,nan
2003 EY24,189187,MBO,MBO,21163620015682649,745350158034141507,13.579547,2.060441,1.1110251,225.8221871751704,-39.09350250508861,2025060400161,93,60831.13554982965,z,225.82218124974506,-39.093512767822084,220.59634399414062,161504.0,731.601,False,154352.0,0.400855,162998.0,734.583,False,-114.808,9.76682,18.37954179236602,0.004918303617564625,18.428719347049523,2.819677046984959e-06,18.369544310988456,0.004893086829176769,nan,nan
2003 EY24,189187,MBO,MBO,21163620015682649,745350158191951909,13.579719,2.0604408,1.1110264,225.822081179529,-39.09347973742562,2025060400162,138,60831.1360389287,z,225.8220672300577,-39.093489907528934,202.24020385742188,160676.0,793.108,False,156363.0,0.768539,165108.0,808.734,False,-15.2918,9.14359,18.385122471221198,0.005359269826263893,18.414665014329536,5.336496674604277e-06,18.355579708246978,0.005318166250947649,nan,nan
2003 EY24,189187,MBO,MBO,21163620015682649,745350158261682335,13.5799055,2.0604403,1.1110278,225.82196565144943,-39.09345490739663,2025060400163,15,60831.1365716153,z,225.82195419441632,-39.09346702638417,222.31983947753906,161636.0,726.059,False,158235.0,1.21323,164754.0,735.461,False,47.2905,9.53554,18.378654763913957,0.00487706059223627,18.40174362153857,8.324629511380388e-06,18.35791008133656,0.004846720767308744,27.213065220754626,0.21892516392761735
2003 EY24,189187,MBO,MBO,21163620015682649,745350158411628553,13.58018,2.0604398,1.11103,225.82179594540844,-39.093418405036886,2025060400164,45,60831.13735423785,z,225.821790447511,-39.09343249133886,206.4544677734375,155891.0,756.827,False,157380.0,0.120983,163192.0,786.493,False,309.363,9.05174,18.417947392643086,0.005271083662727745,18.407626147565004,8.346398534293435e-07,18.368252837622883,0.005232633365687012,25.173829050392477,0.03176786264352969
2003 EY24,189187,MBO,MBO,21163620015682649,745350158565769327,13.580448,2.0604393,1.111032,225.82163080196293,-39.09338285195371,2025060400165,83,60831.138116907576,z,225.82162901384584,-39.09339375594629,202.5926971435547,160102.0,787.488,False,155762.0,0.0886675,166046.0,804.896,False,1174.14,9.2958,18.389008107060924,0.005340371803197229,18.41884621266672,6.180551849639461e-07,18.349428954919354,0.005263027859893296,23.725700277389993,0.008595897178566719
2003 EY24,189187,MBO,MBO,21163620015682649,745350158681637095,13.580618,2.060439,1.1110334,225.8215254801841,-39.09336016108291,2025060400166,48,60831.13860286224,z,225.82151816451912,-39.093375925452285,199.66836547851562,157496.0,786.514,False,156611.0,0.900543,163586.0,802.252,False,1802.58,9.15391,18.406826179288924,0.00542202151440251,18.412944343378363,6.243189248040534e-06,18.365634667048557,0.005324624705743848,23.260263656045318,0.005513614597112846
2003 EY24,189187,MBO,MBO,21163620015682649,745350158845739141,13.5809,2.0604386,1.1110356,225.8213514711796,-39.09332264371697,2025060400167,105,60831.13940591714,z,225.82134830424323,-39.09333750355772,206.41688537597656,157832.0,762.38,False,155717.0,0.177488,156959.0,766.328,False,2818.45,8.85186,18.40451235049562,0.005244459761549932,18.419159929672063,1.237534415911e-06,18.410534442211944,0.005300938827978998,22.7749741819772,0.003409954087642392
2003 EY24,189187,MBO,MBO,21163620015682649,745350159225323591,13.581444,2.0604374,1.1110399,225.82101584208013,-39.093250180351305,2025060400170,61,60831.14095498783,z,225.82100785632946,-39.093261803734585,200.6757049560547,157215.0,780.341,False,154582.0,0.63138,175647.0,788.928,False,15459.2,9.11225,18.4087650499011,0.0053890817000170205,18.427102695122368,4.434618185699576e-06,18.288398158582137,0.004876642750636548,20.927032446766674,0.0006399748992834746
2003 EY24,189187,MBO,MBO,21163620015682649,745350159403057298,13.581621,2.0604372,1.1110412,225.82090643231368,-39.09322652999209,2025060400171,144,60831.1414595869,z,225.82089980282007,-39.09323796651788,194.58250427246094,157167.0,801.766,False,151936.0,0.254737,190919.0,825.701,False,27452.4,9.33372,18.409096591390327,0.005538735004177104,18.44584827849385,1.8203531253164486e-06,18.19787712264406,0.0046956743844859105,20.303549188979588,0.00036914651578212897
2003 EY24,189187,MBO,MBO,21163620015682649,745350159535177795,13.5817995,2.060437,1.1110426,225.82079616149088,-39.093202679326765,2025060400172,140,60831.14196845822,z,225.8207866725406,-39.09321417847931,195.95834350585938,156205.0,794.915,False,155151.0,0.23688,200389.0,811.465,False,40908.3,9.28986,18.415762672022986,0.005525226281801479,18.42311355224462,1.6576702500585405e-06,18.14531530494633,0.004396633340911977,19.870471398825128,0.00024655966878767876
2003 EY24,189187,MBO,MBO,21163620015682649,745350159805710527,13.582165,2.0604362,1.1110455,225.82057087136897,-39.09315390663574,2025060400174,144,60831.14300832761,z,225.82056025969686,-39.09316352776999,213.00425720214844,156058.0,732.482,False,150273.0,0.0322226,206265.0,737.977,False,48341.3,10.6206,18.416784907983633,0.005096068262454043,18.4577976084856,2.3281123101899318e-07,18.113936147183246,0.0038845579038894276,19.6892041691342,0.0002385366027575787
2003 EY24,189187,MBO,MBO,21163620015682649,745350160026435667,13.582536,2.0604355,1.1110483,225.8203417069259,-39.09310423406493,2025060400176,53,60831.14406696765,z,225.8203309665285,-39.09311502855617,203.77642822265625,157463.0,769.083,False,150432.0,1.49378,243045.0,771.645,False,83354.3,12.0691,18.407053696488866,0.005302968100736748,18.456649426229603,1.0781290192855064e-05,17.935783272358655,0.0034471103496322574,19.097680018953987,0.000157206763569921
2003 EY24,189187,MBO,MBO,21163620015682649,745350160164847882,13.58274,2.060435,1.11105,225.820215872405,-39.09307693251901,2025060400177,61,60831.144647023204,z,225.82020379332954,-39.09308538766543,185.5796356201172,155705.0,835.565,False,151794.0,0.661258,270167.0,846.13,False,111410.0,11.0956,18.41924360285163,0.005826422880315016,18.446863486423975,4.7297767501910955e-06,17.820919249250487,0.003400393017035546,18.782689564424913,0.00010813118007968105
2003 EY24,189187,MBO,MBO,21163620015682649,745350160582181121,13.583244,2.060434,1.111054,225.8199044609382,-39.09300928726226,2025060400180,89,60831.14608578975,z,225.81989579942677,-39.09302305695857,207.2827606201172,153412.0,740.119,False,147361.0,0.285466,225497.0,749.844,False,69232.1,11.5621,18.435351670557676,0.005238012764808998,18.479043599976364,2.1032753287777657e-06,18.017148078945233,0.00361039292034448,19.299231212602766,0.00018132326963026093
2003 EY24,189187,MBO,MBO,21163620015682649,745350160852713536,13.58359,2.0604336,1.1110567,225.81969096296984,-39.09296284477803,2025060400182,93,60831.1470719184,z,225.8196870086949,-39.09297179824151,157.2908935546875,153032.0,974.509,False,160649.0,0.708698,251563.0,1018.67,False,92032.6,9.01006,18.438044364617795,0.006913976638509566,18.38530493369749,4.789690874831772e-06,17.898383086897233,0.004396540354288594,18.990145753086683,0.00010629438394581092
2003 EY24,189187,MBO,MBO,21163620015682649,745350161074487650,13.583956,2.060433,1.1110595,225.8194653657371,-39.092913711739456,2025060400184,4,60831.148113354415,z,225.81945796821415,-39.092923348265046,213.2458038330078,152224.0,711.364,False,139639.0,0.210816,168856.0,710.651,False,14927.1,10.7222,18.44379217565048,0.005073796933503335,18.537483174924596,1.6391592558318819e-06,18.331208757165808,0.0045694527923666245,20.96506142275218,0.0007798890251107633
2003 EY24,189187,MBO,MBO,21163620015682649,745350161274765551,13.58415,2.0604324,1.111061,225.81934500079305,-39.09288747267704,2025060400185,130,60831.14866928883,z,225.81934154419585,-39.09290052384711,193.49998474121094,156727.0,804.601,False,156016.0,1.57619,176693.0,814.371,False,16627.8,9.33602,18.412140448507614,0.005573924406123391,18.417077152264635,1.0968916924834178e-05,18.281951638706083,0.005004114753027533,20.84791296861189,0.0006096089053285402
2003 EY24,189187,MBO,MBO,21163620015682649,745350161384865912,13.58432,2.0604322,1.1110624,225.8192404457278,-39.09286466615669,2025060400186,84,60831.14915296554,z,225.81922635344492,-39.092875675563754,198.94174194335938,149192.0,747.866,False,143452.0,0.709047,159384.0,755.722,False,7927.99,9.57279,18.465636160137677,0.00544255203178379,18.50823348116418,5.366519950416026e-06,18.39388819512387,0.005148036940331146,21.652092233705936,0.0013109911257032031
2003 EY24,189187,MBO,MBO,21163620015682649,745416141391266143,18.852972,2.0523427,1.1723092,223.86181978578637,-38.16459758998141,2025061900255,175,60846.186645377835,g,223.86181243742263,-38.16460667162268,307.718994140625,101217.0,328.854,False,110436.0,3.52409,103407.0,333.126,False,-100.867,3.68764,18.88686634754125,0.0035275566171758393,18.79222332981454,3.464660217597014e-05,18.86362515314207,0.003497702927590528,nan,nan
2003 EY24,189187,MBO,MBO,21163620015682649,745416141528629703,18.853134,2.0523424,1.1723117,223.8617897071131,-38.16456208388353,2025061900256,181,60846.18711265712,g,223.86178141372608,-38.164570473521515,314.795654296875,99587.0,318.375,False,96910.6,1.05143,100752.0,317.707,False,-73.6885,4.49923,18.90449337574671,0.0034710480704295684,18.934071776458605,1.1779677199380589e-05,18.89186581010503,0.0034237136056883034,nan,nan
2003 EY24,189187,MBO,MBO,21163620015682649,745416141785530477,18.853458,2.0523422,1.1723168,223.8617292742465,-38.16449066919519,2025061900258,159,60846.188051312194,g,223.8617195772053,-38.16450072920766,316.56439208984375,100263.0,316.314,False,99918.1,0.506982,102255.0,320.386,False,-109.824,3.42966,18.897148262175115,0.0034253269584541553,18.900889565306855,5.508999219154074e-06,18.875788617364655,0.0034018352633473996,nan,nan
2003 EY24,189187,MBO,MBO,21163620015682649,745416142048723342,18.853783,2.0523417,1.1723219,223.8616688395276,-38.16441914865414,2025061900260,149,60846.188991285606,g,223.86166145521378,-38.16443099657891,328.8376159667969,100611.0,305.439,False,97155.2,0.627503,102383.0,307.604,False,-103.637,3.91565,18.893386336019837,0.003296122447930587,18.931334839745762,7.012518935981274e-06,18.874430372538832,0.0032620337728878493,nan,nan
2003 EY24,189187,MBO,MBO,21163620015682649,745416142163542262,18.853943,2.0523415,1.1723244,223.86163883844492,-38.16438360564664,2025061900261,112,60846.189458533816,g,223.8616298386253,-38.1643929168122,326.8416748046875,99998.1,305.732,False,91969.7,0.166464,102255.0,309.681,False,-97.8259,4.59374,18.900020612218917,0.0033195059739614388,18.990888038500906,1.9651688161279996e-06,18.875788617364655,0.0032881704890775996,nan,nan
2003 EY24,189187,MBO,MBO,21163620015682649,745416142422016522,18.85427,2.0523412,1.1723297,223.8615777922967,-38.16431120317084,2025061900263,93,60846.19040916792,g,223.86156973347258,-38.16431964705762,329.2982177734375,99875.9,303.563,False,91856.9,0.159251,101599.0,306.253,False,-105.12,5.69125,18.901348252369008,0.003299988605436878,18.9922205567286,1.8823254880657966e-06,18.882776416562805,0.0032727680375106392,nan,nan
2003 EY24,189187,MBO,MBO,21163620015682649,745416142576157214,18.854433,2.052341,1.1723322,223.8615478385977,-38.16427563802938,2025061900264,131,60846.190876307934,g,223.86154183270475,-38.16428492819584,336.80328369140625,100892.0,299.696,False,91701.5,0.131776,101836.0,298.999,False,-99.2965,7.99726,18.890358171959683,0.0032251398848318893,18.994058900835988,1.5602141685698832e-06,18.880246669007672,0.00318781208805706,nan,nan
2003 EY24,189187,MBO,MBO,21163620015682649,745416142721384901,18.854593,2.0523407,1.1723347,223.86151809285943,-38.16424029417263,2025061900265,152,60846.19134019294,g,223.8615104429507,-38.16425013128627,331.11932373046875,99626.2,300.393,False,92921.5,0.320155,101383.0,303.38,False,-109.108,5.4689,18.904066052135285,0.003273712651462644,18.979709470369755,3.7408335951137542e-06,18.88508715454696,0.0032489732509490507,nan,nan
2003 EY24,189187,MBO,MBO,21163620015682649,745416142870807022,18.854753,2.0523405,1.1723373,223.86148817053572,-38.16420471465353,2025061900266,181,60846.191807329466,g,223.861481255166,-38.164214228339205,309.5888977050781,101140.0,326.466,False,94422.6,0.623578,102208.0,325.86,False,-108.772,6.33424,18.887692626758685,0.0035046070746843965,18.96231009478963,7.170330121226907e-06,18.876287774694074,0.003461548839407337,nan,nan
2003 EY24,189187,MBO,MBO,21163620015682649,745416143127707939,18.85508,2.05234,1.1723424,223.86142779732452,-38.16413284790638,2025061900268,159,60846.192750367045,g,223.8614227610487,-38.164140272587225,323.6328430175781,99896.3,309.365,False,93930.2,0.158778,101976.0,313.933,False,-118.189,4.22053,18.901126526596244,0.003362374591346493,18.967986846240656,1.8353097727404075e-06,18.878755067997197,0.003342437819461989,nan,nan
2003 EY24,189187,MBO,MBO,21163620015682649,745424938214097251,19.468048,2.0515914,1.1824121,223.78318616886065,-38.03212646112855,2025062100261,31,60848.03468406972,r,223.78301190809063,-38.031900371975034,221.61544799804688,23617.6,236.835,False,72353.3,5.91714,29109.9,235.774,False,5150.6,39.1801,20.46691061072851,0.010887657746611492,19.251354187208996,8.879281818135322e-05,20.23989820161045,0.008793859366011444,22.12035542064084,0.008259086652592064
2003 EY24,189187,MBO,MBO,21163620015682649,745424940920996265,19.471663,2.051587,1.1824713,223.7826800512491,-38.03137448075471,2025062100281,74,60848.04528746153,g,223.78267729246332,-38.0313880934414,203.11550903320312,43445.6,212.912,False,40495.0,0.274192,53175.6,212.897,False,9438.62,24.174,19.805135462527772,0.005320821010572747,19.881496491744937,7.3515295052118375e-06,19.585718970827,0.004346918087210526,21.462728732288372,0.0027807652449207423
2003 EY24,189187,MBO,MBO,21163620015682649,745424941031096913,19.471819,2.051587,1.1824738,223.7826582749476,-38.03134203087561,2025062100282,28,60848.045743727074,g,223.78264862497662,-38.0313506915036,194.1462860107422,43484.6,222.045,False,40115.7,0.126841,53807.8,222.705,False,9890.93,23.873,19.804161262231343,0.005544084226021278,19.89171408404956,3.4329666902715483e-06,19.57288689491098,0.004493751462761129,21.411907213581586,0.0026205604889594737
2003 EY24,189187,MBO,MBO,21163620015682649,745424941618299046,19.472477,2.0515864,1.1824846,223.78256605659527,-38.031204516431934,2025062100286,124,60848.04767462213,g,223.78255077885728,-38.03120315611373,204.37831115722656,47296.3,228.299,False,47056.9,3.60027,54493.1,228.965,False,6519.04,18.1846,19.712932064282107,0.00524084296957636,19.718441752391534,8.306844801508233e-05,19.559146182059088,0.00456196434077509,21.864540878934083,0.0030286176142476774
2003 EY24,189187,MBO,MBO,21163620015682649,745433742274723885,20.131893,2.0508242,1.1941664,223.73610945131944,-37.88463189789434,2025062300320,124,60850.07520280946,r,223.73610380378315,-37.88463788975422,295.1416320800781,97480.6,331.014,False,92226.5,0.624242,101673.0,318.826,False,4784.49,11.0218,18.927704498511364,0.0036868247275702614,18.987860681363628,7.348887232259291e-06,18.881985904512927,0.0034046494056916665,22.20041081879911,0.002501158276038853
2003 EY24,189187,MBO,MBO,21163620015682649,745433742549450824,20.132263,2.0508237,1.194173,223.7360806676286,-37.88455063372848,2025062300322,136,60850.0763166853,r,223.73607079113114,-37.88455939915912,305.7076110839844,100553.0,327.655,False,100772.0,0.924694,102285.0,314.405,False,2278.18,9.96481,18.894012419231753,0.003537904337460477,18.89165030501217,9.962824553852699e-06,18.875470126249212,0.0033373504436781352,23.006029945338668,0.00474903463221438
2003 EY24,189187,MBO,MBO,21163620015682649,745433742683144339,20.13241,2.0508237,1.1941756,223.7360692019016,-37.88451822987394,2025062300323,135,60850.07676085681,r,223.73606057573664,-37.88452980521466,312.2215881347656,99949.8,319.613,False,99169.0,1.19967,101019.0,306.912,False,1168.5,12.9581,18.900545210371817,0.0034718971285384367,18.90906016520405,1.3134397909127622e-05,18.888992337347517,0.0032986414069726146,23.730928208179385,0.012040289825525912
2003 EY24,189187,MBO,MBO,21163620015682649,745433743506276659,20.133318,2.0508227,1.1941918,223.73599845202887,-37.88431785327658,2025062300329,169,60850.07950386724,r,223.73599095911982,-37.88433050130967,286.7950439453125,100946.0,350.47,False,101106.0,0.787246,101425.0,340.301,False,260.985,14.5902,18.88977721340425,0.0037695200305801436,18.888057677551377,8.453914427833432e-06,18.88463745905909,0.003642860346550432,25.358461193019554,0.060697395345890415
2003 EY24,189187,MBO,MBO,21163620015682649,745433743773139003,20.133621,2.0508223,1.1941973,223.73597491094256,-37.88425101363258,2025062300331,166,60850.08041742332,r,223.7359652084207,-37.88426194151847,288.46856689453125,103718.0,357.482,False,97388.5,0.748122,103945.0,345.302,False,338.146,9.63417,18.860364665866875,0.003742177289552003,18.928730808044946,8.340441795939894e-06,18.85799099105098,0.0036067813275864166,25.077239376464444,0.03093387718633076
2003 EY24,189187,MBO,MBO,21163620015682649,745433744443703431,20.134415,2.0508215,1.1942115,223.7359133091828,-37.88407570037924,2025062300336,165,60850.08281278591,r,223.73590464592715,-37.884084605194154,297.1210021972656,104150.0,351.737,False,102637.0,0.378378,105069.0,343.211,False,-79.6025,11.8567,18.855851814290588,0.0036667651936904996,18.871740126347206,4.002637429469938e-06,18.846313502861193,0.003546589450559237,nan,nan
2003 EY24,189187,MBO,MBO,21163620015682649,745433745365926295,20.135485,2.0508204,1.1942307,223.73583045989835,-37.88383894973355,2025062300343,132,60850.08604196491,r,223.73582229902203,-37.88384934138843,321.5062255859375,105731.0,325.949,False,99403.5,0.378669,106653.0,322.192,False,-164.317,9.11754,18.839494150580244,0.003347122752752042,18.906495809531712,4.136017706538231e-06,18.830067309863118,0.0032799405940227584,nan,nan
2003 EY24,189187,MBO,MBO,21163620015682649,745433745919050019,20.13655,2.0508192,1.1942497,223.73574804048044,-37.88360226852082,2025062300347,163,60850.08926385996,g,223.73574230459548,-37.88361383110057,251.0879669189453,62496.5,249.006,False,58638.4,0.140393,62582.1,244.562,False,-90.9641,6.85706,19.410360759569777,0.004325919464666445,19.479544749705465,2.599487216658535e-06,19.40887464237723,0.00424290343780366,nan,nan
2003 EY24,189187,MBO,MBO,21163620015682649,745433746315411468,20.137022,2.0508187,1.1942582,223.73571172422663,-37.88349759719959,2025062300350,151,60850.09068660913,g,223.73570344639526,-37.88350471477924,264.4093933105469,63670.0,240.209,False,60181.9,0.299705,63220.2,233.237,False,-107.583,6.92108,19.390162875340394,0.004096177283039689,19.451335291409826,5.406950865929164e-06,19.397860349876517,0.00400558457246877,nan,nan
2003 EY24,189187,MBO,MBO,21163620015682649,745433746602197232,20.137337,2.0508182,1.1942639,223.73568743289124,-37.883427449501,2025062300352,186,60850.09163979355,g,223.73568053079242,-37.88343844446572,248.9354705810547,63640.9,255.452,False,60206.6,0.203393,64300.7,253.252,False,-102.842,7.45604,19.390659244794374,0.004358101272627784,19.450889716000887,3.6678891570539603e-06,19.37946076111115,0.004276234434079077,nan,nan
2003 EY24,189187,MBO,MBO,21163620015682649,745464542569431580,22.286827,2.0486562,1.2398849,223.9237332785328,-37.37483600235743,2025063000424,144,60857.220596073355,g,223.92372453739995,-37.37484758090107,164.11367797851562,40356.0,246.704,False,42304.8,0.361161,41276.2,242.884,False,328.981,5.93436,19.885229716594345,0.0066373143760430865,19.83402586439335,9.269055975456343e-06,19.86075075024954,0.006388862353210027,25.107073000119144,0.019585172935767635
2003 EY24,189187,MBO,MBO,21163620015682649,745464542705222088,22.286953,2.048656,1.239888,223.92375891332472,-37.37480301624376,2025063000425,147,60857.22103535601,g,223.9237525619531,-37.37481167806109,160.5078125,40259.9,250.85,False,41290.4,0.343855,41113.8,247.21,False,292.268,5.7647,19.88781831257078,0.006764968222987327,19.860377315798665,9.041710175882918e-06,19.8650309321051,0.006528339617536703,25.235546810830712,0.02141508244133908
2003 EY24,189187,MBO,MBO,21163620015682649,745464543916851348,22.288082,2.048655,1.2399156,223.9239899124492,-37.37450659687404,2025063000434,154,60857.22497839545,g,223.9239790218957,-37.374517852251195,158.48529052734375,40074.8,252.763,False,39827.9,0.425516,40447.6,250.112,False,79.0791,5.96129,19.892821569803154,0.006848042548019964,19.899531522520267,1.1599862286471986e-05,19.882768064551627,0.006713764045927677,26.654845683647082,0.08184701298796078
2003 EY24,189187,MBO,MBO,21163620015682649,745464544178995497,22.288332,2.0486548,1.2399218,223.92404153511265,-37.3744405574638,2025063000436,142,60857.22585671338,g,223.92403708885846,-37.37444974868847,164.19882202148438,40261.1,244.343,False,39029.6,0.200052,40506.4,238.281,False,42.4918,6.33848,19.88778586696351,0.0065892892569164325,19.921514705584404,5.565101437923334e-06,19.881190924270996,0.006386899970060005,27.32923721916668,0.16195871847010823
2003 EY24,189187,MBO,MBO,21163620015682649,745464544331563349,22.288458,2.0486548,1.2399249,223.92406754851444,-37.37440730741415,2025063000437,177,60857.226298626774,g,223.92406272415943,-37.374413675431896,141.29339599609375,39381.3,278.631,False,39447.9,0.529961,40297.2,277.924,False,59.0032,5.99647,19.911774857570094,0.007681812724696484,19.9099403215235,1.458627345667305e-05,19.88681284408342,0.007488167093859013,26.972811075332945,0.11034290502017395
2003 EY24,189187,MBO,MBO,21163620015682649,745464545410547978,22.289473,2.0486538,1.23995,223.92427728314448,-37.37413991717698,2025063000445,187,60857.22985155545,g,223.9242735479411,-37.37413817468607,136.7225341796875,39281.8,287.529,False,40184.2,0.489583,40363.5,288.723,False,67.0749,5.4537,19.91452152806343,0.007947207867172209,19.889861704419857,1.322803447814974e-05,19.885027955642926,0.007766348445972103,26.833599951490847,0.08827862297717981
2003 EY24,189187,MBO,MBO,21163620015682649,745464545790656899,22.29024,2.0486531,1.2399688,223.92443652323036,-37.3739377238962,2025063000448,144,60857.23253610583,r,223.92442753919804,-37.373947779115085,196.766357421875,68940.5,351.642,False,68894.4,0.324527,69409.2,344.431,False,-127.211,6.9698,19.30381392784768,0.005537970404305915,19.30454021905457,5.114359314262859e-06,19.296457354071247,0.005387775534643482,nan,nan
2003 EY24,189187,MBO,MBO,21163620015682649,745464546306556126,22.290737,2.048653,1.2399809,223.9245400619077,-37.3738066378608,2025063000452,104,60857.23427605582,r,223.92453171119587,-37.373816971031324,203.76731872558594,70527.1,345.888,False,68335.9,0.391594,70415.5,333.807,False,-146.187,7.06968,19.27910990974472,0.00532480587747852,19.31337772843989,6.221733893496982e-06,19.280829331422687,0.0051469683908190915,nan,nan
2003 EY24,189187,MBO,MBO,21163620015682649,745464546581282970,22.290985,2.0486526,1.2399871,223.92459193305825,-37.37374107892144,2025063000454,116,60857.23514684849,r,223.92458536892198,-37.37375103352477,189.83047485351562,69121.9,362.744,False,66015.1,0.0293035,69758.4,356.392,False,-154.422,6.97299,19.300960856096914,0.005697822105195118,19.350891760575514,4.819483813346437e-07,19.29100874699995,0.005546969315491648,nan,nan
2003 EY24,189187,MBO,MBO,21163620015682649,745468904437448823,22.502956,2.0484684,1.2452631,223.9796130119049,-37.32150563265414,2025070100155,3,60858.00189516181,g,223.9796098347523,-37.321513683432244,125.91004180908203,41336.7,327.097,False,41596.4,0.461582,43168.3,328.902,False,1002.72,7.25793,19.85916051304995,0.008591422286862157,19.852360676223547,1.2048069379669072e-05,19.81208761497333,0.008272292666192924,23.897050838332653,0.007858821393608547
2003 EY24,189187,MBO,MBO,21163620015682649,745473292967608746,22.769966,2.0482473,1.2521003,224.05544452938372,-37.2549111182428,2025070200084,28,60858.9773442424,i,224.05543695883117,-37.25492144661378,317.9452209472656,159750.0,502.33,False,155089.0,0.835792,159754.0,494.067,False,-133.917,14.8052,18.391397832923904,0.0034140710682765184,18.423547510764415,5.851154108565503e-06,18.391370647381194,0.0033578277499600176,nan,nan
2003 EY24,189187,MBO,MBO,21163620015682649,745473297122066838,22.775225,2.048243,1.2522315,224.0567527733928,-37.25368145462913,2025070200115,16,60858.996054181785,i,224.05674728071548,-37.25369169880459,336.049560546875,167337.0,493.712,False,143270.0,0.460529,167997.0,486.084,False,-6.30182,12.0205,18.341020053164886,0.003203362073063392,18.50961184777578,3.490004942911757e-06,18.336746184004966,0.0031414787973777026,nan,nan
2003 EY24,189187,MBO,MBO,21163620015682649,745473298745786498,22.77811,2.048241,1.2523035,224.05746811126843,-37.253001550544695,2025070200127,41,60859.006313071804,g,224.05746071873807,-37.253009974061534,240.74221801757812,79997.1,330.6,False,73816.0,0.210011,80963.5,332.608,False,-93.6673,8.17935,19.14231436996439,0.004486967513934364,19.229623730992145,3.0889854768909785e-06,19.12927681456877,0.004460337676208391,nan,nan
2003 EY24,189187,MBO,MBO,21163620015682649,745473298859032916,22.779745,2.0482397,1.2523444,224.05787302023083,-37.25261455342584,2025070200128,1,60859.01212558239,g,224.05786944536973,-37.25262244106793,208.14205932617188,79381.0,380.054,False,79881.8,2.80396,81104.1,386.452,False,0.683619,7.89341,19.15070858595352,0.00519820072717501,19.14388043649006,3.8110822490046413e-05,19.127392955689157,0.005173411889306498,31.812964652783766,12.53645811344639
2003 EY24,189187,MBO,MBO,21163620015682649,745473299277938844,22.780128,2.0482392,1.252354,224.0579681644945,-37.25252340539462,2025070200131,32,60859.013491481164,g,224.05796049404722,-37.252531013604724,225.83773803710938,79640.7,351.803,False,71727.6,0.0210166,80692.5,353.38,False,4.59465,10.7742,19.147162285914696,0.00479610612240184,19.260784227302395,3.1812694975010326e-07,19.132917072735744,0.0047548094970272835,29.744368963317523,2.54599153901181
2003 EY24,189187,MBO,MBO,21163620015682649,745473299546898609,22.780405,2.048239,1.2523609,224.0580366286726,-37.2524577681904,2025070200133,33,60859.0144748156,g,224.05802630949802,-37.25246630098895,218.1397247314453,79722.7,364.203,False,76576.8,0.824188,80672.7,364.485,False,11.38,12.2919,19.14604496069252,0.0049600473975698845,19.189757009197976,1.1685664341341705e-05,19.13318347693715,0.004905433056752155,28.759644333933856,1.1727381700181463
2003 EY24,189187,MBO,MBO,21163620015682649,745473301833842867,22.783192,2.0482368,1.2524307,224.0587260972985,-37.25179460145276,2025070200150,43,60859.02437459503,g,224.05871849276292,-37.25180210269397,224.96961975097656,80267.9,353.116,False,79624.5,0.565017,81558.9,356.216,False,127.04,18.7324,19.13864526877412,0.004776390440346467,19.14738320447265,7.704405011675747e-06,19.121321621461874,0.004742052909426094,26.14014877946797,0.16009481821684002
2003 EY24,189187,MBO,MBO,21163620015682649,745477693838459426,23.040174,2.048035,1.2592769,224.14357489712697,-37.18709479997923,2025070300105,39,60859.98488524995,i,224.14356532154272,-37.187102762801395,167.12611389160156,83256.1,491.615,False,73993.9,0.181185,83034.4,486.366,False,-211.199,13.8844,19.098959821646535,0.006411112022805687,19.22701022716501,2.6585857228339907e-06,19.101854890843413,0.006359595324160403,nan,nan
2003 EY24,189187,MBO,MBO,21163620015682649,745477693969006662,23.0403,2.0480347,1.2592801,224.1436115180911,-37.18706516907967,2025070300106,32,60859.9853425843,i,224.1436064788029,-37.18707532467095,165.92864990234375,83389.8,498.802,False,78675.9,2.19973,84037.4,498.338,False,-229.083,17.6862,19.097217710095133,0.006494408342763372,19.160395722428,3.035651910751319e-05,19.088818501497144,0.006438367115718308,nan,nan
2003 EY24,189187,MBO,MBO,21163620015682649,745477695040651684,23.041315,2.048034,1.2593064,224.14390677097364,-37.18682589079517,2025070300114,28,60859.98902848174,i,224.14390086289882,-37.18683516083078,152.14346313476562,81797.7,531.769,False,76980.3,1.34533,81987.9,531.73,False,-282.618,11.9863,19.118147227806503,0.0070583991260778365,19.18405104594698,1.8974640882929423e-05,19.115625613847662,0.0070415085878844565,nan,nan
2003 EY24,189187,MBO,MBO,21163620015682649,745477695178015293,23.04144,2.048034,1.2593096,224.1439430429229,-37.18679644889156,2025070300115,34,60859.98948136102,i,224.1439333866598,-37.18680373992607,159.17507934570312,82684.8,511.757,False,74517.5,0.920464,82442.6,506.657,False,-272.73,16.6453,19.106435840395115,0.006719894242710591,19.21935430937297,1.341136065274866e-05,19.10962078015021,0.006672470930286484,nan,nan
2003 EY24,189187,MBO,MBO,21163620015682649,745477695437013171,23.041698,2.0480337,1.2593163,224.1440181400011,-37.18673546069939,2025070300117,16,60859.99041966231,i,224.14401249833554,-37.18674277957636,173.16928100585938,81695.4,469.3,False,75198.4,0.500892,81401.3,464.6,False,-220.434,15.4056,19.119506011957903,0.00623702188109393,19.209478522096788,7.232023187580302e-06,19.123421689829527,0.006196867454483474,nan,nan
2003 EY24,189187,MBO,MBO,21163620015682649,745477696641827140,23.042843,2.0480328,1.259346,224.14435113510677,-37.18646451384641,2025070300126,10,60859.99458014552,i,224.1443428835037,-37.186468888113446,155.64410400390625,80608.4,515.409,False,73673.1,0.462174,81627.8,516.196,False,345.236,12.1082,19.13404926877981,0.006942182436251438,19.23172761601281,6.8111567488045825e-06,19.120404812253298,0.006865953632373525,25.054709833524704,0.038079202291102794
2003 EY24,189187,MBO,MBO,21163620015682649,745477697081704487,23.043667,2.0480323,1.2593673,224.1445906132385,-37.18626915009804,2025070300129,81,60859.99757415128,g,224.14458094642313,-37.1862783412351,113.96566009521484,38096.8,331.278,False,34294.2,0.362806,39508.2,335.162,False,738.343,9.59466,19.947778732817916,0.009441226756535687,20.061948334028486,1.1486245784633697e-05,19.908281912456914,0.009210683130874855,24.229354569589383,0.014108983595618818
2003 EY24,189187,MBO,MBO,21163620015682649,745477697614381304,23.044186,2.0480318,1.2593808,224.1447415003195,-37.18614584415022,2025070300133,73,60859.99946187201,g,224.1447213321778,-37.186158155712626,92.10680389404297,37990.1,407.678,False,37254.8,1.11621,40289.5,418.57,False,1164.56,6.50284,19.950823863508937,0.011651213239397624,19.972044386587015,3.253029317397326e-05,19.887020305628607,0.01127977788698742,23.73459527288279,0.006062691928486702
2003 EY24,189187,MBO,MBO,21163620015682649,745477697885437968,23.04445,2.0480318,1.2593877,224.144818410642,-37.18608292981361,2025070300135,78,60860.000423267935,g,224.14481204314842,-37.18609662284081,85.21236419677734,37233.3,435.635,False,36543.9,1.04804,39666.8,448.762,False,1209.11,6.35769,19.972671153239965,0.012703270788199543,19.99296281189054,3.113775639302192e-05,19.90393206240659,0.012283247803362705,23.69383548056371,0.005708971177577106
2003 EY24,189187,MBO,MBO,21163620015682649,745477698919334044,23.045483,2.0480309,1.2594144,224.14511790675127,-37.18583753876393,2025070300143,2,60860.004170322354,g,224.14510629196974,-37.1858536926941,90.18977355957031,37069.2,408.342,False,36994.9,0.100447,38604.4,418.583,False,520.764,6.42521,19.97746698910969,0.011960110120134496,19.97964540153515,2.9479454778647375e-06,19.933408026642525,0.011772511544620183,24.608397662430058,0.01339586343642141
2003 EY24,189187,MBO,MBO,21163620015682649,745477699206119658,23.04574,2.0480309,1.2594212,224.14519310500475,-37.1857758276888,2025070300145,37,60860.005111814564,g,224.1451857230821,-37.18578461761085,101.71221160888672,36988.2,360.669,False,36390.7,0.62006,38271.9,369.017,False,280.365,6.5811,19.979842029808115,0.01058692789583779,19.997523999264185,1.8499826453062822e-05,19.9427999862939,0.010468650147314094,25.280690546461166,0.02548584442400784
2003 EY24,189187,MBO,MBO,21163620015682649,745477700281434237,23.047499,2.0480294,1.2594669,224.1457029912695,-37.185356389661294,2025070300153,40,60860.011493409955,g,224.1456983544636,-37.18536209189868,90.21673583984375,35441.4,391.387,False,35544.2,0.565489,36407.1,401.461,False,-200.964,5.70258,20.026222875419904,0.011990018665998569,20.02307816404762,1.7273476060930577e-05,19.997034736716074,0.0119724098376712,nan,nan
2003 EY24,189187,MBO,MBO,21163620015682649,745477700419322016,23.047628,2.0480294,1.2594702,224.14574085510776,-37.18532517435193,2025070300154,47,60860.01196702088,g,224.14573235719112,-37.18534008894324,91.9094009399414,35691.4,385.628,False,34189.8,0.112655,36488.8,394.459,False,-202.258,5.81143,20.018591088657267,0.011730845229527718,20.065258574409206,3.5774882612996457e-06,19.994601024148256,0.011737257037566763,nan,nan
2003 EY24,189187,MBO,MBO,21163620015682649,745477707593154736,23.05843,2.0480213,1.2597519,224.1488776928329,-37.18271135523773,2025070300207,162,60860.05119479695,g,224.1488765372866,-37.182723002211716,99.0692138671875,39494.4,395.674,False,37681.0,0.832784,40373.1,400.922,False,-85.1572,7.66262,19.908661241958832,0.010877431136332766,19.959693950425137,2.399574683129431e-05,19.884769714303165,0.010781820337219007,nan,nan
2003 EY24,189187,MBO,MBO,21163620015682649,745477707948621869,23.059246,2.0480208,1.2597733,224.1491155270834,-37.1825113316515,2025070300210,72,60860.05415998683,r,224.14910683054612,-37.18251763290864,162.048583984375,70799.8,435.008,False,72136.4,2.37179,72250.3,436.066,False,-175.727,12.332,19.274919970754148,0.006670978604952709,19.254613861370927,3.569818088099938e-05,19.25290091015139,0.006552950986775842,nan,nan
2003 EY24,189187,MBO,MBO,21163620015682649,745477708067111131,23.059385,2.0480208,1.259777,224.1491561322005,-37.18247716174972,2025070300211,42,60860.05466537073,r,224.14915075662168,-37.18248479896433,181.75634765625,70342.5,385.338,False,66817.0,2.06873,70922.4,383.947,False,-129.041,20.1172,19.281955501872012,0.005947690677084955,19.3377825688524,3.3615624537105824e-05,19.273041464877515,0.005877764401438766,nan,nan
2003 EY24,189187,MBO,MBO,21163620015682649,745477708940050629,23.060255,2.0480201,1.2597997,224.14941015271583,-37.18226327203544,2025070300217,171,60860.057829278754,r,224.14940455032828,-37.182273726612756,151.82359313964844,71582.3,467.351,False,75462.4,2.79385,73145.4,473.546,False,-291.945,9.06862,19.262985926078567,0.007088622990540517,19.20567348910385,4.0197291615831155e-05,19.239532475147463,0.007029095977783848,nan,nan
2003 EY24,189187,MBO,MBO,21163620015682649,745477717000978593,23.071877,2.0480115,1.2601061,224.1528336928264,-37.179366673500326,2025070300277,186,60860.10013341848,r,224.1528250631805,-37.17937315312697,187.81520080566406,92987.0,491.573,False,98048.2,0.989766,94850.9,493.755,False,-278.211,9.53139,18.97894440880071,0.0057397120163139945,18.921400902492984,1.096016804016119e-05,18.95739637768419,0.005651898863509872,nan,nan
2003 EY24,189187,MBO,MBO,21163620015682649,745477717383709054,23.072691,2.048011,1.2601277,224.15307657704744,-37.17916074687557,2025070300280,148,60860.1031046497,z,224.15306913693294,-37.179170798626075,157.38934326171875,113159.0,709.379,False,106243.0,1.50706,112627.0,686.755,False,-555.494,49.0649,18.765777247779592,0.006806338814796045,18.83424918640638,1.5401199703289933e-05,18.770893709649254,0.006620390959540034,nan,nan
2003 EY24,189187,MBO,MBO,21163620015682649,745477718326378609,23.073624,2.0480103,1.2601523,224.153355177834,-37.17892455933321,2025070300287,154,60860.106506092234,z,224.15334471343033,-37.178933295568086,154.98631286621094,115498.0,738.195,False,116471.0,5.91058,115431.0,720.037,False,-820.698,39.8322,18.743563840219288,0.0069393846267779245,18.73445548933731,5.509810054794154e-05,18.744193854879725,0.006772619364656538,nan,nan
2003 EY24,189187,MBO,MBO,21163620015682649,745477718728507454,23.074022,2.04801,1.260163,224.1534745758709,-37.17882334960356,2025070300290,153,60860.10796213671,z,224.15346401212918,-37.17883292308481,154.89529418945312,117762.0,753.607,False,121445.0,5.01222,117069.0,728.081,False,-946.048,33.4975,18.722487067859767,0.006948068122378769,18.689050901964123,4.480998491493499e-05,18.728895228401655,0.006752461324557512,nan,nan
2003 EY24,189187,MBO,MBO,21163620015682649,745477718865871076,23.074142,2.0480099,1.2601662,224.1535103488665,-37.178793027747794,2025070300291,159,60860.10839861131,z,224.15350496140135,-37.178800382006045,153.75596618652344,118120.0,756.404,False,119437.0,4.32822,117050.0,732.822,False,-946.848,35.7374,18.7191914042674,0.006952719261864285,18.7071527842183,3.934547114690338e-05,18.72907145491839,0.006797534390171941,nan,nan
2003 EY24,189187,MBO,MBO,21163620015682649,745477719148462120,23.074398,2.0480096,1.260173,224.15358684767492,-37.17872818889908,2025070300293,186,60860.10933020136,z,224.1535853360487,-37.17873926267174,155.01670837402344,114067.0,734.258,False,113623.0,2.47873,113160.0,705.23,False,-909.461,32.658,18.757099950979267,0.006988966918232205,18.761334370461423,2.3685757839314538e-05,18.765767653037614,0.006766469799185139,nan,nan
2003 EY24,189187,MBO,MBO,21163620015682649,745477719532241104,23.074795,2.0480094,1.2601835,224.15370602802872,-37.17862718289352,2025070300296,150,60860.11078116637,z,224.15369862753928,-37.178639644704354,156.63148498535156,119155.0,756.017,False,115214.0,2.52852,119122.0,736.366,False,-842.551,30.7502,18.709719322512253,0.006888800802242121,18.746236863190767,2.3827883980429238e-05,18.710020059007896,0.006711600345621873,nan,nan
2003 EY24,189187,MBO,MBO,21163620015682649,745477719669604677,23.074923,2.0480094,1.2601869,224.153744325132,-37.17859472839404,2025070300297,156,60860.11124712518,z,224.15373498448113,-37.17860224228873,154.04080200195312,118264.0,756.794,False,117939.0,5.69555,118682.0,738.294,False,-797.703,33.4279,18.717868590262853,0.0069478341019718936,18.720856397269767,5.243273898291506e-05,18.714037859173185,0.006754120527523792,nan,nan
2003 EY24,189187,MBO,MBO,21163620015682649,745477719795957904,23.075047,2.0480092,1.2601902,224.1537818104985,-37.17856296305621,2025070300298,141,60860.11170341759,z,224.1537714832265,-37.17857047889276,152.0392608642578,117894.0,770.671,False,114770.0,3.09552,118409.0,750.498,False,-831.295,37.733,18.72127074241915,0.007097438622179474,18.75042904589754,2.9283943171200402e-05,18.716538216545636,0.0068815954431197994,nan,nan
2003 EY24,189187,MBO,MBO,21163620015682649,745477720746492168,23.07595,2.0480087,1.2602142,224.15405330679192,-37.17833293707498,2025070300305,162,60860.115002064354,z,224.15404252325055,-37.17833961403361,158.2187042236328,122159.0,763.383,False,113399.0,4.72781,122428.0,740.948,False,-240.231,46.2882,18.682686327736395,0.006784866906454485,18.763476938043333,4.5266310850754334e-05,18.68029811285303,0.0065709973806853655,nan,nan
2003 EY24,189187,MBO,MBO,21163620015682649,745504071632289808,24.517776,2.0471077,1.3041521,224.87457659208275,-36.80641733685766,2025070900027,8,60865.96350972583,i,224.87456974479542,-36.80642962461545,110.19979858398438,87014.6,783.501,False,81794.9,0.645062,94619.0,781.217,False,7888.15,15.811,19.05101966023705,0.009776237107817382,19.11818445627201,8.562480215412593e-06,18.960054115480226,0.008964325969801009,21.657562112198637,0.002176248576045764
2003 EY24,189187,MBO,MBO,21163620015682649,745504071764410404,24.517887,2.0471075,1.3041557,224.87464046804172,-36.80639069128599,2025070900028,4,60865.96396820879,i,224.87462715203938,-36.80640344870586,89.26690673828125,86693.6,961.75,False,79653.9,0.0112325,116258.0,966.503,False,29142.1,13.6809,19.05503238631644,0.012044796572136078,19.146982410031814,1.5310652862784197e-07,18.736442881335602,0.0090261942320924,20.23869790424307,0.0005097041129589107
2003 EY24,189187,MBO,MBO,21163620015682649,745504072839200849,24.518759,2.0471072,1.304184,224.87514910885344,-36.80617819239513,2025070900036,6,60865.967624468314,i,224.87513440436925,-36.806186414065145,112.90217590332031,83098.3,730.49,False,76518.2,1.32511,196923.0,725.407,False,113960.0,25.6433,19.101019692807146,0.009544352404766098,19.190588092627923,1.8802321521326518e-05,18.164258891603254,0.003999535981067593,18.7581188985814,0.00024431255041535083
2003 EY24,189187,MBO,MBO,21163620015682649,745504072989147226,24.518867,2.0471072,1.3041875,224.8752125329968,-36.806151655255256,2025070900037,36,60865.96808088166,i,224.87518418191812,-36.806146861525185,68.8658218383789,80589.5,1171.59,False,79618.7,2.46041,331068.0,1190.1,False,249504.0,20.8572,19.134303846762524,0.015784161001401578,19.147462251828408,3.355186958501067e-05,17.600206986922608,0.00390292819232127,17.907306218648547,9.076174268074124e-05
2003 EY24,189187,MBO,MBO,21163620015682649,745504074178756835,24.519865,2.0471067,1.30422,224.8757937604774,-36.80590805568294,2025070900046,1,60865.97226007635,i,224.87578886274935,-36.80591918190681,82.50498962402344,82041.9,986.377,False,77325.5,1.9756,170219.0,991.956,False,85756.8,14.7229,19.114910746691915,0.013053637911984156,19.179193157731973,2.7739626005342236e-05,18.322479912999114,0.006327158165863826,19.066828621993572,0.0001864013882940304
2003 EY24,189187,MBO,MBO,21163620015682649,745504074458726622,24.520086,2.0471065,1.3042271,224.87592206625672,-36.805854182112085,2025070900048,23,60865.97318333562,i,224.87591657501915,-36.80585959744475,90.39112854003906,84210.9,926.101,False,78077.1,0.0187969,136044.0,930.589,False,51307.5,13.0599,19.086579247943945,0.011940276352981564,19.168690793129816,2.6138873972903974e-07,18.565801518289245,0.007426818951122291,19.624547865459373,0.0002763651818675098
2003 EY24,189187,MBO,MBO,21163620015682649,745504075406639240,24.521242,2.047106,1.3042648,224.87659523132967,-36.805570949137845,2025070900055,39,60865.97802760426,y,224.87659159939025,-36.80556856098176,35.153194427490234,85258.2,2398.63,False,77739.2,11.4855,87260.0,2356.2,False,1492.6,207.604,19.073159561614915,0.030545791608650917,19.17339978867367,0.000160411002980987,19.047961978372996,0.029317116578462542,23.465141424548158,0.15101379269772472
2003 EY24,189187,MBO,MBO,21163620015682649,745504077005193430,24.522596,2.0471056,1.3043088,224.87738309680927,-36.80523822963893,2025070900067,16,60865.98369977755,y,224.8773831898173,-36.80525262062394,38.73072814941406,81710.1,2089.58,False,73195.6,5.37367,83065.0,2050.89,False,-649.381,224.731,19.119310624223964,0.0277656336264162,19.238787538970413,7.970954615736181e-05,19.101454826484158,0.026807023515856027,nan,nan
2003 EY24,189187,MBO,MBO,21163620015682649,745504078078935245,24.523472,2.047105,1.3043373,224.8778915944693,-36.80502279706523,2025070900075,16,60865.987361744585,y,224.8778918733309,-36.80503060501692,38.49610900878906,81148.1,2088.77,False,77592.3,6.11453,80017.3,2034.05,False,-1456.86,177.661,19.12680408979692,0.027947089210358544,19.175453480061265,8.555961039160469e-05,19.14204030985132,0.02759955492813861,nan,nan
2003 EY24,189187,MBO,MBO,21163620015682649,745504078351040741,24.523691,2.0471048,1.3043444,224.87801974276792,-36.804968420599295,2025070900077,23,60865.98828413301,y,224.87800913669955,-36.8049858989049,38.234092712402344,80300.4,2079.45,False,71920.0,0.617882,79516.0,2038.33,False,-1608.87,150.113,19.138205749543697,0.02811610081520436,19.25787580318707,9.3278208027165e-06,19.14886368739773,0.02783199142979553,nan,nan
2003 EY24,189187,MBO,MBO,21163620015682649,745504078915174493,24.524502,2.0471046,1.3043709,224.87849091103928,-36.804768202715366,2025070900081,75,60865.99167894689,z,224.8784789417468,-36.80477823007885,87.08577728271484,79055.5,904.192,False,78760.8,0.836201,78756.7,887.367,False,-142.358,33.3311,19.15516977553883,0.012418035538040743,19.15922474616896,1.1527228638516426e-05,19.159281180947183,0.012233199783004613,nan,nan
2003 EY24,189187,MBO,MBO,21163620015682649,745504079147434062,24.524725,2.0471046,1.304378,224.8786195886272,-36.80471344394384,2025070900083,6,60865.99260556275,z,224.8786034289439,-36.80472321578772,94.92865753173828,76690.7,799.558,False,73316.5,1.1822,76868.8,783.678,False,-65.3707,39.2219,19.188143201152013,0.011319612612810857,19.23699568916298,1.750707265611905e-05,19.185624790778032,0.011069089002781111,nan,nan
2003 EY24,189187,MBO,MBO,21163620015682649,745504079970566361,24.525404,2.0471041,1.3044002,224.87901489516244,-36.80454501228247,2025070900089,40,60865.99545329548,z,224.87900511667547,-36.80455182410504,94.67791748046875,77703.6,814.737,False,77913.3,2.9117,76698.2,787.559,False,-158.106,36.4398,19.1738971279504,0.01138415002571496,19.170971045592538,4.0575078264867525e-05,19.188037026308717,0.01114864895968613,nan,nan
2003 EY24,189187,MBO,MBO,21163620015682649,745504081162273012,24.526432,2.0471036,1.3044337,224.87961168663605,-36.80429014210358,2025070900098,9,60865.99975303552,z,224.87960389002043,-36.804303385462525,95.29256439208984,75411.7,789.396,False,72881.6,0.895007,74069.6,761.305,False,-459.421,35.3367,19.20640312709598,0.011365289170427964,19.24345523093171,1.3333152648643211e-05,19.2258999787812,0.011159455106745137,nan,nan
2003 EY24,189187,MBO,MBO,21163620015682649,745530476700631206,25.794897,2.0467508,1.3531377,225.9537471624296,-36.46530830702417,2025071500152,31,60872.00870770727,r,225.95372107658596,-36.465347306737705,11.33513355255127,46868.8,4125.64,False,53237.4,14.3573,50746.1,4187.59,False,620.742,71.7697,19.722790396269275,0.09557225253415925,19.584457938583366,0.0002928061974857097,19.636493289198228,0.08959541253503188,24.41772216441013,0.12553196039934117
2003 EY24,189187,MBO,MBO,21163620015682649,745534874599817308,25.981783,2.0467482,1.3614116,226.15991145088773,-36.41432327896303,2025071600151,6,60872.991036094056,g,226.15990520066427,-36.41433145639757,247.09117126464844,58909.7,236.196,False,57653.1,0.6152,60102.6,244.295,False,151.937,64.6531,19.474532986699764,0.004353214344874388,19.49794331002787,1.1585584760185652e-05,19.45276682249794,0.004413118854389771,25.94584115780416,0.46200867487740416
2003 EY24,189187,MBO,MBO,21163620015682649,745534874879787427,25.981997,2.0467482,1.3614206,226.1601299983463,-36.414268347261455,2025071600153,28,60872.99211911431,g,226.16012362041621,-36.41427526565817,229.50665283203125,59353.1,256.925,False,61218.3,1.11178,60271.5,246.17,False,84.0729,17.8191,19.466391453935053,0.00469988515865719,19.432796822895725,1.9717957437618372e-05,19.449719999859486,0.004434528417863607,26.588359944224486,0.23011983224713412
2003 EY24,189187,MBO,MBO,21163620015682649,745534877292560422,25.983673,2.0467482,1.3614925,226.16184540474697,-36.41383577814344,2025071600171,22,60873.000619886574,g,226.16183939428694,-36.41384536853758,249.48362731933594,61182.0,241.324,False,55905.4,0.498422,61469.4,251.969,False,-82.4536,79.3581,19.433440825784086,0.004282537501937979,19.531365632412026,9.679830970406522e-06,19.42835259256603,0.004450537444141805,nan,nan
2003 EY24,189187,MBO,MBO,21163620015682649,745534877699932365,25.984003,2.0467482,1.3615067,226.16218408703543,-36.41375008285749,2025071600174,31,60873.00229735322,g,226.16217741101187,-36.41375902383765,241.2633514404297,59442.4,245.179,False,61570.9,1.38138,60503.0,238.446,False,-53.5191,32.4283,19.464759188934785,0.004478280232148422,19.426561272932055,2.4359141661022446e-05,19.4455577265447,0.004278952351982609,nan,nan
2003 EY24,189187,MBO,MBO,21163620015682649,745534887038025842,26.014267,2.046749,1.3628296,226.1937703640305,-36.405454490806434,2025071600243,178,60873.15698063691,g,226.19376370569879,-36.40546214142834,146.299072265625,38904.3,266.087,False,37663.3,0.171336,39319.1,259.166,False,-95.3775,9.42374,19.925005964402942,0.007425921808402625,19.960204053584818,4.939176580523684e-06,19.913491035778954,0.007156468024216038,nan,nan
2003 EY24,189187,MBO,MBO,21163620015682649,745534889694068922,26.016026,2.0467494,1.3629085,226.19567638990316,-36.40494413262281,2025071600263,124,60873.16611992644,g,226.19566856319975,-36.40495414204255,146.0421600341797,37164.8,253.222,False,34823.4,0.36793,37404.1,244.744,False,-62.31,13.3042,19.974670477133454,0.007397652821874003,20.045322120192548,1.147145121892832e-05,19.96770193111019,0.007104232267998347,nan,nan
2003 EY24,189187,MBO,MBO,21163620015682649,745534890095149495,26.01629,2.0467494,1.3629204,226.19596347363665,-36.404867268509726,2025071600266,121,60873.16749333593,g,226.19595192195044,-36.40487152348928,149.17098999023438,36865.3,246.773,False,34213.8,0.418962,37340.6,241.568,False,19.8263,19.5727,19.983455545925043,0.007267820127458908,20.064496694350606,1.32952844579042e-05,19.969546724458926,0.007023966007885252,28.156895834759638,1.0718484999626299
2003 EY24,189187,MBO,MBO,21163620015682649,745534891600904306,26.017588,2.0467494,1.3629788,226.19737814982608,-36.40448856434652,2025071600277,177,60873.17425442111,r,226.19737391041775,-36.404496849121784,156.87367248535156,64521.1,408.395,False,60586.1,0.380489,63183.5,364.254,False,41.7722,12.5314,19.375745566380683,0.006872313315736287,19.44406747865155,6.818571639157439e-06,19.39849080091314,0.006259288471552174,27.347781588312735,0.3257140844576086
2003 EY24,189187,MBO,MBO,21163620015682649,745534896294330394,26.021193,2.0467496,1.3631418,226.20133983045747,-36.40342915841545,2025071600312,169,60873.19310054924,u,226.2013134789887,-36.403433913046364,11.035355567932129,7552.5,679.219,False,7840.39,0.861039,7852.81,646.373,False,369.726,30.6228,21.704773165136704,0.09764351577595184,21.664155815862706,0.00011923656617926395,21.662437267512143,0.08936807935853805,24.980299980649654,0.08992681705760777
