provid,permid,orbit_class,population,ssObjectId,diaSourceId,phaseAngle,helioRange,topoRange,ephRa,ephDec,visit,detector,midpointMjdTai,band,ra,dec,snr,psfFlux,psfFluxErr,psfFlux_flag,trailFlux,trailFluxErr,scienceFlux,scienceFluxErr,forced_PsfFlux_flag,templateFlux,templateFluxErr,psfMag,psfMagErr,trailMag,trailMagErr,scienceMag,scienceMagErr,templateMag,templateMagErr
2004 RA307,190060,MBO,MBO,21163624531048257,745174275616932685,18.111578,2.6568954,1.9503549,271.19512041121936,-22.933037008228943,2025042500455,61,60791.28027748602,i,271.19512338372124,-22.933040423202236,72.61876678466797,29682.9,406.546,False,29725.2,1.16463,95402.3,352.193,False,69621.0,27.3842,20.21873416329205,0.014870571757571411,20.21718806512777,4.2539025794974406e-05,18.9511029230896,0.004008170623411471,19.293149357564584,0.0004270552914676758
2004 RA307,190060,MBO,MBO,21163624531048257,745174276019586446,18.111265,2.6568904,1.9503324,271.1951549178772,-22.933116448513296,2025042500458,61,60791.28187701356,i,271.1951500806952,-22.933125758921072,80.74604797363281,32590.1,399.717,False,33386.2,1.3177,92080.8,356.359,False,62275.6,30.6146,20.1172857803548,0.01331653585466711,20.091082548671206,4.285227613038327e-05,18.98957732735211,0.004201873689899098,19.41420517156164,0.000533746410181809
2004 RA307,190060,MBO,MBO,21163624531048257,745174276532863891,18.110853,2.656884,1.9503026,271.19520042253714,-22.93322140266816,2025042500462,16,60791.28399201683,i,271.19519492565587,-22.933229673280625,68.30987548828125,35546.1,518.523,False,32172.8,0.687802,134568.0,439.209,False,103599.0,15.6497,20.02302005644473,0.015838001369656858,20.13127782560523,2.321126955506283e-05,18.57764550547475,0.0035436740452784057,18.86161109160674,0.00016401168025296682
2004 RA307,190060,MBO,MBO,21163624531048257,745200677577293883,16.86849,2.6387527,1.8698893,271.24002619705755,-23.23412882001496,2025050100557,44,60797.20266874632,u,271.24001123489296,-23.23416979190024,11.773724555969238,5824.77,490.172,False,6710.68,26.8041,6108.5,495.368,False,88.4046,5.67328,21.98680304323137,0.0913679822539436,21.833083646813833,0.004336696293581028,21.935163554467323,0.08804763603782007,26.53381281616535,0.06967606996384414
2004 RA307,190060,MBO,MBO,21163624531048257,745200678009307250,16.868074,2.6387472,1.8698657,271.23999345713924,-23.234226636655208,2025050100560,100,60797.20443421058,u,271.23998454385844,-23.234221245624823,15.714707374572754,6535.32,413.14,False,6489.43,6.80298,6287.68,414.805,False,-18.3025,6.50951,21.861832885359835,0.06863643763474647,21.869483590194196,0.0011381957163711471,21.903773892225157,0.07162717979792407,nan,nan
2004 RA307,190060,MBO,MBO,21163624531048257,745200678246809709,16.867788,2.6387436,1.8698496,271.2399708528241,-23.23429391429908,2025050100562,41,60797.20564905228,u,271.2399832171386,-23.23430783341334,14.612488746643066,5762.41,388.627,False,5709.33,6.34181,5790.63,386.156,False,-41.9473,6.57684,21.998489581966272,0.07322394761557925,22.008537120121947,0.0012060141684456615,21.993185481980607,0.07240379107819617,nan,nan
2004 RA307,190060,MBO,MBO,21163624531048257,745200678411960449,16.867638,2.6387417,1.8698411,271.23995903209544,-23.23432901403941,2025050100563,100,60797.20628367286,u,271.2399444057703,-23.234335445779973,15.009195327758789,5594.51,372.233,False,5401.71,2.58995,5424.73,368.596,False,-34.9855,7.12178,22.030594909305506,0.0722399036720761,22.068671846255363,0.0005205763722590238,22.064054685593018,0.07377289424217666,nan,nan
2004 RA307,190060,MBO,MBO,21163624531048257,745200678680395959,16.867352,2.638738,1.8698249,271.23993636750583,-23.23439615611664,2025050100565,100,60797.20749601422,u,271.2399105264579,-23.234409283430594,15.203669548034668,5836.28,381.779,False,5883.43,0.161185,5566.91,372.218,False,-26.8632,6.71639,21.984659741639355,0.07102320121083738,21.975923490905444,2.9745298404204992e-05,22.035964469168306,0.0725951260700892,nan,nan
2004 RA307,190060,MBO,MBO,21163624531048257,745200678917373997,16.867079,2.6387343,1.8698095,271.23991467129287,-23.23446023848802,2025050100567,40,60797.20865403733,u,271.23987771666356,-23.234430627746782,15.29212760925293,5908.66,383.344,False,5889.68,5.90201,5818.3,382.429,False,-21.0979,6.90651,21.971277470688726,0.07044075007001546,21.97477071959615,0.0010880091460817485,21.988009760589872,0.07136397390104604,nan,nan
2004 RA307,190060,MBO,MBO,21163624531048257,745200679082524797,16.866938,2.6387324,1.8698015,271.2399034070606,-23.234493435869013,2025050100568,99,60797.20925426977,u,271.239888898336,-23.234514125212065,14.840133666992188,5668.9,382.418,False,5671.43,3.92591,5494.79,374.655,False,-25.9666,6.77729,22.016253028559596,0.07324261749344259,22.015768525991206,0.0007515745565407398,22.050122244278967,0.07402948858400749,nan,nan
2004 RA307,190060,MBO,MBO,21163624531048257,745200679352008777,16.86665,2.6387286,1.8697852,271.23988038030006,-23.234561145816738,2025050100570,101,60797.21047811331,u,271.23989234258664,-23.234555524769995,13.442237854003906,5903.23,445.471,False,6089.75,16.8846,5854.43,442.051,False,-31.9928,7.26515,21.9722757425641,0.08193209539226891,21.93850133978442,0.0030103405199849755,21.981288423365008,0.08198078294083842,nan,nan
2004 RA307,190060,MBO,MBO,21163624531048257,745200679591084066,16.866365,2.638725,1.8697692,271.23985761093303,-23.23462789856076,2025050100572,45,60797.21168550267,u,271.2398311196338,-23.234636042715223,13.399954795837402,5111.3,380.067,False,5216.82,5.26494,5120.45,374.111,False,-34.6877,6.97035,22.128671611590192,0.08073337561734263,22.106485406132926,0.0010957510385756926,22.126729634306173,0.07932619859341046,nan,nan
2004 RA307,190060,MBO,MBO,21163624531048257,745200680030437401,16.865938,2.6387196,1.869745,271.23982335093376,-23.234727968553887,2025050100575,115,60797.213495752854,u,271.23981587370616,-23.234716037616057,13.930204391479492,5250.0,374.242,False,5263.27,5.50299,5168.72,369.848,False,-56.6429,7.32658,22.099601741485106,0.077395827335694,22.096860872418187,0.0011351869093597022,22.11654243938058,0.07768989970801453,nan,nan
2004 RA307,190060,MBO,MBO,21163624531048257,745200680105934922,16.865799,2.6387177,1.8697373,271.2398122295458,-23.23476035871915,2025050100576,3,60797.214081899176,u,271.23982328434283,-23.23473415308208,13.262052536010742,5485.97,412.931,False,5299.43,6.36679,5220.64,409.731,False,-54.08,6.85257,22.051866386635556,0.08172376424662672,22.08942706411979,0.0013044146227028496,22.105690605138143,0.08521172801476908,nan,nan
2004 RA307,190060,MBO,MBO,21163624531048257,745200680264794227,16.865662,2.6387157,1.8697294,271.2398010177406,-23.234792965940503,2025050100577,50,60797.21467157019,u,271.23977946659403,-23.234795297688553,14.408051490783691,5866.13,403.427,False,6004.35,1.02136,5591.61,404.045,False,-76.6426,6.84725,21.97912081368346,0.07466853116922995,21.95383498284096,0.00018468736085863697,22.031157844289194,0.07845438257615622,nan,nan
2004 RA307,190060,MBO,MBO,21163624531048257,745200680432566277,16.865522,2.638714,1.8697217,271.23978988663987,-23.23482529277181,2025050100578,114,60797.21525600518,u,271.23977538655413,-23.23480921579291,14.955628395080566,5570.07,373.858,False,5516.92,1.6684,5499.91,376.387,False,-85.0888,7.04819,22.035348401615572,0.07287362289949453,22.04575829945865,0.0003283430542945888,22.049111012156914,0.07430248388311489,nan,nan
2004 RA307,190060,MBO,MBO,21163624531048257,745200680695234617,16.865242,2.6387103,1.8697058,271.2397671428129,-23.23489120485952,2025050100580,103,60797.21644930975,u,271.23974841698384,-23.234899732206873,14.977152824401855,6015.68,395.798,False,6289.69,7.56479,5818.28,397.085,False,-121.418,7.30862,21.951788152777063,0.07143535067026374,21.903426907871452,0.0013058459500222405,21.988013496383488,0.07409914399248381,nan,nan
2004 RA307,190060,MBO,MBO,21163624531048257,745200680933261393,16.864964,2.6387067,1.8696902,271.2397447038819,-23.23495605065889,2025050100582,45,60797.217623277495,u,271.23971211546285,-23.23495883281911,13.017902374267578,5140.53,394.133,False,5224.77,1.33725,4950.57,392.955,False,-148.85,6.90364,22.12248030031661,0.08324520637042221,22.104832053208156,0.00027788796983841904,22.16336202424639,0.08618108034241945,nan,nan
2004 RA307,190060,MBO,MBO,21163624531048257,745200681097887777,16.86482,2.638705,1.8696821,271.23973309912435,-23.23498951657019,2025050100583,103,60797.21822903136,u,271.23969482298395,-23.234971198683496,9.766976356506348,4374.82,450.373,False,4766.93,30.5935,3935.41,455.073,False,-163.86,6.36229,22.297599571437818,0.11177289031752553,22.204403023525686,0.006968105154577218,22.412525062140666,0.12554962273866063,nan,nan
2004 RA307,190060,MBO,MBO,21163624531048257,745200681603825716,16.864225,2.6386971,1.8696485,271.2396846042338,-23.235128854911306,2025050100587,44,60797.220753260866,u,271.23966929182643,-23.23514695108796,13.095026016235352,5645.24,431.968,False,5664.34,8.67712,5659.53,436.377,False,-190.763,5.99669,22.020793929633868,0.08307941971933663,22.01712674535888,0.0016632235747759442,22.018049125295683,0.08371549248500898,nan,nan
2004 RA307,190060,MBO,MBO,21163624531048257,745200682035839091,16.863798,2.6386917,1.8696245,271.23964974683565,-23.23522850805662,2025050100590,100,60797.22255916016,u,271.2396002164534,-23.23523256186402,13.693988800048828,4936.09,360.786,False,5029.37,6.40965,4612.56,359.95,False,-156.069,7.02033,22.166542360337278,0.07935804380243122,22.146216007419383,0.0013837098361546183,22.24014491498408,0.08472751686521184,nan,nan
2004 RA307,190060,MBO,MBO,21163624531048257,745200682273341525,16.86352,2.638688,1.8696088,271.2396269208118,-23.23529354226576,2025050100592,41,60797.22373820979,u,271.23960816825377,-23.23529254809397,17.425861358642578,6902.44,392.061,False,7419.63,5.63034,6575.03,391.002,False,-142.11,6.70469,21.802493408744322,0.0616701964556793,21.724044395785334,0.0008239041822166949,21.85525568865456,0.06456625396061896,nan,nan
2004 RA307,190060,MBO,MBO,21163624531048257,745200682438492254,16.863382,2.6386862,1.869601,271.2396156132653,-23.23532569444171,2025050100593,100,60797.22432147898,u,271.23961244835675,-23.23532128600746,15.445832252502441,5659.67,364.23,False,5761.12,0.908946,5343.22,364.02,False,-122.146,6.87478,22.018022241502994,0.06987292814707045,21.9987326745062,0.00017129925015809896,22.080492316217523,0.07396844326756943,nan,nan
2004 RA307,190060,MBO,MBO,21163624531048257,745200682706927772,16.863102,2.6386826,1.8695853,271.23959256889054,-23.23539108864212,2025050100595,100,60797.22550701859,u,271.23956660717926,-23.235408910090527,16.2387638092041,5672.19,344.104,False,5317.84,4.97285,5473.86,336.788,False,-69.3155,7.7807,22.01562308652146,0.06586630192264399,22.08566186590479,0.0010153000611423434,22.05426581297728,0.06680165878638784,nan,nan
2004 RA307,190060,MBO,MBO,21163624531048257,745200682943905834,16.862818,2.6386788,1.8695693,271.2395690988375,-23.2354575123656,2025050100597,40,60797.22671258443,u,271.2395305978355,-23.235467940659216,16.828039169311523,5544.19,326.883,False,5436.95,1.55046,5389.44,322.562,False,-50.8519,8.57138,22.0404047485287,0.06401452814559046,22.061611613237872,0.0003096203707757481,22.0711409084591,0.06498212397024723,nan,nan
2004 RA307,190060,MBO,MBO,21163624531048257,745200683109056610,16.862675,2.638677,1.8695612,271.23955735234773,-23.23549068977495,2025050100598,99,60797.227314366,u,271.23955626611473,-23.235501293190136,15.140644073486328,5199.57,339.16,False,5245.24,1.68076,5004.96,334.513,False,-39.2389,8.2411,22.11008146336302,0.07082091550471306,22.100586540328035,0.00034790818535922923,22.151498481182664,0.07256658962849516,nan,nan
2004 RA307,190060,MBO,MBO,21163624531048257,745200683378540606,16.862396,2.6386733,1.8695456,271.2395342673451,-23.235555763645664,2025050100600,101,60797.22849513817,u,271.239510882837,-23.235573223976967,15.809586524963379,5960.16,373.145,False,6133.07,5.37835,5743.84,374.468,False,-21.7185,9.4319,21.9618551752966,0.06797418417882266,21.930805227242505,0.0009521282565648928,22.00199419521928,0.07078425968247289,nan,nan
2004 RA307,190060,MBO,MBO,21163624531048257,745200683617615906,16.862122,2.6386697,1.8695301,271.2395114816944,-23.235619828226543,2025050100602,45,60797.22965811858,u,271.23951224048,-23.235639767619613,14.874998092651367,5210.79,343.926,False,5358.45,4.92841,5206.83,339.947,False,-15.876,8.36629,22.107741064307056,0.07166147582071997,22.077402003822847,0.0009986009072906663,22.10856648760297,0.07088626866120967,nan,nan
2004 RA307,190060,MBO,MBO,21163624531048257,745200684056969236,16.8617,2.6386642,1.8695065,271.23947650764285,-23.235717846880405,2025050100605,115,60797.23143878038,u,271.2394550606621,-23.23570792775061,15.860071182250977,5279.77,328.579,False,5016.79,7.14856,5192.02,322.256,False,-10.1616,8.82021,22.09346248600628,0.06756925509472464,22.14893518633069,0.0015470949341400513,22.111659104100113,0.0673889965895524,nan,nan
2004 RA307,190060,MBO,MBO,21163624531048257,745200684132466780,16.861563,2.6386626,1.8694987,271.23946510535785,-23.23574972161094,2025050100606,3,60797.23201766411,u,271.2394399315814,-23.23575543820744,16.27811050415039,5825.46,356.328,False,5934.19,3.68255,5736.51,352.501,False,-12.3729,8.50431,21.986674445879032,0.06641161661810849,21.966596392273914,0.0006737697730914138,22.003380656878775,0.06671706686423541,nan,nan
2004 RA307,190060,MBO,MBO,21163624531048257,745200684291326076,16.86142,2.6386607,1.8694907,271.239453157832,-23.235783078041603,2025050100607,50,60797.23262317332,u,271.2394442225848,-23.235768172442874,16.726238250732422,5827.79,347.361,False,5590.69,0.782672,5492.54,344.205,False,-6.56282,8.23006,21.986240257954815,0.06471448063088021,22.03133648240567,0.00015199829050422555,22.05056692128011,0.06804061747788054,nan,nan
2004 RA307,190060,MBO,MBO,21163624531048257,745200684459098116,16.861275,2.6386588,1.8694826,271.23944111752155,-23.235816649793925,2025050100608,114,60797.23323346234,u,271.23943866224647,-23.235813259812208,17.430513381958008,5678.38,322.485,False,5568.67,0.403673,5637.15,317.598,False,-4.8337,10.6666,22.014438891496823,0.06166083131332617,22.03562130944902,7.870503903640249e-05,22.022351040812257,0.06117056391706339,nan,nan
2004 RA307,190060,MBO,MBO,21163624531048257,745200684721766455,16.860989,2.6386552,1.8694665,271.23941721295853,-23.235883173460785,2025050100610,103,60797.234442450586,u,271.23937318289745,-23.235884282782852,15.968417167663574,5428.41,336.157,False,5323.69,4.32741,5321.77,335.985,False,-23.6719,9.12831,22.0633183640882,0.06723475730946638,22.0844681158341,0.0008825506371709179,22.084859743574047,0.06854694237302884,nan,nan
2004 RA307,190060,MBO,MBO,21163624531048257,745200684959793226,16.860716,2.6386516,1.8694512,271.23939436512427,-23.23594659778545,2025050100612,45,60797.23559562226,u,271.23939628092836,-23.23594950594176,15.443592071533203,5195.51,331.467,False,5835.11,0.977951,5009.51,326.911,False,-62.1091,8.90082,22.11092958632249,0.06926860889797203,21.98487740664394,0.00018196689032726627,22.150511931090932,0.07085306481133959,nan,nan
2004 RA307,190060,MBO,MBO,21163624531048257,745200685124419614,16.860575,2.6386497,1.8694433,271.23938255543754,-23.23597932070628,2025050100613,103,60797.236190814656,u,271.2393670475626,-23.236010327433796,13.163619041442871,5095.58,384.531,False,4923.97,0.171985,4608.84,385.49,False,-102.044,7.53496,22.132015922476207,0.08193360294853994,22.169211456963563,3.792271955996659e-05,22.241020958146123,0.09081253702857499,nan,nan
2004 RA307,190060,MBO,MBO,21163624531048257,745200685392855046,16.860275,2.638646,1.8694265,271.23935734466073,-23.23604904049148,2025050100615,103,60797.23745847828,u,271.23933961424626,-23.236057950294423,13.882729530334473,5313.35,382.478,False,5183.62,6.93778,5039.35,375.479,False,-110.224,9.36816,22.086578918502063,0.07815600347146669,22.11341708335987,0.0014531540991596847,22.144063672378785,0.08089756432226021,nan,nan
2004 RA307,190060,MBO,MBO,21163624531048257,745200685630357552,16.859991,2.638642,1.8694105,271.239333471921,-23.23611489159868,2025050100617,44,60797.23865651993,u,271.2392950497499,-23.23612369038966,14.81823444366455,5327.57,356.54,False,5309.55,1.88489,5219.5,352.708,False,-118.602,7.48323,22.083677124060593,0.07266134626002038,22.08735575267707,0.00038543630762520565,22.105927745196155,0.07336868546606848,nan,nan
2004 RA307,190060,MBO,MBO,21163624531048257,745200685795508225,16.85985,2.6386402,1.8694025,271.2393214362334,-23.23614802970309,2025050100618,103,60797.23925939443,u,271.2393017236507,-23.23616201486656,16.18855857849121,5615.05,342.765,False,5750.8,3.21987,5303.43,338.919,False,-116.82,8.49438,22.026615968138977,0.06627766432589477,22.000679376707666,0.000607903187484885,22.08860786158744,0.06938464794968172,nan,nan
2004 RA307,190060,MBO,MBO,21163624531048257,745200686062370942,16.859566,2.6386366,1.8693867,271.2392974458272,-23.236213961495253,2025050100620,100,60797.24045999628,u,271.239257150442,-23.23622529843214,15.591057777404785,4893.62,313.472,False,5063.53,2.04857,4661.0,311.186,False,-94.5846,9.33747,22.175924367912483,0.06954930603380473,22.138866577576238,0.00043926008574543323,22.228802242668536,0.07248785918262975,nan,nan
2004 RA307,190060,MBO,MBO,21163624531048257,745200686299873355,16.85928,2.638633,1.8693706,271.2392733239105,-23.236280093360868,2025050100622,41,60797.241663404435,u,271.2392328825404,-23.23624579151155,15.850935935974121,6017.4,373.904,False,5885.9,0.305175,5880.85,370.088,False,-103.756,6.84475,21.9514778133807,0.0674645374214376,21.97546781984068,5.629377983349039e-05,21.97639972646108,0.06832650852475007,nan,nan
2004 RA307,190060,MBO,MBO,21163624531048257,745200686465024085,16.859138,2.638631,1.8693627,271.2392614043375,-23.236312712597623,2025050100623,100,60797.24225700423,u,271.2392825873818,-23.236302069730556,16.295753479003906,5258.46,322.312,False,5288.81,1.24459,5040.19,320.373,False,-79.9504,8.42833,22.097853571363274,0.06654910809458432,22.091605074693923,0.0002555010401025955,22.14388274174816,0.0690133812012116,nan,nan
2004 RA307,190060,MBO,MBO,21163624531048257,745200686733459602,16.858856,2.6386273,1.869347,271.2392374475665,-23.236378156053085,2025050100625,100,60797.24344942246,u,271.2392082065296,-23.236390809962042,18.086942672729492,5686.41,313.746,False,5477.15,1.6474,5334.23,301.851,False,-33.2451,10.7787,22.01290454549901,0.059905174674972674,22.053613432108456,0.0003265643407630805,22.08232066007833,0.06143915329041579,nan,nan
2004 RA307,190060,MBO,MBO,21163624531048257,745200686970437685,16.858572,2.6386237,1.869331,271.23921332029727,-23.236443909162723,2025050100627,40,60797.24464707573,u,271.2391821406503,-23.23644889257779,17.99605369567871,5947.32,328.367,False,5623.08,2.46088,5795.86,319.933,False,-34.9785,9.26697,21.964196765422138,0.05994632131053208,22.025064329177685,0.00047516068046184217,21.992205309442557,0.059932928762937626,nan,nan
2004 RA307,190060,MBO,MBO,21163624531048257,745200687135588462,16.85843,2.6386218,1.869323,271.23920123803055,-23.236476778267484,2025050100628,99,60797.245246403836,u,271.2392041664038,-23.236471702789494,13.757475852966309,6000.96,432.6,False,5994.44,1.45652,5689.37,437.655,False,-112.053,6.3318,21.954448177211532,0.07826905892766488,21.955628466658418,0.0002638105428457007,22.012339531627468,0.0835202961980892,nan,nan
2004 RA307,190060,MBO,MBO,21163624531048257,745200687405072434,16.85814,2.6386182,1.8693069,271.2391766118469,-23.236543653377908,2025050100630,101,60797.24646588034,u,271.2391631612651,-23.236547975367113,15.693151473999023,5516.86,349.428,False,5213.23,3.21078,5447.11,348.91,False,-11.8343,9.8807,22.045770119123517,0.06876858389842304,22.107232789617317,0.0006686948401999135,22.059584663278685,0.0695459119948879,nan,nan
2004 RA307,190060,MBO,MBO,21163624531048257,745200687644147749,16.857859,2.6386144,1.8692911,271.23915238080747,-23.236609301315564,2025050100632,45,60797.247662346024,u,271.2391335021128,-23.236634610408473,17.40471649169922,6003.87,341.47,False,5850.81,2.66521,5900.38,338.545,False,-54.2583,9.1326,21.95392177874634,0.06175122644688312,21.981960001622703,0.0004945836509242771,21.97280006593779,0.062296086916290294,nan,nan
2004 RA307,190060,MBO,MBO,21163624531048257,745200688083501087,16.85743,2.638609,1.8692671,271.23911575054126,-23.23670825609908,2025050100635,115,60797.249467010726,u,271.23909045769165,-23.23672044615497,17.9941349029541,5592.9,311.248,False,5528.96,0.749481,5454.94,309.313,False,-74.6756,9.44687,22.030907383222726,0.060421822808369996,22.043391387699216,0.00014717753185088616,22.058025066520187,0.061564804303290754,nan,nan
2004 RA307,190060,MBO,MBO,21163624531048257,745200688158998590,16.857285,2.638607,1.8692589,271.2391032856897,-23.2367418518518,2025050100636,3,60797.25008076902,u,271.23909956579405,-23.236768469032015,17.292034149169922,5559.81,318.439,False,5271.33,0.77202,5384.52,313.881,False,-73.6503,10.9307,22.03735011273266,0.062185711854704735,22.095199471120715,0.00015901300681197243,22.072132510004856,0.06329105982298819,nan,nan
2004 RA307,190060,MBO,MBO,21163624531048257,745200688317857905,16.857143,2.638605,1.869251,271.23909111384177,-23.23677462038426,2025050100637,50,60797.25067847094,u,271.23908794033076,-23.236786844198377,17.709131240844727,5764.85,322.596,False,5497.67,0.442037,5695.93,319.278,False,-76.893,10.1283,21.9980299527563,0.060756855735938586,22.049553346485816,8.729799474024923e-05,22.011088357969243,0.06085954176390567,nan,nan
2004 RA307,190060,MBO,MBO,21163624531048257,745200688485629978,16.857008,2.6386034,1.8692434,271.2390794397757,-23.236806014218416,2025050100638,114,60797.25125113139,u,271.23905836748077,-23.23682192137793,18.14091682434082,5566.69,308.884,False,5478.06,2.88273,5581.88,304.574,False,-69.9308,9.45569,22.036007419377874,0.060245235196553025,22.053433026694336,0.0005713490366756514,22.033048783463414,0.05924294885183024,nan,nan
2004 RA307,190060,MBO,MBO,21163624531048257,745200688748298287,16.856722,2.6385996,1.8692274,271.23905489530546,-23.23687190958029,2025050100640,103,60797.252454148234,u,271.23903604067766,-23.236869243416464,15.810415267944336,5289.54,330.898,False,4987.14,5.49679,5086.04,328.232,False,-66.2717,8.72548,22.09145522784302,0.06792045190355875,22.15537107025589,0.0011966906234404536,22.13405056307701,0.0700689254098497,nan,nan
2004 RA307,190060,MBO,MBO,21163624531048257,745200688986325067,16.856436,2.638596,1.8692114,271.23903026282017,-23.23693789368028,2025050100642,45,60797.25365925135,u,271.23901520537976,-23.236951233417738,14.640807151794434,5954.29,403.637,False,5637.76,5.66544,5910.35,404.716,False,-81.8631,7.04943,21.962925035704398,0.07360126806856149,22.02223358521136,0.0010910669608552497,21.97096698266278,0.07434666479912137,nan,nan
2004 RA307,190060,MBO,MBO,21163624531048257,745200689150951465,16.856295,2.6385942,1.8692036,271.2390180211683,-23.236970631543063,2025050100643,103,60797.25425770604,u,271.23898231005217,-23.236962282175764,15.172188758850098,6221.72,411.223,False,6332.37,2.40767,5983.83,412.151,False,-75.307,7.02635,21.91522380655009,0.07176145425450935,21.896084273076553,0.0004128145485175041,21.957551868900282,0.07478274913310619,nan,nan
2004 RA307,190060,MBO,MBO,21163624531048257,745200689687822613,16.85,2.6385128,1.8688527,271.23846514216393,-23.238415332814164,2025050100647,103,60797.28074399984,g,271.2384513365365,-23.23841553400154,107.57402801513672,21757.8,201.243,False,20179.8,0.107036,21575.3,197.292,False,-41.8123,4.02118,20.555962510122587,0.01004222849277171,20.637707813784797,5.758870655975875e-06,20.565107852678857,0.00992834712088941,nan,nan
2004 RA307,190060,MBO,MBO,21163624531048257,745200689925324943,16.849768,2.6385098,1.86884,271.23844446955485,-23.238468198793463,2025050100649,44,60797.281717596794,g,271.23842655065863,-23.23847273254759,104.77705383300781,21847.0,207.199,False,20469.2,0.0773661,21620.7,202.749,False,-110.767,3.75553,20.551520478301022,0.01029722439951473,20.62224786790171,4.103686399679625e-06,20.56282566241209,0.010181535752576633,nan,nan
2004 RA307,190060,MBO,MBO,21163624531048257,745200690090475716,16.849653,2.6385083,1.8688335,271.23843415644586,-23.238494544729782,2025050100650,103,60797.28220231854,g,271.23842004059486,-23.23849615686035,109.9859619140625,22241.0,201.125,False,20468.1,0.0612628,21873.5,196.575,False,-131.639,3.72953,20.53211422474851,0.009818294779100706,20.622306195429122,3.2497028368237282e-06,20.55020429879944,0.00975740467400852,nan,nan
2004 RA307,190060,MBO,MBO,21163624531048257,745200690594840950,16.849182,2.6385024,1.8688073,271.23839205840466,-23.23860189985913,2025050100654,41,60797.28417959226,g,271.2383775455796,-23.238609233542874,113.3875961303711,20942.4,184.478,False,19551.2,0.0596233,20567.6,181.639,False,-220.057,4.87741,20.597433853842446,0.009564063163699859,20.672066497446153,3.3110591248294633e-06,20.617040976795373,0.00958848142023397,nan,nan
2004 RA307,190060,MBO,MBO,21163624531048257,745200690759991972,16.84906,2.6385007,1.8688006,271.23838114069724,-23.238629692418677,2025050100655,100,60797.284691791996,g,271.23836525740023,-23.238635490476018,117.61248016357422,21964.9,185.468,False,19693.1,0.0436396,21221.6,177.857,False,-201.283,4.33829,20.545676904727586,0.009167777743632092,20.664214805984884,2.40597442361477e-06,20.583054709034144,0.009099492116172428,nan,nan
2004 RA307,190060,MBO,MBO,21163624531048257,745200691029999774,16.84882,2.6384976,1.8687873,271.23835954301103,-23.23868461386911,2025050100657,103,60797.28570343807,g,271.2383436156203,-23.23868988394904,116.7383804321289,22163.7,188.309,False,20919.3,0.18685,21249.4,181.114,False,-258.808,4.76488,20.535894380593128,0.009224719357228711,20.598632089177258,9.697733596520572e-06,20.581633300589097,0.009254003484839509,nan,nan
2004 RA307,190060,MBO,MBO,21163624531048257,745200691265929314,16.84858,2.6384945,1.8687739,271.23833796419314,-23.238739410550284,2025050100659,41,60797.28671342708,g,271.238328897817,-23.238746793396782,119.3260726928711,21319.1,177.557,False,20178.5,0.150599,21446.8,176.112,False,-235.064,4.75674,20.578077853116636,0.009042599090136511,20.63777780212775,8.103218266067111e-06,20.571593705862824,0.008915603586404674,nan,nan
2004 RA307,190060,MBO,MBO,21163624531048257,745200691700040153,16.848225,2.63849,1.8687541,271.2383061087278,-23.23882016524878,2025050100662,101,60797.28820217203,g,271.2382905525555,-23.2388254442244,119.50474548339844,21753.9,181.149,False,19806.5,0.0825161,21293.2,177.883,False,-266.83,4.39789,20.556157160996335,0.009041138668337643,20.65798065428599,4.523298587861737e-06,20.579397706588768,0.009070220334463504,nan,nan
2004 RA307,190060,MBO,MBO,21163624531048257,745200691939115144,16.84799,2.6384869,1.8687412,271.2382850081942,-23.23887356641594,2025050100664,45,60797.28918785686,g,271.23827375004254,-23.23888008399423,105.14305877685547,21722.8,206.052,False,20231.1,0.0036947,20633.3,197.031,False,-354.395,3.54134,20.557710451687726,0.010298769520388114,20.63495127907083,1.9828233348492056e-07,20.613578227156935,0.010367885332037247,nan,nan
2004 RA307,190060,MBO,MBO,21163624531048257,745200692102693175,16.847868,2.6384852,1.8687345,271.23827409597084,-23.23890115544059,2025050100665,101,60797.28969674934,g,271.2382584359572,-23.238903506842995,97.86093139648438,21510.6,218.398,False,20124.0,0.0105585,20938.1,214.319,False,-354.35,3.73874,20.568368708641593,0.011023523961156243,20.640714228365724,5.696554198315769e-07,20.597656846114663,0.011113420141933108,nan,nan
2004 RA307,190060,MBO,MBO,21163624531048257,745200692377944608,16.847622,2.638482,1.8687208,271.2382518679429,-23.238957296285054,2025050100667,114,60797.29073289838,g,271.2382398155854,-23.238959786305934,108.81040954589844,22215.1,202.717,False,20771.0,0.205941,21807.0,198.729,False,-336.109,4.57952,20.533379337758774,0.009907548690808492,20.606356485669068,1.0764893690538164e-05,20.55351019105792,0.009894404295709421,nan,nan
2004 RA307,190060,MBO,MBO,21163624531048257,745200692612825670,16.84738,2.638479,1.8687073,271.23822998178287,-23.23901249905603,2025050100669,50,60797.291751934696,g,271.2382166391091,-23.239015462313557,110.07355499267578,21494.4,194.014,False,19893.1,0.0138849,20733.6,188.076,False,-314.541,4.03415,20.56918666372205,0.009800135310546357,20.653243856873594,7.578174882277583e-07,20.608313231164594,0.0098487928129687,nan,nan
2004 RA307,190060,MBO,MBO,21163624531048257,745200692780597671,16.84726,2.6384773,1.8687007,271.2382192345431,-23.2390395796743,2025050100670,114,60797.292251945415,g,271.23820954749345,-23.239043063040047,103.68757629394531,22361.4,214.661,False,21321.0,0.330416,21833.2,213.576,False,-401.371,3.49474,20.526252505220214,0.010422657368250487,20.577981074594774,1.68258809267745e-05,20.55220655614058,0.010620853028353923,nan,nan
2004 RA307,190060,MBO,MBO,21163624531048257,745200693043265991,16.847017,2.6384742,1.8686873,271.23819733667415,-23.23909470331864,2025050100672,103,60797.2932699156,g,271.2381813705281,-23.239097106698114,93.09365844726562,21793.4,232.353,False,20219.2,0.143024,20881.4,227.743,False,-457.741,3.11333,20.554187505422725,0.011575708995221683,20.635590121586183,7.680142551842742e-06,20.60060094789966,0.011841582065665702,nan,nan
2004 RA307,190060,MBO,MBO,21163624531048257,745200693281292745,16.846773,2.6384711,1.8686738,271.23817528767177,-23.23915013497404,2025050100674,45,60797.29429340684,g,271.2381613381587,-23.23915284605713,101.92910766601562,21515.0,210.116,False,19650.1,0.17102,20169.1,201.492,False,-373.043,3.71024,20.568146623953563,0.010603325376860965,20.666588109443744,9.449448639066255e-06,20.638283722912327,0.01084664999317765,nan,nan
2004 RA307,190060,MBO,MBO,21163624531048257,745200693445919100,16.846655,2.6384697,1.8686671,271.23816453517554,-23.239177140905795,2025050100675,103,60797.29479243902,g,271.2381541773055,-23.2391843510443,109.88465881347656,21341.4,193.433,False,19668.6,0.123401,20325.3,185.889,False,-314.038,3.94375,20.576942715563018,0.009840835465011908,20.665566401113132,6.811920383452987e-06,20.62990754709358,0.009929812491124838,nan,nan
2004 RA307,190060,MBO,MBO,21163624531048257,745200693714354660,16.846395,2.6384664,1.8686528,271.2381410299185,-23.23923611777993,2025050100677,103,60797.29588233264,g,271.2381246299668,-23.23924015773631,88.47222137451172,21849.6,246.363,False,21452.6,0.0125341,20956.9,247.862,False,-482.191,3.08335,20.551391292504178,0.012242111551326082,20.571300182054962,6.343625486529629e-07,20.59668237707296,0.012841247590889037,nan,nan
2004 RA307,190060,MBO,MBO,21163624531048257,745200694117007892,16.84604,2.6384616,1.8686332,271.2381089030923,-23.239316598160343,2025050100680,103,60797.29737012891,g,271.2380981400167,-23.239322033567348,125.18431091308594,21787.1,172.42,False,20857.1,0.461656,21117.1,166.723,False,-220.051,5.31512,20.554501452549033,0.00859236143372663,20.601865211876,2.403194342842556e-05,20.588414328762134,0.008572067586647162,nan,nan
2004 RA307,190060,MBO,MBO,21163624531048257,745200694385443107,16.845795,2.6384585,1.8686194,271.2380865307981,-23.239372556163627,2025050100682,103,60797.29840548485,g,271.2380714472723,-23.23937935819948,107.4011459350586,22192.4,205.804,False,20740.5,0.103242,21635.9,201.537,False,-382.407,3.49715,20.534489301875784,0.01006871049903143,20.60795194525034,5.404574619095397e-06,20.56206256667697,0.010113562011794669,nan,nan
2004 RA307,190060,MBO,MBO,21163624531048257,745200694621372743,16.845556,2.6384554,1.8686062,271.2380648951223,-23.23942660527786,2025050100684,41,60797.29940548696,g,271.2380561215538,-23.23943066013463,108.66385650634766,20736.3,189.917,False,19185.4,0.0807306,20287.5,187.146,False,-293.429,5.66602,20.608171790742674,0.009943903353784464,20.692572832104407,4.568689513709288e-06,20.63192866791428,0.010015585140333103,nan,nan
2004 RA307,190060,MBO,MBO,21163624531048257,745200694788096130,16.84544,2.638454,1.8685998,271.2380543298965,-23.239452975304665,2025050100685,103,60797.29989384275,g,271.2380393738129,-23.23946126783367,111.07139587402344,21266.3,190.504,False,20009.6,0.267625,20570.4,185.321,False,-306.923,4.00235,20.580770119861185,0.00972604919365926,20.646904003694175,1.4521537755451617e-05,20.616893137347205,0.00978151686176852,nan,nan
2004 RA307,190060,MBO,MBO,21163624531048257,745200695056531772,16.845186,2.6384506,1.8685858,271.2380313435145,-23.23951029504111,2025050100687,103,60797.3009545994,g,271.23802321763526,-23.239515739326016,110.6609115600586,21649.3,194.24,False,20981.5,0.586073,20942.4,189.634,False,-335.809,3.86546,20.56139031429831,0.009741349547833731,20.595408666614965,3.0327700807399606e-05,20.597433853842446,0.009831370737285097,nan,nan
2004 RA307,190060,MBO,MBO,21163624531048257,745200695290889043,16.84494,2.6384475,1.8685722,271.2380089216989,-23.239566138365635,2025050100689,38,60797.30198891531,g,271.2379950405312,-23.23957074718442,125.95416259765625,21437.1,169.794,False,19965.7,0.157487,20673.0,163.495,False,-187.79,10.2758,20.572084935140808,0.008599647499046948,20.64928868944078,8.564155015507481e-06,20.61149123841412,0.008586679993009435,nan,nan
2004 RA307,190060,MBO,MBO,21163624531048257,745200695458660579,16.84482,2.6384459,1.8685656,271.2379979854932,-23.23959335157972,2025050100690,102,60797.30249235105,g,271.23798666544997,-23.239594404122037,124.11320495605469,20998.4,169.086,False,19531.9,0.137761,20400.5,163.368,False,-208.657,8.19716,20.594534468877637,0.008742703582757761,20.673138748025927,7.657836608733334e-06,20.625897970579874,0.008694617690267649,nan,nan
2004 RA307,190060,MBO,MBO,21163624531048257,745200695965646943,16.844318,2.6384394,1.8685379,271.2379523899675,-23.239706641012383,2025050100694,45,60797.30459107594,g,271.2379410911931,-23.2397098393157,122.20963287353516,21033.6,171.374,False,19980.5,0.326684,20587.9,165.973,False,-207.709,5.76649,20.59271599366304,0.008846177169988041,20.648484120039363,1.7751940354890733e-05,20.615969854103355,0.008752854808546302,nan,nan
2004 RA307,190060,MBO,MBO,21163624531048257,745200696129225330,16.844202,2.638438,1.8685313,271.23794166933925,-23.239733239215685,2025050100695,101,60797.30508495514,g,271.23792713415367,-23.23973970365163,121.3019027709961,21192.8,173.805,False,20054.8,0.336846,20161.5,164.792,False,-224.908,4.68929,20.584529110881963,0.008904267777705541,20.644454119550332,1.8236326308998576e-05,20.638692899627678,0.008874371883997088,nan,nan
2004 RA307,190060,MBO,MBO,21163624531048257,745200696424923456,16.843935,2.6384346,1.8685166,271.2379173418986,-23.23979354233878,2025050100697,153,60797.306202946434,g,271.2379055448932,-23.239799042469002,119.33777618408203,21140.9,176.283,False,20724.1,0.537713,20403.8,170.428,False,-242.045,4.74905,20.587191300098347,0.009053391152496183,20.608810822411584,2.817079985908752e-05,20.62572231371791,0.009068890895818593,nan,nan
2004 RA307,190060,MBO,MBO,21163624531048257,745200696481022146,16.843803,2.638433,1.8685093,271.2379053225188,-23.23982330872688,2025050100698,4,60797.30675439897,g,271.2378945354028,-23.239830035271087,114.42236328125,21043.7,182.627,False,19608.1,0.105853,20472.6,177.154,False,-199.782,6.89403,20.59219478569255,0.00942252322713609,20.668911238823334,5.86127342585332e-06,20.622067517876744,0.009395119469058702,nan,nan
2004 RA307,190060,MBO,MBO,21163624531048257,745200696639357685,16.843685,2.6384313,1.8685029,271.2378946052064,-23.239849835391723,2025050100699,50,60797.307246393655,g,271.2378843259559,-23.239853099047227,119.59435272216797,21580.1,180.673,False,20221.4,0.158307,20230.5,171.774,False,-260.767,4.62111,20.564866387582484,0.009090005392898004,20.635471928877713,8.499888194009265e-06,20.63498345859974,0.009218815802339912,nan,nan
2004 RA307,190060,MBO,MBO,21163624531048257,745200696827576344,16.843563,2.6384299,1.8684961,271.2378834478764,-23.239877436131238,2025050100700,153,60797.30775836383,g,271.2378706927089,-23.239882763452922,109.29890441894531,21704.6,197.373,False,21440.5,0.980356,20543.5,188.438,False,-354.332,4.09731,20.558620553248172,0.00987325345739112,20.571912727402815,4.964473677753715e-05,20.618313909004186,0.009959060666184485,nan,nan
2004 RA307,190060,MBO,MBO,21163624531048257,745200696882102810,16.843433,2.638428,1.8684888,271.237871479381,-23.23990702660978,2025050100701,1,60797.3083078934,g,271.237858670138,-23.239913913088728,92.156982421875,21339.2,230.482,False,19567.0,0.0300339,20477.0,225.942,False,-406.327,3.81863,20.57705470517992,0.011726899568639523,20.671189387479835,1.6665248646143261e-06,20.62183417427971,0.01197994877342184,nan,nan
2004 RA307,190060,MBO,MBO,21163624531048257,745200697071370288,16.843306,2.6384265,1.8684818,271.23785974582114,-23.23993601938839,2025050100702,106,60797.30884537083,g,271.2378465262651,-23.2399409971769,111.89358520507812,21637.9,192.451,False,20723.1,0.670457,20725.9,185.559,False,-349.415,4.7648,20.56196220699643,0.009656714327335182,20.608863213705828,3.5126957758607525e-05,20.60871648352612,0.009720597264813825,nan,nan
2004 RA307,190060,MBO,MBO,21163624531048257,745200697307824571,16.843056,2.6384232,1.8684679,271.23783691942214,-23.239992374472155,2025050100704,45,60797.30989170977,g,271.2378249795584,-23.239997371106636,116.4023666381836,21216.6,180.354,False,19719.9,0.10257,20398.0,175.152,False,-320.683,4.58099,20.58331054840287,0.009229418253600775,20.662738207755673,5.647288140210253e-06,20.626031031379426,0.009322916948532335,nan,nan
2004 RA307,190060,MBO,MBO,21163624531048257,745200697472451285,16.842936,2.6384218,1.8684614,271.2378259800506,-23.240019360283934,2025050100705,103,60797.31039287135,g,271.23781323588685,-23.240020826034193,120.34249114990234,21534.4,177.547,False,20626.8,0.715422,20961.2,173.177,False,-305.599,4.57837,20.567168040850298,0.008951686569793968,20.613920314797152,3.765778066140416e-05,20.59645968599711,0.008970123268700546,nan,nan
2004 RA307,190060,MBO,MBO,21163624531048257,745205074714166162,16.633875,2.6356745,1.8567896,271.2229618525721,-23.287904493745952,2025050200550,101,60798.2039408542,r,271.2229503966982,-23.28791346538316,119.71100616455078,34552.8,286.841,False,33121.1,0.251908,32965.8,268.197,False,-382.02,11.8928,20.053791859541928,0.009013268255493714,20.099738069017437,8.257745896624014e-06,20.104840925566346,0.008833129370406848,nan,nan
2004 RA307,190060,MBO,MBO,21163624531048257,745205075870744762,16.632742,2.63566,1.8567282,271.22284068656927,-23.28816653509301,2025050200559,3,60798.20860568728,r,271.2228324109008,-23.288167641166357,103.41084289550781,35206.7,339.368,False,32518.6,0.054787,34961.2,315.839,False,1055.44,10.8919,20.033436725046755,0.010465739332885915,20.11967041315435,1.8292370778105827e-06,20.041034197162645,0.00980852582789869,23.84141618670075,0.01120455060737369
2004 RA307,190060,MBO,MBO,21163624531048257,745205076057392208,16.632622,2.6356585,1.8567218,271.22282787925394,-23.288194100863727,2025050200560,103,60798.20909645736,r,271.22281266880145,-23.288200177900688,119.15875244140625,36097.4,301.999,False,33788.9,0.225489,36031.1,281.851,False,1180.37,9.60477,20.006310242116143,0.009083514452748522,20.078064916413112,7.2456217370018085e-06,20.008306150466396,0.008493102794272598,23.719954596881095,0.008834726612922162
2004 RA307,190060,MBO,MBO,21163624531048257,745205076460044928,16.63226,2.635654,1.8567022,271.22278892501004,-23.28827779150556,2025050200563,103,60798.2105870055,r,271.22277882844645,-23.288286052855646,126.58696746826172,35073.4,274.912,False,33781.8,0.27143,35495.3,258.57,False,1453.26,11.811,20.03755537777227,0.008510207480195979,20.07829300884007,8.723672385220141e-06,20.024572848338323,0.007909182687212956,23.494141692568355,0.008824043933918427
2004 RA307,190060,MBO,MBO,21163624531048257,745205076728480439,16.631989,2.6356504,1.8566874,271.22275960181423,-23.28834064052224,2025050200565,103,60798.211707410024,r,271.222745798903,-23.288345091531177,124.24090576171875,36398.6,291.035,False,32760.1,0.0721789,36973.8,274.227,False,2402.56,22.7297,19.997288254157326,0.0086813016644413,20.11163696601713,2.39215527872746e-06,19.980264757832863,0.008052679594686356,22.948314367847974,0.010271734194992069
2004 RA307,190060,MBO,MBO,21163624531048257,745205077131133465,16.631624,2.6356459,1.8566678,271.22272032603826,-23.28842462169458,2025050200568,103,60798.213204770946,r,271.2227067917178,-23.288426313047626,122.55421447753906,37616.2,305.615,False,32907.1,0.0814355,39109.2,283.716,False,3019.6,11.7853,19.96156272037672,0.008821126708858639,20.106775921037602,2.6868811963033378e-06,19.9193026909071,0.007876426593579724,22.700126423137817,0.004237556880640249
2004 RA307,190060,MBO,MBO,21163624531048257,745205077397997321,16.631384,2.6356428,1.8566548,271.222694274444,-23.288480201681388,2025050200570,100,60798.2141952809,r,271.22268176802953,-23.28848369539194,116.18380737304688,34192.5,293.908,False,32438.8,0.0392024,33810.7,269.617,False,3244.0,9.06991,20.065172861015842,0.00933264736623361,20.122338023614635,1.3121158452768577e-06,20.07736461939549,0.008657997316045945,22.622297886152204,0.0030356133522117597
2004 RA307,190060,MBO,MBO,21163624531048257,745205078070657254,16.63077,2.6356351,1.8566215,271.2226277925622,-23.288621593842127,2025050200575,103,60798.21671767479,r,271.2226188936247,-23.288625796169768,125.2268295288086,36301.3,287.684,False,32459.5,0.0520624,40637.0,278.915,False,2302.41,14.0452,20.000194531624764,0.008604345223715754,20.121645435620845,1.7414326235773318e-06,19.877695902618463,0.007452029500889452,22.994543384303572,0.006623226576898316
2004 RA307,190060,MBO,MBO,21163624531048257,745205078874915635,16.627577,2.6355946,1.8564491,271.22227790935125,-23.28935569457714,2025050200581,101,60798.22983479421,r,271.2222645958052,-23.289362550806512,114.84879302978516,35608.4,308.753,False,34923.4,1.43514,39915.9,287.984,False,6383.81,11.1577,20.02111889798214,0.009414192018305057,20.042208752991833,4.4617177636765665e-05,19.89713522767233,0.007833336514352847,21.887300108236282,0.0018976627264933742
2004 RA307,190060,MBO,MBO,21163624531048257,745205079494624534,16.626972,2.6355872,1.8564166,271.22221106437576,-23.28949412685972,2025050200586,3,60798.2323126608,r,271.2222002413484,-23.289499245043842,119.48793029785156,37466.7,311.4,False,32862.8,0.309151,45355.9,296.536,False,8635.7,14.4981,19.965886415399112,0.009023966738059334,20.108238564820315,1.021387157369707e-05,19.75841556465846,0.007098522881670974,21.559256108578865,0.00182279514330307
2004 RA307,190060,MBO,MBO,21163624531048257,745205079897276621,16.626604,2.6355824,1.8563968,271.22217024641805,-23.289578386184537,2025050200589,3,60798.233821185844,r,271.2221568730753,-23.2895803931912,116.5604476928711,36829.1,313.053,False,32585.0,0.0785099,47297.6,288.538,False,11556.1,20.0187,19.98452218882578,0.009228924179402383,20.11745568667095,2.615959416842817e-06,19.712902203894437,0.006623510211989681,21.24297180837813,0.0018808272438396042
2004 RA307,190060,MBO,MBO,21163624531048257,745205080755012023,16.625834,2.6355727,1.8563553,271.22208444437865,-23.289754845649806,2025050200595,103,60798.236983230774,r,271.2220737102074,-23.28976029071807,123.11309814453125,35799.5,287.064,False,32541.3,0.283498,52970.2,261.719,False,19407.6,18.5331,20.01530759740968,0.008706148768734582,20.11891272723576,9.458872984073068e-06,19.58992098424392,0.00536448402313679,20.680070440363263,0.0010368133205842587
2004 RA307,190060,MBO,MBO,21163624531048257,745205081424529132,16.625214,2.6355648,1.8563219,271.22201515007555,-23.2898967174646,2025050200600,100,60798.23952718892,r,271.2220039513676,-23.289902366666126,124.14151763916016,37232.3,300.007,False,31674.8,0.405986,63241.6,281.346,False,27484.4,16.5671,19.972700313984852,0.008748544739048427,20.14821526983079,1.3916226777333882e-05,19.397492850765254,0.004830167796659197,20.302284333291322,0.0006544621891729341
2004 RA307,190060,MBO,MBO,21163624531048257,745205081827181952,16.624842,2.6355603,1.856302,271.2219736108814,-23.289981496627707,2025050200603,100,60798.24104826262,r,271.2219626022494,-23.289983787271865,127.40304565429688,37407.8,291.439,False,33133.3,0.28415,66204.5,286.859,False,27749.5,18.1885,19.967594558470182,0.008458820410012806,20.099338242495794,9.311234922891422e-06,19.34778122508851,0.0047044115053102974,20.291862094344005,0.000711649304089462
2004 RA307,190060,MBO,MBO,21163624531048257,745205086660592331,16.619688,2.6354954,1.8560256,271.2213896363426,-23.29115372197394,2025050200639,103,60798.262140259765,i,271.2212746161015,-23.29140197052304,115.10835266113281,5818.25,323.231,False,38157.8,6.67998,18398.4,275.189,False,13238.3,29.4273,21.988019054539244,0.060317721940701556,19.946041659349287,0.00019007111963212974,20.73804983537338,0.01623959958861734,21.095419469426552,0.00241347340264703
2004 RA307,190060,MBO,MBO,21163624531048257,745205087164958227,16.619196,2.6354892,1.8559992,271.2213334033386,-23.291264810204797,2025050200643,41,60798.26414586094,i,271.2212404270388,-23.29147593391506,111.06425476074219,8840.17,301.016,False,38207.9,13.3414,21569.5,248.896,False,13858.1,21.3644,21.533848467720873,0.0369703255431939,19.94461712326768,0.000379116406648177,20.565399805273046,0.012528588709906226,21.045740803413864,0.0016738300462882905
2004 RA307,190060,MBO,MBO,21163624531048257,745205087330109863,16.61908,2.6354878,1.855993,271.2213198676163,-23.29129150656597,2025050200644,100,60798.26462777427,i,271.22122043734475,-23.291508953479827,109.97968292236328,8084.56,338.784,False,36836.0,11.3641,19430.5,246.338,False,14531.6,26.2629,21.630859020817454,0.04549784379309157,19.984318839255543,0.00033495535073965,20.678790059173853,0.013764858466043013,20.99421644200999,0.0019622465169495612
2004 RA307,190060,MBO,MBO,21163624531048257,745205087835521914,16.618593,2.6354816,1.855967,271.2212641385385,-23.291401245497223,2025050200648,40,60798.266609027836,i,271.221191063796,-23.291565032643078,109.98736572265625,12906.3,281.25,False,33340.8,11.3609,27862.7,259.232,False,15615.8,85.4327,21.122995626855523,0.023660019696529717,20.092559933682928,0.00036996533011873805,20.28744203322009,0.01010158993536648,20.916089418295154,0.005939969635015125
2004 RA307,190060,MBO,MBO,21163624531048257,745205088002244626,16.618471,2.6354802,1.8559605,271.2212500340178,-23.291428975220786,2025050200649,102,60798.26711059436,i,271.221181511028,-23.291590264195882,104.60762786865234,12725.3,271.244,False,30711.1,5.95404,26471.1,238.287,False,14373.8,91.5229,21.13832994251973,0.02314282748972158,20.18176158346622,0.00021049447690376876,20.343070044332116,0.009773557941462794,21.006071020502297,0.006913254058232505
2004 RA307,190060,MBO,MBO,21163624531048257,745205088270157320,16.618221,2.6354768,1.8559471,271.2212212401888,-23.29148552960216,2025050200651,101,60798.2681327575,i,271.22115676799086,-23.29164207250842,104.59593200683594,14215.0,289.415,False,31571.9,6.99993,29539.6,263.761,False,15856.4,96.8403,21.01813283993385,0.02210540647046114,20.151748190160006,0.00024072283373910606,20.22398848892929,0.009694608459360172,20.89948849083084,0.006630951467096668
2004 RA307,190060,MBO,MBO,21163624531048257,745205088509232068,16.617973,2.6354737,1.8559339,271.22119284064814,-23.29154123814673,2025050200653,45,60798.26913964303,i,271.2211837357646,-23.291540509268255,93.56658935546875,32793.0,350.142,False,30360.2,3.64632,46203.0,305.454,False,15814.6,88.0005,20.1105471274446,0.011592774200314541,20.194238457491462,0.00013039907028197627,19.738324561047662,0.007177942504948912,20.902354497457942,0.006041590371578325
2004 RA307,190060,MBO,MBO,21163624531048257,745205088672285576,16.61785,2.6354723,1.8559272,271.2211784751656,-23.291569390704048,2025050200654,100,60798.269648646004,i,271.2211697970753,-23.291574958572596,94.36182403564453,35322.3,370.017,False,30367.9,1.36459,48568.1,321.155,False,17426.7,38.2539,20.029877539062802,0.011373575405193794,20.193963084436078,4.878785828345668e-05,19.684122179913455,0.007179395494078006,20.796962161432496,0.0023833338823482366
2004 RA307,190060,MBO,MBO,21163624531048257,745205088948061282,16.617598,2.6354692,1.8559139,271.2211494686991,-23.29162618137007,2025050200656,114,60798.27067534243,i,271.2211344958267,-23.291634194579842,102.56122589111328,32815.3,317.62,False,30924.5,5.40279,45688.1,287.348,False,14823.9,64.9311,20.10980902673961,0.010508863848381117,20.174243283733475,0.00018968794273960076,19.750492218565032,0.0068285638393328135,20.972593779815725,0.004755701473567018
2004 RA307,190060,MBO,MBO,21163624531048257,745205089024083550,16.617472,2.6354675,1.8559071,271.22113494064143,-23.291654598168908,2025050200657,3,60798.271189748884,i,271.2212095277641,-23.29153002940161,98.73987579345703,17112.2,300.175,False,31187.1,9.58272,31765.1,270.747,False,15430.5,76.3505,20.816735430970326,0.019045526985950002,20.16506253154368,0.00033360927948831575,20.14512444615203,0.009254176247432239,20.92905000277428,0.005372250042981897
2004 RA307,190060,MBO,MBO,21163624531048257,745205089182943277,16.617355,2.635466,1.8559009,271.2211214520193,-23.291680965736823,2025050200658,50,60798.27166606662,i,271.2212117803337,-23.291552510328035,100.43907928466797,14529.2,288.429,False,32190.5,10.8079,26620.6,234.526,False,14064.9,33.3312,20.994395730311844,0.02155368416383641,20.130680693921683,0.00036453390885319084,20.33695541647059,0.009565275536758377,21.029658348038645,0.0025729929966515166
2004 RA307,190060,MBO,MBO,21163624531048257,745205089350714439,16.617233,2.6354644,1.8558943,271.2211073064789,-23.29170860087912,2025050200659,114,60798.27216639025,i,271.22117610496036,-23.291579272680085,103.37139129638672,15207.5,288.16,False,31924.2,7.48675,30819.2,264.666,False,16095.4,87.8033,20.944855437162595,0.02057312173198667,20.13969996924436,0.0002546230090832367,20.177946624572566,0.009323974972856508,20.88324553823868,0.005922885933484175
2004 RA307,190060,MBO,MBO,21163624531048257,745205089426735380,16.617104,2.635463,1.8558875,271.2210924748315,-23.291737558296816,2025050200660,3,60798.27269004357,i,271.2211738582388,-23.291603424607715,98.85237121582031,15554.2,320.646,False,32355.1,7.59553,31218.0,280.517,False,16547.8,55.876,20.920380789046938,0.022382183750896723,20.125143147019415,0.0002548822921530251,20.1639873093008,0.009756149051657056,20.85314929052613,0.003666142491236219
2004 RA307,190060,MBO,MBO,21163624531048257,745205089613383323,16.61698,2.6354613,1.8558809,271.2210780041388,-23.291765793196845,2025050200661,103,60798.273201278425,i,271.2211696897475,-23.2916263593148,105.12541198730469,13342.3,288.048,False,34380.7,14.0569,29261.7,259.81,False,16683.4,27.6433,21.086923262180676,0.023440047922212316,20.0592132376974,0.0004439143365312473,20.23425114529611,0.009640079976173596,20.84428856824185,0.0017989936075450904
2004 RA307,190060,MBO,MBO,21163624531048257,745205089851409843,16.616728,2.6354582,1.8558674,271.2210488437742,-23.2918226372828,2025050200663,45,60798.274230302864,i,271.2211348227437,-23.291665789844753,106.84081268310547,12881.7,301.282,False,34995.4,9.64161,27866.9,258.828,False,16141.8,29.7432,21.12506703174327,0.025393603664973043,20.039972643737425,0.0002991320480577796,20.287278336927717,0.010084326912818242,20.88012010810146,0.0020005990536452554
2004 RA307,190060,MBO,MBO,21163624531048257,745205090016035774,16.61661,2.6354566,1.8558611,271.22103514673887,-23.291849313479123,2025050200664,103,60798.27471389872,i,271.22112980774534,-23.29168264294172,119.56232452392578,9780.27,272.452,False,35446.6,8.23656,24521.2,242.409,False,15006.2,75.5397,21.424122941169642,0.03024568954949091,20.026063491005036,0.0002522874085806016,20.426145735735787,0.010733252546105188,20.959323159985264,0.005465486917213399
2004 RA307,190060,MBO,MBO,21163624531048257,745205090284471748,16.616343,2.6354532,1.8558468,271.22100427093545,-23.291909390464756,2025050200666,103,60798.27580196324,i,271.2211027849232,-23.291724044272538,116.00847625732422,11840.8,312.018,False,38065.8,3.36386,28794.4,284.124,False,17631.0,25.2244,21.21654740386574,0.02861033465270665,19.94866257406062,9.594608276727323e-05,20.251729901773732,0.010713322783899297,20.784307636414844,0.001553346029879054
2004 RA307,190060,MBO,MBO,21163624531048257,745205090418688628,16.61549,2.6354427,1.8558013,271.220905341104,-23.292101367553965,2025050200667,103,60798.27928058784,g,271.22088686752625,-23.29210569727873,110.71321868896484,21756.9,195.395,False,19287.8,0.00170702,21301.3,191.546,False,-235.026,5.5249,20.556007441452635,0.009750811308530605,20.68679322080953,9.609044694394854e-08,20.57898468801466,0.009763179953719777,nan,nan
2004 RA307,190060,MBO,MBO,21163624531048257,745205090656190919,16.61525,2.6354396,1.8557885,271.22087736241707,-23.29215552114117,2025050200669,44,60798.28026256796,g,271.22086104732944,-23.292160199978156,108.98274230957031,22147.5,202.723,False,20468.8,0.501531,21949.3,201.669,False,-259.161,5.34578,20.536688224108055,0.009938083686954084,20.622269002203293,2.6602944435008203e-05,20.54644827530653,0.009975686412584565,nan,nan
2004 RA307,190060,MBO,MBO,21163624531048257,745205090821341821,16.61513,2.6354382,1.8557822,271.2208635353884,-23.2921822613623,2025050200670,103,60798.2807476119,g,271.2208498036642,-23.29218952125993,116.69562530517578,21873.1,187.345,False,19030.9,0.114867,21522.4,182.993,False,-222.044,6.88845,20.550224173194316,0.00929942505810156,20.70135165967794,6.553303311767342e-06,20.567773233737743,0.009231410883668346,nan,nan
2004 RA307,190060,MBO,MBO,21163624531048257,745205091089776921,16.614885,2.635435,1.8557692,271.2208350367169,-23.2922373288722,2025050200672,103,60798.281746804816,g,271.22082583959957,-23.292239155511098,115.13018798828125,21590.9,185.764,False,19271.7,0.0309202,21047.3,181.362,False,-220.174,6.90089,20.56432311550227,0.009341468160610253,20.687699977918705,1.7419938050845757e-06,20.592008981277854,0.009355655201764292,nan,nan
2004 RA307,190060,MBO,MBO,21163624531048257,745205091325706889,16.614643,2.635432,1.8557562,271.22080679989483,-23.292291829419973,2025050200674,41,60798.28273546741,g,271.22079606744967,-23.29229610815893,112.32423400878906,22357.0,197.704,False,19821.6,0.0182832,21882.9,195.992,False,-250.137,5.39241,20.52646618296317,0.009601215946971706,20.657153251835144,1.0014697122182805e-06,20.54973779129396,0.009724287512884818,nan,nan
2004 RA307,190060,MBO,MBO,21163624531048257,745205091492429952,16.614525,2.6354306,1.8557498,271.2207930300191,-23.29231838515512,2025050200675,103,60798.283217045726,g,271.2207806574384,-23.292325256284297,115.95318603515625,22702.2,194.514,False,19749.5,0.00906751,21920.3,188.129,False,-237.56,6.41164,20.50983017394404,0.009302662632576127,20.661109737434266,4.984897931857965e-07,20.547883727346345,0.009318232724890716,nan,nan
2004 RA307,190060,MBO,MBO,21163624531048257,745205091760865716,16.614275,2.6354275,1.8557366,271.2207639583643,-23.29237440439987,2025050200677,103,60798.28423487743,g,271.2207496976911,-23.292377480619464,115.05560302734375,21896.8,189.468,False,19963.7,0.0280483,21386.2,185.331,False,-233.691,5.72759,20.549048332139833,0.009394626722705973,20.649397455036873,1.5254213984679067e-06,20.574665979781276,0.009408898122286817,nan,nan
2004 RA307,190060,MBO,MBO,21163624531048257,745205091996270924,16.614025,2.6354241,1.8557233,271.22073474836174,-23.292430627180416,2025050200679,40,60798.28525525569,g,271.2207182646658,-23.292433016694176,109.4815902709961,22043.2,200.254,False,19999.3,0.0340612,21871.9,197.592,False,-241.228,6.4387,20.54181343582334,0.009863496373840465,20.647462969859188,1.8491385982627052e-06,20.550283701607377,0.00980860278120203,nan,nan
2004 RA307,190060,MBO,MBO,21163624531048257,745205092162994438,16.613907,2.6354227,1.8557171,271.2207210076975,-23.292457053259373,2025050200680,102,60798.28573578752,g,271.2207082200382,-23.292460358867622,110.8448486328125,22504.6,202.013,False,20143.1,0.178274,21819.7,196.2,False,-243.773,5.62273,20.519321773519586,0.009746133335808321,20.639684249094728,9.609173665257292e-06,20.552878100975228,0.009762803690579221,nan,nan
2004 RA307,190060,MBO,MBO,21163624531048257,745205092430906147,16.613659,2.6354196,1.8557038,271.2206921353911,-23.29251253583225,2025050200682,101,60798.2867433915,g,271.2206816887125,-23.292517427581323,104.2535171508789,22445.7,213.92,False,19876.5,0.0119077,21725.5,209.546,False,-262.751,4.38783,20.5221671527426,0.010347669933124554,20.654150217415662,6.50447588516177e-07,20.557575549310762,0.010472103494110688,nan,nan
2004 RA307,190060,MBO,MBO,21163624531048257,745205092669981099,16.61341,2.6354165,1.8556906,271.2206631256561,-23.292568222034447,2025050200684,45,60798.2877551023,g,271.22064678003085,-23.29257096731836,107.3709487915039,21953.1,203.028,False,20190.3,0.204362,21106.0,198.341,False,-210.094,4.78679,20.546260380102417,0.010041172042646831,20.637143027967284,1.0989594959697868e-05,20.588985165491138,0.010203070610203003,nan,nan
2004 RA307,190060,MBO,MBO,21163624531048257,745205092833034818,16.613285,2.635415,1.8556839,271.22064835411425,-23.29259655397496,2025050200685,100,60798.28827062243,g,271.22063660289,-23.292599388726053,115.7674789428711,22199.5,191.205,False,19671.2,0.0107448,22072.0,188.296,False,-196.411,6.59277,20.53414201766691,0.009351480574734589,20.66542290825832,5.930506875030221e-07,20.540395781322175,0.00926240440876185,nan,nan
2004 RA307,190060,MBO,MBO,21163624531048257,745205093108810687,16.61303,2.6354117,1.8556703,271.22061853525463,-23.29265369983676,2025050200687,114,60798.28930930965,g,271.22060545096576,-23.2926559828792,111.73443603515625,22237.6,198.161,False,19352.5,0.00423881,21028.1,187.517,False,-169.492,5.85427,20.5322802338968,0.009675080536863967,20.683157309678204,2.378105877895188e-07,20.592999936027283,0.00968199684394472,nan,nan
2004 RA307,190060,MBO,MBO,21163624531048257,745205093184832008,16.612904,2.63541,1.8556637,271.2206036888676,-23.292682128719303,2025050200688,3,60798.28982683146,g,271.22059001669317,-23.292686878560655,103.20741271972656,22769.3,218.912,False,20705.0,0.022909,22274.0,215.902,False,-183.824,5.30268,20.50662576464652,0.010438646716591119,20.609811912904007,1.2013103730971427e-06,20.53050446168795,0.010524046433512452,nan,nan
2004 RA307,190060,MBO,MBO,21163624531048257,745205093343691599,16.61278,2.6354086,1.855657,271.22058918154767,-23.292709893529683,2025050200689,50,60798.29033126807,g,271.2205775553246,-23.29271652823026,94.84609985351562,22098.2,232.555,False,20658.8,0.284124,21595.4,229.557,False,-206.806,3.71686,20.53910778877642,0.01142597062529513,20.612237230903744,1.4932313959002422e-05,20.564096848706978,0.01154127031077813,nan,nan
2004 RA307,190060,MBO,MBO,21163624531048257,745205093511463477,16.612654,2.635407,1.8556504,271.22057455381173,-23.29273787407329,2025050200690,114,60798.29084019125,g,271.2205613320495,-23.292743164892364,84.82679748535156,22161.3,260.161,False,20826.6,0.228584,21232.4,257.679,False,-237.401,3.27701,20.53601187954095,0.012745922778515224,20.60345408046375,1.191658438070739e-05,20.582502261703112,0.013176626227816157,nan,nan
2004 RA307,190060,MBO,MBO,21163624531048257,745205093774132042,16.612402,2.6354039,1.855637,271.2205450230983,-23.292794316949443,2025050200692,103,60798.291867817105,g,271.22053805236214,-23.292800948822318,93.06243133544922,21952.0,234.844,False,20820.6,0.397761,21448.2,232.356,False,-190.229,3.68264,20.546314764933356,0.011615280015874753,20.603766918656753,2.07421262035955e-05,20.57152291279956,0.011762168099435168,nan,nan
2004 RA307,190060,MBO,MBO,21163624531048257,745205094012158578,16.612152,2.6354008,1.8556236,271.22051561433034,-23.29285046792164,2025050200694,45,60798.29288904932,g,271.2205025074731,-23.29286287315179,101.44414520263672,22321.5,219.608,False,20546.0,0.0384839,21487.8,214.213,False,-192.425,4.00301,20.528191560645062,0.010681914670162376,20.61818179055469,2.0336494957024956e-06,20.569520077772363,0.010823760384521965,nan,nan
2004 RA307,190060,MBO,MBO,21163624531048257,745205094176785069,16.612028,2.635399,1.855617,271.22050116107255,-23.2928780426246,2025050200695,103,60798.2933918022,g,271.2204887522564,-23.292885216539133,105.59355926513672,22254.2,209.209,False,20040.2,0.129988,21812.8,205.171,False,-181.045,4.68568,20.531470071206407,0.01020687300544412,20.645244913701877,7.042478770944791e-06,20.55322141769613,0.010212424841699737,nan,nan
2004 RA307,190060,MBO,MBO,21163624531048257,745205094445220621,16.61176,2.6353958,1.8556027,271.2204694438393,-23.29293850577117,2025050200697,103,60798.29449258432,g,271.2204563628273,-23.29294904687144,92.07176971435547,21618.2,233.673,False,20732.5,0.222593,20341.2,225.372,False,-193.625,3.26956,20.562951213275458,0.011735817498648507,20.608370814864102,1.1656928644928184e-05,20.629058616889495,0.012029503807175941,nan,nan
2004 RA307,190060,MBO,MBO,21163624531048257,745205095083802740,16.608973,2.635361,1.8554548,271.2201411622409,-23.29356058489181,2025050200702,41,60798.30584145313,u,271.220115796713,-23.293545653384545,15.7023286819458,5700.12,358.892,False,5455.63,0.695087,5535.51,359.076,False,-20.4452,7.75488,22.010289981133653,0.06836032015669377,22.057887751168746,0.000138330706909397,22.042105946807837,0.07042925001910555,nan,nan
2004 RA307,190060,MBO,MBO,21163624531048257,745205095250526303,16.608826,2.635359,1.855447,271.2201239464081,-23.293593030365678,2025050200703,103,60798.30643426111,u,271.2200913547802,-23.293598581839813,14.952840805053711,5712.65,385.193,False,5699.97,5.26728,5559.24,379.952,False,-12.0716,10.5233,22.007905976755318,0.07320910359407627,22.010318534311224,0.0010033169457986703,22.037461395399593,0.07420575844397018,nan,nan
2004 RA307,190060,MBO,MBO,21163624531048257,745205095518961781,16.608507,2.635355,1.8554301,271.22008618500035,-23.29366413807637,2025050200705,103,60798.30773465221,u,271.2200512145054,-23.29365588043144,15.076412200927734,5428.85,357.595,False,5167.63,1.36475,5236.87,354.524,False,-10.0913,9.68757,22.063230374981956,0.07151677288593072,22.11677149759838,0.00028673851438155404,22.102320492918736,0.0735018282539514,nan,nan
2004 RA307,190060,MBO,MBO,21163624531048257,745205095754891289,16.608202,2.6353512,1.8554139,271.2200500248313,-23.2937321561656,2025050200707,41,60798.30897818114,u,271.22000957782393,-23.293731404028534,16.529979705810547,5581.0,336.375,False,5413.69,1.02574,5719.88,335.456,False,7.54431,10.8668,22.033219943708346,0.06543890268330331,22.066266553068914,0.00020571608209954731,22.00653272818328,0.06367558845175876,29.205951172866996,1.5638909826337022
2004 RA307,190060,MBO,MBO,21163624531048257,745205095921090674,16.608055,2.6353495,1.855406,271.22003263371374,-23.29376484370317,2025050200708,102,60798.30957648018,u,271.2200229080279,-23.2937751559318,17.347646713256836,5862.28,332.582,False,5712.49,12.588,5784.85,332.799,False,19.0904,8.69566,21.979833645292473,0.061596568652422426,22.007936323393054,0.0023925200933052524,21.994269726008838,0.062461762932633634,28.197962389839706,0.49455182439996753
2004 RA307,190060,MBO,MBO,21163624531048257,745205096190574660,16.60773,2.6353455,1.855389,271.2199943422074,-23.29383675699672,2025050200710,104,60798.310892209374,u,271.2199744279752,-23.293846459993926,18.41926383972168,6426.7,346.42,False,6103.82,4.13111,6530.1,347.124,False,37.7896,10.8273,21.880029898488495,0.05852470773502444,21.93599573649535,0.0007348342562131365,21.862700403808265,0.05771505505537862,27.45656925188359,0.31108007419562733
2004 RA307,190060,MBO,MBO,21163624531048257,745209471822200939,16.391111,2.6325803,1.8437932,271.19854857607413,-23.342741665510605,2025050300543,103,60799.20929175007,u,271.19854424267595,-23.342735158939725,16.38127899169922,7469.64,444.734,False,7015.4,7.18156,8708.24,447.065,False,1210.0,9.3529,21.716750801486242,0.06464351775875736,21.78486891906195,0.0011114519272018132,21.550173996440613,0.05573969550298627,23.69303657420887,0.00839238153918341
2004 RA307,190060,MBO,MBO,21163624531048257,745209472090636313,16.390816,2.6325767,1.8437778,271.19850903903364,-23.342808910689044,2025050300545,103,60799.21047262172,u,271.19850177205245,-23.342820208695677,19.046035766601562,7562.39,391.238,False,7517.99,5.60098,8802.44,392.526,False,1176.52,12.2625,21.703352303861376,0.05617023993136939,21.709745606890646,0.0008088846043712943,21.538492263314296,0.04841608346837842,23.723501696298563,0.01131628853120861
2004 RA307,190060,MBO,MBO,21163624531048257,745209472761200726,16.390093,2.632568,1.8437402,271.1984120092381,-23.342973450343187,2025050300550,102,60799.213363683346,u,271.1983906492773,-23.342961882539498,20.95735740661621,7482.13,354.948,False,6865.09,3.79402,8882.13,348.575,False,1829.46,10.8772,21.714936892810726,0.05150670976337655,21.80838443689489,0.0006000365474436902,21.528707201139266,0.042609207005577174,23.244192727310317,0.006455331210336801
2004 RA307,190060,MBO,MBO,21163624531048257,745209472997130375,16.3898,2.6325643,1.843725,271.19837254147683,-23.343040181682284,2025050300552,40,60799.21453612241,u,271.1983467215782,-23.343060084253317,22.624271392822266,7805.15,341.711,False,7765.93,0.370886,9421.93,342.382,False,1668.11,11.8044,21.669046879122245,0.04753374468339987,21.67451629638879,5.1852688185866736e-05,21.46465035267619,0.039454393434105006,23.34443829483243,0.007683225356897557
2004 RA307,190060,MBO,MBO,21163624531048257,745209473163853868,16.389652,2.6325624,1.8437173,271.1983527021677,-23.343073683142684,2025050300553,102,60799.215125856645,u,271.1983217335279,-23.343070932576044,22.1228084564209,7747.56,350.899,False,7478.85,1.0574,9702.79,355.356,False,1784.4,10.7081,21.677087621130937,0.049174673228498944,21.715412928678653,0.00015350721502381607,21.432758415793057,0.03976411523964303,23.271269448721068,0.006515451715620148
2004 RA307,190060,MBO,MBO,21163624531048257,745209473431765124,16.389364,2.6325588,1.8437024,271.1983139258447,-23.34313908096672,2025050300555,101,60799.216275210085,u,271.19830957678624,-23.34313826606442,21.679841995239258,8223.12,379.891,False,7651.77,1.24527,9569.34,381.056,False,1354.96,10.3076,21.612408414613952,0.05015874718369536,21.690595228848355,0.00017669568416735226,21.447795054227075,0.04323457017209578,23.57018384500128,0.008259531535983846
2004 RA307,190060,MBO,MBO,21163624531048257,745209473833893980,16.388918,2.6325533,1.8436793,271.1982537672225,-23.343240329492755,2025050300558,100,60799.21805664257,u,271.19823769114294,-23.343242024304004,23.150279998779297,7449.89,322.706,False,6912.32,0.101752,8243.23,324.135,False,827.956,10.5801,21.71962532932679,0.04703070439574511,21.80094043953181,1.5982453216449827e-05,21.609756394359213,0.04269262113516216,24.10498186402163,0.013874164536088014
2004 RA307,190060,MBO,MBO,21163624531048257,745209474109669493,16.388628,2.6325498,1.8436643,271.19821468539504,-23.343305968859053,2025050300560,114,60799.219211773336,u,271.19819825811504,-23.3432990013827,19.350685119628906,6983.93,354.118,False,6740.35,7.76549,7774.07,354.834,False,856.016,9.81533,21.789750278219163,0.05505191720676514,21.82829386343488,0.0012508658420318352,21.673378907481354,0.049556557293627526,24.068795305509802,0.01244936866288463
2004 RA307,190060,MBO,MBO,21163624531048257,745209474185691345,16.38848,2.632548,1.8436565,271.19819456538625,-23.343339719642344,2025050300561,3,60799.219805694986,u,271.1981856419711,-23.343342043476806,22.63290023803711,8378.1,367.715,False,7683.48,1.99284,8800.04,364.4,False,519.258,11.2371,21.59213620126406,0.04765298852615742,21.686105089892607,0.00028160398671820975,21.538788379651752,0.04495914389375934,24.61154201853921,0.023496077146704847
2004 RA307,190060,MBO,MBO,21163624531048257,745209474512322656,16.388182,2.6325443,1.8436412,271.1981542493859,-23.343407264378317,2025050300563,114,60799.220994663,u,271.19814684279453,-23.34341690417562,21.914857864379883,7492.68,339.727,False,7608.97,3.68654,7975.53,340.935,False,381.337,9.13933,21.713407012044637,0.049228564925683345,21.69668528983218,0.0005260383092698804,21.645601146812375,0.04641264972860203,24.946727619948035,0.02602134391549232
2004 RA307,190060,MBO,MBO,21163624531048257,745209474588344412,16.388031,2.6325424,1.8436333,271.1981337818069,-23.34344151262877,2025050300564,3,60799.221597537005,u,271.1981133740596,-23.343443903378407,18.34376335144043,7508.51,403.975,False,7477.66,4.45592,8161.93,400.18,False,406.033,7.9053,21.71111562512852,0.05841509216009707,21.715585691234505,0.0006469876681539096,21.620517812194855,0.05323372010179564,24.87859669822072,0.021138850275242805
2004 RA307,190060,MBO,MBO,21163624531048257,745209474774990972,16.387888,2.6325407,1.8436259,271.1981145230915,-23.34347371194608,2025050300565,103,60799.22216487663,u,271.1981014657217,-23.343507811114108,19.83384895324707,7322.21,368.381,False,6739.27,0.113952,7645.48,369.474,False,214.045,9.60409,21.73839455521324,0.05462348170392241,21.828467856457916,1.8358340793380084e-05,21.691488111363107,0.05246907957136799,25.573737290901054,0.04871642893009661
2004 RA307,190060,MBO,MBO,21163624531048257,745209475009347751,16.387598,2.6325371,1.8436109,271.1980750492989,-23.343539630771275,2025050300567,38,60799.22332541254,u,271.198055732108,-23.343529304317908,22.252195358276367,7562.21,340.408,False,7054.27,3.02576,7538.65,333.729,False,189.472,11.6778,21.703378172098244,0.04887371290936447,21.77886980165288,0.0004657005047512948,21.706766062534733,0.04806452969864426,25.706137400795733,0.06691759435478573
2004 RA307,190060,MBO,MBO,21163624531048257,745209475177119844,16.387444,2.6325352,1.8436029,271.1980542202435,-23.343574371595103,2025050300568,102,60799.223937647315,u,271.19804293264934,-23.34357578684862,22.3200626373291,7723.76,341.809,False,7459.68,3.24772,7720.14,340.439,False,148.846,9.90821,21.680428106679415,0.04804841260418473,21.718199479867547,0.00047269683246762206,21.680937040594827,0.047878268558526366,25.96815713034252,0.07227404571076577
2004 RA307,190060,MBO,MBO,21163624531048257,745209475446079586,16.38712,2.6325312,1.8435861,271.198010029643,-23.34364798088304,2025050300570,103,60799.22523476149,u,271.19799626176615,-23.34365402196986,20.63532829284668,7950.39,379.53,False,8133.71,8.68108,8150.69,382.677,False,116.175,10.4854,21.649028898463577,0.05183009303698884,21.62427829528536,0.0011588024100382588,21.622014068621432,0.05097559577602099,26.237218268601936,0.09799335760143622
2004 RA307,190060,MBO,MBO,21163624531048257,745209475683057844,16.386824,2.6325276,1.8435708,271.1979698715252,-23.34371476053228,2025050300572,43,60799.22641118686,u,271.1979541760479,-23.343708549714567,21.12479591369629,7381.52,346.176,False,7054.28,1.97899,7256.83,340.657,False,75.5856,11.3681,21.72963549513014,0.050918484249494675,21.77886829860788,0.0003045897118516866,21.74813261499032,0.05096766058613393,26.703902311890346,0.16329509370668296
2004 RA307,190060,MBO,MBO,21163624531048257,745209476117168159,16.386377,2.632522,1.8435477,271.1979090049954,-23.343815774308126,2025050300575,103,60799.22819260982,u,271.1978761473723,-23.343816179485103,20.55950927734375,7421.12,359.03,False,7151.99,0.191931,7313.68,358.489,False,45.8814,12.5284,21.723826347314745,0.0525273627314205,21.763932718038717,2.913684479383631e-05,21.73966008775345,0.053218693160862696,27.24590832172803,0.296471720786311
2004 RA307,190060,MBO,MBO,21163624531048257,745209476787732550,16.385624,2.6325128,1.8435087,271.19780617401705,-23.34398588680855,2025050300580,102,60799.23119399808,u,271.1977679678037,-23.343983767282783,18.91063690185547,6899.35,365.753,False,6844.27,1.0931,6613.1,361.638,False,74.392,10.056,21.802979542104268,0.057557778400179054,21.811682162614318,0.000173403181002668,21.848987259121355,0.05937358641911709,26.72118443818316,0.14676528740718112
2004 RA307,190060,MBO,MBO,21163624531048257,745209477023662251,16.38533,2.6325092,1.8434936,271.19776588945115,-23.344052345373232,2025050300582,40,60799.23236617951,u,271.1977616271284,-23.344051802571375,21.19656753540039,7401.76,344.603,False,7208.56,2.43637,7442.98,342.589,False,77.4819,8.96635,21.726662536604202,0.05054851302523093,21.75537869709945,0.0003669602504103333,21.72063287284265,0.04997477757091525,26.676999302183233,0.1256434083396654
2004 RA307,190060,MBO,MBO,21163624531048257,745209477190385707,16.38518,2.6325076,1.8434857,271.19774522959574,-23.344086388848865,2025050300583,102,60799.232967845805,u,271.1977142555601,-23.3441034900978,19.88815689086914,7188.64,362.373,False,6803.79,5.01876,7470.84,365.046,False,79.5895,9.41423,21.758383141558543,0.05473100097791366,21.818122742308987,0.0008008844519804042,21.716576434215117,0.053052087318636164,26.647860553246,0.12842611993357483
2004 RA307,190060,MBO,MBO,21163624531048257,745209477458296991,16.384876,2.6325037,1.8434701,271.1977037325309,-23.34415468742942,2025050300585,101,60799.234173184275,u,271.19769837613217,-23.344158959848677,18.150583267211914,8052.98,443.045,False,7714.55,9.34945,8075.22,444.98,False,80.25,10.3018,21.635108451381917,0.059733168663365144,21.681723532085282,0.001315830053277663,21.632114063579635,0.05982882143987139,26.638887397307727,0.13937740796243497
2004 RA307,190060,MBO,MBO,21163624531048257,745209477860425803,16.384424,2.6324983,1.8434467,271.1976416296079,-23.344256701295198,2025050300588,100,60799.23597534599,u,271.19762157807094,-23.344276873874467,22.691526412963867,7748.64,338.012,False,7454.39,0.256152,7786.57,340.865,False,66.9471,10.069,21.676936270488667,0.04736209869221765,21.718969703831263,3.730868650113278e-05,21.671634544038024,0.047529203383098066,26.835670613328233,0.16329726714937828
2004 RA307,190060,MBO,MBO,21163624531048257,745209478136201299,16.384123,2.6324944,1.8434311,271.1976002089642,-23.344324609970123,2025050300590,114,60799.23717577841,u,271.1975926875978,-23.344327122099454,20.801441192626953,6980.15,334.002,False,6676.11,1.78867,7008.75,333.525,False,57.6355,9.62832,21.790338126442933,0.05195276381013748,21.838691312762002,0.0002908915155872203,21.785898577233624,0.05166686799574064,26.99827480216276,0.18137805684652264
2004 RA307,190060,MBO,MBO,21163624531048257,745209478212223174,16.38397,2.6324925,1.8434234,271.19757930664605,-23.344358839580785,2025050300591,3,60799.23778068028,u,271.197575898966,-23.344356729150025,18.250818252563477,7211.51,389.996,False,6913.73,6.09278,7502.87,388.398,False,69.8389,8.3735,21.75493451010161,0.05871624570417601,21.800718965181304,0.0009568137568637032,21.71193142898221,0.05620486227299392,26.789756559724566,0.13017691098325387
2004 RA307,190060,MBO,MBO,21163624531048257,745209478538854475,16.38367,2.632489,1.8434079,271.19753805144853,-23.344426321904088,2025050300593,114,60799.238973200016,u,271.19752732885524,-23.344431246277715,19.48139762878418,7429.37,380.068,False,7330.85,3.1893,7797.54,379.836,False,66.6482,8.07472,21.722620013453792,0.055543548637230114,21.737114152307733,0.0004723515686648543,21.670105966339115,0.05288869225603336,26.840528922121734,0.13154167903590813
2004 RA307,190060,MBO,MBO,21163624531048257,745209478614876240,16.383518,2.632487,1.8434,271.197517145438,-23.344460479630133,2025050300594,3,60799.23957716579,u,271.1974866178877,-23.344484530290472,19.341785430908203,8012.95,411.851,False,8438.54,3.64311,8217.83,410.682,False,92.9967,7.67153,21.640518891546318,0.05580485901950703,21.58433171158304,0.0004687370619343749,21.613107107458916,0.05425913157433389,26.47883119660953,0.08956509137451193
2004 RA307,190060,MBO,MBO,21163624531048257,745209478801522787,16.38337,2.6324854,1.8433924,271.1974966770613,-23.344493897171464,2025050300595,103,60799.240168812416,u,271.1974718646599,-23.344510108790566,16.95065689086914,6836.46,399.877,False,6692.53,10.0583,6881.71,402.162,False,106.379,7.61108,21.812921813467717,0.0635066912122635,21.836024218264335,0.001631768679225109,21.80575908815824,0.06344961241794247,26.332860263718622,0.07768098467010895
2004 RA307,190060,MBO,MBO,21163624531048257,745209479035879576,16.38307,2.6324816,1.8433769,271.19745514898096,-23.344561621709776,2025050300597,38,60799.24136687386,u,271.1974534674165,-23.344567087489146,18.72821807861328,7039.96,376.939,False,6763.2,4.66352,6529.62,372.717,False,142.099,7.93183,21.78107452714236,0.05813332980866138,21.82461939243298,0.0007486622023069883,21.862780211363734,0.061974869159961116,26.018522453318706,0.060604754315411805
2004 RA307,190060,MBO,MBO,21163624531048257,745209479203651678,16.382917,2.6324797,1.843369,271.197434158155,-23.34459581535125,2025050300598,102,60799.24197183933,u,271.1974135144947,-23.344595275173106,20.453861236572266,7103.02,344.807,False,6836.7,2.65999,6912.45,339.406,False,103.788,9.62077,21.7713924032186,0.052705673072390824,21.812883661181687,0.00042243296374463947,21.800919961995284,0.05331038608043291,26.35963212104094,0.10064379887177695
2004 RA307,190060,MBO,MBO,21163624531048257,745209479472611445,16.382591,2.6324756,1.8433522,271.1973890462603,-23.344669215054783,2025050300600,103,60799.243270881525,u,271.19736833136744,-23.34468980265967,19.244544982910156,7575.65,390.821,False,8157.52,8.58015,7572.15,392.271,False,256.444,8.79713,21.701450259574212,0.05601216138403716,21.62110462932025,0.001141986669424811,21.70195199274118,0.05624595762475498,25.377518643048923,0.03724541080813054
2004 RA307,190060,MBO,MBO,21163624531048257,745209479709589622,16.38229,2.632472,1.8433367,271.1973473563325,-23.34473694270484,2025050300602,43,60799.244469248064,u,271.1973446773941,-23.344749237101343,19.717435836791992,8137.68,409.303,False,8533.02,4.23697,7965.34,405.735,False,674.468,6.56519,21.623748456587393,0.05460955530623672,21.57224315077121,0.0005391094739637794,21.64698922538947,0.05530475431991209,24.327596597999655,0.010568424466243318
2004 RA307,190060,MBO,MBO,21163624531048257,745209480546353388,16.380919,2.6324553,1.8432661,271.1971572891754,-23.345044475238375,2025050300608,103,60799.2499180488,g,271.1969907429475,-23.345257009442257,130.8115692138672,7184.57,162.951,False,23870.4,2.57519,20062.2,159.944,False,12812.8,9.23252,21.758998075282612,0.024625246744605703,20.455350740713037,0.00011713155390932413,20.644053653336833,0.00865592998581172,21.1308898987325,0.0007823490174107503
2004 RA307,190060,MBO,MBO,21163624531048257,745209480781759448,16.380665,2.6324522,1.843253,271.19712191802023,-23.34510148632773,2025050300610,40,60799.250929194866,g,271.1969683894103,-23.345301392038166,126.89346313476562,7648.78,156.359,False,22728.8,6.47684,18111.1,153.781,False,10707.1,8.15717,21.69101960650856,0.022194993840039288,20.50855869487423,0.00030939334498902436,20.755137952101897,0.009218965676673638,21.325820392536336,0.0008271647263541886
2004 RA307,190060,MBO,MBO,21163624531048257,745209481216917963,16.380291,2.6324475,1.8432338,271.1970699744214,-23.3451850863582,2025050300613,102,60799.25241213998,g,271.19693058588075,-23.34535649866336,132.00746154785156,8214.92,149.236,False,22156.9,4.74052,16286.6,141.637,False,8416.97,30.5527,21.613491664156385,0.019723980462010387,20.536227486822202,0.00023229576805132866,20.870423950529755,0.009442143563709551,21.587110587136436,0.0039411063205818265
2004 RA307,190060,MBO,MBO,21163624531048257,745209481452847826,16.380037,2.6324444,1.8432207,271.1970345584319,-23.34524200350509,2025050300615,40,60799.253422270835,g,271.19689302759474,-23.34543087755395,119.14877319335938,7823.67,154.117,False,21881.7,8.83185,16314.5,152.442,False,8428.99,12.3132,21.666473701447167,0.021387713580829127,20.54979738995611,0.0004382227934156171,20.8685655793713,0.01014507339995933,21.585561123315212,0.0015860603300492115
2004 RA307,190060,MBO,MBO,21163624531048257,745209481619570949,16.37991,2.632443,1.8432142,271.1970168384596,-23.345270456369345,2025050300616,102,60799.25392776825,g,271.1968769586539,-23.345462931817952,121.0654525756836,7052.42,148.255,False,22394.6,13.8527,14082.8,145.107,False,7007.47,20.2029,21.779154591072306,0.02282419766846036,20.524641744634913,0.0006716073713964514,21.02827748605871,0.01118725820271951,21.786096848816264,0.0031302337684930457
2004 RA307,190060,MBO,MBO,21163624531048257,745209481887482846,16.379658,2.6324399,1.8432012,271.196981515315,-23.345327125244605,2025050300618,101,60799.25493321822,g,271.1968554706563,-23.3455134964459,126.01974487304688,8088.35,142.063,False,22364.6,9.30109,13712.4,138.201,False,5748.43,28.8099,21.630350147316868,0.019069766322899088,20.52609718135357,0.0004515408544840134,21.05721628550006,0.010942638001590056,22.00112684874469,0.0054414772097943495
2004 RA307,190060,MBO,MBO,21163624531048257,745209482126557829,16.379404,2.6324368,1.8431882,271.1969461609761,-23.34538377888064,2025050300620,45,60799.25593967097,g,271.1967983630987,-23.345601906651503,118.7853775024414,6892.67,149.514,False,21267.4,4.46484,12272.4,147.602,False,5287.59,14.8759,21.804031296561806,0.023551508047739166,20.580713981520205,0.00022793751362037819,21.177676210451054,0.01305831260615597,22.091855600667138,0.0030545681448859077
2004 RA307,190060,MBO,MBO,21163624531048257,745209482289611356,16.379278,2.632435,1.8431817,271.1969287184227,-23.34541170585012,2025050300621,100,60799.25643550264,g,271.1969141522436,-23.34541997695731,119.8719482421875,23977.9,198.255,False,22459.3,1.16249,32267.5,194.258,False,8399.96,9.3387,20.450472120720875,0.008977126148206447,20.521509421563483,5.619754168234403e-05,20.128086703182493,0.006536389211826235,21.58930696007903,0.001207073017284548
2004 RA307,190060,MBO,MBO,21163624531048257,745209482565386935,16.379026,2.632432,1.8431687,271.19689338848065,-23.345468223995265,2025050300623,114,60799.25743949089,g,271.19681143885515,-23.34521436180588,126.4976577758789,5123.62,155.61,False,21875.8,2.96941,21223.8,150.905,False,16188.7,18.124,22.12605769454965,0.032975007440215046,20.55009010079124,0.0001473772738066881,20.582942098858357,0.007719777543257462,20.87697004931248,0.0012155320275278711
2004 RA307,190060,MBO,MBO,21163624531048257,745209489103782876,16.372202,2.6323488,1.8428191,271.1959304858994,-23.346985856311623,2025050300672,41,60799.28450434054,r,271.1958119133705,-23.347163675241568,130.2488250732422,9336.2,251.248,False,36202.0,11.6178,39258.6,237.035,False,30571.6,68.8358,21.474574610811985,0.029218423497694195,20.0031685898984,0.0003484300817048805,19.915162936350114,0.006555441993042285,20.186704592312196,0.002444671570476851
2004 RA307,190060,MBO,MBO,21163624531048257,745209491553779857,16.369953,2.6323214,1.8427043,271.19560977400573,-23.347482661287483,2025050300690,106,60799.29341032234,r,271.1957098654201,-23.34730281449625,127.78461456298828,4859.31,220.57,False,31588.3,11.7254,28065.2,208.589,False,23068.0,57.0386,22.183563472428812,0.049282889905768665,20.15118433830572,0.00040301918586739056,20.279579676564918,0.008069518137139315,20.492475143152852,0.0026846225979436896
2004 RA307,190060,MBO,MBO,21163624531048257,745209491790234541,16.369698,2.6323183,1.8426912,271.1955731562606,-23.347539141992584,2025050300692,45,60799.29442461897,r,271.1956741053347,-23.347355912201227,132.0054168701172,5698.4,220.009,False,32099.8,10.7339,27145.4,209.721,False,21430.3,43.5489,22.010617690265505,0.04191909021516354,20.13374415729563,0.0003630609424613304,20.315759370454842,0.008388223115771696,20.572429333627294,0.0022063441174290112
2004 RA307,190060,MBO,MBO,21163624531048257,745209491954336741,16.369576,2.6323168,1.842685,271.1955557070569,-23.34756603950602,2025050300693,102,60799.29490756752,r,271.1956643853371,-23.347372731524153,127.1620864868164,4567.79,235.551,False,32494.0,23.9304,27142.2,220.275,False,22399.6,52.3498,22.250734667209933,0.055989054009354874,20.12049205966461,0.0007995969285243501,20.31588741546812,0.008811391219583837,20.52439936141829,0.0025374593422348934
2004 RA307,190060,MBO,MBO,21163624531048257,745209492224868629,16.369303,2.6323135,1.842671,271.195516674068,-23.347626168877387,2025050300695,106,60799.295987649326,r,271.19564505196547,-23.34740720779047,124.80623626708984,290.284,233.677,False,33681.3,18.7231,20196.3,212.802,False,20071.5,31.6023,25.242942265636927,0.8740116032133644,20.08152786068556,0.0006035499752916952,20.636820425073033,0.011440057289106085,20.64355042560986,0.0017094767188678508
2004 RA307,190060,MBO,MBO,21163624531048257,745209492460798541,16.369047,2.6323104,1.8426582,271.1954803319175,-23.347682105071573,2025050300697,44,60799.29699272159,r,271.1956135857627,-23.34745221765786,142.2845001220703,-1898.07,206.069,False,35319.7,12.8016,14726.8,189.394,False,16502.8,85.5635,nan,nan,20.029957508786097,0.00039352433349169,20.97972904228954,0.013963109599016716,20.856105857553395,0.005629310466194264
2004 RA307,190060,MBO,MBO,21163624531048257,745209492626997325,16.368923,2.6323087,1.8426518,271.1954625698658,-23.34770942693718,2025050300698,105,60799.29748316981,r,271.19560332325113,-23.3474700776511,130.39151000976562,-691.57,259.739,False,34122.5,4.53036,20360.0,237.987,False,21725.7,80.0112,nan,nan,20.067397893905607,0.00014415051984680211,20.628055565838196,0.012691115011376637,20.557565593359563,0.003998539043482503
2004 RA307,190060,MBO,MBO,21163624531048257,745209493130314637,16.368427,2.6323028,1.8426265,271.1953914413604,-23.347818729605468,2025050300702,41,60799.299448293445,r,271.1952740185677,-23.34799416061776,134.1771697998047,15238.7,242.527,False,35729.6,8.1311,27214.5,228.504,False,12390.4,19.9741,20.942630187818708,0.01727971108669361,20.017429566978677,0.000247084460607613,20.312999100936228,0.009116282251975997,21.167286648379964,0.0017502746453992013
2004 RA307,190060,MBO,MBO,21163624531048257,745213856261865587,16.140173,2.6294718,1.8309095,271.16667322833865,-23.398628400480835,2025050400442,6,60800.21839503231,i,271.16651013634754,-23.398852515391162,95.9889144897461,3150.11,298.732,False,34036.4,2.22573,13578.5,249.495,False,11560.4,35.7083,22.654185664565674,0.10296279527627861,20.07014100259904,7.09991565303369e-05,21.067870508442088,0.019949607769980716,21.242567810024937,0.0033536724063976007
2004 RA307,190060,MBO,MBO,21163624531048257,745213856420200763,16.140045,2.62947,1.830903,271.16665266120134,-23.39865715886513,2025050400443,52,60800.218894994105,i,271.1664998078862,-23.398868802215002,106.28628540039062,5119.57,287.256,False,35171.1,4.37706,16144.3,249.246,False,11330.2,35.2294,22.126916323545185,0.060920011432823544,20.03453507330607,0.0001351203753182081,20.879951965120416,0.016762288346393463,21.264406041106863,0.0033759187906422594
2004 RA307,190060,MBO,MBO,21163624531048257,745213856662946706,16.139791,2.6294672,1.8308905,271.16661236391974,-23.39871345593896,2025050400445,3,60800.21987146064,i,271.1664706320066,-23.398900649548153,103.6594009399414,7336.1,275.806,False,36352.9,5.071,17730.9,256.048,False,10183.2,47.6233,21.73633687888108,0.04081903946759368,19.998652392189136,0.00015145335416596664,20.778173024963962,0.01567887598134206,21.38028929548016,0.005077612001844742
2004 RA307,190060,MBO,MBO,21163624531048257,745213856849594599,16.139664,2.6294656,1.8308842,271.1665918915573,-23.398742031806677,2025050400446,103,60800.22036782186,i,271.16646257081356,-23.398916563537707,130.36708068847656,6802.96,230.002,False,37172.5,3.42192,15202.6,216.238,False,8218.62,86.7634,21.818255212718775,0.036707771147831414,19.974445574682406,9.994760912332644e-05,20.94520535588259,0.015443242513383073,21.613002732852017,0.01146204110457463
2004 RA307,190060,MBO,MBO,21163624531048257,745213857251722750,16.139282,2.629461,1.8308651,271.16653074732176,-23.398827279239065,2025050400449,102,60800.22184746791,i,271.16642206677466,-23.39897372448929,124.19820404052734,14171.7,272.805,False,39198.5,6.59439,23607.0,252.164,False,9990.93,60.2356,21.021445109535172,0.020900403854496066,19.916826379272006,0.00018265412909967654,20.4673979999258,0.011597559449615064,21.400985243557898,0.006545934488322456
2004 RA307,190060,MBO,MBO,21163624531048257,745213857922811658,16.138622,2.6294532,1.8308324,271.16642470073384,-23.3989747803718,2025050400454,102,60800.22440976929,i,271.1663341357089,-23.399090568219364,130.80007934570312,19590.1,266.405,False,36187.3,2.36003,30342.4,254.515,False,10530.9,91.7591,20.66990838937866,0.0147648842053262,20.003609524512378,7.080854029816643e-05,20.19487516276523,0.009107260662762694,21.343836237762112,0.009460366665562218
2004 RA307,190060,MBO,MBO,21163624531048257,745213858191770505,16.138365,2.62945,1.8308196,271.1663832816907,-23.39903227153128,2025050400456,103,60800.225408649734,i,271.1665410141881,-23.398804075126883,122.70423889160156,-1111.98,232.312,False,36055.9,1.54683,7915.78,206.796,False,9263.32,108.156,nan,nan,20.007559195647517,4.657904724232944e-05,21.653765740630302,0.028364345142502592,21.48308329600183,0.012676759420872714
2004 RA307,190060,MBO,MBO,21163624531048257,745213858997076105,16.136776,2.629431,1.8307407,271.16612722288903,-23.399386239786523,2025050400462,103,60800.23156486126,u,271.16608804854553,-23.399399486063658,19.78749656677246,6307.81,316.819,False,6322.41,1.86728,5889.84,314.923,False,-363.663,20.4604,21.900303481662604,0.05453269133424488,21.897793333556002,0.00032066466067133493,21.974741285919034,0.058053073833595904,nan,nan
2004 RA307,190060,MBO,MBO,21163624531048257,745213859254501378,16.136467,2.6294274,1.8307254,271.16607752180414,-23.39945466123024,2025050400464,82,60800.23275544681,u,271.1660581808181,-23.39945959325784,23.153215408325195,6367.74,274.655,False,5859.46,0.00932395,6032.32,270.305,False,-321.841,50.0469,21.890036653800408,0.046830251394787206,21.98035602257959,1.7276933493983093e-06,21.94878910227407,0.04865125282262127,nan,nan
2004 RA307,190060,MBO,MBO,21163624531048257,745213859399204998,16.136314,2.6294255,1.8307178,271.166052631109,-23.399488893184607,2025050400465,102,60800.233351320014,u,271.1660391524471,-23.399493337990627,22.116910934448242,6345.63,286.162,False,5844.61,5.1052,6157.68,283.498,False,-338.063,49.5651,21.89381315573075,0.048962267856777215,21.983111183402066,0.0009483781467154585,21.9264571792529,0.0499870110846206,nan,nan
2004 RA307,190060,MBO,MBO,21163624531048257,745213859668164674,16.136007,2.629422,1.8307027,271.166003187722,-23.39955682531712,2025050400467,103,60800.23453489755,u,271.16599137365597,-23.399574389272157,19.118820190429688,5755.93,293.946,False,5579.15,0.848557,5400.96,294.183,False,-311.359,54.9983,21.99971120764158,0.05544678624246548,22.03357992418239,0.0001651343068073275,22.068822605680722,0.05913858857380611,nan,nan
2004 RA307,190060,MBO,MBO,21163624531048257,745213859905142844,16.1357,2.6294184,1.8306874,271.1659531920429,-23.39962542638153,2025050400469,43,60800.235729781474,u,271.1659478618216,-23.399632615500675,21.836177825927734,6371.77,289.311,False,6138.85,0.596672,6016.06,285.993,False,-304.064,30.3367,21.88934976965804,0.049297986463463346,21.929782428422342,0.00010552927353366505,21.951719592034358,0.0516140071477898,nan,nan
2004 RA307,190060,MBO,MBO,21163624531048257,745213860070293561,16.135546,2.6294165,1.8306798,271.16592840553807,-23.39965940365645,2025050400470,102,60800.23632148316,u,271.1659159444544,-23.39965698086103,20.782594680786133,6009.57,282.787,False,5790.37,3.77414,5547.23,278.299,False,-272.605,50.7681,21.952891536155565,0.05109052383646964,21.993234188818334,0.0007076784778585291,22.03980957125114,0.054470305594897336,nan,nan
2004 RA307,190060,MBO,MBO,21163624531048257,745213860338729092,16.13524,2.629413,1.8306646,271.1658787955543,-23.39972734310325,2025050400472,102,60800.23750585418,u,271.1658656603952,-23.39973214612886,20.067615509033203,5893.2,292.754,False,5596.85,2.83009,5432.43,290.538,False,-259.961,15.9878,21.974122013568447,0.053935655326105156,22.03014081198658,0.0005490108135784104,22.062514617634925,0.058067496342185186,nan,nan
2004 RA307,190060,MBO,MBO,21163624531048257,745213860574658698,16.13493,2.629409,1.8306493,271.1658284651537,-23.39979618011961,2025050400474,40,60800.238705224896,u,271.16581788937214,-23.399795937124992,21.072763442993164,5972.58,280.632,False,5491.96,1.21948,5851.41,279.655,False,-224.409,53.5033,21.959595046701732,0.0510151904486374,22.050681594104997,0.00024108581222667262,21.9818486470694,0.05189032197511545,nan,nan
2004 RA307,190060,MBO,MBO,21163624531048257,745213860741382233,16.134777,2.6294072,1.8306417,271.16580365909624,-23.39983007467774,2025050400475,102,60800.239296573185,u,271.16580097362487,-23.399824077660355,22.751338958740234,6227.86,267.868,False,5647.61,0.145344,6021.57,266.307,False,-193.199,44.5409,21.914152920770547,0.04669886679198956,22.02033827992439,2.794195263934579e-05,21.95072568335054,0.048017239248747144,nan,nan
2004 RA307,190060,MBO,MBO,21163624531048257,745213861244698744,16.134161,2.6294,1.8306112,271.165703515697,-23.399966691212533,2025050400479,38,60800.24167975258,u,271.16567694035774,-23.399972315380136,21.13430404663086,6312.79,294.978,False,5962.9,1.2318,6639.76,297.766,False,-255.994,22.0305,21.899446637244317,0.050733239784538406,21.961356202455136,0.00022428848976888723,21.844619084091565,0.04869081542334597,nan,nan
2004 RA307,190060,MBO,MBO,21163624531048257,745213861411422317,16.134008,2.629398,1.8306036,271.16567843916164,-23.40000084670854,2025050400480,100,60800.24227592332,u,271.1656686192169,-23.40000244875588,23.148277282714844,6428.15,273.976,False,5888.26,0.0620889,6107.28,273.476,False,-226.949,33.47,21.879785010464936,0.046275472922661647,21.975032597436826,1.144857200301773e-05,21.935380459398676,0.048617849368553644,nan,nan
2004 RA307,190060,MBO,MBO,21163624531048257,745213861687197816,16.1337,2.6293945,1.8305883,271.16562825022885,-23.40006914207977,2025050400482,114,60800.243467492146,u,271.1656142399144,-23.400074732519577,23.000566482543945,6143.62,264.737,False,5673.89,1.92363,5883.42,264.133,False,-204.452,43.234,21.928939115461308,0.04678585909059974,22.015297694208513,0.00036809925541764546,21.975925383176893,0.048743547121940456,nan,nan
2004 RA307,190060,MBO,MBO,21163624531048257,745213861764792347,16.133545,2.6293926,1.8305807,271.1656030115396,-23.400103453722416,2025050400483,6,60800.2440661897,u,271.1655975862733,-23.400117243402462,18.888809204101562,5759.66,306.385,False,5303.5,1.72893,5686.63,303.114,False,-247.845,30.4072,21.999007852474747,0.05775571625293532,22.088593567030767,0.00035394775010503594,22.012862592761085,0.057872916928846746,nan,nan
2004 RA307,190060,MBO,MBO,21163624531048257,745213861923127355,16.13339,2.6293907,1.8305731,271.1655778452458,-23.400137645551755,2025050400484,52,60800.24466319744,u,271.1655708566504,-23.400144779945627,23.81443977355957,6450.35,270.731,False,6033.69,0.697158,6022.59,268.994,False,-222.669,36.8708,21.876041782654475,0.04556999705155379,21.948542527661495,0.00012545053948735349,21.95054178141503,0.04849350848244285,nan,nan
2004 RA307,190060,MBO,MBO,21163624531048257,745213862352519290,16.13293,2.6293852,1.8305503,271.1655029937291,-23.4002392161793,2025050400487,103,60800.246437074595,u,271.1654811565905,-23.400244027070727,19.242237091064453,6080.98,310.417,False,5976.49,1.3731,6283.11,314.137,False,-223.441,20.7808,21.940066065874777,0.05542379157184961,21.958884464497864,0.0002494481493757134,21.90456336591003,0.054283613436457386,nan,nan
2004 RA307,190060,MBO,MBO,21163624531048257,745213862754648210,16.132471,2.6293797,1.8305277,271.165427912869,-23.400340911522115,2025050400490,102,60800.24821428256,u,271.1654165303188,-23.40034132457422,23.55067253112793,6669.77,281.971,False,6306.95,0.137813,6290.5,280.817,False,-192.265,22.5361,21.83972285185423,0.04590055301874248,21.900451496318173,2.3724393087656055e-05,21.903287083282393,0.0484688289805964,nan,nan
2004 RA307,190060,MBO,MBO,21163624531048257,745213863023607981,16.13214,2.629376,1.8305112,271.1653736834959,-23.400414249231677,2025050400492,103,60800.249496678574,u,271.1653567519604,-23.400425812394772,18.686845779418945,6233.98,329.062,False,5955.4,3.00742,6334.82,331.439,False,-267.691,11.3426,21.913086491828214,0.0573108256447635,21.962722676322045,0.0005482864121434463,21.895664332164586,0.0568059277008459,nan,nan
2004 RA307,190060,MBO,MBO,21163624531048257,745213863425736875,16.131678,2.6293705,1.8304884,271.16529825969417,-23.400516091390035,2025050400495,102,60800.251277752366,u,271.1652894842082,-23.400513623883267,23.848142623901367,6078.78,253.282,False,5695.65,3.03097,6260.74,258.275,False,-228.424,52.6176,21.940458973593422,0.04523892041078323,22.011141783923556,0.0005777802403288182,21.908435788100658,0.044789993061434163,nan,nan
2004 RA307,190060,MBO,MBO,21163624531048257,745213863694696550,16.131378,2.6293669,1.8304737,271.1652490388818,-23.400582454452287,2025050400497,103,60800.25243839897,u,271.1652254344387,-23.400588662914792,23.082592010498047,6474.9,277.422,False,6016.1,2.71246,6324.86,277.95,False,-199.111,54.9561,21.87191735274835,0.046519191147111415,21.951712366090025,0.0004895224518739037,21.897372731221424,0.04771337197810709,nan,nan
2004 RA307,190060,MBO,MBO,21163624531048257,745213863931674685,16.131077,2.629363,1.8304588,271.1651995641709,-23.40064908258567,2025050400499,43,60800.25360402888,u,271.16517599505164,-23.400649631262322,25.154794692993164,6376.44,251.835,False,5670.14,1.34717,6471.05,251.747,False,-168.7,55.6803,21.888554316257853,0.042880727635999843,22.016015518618005,0.00025796033300793915,21.872563144001226,0.0422390236661411,nan,nan
2004 RA307,190060,MBO,MBO,21163624531048257,745213864096825445,16.13093,2.6293614,1.8304516,271.1651757029714,-23.40068118924584,2025050400500,102,60800.25416605766,u,271.16516223138,-23.400693772757535,24.30853271484375,6338.34,258.62,False,5936.85,0.862216,6350.69,258.754,False,-114.929,55.6795,21.895061197217196,0.04430073156301026,21.96610979160712,0.0001576827960198636,21.892947725561946,0.04423749012034513,nan,nan
2004 RA307,190060,MBO,MBO,21163624531048257,745213864365260939,16.130629,2.6293578,1.8304367,271.16512616674373,-23.400747786518085,2025050400502,102,60800.25533248155,u,271.16509871909267,-23.400740412741957,22.959230422973633,5982.55,256.004,False,5554.32,1.54651,5888.23,253.169,False,-45.7929,52.9138,21.957784193001974,0.04646059256530807,22.03842279170641,0.0003023055802870339,21.97503808953561,0.046682068639650666,nan,nan
2004 RA307,190060,MBO,MBO,21163624531048257,745213864601190547,16.130322,2.6293542,1.8304214,271.1650756112262,-23.40081567588537,2025050400504,40,60800.2565211147,u,271.1650653886103,-23.400829508247476,21.46481704711914,5638.65,259.341,False,5253.01,4.89447,5750.14,254.699,False,52.217,52.386,22.022062173619695,0.04993676175429,22.098979479548905,0.0010116302372291308,22.00080392746634,0.0480920333430363,27.105470227479433,1.0892502360516512
2004 RA307,190060,MBO,MBO,21163624531048257,745213864767914089,16.130169,2.6293523,1.8304139,271.1650505942397,-23.4008492413744,2025050400505,102,60800.25710972361,u,271.16502779967226,-23.400862305397695,21.958112716674805,5834.98,265.258,False,5596.09,0.398883,5882.09,263.696,False,33.7414,50.1256,21.98490157414801,0.04935753171295265,22.030288304101507,7.739005457267578e-05,21.976170865779928,0.04867390969782249,27.579592200193503,1.6129495166646295
2004 RA307,190060,MBO,MBO,21163624531048257,745213865271230613,16.129562,2.6293452,1.830384,271.164950850754,-23.400982879129824,2025050400509,38,60800.259451414655,u,271.16494097883674,-23.400989286707084,22.76937484741211,5949.88,258.183,False,5396.0,0.733891,5980.05,254.511,False,-102.855,40.0777,21.963729504484625,0.047113328534908815,22.06982014750033,0.00014766716831214225,21.958237997465893,0.04620894774414117,nan,nan
2004 RA307,190060,MBO,MBO,21163624531048257,745213865437954205,16.12941,2.6293433,1.8303765,271.1649257833061,-23.40101641781673,2025050400510,100,60800.260039684974,u,271.1649152979224,-23.40102067869823,26.856840133666992,6763.57,251.823,False,6014.13,1.14178,6696.62,252.095,False,-138.172,42.1106,21.82456005535763,0.04042441392283689,21.952067992476152,0.000206126560024982,21.83536084206101,0.040872658904656,nan,nan
2004 RA307,190060,MBO,MBO,21163624531048257,745213865713729662,16.129103,2.6293397,1.8303614,271.1648751919004,-23.401084049059488,2025050400512,114,60800.261225728755,u,271.1648571944146,-23.401086703977487,23.945960998535156,6591.25,274.68,False,6191.74,0.640413,6219.22,271.147,False,-160.34,27.5709,21.852580539151198,0.04524635126429638,21.920468180370396,0.00011229792253551502,21.915660162718467,0.04733617848984446,nan,nan
2004 RA307,190060,MBO,MBO,21163624531048257,745213865791324178,16.128946,2.6293378,1.8303537,271.1648496250004,-23.40111819845534,2025050400513,6,60800.26182492338,u,271.16483960627244,-23.401104505911945,18.846818923950195,6316.57,330.056,False,6235.57,6.78314,6283.08,328.619,False,-210.96,21.2331,21.89879674686867,0.05673233392569978,21.912809633247804,0.0011810790490197633,21.904568512867485,0.05678640546458589,nan,nan
2004 RA307,190060,MBO,MBO,21163624531048257,745213865949659171,16.128796,2.629336,1.8303462,271.1648245604497,-23.401151658242117,2025050400514,52,60800.262411258795,u,271.1648090675626,-23.40116138895809,19.365833282470703,5831.77,298.958,False,5571.11,0.967991,5707.23,301.609,False,-225.081,13.9812,21.98549902774797,0.05565883628766365,22.035145692728456,0.00018864874223444432,22.008936566552908,0.05737771592246265,nan,nan
2004 RA307,190060,MBO,MBO,21163624531048257,745213866112712856,16.12864,2.6293342,1.8303386,271.1647990589654,-23.40118568247705,2025050400515,107,60800.263008318245,u,271.1647943202898,-23.40119559775937,22.332839965820312,5988.59,264.999,False,5489.49,0.249094,5833.7,260.741,False,-130.885,37.3784,21.956688576404495,0.04804453274386135,22.05116995794443,4.926693675872205e-05,21.985139734601994,0.048527680780804855,nan,nan
2004 RA307,190060,MBO,MBO,21163624531048257,745213866192404607,16.128485,2.6293323,1.8303311,271.16477359027226,-23.40121964409367,2025050400516,3,60800.26360424273,u,271.16476896991264,-23.401225212621565,20.194869995117188,6501.37,320.55,False,6246.41,0.714707,6130.48,314.713,False,-229.338,14.1439,21.867487773150522,0.0535322125810862,21.91092375553682,0.0001242286793023533,21.931263803627097,0.055737122228670714,nan,nan
2004 RA307,190060,MBO,MBO,21163624531048257,745213866781180069,16.127869,2.629325,1.8303007,271.16467187426406,-23.40135509266681,2025050400520,102,60800.26598213731,u,271.16465991378266,-23.40136555350977,24.89109992980957,6578.59,262.991,False,6011.04,2.45665,6273.35,260.319,False,-124.647,34.2563,21.854667974442087,0.04340426354152879,21.95262594805134,0.00044372918003880967,21.906251187645765,0.04505372073162288,nan,nan
2004 RA307,190060,MBO,MBO,21163624531048257,745213867050139824,16.127539,2.629321,1.8302844,271.1646171458588,-23.401427849142404,2025050400522,103,60800.26726044688,u,271.16458143722684,-23.401433716746006,18.710708618164062,6247.52,328.788,False,6186.78,7.04248,6208.67,326.857,False,-120.635,15.0429,21.910730858868916,0.05713899724648445,21.92133835541369,0.001235905554105867,21.917503570999784,0.05715885645598375,nan,nan
2004 RA307,190060,MBO,MBO,21163624531048257,745213867287118051,16.127228,2.6293175,1.8302692,271.16456601804964,-23.401495743020774,2025050400524,43,60800.26845398351,u,271.1645613005748,-23.401504174226552,24.31380271911621,6741.23,275.165,False,6436.11,1.11944,6634.55,270.559,False,-31.0268,60.076,21.82815214108167,0.044317819288970134,21.878441377945265,0.00018884334154152836,21.84547135342817,0.04427665781901095,nan,nan
2004 RA307,190060,MBO,MBO,21163624531048257,745213867721228391,16.12678,2.629312,1.830247,271.1644918097352,-23.401594157128116,2025050400527,103,60800.27018310997,u,271.16447371897226,-23.401611020925607,21.09934425354004,5925.93,277.916,False,5275.92,0.968025,5848.78,275.845,False,-18.8143,49.6553,21.968108675108006,0.050919170149075946,22.09425451203695,0.00019921072274428568,21.98233682532819,0.05120639102996537,nan,nan
2004 RA307,190060,MBO,MBO,21163624531048257,745213867958206492,16.126474,2.6293085,1.8302321,271.1644413209402,-23.401661028456004,2025050400529,43,60800.27135934638,u,271.1644212122406,-23.401662721992125,25.821842193603516,6703.36,257.749,False,6083.1,0.851805,6864.0,254.843,False,-59.1694,51.9508,21.834268663270805,0.0417473355243862,21.939687592862875,0.00015203358194261927,21.808556812898374,0.04031064600048995,nan,nan
2004 RA307,190060,MBO,MBO,21163624531048257,745213868123357291,16.126328,2.6293068,1.8302249,271.164417051416,-23.401693148309743,2025050400530,102,60800.27192493895,u,271.16440102649733,-23.40169423222916,24.366798400878906,6919.14,278.732,False,6275.04,0.176134,6812.63,277.579,False,-105.324,42.2715,21.79986968332385,0.04373800963895021,21.905958746852995,3.0475513324574943e-05,21.816713012026398,0.04423806753525001,nan,nan
2004 RA307,190060,MBO,MBO,21163624531048257,745213868391792793,16.126022,2.629303,1.8302099,271.16436633855494,-23.401760213836425,2025050400532,102,60800.273104750595,u,271.1643510567736,-23.401764508958767,23.325904846191406,6572.38,275.129,False,5980.43,1.78681,6624.09,273.405,False,-145.586,38.8857,21.855693355849134,0.04545043336195886,21.958168939590536,0.00032439210808350613,21.84718446441805,0.04481305548967099,nan,nan
2004 RA307,190060,MBO,MBO,21163624531048257,745213868627722393,16.125727,2.6292996,1.8301953,271.16431739774214,-23.40182487086252,2025050400534,40,60800.27424206442,u,271.16430527684435,-23.401824903234242,23.229534149169922,6418.47,272.222,False,5904.6,1.80322,6151.32,267.559,False,-183.612,40.975,21.88142117453961,0.04604855281771826,21.972023776566612,0.000331575592469228,21.927579230529364,0.04722539083845391,nan,nan
2004 RA307,190060,MBO,MBO,21163624531048257,745213869465535115,16.122858,2.6292655,1.8300545,271.1638405855434,-23.40245158749578,2025050400540,102,60800.28529242659,g,271.16366203941465,-23.4026729592362,152.64041137695312,-248.094,91.2269,False,20901.6,0.630468,3346.47,91.2199,False,3683.3,38.8537,nan,nan,20.599551189633708,3.274973964535973e-05,22.588532669379752,0.02959558911474724,22.484407253064607,0.0114530086718991
2004 RA307,190060,MBO,MBO,21163624531048257,745213869733971207,16.122604,2.6292624,1.830042,271.1637981661371,-23.402507072007666,2025050400542,102,60800.28627210597,g,271.1636341676152,-23.402708584326263,135.7460479736328,1671.21,109.512,False,20261.5,0.935535,5687.81,106.17,False,4048.38,21.2898,23.34242246122049,0.07114674227727169,20.6333210152073,5.013173926740804e-05,22.012637287676196,0.020266606951292628,22.381796854755848,0.0057097179662718
2004 RA307,190060,MBO,MBO,21163624531048257,745213869969900283,16.122347,2.6292593,1.8300295,271.16375537994827,-23.40256299322019,2025050400544,40,60800.28726024374,g,271.1636091385189,-23.402742525274366,130.77438354492188,3446.49,115.97,False,20560.8,1.87917,7622.38,113.96,False,4267.83,22.8012,22.556557446262865,0.03653364128372219,20.61739993721408,9.923168175636242e-05,21.694773526833394,0.016232528265773243,22.32448220039266,0.005800626744683789
2004 RA307,190060,MBO,MBO,21163624531048257,745213870136624027,16.122217,2.629258,1.8300232,271.1637337626016,-23.40259123061152,2025050400545,102,60800.28775939335,g,271.1635897426001,-23.402762908008768,132.2572479248047,4173.92,117.54,False,20338.9,0.750119,8819.99,116.585,False,4561.05,23.3377,22.348639718208403,0.03057495996328642,20.629181326565742,4.004303619707612e-05,21.536329739313135,0.01435155267455634,22.25233796356403,0.005555428419233699
2004 RA307,190060,MBO,MBO,21163624531048257,745213870643610507,16.12171,2.629252,1.8299983,271.1636490635592,-23.402701763370093,2025050400549,45,60800.28971380034,g,271.1635176996119,-23.402859975173424,126.75772857666016,5592.79,125.317,False,19896.9,0.657313,10972.7,122.536,False,5334.51,19.3047,22.03092871092672,0.02432796591312405,20.653036435620916,3.5868326033657655e-05,21.29921621692828,0.012124798144284408,22.082263713732093,0.003929098184709813
2004 RA307,190060,MBO,MBO,21163624531048257,745213871102886277,16.12133,2.6292474,1.8299797,271.1635855540396,-23.402784536032154,2025050400552,153,60800.29117727606,g,271.1634131964165,-23.40299252019862,118.5455093383789,2048.13,124.27,False,19536.9,1.91015,6885.99,119.662,False,4908.32,16.3275,23.12160626474811,0.06587689367398401,20.672860844381848,0.00010615394589478738,21.80508399385474,0.018867492415027914,22.17266786640699,0.003611695622000183
2004 RA307,190060,MBO,MBO,21163624531048257,745213871158461303,16.121202,2.6292458,1.8299733,271.1635641578025,-23.40281240147921,2025050400553,3,60800.29167075854,g,271.16340135714734,-23.403023160863643,109.88104248046875,2473.88,128.005,False,19376.3,0.642935,6757.09,126.317,False,4521.71,13.828,22.916553477509098,0.05617882628703367,20.68182283132429,3.602637009043776e-05,21.825600766404648,0.0202967467956912,22.261743245845807,0.003320328027150639
2004 RA307,190060,MBO,MBO,21163624531048257,745213871318368556,16.121078,2.6292443,1.8299673,271.16354340804827,-23.402839415186666,2025050400554,52,60800.292148353954,g,271.1633870159503,-23.403035661265967,116.34246826171875,3694.13,123.263,False,19076.2,1.40966,8143.4,120.287,False,4495.7,12.368,22.481219597904623,0.03622804464995003,20.69877037685145,8.023185651447753e-05,21.62298559387363,0.016037521822723267,22.268006645656413,0.002986939704650204
2004 RA307,190060,MBO,MBO,21163624531048257,745213871501869189,16.120953,2.629243,1.8299611,271.16352234990615,-23.402866820567898,2025050400555,146,60800.292633740675,g,271.16337243054016,-23.403049840245107,120.46155548095703,4239.77,120.162,False,18981.6,2.00886,8277.54,115.438,False,4063.66,19.0992,22.331644251181714,0.03077153619616137,20.704167979211732,0.00011490560321305848,21.605246774642133,0.015141602367001388,22.377706613322722,0.005102959550017092
2004 RA307,190060,MBO,MBO,21163624531048257,745213871561113922,16.120823,2.6292412,1.8299547,271.1635007226387,-23.40289495638509,2025050400556,3,60800.293131584156,g,271.1633373027697,-23.403085889212708,109.13265991210938,4219.52,135.958,False,19396.0,1.23054,8280.38,132.849,False,4047.14,15.7322,22.336842370655383,0.034983721882708055,20.68071956139128,6.88823401600207e-05,21.60487434607381,0.017419366025104573,22.382129459045352,0.00422051602226937
2004 RA307,190060,MBO,MBO,21163624531048257,745213871749333380,16.120699,2.6292398,1.8299487,271.1634799595086,-23.40292195829897,2025050400557,106,60800.293609836066,g,271.1633353841078,-23.403092854537356,126.52937316894531,4708.94,114.228,False,19421.7,2.72173,8403.54,111.847,False,3530.41,27.6942,22.21769212146284,0.02633745031671278,20.679281940055183,0.00015215356599765592,21.588844315928107,0.01445061686642075,22.530437165544775,0.008517026892158325
2004 RA307,190060,MBO,MBO,21163624531048257,745213871982117997,16.120443,2.629237,1.8299363,271.1634373338576,-23.40297736225178,2025050400559,38,60800.29459033977,g,271.1632833227947,-23.403160129912997,126.22974395751953,3660.71,110.664,False,20355.7,2.43373,6581.94,102.834,False,3049.07,15.9359,22.49108669756827,0.0328220247536401,20.628284937506564,0.00012981075336843597,21.85411521213649,0.01696317460755112,22.68958148832221,0.0056745771363820394
2004 RA307,190060,MBO,MBO,21163624531048257,745213872149890217,16.120317,2.6292353,1.8299301,271.16341642726474,-23.403004521757783,2025050400560,102,60800.29507109614,g,271.16326770387633,-23.40317160798719,127.54811096191406,5708.86,118.658,False,19849.2,4.57001,9313.52,120.162,False,3579.3,22.1057,22.008626543976828,0.02256690242095779,20.655642523498155,0.00024997610531024675,21.47721542586142,0.014008048856466573,22.51550473412533,0.00670548933975395
2004 RA307,190060,MBO,MBO,21163624531048257,745213873091510523,16.119394,2.6292243,1.8298849,271.1632616493781,-23.403205301005507,2025050400567,106,60800.29862960992,g,271.16339556124404,-23.40301898683389,125.07626342773438,3953.96,125.118,False,20472.5,2.52342,8712.22,122.284,False,4752.74,13.3894,22.407419332012076,0.034356730897724445,20.622072800536003,0.0001338267704206847,21.549677949972338,0.015239303704294403,22.20763980460629,0.003058731407814737
2004 RA307,190060,MBO,MBO,21163624531048257,745213873325867854,16.119143,2.6292214,1.8298726,271.16321967574424,-23.40325966278447,2025050400569,41,60800.299593829004,g,271.1633626906532,-23.40306067195199,135.14903259277344,2494.06,114.895,False,21161.2,1.10576,6680.39,113.668,False,4154.77,19.3861,22.90773273159256,0.0500171025036492,20.586149310480597,5.673419685700031e-05,21.83799543465075,0.018473990231332192,22.3536325271803,0.005066030460192371
2004 RA307,190060,MBO,MBO,21163624531048257,745438122904392680,4.7889853,2.4698544,1.465893,261.3133824535888,-26.674896047226703,2025062400190,184,60851.058877718926,r,261.31335598570934,-26.674905201431827,220.22174072265625,105220.0,467.944,False,103449.0,4.13058,157863.0,374.187,False,63.6852,124.939,18.844754256347148,0.004828585277175541,18.8631842578214,4.335199177037291e-05,18.404299120495423,0.002573550394793595,26.889903711906598,2.1300207817897756
2004 RA307,190060,MBO,MBO,21163624531048257,745438127388098770,4.799148,2.4697878,1.465875,261.307443829253,-26.67610205618829,2025062400224,32,60851.079864860934,i,261.30742789605443,-26.676108236505783,168.18618774414062,209063.0,1247.68,False,166547.0,2.68885,185794.0,472.205,False,-1872.58,238.418,18.099307054704795,0.0064796324852725365,18.34615796454969,1.7528876015862493e-05,18.227420787871093,0.002759454288022407,nan,nan
2004 RA307,190060,MBO,MBO,21163624531048257,745468923950924677,8.128537,2.4475467,1.4670002,259.44896568912685,-27.038718103319123,2025070100300,102,60858.080531293,z,259.4489680418403,-27.03871967259838,38.035640716552734,94782.0,2457.85,False,84476.5,4.30281,87737.7,2185.37,False,-7368.36,898.453,18.958185328672688,0.028154890558267337,19.083160219926192,5.5301969278723735e-05,19.042034347815914,0.02704351005914237,nan,nan
2004 RA307,190060,MBO,MBO,21163624531048257,745508480076481267,12.190208,2.4191117,1.4856625,257.37935316312456,-27.436960454076644,2025071000104,128,60867.03055042066,z,257.37935604511733,-27.436968544836322,47.58328628540039,67429.4,1417.06,False,60401.9,1.81015,74569.5,925.191,False,20425.0,746.421,19.327876787017786,0.02281724953186389,19.447373528117136,3.253780876920762e-05,19.21859692227769,0.013470833815704266,20.624594836988866,0.03967766589756878
2004 RA307,190060,MBO,MBO,21163624531048257,745508480210698757,12.190401,2.4191103,1.4856638,257.3792596799111,-27.43697913079049,2025071000105,128,60867.03098614215,z,257.37922542975633,-27.436988803238965,45.36119079589844,62197.9,1371.33,False,61892.2,0.696633,71602.2,944.661,False,20958.9,731.228,19.415560722855595,0.023938149348471688,19.420910213061205,1.2220597406033862e-05,19.26268403674746,0.014324317071580347,20.596578765911026,0.03787988531956098
2004 RA307,190060,MBO,MBO,21163624531048257,745512888200331766,12.597676,2.4161134,1.4886758,257.1886150904159,-27.475119685192404,2025071100179,149,60867.97476421378,i,257.1886038780284,-27.475123739359518,127.78206634521484,110985.0,867.488,False,102802.0,2.40204,134401.0,604.3,False,40500.4,466.508,18.78683928405659,0.008486399989333092,18.869996090284864,2.5368979187301736e-05,18.578993749841153,0.004881737303157876,19.8813517605833,0.012506163894156227
2004 RA307,190060,MBO,MBO,21163624531048257,745512944131376097,12.700879,2.4153638,1.4894533,257.1395656606156,-27.484668182409266,2025071100596,77,60868.210917565535,z,257.13954866918687,-27.484677962350847,90.61351013183594,99742.8,1091.99,False,92515.9,1.34945,90402.7,660.017,False,7515.23,257.353,18.902796144877335,0.011886703649555517,18.98445907327726,1.583670199138858e-05,19.00954645880274,0.007926802619425318,21.710144311571504,0.03718016172270893
2004 RA307,190060,MBO,MBO,21163624531048257,745521723573535025,13.54316,2.4090421,1.496499,256.7592462437501,-27.563136694319468,2025071300472,62,60870.202415847845,z,256.75923000975394,-27.56313985031844,55.205848693847656,49453.8,898.02,False,46359.0,1.93854,103615.0,480.194,False,56739.0,734.347,19.664500812498076,0.019715630192216664,19.734664851700238,4.540095866297959e-05,18.861443421668312,0.005031742618083265,19.5152958068064,0.014052188235975862
