provid,permid,orbit_class,population,ssObjectId,diaSourceId,phaseAngle,helioRange,topoRange,ephRa,ephDec,visit,detector,midpointMjdTai,band,ra,dec,snr,psfFlux,psfFluxErr,psfFlux_flag,trailFlux,trailFluxErr,scienceFlux,scienceFluxErr,forced_PsfFlux_flag,templateFlux,templateFluxErr,psfMag,psfMagErr,trailMag,trailMagErr,scienceMag,scienceMagErr,templateMag,templateMagErr
2012 DF111,nan,MBO,MBO,21164715216613702,745284205425983552,8.344697,2.6011581,1.6345338,226.65911901289184,-39.82076874175864,2025052000296,36,60816.27380867624,i,226.6590788075691,-39.82077986641853,7.688154697418213,2297.39,292.884,False,2214.94,2.93759,2160.83,294.741,False,-150.148,25.4554,22.996913234883607,0.13841567186200274,23.03659511318408,0.0014399702817913067,23.06344845881475,0.1480963149534187,nan,nan
2012 DF111,nan,MBO,MBO,21164715216613702,745284205562823235,8.344741,2.601159,1.6345353,226.65896314498195,-39.82072664592536,2025052000297,41,60816.27435135268,i,226.65893716058488,-39.82071261938309,10.76440143585205,2982.88,269.402,False,3062.32,11.4098,2827.06,268.168,False,-164.03,35.6443,22.713410587079284,0.09805943426251675,22.684873548906744,0.004045309507808239,22.771662412947762,0.10299027955818922,nan,nan
2012 DF111,nan,MBO,MBO,21164715216613702,745284205700710652,8.344795,2.6011605,1.6345372,226.65877055395265,-39.82067461529213,2025052000298,48,60816.275022669506,i,226.65874464227494,-39.8206851436305,7.134321212768555,2821.52,384.233,False,3000.93,13.391,2683.18,385.149,False,-160.361,25.6769,22.773792159833327,0.14785494277217412,22.706860361868628,0.004844862634401044,22.828375507382326,0.15584873540582664,nan,nan
2012 DF111,nan,MBO,MBO,21164715216613702,745284205876871363,8.344839,2.6011615,1.6345389,226.65861414303797,-39.82063234542431,2025052000299,128,60816.27556749106,i,226.65863725462802,-39.8206157258124,9.584355354309082,2872.06,293.135,False,2841.85,1.90412,2702.22,293.121,False,-194.172,22.328,22.754516206649605,0.11081498523415295,22.76599708509041,0.0007274739753568761,22.820698251743416,0.1177743070182952,nan,nan
2012 DF111,nan,MBO,MBO,21164715216613702,745284206104937032,8.344918,2.6011634,1.6345417,226.658333786694,-39.82055654873295,2025052000301,51,60816.27654415411,i,226.6583183442993,-39.82051870836487,7.679798603057861,2458.42,317.879,False,2925.68,4.9734,2282.04,317.342,False,-171.616,22.3769,22.923359833549664,0.14038803280744283,22.734432968190404,0.0018456566312178245,23.004191850066903,0.15098320107915839,nan,nan
2012 DF111,nan,MBO,MBO,21164715216613702,745284206547960073,8.345037,2.6011665,1.634546,226.6579080302939,-39.82044136655931,2025052000304,128,60816.27802847215,i,226.6579097454424,-39.82046474224729,9.544835090637207,3200.09,328.24,False,3467.37,4.29352,3178.63,328.877,False,-54.3205,15.5147,22.637094488479086,0.11136625265503977,22.54999949502762,0.0013444281757665532,22.64440009513131,0.11233572147458999,nan,nan
2012 DF111,nan,MBO,MBO,21164715216613702,745284206766588328,8.345126,2.6011686,1.6345493,226.65759222402107,-39.82035587113625,2025052000306,33,60816.27912987208,i,226.65759223222565,-39.82035294624999,5.735222816467285,2387.42,404.143,False,2569.39,8.15268,2286.28,403.152,False,-125.586,9.39121,22.955177966188863,0.18379367986782255,22.875424971577033,0.0034450436262904445,23.002176443020875,0.1914536826456257,nan,nan
2012 DF111,nan,MBO,MBO,21164715216613702,745284207288779065,8.34529,2.6011727,1.6345551,226.6570115350285,-39.82019853615545,2025052000310,5,60816.281154310185,i,226.65703615481735,-39.82021241375202,6.589834690093994,3584.15,552.876,False,4184.49,64.4796,3522.55,556.43,False,-125.046,21.2972,22.514034587090002,0.16748112686424732,22.345893603365877,0.016730313892579136,22.532857069162223,0.171505352681186,nan,nan
2012 DF111,nan,MBO,MBO,21164715216613702,745284207556165793,8.345375,2.6011748,1.6345582,226.6567085093868,-39.82011636586342,2025052000312,3,60816.28221123776,i,226.65673266840358,-39.82012641438975,5.026915073394775,2903.89,568.662,False,3625.65,24.6702,2754.55,573.252,False,-136.616,18.127,22.742549637244174,0.21261718960640524,22.501535335695635,0.007387731970215066,22.799873330751232,0.22595358776980323,nan,nan
2012 DF111,nan,MBO,MBO,21164715216613702,745284208272343243,8.34558,2.6011798,1.6345657,226.65598055641155,-39.81991878247625,2025052000317,89,60816.28475189184,i,226.65596701962812,-39.819952614070786,8.802812576293945,2582.95,286.812,False,2565.59,8.66101,2317.24,284.441,False,-192.04,24.3717,22.869710022255887,0.12056067324931237,22.87703182741248,0.00366526669304555,22.987572462960223,0.13327402576208403,nan,nan
2012 DF111,nan,MBO,MBO,21164715216613702,745284208379298295,8.345619,2.6011808,1.6345671,226.655838442544,-39.81988017866257,2025052000318,37,60816.28524772648,i,226.6558921017515,-39.819911283722966,6.289000988006592,2194.54,336.451,False,2463.67,45.3542,1984.61,335.615,False,-202.278,13.9345,23.046641227768326,0.1664572134167142,22.92104369653569,0.019987537642129478,23.155812069672752,0.18360753419894613,nan,nan
2012 DF111,nan,MBO,MBO,21164715216613702,745284208670802078,8.3457,2.601183,1.63457,226.6555531062445,-39.81980263956277,2025052000320,81,60816.28624395413,i,226.65556680196354,-39.819789408148594,7.851563453674316,3106.83,394.91,False,2902.94,4.96126,2821.89,397.325,False,-213.707,10.733,22.669206247415104,0.13800821989462744,22.74290487286111,0.0018555738459317182,22.7736498400072,0.1528727793184781,nan,nan
2012 DF111,nan,MBO,MBO,21164715216613702,745284209232314514,8.346109,2.601193,1.6345849,226.6540974180272,-39.81940643257223,2025052000324,128,60816.29132796575,r,226.65412998339374,-39.81941207985334,5.56339168548584,3237.97,571.583,False,3141.43,66.9193,3031.34,581.695,False,-118.133,13.6447,22.624317958149327,0.1916597038334544,22.657181556519156,0.023128544749530345,22.695913342841443,0.2083459167454976,nan,nan
2012 DF111,nan,MBO,MBO,21164715216613702,745284209903403321,8.346311,2.601198,1.6345923,226.65338151888864,-39.81921119564066,2025052000329,128,60816.29382987938,r,226.65332781765758,-39.819289112166786,10.801575660705566,2883.25,266.847,False,3083.05,3.7066,2862.01,269.742,False,-24.6714,7.75859,22.750294248249688,0.10048571320440787,22.67754856269439,0.001305327419078884,22.75832212911498,0.1023297120261129,nan,nan
2012 DF111,nan,MBO,MBO,21164715216613702,745284210008785054,8.3463545,2.6011992,1.634594,226.6532236190632,-39.819168099859226,2025052000330,73,60816.294381302054,r,226.65314356954062,-39.81918706656041,12.006507873535156,3114.08,255.527,False,3422.72,9.95934,3271.8,256.237,False,78.7191,7.87839,22.666675559509134,0.08909048592630987,22.564071577858805,0.003159246508555015,22.613033113620382,0.08503141488371527,26.65979968652279,0.10866299253907828
2012 DF111,nan,MBO,MBO,21164715216613702,745284210142478381,8.346398,2.6012003,1.6345955,226.65306802344637,-39.81912562095916,2025052000331,72,60816.29492512181,r,226.6530710500641,-39.81915515375879,9.21430492401123,2386.65,264.032,False,2427.49,5.22623,2423.46,269.146,False,99.6396,7.11231,22.955528207438565,0.12011360165645364,22.937106380578665,0.002337520362642113,22.93891037763678,0.12058030957178695,26.403920032486095,0.07750023271033125
2012 DF111,nan,MBO,MBO,21164715216613702,745284210530975783,8.346517,2.6012032,1.6345998,226.65264736478176,-39.819010718026846,2025052000334,45,60816.29639670024,r,226.65263155332266,-39.81901994871894,11.414193153381348,2607.03,225.336,False,2541.42,26.2781,2378.32,226.161,False,206.294,11.7397,22.859634915862436,0.0938445085386793,22.887308925050455,0.011226434205598192,22.95932424880079,0.10324564139504269,25.613783474516378,0.06178666018106461
2012 DF111,nan,MBO,MBO,21164715216613702,745284210643698213,8.346557,2.6012042,1.6346012,226.65250497901653,-39.818971805656496,2025052000335,4,60816.29689451413,r,226.6524498847183,-39.818985520967225,11.057157516479492,2641.3,232.089,False,2388.92,3.13041,2993.11,233.061,False,405.519,17.5122,22.845455651518314,0.09540280553954766,22.95449601958793,0.0014227347655393222,22.709693266230488,0.08454175141303692,24.879971948520677,0.046887145440135315
2012 DF111,nan,MBO,MBO,21164715216613702,745284211111362773,8.346675,2.601207,1.6346056,226.65208333245815,-39.81885651624155,2025052000338,128,60816.298369852564,r,226.65208457026046,-39.818848979024324,13.30183219909668,2469.26,184.205,False,2441.77,4.94287,3085.03,184.407,False,681.175,33.541,22.918582942585076,0.0809951316566686,22.930738107275943,0.0021978536158488425,22.67685151060484,0.06489964502493932,24.31685326841674,0.05346156141080903
2012 DF111,nan,MBO,MBO,21164715216613702,745284211453722862,8.346793,2.60121,1.6346099,226.65166437521785,-39.81874187593079,2025052000341,13,60816.299835672995,r,226.65170586713688,-39.818742584600884,6.436357021331787,2782.63,422.45,False,2462.51,7.9123,4019.03,427.527,False,1134.05,18.8378,22.78886138817289,0.16483301490678118,22.921554988698066,0.003488583054737684,22.3896968721106,0.11549591512761682,23.76341944594852,0.018035253816048907
2012 DF111,nan,MBO,MBO,21164715216613702,745284211856375990,8.346913,2.601213,1.6346143,226.65123696518344,-39.81862483428441,2025052000344,13,60816.30133184301,r,226.65106530243344,-39.818682277232305,5.848015308380127,4140.0,715.19,False,nan,nan,5176.53,724.667,False,1053.99,8.47581,22.35749914719775,0.18756224128784776,nan,nan,22.11490320691302,0.15199317350926753,23.842908784019823,0.008731101739342415
2012 DF111,nan,MBO,MBO,21164715216613702,745284212120617122,8.346992,2.601215,1.6346172,226.6509581863595,-39.81854844569789,2025052000346,5,60816.30230706303,r,226.65088362825713,-39.818558160316044,5.964407444000244,3601.76,589.554,False,3619.67,49.908,5361.64,595.557,False,1636.55,9.79275,22.508713070481107,0.17771870924748256,22.503327577565003,0.014970128410536106,22.07675584602552,0.12060074675486955,23.365176771494106,0.0064968032087277605
2012 DF111,nan,MBO,MBO,21164715216613702,745284213929935171,8.348144,2.6012437,1.6346596,226.6468601226529,-39.81742119727865,2025052000359,128,60816.316676849194,z,226.6468549677036,-39.817421730317406,5.2927961349487305,2298.05,434.274,False,2323.95,32.2086,2192.84,428.634,False,-33.6316,128.282,22.996601292803856,0.20517698929649883,22.98443307298044,0.015047674378505578,23.047482594858742,0.21222863348588325,nan,nan
2012 DF111,nan,MBO,MBO,21164715216613702,745284214674948343,8.348386,2.6012497,1.6346686,226.64599521083443,-39.81718226230776,2025052000365,13,60816.319714982834,z,226.64608970365913,-39.8171819806665,5.709752082824707,3641.79,621.176,False,nan,nan,3386.37,621.291,False,-246.818,19.8857,22.49671274074118,0.18519280163333493,nan,nan,22.57566394230446,0.19919799845010905,nan,nan
2012 DF111,nan,MBO,MBO,21164715216613702,745284215379591437,8.348582,2.6012547,1.6346759,226.6452992391961,-39.81698974180977,2025052000370,77,60816.32216097384,z,226.64527629862152,-39.816973172515084,5.387018203735352,3028.23,543.374,False,3199.42,173.282,2853.08,542.015,False,2.74035,102.734,22.69702786300939,0.194820358353319,22.637321888235604,0.058803952937960625,22.761715096795136,0.20626316430384242,30.305484909700947,40.70356859256825
2012 DF111,nan,MBO,MBO,21164715216613702,745288582966018059,8.430514,2.6030605,1.6373104,226.39565843692256,-39.74868647783222,2025052100143,91,60817.22611979296,g,226.39562464162276,-39.7486830102767,8.822616577148438,1406.31,160.057,False,1583.06,8.83654,5832.94,160.468,False,4447.07,3.30989,23.529797292367824,0.12357138888757507,23.40125652108625,0.006060510207383919,21.985281238099542,0.02986931488639857,22.279815128910357,0.0008080978224668301
2012 DF111,nan,MBO,MBO,21164715216613702,745288585494135034,8.432875,2.6031067,1.637383,226.3890507616635,-39.74682899091157,2025052100162,49,60817.24934808076,r,226.38903371273952,-39.746815274977834,11.482189178466797,2671.12,231.403,False,3273.88,9.33844,3209.36,231.002,False,661.524,5.57338,22.83326645454525,0.09405889807817774,22.612343146754817,0.0030969622293026654,22.63395387499898,0.07814867300141928,24.348636009253802,0.009147393839598516
2012 DF111,nan,MBO,MBO,21164715216613702,745288585774628898,8.433002,2.6031094,1.6373869,226.38869376898344,-39.746727984835246,2025052100164,72,60817.25060564542,r,226.38867062104723,-39.746688403513446,8.622312545776367,2411.98,279.758,False,2461.2,5.65682,2942.95,282.976,False,528.866,4.57905,22.944065752946663,0.12593113825944477,22.922132755500108,0.002495455145723409,22.728042809000634,0.10439773278142238,24.591635823419367,0.009400566828539413
2012 DF111,nan,MBO,MBO,21164715216613702,745288586340860091,8.433259,2.6031144,1.6373949,226.38797514909237,-39.746524458257966,2025052100168,128,60817.25313642433,r,226.38793745559968,-39.746557376184356,8.871163368225098,2162.35,243.051,False,2874.46,5.04094,3485.04,241.976,False,1577.6,4.70828,23.062684974417653,0.12203817736183259,22.75360934092735,0.0019040553459821422,22.544480569995258,0.07538567668798218,23.405007772809412,0.0032403335643910454
2012 DF111,nan,MBO,MBO,21164715216613702,745288586426319137,8.433337,2.603116,1.6373974,226.38775544175053,-39.74646217884456,2025052100169,35,60817.253910247164,r,226.38773695490855,-39.746489428428575,8.485002517700195,2320.99,266.986,False,2551.14,13.668,8488.16,267.504,False,6129.98,4.80853,22.985816831319653,0.12489341158987087,22.883164315148434,0.005816945879772623,21.5779660866925,0.03421692922677855,21.931352359538444,0.000851682219287498
2012 DF111,nan,MBO,MBO,21164715216613702,745288586851516890,8.433526,2.6031196,1.6374032,226.38722699683512,-39.74631227910395,2025052100172,78,60817.255772890276,r,226.38713899087458,-39.74630836606519,7.420930862426758,2371.42,325.189,False,nan,nan,53489.6,321.09,False,51358.0,8.05723,22.962478840059248,0.1488852574762708,nan,nan,19.579326592748533,0.006517510391292756,19.62347974261845,0.0001703342481487709
2012 DF111,nan,MBO,MBO,21164715216613702,745288586968957053,8.433582,2.6031208,1.6374049,226.3870695132184,-39.74626757859003,2025052100173,46,60817.25632777852,r,226.3870284904551,-39.74630297843098,7.021223068237305,2179.21,307.033,False,2374.46,2.91316,56090.0,307.101,False,53884.5,7.16322,23.054252311621944,0.15297141566569497,22.961087873154487,0.0013320601009537349,19.527786399976208,0.005944565671801236,19.57134035663202,0.00014433403333573747
2012 DF111,nan,MBO,MBO,21164715216613702,745288587085349274,8.433633,2.6031218,1.6374065,226.38692906569705,-39.74622770264149,2025052100174,12,60817.25682246129,r,226.38693023780468,-39.746216389903715,6.636404991149902,2315.41,344.469,False,2305.02,28.0427,57812.8,346.221,False,55489.2,5.9951,22.988430279640998,0.1615275361822954,22.99331324582228,0.01320898482835948,19.494939976044236,0.006502101238484496,19.539478856435817,0.00011730385797565882
2012 DF111,nan,MBO,MBO,21164715216613702,745288587350114516,8.433743,2.603124,1.6374099,226.38662040164812,-39.74614003011215,2025052100176,5,60817.257910516,r,226.386553157968,-39.746183541846534,9.076834678649902,2695.35,295.104,False,3036.03,18.3822,27599.1,296.246,False,24703.5,4.58704,22.823462041308822,0.11887327790505185,22.69423484289871,0.006573788840120924,20.297762715222685,0.011654184906494907,20.418103778490273,0.00020160363283272336
2012 DF111,nan,MBO,MBO,21164715216613702,745288587548819574,8.433797,2.603125,1.6374116,226.38646835781304,-39.74609682537029,2025052100177,128,60817.258446173575,r,226.3865069546592,-39.74607042874659,9.55710506439209,2632.72,276.057,False,2957.48,12.1516,20659.8,278.187,False,17903.7,4.40391,22.848988330440275,0.11384617058945759,22.72269546620179,0.004461038460770383,20.612184676549823,0.014619584840848906,20.767643067199945,0.0002670668583549989
2012 DF111,nan,MBO,MBO,21164715216613702,745288588068913401,8.434006,2.6031291,1.6374182,226.38588469245792,-39.74593085830397,2025052100181,96,60817.26050490688,r,226.38583910537574,-39.745946953163546,7.194088459014893,1989.37,272.636,False,2019.95,2.0291,7667.1,273.499,False,5633.56,4.03621,23.15321109159308,0.14879623287921895,23.13664847762002,0.0010906543837947982,21.688422166961804,0.038730126748810836,22.023042678424105,0.0007778845608641238
2012 DF111,nan,MBO,MBO,21164715216613702,745288588172722619,8.434055,2.60313,1.6374197,226.3857443340176,-39.745890920240136,2025052100182,38,60817.26099958194,r,226.38573530734433,-39.7459047414321,8.590400695800781,2222.29,256.333,False,2417.92,12.0306,7414.73,257.049,False,5386.61,5.08154,23.032998150904483,0.12523569028549852,22.94139521615678,0.005402187816936189,21.724761649730485,0.03763959289486566,22.071711195050003,0.0010242457150087675
2012 DF111,nan,MBO,MBO,21164715216613702,745288588299600014,8.434105,2.603131,1.6374213,226.38560597090355,-39.74585153980141,2025052100183,24,60817.26148726863,r,226.38563488649098,-39.74582981294405,10.079648971557617,2561.24,255.376,False,2695.65,0.390496,6565.32,253.028,False,4145.94,5.28375,22.87887431471208,0.10825653893059688,22.82334128122576,0.00015728141446295931,21.85686028189125,0.04184436823193068,22.355942483599108,0.0013837052188631692
2012 DF111,nan,MBO,MBO,21164715216613702,745288588464226500,8.4341545,2.603132,1.6374228,226.3854679016974,-39.74581223298758,2025052100184,82,60817.26197450944,r,226.38546337652065,-39.745807150828746,9.932209014892578,2483.17,247.535,False,3337.38,23.5599,5854.44,246.741,False,3404.73,5.09737,22.91248390227378,0.10823170539129028,22.59148589060061,0.0076646464043136735,21.98128661227777,0.0457593957173777,22.569793312639664,0.0016255031530150131
2012 DF111,nan,MBO,MBO,21164715216613702,745288588562268555,8.434203,2.603133,1.6374242,226.3853312604254,-39.745773322831525,2025052100185,13,60817.26245622433,r,226.3853946237138,-39.74579426556478,9.718522071838379,2591.82,266.765,False,2829.06,0.908159,4959.0,260.643,False,3035.04,4.23055,22.865987879332938,0.11175020909147504,22.770894581835613,0.0003485331186414269,22.161514729272223,0.0570658494552055,22.69458893805401,0.0015134103794834889
2012 DF111,nan,MBO,MBO,21164715216613702,745288588709068910,8.434705,2.603143,1.63744,226.38392633039305,-39.74537268444272,2025052100186,37,60817.267414719,i,226.3839666330103,-39.74534585126739,5.38435173034668,2286.81,421.113,False,2403.63,90.0942,5512.19,423.647,False,3648.15,5.19977,23.001924765494863,0.1999368665679317,22.947831013290468,0.04069617191231274,22.04668956434244,0.08344576189726904,22.494818312082202,0.0015475182402162008
2012 DF111,nan,MBO,MBO,21164715216613702,745288588849054189,8.434759,2.603144,1.6374416,226.38377309695136,-39.74532892482016,2025052100187,48,60817.26795555525,i,226.38389421625104,-39.74531810719608,7.832338809967041,2743.82,391.331,False,3300.53,156.578,5008.82,388.089,False,2041.49,5.52995,22.80411092946204,0.15485061602686473,22.603540778854537,0.05150760791160033,22.15066147585454,0.08412406137426148,23.125131862884952,0.002941022051685984
2012 DF111,nan,MBO,MBO,21164715216613702,745288588983796034,8.434809,2.603145,1.6374432,226.38363403710343,-39.74528920216372,2025052100188,49,60817.26844634924,i,226.38360306373943,-39.74528098065785,8.766140937805176,3364.54,372.491,False,4161.91,25.7147,3487.53,374.169,False,135.832,5.53305,22.582685747731333,0.12020274897470234,22.351768248000795,0.006708309524975314,22.54370511054907,0.11648611867922154,26.067494755840357,0.04422693283455977
2012 DF111,nan,MBO,MBO,21164715216613702,745288589163102425,8.434858,2.603146,1.6374447,226.38349640440867,-39.74524987719381,2025052100189,135,60817.26893247643,i,226.38347837323374,-39.74525976222894,7.81274938583374,3075.09,389.365,False,3442.37,18.9611,3193.95,394.194,False,-129.681,5.23803,22.680355391509472,0.13747488843578645,22.55785609242189,0.005980400608784786,22.639179733721903,0.1340004396770421,nan,nan
2012 DF111,nan,MBO,MBO,21164715216613702,745288589264290187,8.434913,2.603147,1.6374465,226.38334179311283,-39.74520568918841,2025052100190,72,60817.269478666276,i,226.38331602727402,-39.74518219379902,8.240105628967285,3261.99,385.705,False,3488.35,23.5506,2881.95,384.469,False,-364.491,6.07115,22.616293439932065,0.12837987533099937,22.543449837265683,0.0073300380994684115,22.750783913869796,0.14484356550872063,nan,nan
2012 DF111,nan,MBO,MBO,21164715216613702,745288589509656927,8.435012,2.603149,1.6374495,226.38306516994575,-39.74512659886222,2025052100192,28,60817.27045598515,i,226.38324284016647,-39.745208353898754,5.419827938079834,2143.39,418.638,False,2867.4,343.976,2202.22,419.995,False,-452.354,5.9664,23.07224705397092,0.21206148045746234,22.756279334716282,0.13024594538645393,23.04284825826621,0.20706549667259228,nan,nan
2012 DF111,nan,MBO,MBO,21164715216613702,745288589834191212,8.4351225,2.603151,1.6374531,226.38275377470225,-39.745037518776215,2025052100194,135,60817.2715550652,i,226.38279791898714,-39.745074767556055,7.826392650604248,2943.3,376.608,False,3134.14,12.5172,2626.43,376.756,False,-397.435,5.39009,22.727913655906207,0.1389246545284631,22.659704056666953,0.004336238393393251,22.85158545222713,0.1557466420940746,nan,nan
2012 DF111,nan,MBO,MBO,21164715216613702,745288589936427123,8.435172,2.6031523,1.6374546,226.38261621283092,-39.74499815061753,2025052100195,74,60817.27204180314,i,226.38254250277572,-39.744974671617264,7.956665515899658,3233.49,399.35,False,3682.72,38.6782,3337.89,403.617,False,-247.158,5.77075,22.62582119785038,0.1340931196034223,22.48457825771068,0.011403072228442987,22.591319983877128,0.13128701324197642,nan,nan
2012 DF111,nan,MBO,MBO,21164715216613702,745288590361624976,8.435327,2.6031551,1.6374594,226.3821820891404,-39.74487384595555,2025052100198,117,60817.27357591773,i,226.38227113779013,-39.74483668764444,7.688170909881592,2973.0,384.287,False,3340.91,37.8816,3076.76,382.536,False,-84.1983,5.93578,22.717012726987655,0.14034116889812542,22.590338087469533,0.012310844971356148,22.679765944544883,0.1349904429231632,nan,nan
2012 DF111,nan,MBO,MBO,21164715216613702,745288590458618029,8.435388,2.6031563,1.6374613,226.38201175312923,-39.744825045927904,2025052100199,46,60817.27417764964,i,226.38196778999702,-39.7448380162966,6.926318645477295,2826.53,400.692,False,3582.26,32.9215,3845.91,403.756,False,772.249,4.99053,22.771865990494042,0.1539151509938297,22.514607237794582,0.00997807686393397,22.437502232596948,0.11398408441565173,24.180606580554212,0.007016388435241277
2012 DF111,nan,MBO,MBO,21164715216613702,745288590839251276,8.435537,2.6031594,1.6374661,226.38159249579775,-39.744704867163264,2025052100202,4,60817.27565986236,i,226.38163295683847,-39.74469426066914,5.627177715301514,2290.06,399.875,False,nan,nan,2720.73,401.666,False,339.673,5.95563,23.00038281950636,0.18958400817848398,nan,nan,22.81328639436665,0.1602890788066488,25.072347419360117,0.01903667010558097
2012 DF111,nan,MBO,MBO,21164715216613702,745288591381365080,8.435741,2.6031635,1.6374724,226.38102149308335,-39.744541043454845,2025052100206,14,60817.27767844791,i,226.38101832410874,-39.74448843833949,7.423831939697266,2972.32,388.749,False,nan,nan,2737.98,386.455,False,-385.717,6.51509,22.71726106564519,0.1420031646892573,nan,nan,22.806424329149827,0.15324734783451222,nan,nan
2012 DF111,nan,MBO,MBO,21164715216613702,745288591558574448,8.435792,2.6031644,1.6374741,226.38088011666972,-39.74450045554239,2025052100207,96,60817.27817853546,i,226.38075643374881,-39.7445423299893,6.834025859832764,2560.1,375.836,False,2894.85,45.5888,2360.14,375.383,False,-380.749,6.72773,22.879357634562275,0.15939171715770675,22.74593480043398,0.01709843598736403,22.967655635822453,0.17268760646819498,nan,nan
2012 DF111,nan,MBO,MBO,21164715216613702,745288591663956071,8.435852,2.6031656,1.637476,226.38070963325185,-39.74445149741032,2025052100208,41,60817.27878137833,i,226.3807172696594,-39.74442328388314,5.755138874053955,2141.51,370.017,False,2650.21,27.4878,1762.24,373.013,False,-367.919,6.19151,23.073199728249293,0.1875969991214053,22.84179929509718,0.011261183354703082,23.28483736901374,0.2298175740647704,nan,nan
2012 DF111,nan,MBO,MBO,21164715216613702,745297388075745883,8.646864,2.6067598,1.6433762,225.89422709129565,-39.5993216678612,2025052300210,137,60819.0802794506,i,225.89422227996533,-39.59931434449525,11.770904541015625,2350.39,199.417,False,2175.23,3.9869,2462.48,198.276,False,122.406,24.587,22.972150222884487,0.09211844618318395,23.05623704910856,0.0019900064878681533,22.92156822888531,0.08742220627269139,26.180493250117593,0.21808568482292462
2012 DF111,nan,MBO,MBO,21164715216613702,745297388211536127,8.646933,2.6067607,1.6433779,225.89409023521927,-39.5992814337658,2025052300211,140,60819.08077430007,i,225.89409981713607,-39.59929453388145,12.285921096801758,2201.95,178.401,False,2075.17,7.47319,2383.08,178.806,False,112.288,32.3526,23.042981391177356,0.0879658620861293,23.10736584001677,0.0039099992144146474,22.95715340976175,0.08146438273096365,26.274166614186385,0.3128240650292909
2012 DF111,nan,MBO,MBO,21164715216613702,745297388315869198,8.647001,2.6067617,1.6433796,225.89395503226177,-39.599241679573,2025052300212,83,60819.08126372041,i,225.89394231356658,-39.59923574235025,11.360958099365234,2223.55,191.764,False,2158.83,1.55354,2353.6,192.304,False,92.1743,22.9473,23.032382726943894,0.09363635682327448,23.064453849278877,0.0007813188408253747,22.970668316491683,0.08871150891584259,26.48847536617204,0.2703000082984071
2012 DF111,nan,MBO,MBO,21164715216613702,745297388441174093,8.64707,2.6067626,1.6433812,225.89381899391137,-39.59920167360941,2025052300213,66,60819.08175505777,i,225.8937970403794,-39.59918779064837,11.215025901794434,2324.14,203.71,False,2181.97,4.32027,2512.5,205.227,False,75.2351,23.4831,22.98434433706156,0.09516437898900378,23.05287807667862,0.0021497425184930277,22.899734823928636,0.08868552817030013,26.70894874659964,0.3388903970061309
2012 DF111,nan,MBO,MBO,21164715216613702,745297388611567931,8.647139,2.6067636,1.6433829,225.8936837792293,-39.599161903745866,2025052300214,135,60819.08224434325,i,225.89366096723265,-39.599148580023325,9.575693130493164,2111.13,215.354,False,2272.98,6.05565,2221.52,215.761,False,44.7468,22.9676,23.0887126170464,0.11075473886483078,23.00851097339131,0.002892607396080721,23.0333744217535,0.10545011025703857,27.273095055767545,0.5572857726105208
2012 DF111,nan,MBO,MBO,21164715216613702,745297388735299663,8.647207,2.6067648,1.6433846,225.8935480058973,-39.599121963404926,2025052300215,115,60819.0827357181,i,225.89354146424307,-39.59914325887144,9.603405952453613,2315.57,232.027,False,2640.05,1.9445,2420.98,232.094,False,-0.724389,33.9678,22.988355182171414,0.10879398987061156,22.845969599753595,0.0007996871187935534,22.940022004512045,0.10408712768314873,nan,nan
2012 DF111,nan,MBO,MBO,21164715216613702,745297388966510959,8.647346,2.6067667,1.6433879,225.8932767186212,-39.59904214043199,2025052300217,44,60819.08371626666,i,225.89325583130218,-39.59905129180079,11.962190628051758,2505.92,210.873,False,2579.3,0.294047,2559.3,209.716,False,15.5991,17.706,22.90258202813068,0.09136463216569098,22.87124533409812,0.00012377678657437917,22.879696987596024,0.08896817617470365,28.417251136688826,1.2323816388795001
2012 DF111,nan,MBO,MBO,21164715216613702,745297389130088887,8.647414,2.6067677,1.6433897,225.89314065165527,-39.59900209500778,2025052300218,100,60819.08420865002,i,225.89312375669795,-39.599006588923345,11.90189266204834,2436.39,199.642,False,2291.95,6.44911,2471.43,199.212,False,38.1894,34.5556,22.93313302711987,0.08896710095338967,22.999487175495474,0.0030550546034760827,22.91762924465195,0.08751681937240173,27.445142920096508,0.982426155375823
2012 DF111,nan,MBO,MBO,21164715216613702,745297389264830831,8.647482,2.6067686,1.6433914,225.89300623855328,-39.59896253014545,2025052300219,101,60819.08469468984,i,225.89300761708714,-39.598963958553085,10.249828338623047,2229.02,213.595,False,2201.45,1.94285,2144.68,209.765,False,21.5425,19.8883,23.0297150774166,0.10404026161660186,23.043227958882653,0.0009581969271922575,23.071593780019988,0.1061927474437576,28.066759769027136,1.002364988138921
2012 DF111,nan,MBO,MBO,21164715216613702,745297389493420455,8.647619,2.6067705,1.6433947,225.892736013054,-39.59888296985454,2025052300221,25,60819.085671736204,i,225.89275949893747,-39.59888437695416,11.486475944519043,2477.36,214.143,False,2530.44,2.03734,2540.49,213.66,False,55.1091,24.5451,22.915027150169344,0.09385103652495266,22.892009914931045,0.0008741617149680645,22.887706279776893,0.09131246427910755,27.04694169697735,0.483577172353866
2012 DF111,nan,MBO,MBO,21164715216613702,745297389688455544,8.64769,2.6067715,1.6433964,225.8925966047515,-39.59884191520206,2025052300222,141,60819.086175326986,i,225.89261570526565,-39.59885109465713,12.32850456237793,2551.35,208.046,False,2414.71,3.46219,2701.32,209.317,False,91.8896,31.6228,22.88307485793664,0.08853472534469801,22.94283756593434,0.0015567190250093664,22.821059887470117,0.08413036622027596,26.491834065994794,0.37364422915586665
2012 DF111,nan,MBO,MBO,21164715216613702,745297389839450317,8.6477585,2.6067724,1.643398,225.8924613401604,-39.59880207443239,2025052300223,173,60819.08666459915,i,225.89244966599782,-39.59879885923985,11.502914428710938,2616.36,227.313,False,2610.57,11.65,2743.76,224.503,False,104.228,28.2603,22.855756203332128,0.09433027091936838,22.85816161430837,0.00484523534708491,22.804134695052234,0.08883832434452149,26.35503902231374,0.29438568769487783
2012 DF111,nan,MBO,MBO,21164715216613702,745297389980483693,8.647827,2.6067736,1.6433997,225.89232579356053,-39.59876214424666,2025052300224,186,60819.08715483387,i,225.89233394326718,-39.59874238120296,9.157865524291992,2062.77,220.227,False,1930.46,2.15146,2180.3,216.721,False,115.055,34.3322,23.113872973227735,0.11591618568006273,23.185848003779228,0.0012100318001310878,23.05370933871387,0.10792176453112332,26.24773625522724,0.3239816735418549
2012 DF111,nan,MBO,MBO,21164715216613702,745297390111555882,8.647896,2.6067746,1.6434014,225.8921905182509,-39.598722287616425,2025052300225,180,60819.08764379612,i,225.89218607879394,-39.59873974123186,11.682950973510742,2376.67,204.208,False,2283.81,2.56024,2566.69,202.475,False,129.652,36.6605,22.960077825088796,0.09328851632944742,23.003350046528297,0.001217152575055698,22.87656647836944,0.08564900697151064,26.11805200895159,0.3070036241765999
2012 DF111,nan,MBO,MBO,21164715216613702,745297390176567912,8.6479645,2.6067755,1.6434032,225.89205496113,-39.59868234155648,2025052300226,48,60819.08813322199,i,225.89206450207362,-39.59868683715547,9.654050827026367,1972.01,198.061,False,2019.29,8.35694,2119.86,195.704,False,144.262,28.2492,23.162727212362597,0.10904711559376505,23.137003242614036,0.004493377591154518,23.084231994587714,0.10023440309716804,26.002120177588615,0.21260748837687254
2012 DF111,nan,MBO,MBO,21164715216613702,745297390640038217,8.64817,2.6067784,1.6434082,225.89164798213145,-39.59856237401847,2025052300229,164,60819.08960465375,i,225.89162010204132,-39.598577928740106,9.471672058105469,2177.22,221.627,False,2144.88,1.38045,2447.66,218.9,False,262.383,14.7125,23.055244226850125,0.11052096705754287,23.07149256020442,0.000698782513208046,22.928122312470897,0.09709994734927306,25.352660784845426,0.06088006374600423
2012 DF111,nan,MBO,MBO,21164715216613702,745297390715011430,8.64824,2.6067793,1.6434098,225.8915110209288,-39.59852198804428,2025052300230,51,60819.090099383415,i,225.89154288333862,-39.598561387858986,9.906087875366211,2079.48,206.194,False,2245.65,16.1776,2341.24,204.801,False,311.269,24.333,23.105113140776837,0.10765782473102022,23.021644873672148,0.007821614109190893,22.976385166001474,0.09497525064993069,25.167160280459747,0.08487584119324479
2012 DF111,nan,MBO,MBO,21164715216613702,745297390894318328,8.648308,2.6067803,1.6434115,225.89137626838968,-39.59848224685096,2025052300231,137,60819.09058623281,i,225.8913602649519,-39.59847723346834,11.489370346069336,2267.13,193.484,False,2330.37,1.33098,2854.19,193.351,False,610.068,33.3873,23.011308996581636,0.09266014197492686,22.981437743479056,0.0006201131320569573,22.76129282178174,0.07355087887726332,24.436554398496174,0.05941927663455242
2012 DF111,nan,MBO,MBO,21164715216613702,745297391026438925,8.648376,2.6067812,1.6434132,225.89124206424407,-39.598442660969,2025052300232,133,60819.091071095914,i,225.89124220029524,-39.59843570498923,10.809666633605957,2283.79,210.484,False,2101.1,1.7446,3828.71,207.309,False,1532.66,44.5936,23.003359563968274,0.1000661568660251,23.093883142635484,0.0009015160427028014,22.442368829583458,0.0587881807182617,23.43638541790891,0.031590102353262095
2012 DF111,nan,MBO,MBO,21164715216613702,745297391144403172,8.648444,2.6067822,1.6434149,225.89110674849496,-39.59840274069087,2025052300233,102,60819.09156029132,i,225.8911132897816,-39.59840508921847,9.838239669799805,2398.56,239.992,False,2379.51,6.92444,9208.59,238.951,False,6850.26,20.9458,22.950123506431417,0.10863518180002667,22.958781159841315,0.0031595223697011236,21.48951717585621,0.028173451162333725,21.810732398773133,0.0033198177914322276
2012 DF111,nan,MBO,MBO,21164715216613702,745297391314796675,8.648512,2.6067832,1.6434165,225.89097364164616,-39.59836346567543,2025052300234,171,60819.092041745054,i,225.89100880957915,-39.59839001669644,10.276067733764648,2707.37,262.857,False,2571.98,6.16736,13609.1,260.4,False,10911.5,13.388,22.81863092239075,0.10541349848353654,22.87433104038605,0.002603490658912679,21.065426517927612,0.020774754334037332,21.30528885750163,0.001332157430601451
2012 DF111,nan,MBO,MBO,21164715216613702,745297391589523721,8.648648,2.6067853,1.6434199,225.89070381638336,-39.598283830449056,2025052300236,183,60819.09301679944,i,225.89072821907425,-39.598275806544,9.601044654846191,2193.34,228.499,False,2178.95,7.71903,16016.3,226.818,False,13780.6,32.6681,23.047235059152058,0.11311042493301754,23.054381862635285,0.0038462701849749053,20.888594525875863,0.01537586771426008,21.051829713440814,0.0025738311998644947
2012 DF111,nan,MBO,MBO,21164715216613702,745297391838560379,8.649618,2.606799,1.6434437,225.8887901677549,-39.59771827788122,2025052300238,146,60819.09992959938,z,225.88877154107442,-39.597710493142806,5.128968715667725,1999.29,379.33,False,nan,nan,2295.48,374.447,False,327.023,73.715,23.147810494410567,0.205999275705414,nan,nan,22.997816226216653,0.1771092138962465,25.113554220224554,0.24473825341990524
2012 DF111,nan,MBO,MBO,21164715216613702,745297391968059762,8.649687,2.6067998,1.6434454,225.8886542172454,-39.59767804761098,2025052300239,137,60819.100420095594,z,225.88865876743554,-39.597667375735604,7.5015997886657715,2811.62,372.581,False,3251.83,10.2967,3152.49,367.253,False,393.389,82.9051,22.777608394900597,0.14387600641361167,22.619680390521424,0.0034379100980233557,22.653365709304232,0.1264841029054765,24.91294444924139,0.22881439156659136
2012 DF111,nan,MBO,MBO,21164715216613702,745297392103850111,8.6497555,2.6068008,1.643447,225.8885196471069,-39.59763821891682,2025052300240,140,60819.100906042106,z,225.88855865853245,-39.597653196175,5.188492774963379,2039.37,375.827,False,2003.23,12.9325,2524.2,369.88,False,431.34,65.5357,23.12625993670663,0.20008579958339368,23.145672971854683,0.00700932168581874,22.89469061500088,0.15909679125496443,24.812950674230034,0.16496147020543706
2012 DF111,nan,MBO,MBO,21164715216613702,745297392208183530,8.649824,2.606802,1.6434487,225.88838368842815,-39.59759797226334,2025052300241,83,60819.10139749409,z,225.88843032113465,-39.597623642741915,6.150681495666504,2241.05,374.035,False,2667.39,32.1971,2720.23,372.728,False,454.838,78.4745,23.02387111090781,0.18121118960959776,22.834783747033974,0.013105530235786839,22.813485943015344,0.14876840693131863,24.755358116700272,0.1873251711717129
2012 DF111,nan,MBO,MBO,21164715216613702,745297392328245442,8.649892,2.606803,1.6434505,225.8882488335712,-39.5975580453999,2025052300242,56,60819.101884707816,z,225.88826531351216,-39.597562899357676,6.445905685424805,2307.09,349.1,False,2676.02,23.4491,2622.38,346.608,False,386.504,127.178,22.992338616742455,0.1642894300908808,22.83127660474612,0.009513956244701397,22.85326098846177,0.14350508817612798,24.932115023997465,0.3572582983821295
2012 DF111,nan,MBO,MBO,21164715216613702,745297392504406312,8.64996,2.606804,1.643452,225.88811619011324,-39.59751876648524,2025052300243,136,60819.102363017635,z,225.88807870531923,-39.59752091607858,7.656909942626953,2611.15,339.42,False,2638.57,0.428199,2983.91,333.941,False,407.194,103.326,22.857920488106387,0.14113345115391504,22.846578421143914,0.00017619814434332448,22.713035732207864,0.12150897814292483,24.875496574222808,0.27550694537679676
2012 DF111,nan,MBO,MBO,21164715216613702,745297392626040929,8.650028,2.6068048,1.6434538,225.88798049678672,-39.59747857744665,2025052300244,112,60819.102853417426,z,225.8879109747588,-39.597457546695814,7.710205078125,2590.42,341.296,False,2881.86,26.1603,3017.97,338.73,False,401.088,94.3131,22.86657457148533,0.14304916733459508,22.75081776183188,0.00985585108916831,22.700712714600883,0.12186053543809522,24.891900793924428,0.2553034420560407
2012 DF111,nan,MBO,MBO,21164715216613702,745297392858825304,8.650165,2.6068068,1.6434572,225.88771048340368,-39.5973985850034,2025052300246,44,60819.10382878358,z,225.8876941530222,-39.597319132831615,5.867211818695068,2245.73,366.791,False,2600.46,58.4721,4324.2,364.082,False,2078.9,69.9295,23.021606157855715,0.17733131568511354,22.86237457158287,0.024413094658798148,22.310235519852498,0.09141505754624273,23.105416052893446,0.0365217133989124
2012 DF111,nan,MBO,MBO,21164715216613702,745297393022402581,8.650234,2.6068077,1.6434588,225.88757394801124,-39.59735812516805,2025052300247,100,60819.104321635255,z,225.88759005651772,-39.59735088717779,5.573283672332764,2237.79,401.848,False,nan,nan,5002.84,396.02,False,2761.27,36.5374,23.025451659079216,0.19496954854846094,nan,nan,22.15195849998163,0.08594583342843198,22.797227806058007,0.014366569353385546
2012 DF111,nan,MBO,MBO,21164715216613702,745297393252040760,8.650378,2.6068099,1.6434624,225.887288956372,-39.59727364962695,2025052300249,26,60819.105350279235,z,225.8873512634731,-39.59730189502321,6.528359889984131,2486.16,379.344,False,2816.73,28.9456,7458.81,378.776,False,4938.51,57.1064,22.911177351431093,0.165664125823099,22.775636959224478,0.011157365689896677,21.718326130449356,0.05513625022263804,22.166010207754105,0.012554897821876724
2012 DF111,nan,MBO,MBO,21164715216613702,745297393581293812,8.650521,2.6068118,1.643466,225.88700561100103,-39.5971896306245,2025052300251,142,60819.10637334062,z,225.88705604676022,-39.59710778920222,5.699419021606445,2093.83,369.595,False,2489.8,55.6008,13403.5,363.608,False,11318.6,86.0129,23.097646414483194,0.19165006660057454,22.909588822197794,0.024246043823799815,21.08195445330258,0.0294536779046667,21.26551825697338,0.008250784041077512
2012 DF111,nan,MBO,MBO,21164715216613702,745297393871749535,8.650665,2.606814,1.6434695,225.88672252727625,-39.59710565771705,2025052300253,184,60819.107395442355,z,225.88680524478218,-39.597099320801455,5.024018287658691,2078.52,414.792,False,2504.94,15.5229,8718.94,408.367,False,6704.41,83.4489,23.105614470437015,0.21667084229637795,22.903006705857642,0.006728214856577812,21.54884072387833,0.05085237651011868,21.83409856173976,0.013514013617406612
2012 DF111,nan,MBO,MBO,21164715216613702,745297393988666068,8.650734,2.6068149,1.6434711,225.88658679700575,-39.59706538397474,2025052300254,151,60819.10788559858,z,225.88657365559493,-39.59706193548391,7.894014358520508,2813.17,351.021,False,3612.65,21.6952,4487.89,347.042,False,1709.37,83.2069,22.777010086664944,0.13547571411371742,22.50543530840161,0.006520217765286186,22.26989445781156,0.08395839559585234,23.317909808900257,0.052850316641193294
2012 DF111,nan,MBO,MBO,21164715216613702,745297394068882050,8.6508045,2.6068158,1.6434729,225.88644773924727,-39.59702411533453,2025052300255,48,60819.108387760905,z,225.88640372675968,-39.597031651591394,8.386456489562988,3109.74,355.641,False,2854.19,21.686,5189.21,357.04,False,2036.2,92.9432,22.668189803580056,0.12416867688821806,22.76129282178174,0.008249372576585838,22.112246892335804,0.07470332993701785,23.12794894326108,0.04955888357304963
2012 DF111,nan,MBO,MBO,21164715216613702,745297394536022575,8.651015,2.606819,1.6434782,225.88603137679365,-39.59690050402062,2025052300258,171,60819.10989085356,z,225.88600049816378,-39.59691471038998,6.037651538848877,2294.71,360.531,False,3027.42,31.512,3811.87,358.515,False,1484.19,78.6238,22.998180497892537,0.17058433207805745,22.697318338833664,0.011301279380769929,22.44715476401774,0.10211594817936788,23.471276290051556,0.057516026895572094
2012 DF111,nan,MBO,MBO,21164715216613702,745297394607325698,8.651086,2.6068199,1.6434798,225.8858909203136,-39.59685878911389,2025052300259,51,60819.110397827186,z,225.88588474730744,-39.59687016438281,6.747463226318359,2314.12,339.518,False,2166.04,7.93971,3456.37,335.08,False,1121.43,79.9678,22.989035255554647,0.1592946657612042,23.06083379935155,0.0039798113603948665,22.553449395773903,0.10525738291228284,23.775569523068565,0.07742251190630096
2012 DF111,nan,MBO,MBO,21164715216613702,745297394786632234,8.6511545,2.6068208,1.6434816,225.885755447483,-39.59681854681877,2025052300260,137,60819.11088697922,z,225.88576018013723,-39.5967985757891,6.813775062561035,2211.81,319.023,False,2036.01,7.18537,3345.81,317.393,False,1106.7,108.352,23.03813042810019,0.15660243113453068,23.12805022795105,0.0038317180573131113,22.588746793854014,0.10299600725488466,23.789925273037028,0.10629953157931893
2012 DF111,nan,MBO,MBO,21164715216613702,745297395035145027,8.651296,2.6068227,1.6434851,225.8854778432541,-39.596736061178525,2025052300262,99,60819.11188828145,z,225.8854657855514,-39.59674474027654,5.1402812004089355,1644.99,313.808,False,nan,nan,2197.97,310.987,False,256.708,103.536,23.359591850970734,0.20712145610279184,nan,nan,23.044945613319783,0.15361895252415955,25.3764014590719,0.4379013651869256
2012 DF111,nan,MBO,MBO,21164715216613702,745297395207635172,8.651365,2.6068237,1.6434867,225.8853401448208,-39.596695134729046,2025052300263,172,60819.112385178974,z,225.88533092394536,-39.59668212953457,8.096007347106934,2565.53,316.743,False,2532.68,15.5657,2758.32,312.997,False,114.16,97.0027,22.87705724400307,0.13404612350468342,22.89104922716721,0.006672869861036681,22.79838835205636,0.12320259307526898,26.25621506490447,0.922559047350367
2012 DF111,nan,MBO,MBO,21164715216613702,745297395303579946,8.651436,2.6068249,1.6434885,225.8852005038502,-39.59665362305852,2025052300264,99,60819.11288963602,z,225.8851876527362,-39.596728825789334,6.837101459503174,2283.67,335.761,False,2664.63,17.5161,2361.86,331.432,False,15.444,98.1453,23.003416670360195,0.15963246505538495,22.835907764919092,0.007137150259638439,22.96686457287521,0.15235776585863017,28.42810050045652,6.899760802067137
2012 DF111,nan,MBO,MBO,21164715216613702,745297395441991900,8.651893,2.6068313,1.6434999,225.8842980316712,-39.596385148858914,2025052300265,107,60819.116146661625,r,225.88428263246098,-39.596392484502076,14.297958374023438,2338.99,163.293,False,2274.42,6.14671,2273.5,161.886,False,-78.8511,6.45177,22.977429091902167,0.07579900813110657,23.007823373178738,0.0029342450947564057,23.008262603647182,0.07731053132458526,nan,nan
2012 DF111,nan,MBO,MBO,21164715216613702,745297395595608215,8.651961,2.6068323,1.6435015,225.8841622490469,-39.596344726164816,2025052300266,144,60819.11663625539,r,225.88413485118735,-39.596346250823586,13.969212532043457,2224.99,157.265,False,2309.49,3.25444,2108.7,157.148,False,-74.8789,7.10081,23.031679846197235,0.07674115583801805,22.991209789319072,0.0015299756328391331,23.089963030050107,0.0809130135259538,nan,nan
2012 DF111,nan,MBO,MBO,21164715216613702,745297395729826305,8.65203,2.6068332,1.6435032,225.8840264639416,-39.59630429507529,2025052300267,144,60819.11712660639,r,225.88404534170547,-39.596307009364814,12.45042610168457,2026.73,162.627,False,1928.3,0.233566,1837.19,158.845,False,-72.9697,5.90217,23.133010270354106,0.08712064373643749,23.1870634693771,0.0001315101680897391,23.239614852512215,0.09387367352890948,nan,nan
2012 DF111,nan,MBO,MBO,21164715216613702,745297395832062520,8.652099,2.6068342,1.6435049,225.8838903992174,-39.59626377302711,2025052300268,83,60819.11761797484,r,225.88387348154697,-39.596252433431914,14.077204704284668,2157.94,150.407,False,2074.67,4.91584,2095.03,147.992,False,-48.6943,30.6929,23.064901616323244,0.07567510091335113,23.107627473296823,0.0025726047166426754,23.097024369137458,0.0766959303393821,nan,nan
2012 DF111,nan,MBO,MBO,21164715216613702,745297395935871345,8.652167,2.6068351,1.6435066,225.88375488648,-39.596223407688505,2025052300269,25,60819.11810608374,r,225.88375075684354,-39.59621709791833,14.737190246582031,2156.15,144.714,False,2072.85,1.37224,2165.55,144.8,False,-29.8041,28.2851,23.065802622282796,0.07287120151915871,23.108580259134186,0.0007187642724885237,23.061079436694378,0.0725980015319696,nan,nan
2012 DF111,nan,MBO,MBO,21164715216613702,745297396128284972,8.652237,2.606836,1.6435083,225.8836179856939,-39.5961826210881,2025052300270,136,60819.11860076864,r,225.8836072043267,-39.59617652843238,12.533125877380371,1759.08,137.292,False,1803.9,4.24683,1744.65,136.351,False,-33.1022,26.7187,23.28678604990074,0.08473912888114594,23.259468838892694,0.0025560934694103684,23.29572919785018,0.08485439081203715,nan,nan
2012 DF111,nan,MBO,MBO,21164715216613702,745297396668825867,8.65386,2.6068592,1.6435486,225.88041023427812,-39.59522465039911,2025052300274,143,60819.13017313418,r,225.8804056566101,-39.595217430494706,17.3564453125,2042.37,113.928,False,1928.65,0.748104,2729.9,113.445,False,632.767,44.1994,23.124663946168976,0.06056481252445767,23.186866432257997,0.0004211461704590882,22.809633192523336,0.04511936254940963,24.39689039607187,0.07583974612819509
2012 DF111,nan,MBO,MBO,21164715216613702,745297396807238164,8.653929,2.6068602,1.6435503,225.8802746768607,-39.59518406848501,2025052300275,151,60819.13066281076,r,225.8802747996631,-39.5951915922816,16.637409210205078,2020.5,118.521,False,1926.68,0.645925,2584.0,117.87,False,557.684,32.8137,23.136352863053332,0.0636884656107355,23.187975996760905,0.00036399616057965364,22.869268726692383,0.04952621108239329,24.53402949730902,0.06388388860020625
2012 DF111,nan,MBO,MBO,21164715216613702,745297396959281190,8.653997,2.606861,1.6435521,225.880137732322,-39.59514306302322,2025052300276,185,60819.13115630884,r,225.880123347404,-39.59512896216158,14.298978805541992,1917.0,131.32,False,1921.36,1.94088,2460.98,131.993,False,422.685,33.6268,23.193444717804844,0.07437604922326918,23.190978145621713,0.001096766684579635,22.922229797932463,0.05823272676063065,24.83495791599135,0.08637598922175767
2012 DF111,nan,MBO,MBO,21164715216613702,745297397076197490,8.654067,2.6068623,1.6435537,225.8800007867195,-39.59510204889831,2025052300277,152,60819.13165015192,r,225.8800065593519,-39.595100056666155,14.831618309020996,1935.14,129.36,False,1861.14,0.942329,2341.35,128.213,False,330.869,26.704,23.18321901667815,0.07257915967166258,23.22555238353277,0.0005497279584807698,22.976334105536168,0.059455223452803116,25.100859842114886,0.08762833983760021
2012 DF111,nan,MBO,MBO,21164715216613702,745297397153792151,8.654136,2.6068633,1.6435555,225.8798649489957,-39.595061358312826,2025052300278,44,60819.13214026288,r,225.8798576005085,-39.59506536694558,16.829526901245117,2187.89,129.932,False,2079.93,0.193091,2443.38,128.923,False,180.124,22.6715,23.049936345070677,0.06447851167337514,23.10487823809116,0.00010079469113203052,22.930022515350466,0.057288010847964886,25.761071085820227,0.1366573500584857
2012 DF111,nan,MBO,MBO,21164715216613702,745297397623554546,8.65436,2.6068664,1.643561,225.87942277708532,-39.59492884723465,2025052300281,172,60819.133735245785,r,225.8794483005163,-39.59492842582217,16.706893920898438,2221.41,133.465,False,2082.87,2.01826,2393.2,133.594,False,116.821,33.1715,23.033428236518176,0.065232345368604,23.103344526939853,0.0010520569366530808,22.9525525367271,0.06060832322251076,26.231197709127024,0.30829645387956534
2012 DF111,nan,MBO,MBO,21164715216613702,745297397690663431,8.65443,2.6068673,1.6435628,225.87928166835096,-39.59488654096224,2025052300282,44,60819.13424434215,r,225.87927730370072,-39.5948767440066,16.890911102294922,2089.59,123.823,False,1971.42,1.96457,2225.14,124.118,False,108.497,29.5443,23.099847251262137,0.06433755248949298,23.163052080432646,0.0010819636493513134,23.031606700286382,0.06056221570744105,26.311455658818424,0.2956516378624775
2012 DF111,nan,MBO,MBO,21164715216613702,745297397877309662,8.6545,2.6068683,1.6435646,225.8791447172328,-39.594845472613024,2025052300283,144,60819.13473884479,r,225.87913210328594,-39.59484541908002,16.042095184326172,2033.88,126.448,False,2004.03,3.09212,2223.4,125.731,False,170.557,31.7479,23.129186683049547,0.06750111568483987,23.14523943772528,0.0016752376515007641,23.032456044375373,0.06139727795475574,25.820326085427805,0.2021016028859965
2012 DF111,nan,MBO,MBO,21164715216613702,745297398025683562,8.654571,2.6068695,1.6435664,225.87900471591243,-39.59480348082124,2025052300284,171,60819.13524325666,r,225.8790135068003,-39.594800919727014,13.641724586486816,2059.69,148.88,False,1942.04,1.10558,2201.02,145.17,False,188.167,31.972,23.11549537974605,0.07847997323105542,23.179354551203076,0.0006180965268488491,23.043440018182267,0.07161058121146155,25.713641304823717,0.18448057681403948
2012 DF111,nan,MBO,MBO,21164715216613702,745297398122152348,8.654646,2.6068704,1.6435682,225.87885695134747,-39.59475915090554,2025052300285,99,60819.13577654648,r,225.87886804649077,-39.5947548933508,16.228212356567383,2079.46,128.721,False,2078.14,4.52961,2184.4,127.425,False,104.945,35.1506,23.10512359340668,0.06720833537718242,23.10581305180056,0.0023665210212619114,23.05166962888039,0.0633354446941085,26.347595623449067,0.3636598181948128
2012 DF111,nan,MBO,MBO,21164715216613702,745297398295167097,8.654716,2.6068714,1.64357,225.8787191664474,-39.59471780599884,2025052300286,173,60819.13627378995,r,225.87869490747752,-39.59471327545584,18.815982818603516,2471.29,131.705,False,2204.87,0.922244,2497.83,129.842,False,-10.1056,46.3524,22.917690703297303,0.057863256265119976,23.041542471329507,0.00045413727821453796,22.906092772633595,0.05643864903537287,nan,nan
2012 DF111,nan,MBO,MBO,21164715216613702,745297398370140835,8.654786,2.6068723,1.6435717,225.87857860875616,-39.59467562016885,2025052300287,60,60819.13678076528,r,225.87856747492754,-39.594679981480716,18.982986450195312,2309.43,118.718,False,2111.34,0.474952,2256.06,114.656,False,-69.9966,45.9319,22.991238024400324,0.05581309547810972,23.088604515738155,0.0002442394753147346,23.016623357944393,0.05517857022324515,nan,nan
2012 DF111,nan,MBO,MBO,21164715216613702,745297398638576137,8.654923,2.6068745,1.6435751,225.87830858128373,-39.59459455106415,2025052300289,60,60819.13775401536,r,225.87830883576484,-39.594602116309254,16.47735023498535,2147.19,127.101,False,2101.7,1.30729,2073.51,126.512,False,-99.1207,36.5203,23.070323839938794,0.06426918850852559,23.09357321464637,0.0006753447544813015,23.108234659400154,0.06624451254925164,nan,nan
2012 DF111,nan,MBO,MBO,21164715216613702,745297398810018252,8.654996,2.6068754,1.643577,225.8781638637016,-39.59455108944815,2025052300290,131,60819.13827605197,r,225.87815783386037,-39.59453834848076,18.173778533935547,2350.37,127.101,False,2244.48,0.594796,2315.26,125.63,False,-84.0166,38.9295,22.972159357942445,0.05871337203392445,23.0222106597845,0.000287724354567629,22.988500573747288,0.058913917161083,nan,nan
2012 DF111,nan,MBO,MBO,21164715216613702,745297398928507133,8.655123,2.606877,1.6435801,225.87791407239465,-39.59447604946436,2025052300291,101,60819.13917746057,r,225.87790670372203,-39.59447542619757,17.86260414123535,2659.71,146.883,False,2618.39,0.803207,2617.27,144.864,False,-44.8996,16.2,22.837914300557834,0.05995999132776649,22.85491421036495,0.0003330561658599234,22.85537867396674,0.06009471192096603,nan,nan
2012 DF111,nan,MBO,MBO,21164715216613702,745297399062724653,8.655531,2.606883,1.6435903,225.87710675177837,-39.59423332481236,2025052300292,101,60819.14208991717,g,225.87711693025838,-39.59423314258222,14.438433647155762,1336.51,91.7388,False,1283.31,0.0377338,1323.59,90.9859,False,-20.9137,19.7026,23.58506946063805,0.07452554478925787,23.62917100429277,3.1924438913891026e-05,23.59561633475165,0.07463541524020141,nan,nan
2012 DF111,nan,MBO,MBO,21164715216613702,745297399199039569,8.655599,2.606884,1.643592,225.87697229057085,-39.59419286905145,2025052300293,105,60819.142574563484,g,225.87697466788555,-39.59420203690465,14.948946952819824,1369.93,89.8745,False,1499.48,3.11735,1308.56,89.5627,False,-30.4634,22.5821,23.558254016530263,0.07122991018895905,23.460148320309635,0.00225719576930622,23.608015849703385,0.07431180828979862,nan,nan
2012 DF111,nan,MBO,MBO,21164715216613702,745297399333781995,8.655668,2.606885,1.6435937,225.8768358888325,-39.594151820821374,2025052300294,106,60819.143066219345,g,225.87682325556332,-39.59415048224153,14.962142944335938,1386.91,92.8355,False,1345.19,0.590942,1386.34,93.4594,False,-28.974,20.7376,23.544879274365346,0.07267585048944261,23.578040971903935,0.0004769639824880893,23.545325641527107,0.07319434828913135,nan,nan
2012 DF111,nan,MBO,MBO,21164715216613702,745297399459086471,8.655736,2.606886,1.6435955,225.87670031902584,-39.59411101433543,2025052300295,89,60819.14355531035,g,225.87671721160007,-39.5941002824071,14.62398910522461,1282.06,86.9602,False,1207.41,0.179932,1319.41,87.2834,False,-14.5565,30.5025,23.63022907412391,0.07364384695562846,23.6953630481594,0.0001617997857955043,23.599050543529057,0.07182509350116156,nan,nan
2012 DF111,nan,MBO,MBO,21164715216613702,745297399552934386,8.655812,2.606887,1.6435974,225.87654977842664,-39.59406569156135,2025052300296,12,60819.14409811211,g,225.87658219161833,-39.59406704165512,13.757156372070312,1314.93,94.3276,False,1280.33,0.635996,1314.08,94.5815,False,-7.0251,30.8567,23.602743370968444,0.07788618762514334,23.631695232857993,0.000539332742101499,23.603445522600968,0.07814635276099269,nan,nan
2012 DF111,nan,MBO,MBO,21164715216613702,745297399752687765,8.65589,2.606888,1.6435993,225.8763956340792,-39.594019272802086,2025052300297,137,60819.14465413257,g,225.87639989242507,-39.59402793092355,16.946043014526367,1464.29,84.8156,False,1471.53,0.967153,1485.06,84.9461,False,-8.27014,22.3016,23.485932229832443,0.06288874643305735,23.48057717722581,0.0007135926692492104,23.470639955785398,0.062104595617899626,nan,nan
2012 DF111,nan,MBO,MBO,21164715216613702,745297400128078248,8.656108,2.6068912,1.6436048,225.8759661947027,-39.59388989319897,2025052300300,85,60819.146203793265,g,225.87597033831557,-39.59388770019912,17.672758102416992,1510.46,84.2178,False,1508.21,0.39032,1426.39,84.0137,False,-26.2545,20.1943,23.45222695613956,0.06053673246590903,23.453845488126383,0.00028098512124297647,23.514404275181626,0.0639493528744864,nan,nan
2012 DF111,nan,MBO,MBO,21164715216613702,745297400243945712,8.6561775,2.606892,1.6436064,225.87582813178585,-39.59384827971244,2025052300301,50,60819.146701661426,g,225.8758405316076,-39.59385467493645,15.348105430603027,1221.19,78.3327,False,1173.47,2.34309,1200.67,78.7659,False,-31.3685,25.6153,23.683041953796508,0.06964408106023307,23.726320048982803,0.002167910359712407,23.70144081159658,0.07122605364438682,nan,nan
2012 DF111,nan,MBO,MBO,21164715216613702,745297400376590550,8.656246,2.606893,1.6436082,225.87569173280835,-39.59380715888632,2025052300302,47,60819.14719325559,g,225.87569255951482,-39.59380378014407,16.877872467041016,1467.63,85.6252,False,1449.49,1.37148,1457.2,85.0696,False,-20.278,18.8155,23.483458544787787,0.06334456068244151,23.496961948532007,0.0010273030425954372,23.491202129956353,0.06338399050222496,nan,nan
2012 DF111,nan,MBO,MBO,21164715216613702,745297400488788169,8.656315,2.6068943,1.6436099,225.87555588886008,-39.59376619661221,2025052300303,5,60819.1476838121,g,225.8755607338197,-39.59376845124881,14.263912200927734,1318.71,92.1753,False,1290.09,1.84055,1328.88,93.5033,False,-14.0839,20.1002,23.59962678333943,0.07589088124633674,23.62345000662215,0.0015490018260734162,23.59128558295174,0.07639510078534767,nan,nan
2012 DF111,nan,MBO,MBO,21164715216613702,745297400624578591,8.656383,2.6068952,1.6436116,225.875421986084,-39.59372581109178,2025052300304,8,60819.1481665677,g,225.87544001798963,-39.5937314644034,14.527233123779297,1406.81,95.8754,False,1301.48,0.0349064,1419.53,97.5281,False,-11.9137,23.555,23.529411337921886,0.07399391889318198,23.61390626969136,2.9120033502869264e-05,23.519638539511416,0.07459496167417641,nan,nan
2012 DF111,nan,MBO,MBO,21164715216613702,745297400832196834,8.656462,2.6068962,1.6436136,225.87526590570067,-39.593678725952905,2025052300305,148,60819.14872900977,g,225.87526263526868,-39.59366671925005,14.682851791381836,1354.14,90.3996,False,1371.25,1.27767,1376.27,89.8845,False,-1.86531,20.8078,23.57084107094879,0.07248151186662623,23.55720839854308,0.001011640915057794,23.553240876574154,0.07090967105834012,nan,nan
2012 DF111,nan,MBO,MBO,21164715216613702,745297400965366000,8.65653,2.606897,1.6436154,225.87512923219748,-39.593637485787184,2025052300306,146,60819.14922298054,g,225.87511827340825,-39.593638856910744,15.196908950805664,1460.06,94.0218,False,1434.98,0.834011,1493.1,93.5604,False,1.28749,16.0081,23.48907319858789,0.06991689734548542,23.507885394420093,0.000631030376754026,23.464777779093936,0.06803423571995328,31.125640329998717,13.499579922329998
2012 DF111,nan,MBO,MBO,21164715216613702,745297401103778278,8.6566,2.6068983,1.643617,225.87499172771692,-39.59359598586881,2025052300307,154,60819.149718725705,g,225.87498883617636,-39.593596401576,13.680078506469727,1469.05,106.155,False,1497.93,0.884594,1459.81,105.53,False,-2.68733,4.58031,23.482408520123375,0.07845636408553862,23.461271164182495,0.0006411753039813822,23.489259120591925,0.07848811541491756,nan,nan
2012 DF111,nan,MBO,MBO,21164715216613702,745297401217024219,8.656669,2.6068993,1.6436188,225.8748572734917,-39.59355539778539,2025052300308,114,60819.15020395178,g,225.8748826848874,-39.59356367279569,12.116802215576172,1245.84,100.487,False,1238.3,0.575547,1246.96,100.489,False,-7.02257,4.5951,23.661344353311094,0.08757334526954913,23.667935274877756,0.0005046371388037445,23.6603687280179,0.08749642905530158,nan,nan
2012 DF111,nan,MBO,MBO,21164715216613702,745297401334464788,8.656738,2.6069002,1.6436205,225.8747194935457,-39.593513796759886,2025052300309,82,60819.15070086936,g,225.87471245709025,-39.5935049308144,14.890833854675293,1384.22,92.0134,False,1345.81,3.72936,1395.51,91.9859,False,-25.2941,11.7769,23.546987223268424,0.07217225498510987,23.577540575253188,0.003008672181643364,23.538167610101784,0.07156696993402051,nan,nan
2012 DF111,nan,MBO,MBO,21164715216613702,745297401788498058,8.656974,2.6069036,1.6436265,225.87425265665956,-39.59337277296472,2025052300312,180,60819.152384209025,g,225.87425852833576,-39.59336223021847,14.691744804382324,1554.02,104.043,False,1498.51,0.712981,1516.09,104.083,False,-54.6976,12.5964,23.42135847684299,0.07269098836352636,23.46085087925754,0.0005165859849919622,23.4481875665158,0.07453824254914844,nan,nan
2012 DF111,nan,MBO,MBO,21164715216613702,745297401871860191,8.6570425,2.6069045,1.6436281,225.87411626721615,-39.59333155208408,2025052300313,83,60819.15287667574,g,225.8741076717867,-39.593338624537274,14.432313919067383,1266.64,87.4555,False,1250.95,2.02293,1191.52,86.3904,False,-67.4995,13.8897,23.64336699054573,0.07496494592400867,23.65690016374544,0.0017557602824095206,23.709746640954506,0.07872061531059885,nan,nan
2012 DF111,nan,MBO,MBO,21164715216613702,745297402187481509,8.657184,2.6069064,1.6436317,225.87383767044423,-39.59324732397953,2025052300315,173,60819.15388122112,g,225.87383942792343,-39.5932468069971,13.737998962402344,1322.9,94.618,False,1270.1,0.617683,1258.69,94.5583,False,-86.127,12.6078,23.596182438824336,0.07765528930176333,23.640405230806167,0.0005280220470057224,23.650203095938167,0.08156525469156048,nan,nan
2012 DF111,nan,MBO,MBO,21164715216613702,745297402258784770,8.657255,2.6069076,1.6436335,225.87369712657005,-39.59320481907583,2025052300316,53,60819.154388640745,g,225.87368307744214,-39.593214310983676,15.88194465637207,1437.96,89.4471,False,1360.0,0.0179507,1369.73,88.5361,False,-54.5198,11.1652,23.505633016082406,0.06753731335130261,23.566152729074453,1.4330680542517134e-05,23.558412595887063,0.07017941715553995,nan,nan
2012 DF111,nan,MBO,MBO,21164715216613702,745297402444382236,8.657326,2.6069086,1.6436353,225.87355713847757,-39.59316247270098,2025052300317,151,60819.154893394865,g,225.87359346327275,-39.593153502005556,13.857121467590332,1324.26,93.7077,False,1208.93,0.476492,1379.78,94.0439,False,-17.8823,14.6156,23.59506683912883,0.07682920624885532,23.693997064568784,0.00042793592626859676,23.550475363122302,0.0740022789103916,nan,nan
2012 DF111,nan,MBO,MBO,21164715216613702,745297402527219819,8.657395,2.6069095,1.6436371,225.87341826060648,-39.59312045272708,2025052300318,53,60819.15539483809,g,225.8734115858738,-39.59313417886227,16.038108825683594,1487.07,92.9321,False,1471.6,3.25654,1552.43,92.0933,False,66.5363,11.0925,23.469171508464882,0.06785137717060176,23.4805255701148,0.002402652557823302,23.422469895707277,0.0644080740648171,26.842353372658323,0.18100688559539144
2012 DF111,nan,MBO,MBO,21164715216613702,745306290286756433,8.982813,2.6111505,1.6517099,225.31541342673185,-39.407463693569404,2025052501001,45,60821.28512016622,g,225.3154529605341,-39.4074850310056,8.461578369140625,1180.74,137.012,False,1281.18,7.61629,1063.39,137.456,False,-165.057,5.28281,23.719614318706764,0.1259878406420705,23.630974578374243,0.006454426039011036,23.833268555191527,0.1403445084244966,nan,nan
2012 DF111,nan,MBO,MBO,21164715216613702,745306290423595291,8.982896,2.6111515,1.6517121,225.3152847565755,-39.40741757558291,2025052501002,50,60821.28561045133,g,225.31528980575834,-39.40736750144779,5.4734086990356445,825.961,149.454,False,nan,nan,744.726,150.712,False,-177.706,2.81768,24.107601148408687,0.19645917099554175,nan,nan,24.220008690103604,0.21972306337019365,nan,nan
2012 DF111,nan,MBO,MBO,21164715216613702,745306290561482761,8.982979,2.6111524,1.6517141,225.31515636238572,-39.40737154609835,2025052501003,57,60821.28609988717,g,225.31515611114042,-39.407377937514866,7.830943584442139,1116.46,142.579,False,1126.82,10.2788,934.543,142.651,False,-146.878,3.66818,23.780392118014504,0.13865537686561114,23.77036368499618,0.009904035999556124,23.973501743289056,0.16572950786530088,nan,nan
2012 DF111,nan,MBO,MBO,21164715216613702,745306290866618610,8.983146,2.6111543,1.6517181,225.3148990895124,-39.4072792821596,2025052501005,127,60821.28707941735,g,225.31492560599912,-39.40728011457456,6.945981025695801,1117.02,160.07,False,1174.41,3.18729,937.132,162.873,False,-203.122,2.52254,23.779847608182237,0.15558700758177516,23.72545061698143,0.0029466336258807454,23.97049805825783,0.18870032234197734,nan,nan
2012 DF111,nan,MBO,MBO,21164715216613702,745306290966233482,8.983229,2.6111553,1.6517202,225.31477099835072,-39.40723333018637,2025052501006,61,60821.287567510604,g,225.3147691252721,-39.40721281286724,6.718677043914795,1004.79,149.821,False,1036.52,2.53711,752.34,150.09,False,-201.736,3.044,23.894811763309416,0.16189063044266142,23.86105576362142,0.0026575774983039484,24.20896457933471,0.21660171887593668,nan,nan
2012 DF111,nan,MBO,MBO,21164715216613702,745306291090489781,8.983312,2.6111562,1.6517223,225.3146426582948,-39.40718727856078,2025052501007,42,60821.28805664069,g,225.3145681219667,-39.40721200977231,6.795680522918701,1066.06,155.122,False,1218.48,2.04041,875.602,155.65,False,-243.242,2.38232,23.83054581946236,0.1579850625699131,23.685454004612946,0.0018181234738808949,24.044233150495625,0.1930041681298599,nan,nan
2012 DF111,nan,MBO,MBO,21164715216613702,745306291218940248,8.983395,2.6111572,1.6517243,225.31451433168812,-39.407141221394255,2025052501008,31,60821.288545704985,g,225.3144926164949,-39.40710632050729,6.019022464752197,1093.48,180.303,False,1064.4,1.88253,875.693,182.954,False,-262.748,2.23201,23.802972909141396,0.17902612911417223,23.83223781039817,0.001920265785808966,24.044120313187577,0.22683723343330273,nan,nan
2012 DF111,nan,MBO,MBO,21164715216613702,745306291414499373,8.983478,2.6111581,1.6517264,225.31438549403205,-39.40709497038539,2025052501009,148,60821.289036242364,g,225.31438005885704,-39.40707857619866,8.480669975280762,1286.23,151.334,False,1332.51,11.9578,1132.61,152.844,False,-226.486,2.52357,23.62670342938741,0.12774449741357924,23.58832379971286,0.009743278623063872,23.764799034630055,0.14651844877281878,nan,nan
2012 DF111,nan,MBO,MBO,21164715216613702,745306291519881741,8.983561,2.611159,1.6517284,225.31425693241985,-39.40704880806617,2025052501010,93,60821.28952667971,g,225.31430081169157,-39.407068920761176,8.315475463867188,1217.61,150.714,False,1302.24,0.573065,1081.26,152.501,False,-228.773,2.42909,23.68622949751354,0.1343908585149355,23.613272430299084,0.0004777901187721661,23.815174647567293,0.15313233001635476,nan,nan
2012 DF111,nan,MBO,MBO,21164715216613702,745306291650429523,8.983644,2.61116,1.6517304,225.314129696118,-39.40700311139287,2025052501011,86,60821.290011531004,g,225.3140966723676,-39.4069814379689,10.115860939025879,1351.58,134.396,False,1373.65,0.0599233,1134.0,134.543,False,-176.384,4.30758,23.572895643603076,0.10796149948794621,23.555309754483538,4.736351596406553e-05,23.76346736360778,0.12881675961336514,nan,nan
2012 DF111,nan,MBO,MBO,21164715216613702,745306291808764039,8.9837265,2.6111612,1.6517326,225.3140008995897,-39.40695684400688,2025052501012,132,60821.29050291443,g,225.31402261512096,-39.40692823901579,9.99280834197998,1471.31,147.588,False,1452.47,1.2395,1383.11,147.108,False,-180.464,4.39726,23.48073948992353,0.10891085211348271,23.494732094319538,0.0009265390009042926,23.547858208200985,0.11547923531509097,nan,nan
2012 DF111,nan,MBO,MBO,21164715216613702,745306291943506439,8.983809,2.6111622,1.6517346,225.31387264132437,-39.40691075962671,2025052501013,133,60821.29099103168,g,225.31380219972658,-39.406931756720695,8.455897331237793,1247.3,147.114,False,1269.2,3.01555,1176.04,148.387,False,-181.071,4.26444,23.660072651637336,0.12805819614445266,23.641174883199046,0.0025796500375299364,23.723944730411826,0.13699289625115388,nan,nan
2012 DF111,nan,MBO,MBO,21164715216613702,745306292038402240,8.983893,2.6111631,1.6517366,225.3137438724398,-39.40686448138783,2025052501014,58,60821.29148228136,g,225.31376149108937,-39.4068662010978,7.427816867828369,1167.05,159.879,False,1358.57,6.28264,1049.91,162.177,False,-192.082,2.35355,23.732276297196336,0.14873947905591384,23.567294992295636,0.005020933744870869,23.84711978407106,0.16771098176732172,nan,nan
2012 DF111,nan,MBO,MBO,21164715216613702,745306292170522779,8.983976,2.611164,1.6517386,225.31361564176427,-39.40681838623685,2025052501015,54,60821.29197174951,g,225.31356189479376,-39.40678817225698,6.9704909324646,1161.83,166.696,False,1331.01,12.2542,1095.51,169.418,False,-189.932,2.12719,23.737143575197912,0.15577828796496354,23.5895466960811,0.00999603946089742,23.800959124751305,0.16790650373139804,nan,nan
2012 DF111,nan,MBO,MBO,21164715216613702,745306292283769056,8.984058,2.611165,1.6517407,225.31348847378305,-39.40677266290872,2025052501016,14,60821.292456395386,g,225.31346457813225,-39.40679459614027,7.014557838439941,1167.86,165.908,False,1417.15,4.43537,1032.55,167.122,False,-169.179,2.51912,23.731523054091078,0.15424137284205042,23.52146042849867,0.0033981171176251557,23.865222221084252,0.1757303674754075,nan,nan
2012 DF111,nan,MBO,MBO,21164715216613702,745306292623507653,8.984226,2.611167,1.6517448,225.31322893590365,-39.40667931444966,2025052501018,150,60821.29344660387,g,225.31322926702128,-39.406769334635364,6.963271141052246,1035.61,154.427,False,1153.17,13.8581,993.177,156.202,False,-123.397,2.64701,23.86200942687387,0.16190167088418292,23.745266619659944,0.013047720854555427,23.90743336385412,0.17075925219360275,nan,nan
2012 DF111,nan,MBO,MBO,21164715216613702,745306292829552971,8.984393,2.6111689,1.651749,225.3129718137332,-39.40658679326068,2025052501020,31,60821.29442749046,g,225.3129159815757,-39.406577501222344,8.13652229309082,1378.54,174.566,False,1669.52,6.60647,1633.71,176.473,False,167.431,2.49986,23.551451538727985,0.13748793268239284,23.343520922177177,0.00429637482511702,23.367062607490983,0.11728099703325781,25.840410323794508,0.01621078871427028
2012 DF111,nan,MBO,MBO,21164715216613702,745306293160378449,8.984559,2.6111708,1.6517531,225.3127152716505,-39.40649443959303,2025052501022,150,60821.295406075245,g,225.31271228399453,-39.40649309830331,7.0775322914123535,1177.98,158.945,False,1486.36,9.96476,1344.73,159.637,False,226.693,2.33319,23.72215522558246,0.14649854146823374,23.469689987343607,0.007278923425111768,23.578412281282645,0.12889105313291468,25.511404758100237,0.011174711584400152
2012 DF111,nan,MBO,MBO,21164715216613702,745306293264187556,8.984641,2.611172,1.6517551,225.3125879386532,-39.406448585176165,2025052501023,92,60821.29589210797,g,225.31252863740406,-39.4064583948718,6.269873142242432,1013.19,161.676,False,1191.94,19.3642,1143.13,163.568,False,120.142,2.26426,23.8857727605524,0.1732522830377101,23.709364067389146,0.017638819649061468,23.754760939338645,0.15535563878061148,26.2007628720499,0.020462362472645487
2012 DF111,nan,MBO,MBO,21164715216613702,745306293386346547,8.984724,2.611173,1.6517571,225.3124600956056,-39.40640253689696,2025052501024,69,60821.29638096117,g,225.31245548569882,-39.406413588230265,8.031866073608398,1399.63,172.844,False,1402.56,2.55523,1385.56,175.843,False,58.0408,2.12509,23.534966889509413,0.13408042236790363,23.53269633220731,0.0019780298172428767,23.545936611278627,0.1377920161506682,26.990666559248005,0.03975284794960338
2012 DF111,nan,MBO,MBO,21164715216613702,745306293534720546,8.984807,2.6111739,1.6517593,225.31233148083743,-39.4063562003556,2025052501025,96,60821.2968711151,g,225.31229596714942,-39.40635832066385,8.67919921875,1346.37,152.909,False,1546.87,5.35166,1394.31,154.417,False,-39.1489,2.95016,23.57708893877086,0.12330847703412921,23.42636546134908,0.003756289016768012,23.53910159901839,0.12024307978093017,nan,nan
2012 DF111,nan,MBO,MBO,21164715216613702,745306293649015178,8.98489,2.6111748,1.6517613,225.312203927774,-39.40631023612814,2025052501026,58,60821.29735805776,g,225.31227011770287,-39.40638439874849,7.092769622802734,1143.35,162.569,False,1525.33,15.0162,1122.19,164.436,False,-56.6278,2.51391,23.754552032933038,0.1543770963443991,23.441590501295057,0.010688593641271591,23.77483407088353,0.15909438947408072,nan,nan
2012 DF111,nan,MBO,MBO,21164715216613702,745306293823602877,8.984972,2.6111758,1.6517633,225.3120769124728,-39.406264455606845,2025052501027,135,60821.29784368894,g,225.31206435672792,-39.40616434835293,8.753421783447266,1390.01,160.716,False,1576.52,22.8132,1228.56,162.136,False,-162.096,2.63338,23.542455180713098,0.12553519929280385,23.405751274918245,0.01571126079987199,23.67650902006332,0.1432871968987269,nan,nan
2012 DF111,nan,MBO,MBO,21164715216613702,745306294088368294,8.985138,2.6111777,1.6517674,225.31182135289188,-39.406172313018885,2025052501029,128,60821.29881961666,g,225.31178211582485,-39.406128220869256,8.445728302001953,1350.29,157.743,False,1679.34,1.85318,1122.09,159.297,False,-185.063,2.60037,23.57393234017877,0.12683740313855146,23.33715344081312,0.0011981282623500383,23.774930803125322,0.1541360517398872,nan,nan
2012 DF111,nan,MBO,MBO,21164715216613702,745306294210003231,8.985221,2.6111786,1.6517695,225.31169333258995,-39.406126139726105,2025052501030,104,60821.299308234506,g,225.3116059511612,-39.40602701897049,7.3558549880981445,1081.84,150.206,False,1103.66,3.29888,973.89,151.704,False,-181.739,2.65914,23.81459244673706,0.150746959469518,23.792911709672424,0.0032453051203036286,23.92872521747589,0.1691264075307631,nan,nan
2012 DF111,nan,MBO,MBO,21164715216613702,745315055919169759,9.32648,2.614906,1.6597914,224.84261643458396,-39.23247727289501,2025052700774,58,60823.17480608987,i,224.8425817045863,-39.23253700498412,5.9799485206604,2016.06,334.901,False,2047.52,35.3725,2165.5,342.326,False,312.496,3.89805,23.138741335914318,0.180358784561022,23.121929608131985,0.01875693767459769,23.061104529835347,0.17163505880244972,25.162888835677947,0.013543386344123201
2012 DF111,nan,MBO,MBO,21164715216613702,745315056215392268,9.326675,2.614908,1.6597958,224.84236644221545,-39.2323829090242,2025052700776,111,60823.175785560736,i,224.84225844003595,-39.23231077053882,6.588607311248779,1891.07,317.987,False,2287.28,24.3373,2587.2,322.572,False,978.916,4.13978,23.20823101828194,0.18256860286409782,23.001701654799817,0.011552536938432702,22.86792501408524,0.13536954848616453,23.923136415321554,0.004591516537033679
2012 DF111,nan,MBO,MBO,21164715216613702,745315056470720818,9.326874,2.61491,1.6598003,224.84211212925555,-39.23228687334191,2025052700778,86,60823.17678125602,i,224.84213642175857,-39.23240517774852,7.296290397644043,2167.31,306.147,False,2429.99,38.3526,3868.02,308.68,False,1801.99,4.07073,23.06019738355581,0.15336748150363874,22.935988788426982,0.017136204939107284,22.431278217063685,0.08664511611632889,23.260619064466262,0.0024526990671683586
2012 DF111,nan,MBO,MBO,21164715216613702,745315056640065670,9.326972,2.6149108,1.6598026,224.8419872784406,-39.23223971104239,2025052700779,153,60823.17727072349,i,224.8420405612044,-39.23225717774705,7.720658779144287,2275.21,299.866,False,2396.29,10.2131,4147.77,303.548,False,1800.32,4.05184,23.00744629897972,0.14309684620317523,22.95115154381508,0.0046274585807888485,22.355463329609048,0.0794578909718326,23.261625767019247,0.0024435818792886547
2012 DF111,nan,MBO,MBO,21164715216613702,745315056832479400,9.327181,2.614913,1.6598073,224.8417199773182,-39.232138704643006,2025052700781,8,60823.1783178127,i,224.84169378599356,-39.23215184440851,7.248420715332031,2267.45,316.918,False,2676.54,9.57476,5495.41,321.321,False,3185.58,4.06233,23.01115572557569,0.15175168279524134,22.831065638768024,0.0038839934791301068,22.04999971990809,0.06348386176263465,22.642028683211485,0.001384557411161401
2012 DF111,nan,MBO,MBO,21164715216613702,745315057147576415,9.32739,2.6149151,1.6598121,224.8414516791118,-39.23203727529447,2025052700783,97,60823.17936857181,i,224.8413943904566,-39.23209288552244,8.90338134765625,2754.42,308.935,False,5326.28,196.236,5630.7,317.009,False,2706.15,4.11657,22.799924622932892,0.12177588068630427,22.083940060402647,0.040001751739262834,22.0235939897578,0.061127060491783666,22.819120375261008,0.0016516117899001502
2012 DF111,nan,MBO,MBO,21164715216613702,745315057431216303,9.327583,2.614917,1.6598165,224.84120382503124,-39.23194353356764,2025052700785,126,60823.180339068014,i,224.84112257366877,-39.23196409389238,7.693239212036133,2251.92,292.021,False,2471.0,17.1461,2998.73,296.142,False,806.207,4.20221,23.018617642573645,0.1407944238729977,22.9178181364948,0.007533848868073244,22.70765659591457,0.1072227547622394,24.13388362847913,0.005659206197316774
2012 DF111,nan,MBO,MBO,21164715216613702,745315057567006930,9.327682,2.614918,1.6598188,224.8410782469854,-39.2318960231289,2025052700786,129,60823.180831620106,i,224.84104317531742,-39.23197614082502,7.2017598152160645,1991.71,286.354,False,nan,nan,2979.96,291.492,False,645.294,4.22462,23.15193476158734,0.15609949014470118,nan,nan,22.714473927779764,0.10620391774293912,24.375605921775144,0.007108113037009978
2012 DF111,nan,MBO,MBO,21164715216613702,745315057693360381,9.32778,2.614919,1.659821,224.8409524193148,-39.231848408016376,2025052700787,114,60823.181324098354,i,224.84093359152476,-39.23185112222896,6.187680721282959,1777.81,298.447,False,1883.69,49.9408,1841.71,302.733,False,206.708,4.07135,23.275286602384014,0.1822662110203638,23.212476453191833,0.02878527572464793,23.236946907500965,0.17846902460321945,25.61160682663612,0.021384815113631068
2012 DF111,nan,MBO,MBO,21164715216613702,745315057824432424,9.327876,2.61492,1.6598233,224.8408288941191,-39.23180165422,2025052700788,108,60823.18180886337,i,224.84077005659194,-39.23180534435321,7.457086086273193,2181.61,293.801,False,2581.8,49.5649,1927.39,298.647,False,-20.7981,4.00072,23.053057157427503,0.146217867272623,22.870193488300586,0.020843754277796594,23.187575988308097,0.1682336534505113,nan,nan
2012 DF111,nan,MBO,MBO,21164715216613702,745315057936630063,9.327973,2.6149209,1.6598254,224.8407051191132,-39.2317547959458,2025052700789,66,60823.18229364473,i,224.84067849994457,-39.23178369257089,7.440213680267334,2192.49,295.54,False,2426.35,1.90971,2050.22,298.896,False,-82.271,4.04578,23.047655951798646,0.1463534559614783,22.937616336671965,0.000854551593142199,23.120498851095384,0.1582865297643811,nan,nan
2012 DF111,nan,MBO,MBO,21164715216613702,745315058313068556,9.328283,2.614924,1.6598326,224.84030780077103,-39.231604313389134,2025052700792,16,60823.18385009907,i,224.84026438418206,-39.231612495979896,6.784050464630127,1995.27,288.602,False,1907.31,4.24936,2196.37,292.001,False,-132.937,4.17719,23.149995807515587,0.15704422256902498,23.198946752190153,0.00241894812542117,23.04573618433897,0.14434546469729215,nan,nan
2012 DF111,nan,MBO,MBO,21164715216613702,745315058458296388,9.328381,2.614925,1.6598347,224.84018302870143,-39.23155703530901,2025052700793,37,60823.18433938066,i,224.8401830428649,-39.23157885444516,7.9517927169799805,2362.8,291.404,False,2246.97,34.6796,2223.34,293.796,False,-123.708,4.06981,22.966432572098505,0.13390378257178287,23.021006829015676,0.016757187465350112,23.032485253511716,0.14347105280136818,nan,nan
2012 DF111,nan,MBO,MBO,21164715216613702,745315058653855992,9.328481,2.6149259,1.6598371,224.8400552008608,-39.231508588812616,2025052700794,154,60823.18484059785,i,224.8400589206913,-39.23155848272188,6.344085693359375,1856.68,292.629,False,2077.71,26.2699,1889.38,295.783,False,-105.306,4.05194,23.228157320455725,0.1711215116689031,23.10603769531075,0.013727700870544628,23.209201712624996,0.16997231876272706,nan,nan
2012 DF111,nan,MBO,MBO,21164715216613702,745315058798559287,9.32858,2.6149268,1.6598394,224.8399276342332,-39.23146023067087,2025052700795,174,60823.18534069705,i,224.83996238950505,-39.23144003489371,7.464968681335449,2013.03,270.114,False,2058.2,11.3891,2200.98,272.207,False,-93.4892,4.3027,23.14037436623011,0.14568712825338392,23.116281091095793,0.006007948005123916,23.043459769140814,0.13427882057376545,nan,nan
2012 DF111,nan,MBO,MBO,21164715216613702,745315058896601571,9.328679,2.614928,1.6598417,224.83980083918425,-39.23141215446999,2025052700796,105,60823.18583763073,i,224.83971868149953,-39.23134497133048,5.5632781982421875,1632.61,292.507,False,1591.92,45.5628,1519.5,296.222,False,-145.809,4.17355,23.367793879003138,0.19452620677093263,23.39519687250305,0.031075168138049575,23.445748238960093,0.2116610290301935,nan,nan
2012 DF111,nan,MBO,MBO,21164715216613702,745315059057557831,9.328777,2.614929,1.6598439,224.8396753257404,-39.23136455383678,2025052700797,156,60823.18632997041,i,224.8396481825989,-39.23140239877672,7.364299774169922,2212.72,293.182,False,2392.91,7.01485,1794.15,291.633,False,-114.583,3.6443,23.03768386110768,0.14385838407933393,22.952684128320413,0.003182851443338277,23.2653531116314,0.17648273417622012,nan,nan
2012 DF111,nan,MBO,MBO,21164715216613702,745315059180765628,9.3288765,2.61493,1.6598462,224.8395480327817,-39.23131626777519,2025052700798,135,60823.186828730555,i,224.83958005659738,-39.23131891409204,5.576353073120117,1632.36,294.334,False,nan,nan,1775.1,298.889,False,-149.923,4.16162,23.367960149476772,0.19577121414910492,nan,nan,23.276942954941124,0.18281483926789885,nan,nan
2012 DF111,nan,MBO,MBO,21164715216613702,745315059445530916,9.329072,2.6149318,1.6598506,224.8392985669983,-39.23122160700623,2025052700800,128,60823.187806093454,i,224.83935327086232,-39.231209751050464,6.869937419891357,2175.84,315.952,False,nan,nan,1845.92,319.784,False,-156.609,3.96068,23.055932565057212,0.1576588843861558,nan,nan,23.23446778593694,0.18809106273600193,nan,nan
2012 DF111,nan,MBO,MBO,21164715216613702,745315059713441870,9.329272,2.6149337,1.6598552,224.8390417296077,-39.2311241062625,2025052700802,127,60823.18881304751,i,224.83893475243963,-39.231110927085716,6.988059997558594,1957.9,285.113,False,2007.26,3.43481,1792.15,289.688,False,-86.2919,4.1568,23.170523720496938,0.15810690527816804,23.143490919189162,0.0018579045424642184,23.26656409376065,0.1755013434566309,nan,nan
2012 DF111,nan,MBO,MBO,21164715216613702,745315059945177105,9.32954,2.6149366,1.6598614,224.83869847088587,-39.2309937302517,2025052700804,57,60823.19015996641,i,224.838621361936,-39.23104922498616,5.096134662628174,1643.83,315.194,False,2009.48,7.47393,1386.72,319.778,False,-109.547,3.77153,23.36035777381263,0.20818305222332933,23.1422907903199,0.004038217023128516,23.545028074888606,0.2503710740846881,nan,nan
2012 DF111,nan,MBO,MBO,21164715216613702,745315060082016612,9.329638,2.6149375,1.6598636,224.83857428724724,-39.23094654381718,2025052700805,62,60823.19064699408,i,224.83858266677413,-39.231030558433204,6.3492584228515625,2085.6,322.554,False,2267.41,20.2828,2128.4,328.295,False,-114.466,3.9546,23.101922403760746,0.167917397272777,23.011174897881375,0.009712302530089749,23.079866924184547,0.16746936584968883,nan,nan
2012 DF111,nan,MBO,MBO,21164715216613702,745315060219904354,9.329735,2.6149385,1.6598659,224.83844909015767,-39.230898961957976,2025052700806,69,60823.19113763813,i,224.83839238290443,-39.230961464226276,6.0605902671813965,1802.7,308.642,False,nan,nan,1653.11,316.003,False,-97.5388,4.22175,23.260191382576114,0.18588994337943626,nan,nan,23.354245627048023,0.2075457113438643,nan,nan
2012 DF111,nan,MBO,MBO,21164715216613702,745315060397637725,9.329833,2.6149395,1.6598681,224.83832389944573,-39.23085137212954,2025052700807,152,60823.191628176886,i,224.83820416290425,-39.23093255920223,8.466180801391602,2377.25,298.954,False,2653.44,37.7957,2682.79,305.714,False,-87.8044,4.63297,22.959812859824183,0.13653809747617068,22.8404768446211,0.015465268051987825,22.82853328705351,0.12372371359863699,nan,nan
2012 DF111,nan,MBO,MBO,21164715216613702,745315060498825333,9.329931,2.6149404,1.6598704,224.838198460386,-39.23080367745916,2025052700808,89,60823.19212068817,i,224.83810880676972,-39.23079697068779,6.456686496734619,1940.03,301.011,False,2602.71,18.5503,2084.06,305.745,False,-45.209,4.55105,23.180478869173154,0.16846055006934527,22.861435564535377,0.007738370110704606,23.102724424155824,0.15928447419424263,nan,nan
2012 DF111,nan,MBO,MBO,21164715216613702,745319428664066311,9.546605,2.6170802,1.6648904,224.5766294896125,-39.12639842435649,2025052800585,183,60824.27046670513,g,224.57662141174796,-39.12642080881382,6.775089740753174,1141.49,165.249,False,1076.09,11.4104,979.359,166.813,False,-83.4055,2.36382,23.756319731251352,0.15717773782329922,23.820378545591367,0.01151268500626141,23.922645193487142,0.18493209920211753,nan,nan
2012 DF111,nan,MBO,MBO,21164715216613702,745319428747428168,9.546706,2.6170812,1.6648928,224.5765097137732,-39.12634878689179,2025052800586,86,60824.270954676,g,224.57650479016286,-39.12630486289949,7.460474014282227,1096.87,145.01,False,1082.16,2.70359,930.779,144.783,False,-117.607,2.4592,23.799612108704597,0.143538069040742,23.814271273161918,0.0027125243606822076,23.97788356897484,0.16888665462402735,nan,nan
2012 DF111,nan,MBO,MBO,21164715216613702,745319428916249086,9.546809,2.6170824,1.6648952,224.57638847864555,-39.12629853347689,2025052800587,152,60824.27144834303,g,224.57638831683832,-39.12629214791916,7.229580879211426,1143.31,154.949,False,1236.85,9.9262,1001.07,156.857,False,-139.458,2.67331,23.754589939156926,0.1471462124320942,23.669207437924996,0.008713453396910641,23.898838875403925,0.17012328487731607,nan,nan
2012 DF111,nan,MBO,MBO,21164715216613702,745319428998562312,9.546911,2.6170833,1.6648977,224.5762684839493,-39.12624878314869,2025052800588,53,60824.271937048456,g,224.57625449337672,-39.12627721457164,8.091398239135742,1163.66,143.126,False,1166.07,2.89595,1086.71,143.648,False,-136.35,2.49661,23.73543470309235,0.13354165577995045,23.733188494490825,0.002696440173173104,23.809715880291026,0.14351927792450156,nan,nan
2012 DF111,nan,MBO,MBO,21164715216613702,745319429444730906,9.547216,2.6170862,1.6649048,224.5759093152036,-39.12609980430437,2025052800591,136,60824.27340115506,g,224.57594651488898,-39.1261715303016,6.097869396209717,887.237,147.727,False,1108.69,13.8309,708.181,147.165,False,-163.606,2.48039,24.029900888887774,0.18077758010831035,23.787974731479608,0.013544552468913566,24.27463927668237,0.22562361098834782,nan,nan
2012 DF111,nan,MBO,MBO,21164715216613702,745319429557977128,9.547318,2.6170871,1.6649072,224.57578937350277,-39.12605003193846,2025052800592,96,60824.27389020525,g,224.5758211672694,-39.126062725900205,6.924065113067627,957.675,137.311,False,1179.75,33.728,732.882,136.575,False,-147.924,2.64926,23.946954637943016,0.15567236374366555,23.72052503496253,0.031040230057128217,24.237414833528927,0.20233054570648934,nan,nan
2012 DF111,nan,MBO,MBO,21164715216613702,745319429687476447,9.5474205,2.617088,1.6649096,224.57567018095483,-39.126000559539264,2025052800593,87,60824.27437642796,g,224.5757970207727,-39.12600305978346,9.222888946533203,1383.77,149.531,False,1599.02,1.41665,1271.64,149.661,False,-174.027,2.45472,23.547340207407604,0.11732529575284457,23.390365247267425,0.0009619068162971757,23.639089536535362,0.12778173017887598,nan,nan
2012 DF111,nan,MBO,MBO,21164715216613702,745319429838471423,9.547522,2.617089,1.664912,224.57555026606755,-39.12595077635012,2025052800594,119,60824.27486549565,g,224.57560453079395,-39.125998600510776,8.165755271911621,1216.57,147.59,False,1184.11,10.0207,1018.4,148.331,False,-185.048,2.46123,23.6871572909922,0.13171770597569318,23.71651989138738,0.009188198237756393,23.88020399735769,0.1581385764289992,nan,nan
2012 DF111,nan,MBO,MBO,21164715216613702,745319429989990927,9.547624,2.61709,1.6649144,224.57543085487333,-39.12590119133549,2025052800595,152,60824.27535262045,g,224.5752334432105,-39.1259390860035,8.354462623596191,1064.79,132.296,False,1481.34,18.8867,868.724,132.327,False,-170.427,2.78744,23.831840050671417,0.13489848455964482,23.47336314988825,0.013842854510327803,24.05279545168696,0.1653830335322916,nan,nan
2012 DF111,nan,MBO,MBO,21164715216613702,745319430124732900,9.547726,2.617091,1.6649169,224.57531023130483,-39.12585109180944,2025052800596,153,60824.27584403583,g,224.57526651784528,-39.125828770956275,5.653844833374023,864.819,149.458,False,1113.3,14.089,677.357,150.084,False,-214.809,2.60201,24.057686981849358,0.1876369035444977,23.78346942970968,0.013740174656044636,24.32295595039265,0.24056979325441907,nan,nan
2012 DF111,nan,MBO,MBO,21164715216613702,745319430239027535,9.547827,2.617092,1.6649193,224.57519182762744,-39.12580190346182,2025052800597,115,60824.276327648055,g,224.57520605986278,-39.12582422050393,8.162359237670898,1115.35,137.912,False,1225.37,3.58586,875.987,138.381,False,-183.157,2.64327,23.781472094729892,0.1342502869336597,23.679331895440583,0.0031772428391968876,24.043755847828137,0.17151539721012546,nan,nan
2012 DF111,nan,MBO,MBO,21164715216613702,745319430369051218,9.547929,2.6170928,1.6649216,224.57507196641785,-39.12575209868959,2025052800598,107,60824.276816953745,g,224.57507539875274,-39.1257494971128,11.069989204406738,1412.45,127.072,False,1480.74,1.1878,1223.74,126.659,False,-166.551,3.00938,23.52506733012524,0.09767897926039194,23.473802986242568,0.0008709412365215321,23.68077711887856,0.11237538966190808,nan,nan
2012 DF111,nan,MBO,MBO,21164715216613702,745319430534201559,9.548031,2.6170938,1.664924,224.57495162873053,-39.12570208487791,2025052800599,166,60824.27730721195,g,224.57496226348533,-39.12566355049812,5.8472442626953125,958.682,160.164,False,919.117,19.8639,685.645,161.075,False,-241.381,2.45589,23.945813559179996,0.181390548533654,23.991572997572778,0.02346486297130848,24.309751685806873,0.2550663257024372,nan,nan
2012 DF111,nan,MBO,MBO,21164715216613702,745319430609699309,9.548132,2.6170948,1.6649264,224.57483228481624,-39.12565247315421,2025052800600,54,60824.27779408576,g,224.57483873672524,-39.12566359647931,8.301878929138184,1107.86,134.071,False,1280.3,1.09042,816.558,133.294,False,-204.119,2.75278,23.78878780892773,0.13139362347687014,23.63172059486547,0.0009247117360046584,24.120032426963455,0.17723435629958625,nan,nan
2012 DF111,nan,MBO,MBO,21164715216613702,745319430761218070,9.548302,2.6170964,1.6649305,224.57463283671188,-39.12556953750751,2025052800601,87,60824.278608434885,g,224.57466523425884,-39.125568474860685,9.004351615905762,1206.23,136.834,False,1309.09,13.513,963.241,137.266,False,-226.494,2.76486,23.696424703693644,0.12316525857410018,23.607576264989206,0.011207444264847675,23.940662568897153,0.15472209820856409,nan,nan
2012 DF111,nan,MBO,MBO,21164715216613702,745319430882853112,9.548404,2.6170974,1.6649328,224.57451254917052,-39.12551950415992,2025052800602,63,60824.27909988936,g,224.57452322213896,-39.12550132834243,8.407049179077148,1097.76,131.613,False,1226.45,5.44258,952.912,132.005,False,-207.52,3.20835,23.798731485385495,0.1301714445803989,23.678375424337776,0.004818139044203207,23.95236802435657,0.15040487990494417,nan,nan
2012 DF111,nan,MBO,MBO,21164715216613702,745323768231494010,9.714175,2.618666,1.6687814,224.3896193362303,-39.04756732220381,2025052900150,3,60825.07024256581,r,224.3895906766345,-39.047558908941504,9.412338256835938,1890.44,203.665,False,2002.84,0.914523,2562.08,203.766,False,696.218,6.59814,23.208592788652552,0.11697089762507103,23.145884377562126,0.0004957613958602944,22.878518251130636,0.08635020131184502,24.293136854261384,0.010289649281889546
2012 DF111,nan,MBO,MBO,21164715216613702,745323768513036620,9.714392,2.6186678,1.6687863,224.3893820433129,-39.04747183483876,2025052900152,28,60825.07121841946,r,224.38930732968436,-39.047462243608834,6.57413911819458,1360.12,206.203,False,1792.1,84.8236,3942.45,204.817,False,2676.85,6.5476,23.566056936945106,0.1646046426891318,23.266594415208484,0.05139002043833415,22.4105845281732,0.05640584825731089,22.830939871046034,0.0026557206752769627
2012 DF111,nan,MBO,MBO,21164715216613702,745323769466716394,9.71515,2.6186745,1.668803,224.38855187192843,-39.04713758674684,2025052900159,55,60825.074632832,r,224.38832164622372,-39.04702503544468,9.159585952758789,3857.77,454.939,False,nan,nan,258881.0,444.159,False,255103.0,26.0469,22.434159165826763,0.12803866889921622,nan,nan,17.86724955620282,0.0018627844579484534,17.883211085190688,0.00011085742672456402
2012 DF111,nan,MBO,MBO,21164715216613702,745323769878807034,9.715479,2.6186776,1.6688102,224.38819095086777,-39.04699217959301,2025052900162,73,60825.07611650105,r,224.3883210590189,-39.0470243309596,5.184281826019287,2523.64,491.713,False,3243.53,0.485385,268005.0,488.976,False,265409.0,50.0752,22.894931540193966,0.21154786061358288,22.622455192309136,0.0001624773206206422,17.829642758844507,0.001980929313899801,17.840210885818507,0.00020484782600767402
2012 DF111,nan,MBO,MBO,21164715216613702,745323770017218636,9.715588,2.6186786,1.6688126,224.38807201426104,-39.046944250358,2025052900163,81,60825.07660592788,r,224.38832056026837,-39.047024784738376,7.991578578948975,3166.25,460.211,False,nan,nan,265415.0,458.634,False,262219.0,37.8287,22.648636993003485,0.15781057810896473,nan,nan,17.840186341271806,0.0018761394097878243,17.853339607928717,0.00015663239611016274
2012 DF111,nan,MBO,MBO,21164715216613702,745328180538638457,9.969577,2.620955,1.6746886,224.1223615511942,-38.93076198882143,2025053000256,67,60826.22602879508,r,224.1224033743794,-38.9307846889715,6.129674911499023,2026.74,329.476,False,2330.77,20.1112,2033.66,332.244,False,121.982,7.67578,23.13300490805217,0.1765021847086694,22.981251442084417,0.009368345284741621,23.129304115283432,0.1773793655588177,26.184260605618555,0.06832050544737961
2012 DF111,nan,MBO,MBO,21164715216613702,745328180696973428,9.969679,2.620956,1.674691,224.1222572095806,-38.93071522470002,2025053000257,113,60826.22647301195,r,224.12229751708048,-38.93074412491413,5.475069522857666,1919.39,353.017,False,2202.31,43.6446,2136.35,356.517,False,47.3808,6.30989,23.192091922202984,0.19969017917903356,23.042803844136294,0.02151673515929417,23.075818937838555,0.1811891286362239,27.21099406483369,0.14459181855875877
2012 DF111,nan,MBO,MBO,21164715216613702,745328180831191135,9.969779,2.6209567,1.6746932,224.1221549868368,-38.9306694011116,2025053000258,113,60826.22690972403,r,224.12214347325852,-38.9306602241205,7.129087924957275,2151.14,293.183,False,2534.49,71.817,2066.64,295.348,False,-2.19987,6.42772,23.068328364315853,0.14797708597520415,22.890273549121332,0.030765289575202345,23.1118379790788,0.15516491722004022,nan,nan
2012 DF111,nan,MBO,MBO,21164715216613702,745328181111685197,9.969978,2.6209586,1.6746979,224.1219505662264,-38.930577738027424,2025053000260,136,60826.22778179536,r,224.1219681577469,-38.93057840083423,5.828351974487305,1696.04,292.057,False,1792.56,18.8734,1667.96,294.111,False,-16.4103,7.804,23.326409748508034,0.18696307803579196,23.2663157116345,0.011431434779759286,23.34453594682455,0.19144761275977767,nan,nan
2012 DF111,nan,MBO,MBO,21164715216613702,745328181468725477,9.970279,2.6209612,1.6747049,224.1216435297489,-38.93043999368535,2025053000263,49,60826.22909150822,r,224.1215695269686,-38.930461490063074,5.33306884765625,1879.86,346.788,False,nan,nan,1829.33,350.925,False,-69.216,8.34338,23.214686241007904,0.20029166204555596,nan,nan,23.24426988451875,0.20827951958041435,nan,nan
2012 DF111,nan,MBO,MBO,21164715216613702,745328181918040304,9.970584,2.6209638,1.6747121,224.12133164984692,-38.93029999293002,2025053000266,138,60826.23042207907,r,224.12124487028944,-38.93026819557199,5.400215148925781,1922.27,360.529,False,2290.11,70.2316,1897.63,362.679,False,-11.609,8.85659,23.190464018573238,0.2036339198840745,23.000359091206874,0.03329664731461844,23.204471153246345,0.2075081572029234,nan,nan
2012 DF111,nan,MBO,MBO,21164715216613702,745328182204301590,9.970783,2.6209655,1.6747167,224.12112713188924,-38.93020814045219,2025053000268,172,60826.23129579838,r,224.12114467852322,-38.93018862891735,7.1504058837890625,2683.98,369.496,False,2606.53,22.6769,2766.28,369.451,False,21.1673,10.6679,22.828051819622345,0.14947026058998267,22.859843168226632,0.009445942307449502,22.795259646410344,0.14500567915849297,28.08583637487177,0.5471895683728335
2012 DF111,nan,MBO,MBO,21164715216613702,745328182550331614,9.971084,2.620968,1.6747237,224.12082006856716,-38.930070164953946,2025053000271,64,60826.23260624358,r,224.12080126077856,-38.930104073169865,5.68830680847168,2245.26,393.028,False,2477.75,48.1572,2350.86,394.716,False,133.1,7.9855,23.021833396932415,0.19005582590085232,22.914856287976683,0.021102215884315045,22.97193303414465,0.18229815298465787,26.089554811525126,0.06514008949862926
2012 DF111,nan,MBO,MBO,21164715216613702,745328182687170614,9.971186,2.6209688,1.6747261,224.120716092365,-38.93002342583849,2025053000272,69,60826.23305088536,r,224.1207358569257,-38.930061236940446,5.6648850440979,1932.66,337.289,False,1831.42,13.8055,2175.32,339.719,False,111.146,10.7498,23.184611335265988,0.1894833410328859,23.243030092486762,0.008184431123529835,23.056192083904907,0.16955905328482268,26.285265369573683,0.10501004415856995
2012 DF111,nan,MBO,MBO,21164715216613702,745328182864904351,9.971287,2.6209698,1.6747285,224.12061282773288,-38.92997699728405,2025053000273,152,60826.23349138747,r,224.12066472338313,-38.92993605589473,6.176077365875244,2223.95,357.894,False,2195.32,68.4179,2282.42,361.158,False,15.5084,13.3716,23.032187476374293,0.17472447461312643,23.046255381278197,0.03383733982435232,23.004011126595746,0.17180112260753483,28.423582517542176,0.9361397973897864
2012 DF111,nan,MBO,MBO,21164715216613702,745328182946693269,9.971387,2.6209707,1.6747309,224.12051027440535,-38.92993087935879,2025053000274,52,60826.23392916375,r,224.12057495637626,-38.92997270949898,6.850554943084717,2419.24,356.088,False,2558.09,17.8917,2531.58,358.764,False,47.7591,7.93991,22.940802617990855,0.15980954722322435,22.880210412754383,0.007593816713139996,22.891520826492012,0.15386559380321294,27.20235962228361,0.18050271763548853
2012 DF111,nan,MBO,MBO,21164715216613702,745328183104503835,9.971486,2.6209714,1.6747332,224.1204081981728,-38.92988496689408,2025053000275,97,60826.234365937315,r,224.1203166184385,-38.92999885879468,6.06189489364624,1871.56,327.36,False,nan,nan,1905.57,331.466,False,2.76784,9.93252,23.21949057940576,0.18990926123543275,nan,nan,23.199937763215043,0.18885931805243655,30.294647582523705,3.8962139537817895
2012 DF111,nan,MBO,MBO,21164715216613702,745328183247110196,9.971587,2.6209724,1.6747355,224.1203056626825,-38.92983883873004,2025053000276,113,60826.23480361281,r,224.12034829719713,-38.929858295046564,7.199365139007568,2177.78,302.793,False,2171.08,9.98612,2203.78,303.411,False,-11.7499,12.0047,23.054964972707587,0.15095800192375428,23.05831039432752,0.004993962397567012,23.042079392098458,0.14948148858130583,nan,nan
2012 DF111,nan,MBO,MBO,21164715216613702,745328183649763519,9.971889,2.620975,1.6747426,224.1199974075076,-38.9297001072449,2025053000279,113,60826.23612006681,r,224.1198976711276,-38.929734893933514,5.474201202392578,1990.62,371.789,False,2611.65,77.3623,1830.85,374.087,False,-58.802,6.40291,23.15252909475193,0.20278344456069347,22.857712604165076,0.03216167937511819,23.24336810353382,0.22184221052630593,nan,nan
2012 DF111,nan,MBO,MBO,21164715216613702,745328183916625962,9.972095,2.6209767,1.6747475,224.11978633350412,-38.92960506474928,2025053000281,110,60826.23702271472,r,224.1197741769475,-38.92960483550864,6.115330696105957,1946.06,310.464,False,1980.52,14.9293,1793.74,313.054,False,-51.0642,10.6388,23.177109402058466,0.17321253366374834,23.15805190823378,0.008184356480368098,23.26560127361752,0.18948902742625107,nan,nan
2012 DF111,nan,MBO,MBO,21164715216613702,745328188455911575,9.98033,2.6210482,1.6749415,224.11137583946137,-38.92578609088215,2025053000315,64,60826.27310868216,g,224.11143057384106,-38.92578662783274,5.4607744216918945,1194.86,215.068,False,1443.28,10.6015,1717.76,217.818,False,549.677,4.19715,23.70670745677246,0.19542633406891766,23.501623494200466,0.007975189610229203,23.312593780125383,0.1376751582767659,24.549731082971306,0.008290319489028194
2012 DF111,nan,MBO,MBO,21164715216613702,745328188614246424,9.980431,2.6210492,1.6749439,224.11127419002327,-38.925739552214345,2025053000316,110,60826.27354665327,g,224.11130891334636,-38.925783985249645,5.736055850982666,1150.26,213.844,False,1328.47,52.1403,1651.23,216.389,False,340.351,3.91836,23.74800994684872,0.20184842091125993,23.591620645297084,0.042613392474415604,23.355481086841962,0.1422826514825958,25.070182380538945,0.01249975802901822
2012 DF111,nan,MBO,MBO,21164715216613702,745328188907848018,9.980629,2.6210508,1.6749487,224.1110716200831,-38.9256467813366,2025053000318,158,60826.27441981307,g,224.11102525476988,-38.92568166181997,5.940755367279053,1302.1,215.922,False,1312.82,40.621,1519.83,218.132,False,74.4828,4.06058,23.613389173101595,0.18004326397243264,23.604487083662796,0.033594621061359874,23.44551249934568,0.15582915245315723,26.719859964927352,0.059191092144270194
2012 DF111,nan,MBO,MBO,21164715216613702,745328189031055435,9.980729,2.6210515,1.6749511,224.11097023570687,-38.92560033673552,2025053000319,137,60826.27485659001,g,224.11102188744258,-38.92572369462694,6.777626037597656,1383.87,203.9,False,1538.53,8.84842,1439.09,205.168,False,65.5804,4.33361,23.547261767211108,0.15997283437352647,23.432235056746286,0.006244304577334183,23.504780137399628,0.15479110420704092,26.858064870672575,0.07174639740587924
2012 DF111,nan,MBO,MBO,21164715216613702,745328189152166199,9.980831,2.6210525,1.6749535,224.11086538287,-38.925552293649886,2025053000320,112,60826.27530853657,g,224.11091817953803,-38.92549291998644,7.585717678070068,1599.02,212.077,False,1633.39,12.3796,1699.47,215.508,False,27.2282,4.27884,23.390365247267425,0.14400049391361633,23.367275259245332,0.008228885529083789,23.324216262275925,0.13768106367122585,27.812452633667792,0.17062058517476952
2012 DF111,nan,MBO,MBO,21164715216613702,745328189253353811,9.980932,2.6210535,1.6749558,224.1107628613719,-38.92550530936678,2025053000321,49,60826.27575044479,g,224.1107318023568,-38.9255611842155,7.051177501678467,1356.42,197.466,False,1529.15,21.9498,1381.06,199.987,False,4.42668,4.7135,23.56901450309132,0.1580601747053106,23.43887476001577,0.015584928032022115,23.549468586774445,0.15722207336291583,29.784804657339862,1.156084813944661
2012 DF111,nan,MBO,MBO,21164715216613702,745328189387047403,9.981031,2.6210544,1.6749582,224.1106612787717,-38.92545874619629,2025053000322,48,60826.27618827946,g,224.1107734745404,-38.92552693215985,5.245854377746582,999.486,195.236,False,1186.3,62.0728,997.941,195.32,False,7.37822,6.3095,23.90055818695238,0.21208379165667057,23.714513629306538,0.05681082624306691,23.902237858331905,0.21250355274236835,29.230120986394144,0.928469569149419
2012 DF111,nan,MBO,MBO,21164715216613702,745328189709484175,9.981231,2.621056,1.674963,224.1104586108277,-38.925365820512205,2025053000324,151,60826.277062799374,g,224.11044120020668,-38.92535960568301,5.315207004547119,1022.86,189.374,False,nan,nan,1065.91,190.785,False,-14.5789,5.33475,23.875459527036433,0.20101500038844466,nan,nan,23.83069862361169,0.19433364839301728,nan,nan
2012 DF111,nan,MBO,MBO,21164715216613702,745328190123671932,9.981531,2.6210587,1.6749701,224.11015191130423,-38.92522512601781,2025053000327,173,60826.27838593195,g,224.11017135670596,-38.92522579512912,5.267099380493164,1141.78,213.872,False,nan,nan,1116.25,216.051,False,-38.945,4.30857,23.75604389360626,0.2033741711463953,nan,nan,23.780596320258493,0.21014502773364388,nan,nan
2012 DF111,nan,MBO,MBO,21164715216613702,745328190224335105,9.981631,2.6210594,1.6749724,224.11005062802712,-38.92517864533838,2025053000328,109,60826.278822858694,g,224.11012630874012,-38.92511919574106,5.690302848815918,1159.91,209.653,False,nan,nan,1171.25,211.393,False,-39.5879,4.29992,23.73893923636058,0.19624612745470651,nan,nan,23.72837599026041,0.19595905175156983,nan,nan
2012 DF111,nan,MBO,MBO,21164715216613702,745328190338105366,9.98173,2.6210604,1.6749748,224.10994958767063,-38.925132267104026,2025053000329,70,60826.27925855903,g,224.10979135246436,-38.92512423831468,6.075916767120361,1334.43,216.345,False,1500.64,82.1284,1347.61,218.314,False,-71.8935,4.40344,23.58676046380226,0.17602541241524033,23.45930869311308,0.05942116656275523,23.57608944924544,0.17589021404242255,nan,nan
2012 DF111,nan,MBO,MBO,21164715216613702,745328190600773826,9.98193,2.621062,1.6749796,224.10974591888788,-38.92503875427719,2025053000331,59,60826.28013738383,g,224.10975101232108,-38.92510393859794,5.3110761642456055,1081.41,200.727,False,1053.19,18.2957,738.713,201.949,False,-73.0144,6.0245,23.815024012532916,0.20153001148337327,23.843733243295432,0.018861084007687733,24.22881062664547,0.296818037063136,nan,nan
2012 DF111,nan,MBO,MBO,21164715216613702,745328190785847640,9.982029,2.621063,1.674982,224.10964514410756,-38.9249924708209,2025053000332,156,60826.28057292808,g,224.10962503811834,-38.925000303457004,6.809820652008057,1247.71,177.689,False,1616.97,12.6461,1199.16,179.146,False,-61.0789,5.77075,23.65971589441377,0.1546219726465397,23.37824511362148,0.0084913937276557,23.702807135407074,0.16220128119054478,nan,nan
2012 DF111,nan,MBO,MBO,21164715216613702,745328191023349781,9.982227,2.6210647,1.6749866,224.1094427016933,-38.92489946673097,2025053000334,97,60826.28144648053,g,224.10941633634283,-38.924870582523816,5.700676441192627,1043.65,179.738,False,1344.69,15.3374,955.543,180.89,False,-58.1263,5.30959,23.853612780986104,0.18698611274151156,23.57844460933927,0.012383799735468668,23.949374377808457,0.2055363445643839,nan,nan
2012 DF111,nan,MBO,MBO,21164715216613702,745328191143936464,9.9823265,2.6210656,1.674989,224.10934196061527,-38.92485317177574,2025053000335,71,60826.28188199347,g,224.10936881185373,-38.92487891179388,6.7625532150268555,1340.13,193.62,False,1365.46,3.63498,1235.94,195.578,False,-63.7342,5.79858,23.58213267262427,0.15686555625042167,23.561802575132194,0.0028903296051378457,23.67000658151117,0.17180941526450405,nan,nan
2012 DF111,nan,MBO,MBO,21164715216613702,745328191567036549,9.982626,2.6210682,1.6749961,224.1090370273312,-38.92471298692165,2025053000338,110,60826.283198795936,g,224.10898975420585,-38.9245917303882,7.244885444641113,1367.29,187.331,False,1345.9,4.97891,1271.74,190.082,False,-76.631,3.04127,23.560348375242057,0.1487555941101738,23.57746799749011,0.0040164816969120685,23.639004179952316,0.16228074264615766,nan,nan
2012 DF111,nan,MBO,MBO,21164715216613702,745328192070353377,9.983033,2.6210718,1.6750058,224.1086225126478,-38.924522293417866,2025053000342,46,60826.28498947065,g,224.1085835076371,-38.92451510527306,8.388733863830566,1465.65,172.871,False,1481.17,2.33375,1396.3,173.712,False,-62.9376,5.36283,23.484924301063806,0.12806079399031775,23.473487699902435,0.0017106995166195958,23.537553116982103,0.1350751322080799,nan,nan
2012 DF111,nan,MBO,MBO,21164715216613702,745328192278495439,9.983134,2.6210725,1.6750082,224.1085190876801,-38.92447469013718,2025053000343,187,60826.28543690847,g,224.10845361269148,-38.92451273048785,5.851938247680664,1113.77,187.833,False,1198.75,20.1276,893.055,190.302,False,-61.9435,4.16446,23.78301119157664,0.18310519845870754,23.7031784495532,0.01823004273346666,24.02280449309138,0.23136063854185462,nan,nan
2012 DF111,nan,MBO,MBO,21164715216613702,745328192374964378,9.983234,2.6210735,1.6750106,224.10841752547864,-38.92442793505544,2025053000344,115,60826.28587507611,g,224.10840073694675,-38.924426087995926,6.984696388244629,1301.14,186.123,False,1287.49,1.69711,1250.27,188.275,False,-60.6025,3.08706,23.614189917094578,0.15531032675651282,23.625640346887558,0.0014311675012519554,23.657490456823073,0.16349826367960796,nan,nan
2012 DF111,nan,MBO,MBO,21164715216613702,745337014757359712,10.39642,2.6245966,1.6847438,223.71887939017776,-38.7393709365728,2025060100540,82,60828.0675382154,i,223.71888464102483,-38.73937495815798,14.895998001098633,2412.75,156.784,False,2445.05,1.90191,2264.66,155.107,False,-150.709,44.6802,22.943719189265824,0.07055271429521755,22.92928061670119,0.0008445522369026527,23.012492518767782,0.07436228229207727,nan,nan
2012 DF111,nan,MBO,MBO,21164715216613702,745337015055155402,10.396634,2.6245983,1.6847486,223.71868459277823,-38.73928012972666,2025060100542,138,60828.06841143481,i,223.71868112368813,-38.73928753850326,16.14419937133789,2472.89,151.797,False,2314.56,0.390222,2496.56,150.118,False,-36.2191,62.3452,22.916988051302894,0.0666473246493708,22.98882886397172,0.00018304911373157395,22.90664495465294,0.06528524836252782,nan,nan
2012 DF111,nan,MBO,MBO,21164715216613702,745337015188325258,10.396746,2.6245992,1.6847512,223.718583731123,-38.73923310466241,2025060100543,136,60828.06886334386,i,223.71856329491433,-38.73923076280313,12.518171310424805,2101.41,165.494,False,2061.32,0.700305,2154.18,163.547,False,36.8244,60.4061,23.093723058891083,0.08550584539137071,23.114636421413273,0.0003688638597705158,23.066795060794924,0.08242992764465752,27.484660746853454,1.7810225770303576
2012 DF111,nan,MBO,MBO,21164715216613702,745337015402234530,10.396969,2.624601,1.6847563,223.7183813297447,-38.73913872316247,2025060100545,32,60828.06977047957,i,223.71840414102655,-38.73914014969239,13.02306842803955,2043.32,155.022,False,1959.73,4.92915,2207.18,153.041,False,110.923,79.0494,23.12415906380471,0.08237231848376626,23.169509408433917,0.002730864343815124,23.04040565312509,0.07528255967173773,26.287446016799734,0.7737511480408767
2012 DF111,nan,MBO,MBO,21164715216613702,745337015983669889,10.397412,2.6246045,1.6847664,223.7179787252051,-38.73895092414811,2025060100549,117,60828.07157424242,i,223.71799007224286,-38.73895690878462,12.14448356628418,2085.68,166.238,False,1906.18,1.93748,2035.06,163.866,False,-63.3961,29.0266,23.101880844025313,0.08653802514250497,23.199590198069178,0.001103564245366133,23.128556923429862,0.08742505915822536,nan,nan
2012 DF111,nan,MBO,MBO,21164715216613702,745337016390516855,10.397736,2.624607,1.6847738,223.7176858949045,-38.73881427875511,2025060100552,125,60828.07288695569,i,223.71769153386373,-38.738810687346714,16.653072357177734,2599.52,149.68,False,2306.44,0.201841,2724.33,148.71,False,55.493,75.2946,22.862767084027173,0.06251653611243661,22.992644624323056,9.501486417804238e-05,22.81185068681024,0.05926588690390763,27.039404489934288,1.4731601240111516
2012 DF111,nan,MBO,MBO,21164715216613702,745337016476500633,10.397848,2.624608,1.6847763,223.71758344378784,-38.73876646089983,2025060100553,33,60828.07334546283,i,223.71759648470626,-38.738784015004725,12.801833152770996,2226.02,171.871,False,2130.63,1.18105,2399.37,169.389,False,129.316,47.2361,23.031177335478503,0.08382969065701865,23.07872996535861,0.0006018448783876361,22.949756885859905,0.07665002447417106,26.12086939177337,0.3965939666803158
2012 DF111,nan,MBO,MBO,21164715216613702,745337017710150279,10.401643,2.6246386,1.6848632,223.7141407838268,-38.73715634462297,2025060100562,82,60828.08876372286,i,223.7141358345359,-38.73716459528028,13.48440933227539,2622.12,193.89,False,2639.47,2.60979,2637.14,193.896,False,-61.6717,40.7893,22.853368543784125,0.08028365699114909,22.84620818652743,0.0010735274943265982,22.847167078850426,0.07982887199465796,nan,nan
2012 DF111,nan,MBO,MBO,21164715216613702,745337018008469749,10.401863,2.6246402,1.6848682,223.7139408800024,-38.73706264459546,2025060100564,139,60828.08965844477,i,223.7139463432154,-38.737075828132376,11.04608154296875,2608.94,231.15,False,2662.83,8.47776,2559.09,230.262,False,-66.2179,34.7536,22.85883979594059,0.09619536008473963,22.836641365246223,0.003456702470356232,22.87978606333487,0.09769245092466981,nan,nan
2012 DF111,nan,MBO,MBO,21164715216613702,745337018141114931,10.401975,2.6246412,1.6848708,223.71383947436144,-38.73701510415562,2025060100565,136,60828.09011267977,i,223.7138552968105,-38.737013091053434,11.734386444091797,2886.27,243.767,False,2865.71,1.54365,2772.74,242.738,False,-56.0667,38.918,22.74915760435816,0.09169850837890502,22.756919416858636,0.000584845203832804,22.792727134656843,0.09505018247500875,nan,nan
2012 DF111,nan,MBO,MBO,21164715216613702,745337018376519808,10.402192,2.6246428,1.6848757,223.71364291389727,-38.73692293635136,2025060100567,73,60828.09099264318,i,223.71363658787823,-38.736936229179676,10.978041648864746,2228.74,201.245,False,2175.87,0.438582,2195.38,198.903,False,-50.2876,34.4797,23.029851485812628,0.09803699766796306,23.05591758065187,0.00021884778681300753,23.04622579933543,0.0983684827820362,nan,nan
2012 DF111,nan,MBO,MBO,21164715216613702,745337018493436406,10.402305,2.6246438,1.6848783,223.7135408346312,-38.73687506197394,2025060100568,40,60828.09144915962,i,223.71355568026314,-38.73686439530917,11.785514831542969,2449.55,205.086,False,2440.37,3.9907,2435.98,202.499,False,-27.3146,40.2238,22.927284206698115,0.09090212049560602,22.93136075417129,0.0017754878445908893,22.93331571293009,0.09025545768151676,nan,nan
2012 DF111,nan,MBO,MBO,21164715216613702,745337018621886950,10.402413,2.6246445,1.6848809,223.7134414348293,-38.73682843824192,2025060100569,29,60828.09189424428,i,223.71344357448686,-38.7368666963757,11.35755443572998,2325.67,201.393,False,2358.98,2.00301,2399.77,198.02,False,17.4248,33.8569,22.983629809660137,0.09402008223942511,22.968189361869143,0.0009218986727410635,22.949575941590048,0.08959087168984886,28.29708044058379,2.109617296482715
2012 DF111,nan,MBO,MBO,21164715216613702,745337018757153004,10.402521,2.6246455,1.6848834,223.7133438210036,-38.73678264644413,2025060100570,31,60828.09233161195,i,223.71333336184964,-38.73677524235703,10.528914451599121,2292.82,211.895,False,2542.16,5.12084,2370.89,209.787,False,17.8026,12.8745,22.999075064205194,0.10034022334365296,22.886992835121493,0.002187069916077499,22.9627215369821,0.09607082331570042,28.273791362641923,0.7851836468066024
2012 DF111,nan,MBO,MBO,21164715216613702,745337019317092528,10.40608,2.624674,1.6849651,223.7101137358081,-38.73526402363523,2025060100574,75,60828.10679039168,i,223.710108657043,-38.73526945312783,11.3140869140625,2433.15,212.053,False,2197.6,0.240862,2443.21,209.028,False,43.8917,32.5421,22.93457783519939,0.09462368613066433,23.045128335721135,0.0001189991713147381,22.93009802417672,0.09288979289711226,27.294043976248414,0.804984415337031
2012 DF111,nan,MBO,MBO,21164715216613702,745337019994997068,10.408235,2.6246912,1.6850148,223.70815790185924,-38.734341156667895,2025060100579,88,60828.11554558946,z,223.70815555697914,-38.73435002486532,6.475133895874023,2102.03,320.936,False,1925.66,20.0098,2309.02,311.211,False,177.013,119.861,23.09340270998831,0.16576920157662328,23.188550957504376,0.011282035186878848,22.991430754179273,0.14633612769504847,25.779987090691748,0.7351857035686917
2012 DF111,nan,MBO,MBO,21164715216613702,745337020681814295,10.408818,2.624696,1.6850283,223.7076282745864,-38.73409079447108,2025060100584,118,60828.11791620572,z,223.7076422396017,-38.73406983715128,6.174569129943848,1989.49,319.516,False,2072.36,36.5104,2445.77,309.313,False,448.103,118.21,23.153145603969165,0.17437136218816904,23.108836940997634,0.019128269143787954,22.9289609573175,0.13731148362152418,24.771555378999373,0.2864182491067446
2012 DF111,nan,MBO,MBO,21164715216613702,745337020798206051,10.40893,2.624697,1.6850309,223.7075268644793,-38.73404283384739,2025060100585,84,60828.118370411685,z,223.70757204082946,-38.7340178462297,8.12881851196289,2398.72,302.465,False,2627.41,37.7395,3016.7,294.417,False,622.101,122.023,22.950051122761618,0.13690518326731627,22.851180415028104,0.015595259532760445,22.701169709340952,0.10596320246890462,24.415347728359748,0.21296347209714292
2012 DF111,nan,MBO,MBO,21164715216613702,745337021063495689,10.409145,2.6246986,1.6850358,223.7073309720394,-38.73395016824505,2025060100587,78,60828.11924738517,z,223.70734056403973,-38.73396339055295,7.515872955322266,2257.07,300.008,False,2383.58,3.99438,3122.33,295.145,False,864.889,136.663,23.01613739624723,0.1443152107291655,22.95692563262364,0.0018194660285930952,22.663802968165733,0.10263155790931562,24.057599094773757,0.17155954670640342
2012 DF111,nan,MBO,MBO,21164715216613702,745337021380165759,10.409384,2.6247005,1.6850413,223.70711498171107,-38.73384796362947,2025060100589,170,60828.12021478312,z,223.70715587415575,-38.733845560135165,5.855441570281982,2126.7,360.512,False,2002.62,50.9307,2776.95,355.017,False,577.876,100.516,23.080734447248805,0.1840508451966276,23.146003629862207,0.027612479309929466,22.79107986861657,0.13880509736462784,24.495413399078913,0.18885342794064272
2012 DF111,nan,MBO,MBO,21164715216613702,745337021650698589,10.409603,2.6247025,1.6850464,223.7069153019372,-38.73375344715927,2025060100591,174,60828.1211088643,z,223.70698606742394,-38.73377488803907,7.236400127410889,2582.97,350.713,False,2456.15,24.154,3335.17,342.95,False,759.758,41.0554,22.869701607131297,0.1474201480009632,22.92436282777053,0.010677227613735725,22.592205086338044,0.11164445992187495,24.1983118018974,0.0586704389552756
2012 DF111,nan,MBO,MBO,21164715216613702,745337021758701620,10.4097185,2.6247032,1.685049,223.70681122036,-38.733704169740925,2025060100592,124,60828.12157495939,z,223.7068333601337,-38.73368412641207,5.1023945808410645,1927.91,371.896,False,nan,nan,4518.56,364.841,False,2529.49,39.8422,23.187283090723717,0.20943972498974947,nan,nan,22.262499852262888,0.08766533613685164,22.89241758713446,0.017101518694612967
2012 DF111,nan,MBO,MBO,21164715216613702,745337021879288148,10.409838,2.6247041,1.6850519,223.7067026732797,-38.73365276976493,2025060100593,98,60828.12206085399,z,223.7066074129507,-38.733602402777564,6.932925224304199,2893.92,415.969,False,nan,nan,15101.1,407.369,False,12320.8,19.9175,22.74628372620846,0.1560625757407556,nan,nan,20.952478569366995,0.029288943881476494,21.173402747578333,0.0017551742341460714
2012 DF111,nan,MBO,MBO,21164715216613702,745337022008787240,10.40995,2.624705,1.6850544,223.706600828063,-38.73360453551707,2025060100594,89,60828.12251685461,z,223.7066102510615,-38.733582552826505,8.841209411621094,3405.92,376.394,False,4556.21,43.2916,13617.2,370.315,False,10302.2,35.1503,22.569413917868836,0.11998655750762474,22.253490677035714,0.010316306117649889,21.064780444112607,0.02952621681027602,21.367675037595898,0.003704446777126256
2012 DF111,nan,MBO,MBO,21164715216613702,745337023111365032,10.410915,2.624713,1.6850768,223.70572448843487,-38.733189183875055,2025060100602,144,60828.126440579035,z,223.70571980670422,-38.733229154015525,7.056952476501465,2619.01,371.176,False,2562.1,5.51109,7424.75,363.383,False,4952.67,27.5003,22.854657104282786,0.15387463754170574,22.87850976745944,0.0023354238700308947,21.723295412416892,0.05313823017910659,22.16290153815263,0.006028681747340615
2012 DF111,nan,MBO,MBO,21164715216613702,745337024451444854,10.424877,2.6248252,1.6854028,223.69305363813,-38.727114567030746,2025060100612,140,60828.183298175274,g,223.69311171411584,-38.7270998670749,7.74707555770874,1312.22,166.449,False,1428.14,1.7085,1383.09,168.361,False,105.788,10.2628,23.60498339247909,0.1377205919335839,23.51307303075479,0.001298878483083204,23.547873923572443,0.13216466713618685,26.338908962947674,0.105330411249774
2012 DF111,nan,MBO,MBO,21164715216613702,745337024677937478,10.4250965,2.624827,1.685408,223.69285480159093,-38.72701812656449,2025060100614,60,60828.184193467096,g,223.6928538006577,-38.727025312279984,6.992581367492676,1487.18,215.065,False,1467.74,18.3292,1709.11,216.571,False,90.1417,16.4631,23.469091120054763,0.15701115607647617,23.48337718190785,0.013558720880491539,23.318074971205306,0.1375797793519718,26.5126856303886,0.1982942859453645
2012 DF111,nan,MBO,MBO,21164715216613702,745337024812155227,10.425205,2.6248279,1.6854105,223.69275617016288,-38.72697027436897,2025060100615,60,60828.18463775038,g,223.692711033381,-38.727006508767225,6.993374824523926,1436.91,197.969,False,1526.85,5.80123,1539.41,198.344,False,47.0034,6.63943,23.506426056147465,0.14958633403985802,23.440509083809577,0.004125228734744425,23.431614217374523,0.13989077026483393,27.219676840900817,0.1533648576362007
2012 DF111,nan,MBO,MBO,21164715216613702,745337025145077867,10.425432,2.6248298,1.6854159,223.69255026385605,-38.72687034738272,2025060100617,183,60828.185564230705,g,223.6926115132257,-38.726881077153536,8.074761390686035,1520.27,188.295,False,1710.79,0.735589,1508.6,190.404,False,18.9226,5.36559,23.445198172280076,0.1344752537775657,23.31700821763145,0.00046683439851792234,23.453564759120937,0.13703336022197327,28.207547989343695,0.3078654883835105
2012 DF111,nan,MBO,MBO,21164715216613702,745337025257275680,10.425539,2.6248305,1.6854184,223.69245342843848,-38.72682333920817,2025060100618,141,60828.18600006528,g,223.69243948672266,-38.72682918820894,6.319736957550049,1111.26,166.412,False,1184.38,6.02299,1040.75,166.673,False,-29.0137,10.8581,23.785460785152416,0.1625897940191118,23.7162723328302,0.005521351697193767,23.85663395110296,0.1738774104846323,nan,nan
2012 DF111,nan,MBO,MBO,21164715216613702,745337025408794776,10.425647,2.6248314,1.6854209,223.69235637706927,-38.72677621743348,2025060100619,174,60828.18643747299,g,223.69234753161345,-38.72676932251436,7.068436622619629,1217.95,178.158,False,1357.06,28.7761,1140.48,180.311,False,-39.7583,8.11827,23.685926394152084,0.15881818111663284,23.568502329010798,0.02302274949158341,23.757280834381877,0.1716559599512245,nan,nan
2012 DF111,nan,MBO,MBO,21164715216613702,745337026047377680,10.4261875,2.6248357,1.6854337,223.6918656625046,-38.72653782389537,2025060100624,112,60828.18864795215,g,223.69189333361805,-38.726549952919875,5.894870281219482,1257.27,207.734,False,nan,nan,1226.97,209.375,False,-44.8892,15.3134,23.651428600934455,0.17939210689116641,nan,nan,23.67791516554907,0.18527431257422083,nan,nan
2012 DF111,nan,MBO,MBO,21164715216613702,745337026219868397,10.426299,2.6248367,1.6854364,223.69176465289016,-38.726488724518,2025060100625,185,60828.18910271475,g,223.69178846315526,-38.726506578548786,5.971089839935303,1275.5,216.517,False,1210.66,15.988,1137.97,220.011,False,-49.8488,12.9792,23.635798842635477,0.18430446412395898,23.69244448526379,0.014338253399366745,23.759672995401576,0.20991231404851243,nan,nan
2012 DF111,nan,MBO,MBO,21164715216613702,745337026463137949,10.426518,2.6248384,1.6854415,223.69156598365868,-38.726392126174666,2025060100627,137,60828.18999722732,g,223.69158461949007,-38.72634576352878,6.108071804046631,1304.86,214.538,False,1306.88,3.38996,1228.74,216.892,False,-55.5725,6.79794,23.611090216698322,0.1785108520566508,23.609410716606487,0.002816327700974794,23.676350017667946,0.19164957349681125,nan,nan
2012 DF111,nan,MBO,MBO,21164715216613702,745337028209541197,10.428283,2.6248527,1.6854832,223.6899671957475,-38.72561339237381,2025060100640,140,60828.19720497585,g,223.68993045399023,-38.72564714364734,10.294458389282227,1490.65,142.562,False,1650.0,1.08183,1350.7,142.595,False,-73.4438,9.61521,23.466560771157607,0.1038370633241172,23.356290139465234,0.0007118678940800358,23.573602789589586,0.11462246319659954,nan,nan
2012 DF111,nan,MBO,MBO,21164715216613702,745337028353196457,10.42839,2.6248536,1.6854857,223.68987031135387,-38.725566123875865,2025060100641,158,60828.19764152914,g,223.68980664414914,-38.7255224111348,6.641586780548096,1356.42,204.751,False,1764.59,4.04676,1251.13,205.228,False,-75.3166,6.92392,23.56901450309132,0.1638914010006267,23.283390486695435,0.0024899347827928506,23.65674390108674,0.17809777202572333,nan,nan
2012 DF111,nan,MBO,MBO,21164715216613702,745337028436033812,10.428499,2.6248543,1.6854883,223.6897705519693,-38.72551744330513,2025060100642,60,60828.19809133858,g,223.68975987889843,-38.72549602557046,9.031159400939941,1406.78,153.504,False,1556.78,1.93175,1291.91,154.191,False,-65.8787,13.3342,23.529434513931044,0.1184725717728891,23.419431870653394,0.0013472494111361401,23.621919321540652,0.12958390328236796,nan,nan
2012 DF111,nan,MBO,MBO,21164715216613702,745337028570251699,10.428606,2.6248553,1.6854908,223.6896736816449,-38.72547016339534,2025060100643,60,60828.19852822288,g,223.68969098207788,-38.725444431967325,8.805074691772461,1133.98,128.456,False,1123.53,4.87207,1066.92,126.322,False,-71.1693,17.3396,23.763486531263638,0.12299099228266624,23.773538288566865,0.0047081808894770495,23.829670314546735,0.12854980849935244,nan,nan
2012 DF111,nan,MBO,MBO,21164715216613702,745345748486324232,10.905482,2.6286976,1.6970383,223.2894278027392,-38.51625677892069,2025060300075,172,60830.145795130025,i,223.28941008131935,-38.516281612657274,11.864253997802734,2688.77,222.431,False,2672.87,5.71247,2752.96,215.118,False,50.6674,13.338,22.826115857513447,0.08981853700436067,22.832555361020404,0.0023204403076011937,22.800500262354262,0.08484009942048006,27.138178444731352,0.28581592343787876
2012 DF111,nan,MBO,MBO,21164715216613702,745345748720157084,10.905749,2.6286995,1.6970447,223.2892110616033,-38.51614259605947,2025060300077,106,60830.14683445828,i,223.28922828072294,-38.516158787153216,10.115275382995605,2493.67,239.108,False,2582.87,5.3777,2548.91,234.026,False,111.438,23.0454,22.90790258263216,0.10410688761390384,22.869743580779442,0.0022605718300638205,22.88411378457632,0.09968594845501628,26.282416692719003,0.22453045649515793
2012 DF111,nan,MBO,MBO,21164715216613702,745345748854374594,10.905873,2.6287005,1.6970477,223.28911010373096,-38.5160893942789,2025060300078,106,60830.14731800559,i,223.28908198782256,-38.51608126359441,10.124937057495117,2457.95,240.174,False,2600.8,1.76701,2387.72,234.252,False,38.2051,28.5604,22.923567411182063,0.10609068860151556,22.86223258839592,0.0007376602070160406,22.95504152039517,0.10651830171244085,27.444696619292795,0.8116471227654617
2012 DF111,nan,MBO,MBO,21164715216613702,745345749287436682,10.906266,2.6287036,1.6970572,223.28879078218495,-38.5159210563088,2025060300081,164,60830.14884984063,i,223.28876618472017,-38.51591149031614,12.931448936462402,2924.99,222.242,False,3093.15,6.00418,2812.61,218.117,False,-41.8661,19.3061,22.734689039504428,0.08249470637327656,22.6739975810273,0.002107545952291347,22.777226167215034,0.08419849161446867,nan,nan
2012 DF111,nan,MBO,MBO,21164715216613702,745345749422703157,10.906386,2.6287045,1.6970601,223.2886931807008,-38.51586958356211,2025060300082,166,60830.14931710527,i,223.28869214745703,-38.51589380174175,11.232715606689453,2818.97,242.655,False,3157.39,6.77849,2623.52,237.127,False,-71.5998,20.6479,22.77477387614876,0.09345942673327189,22.651679464068966,0.0023309291310911594,22.85278904360714,0.09813432560688293,nan,nan
2012 DF111,nan,MBO,MBO,21164715216613702,745345749558493956,10.906505,2.6287055,1.697063,223.2885964177845,-38.51581854387576,2025060300083,169,60830.149781497574,i,223.28855978812874,-38.51582549070137,11.96170711517334,3328.12,281.527,False,3535.52,3.49682,3164.8,273.78,False,-84.248,11.5064,22.594502519286877,0.0918428585812691,22.528866748159068,0.0010738516612054327,22.649134308456,0.09392468788775046,nan,nan
2012 DF111,nan,MBO,MBO,21164715216613702,745345750483861704,10.907395,2.6287122,1.6970845,223.28787209254156,-38.515436190828325,2025060300090,142,60830.153255886624,i,223.2878680842995,-38.51544633450862,9.698909759521484,2437.36,247.672,False,2654.96,9.91306,2744.14,240.932,False,393.188,18.6651,22.93270075324609,0.11032692842766852,22.839855060161575,0.004053909853531691,22.80398438162411,0.09532626358237424,24.91349939535289,0.051541185248426075
2012 DF111,nan,MBO,MBO,21164715216613702,745350152150057442,11.148488,2.6305997,1.703085,223.10123361481047,-38.410431752423406,2025060400117,134,60831.11138907884,i,223.10128429830382,-38.41047137533287,7.3298420906066895,2683.58,364.732,False,3113.96,4.65585,3602.32,358.534,False,1035.14,8.68648,22.828213602051996,0.1475650884541279,22.66671743964429,0.0016233429139322383,22.508544256174034,0.10806184162947734,23.862502257216807,0.009111062490029609
2012 DF111,nan,MBO,MBO,21164715216613702,745350152259109015,11.1486225,2.6306007,1.7030883,223.1011293678771,-38.41037476613819,2025060400118,86,60831.111906898586,i,223.1011392590652,-38.410340806393954,6.622076511383057,2349.81,354.045,False,2410.82,10.0311,6222.58,352.525,False,3977.26,8.84986,22.97241810372331,0.1635874728626424,22.944588004992372,0.004517603318073679,21.915073764414316,0.061509718501024484,22.401040041195266,0.002415887719987769
2012 DF111,nan,MBO,MBO,21164715216613702,745350152389132631,11.148757,2.630602,1.7030915,223.10102572792223,-38.41031810213752,2025060400119,78,60831.11242028263,i,223.10093293242804,-38.41023463002513,5.812765598297119,2290.83,377.644,False,2963.9,123.952,14415.1,376.528,False,12439.1,8.42774,23.000017808311433,0.17898393283013028,22.720341168899303,0.04540611433032525,21.00295588064825,0.028359852461496617,21.163027636096913,0.0007356081095096463
2012 DF111,nan,MBO,MBO,21164715216613702,745350154004464051,11.150335,2.6306138,1.7031301,223.09980580132063,-38.4096503971501,2025060400131,87,60831.11847171503,i,223.09978638138838,-38.40964206069511,6.929855823516846,2583.82,358.375,False,2615.56,26.0446,4641.4,354.841,False,2048.73,8.77548,22.8693443323807,0.1505912571641486,22.856088258087354,0.010811284779557364,22.233377528047956,0.083005931927789,23.121288192967192,0.004650616105846453
2012 DF111,nan,MBO,MBO,21164715216613702,745350154316939456,11.150607,2.6306157,1.7031367,223.099595558776,-38.40953518787204,2025060400133,171,60831.11951485122,i,223.0995929432986,-38.40951046534457,6.60562801361084,2418.51,368.569,False,nan,nan,3367.33,369.047,False,1016.47,8.64903,22.94113027701817,0.16546084403237646,nan,nan,22.581785775942347,0.11899269649253301,23.88226361770152,0.009238408400097882
2012 DF111,nan,MBO,MBO,21164715216613702,745350155497636050,11.151793,2.6306248,1.7031658,223.09867994017716,-38.40903296521961,2025060400142,119,60831.12405712095,i,223.098687686749,-38.40900144930839,7.972113132476807,3044.51,379.85,False,3498.98,10.5081,6191.57,378.327,False,3228.29,8.6476,22.69120648432515,0.13546248909719708,22.54014635585105,0.00326067145133828,21.920498062603084,0.06634235392526312,22.627568634762,0.0029083547263482577
2012 DF111,nan,MBO,MBO,21164715216613702,745350155636572475,11.151922,2.6306257,1.7031689,223.0985797867177,-38.40897798255,2025060400143,128,60831.12455407015,i,223.09857262110853,-38.40896442527113,6.851232051849365,2546.23,360.859,False,2801.34,7.37272,6103.04,359.481,False,3571.86,9.31001,22.885255931460676,0.15387364600242784,22.781585409547226,0.002857499812565939,21.936134452100625,0.06395198468400086,22.51776389669029,0.0028299582212850272
2012 DF111,nan,MBO,MBO,21164715216613702,745350157269205111,11.153964,2.630641,1.7032189,223.09700214677864,-38.408110608851096,2025060400155,170,60831.13238587051,z,223.09708315695573,-38.40816302462757,5.5009870529174805,3089.87,569.364,False,3495.37,121.719,2709.33,558.661,False,-426.023,19.1738,22.675149439443,0.20006637815981856,22.54126707744833,0.03780850742497778,22.81784520394007,0.22387766276500862,nan,nan
2012 DF111,nan,MBO,MBO,21164715216613702,745350161148411977,11.158063,2.630672,1.7033198,223.0938366036793,-38.4063626928406,2025060400184,145,60831.148113354415,z,223.09394235423818,-38.40632164536673,6.155887126922607,3611.72,587.702,False,3650.83,42.9053,3229.21,577.656,False,-482.719,17.8795,22.505714823563068,0.1766718828736741,22.494020950253727,0.012759793455616035,22.627259291365334,0.19422151146697655,nan,nan
