provid,permid,orbit_class,population,ssObjectId,diaSourceId,phaseAngle,helioRange,topoRange,ephRa,ephDec,visit,detector,midpointMjdTai,band,ra,dec,snr,psfFlux,psfFluxErr,psfFlux_flag,trailFlux,trailFluxErr,scienceFlux,scienceFluxErr,forced_PsfFlux_flag,templateFlux,templateFluxErr,psfMag,psfMagErr,trailMag,trailMagErr,scienceMag,scienceMagErr,templateMag,templateMagErr
2018 FU45,nan,MBO,MBO,21164741019055445,745284180472496136,27.787252,2.1707385,1.9085488,149.31632546610314,2.5555741115608046,2025052000110,57,60815.997173178526,g,149.31635456925196,2.5556014275064376,8.196511268615723,1770.19,209.696,False,2017.53,21.2656,1890.92,211.441,False,-47.0689,19.8409,23.2799503283344,0.12861588066890806,23.137949981092333,0.011444108252479978,23.208317086411306,0.12140605488642417,nan,nan
2018 FU45,nan,MBO,MBO,21164741019055445,745284180739358807,27.787271,2.1707387,1.9085644,149.31671211910876,2.5554526935071644,2025052000112,54,60815.99852844935,g,149.31671340452127,2.5554342449443466,10.352100372314453,2095.65,194.765,False,2497.75,3.41132,1877.91,196.728,False,-36.7443,18.0822,23.09670317132458,0.1009058865321627,22.90612758089136,0.0014828520062540285,23.215813043746678,0.11374065038052798,nan,nan
2018 FU45,nan,MBO,MBO,21164741019055445,745284180875673635,27.787277,2.170739,1.9085699,149.31684795465983,2.555410038844698,2025052000113,58,60815.999004494544,g,149.3168430463257,2.5553854020327402,10.644339561462402,1544.98,144.896,False,1704.2,0.418789,1465.75,144.963,False,-37.094,9.49416,23.42769285925204,0.10182580413485101,23.321198628682495,0.00026680811626739176,23.48485024285791,0.10737954949145039,nan,nan
2018 FU45,nan,MBO,MBO,21164741019055445,745284181010939919,27.787285,2.170739,1.908576,149.317000060702,2.5553622755255434,2025052000114,60,60815.99953748862,g,149.3169813591168,2.5553416307526176,13.689043045043945,1947.91,140.602,False,1927.43,2.14266,1924.17,138.865,False,-41.4982,13.0159,23.176077763101397,0.07836947529235992,23.18755343376133,0.001206976837487626,23.189391377154152,0.0783562578121863,nan,nan
2018 FU45,nan,MBO,MBO,21164741019055445,745284181144109070,27.787296,2.1707392,1.9085848,149.31721838314036,2.5552937204238364,2025052000115,58,60816.000302056374,g,149.31724827183052,2.5552802757738,13.352750778198242,1904.81,139.762,False,2137.03,10.9076,1853.36,137.505,False,-15.7312,13.3732,23.20037081062356,0.07966393058869112,23.07547343784404,0.005541698760445401,23.230100544434087,0.08055324562777445,nan,nan
2018 FU45,nan,MBO,MBO,21164741019055445,745284181277802573,27.787304,2.1707392,1.9085909,149.3173705015461,2.5552459546982207,2025052000116,57,60816.00083512574,g,149.31739671509254,2.5552689850940147,13.039082527160645,1930.37,143.235,False,2122.98,7.40514,1951.88,141.823,False,-20.1991,11.3686,23.185898603857154,0.08056249648750397,23.082635252942215,0.0037871428792416646,23.17386721208711,0.0788892571580385,nan,nan
2018 FU45,nan,MBO,MBO,21164741019055445,745284181413593100,27.787313,2.1707394,1.908599,149.31757114577016,2.555182952654514,2025052000117,60,60816.00153897185,g,149.31756359352175,2.5551439327124927,12.45036506652832,1810.45,143.946,False,1837.34,2.49202,1841.11,144.782,False,-1.19986,11.2165,23.25553369124379,0.08632516060507404,23.239526195218822,0.0014726051083476827,23.237300666430745,0.08538058993205008,nan,nan
2018 FU45,nan,MBO,MBO,21164741019055445,745284181546762289,27.78732,2.1707394,1.9086051,149.31772327604074,2.5551351846805974,2025052000118,58,60816.002071902825,g,149.31773467394302,2.5551123911184788,11.19500732421875,1627.2,140.972,False,1852.81,14.3681,1640.53,139.673,False,19.6487,9.22446,23.3713976936335,0.09406244406501472,23.23042275058665,0.008419625353289528,23.362539539012317,0.09243844045842144,28.166665406013745,0.509719698774529
2018 FU45,nan,MBO,MBO,21164741019055445,745284181682552836,27.787327,2.1707397,1.9086113,149.31787569686628,2.5550873261349367,2025052000119,61,60816.00260581951,g,149.31789817615066,2.5550698900828346,12.092446327209473,1634.18,132.918,False,1580.19,4.87714,1644.74,130.551,False,5.23039,7.98175,23.366750236667638,0.08830965947792133,23.403226767508443,0.0033510449496976513,23.35975687001687,0.08618015159992641,29.603664802811224,1.6568697259049643
2018 FU45,nan,MBO,MBO,21164741019055445,745284181816770580,27.787336,2.1707397,1.9086187,149.3180615204224,2.555028980394551,2025052000120,61,60816.003256159864,g,149.31805215230207,2.5550320221176746,13.11674690246582,1612.33,120.489,False,1495.42,2.54512,1582.02,118.758,False,-36.4658,18.2219,23.381365192570858,0.0811367842921198,23.463092006400515,0.0018478613694884053,23.401970062656947,0.08150330724327924,nan,nan
2018 FU45,nan,MBO,MBO,21164741019055445,745284181950988350,27.787344,2.1707397,1.9086249,149.3182142384606,2.554981030044908,2025052000121,61,60816.003791225885,g,149.31823258405942,2.554986882810422,13.655877113342285,1612.53,115.082,False,1473.77,0.815523,1555.07,113.644,False,-72.2911,24.8876,23.381230472450348,0.07748611960155212,23.478925706119743,0.0006008012552738471,23.420625179608642,0.0793452426366071,nan,nan
2018 FU45,nan,MBO,MBO,21164741019055445,745284182085206081,27.78735,2.17074,1.9086304,149.31835126101583,2.554938008357294,2025052000122,61,60816.00427132496,g,149.3183754237017,2.554920610322834,13.406608581542969,1750.3,128.301,False,1650.96,0.758503,1742.23,126.975,False,-53.1823,8.28126,23.292218737740797,0.07958694586874981,23.355658647786015,0.0004988214187569659,23.297236292873087,0.07912925072347203,nan,nan
2018 FU45,nan,MBO,MBO,21164741019055445,745284182217850911,27.787357,2.17074,1.9086359,149.31848714598777,2.5548953444135694,2025052000123,58,60816.00474765939,g,149.3184981969159,2.5548779073827994,13.706751823425293,1851.26,133.584,False,1812.15,4.58838,1790.74,132.436,False,-29.8369,11.1079,23.231331450583692,0.07834501043273959,23.254514626915558,0.0027490936555949123,23.267418669386252,0.08029672975075632,nan,nan
2018 FU45,nan,MBO,MBO,21164741019055445,745284182352068654,27.787363,2.17074,1.9086413,149.31862360622725,2.554852500433536,2025052000124,58,60816.00522575411,g,149.31861497582574,2.5548422610123858,12.950053215026855,1875.34,143.656,False,1883.69,0.817566,1828.66,142.776,False,-14.5054,7.63299,23.217299977312315,0.08317026749027012,23.212476453191833,0.00047123518691575807,23.244667566548568,0.08477085435969214,nan,nan
2018 FU45,nan,MBO,MBO,21164741019055445,745284182485762110,27.787374,2.1707401,1.9086515,149.31887512717876,2.5547735327712795,2025052000125,57,60816.00610655401,g,149.31888646996143,2.554781354629008,13.43083667755127,1878.6,137.654,False,1961.64,2.63155,1854.41,135.908,False,5.90994,12.8151,23.215414219108702,0.07955708560984147,23.168451720213834,0.0014565206501862592,23.229485578536025,0.07957260722570043,29.471042363557206,2.3543078746183155
2018 FU45,nan,MBO,MBO,21164741019055445,745284182620504135,27.787384,2.1707404,1.9086596,149.3190775536644,2.5547099803356854,2025052000126,58,60816.00681531953,g,149.3190927506065,2.5547098336705396,12.338950157165527,1714.62,134.743,False,1740.2,1.59851,1771.02,133.998,False,15.6068,10.2274,23.314580290088436,0.08532231616668219,23.298502119664874,0.0009973337884189438,23.279441323841848,0.08214841139769402,28.41671533208474,0.7115012824681997
2018 FU45,nan,MBO,MBO,21164741019055445,745284182756818957,27.787392,2.1707404,1.9086658,149.31922973697593,2.554662202804082,2025052000127,62,60816.0073481772,g,149.3192370648348,2.554674492445731,12.90906810760498,1709.66,129.355,False,1640.62,0.835394,1741.13,128.107,False,1.45612,11.6672,23.317725601151857,0.08214814601729253,23.36247999943162,0.0005528504716001083,23.297922000559183,0.07988513308098455,30.992007071910542,8.699490028837689
2018 FU45,nan,MBO,MBO,21164741019055445,745284182889988158,27.787401,2.1707406,1.9086732,149.31941504836348,2.5546040258687075,2025052000128,60,60816.00799732409,g,149.3194306336089,2.5545963485793775,12.259180068969727,1812.56,146.742,False,1852.03,0.339854,1776.47,145.906,False,4.14996,7.51977,23.25426898577694,0.08789949120556467,23.230879939583104,0.00019923639922957243,23.27610532347372,0.08917428139270744,29.85489021245875,1.9673651354675674
2018 FU45,nan,MBO,MBO,21164741019055445,745284183045177349,27.787407,2.1707406,1.9086787,149.31955125328642,2.5545612662487773,2025052000129,100,60816.0084747443,g,149.31953556222606,2.554582523683663,10.379260063171387,1640.94,158.903,False,1665.52,5.05572,1671.14,159.088,False,3.45085,11.2241,23.362268284712137,0.105138972889095,23.34612535681703,0.003295774305049532,23.342467904228545,0.10335914228924689,30.055184791919412,3.531423221350177
2018 FU45,nan,MBO,MBO,21164741019055445,745284183157375014,27.787415,2.1707406,1.9086854,149.31972001658522,2.554508286290597,2025052000130,58,60816.00906569423,g,149.31974146289375,2.554505120115152,9.01213550567627,1804.61,198.321,False,1963.69,11.7736,1839.74,199.13,False,19.8604,6.26496,23.259041609758413,0.11931901667613558,23.167317711136732,0.006509695397042859,23.238108878326162,0.11751804978016993,28.155030063231294,0.34249531467588906
2018 FU45,nan,MBO,MBO,21164741019055445,745284183293689887,27.787422,2.1707408,1.9086909,149.31985566040495,2.554465704287538,2025052000131,62,60816.00954093928,g,149.3198629535561,2.554450396521435,9.446390151977539,1588.41,167.301,False,1711.99,9.63545,1601.16,167.231,False,29.5991,12.5455,23.39759344527085,0.11435633326222917,23.316246947276085,0.006110758455427405,23.38891314664192,0.11339825528387008,27.721803730962126,0.46018640058177074
2018 FU45,nan,MBO,MBO,21164741019055445,745284183427383328,27.78743,2.1707408,1.9086977,149.32002443637526,2.55441272220286,2025052000132,61,60816.01013182878,g,149.3200042718365,2.5543929486909724,8.356256484985352,1455.28,168.944,False,1370.39,15.1194,1445.3,169.021,False,9.45156,12.5814,23.49263357601326,0.1260435201123141,23.557889536298138,0.011978838013453128,23.500104956623108,0.12697170734344174,28.961241258526897,1.4452726711284543
2018 FU45,nan,MBO,MBO,21164741019055445,745284183560028211,27.787437,2.170741,1.9087045,149.32019321944398,2.554359738941071,2025052000133,58,60816.010722717605,g,149.32022377864186,2.554359682974622,9.376731872558594,1573.5,166.866,False,1695.69,4.71984,1586.87,166.96,False,-6.16925,10.1406,23.407833131876902,0.11513978686201115,23.326633889995787,0.003022074435627248,23.39864662879015,0.1142340107215394,nan,nan
2018 FU45,nan,MBO,MBO,21164741019055445,745284183696343088,27.787445,2.170741,1.9087107,149.32034573003648,2.554311864745664,2025052000134,62,60816.01125654897,g,149.32037242550103,2.55432467575894,9.453548431396484,1378.4,149.561,False,1353.98,3.63226,1365.9,150.143,False,-7.50758,10.2373,23.551561819669633,0.11780600310510844,23.57096939236985,0.002912654792057243,23.561452718023947,0.11934672663361325,nan,nan
2018 FU45,nan,MBO,MBO,21164741019055445,745284183830036497,27.78745,2.170741,1.9087161,149.32048082397793,2.5542694585038865,2025052000135,61,60816.011729216334,g,149.32048791639872,2.5542344741129477,12.285415649414062,1656.17,135.329,False,1806.47,2.73726,1693.27,134.655,False,-7.63391,10.7624,23.35223768736238,0.08871769519791523,23.257923133491104,0.001645165678981848,23.32818445256909,0.08634169721307475,nan,nan
2018 FU45,nan,MBO,MBO,21164741019055445,745284184098472007,27.787466,2.1707413,1.9087282,149.32078301707992,2.554174602082811,2025052000137,61,60816.01278751195,g,149.3208019944687,2.5541409848077987,11.975076675415039,2051.25,171.255,False,2066.09,0.889489,1998.85,170.389,False,-46.7648,10.9014,23.119953514847126,0.09064607388046302,23.112126864566655,0.000467428991285216,23.148049501973624,0.09255197572071161,nan,nan
2018 FU45,nan,MBO,MBO,21164741019055445,745284184253661196,27.787474,2.1707416,1.908735,149.32095183270334,2.5541216135423648,2025052000138,101,60816.013378554475,g,149.3209609495623,2.5541120437105462,11.959935188293457,1899.46,155.669,False,1977.04,0.810026,1859.0,155.367,False,-43.1678,14.2366,23.203424641463165,0.08898080487411482,23.159961338137386,0.0004448440733477475,23.226801525570252,0.09074103372563634,nan,nan
2018 FU45,nan,MBO,MBO,21164741019055445,745284184367431709,27.78748,2.1707416,1.9087405,149.3210869475321,2.554079203971134,2025052000139,62,60816.013851595686,g,149.32110740174087,2.5540752544515364,10.051643371582031,1646.9,161.67,False,1538.18,3.36826,1580.93,161.853,False,-38.1526,9.62628,23.358331910034245,0.1065826508185615,23.43248206160266,0.002377512124794056,23.40271836115835,0.11115587188078618,nan,nan
2018 FU45,nan,MBO,MBO,21164741019055445,745284184499028000,27.787489,2.1707416,1.9087478,149.32126663216306,2.5540228060736245,2025052000140,57,60816.014480708174,g,149.32128216142826,2.554011793573786,11.895977973937988,1942.6,158.593,False,1853.74,2.35791,1911.63,159.19,False,-49.8072,10.3098,23.179041552645796,0.08863902326955198,23.22987795261654,0.0013810287196880083,23.196490403563963,0.09041412231692042,nan,nan
2018 FU45,nan,MBO,MBO,21164741019055445,745284184633770010,27.787495,2.1707418,1.9087533,149.32140290086568,2.55398003609195,2025052000141,58,60816.01495770269,g,149.32142342776106,2.553965942619314,11.68658447265625,1619.78,137.61,False,1634.46,2.9112,1561.41,136.336,False,-65.3892,7.81978,23.376359899675855,0.092239783857752,23.366564284461685,0.0019338468762540352,23.416207585076485,0.09480208681971085,nan,nan
2018 FU45,nan,MBO,MBO,21164741019055445,745284189467181060,27.788116,2.1707504,1.9093124,149.3352816524946,2.5496295992067286,2025052000177,61,60816.06343342403,r,149.3352876205881,2.5496266082565238,14.116613388061523,3138.82,218.071,False,3265.1,4.87831,3234.7,218.379,False,67.5067,9.74205,22.658083948372038,0.07543203300079976,22.615258750219283,0.0016221732405201428,22.625414995056893,0.07329952943157118,26.826632826280864,0.15668514084021057
2018 FU45,nan,MBO,MBO,21164741019055445,745284189601398792,27.788122,2.1707504,1.909318,149.33541855989512,2.549586754641967,2025052000178,61,60816.0639107544,r,149.33543502972248,2.5495879710425484,11.605208396911621,2985.18,252.914,False,2932.48,10.8102,3147.17,249.529,False,98.5225,6.53702,22.712573716643433,0.09198704747077513,22.731912360138182,0.004002422970965161,22.65519952010777,0.08608454062443624,26.416161451358853,0.07203917455742188
2018 FU45,nan,MBO,MBO,21164741019055445,745284189869834294,27.788183,2.1707513,1.9093763,149.3368670271878,2.54913356612284,2025052000180,61,60816.06895572477,r,149.33693014822944,2.5491391956077427,7.528172492980957,2926.98,378.002,False,3475.39,15.034,2949.47,382.251,False,-53.3213,7.12863,22.73395061995044,0.1402163578103634,22.547491165672675,0.004696727284594673,22.725640052834656,0.14071130128955314,nan,nan
2018 FU45,nan,MBO,MBO,21164741019055445,745284190025023493,27.788189,2.1707513,1.9093821,149.33701263909958,2.5490880184632814,2025052000181,101,60816.069462385756,r,149.33700999244948,2.5491166183015217,8.738482475280762,3506.32,400.944,False,3442.4,4.37014,3451.61,405.373,False,-38.6564,7.32721,22.53787110653129,0.12415278943696201,22.557846698114624,0.0013783463382053926,22.554945669818544,0.1275138597522446,nan,nan
2018 FU45,nan,MBO,MBO,21164741019055445,745284190158716946,27.788195,2.1707516,1.9093882,149.33716084463407,2.5490416615388503,2025052000182,100,60816.06997807289,r,149.3371617746501,2.549015033295666,10.718366622924805,2993.95,282.529,False,3034.51,1.01159,2866.38,284.215,False,-62.0598,8.61718,22.70938865970816,0.1024572755672097,22.694778563971592,0.0003619430775130419,22.756665632128396,0.10765583212106031,nan,nan
2018 FU45,nan,MBO,MBO,21164741019055445,745284190292934683,27.7882,2.1707516,1.909394,149.33730762307633,2.548995753014718,2025052000183,100,60816.07048924177,r,149.33730254475842,2.5489789955388322,11.822179794311523,3814.02,319.128,False,3727.14,5.07403,3692.71,322.471,False,-71.3789,7.42197,22.446542579254704,0.09084609197250318,22.471560765878642,0.0014780926258868496,22.481637005250448,0.0948134168133069,nan,nan
2018 FU45,nan,MBO,MBO,21164741019055445,745284190563467266,27.788212,2.1707518,1.9094055,149.33759057752425,2.54890725784978,2025052000185,104,60816.071474644064,r,149.3376057019805,2.548900498478411,11.7640380859375,3558.8,301.752,False,4035.96,4.43481,3348.37,304.83,False,-93.8788,6.8641,22.521741030362705,0.09205998711286185,22.385132877166953,0.0011930331322091883,22.58791635655951,0.09884359886577916,nan,nan
2018 FU45,nan,MBO,MBO,21164741019055445,745284190675664934,27.78822,2.1707518,1.9094113,149.33773652023586,2.5488616166263927,2025052000186,62,60816.07198260975,r,149.33770118269058,2.548844453027174,8.525510787963867,3720.55,425.921,False,3650.73,14.0923,3732.73,430.559,False,-80.3924,10.2322,22.473482122397655,0.12429286883117673,22.494050719138333,0.004191085303704481,22.46993356271023,0.12523635159592514,nan,nan
2018 FU45,nan,MBO,MBO,21164741019055445,745284191098241029,27.788237,2.170752,1.909429,149.33817354019777,2.5487249578459164,2025052000189,100,60816.073503021646,r,149.33829539929454,2.54861243915936,5.5317487716674805,2291.79,473.418,False,3121.67,119.251,2176.05,473.861,False,-7.04004,10.977,22.999562931261362,0.22428191633088318,22.66403255033873,0.041476238935419234,23.055827800375916,0.2364320782891547,nan,nan
2018 FU45,nan,MBO,MBO,21164741019055445,745284191904071731,27.788273,2.1707528,1.9094656,149.3390820300337,2.548440926725633,2025052000195,101,60816.07666423876,r,149.33906267585874,2.5484236119936194,8.597716331481934,3338.62,386.734,False,3674.67,8.26166,3237.65,388.993,False,-81.9465,11.1904,22.591082485154587,0.12576786223502898,22.48695416358985,0.002441030937174816,22.62442528681063,0.1304476421771672,nan,nan
2018 FU45,nan,MBO,MBO,21164741019055445,745284192038289417,27.78828,2.1707528,1.9094714,149.33922863992035,2.548395098063174,2025052000196,101,60816.07717479927,r,149.3392509172194,2.5484037317653283,6.623167037963867,2880.23,453.368,False,3183.82,9.24218,2740.73,454.549,False,-76.4676,8.11939,22.751432083326886,0.1709023471997441,22.642628710318576,0.00315173881719201,22.805334373727796,0.1800689312142753,nan,nan
2018 FU45,nan,MBO,MBO,21164741019055445,745284192174080014,27.788286,2.1707528,1.9094769,149.3393646217754,2.5483525935150544,2025052000197,104,60816.07764777465,r,149.33935449815843,2.5483723853094986,7.5861053466796875,4487.8,598.27,False,4716.2,17.0877,4425.4,601.892,False,-78.7536,10.0837,22.269916311676262,0.14473983882880945,22.21601942016259,0.003933830977998512,22.285118695164627,0.1476693590305168,nan,nan
2018 FU45,nan,MBO,MBO,21164741019055445,745284192306724902,27.788292,2.170753,1.9094828,149.3395109620444,2.548306853242522,2025052000198,101,60816.07815667415,r,149.33950694659174,2.5483073185758904,11.039257049560547,3579.53,322.791,False,3563.76,3.26044,3502.37,325.974,False,-70.1541,8.4601,22.515434974648244,0.09790834445646818,22.520228874623697,0.000993326672512144,22.539094903085243,0.1010520763675731,nan,nan
2018 FU45,nan,MBO,MBO,21164741019055445,745284192442515489,27.788298,2.170753,1.9094883,149.3396472480648,2.5482642574631527,2025052000199,104,60816.07863047651,r,149.33965531552772,2.548304590111846,6.83320951461792,2818.81,398.645,False,3774.63,59.5676,2712.75,400.454,False,-50.4546,7.94762,22.77483546860745,0.15354823078553845,22.45781406553898,0.01713405081561532,22.8164755696167,0.1602755200472498,nan,nan
2018 FU45,nan,MBO,MBO,21164741019055445,745284192576208900,27.788303,2.170753,1.9094942,149.33979331860596,2.548218605632311,2025052000200,103,60816.07913864023,r,149.33981201193933,2.548173020762318,8.368589401245117,3303.43,389.124,False,3282.9,14.4118,3263.29,390.086,False,-11.7483,7.42174,22.602587251217827,0.12789313410482434,22.609355897442942,0.004766338882903801,22.615860811725156,0.1297863464506883,nan,nan
2018 FU45,nan,MBO,MBO,21164741019055445,745284193514160153,27.788343,2.1707537,1.9095354,149.34081866301403,2.547898212915753,2025052000207,100,60816.08270365432,r,149.34079200503027,2.5478814378603465,7.582995414733887,3447.54,436.591,False,4271.41,21.9795,3395.36,439.703,False,-28.1241,8.66068,22.556226703276995,0.137495911203825,22.32357181011033,0.0055868993706349995,22.5727853955997,0.1406040757144097,nan,nan
2018 FU45,nan,MBO,MBO,21164741019055445,745284193916813314,27.78836,2.170754,1.9095526,149.34124446779816,2.5477651921323177,2025052000210,100,60816.08418383806,r,149.34121401083132,2.5476774723115816,5.207167148590088,4215.63,776.029,False,4185.41,75.6067,4033.96,782.48,False,63.7749,5.45396,22.33784381405007,0.19986640090606422,22.345654940432595,0.019613114433262968,22.38567104172744,0.21060368782042024,26.888375559286906,0.09285097906482324
2018 FU45,nan,MBO,MBO,21164741019055445,745284194051555345,27.788366,2.1707542,1.9095585,149.34139150425415,2.547719262559662,2025052000211,101,60816.08469416469,r,149.34128473616047,2.547718947530138,6.038900852203369,6053.61,975.824,False,7551.19,316.299,5468.02,991.957,False,68.5579,7.03645,21.944963928585622,0.17501745943867286,21.704961513554167,0.04547856572101587,22.05542476015262,0.19696409162319858,26.80985624274821,0.11143469210534312
2018 FU45,nan,MBO,MBO,21164741019055445,745297377852653613,27.792204,2.1712933,1.9431413,150.21809916828272,2.276652502466816,2025052300134,94,60819.02753780842,g,150.21812102946967,2.276642962852515,16.362621307373047,1794.27,108.193,False,1653.42,1.42491,1829.74,107.827,False,20.2302,28.7327,23.26528049859191,0.06546899674195632,23.35404200461675,0.000935682572703318,23.244026550030767,0.06398268724111963,28.13499956919499,1.5420575829822303
2018 FU45,nan,MBO,MBO,21164741019055445,745297377986871334,27.792204,2.1712933,1.9431474,150.21825554721883,2.2766026878395964,2025052300135,94,60819.02806302253,g,150.218234209563,2.276583770009812,19.093643188476562,1994.48,104.784,False,2049.63,0.63285,2005.08,102.981,False,20.3207,34.3939,23.150425796374307,0.057041323995453336,23.120811389268322,0.00033523523125835803,23.144670761124473,0.05576346360298411,28.13015335575324,1.8376682398079862
2018 FU45,nan,MBO,MBO,21164741019055445,745297378121089043,27.792204,2.1712935,1.9431535,150.2184110413365,2.2765531564790087,2025052300136,94,60819.028586217355,g,150.21843137994327,2.2765434457735285,18.74476432800293,1901.09,99.6916,False,1875.62,0.64128,1910.54,98.4462,False,5.71275,33.3272,23.202493326017866,0.05693511517216275,23.21713786523981,0.0003712164032429149,23.19710964099795,0.05594575286135918,29.50788696051231,6.333998496397754
2018 FU45,nan,MBO,MBO,21164741019055445,745297378255831075,27.792204,2.1712935,1.9431595,150.21856654248208,2.2765036242942283,2025052300137,95,60819.02910952353,g,150.21856993098004,2.276497350465462,15.406638145446777,1617.22,103.74,False,1546.54,0.0815928,1640.84,103.301,False,15.6894,30.6867,23.378077260739218,0.06964684681283966,23.426597079680924,5.7281578783327e-05,23.36233443607898,0.0683537948496027,28.410984180804732,2.1235778730911523
2018 FU45,nan,MBO,MBO,21164741019055445,745297378391097373,27.792206,2.1712935,1.9431655,150.21872175327138,2.2764541860192047,2025052300138,97,60819.029631473495,g,150.21872877573338,2.276430795631151,16.066104888916016,1691.74,102.94,False,1634.49,2.13661,1744.7,102.378,False,57.6712,28.8854,23.32916596122655,0.06606552319723842,23.366544336836114,0.0014192774994677968,23.29569812771452,0.06371038143654961,26.997602533451072,0.5438056693244261
2018 FU45,nan,MBO,MBO,21164741019055445,745297378524266542,27.792206,2.1712937,1.9431716,150.21887786328182,2.276404462765022,2025052300139,95,60819.03015675932,g,150.21887151719713,2.276395050500725,16.191200256347656,1765.55,106.925,False,1763.9,0.14973,1878.3,105.319,False,115.536,16.4034,23.282799916971555,0.06575420905469241,23.28381508439901,9.21635446135728e-05,23.215587575513347,0.060878799255388444,26.243206651621342,0.15414905517367009
2018 FU45,nan,MBO,MBO,21164741019055445,745297378659532819,27.792206,2.1712937,1.9431776,150.219033980474,2.276354738683224,2025052300140,97,60819.030681123004,g,150.21903952028754,2.276344545557342,16.897377014160156,1740.3,101.48,False,1582.78,0.566688,1965.58,101.582,False,201.033,28.1685,23.29843966906902,0.06331121680872913,23.40144859518877,0.00038872974656513213,23.166273213027342,0.05611130476133562,25.64183159017052,0.15213204069442382
2018 FU45,nan,MBO,MBO,21164741019055445,745297378793750557,27.792208,2.171294,1.9431837,150.21918980756232,2.276305108467647,2025052300141,97,60819.03120546072,g,150.2191959285355,2.276304779227187,14.532841682434082,1529.65,103.934,False,1405.6,1.64276,1854.11,104.731,False,311.334,28.2219,23.438519805067067,0.07377171434638886,23.530345647640207,0.0012689272057300708,23.22966126796193,0.06132874662626575,25.166933569373587,0.09842014733971277
2018 FU45,nan,MBO,MBO,21164741019055445,745297378926919744,27.792208,2.171294,1.9431897,150.21934504692797,2.2762556669074243,2025052300142,95,60819.03172731136,g,150.21957822224493,2.276136997757263,15.656497955322266,373.445,106.437,False,1635.59,0.51308,848.005,105.004,False,505.932,25.9795,24.96943335593357,0.3094498475433171,23.36581390615607,0.0003405924128487255,24.07900396137893,0.1344410014119275,24.639769612248838,0.05575232076957023
2018 FU45,nan,MBO,MBO,21164741019055445,745297379196403745,27.792208,2.1712942,1.9432018,150.21965733201125,2.276156212973369,2025052300144,97,60819.03277742538,g,150.21966885638267,2.27615149413148,14.666498184204102,1564.77,104.825,False,1463.51,1.25786,2079.25,104.908,False,503.809,25.8222,23.41387370853343,0.07273419923041542,23.48651075709134,0.0009331703056428064,23.105233224611435,0.054780526946815504,24.644335216944057,0.05564826908206105
2018 FU45,nan,MBO,MBO,21164741019055445,745297379330621498,27.79221,2.1712942,1.9432079,150.2198125931556,2.2761067689583694,2025052300145,97,60819.03329943505,g,150.21982579162102,2.2760885223632985,14.954890251159668,1550.1,102.425,False,1491.21,1.02385,2111.15,100.745,False,592.545,21.8081,23.424100726437025,0.07174152366767138,23.46615300998438,0.0007454557060564762,23.088702321219984,0.05181180967253314,24.46819668676252,0.03995957123066782
2018 FU45,nan,MBO,MBO,21164741019055445,745297379465363510,27.79221,2.1712945,1.9432138,150.21996815912598,2.276057229383838,2025052300146,98,60819.033822497426,g,150.21998539781117,2.2760707681223082,14.995651245117188,1677.0,110.945,False,1619.26,4.43053,2495.73,110.029,False,802.776,23.5292,23.338667343484786,0.07182886279400731,23.3767085239783,0.0029707316154440706,22.907006009749637,0.0478667440305164,24.138514048107247,0.031822705018413854
2018 FU45,nan,MBO,MBO,21164741019055445,745297381744967722,27.792217,2.1712961,1.9433168,150.2226216730385,2.275212469068015,2025052300163,94,60819.04273919154,g,150.2226368759966,2.275207629237986,13.608780860900879,1507.46,110.508,False,1461.82,1.76025,1996.76,109.927,False,503.555,30.3598,23.454385535407056,0.0795925219486437,23.48776529133983,0.0013073888677257498,23.149185324425304,0.05977269442362011,24.64488273426811,0.06546004880588498
2018 FU45,nan,MBO,MBO,21164741019055445,745297381879185466,27.792217,2.1712961,1.9433256,150.22284883046683,2.2751401746805504,2025052300164,94,60819.04350260107,g,150.2228609556601,2.2751216759026347,15.244582176208496,1894.94,123.208,False,1740.25,0.133247,2213.01,122.493,False,327.921,8.6015,23.20601137522815,0.07059399804268784,23.298470893917933,8.313236333191947e-05,23.037541554228234,0.06009691787833434,25.110576958897045,0.02847929766576271
2018 FU45,nan,MBO,MBO,21164741019055445,745297382013403193,27.792221,2.1712968,1.9433645,150.2238493593929,2.274821793871011,2025052300165,94,60819.04686286381,r,150.22384914933733,2.2748253099446196,17.208696365356445,2958.28,169.102,False,2709.78,0.16723,2997.99,168.325,False,45.9117,37.6918,22.72240179574115,0.06206314727231209,22.817664905599894,6.700457537983252e-05,22.707924553797092,0.06095969097555951,27.24519153670162,0.8913490439883146
2018 FU45,nan,MBO,MBO,21164741019055445,745297382147620916,27.792221,2.171297,1.9433705,150.22400482876412,2.274772328169276,2025052300166,94,60819.04738498699,r,150.22400935982628,2.2747611954014544,17.782629013061523,3086.5,171.424,False,2909.2,1.47091,3121.87,168.467,False,74.2842,43.6344,22.676334296742176,0.060301713523656035,22.740566070974545,0.0005489551137230376,22.663962923397115,0.05859011079002297,26.722758835843035,0.6377593832074409
2018 FU45,nan,MBO,MBO,21164741019055445,745297382281838627,27.792221,2.171297,1.9433765,150.2241609018653,2.274722672192724,2025052300167,94,60819.04790885035,r,150.22416807908152,2.274723655470085,16.379945755004883,2802.06,166.585,False,2638.87,1.40075,2878.79,165.139,False,67.481,38.8643,22.78130640100148,0.06454800010599783,22.846454962093773,0.0005763243228354593,22.751975021724313,0.06228220776850544,26.82704618040517,0.6253075025824364
2018 FU45,nan,MBO,MBO,21164741019055445,745297382416580684,27.792221,2.171297,1.9433826,150.22431728115356,2.274672920633361,2025052300168,95,60819.04843320498,r,150.22433811476998,2.27467029072582,19.366605758666992,3206.22,162.973,False,3035.9,0.560861,3164.54,161.499,False,6.99464,38.7158,22.635016712763974,0.05518825780343315,22.69428137951749,0.00020058206919604116,22.649223512705532,0.05540941226235276,29.28808660177809,6.009622777098778
2018 FU45,nan,MBO,MBO,21164741019055445,745297382551846963,27.792221,2.1712973,1.9433887,150.2244733707858,2.274623263067696,2025052300169,97,60819.0489575571,r,150.2244792588035,2.27462036834478,19.059152603149414,3199.63,165.951,False,2982.88,0.70647,3204.61,165.287,False,-12.9092,39.0978,22.637250639472594,0.05631245484278661,22.713410587079284,0.0002571474884878283,22.635562004673012,0.0559999740509747,nan,nan
2018 FU45,nan,MBO,MBO,21164741019055445,745297382685016112,27.792221,2.1712973,1.9433948,150.22463006467547,2.274573415126673,2025052300170,95,60819.04948372305,r,150.2246357112569,2.274562611188036,19.23529624938965,3125.05,159.491,False,2895.04,0.71903,3116.63,159.094,False,-26.6376,41.408,22.662857557195103,0.055411960580349494,22.745863563758753,0.0002696601488526048,22.665786923884568,0.05542336302126965,nan,nan
2018 FU45,nan,MBO,MBO,21164741019055445,745297382820282391,27.792223,2.1712976,1.9434007,150.22478587312526,2.2745238507225363,2025052300171,97,60819.05000675553,r,150.22479294191692,2.2745231113946724,16.942096710205078,3080.29,179.33,False,2976.15,1.40939,3043.29,178.901,False,-36.8148,31.2869,22.678520971383705,0.06320998124143436,22.715862995213605,0.0005141628513953634,22.691641638689035,0.06382542949720288,nan,nan
2018 FU45,nan,MBO,MBO,21164741019055445,745297382953975848,27.792223,2.1712976,1.9434069,150.22494317953416,2.274473811691504,2025052300172,96,60819.05053419755,r,150.22494473179833,2.274471607173455,18.453662872314453,3091.68,167.454,False,3085.53,3.5756,3066.98,168.14,False,-44.9976,33.2,22.6745136826777,0.05880649638788243,22.67667555636457,0.0012581819777751065,22.683222647099807,0.05952294634067018,nan,nan
2018 FU45,nan,MBO,MBO,21164741019055445,745297383089242121,27.792223,2.1712976,1.9434129,150.22509960067146,2.2744240561581672,2025052300173,98,60819.05105965396,r,150.22509799416557,2.2744363297313654,19.393226623535156,3355.74,172.97,False,3148.57,1.95355,3308.94,171.597,False,-42.926,29.0271,22.585529241465473,0.05596374963760488,22.654716593634483,0.000673651815348917,22.600777788471298,0.05630476193570268,nan,nan
2018 FU45,nan,MBO,MBO,21164741019055445,745297383222935588,27.792223,2.1712978,1.943419,150.2252557322267,2.274374394630691,2025052300174,97,60819.051583761844,r,150.22526005845415,2.274363272701112,18.485383987426758,3078.07,166.577,False,2977.66,1.11858,3094.14,165.766,False,2.88416,25.4164,22.679303745573016,0.05875716642479293,22.715312264720588,0.00040786484087523443,22.67365013706246,0.05816742648710351,30.249951610795094,9.567952631609057
2018 FU45,nan,MBO,MBO,21164741019055445,745297383357153320,27.792223,2.1712978,1.943425,150.2254118723771,2.2743247322719933,2025052300175,97,60819.05210794845,r,150.2254169208718,2.2743229127958697,18.193634033203125,3211.62,173.364,False,2895.93,3.51298,3307.76,172.046,False,91.1873,25.5761,22.633189575953928,0.05860829201790967,22.745529875757292,0.0013170793650267463,22.601165019122348,0.056472227801105675,26.500164088759405,0.30452592183708166
2018 FU45,nan,MBO,MBO,21164741019055445,745297383491371111,27.792223,2.171298,1.9434311,150.2255683189492,2.2742749743700283,2025052300176,97,60819.05263225407,r,150.22557252933422,2.2742645544600544,18.708879470825195,3081.52,162.82,False,2735.27,0.181167,3291.24,162.084,False,184.343,32.1537,22.67808751617132,0.05736765482308279,22.807499486668217,7.19123072501602e-05,22.60660112179793,0.053469351106746936,25.735933359028294,0.18937761511274667
2018 FU45,nan,MBO,MBO,21164741019055445,745297383625588841,27.792223,2.171298,1.9434372,150.22572447598168,2.274225310481412,2025052300177,97,60819.053156911876,r,150.22571953271674,2.2742236814706325,19.189828872680664,3091.27,159.295,False,2979.66,3.11719,3422.91,159.206,False,281.013,28.6998,22.6746576451623,0.055948637827222154,22.714583254845287,0.0011358497325858845,22.56401132737342,0.05049963795755287,25.27818396972378,0.1108860174035786
2018 FU45,nan,MBO,MBO,21164741019055445,745297383758233656,27.792225,2.1712983,1.9434433,150.22588064169972,2.274175645764557,2025052300178,94,60819.05368098723,r,150.22589114538812,2.274171817067756,18.199462890625,3073.69,165.96,False,3030.89,1.33466,3337.35,164.712,False,253.338,26.2579,22.680849860249317,0.05862295523168785,22.696074601438518,0.0004781066921664927,22.591495580527422,0.05358556418170675,25.390749166863962,0.11253405820620047
2018 FU45,nan,MBO,MBO,21164741019055445,745297383892451395,27.792225,2.1712983,1.9434494,150.2260374119622,2.2741257907422265,2025052300179,94,60819.05420634805,r,150.2260451728099,2.2741179668811022,18.366544723510742,3091.19,163.913,False,2903.36,2.71943,3208.9,162.48,False,121.625,27.684,22.674685771092783,0.05757209223865915,22.74274773683571,0.0010169539654950124,22.634109574928566,0.05497535581633034,26.18744286680898,0.2471327532093819
2018 FU45,nan,MBO,MBO,21164741019055445,745297384026669103,27.792225,2.1712983,1.9434553,150.22619329675933,2.274076219262166,2025052300180,94,60819.05472985945,r,150.22618523498986,2.2740713365192753,18.598491668701172,3199.85,170.566,False,3019.44,2.25627,3291.75,169.19,False,65.0432,28.1663,22.637175916142102,0.05787448462264498,22.70018401091268,0.0008113140185574071,22.606432889408318,0.05580487920824822,26.866995290624253,0.4701670978983336
2018 FU45,nan,MBO,MBO,21164741019055445,745297384160886849,27.792225,2.1712985,1.9434614,150.2263497863321,2.2740264574320768,2025052300181,94,60819.05525411703,r,150.2263547583056,2.274033462208891,16.33412742614746,2861.82,174.288,False,2798.19,1.82375,2862.55,173.254,False,10.1689,24.9197,22.758394187949296,0.06612253078045674,22.78280702222947,0.0007076401050678118,22.758117278451216,0.06571348441943298,28.881815108166176,2.660683300243806
2018 FU45,nan,MBO,MBO,21164741019055445,745297384297201703,27.792225,2.1712985,1.9434675,150.22650479402282,2.273977168777552,2025052300182,98,60819.05577405935,r,150.22651429443692,2.273966272158393,15.830530166625977,2909.31,182.508,False,2772.56,1.99043,2931.31,181.722,False,24.8412,27.318,22.740524978800035,0.06811083538565012,22.79279759371044,0.0007794535972497036,22.732345604352187,0.06730852444461148,27.91206857694987,1.1939899301346995
2018 FU45,nan,MBO,MBO,21164741019055445,745297384430370824,27.792225,2.1712987,1.9434736,150.22666130094186,2.2739274053889167,2025052300183,96,60819.05629904333,r,150.22668447518726,2.273905330721953,16.66298484802246,3051.35,178.872,False,2796.62,0.731524,3061.75,178.003,False,8.09305,25.8311,22.688769901446744,0.06364651505325328,22.783416306554148,0.00028400070370518816,22.68507568371312,0.06312217135619598,29.12971944075766,3.4654130360975794
2018 FU45,nan,MBO,MBO,21164741019055445,745297384564588588,27.792225,2.1712987,1.9434797,150.2268178166201,2.273877641218803,2025052300184,96,60819.056824495594,r,150.2268197826641,2.2738759018399572,17.573671340942383,3000.77,168.098,False,2849.74,4.18166,3017.25,167.175,False,-2.38194,26.2394,22.706918219598332,0.06082108631423051,22.762986907836385,0.0015931909100136998,22.700971760092592,0.06015674980324608,nan,nan
2018 FU45,nan,MBO,MBO,21164741019055445,745297384697757749,27.792225,2.1712987,1.9434856,150.22697314847747,2.273828255435452,2025052300185,94,60819.05734536407,r,150.22697815883689,2.2738176442137785,20.35315704345703,3466.65,169.49,False,3370.37,1.97097,3562.19,169.675,False,30.1292,27.7335,22.550225039035766,0.0530833630428525,22.58080601115545,0.0006349313133726666,22.520707317526323,0.051716022134129624,27.702530999903104,0.9994047150067581
2018 FU45,nan,MBO,MBO,21164741019055445,745297384831975487,27.792227,2.1712995,1.9435202,150.22786476112108,2.273544817423235,2025052300186,94,60819.060335375776,i,150.2278782236954,2.2735229362769522,15.71367073059082,4294.98,273.611,False,4274.25,0.821847,4230.77,272.575,False,-45.4307,11.6314,22.317597140345647,0.06916664614357827,22.322850199086172,0.00020876389216862887,22.333951454612638,0.06995051914884094,nan,nan
2018 FU45,nan,MBO,MBO,21164741019055445,745297384966193221,27.792227,2.1712995,1.9435263,150.22802074858808,2.273495236883351,2025052300187,94,60819.06085855108,i,150.22803980733946,2.2734758214708206,14.056243896484375,3675.69,258.882,False,3605.0,2.78912,3659.24,255.738,False,-44.342,12.8302,22.486652825379927,0.0764693301617982,22.507736827361377,0.0008400134587425453,22.491522766242078,0.07588024109662252,nan,nan
2018 FU45,nan,MBO,MBO,21164741019055445,745297385100410927,27.792227,2.1712997,1.9435323,150.22817763991932,2.273445371145151,2025052300188,94,60819.06138473396,i,150.22820054355904,2.273431533176602,18.053009033203125,4316.62,232.967,False,4297.88,0.71117,4245.65,232.198,False,-87.1215,51.9764,22.312140424032584,0.058596933336302205,22.316864315853106,0.00017965672774247147,22.3301395518905,0.059379783767069025,nan,nan
2018 FU45,nan,MBO,MBO,21164741019055445,745297385235152977,27.792227,2.1712997,1.9435384,150.22833394358815,2.273395694286049,2025052300189,95,60819.06190884062,i,150.22834346766243,2.2733862375477725,15.629398345947266,3603.26,224.509,False,3538.73,1.54735,3557.6,220.393,False,-60.2234,55.9711,22.508260995587143,0.06764917098660711,22.52788143634654,0.0004747505401447734,22.522107179094306,0.06726126001753062,nan,nan
2018 FU45,nan,MBO,MBO,21164741019055445,745297385370419265,27.792227,2.1712997,1.9435445,150.22849055468097,2.2733459218314427,2025052300190,97,60819.06243327331,i,150.22849361089322,2.2733336779639517,17.776657104492188,4065.4,226.064,False,3764.32,2.61044,4059.02,224.488,False,-52.566,53.1565,22.37724181900078,0.06037434698971813,22.460783642434077,0.0007529246142799285,22.378947016723714,0.06004768518457389,nan,nan
2018 FU45,nan,MBO,MBO,21164741019055445,745297385503588418,27.792227,2.1713,1.9435506,150.22864777154402,2.2732959589925086,2025052300191,95,60819.06296078522,i,150.2286289716129,2.273285947611379,16.21062660217285,3713.36,227.143,False,3549.06,3.94087,3829.38,226.37,False,93.7073,47.2599,22.475582331295772,0.06641353853510026,22.52471662821938,0.001205599572060437,22.442178871395257,0.06418221928641328,26.470566458245322,0.5475751032347572
2018 FU45,nan,MBO,MBO,21164741019055445,745297385638854696,27.792227,2.1713,1.9435568,150.22880529588917,2.2732459005922605,2025052300192,97,60819.063488538115,i,150.22881915610913,2.273252572758326,16.177318572998047,3843.56,235.4,False,3836.96,1.64617,4078.15,235.297,False,197.005,39.6982,22.438165820887676,0.06649624100495156,22.440031831711423,0.0004658131458783944,22.373842036779557,0.06264371705495293,25.663806851279038,0.21878516880604099
2018 FU45,nan,MBO,MBO,21164741019055445,745297385772548133,27.792227,2.1713002,1.9435629,150.2289625311962,2.273195936204544,2025052300193,96,60819.064015990574,i,150.22898023455622,2.273194183656003,15.035372734069824,3770.62,248.52,False,3866.18,5.15251,3864.17,248.714,False,94.6037,22.8498,22.4589680493358,0.07156042185615864,22.431794844534686,0.0014469752912972184,22.43235946074611,0.06988248570679355,26.46022970902642,0.26223980228771676
2018 FU45,nan,MBO,MBO,21164741019055445,745297385907814415,27.792227,2.1713002,1.943569,150.22912007407777,2.27314587625506,2025052300194,98,60819.06454344802,i,150.22912474848314,2.2731400112741826,17.418909072875977,3867.9,217.232,False,3511.39,0.611415,3911.62,215.254,False,42.8217,42.6906,22.431311933953367,0.06097795893257473,22.536302363253412,0.0001890520429124253,22.4191083224796,0.059747381297700006,27.320840211948287,1.0824121964109445
2018 FU45,nan,MBO,MBO,21164741019055445,745297386041507874,27.792227,2.1713004,1.943575,150.22927673113256,2.2730960999503367,2025052300195,97,60819.06506858168,i,150.22928664828999,2.2730876538695743,16.440807342529297,3778.65,227.39,False,3638.83,2.51089,3802.99,226.398,False,-4.03543,33.8497,22.45665836065708,0.06533697519427156,22.49759556030321,0.0007491869991881276,22.44968704420947,0.06463558949196696,nan,nan
2018 FU45,nan,MBO,MBO,21164741019055445,745297386175725616,27.792227,2.1713004,1.9435811,150.22943399427672,2.273046133251728,2025052300196,97,60819.06559514809,i,150.22944717062143,2.273032211907797,18.028196334838867,4515.57,246.377,False,4329.29,2.01163,4497.59,246.178,False,-50.2768,18.0695,22.26321859460605,0.05923957288671738,22.308958294565695,0.000504493708011435,22.26755038109825,0.059428353838674265,nan,nan
2018 FU45,nan,MBO,MBO,21164741019055445,745297386309943398,27.792227,2.1713004,1.9435872,150.22959037150974,2.2729964502116218,2025052300197,97,60819.06611941331,i,150.22960129505185,2.272988294826099,16.381711959838867,3807.04,226.334,False,3723.68,4.17931,3820.27,225.105,False,-13.5362,23.5797,22.4485313890959,0.06454857717509907,22.47256913951149,0.0012185870141603532,22.44476484936468,0.06397575105523609,nan,nan
2018 FU45,nan,MBO,MBO,21164741019055445,745297386444161119,27.792227,2.1713006,1.9435933,150.22974705639555,2.272946671617021,2025052300198,97,60819.06664482081,i,150.22975146135192,2.2729448606739764,16.078752517700195,3776.77,229.798,False,3886.51,1.63411,3762.11,227.468,False,-12.6908,36.2381,22.457198650116425,0.066061743658462,22.42610052356253,0.00045650528540249315,22.461421244753865,0.06564673507425721,nan,nan
2018 FU45,nan,MBO,MBO,21164741019055445,745297386576806037,27.792227,2.1713006,1.9435993,150.22990255670408,2.2728972715386457,2025052300199,94,60819.067165975925,i,150.2299062682304,2.272894114187826,17.902902603149414,3949.04,212.824,False,3698.18,4.78793,3960.51,213.034,False,-43.1336,38.7722,22.40877115739341,0.058513138717838586,22.480029906131936,0.0014056722646531735,22.40562221184974,0.058401246900804754,nan,nan
2018 FU45,nan,MBO,MBO,21164741019055445,745297386711023677,27.792227,2.171301,1.9436053,150.2300589616375,2.2728475862724284,2025052300200,94,60819.06768914743,i,150.2300763184912,2.272845690475138,15.808180809020996,3666.91,228.628,False,3735.07,1.40149,3658.52,226.742,False,-22.8306,32.1326,22.489249398915227,0.06769451921793197,22.469253116471254,0.00040739487520084544,22.491736410379147,0.06729005226056183,nan,nan
2018 FU45,nan,MBO,MBO,21164741019055445,745297386845241398,27.792227,2.171301,1.9436114,150.23021507747575,2.27279799505082,2025052300201,94,60819.06821238123,i,150.23022312140603,2.27278134533304,15.968782424926758,4010.97,243.165,False,3679.1,2.89572,3965.79,241.042,False,-71.068,34.8432,22.39187647369631,0.06582274085044826,22.485645990283295,0.0008545535497422826,22.4041757059687,0.06599139938681212,nan,nan
2018 FU45,nan,MBO,MBO,21164741019055445,745297386979459147,27.792227,2.171301,1.9436175,150.23037179971246,2.272748213430199,2025052300202,94,60819.068737992246,i,150.23037659970393,2.2727399609613643,15.070127487182617,3706.83,239.951,False,3397.52,0.224028,3677.59,237.488,False,-21.8315,35.2812,22.477493304162707,0.07028201642665798,22.572094938882827,7.159201882800338e-05,22.48609169949593,0.07011366704559702,nan,nan
2018 FU45,nan,MBO,MBO,21164741019055445,745301777377132614,27.786087,2.171475,1.9540122,150.5088763418552,2.185807497897355,2025052400145,97,60819.98026129721,i,150.50888256436738,2.185799547515125,15.52415943145752,3930.18,245.922,False,3833.82,2.70483,8707.25,244.42,False,4751.51,40.1093,22.41396891570912,0.06793745335069201,22.44092068401288,0.0007660066804695498,21.55029746506525,0.030477549304193583,22.20792093451726,0.009165111701479113
2018 FU45,nan,MBO,MBO,21164741019055445,745301777511350342,27.786087,2.1714752,1.9540181,150.50903293634252,2.185757272960213,2025052400146,97,60819.9807832778,i,150.50903882477166,2.185759752457709,14.260149002075195,3381.82,231.849,False,3350.61,3.91764,8715.44,230.404,False,5330.22,43.9461,22.577123757514997,0.07443531802057071,22.587190264376858,0.0012694773241628122,21.549276652954145,0.02870284916681172,22.083137119968356,0.008951575749028327
2018 FU45,nan,MBO,MBO,21164741019055445,745301777645568068,27.786085,2.1714752,1.9540241,150.50918983474298,2.1857069509276186,2025052400147,97,60819.98130642876,i,150.5091994781926,2.1856911302613975,16.333280563354492,3791.59,226.0,False,3848.87,7.16112,7350.7,225.165,False,3528.77,61.9055,22.45294655187785,0.06471595731273985,22.4366668605725,0.002020096014274258,21.73417822491644,0.033258026957863486,22.53094161246163,0.01904715825289595
2018 FU45,nan,MBO,MBO,21164741019055445,745301777780310145,27.786085,2.1714752,1.9540302,150.5093467370363,2.185656628038521,2025052400148,98,60819.98182965605,i,150.50935743136688,2.1856593309766956,13.293910026550293,3189.75,237.961,False,3396.43,3.22987,4702.14,237.392,False,1502.86,59.4005,22.640608384735692,0.08099784353946715,22.572443351193158,0.0010324920443320455,22.21926107961811,0.05481442061918118,23.457703696938747,0.04291369483374995
2018 FU45,nan,MBO,MBO,21164741019055445,745301777934975105,27.786083,2.1714754,1.9540361,150.50950394320813,2.18560620809282,2025052400149,137,60819.98235309965,i,150.5095172365323,2.185596095760815,16.337800979614258,3642.7,221.047,False,3378.41,2.20782,4150.04,221.194,False,498.246,64.0656,22.496441500194003,0.06588484664928101,22.57821914344987,0.0007095379493168111,22.354869283123367,0.05786891983687803,24.6563904432126,0.13960641613895475
2018 FU45,nan,MBO,MBO,21164741019055445,745301778048221255,27.786083,2.1714754,1.9540421,150.50966085340627,2.185555883490585,2025052400150,97,60819.98287619607,i,150.50967563699075,2.185547534942256,18.920028686523438,3909.61,202.552,False,3682.54,2.29294,4326.09,202.155,False,391.766,63.2467,22.419666378018135,0.05625063262683458,22.484631306291824,0.0006760355189148482,22.30976116356011,0.05073565484651594,24.91743316836778,0.17528124919848534
2018 FU45,nan,MBO,MBO,21164741019055445,745301778202886231,27.786081,2.1714756,1.9540482,150.50981836767633,2.185505365580769,2025052400151,136,60819.98340187362,i,150.50983549806426,2.1855025502708987,16.757076263427734,3769.8,222.27,False,3471.5,0.504917,3989.49,222.562,False,213.081,54.1328,22.459204210688103,0.06401575355312901,22.548707076018566,0.00015791637478205443,22.397706550622768,0.06057005230025257,25.578638216634626,0.2758291153234546
2018 FU45,nan,MBO,MBO,21164741019055445,745301778451398814,27.786072,2.1714766,1.9541076,150.51137513353424,2.185006106220078,2025052400153,98,60819.988589141874,i,150.51138553927814,2.1850037903797075,15.310359001159668,3309.6,211.392,False,3062.72,1.29739,3280.13,210.164,False,-66.635,62.6336,22.600561198244577,0.06934854337938288,22.684731774011944,0.0004599255860593953,22.610272398135457,0.06956513110132378,nan,nan
2018 FU45,nan,MBO,MBO,21164741019055445,745301778605539370,27.78607,2.1714766,1.9541137,150.5115323940951,2.184955675184608,2025052400154,136,60819.98911337381,i,150.51154221911477,2.1849595254452674,16.66775894165039,3552.31,206.562,False,3325.33,0.252582,3579.43,204.046,False,-3.69779,66.5716,22.52372283607685,0.06313408300076218,22.59541309846354,8.246923776014665e-05,22.51546533650248,0.06189257495357355,nan,nan
2018 FU45,nan,MBO,MBO,21164741019055445,745301778739757162,27.78607,2.1714768,1.9541198,150.5116902592408,2.1849050508503502,2025052400155,136,60819.98963994597,i,150.511692937665,2.1848938422063555,16.945659637451172,3711.99,215.17,False,3382.5,1.89417,3648.35,213.422,False,-65.6149,60.1654,22.475983008929163,0.06293601486113212,22.576905486825847,0.0006080026597932299,22.49475873302406,0.06351363846903886,nan,nan
2018 FU45,nan,MBO,MBO,21164741019055445,745301778873974857,27.786068,2.1714768,1.9541258,150.5118469285058,2.184854810600785,2025052400156,136,60819.99016198833,i,150.51183868518658,2.184845996286846,15.520329475402832,3775.92,242.996,False,3513.02,0.386766,3790.11,241.802,False,-51.3637,47.8327,22.457443061528522,0.06987159755921095,22.535798438253224,0.00011953414218361811,22.453370432631843,0.06926795804412268,nan,nan
2018 FU45,nan,MBO,MBO,21164741019055445,745301779008192572,27.786068,2.171477,1.9541317,150.51200420242913,2.1848043770535286,2025052400157,136,60819.990685411554,i,150.51202197950047,2.184797325862586,14.923359870910645,3610.75,241.116,False,3512.0,3.24715,3612.24,240.222,False,-4.65699,43.1602,22.506006450200644,0.07250249057139532,22.53611373191484,0.0010038577041032852,22.505558509287717,0.07220387444274452,nan,nan
2018 FU45,nan,MBO,MBO,21164741019055445,745301779255656504,27.786066,2.171477,1.9541438,150.51231786375214,2.1847037960938454,2025052400159,96,60819.991730077396,i,150.51232239440645,2.1847059722588638,14.95416259765625,3840.26,255.304,False,3405.19,0.243237,3721.26,255.283,False,-145.229,48.332,22.43909842541995,0.0721807367840804,22.569646645351618,7.755550374014981e-05,22.473274960352377,0.07448283645883605,nan,nan
2018 FU45,nan,MBO,MBO,21164741019055445,745301779389874292,27.786064,2.1714773,1.9541498,150.5124754517291,2.1846532637225944,2025052400160,96,60819.99225536175,i,150.51248448878698,2.184645608603189,15.421358108520508,4032.79,258.009,False,3659.89,0.712282,4013.5,257.935,False,-80.8311,37.9626,22.385985970675367,0.06946300517900438,22.49132995028791,0.00021130426877242703,22.391191831718018,0.06977684448076864,nan,nan
2018 FU45,nan,MBO,MBO,21164741019055445,745301779524091966,27.786064,2.1714773,1.9541558,150.51263274415612,2.1846028267759627,2025052400161,96,60819.99277955042,i,150.51264295133205,2.1845907348007723,15.2478609085083,4025.49,256.818,False,3734.75,7.764,3965.16,257.207,False,-58.0642,33.5563,22.38795312233765,0.06926773980012152,22.4693461601598,0.0022570870412943404,22.404348233005756,0.07042816910349568,nan,nan
2018 FU45,nan,MBO,MBO,21164741019055445,745301779809304605,27.786062,2.1714776,1.9541677,150.51294554214562,2.1845025278415084,2025052400163,128,60819.99382186806,i,150.5129550741501,2.1845026011940445,15.755696296691895,3794.15,241.052,False,3714.38,2.775,3818.65,239.709,False,-85.5483,32.983,22.452213786626658,0.06897958501541128,22.475284203717067,0.0008111496849553051,22.44522539088908,0.06815517163514238,nan,nan
2018 FU45,nan,MBO,MBO,21164741019055445,745301780060962829,27.78606,2.1714778,1.9541798,150.5132577586581,2.184402418076248,2025052400165,96,60819.994861739484,i,150.5132672723548,2.184403587616456,15.717609405517578,3944.45,246.19,False,3934.22,1.34974,3915.34,245.668,False,-45.7887,29.1295,22.410033875196,0.06776544314390766,22.41285340349735,0.0003724910215335485,22.418076272470067,0.06812451413358662,nan,nan
2018 FU45,nan,MBO,MBO,21164741019055445,745301780195704952,27.786058,2.1714778,1.9541857,150.51341447447552,2.1843521694378327,2025052400166,97,60819.99538363117,i,150.51343321864465,2.184369502126187,12.529540061950684,3379.16,260.188,False,3502.14,5.5574,3311.6,259.927,False,-86.5338,19.0344,22.577978139012448,0.08359933423328128,22.539166275156482,0.001722909653931955,22.59990528318039,0.08521927415525729,nan,nan
2018 FU45,nan,MBO,MBO,21164741019055445,745301780329398326,27.786057,2.171478,1.9541917,150.51357119529996,2.184301919914177,2025052400167,96,60819.995905787044,i,150.51356912337351,2.1843004391442844,14.573678016662598,4040.8,268.27,False,3917.37,0.641663,4002.62,268.14,False,-66.1663,17.6553,22.38383159811947,0.07208236888798314,22.417513484802456,0.00017784297773200159,22.394139065480456,0.07273468711108913,nan,nan
2018 FU45,nan,MBO,MBO,21164741019055445,745301780462043205,27.786057,2.171478,1.9541978,150.51372822120547,2.184251573306865,2025052400168,93,60819.99642804626,i,150.51373314774688,2.1842717634475224,13.216936111450195,3913.24,293.496,False,4005.57,8.04757,4037.89,296.78,False,-69.4752,12.8217,22.418658792439427,0.08143104852566362,22.3933391671613,0.002181347026361745,22.384613819534508,0.07980029126475782,nan,nan
2018 FU45,nan,MBO,MBO,21164741019055445,745301780597833789,27.786055,2.1714783,1.9542037,150.51388375071343,2.18420170722051,2025052400169,96,60819.99694684725,i,150.51390510431187,2.1841991964426155,15.227961540222168,3846.99,250.84,False,3721.04,0.531958,3867.81,250.757,False,2.55743,27.683,22.43719735928601,0.0707945864992625,22.473339142165763,0.00015521629344052585,22.431337153774855,0.07039020879534641,30.38049059929037,11.752593669999966
2018 FU45,nan,MBO,MBO,21164741019055445,745301780732051465,27.786055,2.1714783,1.9542097,150.51404078652448,2.184151358937001,2025052400170,96,60819.997469902744,i,150.51404732911004,2.184128349091706,15.215917587280273,3643.6,235.428,False,3545.41,0.111965,3661.86,235.127,False,-40.0328,27.7183,22.49617323739228,0.0701538834129673,22.525833863631416,3.42878419880108e-05,22.49074562723983,0.0697148137652568,nan,nan
2018 FU45,nan,MBO,MBO,21164741019055445,745301780866269253,27.786053,2.1714783,1.9542156,150.5141966262608,2.1841013948976418,2025052400171,96,60819.99798851295,i,150.514191726774,2.1840923504155096,14.61054801940918,3802.53,254.924,False,3439.26,2.73388,3792.1,253.151,False,-47.9508,26.3332,22.44981836888995,0.07278843552992204,22.558837475145523,0.000863055579908141,22.4528005184681,0.07248099996118029,nan,nan
2018 FU45,nan,MBO,MBO,21164741019055445,745301780996816919,27.786053,2.1714785,1.9542217,150.51435397248636,2.184050948643299,2025052400172,89,60819.998512696766,i,150.5143586449859,2.184045790942891,15.80622386932373,3812.99,233.8,False,3818.67,1.11497,3831.29,232.519,False,20.7761,34.3764,22.446835837059517,0.06657377245573397,22.44521969885827,0.0003170117572626489,22.44163742375125,0.06589276483165923,28.106089924250917,1.79647295582596
2018 FU45,nan,MBO,MBO,21164741019055445,745301781135229016,27.786045,2.171479,1.9542595,150.5153408071603,2.1837345815356257,2025052400173,97,60820.00179829667,z,150.51535832442053,2.183718857228693,6.409870147705078,3829.2,565.455,False,nan,nan,3650.99,561.696,False,-47.842,25.4297,22.442229888241947,0.16032983183045418,nan,nan,22.493973394338866,0.16703789038158934,nan,nan
2018 FU45,nan,MBO,MBO,21164741019055445,745301781269446700,27.786043,2.1714792,1.9542655,150.5154981913154,2.183684129207476,2025052400174,97,60820.00232259649,z,150.51554571207822,2.1836496307674027,6.546872615814209,3592.73,547.846,False,3548.99,21.9842,3511.66,541.626,False,-127.484,29.1189,22.51143855481685,0.16556107725267294,22.524738063896518,0.006725587116738062,22.536218875313168,0.16746010345806756,nan,nan
2018 FU45,nan,MBO,MBO,21164741019055445,745301781403664419,27.786043,2.1714792,1.9542716,150.51565558099557,2.1836336759953894,2025052400175,97,60820.002846007206,z,150.51565484171132,2.1836099034661394,6.47012186050415,3660.39,560.891,False,3976.14,4.54442,3496.47,560.198,False,-154.242,24.6575,22.49118163133859,0.16637016108998856,22.40134586054473,0.001240912342697434,22.54092549332264,0.1739546609605814,nan,nan
2018 FU45,nan,MBO,MBO,21164741019055445,745301781538406501,27.786041,2.1714795,1.9542775,150.5158114741291,2.1835837034062187,2025052400176,98,60820.00336581418,z,150.51577879341647,2.183543897066918,5.611917018890381,3177.17,548.91,False,3741.0,28.6671,3056.28,546.625,False,-119.161,28.2113,22.644898893873865,0.1875793381060711,22.46753072950449,0.008319943688720327,22.687017140942125,0.19418722997789253,nan,nan
2018 FU45,nan,MBO,MBO,21164741019055445,745301781692547116,27.786041,2.1714795,1.9542835,150.51596857417508,2.183533344837649,2025052400177,136,60820.003888935134,z,150.5159602710906,2.1835345856318,6.294445037841797,3116.95,498.145,False,3057.85,5.25972,3060.64,496.531,False,-49.4278,110.603,22.665675427821203,0.17352028690343266,22.686459521112713,0.0018675435630159398,22.685469413564846,0.17614018923094638,nan,nan
2018 FU45,nan,MBO,MBO,21164741019055445,745301781806317618,27.78604,2.1714797,1.9542896,150.51612598002336,2.183482889166129,2025052400178,97,60820.00441263528,z,150.51612382994674,2.1834652277972877,5.187368869781494,2866.61,545.84,False,3103.48,57.6732,2622.84,543.245,False,-81.9337,26.8423,22.756578430443348,0.2067383623705037,22.670377629401948,0.020176666280053997,22.853070467828125,0.2248786580529723,nan,nan
2018 FU45,nan,MBO,MBO,21164741019055445,745301782094676005,27.786037,2.1714797,1.9543016,150.5164396067932,2.183382360446002,2025052400180,135,60820.005456584026,z,150.51645501949855,2.183349985330708,6.6309027671813965,3609.58,546.583,False,nan,nan,3479.17,544.415,False,-72.2882,25.4174,22.506358297424747,0.1644083100092608,nan,nan,22.54631089972448,0.1698942751661686,nan,nan
2018 FU45,nan,MBO,MBO,21164741019055445,745301782363635742,27.786036,2.17148,1.9543135,150.51675385667608,2.18328163581489,2025052400182,136,60820.00650210535,z,150.5167608542973,2.1832920722573057,6.702510356903076,3865.57,567.554,False,4198.83,15.759,3779.43,564.027,False,40.7195,24.394,22.431966125459645,0.15941088443692386,22.342179251024746,0.004074972395144699,22.456434254516367,0.16203092028448546,27.375493868619486,0.6504364500737516
2018 FU45,nan,MBO,MBO,21164741019055445,745301782632071252,27.786032,2.1714802,1.9543256,150.5170672278305,2.1831811967386847,2025052400184,136,60820.00754595589,z,150.51705365259735,2.183208228507418,6.961221218109131,3484.05,502.183,False,4064.34,47.1907,3597.44,498.447,False,110.832,62.9549,22.54478903730835,0.15649553593713927,22.37752489790121,0.012606388979865941,22.510016119492,0.1504352965052837,26.288337067093114,0.6167209152546861
2018 FU45,nan,MBO,MBO,21164741019055445,745301782879535133,27.78603,2.1714804,1.9543376,150.51738002061762,2.1830809470149304,2025052400186,96,60820.0085868014,z,150.5174332730105,2.1830788785485766,8.230698585510254,4276.82,503.505,False,4055.14,24.356,4298.59,501.806,False,-64.2185,83.2466,22.322197613775675,0.12782245583096305,22.37998539769693,0.0065211540615263,22.316684979376603,0.12674597054007092,nan,nan
2018 FU45,nan,MBO,MBO,21164741019055445,745301783013752872,27.786028,2.1714804,1.9543436,150.51753687630668,2.183030676475331,2025052400187,96,60820.009108688195,z,150.51752306560707,2.1830500856823765,6.949904441833496,4148.4,579.348,False,4395.62,16.8972,4072.3,578.295,False,-27.9702,25.1999,22.355298461583914,0.15162933611715798,22.292449619180346,0.004173677640245139,22.375400576218023,0.1541821065361386,nan,nan
2018 FU45,nan,MBO,MBO,21164741019055445,745301783147970605,27.786028,2.1714807,1.9543495,150.51769373793803,2.182980405066224,2025052400188,96,60820.00963091398,z,150.51768027468296,2.1829838809192506,8.128268241882324,4148.7,497.497,False,4156.03,18.3925,4349.37,493.559,False,142.747,83.6251,22.3552198705233,0.13019752917832048,22.353303371577663,0.004804922990326458,22.303934084301375,0.12320746469213299,26.01358257101351,0.6360540089322301
2018 FU45,nan,MBO,MBO,21164741019055445,745301783282188321,27.786026,2.1714807,1.9543556,150.51785180734754,2.1829297476440384,2025052400189,96,60820.01015619562,z,150.51785533012526,2.1829153651919513,5.608572959899902,2744.5,492.589,False,3435.23,40.908,2909.24,490.03,False,270.006,78.6934,22.803841912205915,0.19487035879118977,22.560110456623804,0.012929352021240844,22.740551128185686,0.1828805161754297,25.321566414294747,0.3164384012929764
2018 FU45,nan,MBO,MBO,21164741019055445,745301783546953811,27.786024,2.171481,1.9543676,150.5181661609722,2.182829008117061,2025052400191,89,60820.01120266389,z,150.51816693994596,2.1828079584099673,7.509005069732666,3383.75,441.037,False,3077.27,16.598,3560.69,438.143,False,193.675,84.0574,22.57650432805359,0.1415145400086149,22.67958598569972,0.0058561806238387765,22.5211646056901,0.1335998729518856,25.682316071295034,0.4712232600481865
2018 FU45,nan,MBO,MBO,21164741019055445,745301783817486396,27.786022,2.1714811,1.9543797,150.51847993732372,2.1827284579189405,2025052400193,93,60820.012246618,z,150.51848464897412,2.182718090957167,7.129938125610352,3525.36,482.644,False,3543.88,23.3429,4342.38,477.727,False,764.744,79.3898,22.531991285562047,0.14864412779413727,22.52630251656445,0.007151549080822438,22.305680464990417,0.1194472853032619,24.191209777910682,0.11271272369637592
2018 FU45,nan,MBO,MBO,21164741019055445,745301783953276988,27.78602,2.1714811,1.9543858,150.5186374357237,2.1826779889334755,2025052400194,96,60820.0127708697,z,150.51865028062448,2.1826581544770236,7.829124927520752,3504.37,438.671,False,3799.05,10.1886,5289.5,435.703,False,1739.2,96.0898,22.538475079202563,0.13591058018487412,22.45081246248941,0.00291181513922006,22.091463446331577,0.08943350501986937,23.29912621362655,0.059986301458651164
2018 FU45,nan,MBO,MBO,21164741019055445,745301784087494688,27.786018,2.1714814,1.9543917,150.51879463955672,2.1826276154621365,2025052400195,96,60820.01329302211,z,150.51880066641746,2.1825971002185627,7.960699558258057,3473.57,433.153,False,3516.82,0.69789,7452.64,429.998,False,3939.43,95.1596,22.548059840437492,0.1353909382793039,22.534624627485748,0.00021545726180546837,21.71922462225998,0.06264416000702577,22.411416549151284,0.026226693706370204
2018 FU45,nan,MBO,MBO,21164741019055445,745301784220139574,27.786018,2.1714814,1.9543977,150.5189509476222,2.182577530148748,2025052400196,93,60820.01381386521,z,150.51895823051166,2.18257446956954,6.687249183654785,2825.05,415.192,False,2765.21,49.5802,7481.17,412.641,False,4624.23,105.091,22.772434634445567,0.1595684902657953,22.795679718389458,0.019467244495588436,21.715076202235792,0.05988625688276161,22.2374014373529,0.02467461776061639
2018 FU45,nan,MBO,MBO,21164741019055445,745301784355930164,27.786016,2.1714816,1.9544038,150.5191084642046,2.182527058739189,2025052400197,96,60820.014337399916,z,150.51911644229185,2.1825248158543524,7.933473110198975,3347.99,416.973,False,3458.28,14.5559,5527.02,414.336,False,2112.19,102.795,22.58803962280841,0.1352222303769589,22.55284960815375,0.004569863364573531,22.043772405871323,0.08139279267209588,23.08816757472592,0.05284006376138843
2018 FU45,nan,MBO,MBO,21164741019055445,745301784488575039,27.786015,2.1714816,1.9544098,150.51926568643003,2.1824766828051025,2025052400198,93,60820.01486095751,z,150.5192806768833,2.1824830296153452,8.361998558044434,3448.02,415.627,False,3299.53,17.3913,4285.88,412.655,False,858.274,97.8316,22.55607555321263,0.13087548633506751,22.60386978683429,0.005722743575247448,22.319900011935147,0.10453733760617973,24.06593512546065,0.12375920485146072
2018 FU45,nan,MBO,MBO,21164741019055445,745301784624365613,27.786015,2.1714816,1.9544158,150.51942381684114,2.1824260170559904,2025052400199,96,60820.015386180174,z,150.5194196496193,2.182395767103631,6.793095588684082,2804.9,395.31,False,3071.97,53.3173,3188.71,392.07,False,395.293,124.216,22.780206581683927,0.15301878548092757,22.681457584900198,0.018844104042664785,22.640962453925255,0.13349743531598446,24.90770219261704,0.34117935903528634
2018 FU45,nan,MBO,MBO,21164741019055445,745301784753340474,27.786013,2.1714818,1.9544219,150.51958135212956,2.182375543173979,2025052400200,86,60820.0159104199,z,150.51957164983452,2.182409099656036,9.290311813354492,3795.46,412.038,False,3630.78,25.4445,4040.19,408.398,False,266.219,118.074,22.451838964182464,0.11786834081868836,22.500000155021812,0.0076088373864346024,22.383995542319077,0.10975041077635851,25.336902404495778,0.48154796143472184
2018 FU45,nan,MBO,MBO,21164741019055445,745301784892801059,27.78601,2.1714818,1.954428,150.51973859312866,2.182325164774557,2025052400201,96,60820.016433712604,z,150.5197759673396,2.1823140357443975,6.9205427169799805,2909.62,417.17,False,3330.89,56.4389,3173.25,413.458,False,222.3,124.078,22.74040927304967,0.1556686333182712,22.593599308272125,0.01839681258051658,22.64623927819251,0.141465793186544,25.53265132834742,0.6060097982251544
2018 FU45,nan,MBO,MBO,21164741019055445,745301785025445925,27.78601,2.171482,1.9544339,150.5198970431288,2.1822744002410848,2025052400202,93,60820.01696019084,z,150.51989881057952,2.182251937499619,6.745912551879883,2815.35,408.308,False,2561.69,47.3,2926.0,407.766,False,163.125,130.844,22.776168978917752,0.15746346920425963,22.87868359249434,0.020047438539153112,22.73431419552677,0.15130768958537252,25.86869868829411,0.8708785386276604
2018 FU45,nan,MBO,MBO,21164741019055445,745301785161760868,27.786009,2.171482,1.9544427,150.52012495788267,2.1822013826157893,2025052400203,97,60820.01771853029,z,150.52015485624736,2.182184283403225,7.329629421234131,3194.26,442.082,False,3468.65,17.8943,3564.24,438.679,False,245.894,107.142,22.63907433898906,0.15026467231836851,22.549598830355286,0.005601167721193094,22.520082653475185,0.13363007491998463,25.423130183013363,0.47308168529090405
2018 FU45,nan,MBO,MBO,21164741019055445,745301785295978553,27.786007,2.1714823,1.9544487,150.520282521477,2.1821509050798777,2025052400204,97,60820.01824204062,z,150.52031175218258,2.1821154141542642,6.584843635559082,2880.18,434.514,False,2837.12,23.9444,3221.44,432.712,False,380.442,123.848,22.751450949978924,0.16379795731122415,22.76780569194551,0.009163271825741545,22.62987490241988,0.14583884824029253,24.949278899431377,0.353447468843053
2018 FU45,nan,MBO,MBO,21164741019055445,745301785430196312,27.786005,2.1714823,1.9544548,150.52044069309477,2.1821002340117204,2025052400205,97,60820.01876831184,z,150.52048133549937,2.182082473781562,6.780393123626709,3095.38,446.517,False,2739.23,33.453,3294.31,442.699,False,195.033,132.689,22.673215110644296,0.15662041152893472,22.805928759219448,0.01325961403601136,22.60558881923076,0.1459044015674456,25.67472972066332,0.7386711106333529
2018 FU45,nan,MBO,MBO,21164741019055445,745301785564938357,27.786005,2.1714826,1.9544609,150.52059826965606,2.182049754835711,2025052400206,98,60820.0192924014,z,150.52061268491818,2.1820386541488745,9.312870025634766,3853.9,420.265,False,3645.03,34.1942,4108.47,417.123,False,153.026,161.913,22.43524892375013,0.11839875283722784,22.49574722357475,0.01018534254133149,22.365799642953768,0.11023215549351492,25.938086927510575,1.1487903944589424
2018 FU45,nan,MBO,MBO,21164741019055445,745301785719079028,27.786003,2.1714826,1.9544669,150.52075615354966,2.181999178482384,2025052400207,136,60820.01981795414,z,150.5207561874788,2.1819838743989157,7.0481462478637695,3124.85,439.956,False,2916.22,3.71052,3281.29,435.203,False,166.738,133.115,22.662927028457517,0.15286370093943438,22.737949300628415,0.0013814616093819445,22.609888449638966,0.1440030143861415,25.844913487356514,0.866795662337107
2018 FU45,nan,MBO,MBO,21164741019055445,745301785832849528,27.785994,2.1714833,1.9545069,150.52180015881697,2.1816647759516554,2025052400208,97,60820.023288582335,r,150.52180883501794,2.181651136320882,17.332626342773438,3072.55,176.879,False,3111.45,2.77565,3179.19,176.726,False,79.1083,24.5317,22.68125258538135,0.06250310937945767,22.667592951028436,0.0009685592796082428,22.644208810725523,0.06035430968433967,26.654444880644547,0.33668976897195
2018 FU45,nan,MBO,MBO,21164741019055445,745301785967067200,27.785992,2.1714833,1.954513,150.52195779276298,2.1816142897474946,2025052400209,97,60820.02381293694,r,150.52197041127437,2.1816230824051117,18.8961181640625,3632.09,188.437,False,3410.61,2.01419,3881.5,187.573,False,278.26,7.68647,22.499608470181503,0.056329238653680676,22.567919813086192,0.0006411987569389479,22.42750102375141,0.052468065184727054,25.28887300991094,0.029991657109751105
2018 FU45,nan,MBO,MBO,21164741019055445,745301786101284950,27.785992,2.1714835,1.9545189,150.52211423026438,2.1815641880907,2025052400210,97,60820.024332603716,r,150.52212018533533,2.1815502568047456,17.855133056640625,3353.19,186.769,False,3337.2,1.83017,3587.63,186.286,False,262.263,7.86841,22.586354613170986,0.06047431422661892,22.591544428606447,0.000595433865914591,22.51298091807157,0.05637634213738252,25.353157436097383,0.032574239274776644
2018 FU45,nan,MBO,MBO,21164741019055445,745301786236026988,27.78599,2.1714835,1.954525,150.52227157688938,2.181513796646147,2025052400211,98,60820.02485572451,r,150.52226354141885,2.1815012086115013,17.253164291381836,3434.3,195.195,False,3197.5,1.11657,3641.0,193.793,False,131.063,8.71242,22.560404409907953,0.06170989238760568,22.637973617123272,0.00037914009997613423,22.49694830266514,0.057788540382717725,26.106299709103247,0.07217437471189256
2018 FU45,nan,MBO,MBO,21164741019055445,745301786390167639,27.785988,2.1714838,1.954531,150.5224280279519,2.181463693389687,2025052400212,136,60820.025375670215,r,150.5224393818106,2.1814585916269866,16.27018928527832,3373.14,205.717,False,3162.94,2.72413,3469.02,205.273,False,70.3268,6.28582,22.57991411788758,0.06621557266473342,22.64977263621092,0.0009351067456952643,22.549482984650496,0.06424647919888585,26.782197897178385,0.09704326945879267
2018 FU45,nan,MBO,MBO,21164741019055445,745301786503938113,27.785988,2.1714838,1.954537,150.52258599020203,2.18141310758178,2025052400213,97,60820.02590084262,r,150.52259713799887,2.1814008369480558,13.114343643188477,2882.71,217.217,False,2784.92,5.85541,2958.51,218.802,False,41.4693,7.5466,22.75049762807467,0.08181203076820731,22.7879682202452,0.0022828055802561445,22.722317392502305,0.08029760061987638,27.35568325651334,0.19758271374910794
2018 FU45,nan,MBO,MBO,21164741019055445,745301786658078746,27.785986,2.1714838,1.954543,150.5227430566495,2.181362810056227,2025052400214,135,60820.026422853975,r,150.5227841539338,2.1813601494814843,11.859463691711426,2667.63,221.607,False,2880.47,4.43872,2741.34,222.216,False,20.2424,6.3469,22.834686065639193,0.09019494752494321,22.751341619984373,0.0016730878299337092,22.80509270745531,0.08801095539123459,28.134345035856896,0.3404269933439979
2018 FU45,nan,MBO,MBO,21164741019055445,745301786792296516,27.785984,2.171484,1.9545491,150.52290043101254,2.181312415348409,2025052400215,135,60820.026945783255,r,150.52291580592586,2.1812912301697014,11.583377838134766,2720.98,235.614,False,2622.64,1.76605,2732.33,236.411,False,44.7057,5.3138,22.81318663379384,0.0940156304938495,22.853153342722212,0.0007311199716505833,22.808667092592295,0.09394178948371315,27.274092753340586,0.12905255707908006
2018 FU45,nan,MBO,MBO,21164741019055445,745301786927038466,27.785982,2.171484,1.954555,150.52305690964636,2.1812623088950422,2025052400216,136,60820.02746558065,r,150.52306780235094,2.1812756601934513,15.47551441192627,2889.56,185.121,False,2693.34,0.451549,2953.04,186.52,False,19.6439,15.7552,22.747920686075158,0.06955819234451098,22.824272011969793,0.0001820279187037251,22.72432666143422,0.06857730300688474,28.166930717982073,0.870804246819773
2018 FU45,nan,MBO,MBO,21164741019055445,745301787060731920,27.785982,2.1714842,1.9545611,150.5232152007378,2.181211623523848,2025052400217,135,60820.027991999144,r,150.5232241870023,2.181206238847742,14.7321138381958,2998.89,202.387,False,2841.98,3.54705,3029.3,203.574,False,27.3927,6.87228,22.707598698825247,0.07327340915692072,22.76594746415875,0.0013550977243772736,22.696644270368225,0.07296328001561084,27.805912889233223,0.27238947906723043
2018 FU45,nan,MBO,MBO,21164741019055445,745301787194949670,27.78598,2.1714842,1.9545672,150.52337229528044,2.181161322748855,2025052400218,135,60820.0285134994,r,150.52337160765654,2.181166918854558,15.50108814239502,3267.57,207.482,False,3125.76,5.55239,3280.16,206.769,False,-11.9364,6.87277,22.614437727061304,0.06894135663237427,22.66261092346607,0.0019286288563823428,22.610262458362723,0.06844074444191803,nan,nan
2018 FU45,nan,MBO,MBO,21164741019055445,745301787329167422,27.785978,2.1714845,1.9545732,150.52353029972352,2.1811107321045555,2025052400219,135,60820.0290386908,r,150.5235418950842,2.1811133290509765,14.069839477539062,2932.22,207.56,False,2739.18,0.690292,2892.84,207.304,False,-45.1791,6.44327,22.732008631735592,0.07685487659878246,22.80594859702844,0.00027361291912015326,22.74668893218334,0.07780501247238049,nan,nan
2018 FU45,nan,MBO,MBO,21164741019055445,745301787463385134,27.785976,2.1714845,1.9545792,150.52368861225597,2.181060044309873,2025052400220,135,60820.029564888915,r,150.52370701983787,2.181036291219209,14.702376365661621,2975.68,201.205,False,2886.6,5.68586,3024.33,202.375,False,-15.3064,7.25489,22.716034459863252,0.07341366009951128,22.74903344505306,0.0021386212217872104,22.69842702822696,0.07265273920568562,nan,nan
2018 FU45,nan,MBO,MBO,21164741019055445,745301787577155617,27.785976,2.1714845,1.9545853,150.5238463300292,2.1810095484423395,2025052400221,96,60820.030088322615,r,150.5238369831719,2.1809886830628153,14.543912887573242,3118.39,211.187,False,3252.88,3.39891,3086.81,211.26,False,12.0794,6.39535,22.665173964682232,0.07352940970480715,22.619329933399158,0.0011344777016663535,22.676225233099522,0.07430733355766309,28.69488658729826,0.5748350893895514
2018 FU45,nan,MBO,MBO,21164741019055445,745301787711373350,27.785975,2.1714847,1.9545914,150.52400435609815,2.1809589553811173,2025052400222,96,60820.030613783456,r,150.5240116783537,2.1809722206508897,13.534306526184082,3057.7,225.432,False,2801.66,0.0165015,3034.05,225.357,False,18.6588,6.44382,22.686512834215485,0.08004699461739351,22.781461459972412,6.394878689138983e-06,22.694943148729344,0.08064410412695454,28.222790718702228,0.3749591947873131
2018 FU45,nan,MBO,MBO,21164741019055445,745306225912053780,27.776337,2.1716676,1.9653138,150.81429716690278,2.089772087590915,2025052500521,140,60820.97064975185,g,150.8143154239383,2.089760041937479,12.987714767456055,1742.51,132.829,False,1671.81,4.667,1766.89,131.032,False,17.3095,5.03572,23.297061796097132,0.08276408619435167,23.34203266531441,0.0030309248606053916,23.281976209025835,0.08051784926295327,28.304288708566304,0.31586489866636647
2018 FU45,nan,MBO,MBO,21164741019055445,745306226044698686,27.776335,2.1716678,1.9653198,150.81445555076917,2.089721014845871,2025052500522,137,60820.97117170756,g,150.81445109194885,2.089707149081329,14.249735832214355,1904.19,132.249,False,2030.35,2.44634,1936.94,131.256,False,11.1303,5.00222,23.200724333168907,0.07540609081776836,23.131072738510817,0.0013081882583645533,23.18220961304506,0.07357449999703791,28.78373286655427,0.4879555569815331
2018 FU45,nan,MBO,MBO,21164741019055445,745306226178392122,27.77633,2.1716678,1.9653258,150.81461454488888,2.0896697455322117,2025052500523,136,60820.97169588203,g,150.81464427238285,2.0896788887095097,12.253551483154297,1628.86,132.339,False,1716.22,0.819156,1560.98,130.904,False,6.48819,5.69637,23.370290613664878,0.0882121543886486,23.313567621725223,0.0005182245469926031,23.416506666795755,0.09104999518285908,29.369691072719355,0.953232737366787
2018 FU45,nan,MBO,MBO,21164741019055445,745306226313134159,27.776329,2.1716678,1.9653318,150.8147738456896,2.089618377554073,2025052500524,137,60820.972220035575,g,150.8147529508686,2.0895945288288953,14.507651329040527,1883.42,128.593,False,1849.66,0.190116,1877.57,127.352,False,-15.7522,5.77462,23.21263202998495,0.07413007987542852,23.23227021797557,0.0001115966306865723,23.21600968744526,0.07364342115302604,nan,nan
2018 FU45,nan,MBO,MBO,21164741019055445,745306226448924737,27.776325,2.171668,1.9653378,150.8149325429736,2.0895672044248825,2025052500525,140,60820.97274321155,g,150.81493469623373,2.08953752753801,14.304095268249512,1951.05,136.571,False,1931.51,0.469177,2040.6,137.165,False,59.7663,4.67337,23.1743289745774,0.07600014073515544,23.185257592115644,0.0002637327588764752,23.125605307199002,0.07298098648334926,26.958859070213446,0.08489812594586443
2018 FU45,nan,MBO,MBO,21164741019055445,745306226581045311,27.776323,2.171668,1.9653437,150.8150900298425,2.0895164218518034,2025052500526,136,60820.97326288884,g,150.81510385743832,2.089515241858564,14.103495597839355,1872.17,132.9,False,2005.66,0.959448,2067.36,130.966,False,153.103,5.7445,23.21913677014693,0.07707330616265455,23.14435669846879,0.000519383839053721,23.111459670738707,0.06878072716643976,25.93754077093018,0.04073735936905324
2018 FU45,nan,MBO,MBO,21164741019055445,745306226716835917,27.77632,2.1716683,1.9653498,150.8152487338954,2.089465247053512,2025052500527,139,60820.97378587482,g,150.8152651255363,2.089414165043823,12.8500394821167,1707.36,131.86,False,1841.54,2.48778,1960.3,130.97,False,211.818,5.85691,23.319187252911746,0.0838517816104309,23.23704708551321,0.0014667467773694272,23.169193623168653,0.07253934016251279,25.585092877332954,0.0300213376038559
2018 FU45,nan,MBO,MBO,21164741019055445,745306226852102155,27.776318,2.1716683,1.9653558,150.81540713787007,2.0894141692921533,2025052500528,141,60820.9743077991,g,150.8154019274462,2.0893774278347177,13.794774055480957,1888.24,134.91,False,1892.25,0.769061,2208.62,133.063,False,314.778,5.33241,23.209857022167476,0.07757312424138564,23.207553715226812,0.00044127224352361126,23.03969744096514,0.06541248054973445,25.15498901859553,0.018392613727134275
2018 FU45,nan,MBO,MBO,21164741019055445,745306226985271308,27.776314,2.1716685,1.9653617,150.81556493852688,2.089363286358242,2025052500529,139,60820.97482747467,g,150.81557242073853,2.0894111683434713,11.506599426269531,1595.05,138.869,False,1604.23,1.41835,2141.88,137.626,False,588.355,4.57526,23.393064213195892,0.0945268800234868,23.386833429143202,0.0009599333913920028,23.073012220425245,0.06976373409274893,24.475901414648856,0.008443075642016453
2018 FU45,nan,MBO,MBO,21164741019055445,745306227119489088,27.776312,2.1716685,1.9653677,150.81572365288508,2.0893121091009528,2025052500530,139,60820.97535075101,g,150.81571942378795,2.0893034742963663,14.101471900939941,1703.95,120.606,False,1764.03,1.97686,1922.27,119.758,False,184.412,5.55918,23.32135791396011,0.07684867954562488,23.283735065234247,0.0012167301511059928,23.190464018573238,0.06764169372695064,25.735527040127764,0.03272998869442362
2018 FU45,nan,MBO,MBO,21164741019055445,745306227389497345,27.776306,2.1716688,1.9653797,150.81604200315542,2.0892094583901533,2025052500532,142,60820.97639929077,g,150.81605073965792,2.0891931830344177,14.732253074645996,1796.15,121.428,False,1757.98,0.308712,1827.33,119.991,False,43.2792,6.64213,23.264143478673375,0.07340076029481123,23.287465187236187,0.00019066189892024944,23.245457565450664,0.07129449697777422,27.309301901180234,0.1666297125602308
2018 FU45,nan,MBO,MBO,21164741019055445,745306227522142308,27.776302,2.1716688,1.9653857,150.81620042491824,2.089158376457689,2025052500533,139,60820.97692103904,g,150.81620778894882,2.0891527007378317,13.40461254119873,1580.25,117.524,False,1553.72,0.529873,1585.14,115.982,False,26.6508,6.60448,23.4031855025005,0.0807467577795343,23.42156813008163,0.00037027413274284186,23.399830926827605,0.07944147380577288,27.835724345906826,0.26906219068960097
2018 FU45,nan,MBO,MBO,21164741019055445,745306227654262856,27.7763,2.171669,1.9653918,150.81635976092468,2.089107000086532,2025052500534,135,60820.977446518904,g,150.81635961184892,2.0891070540432533,16.357595443725586,1898.11,115.104,False,1973.54,1.0483,1903.13,113.853,False,-1.69647,7.44013,23.20419656532588,0.06584053454994065,23.161885145596408,0.0005767186229590922,23.201328858926765,0.06495316681321459,nan,nan
2018 FU45,nan,MBO,MBO,21164741019055445,745306227788480580,27.776297,2.171669,1.9653977,150.81651819021525,2.089055916440284,2025052500535,135,60820.97796848843,g,150.8165101257261,2.0890610084817336,14.969537734985352,1708.9,114.592,False,1884.83,2.47869,1757.64,113.273,False,-10.7347,6.70834,23.318208360043293,0.07280512874525971,23.21181956122937,0.0014278229003654328,23.287675171933714,0.06997143837539128,nan,nan
2018 FU45,nan,MBO,MBO,21164741019055445,745306227919028293,27.776293,2.1716692,1.9654037,150.81667510558694,2.0890053213079383,2025052500536,128,60820.9784858992,g,150.81669224943332,2.0889783514462974,14.082751274108887,1719.7,120.727,False,1733.28,2.03184,1715.34,119.888,False,-30.2673,5.83474,23.311368302669692,0.07622124537073198,23.302828167142238,0.0012727558769172573,23.31412448402706,0.07588393277127355,nan,nan
2018 FU45,nan,MBO,MBO,21164741019055445,745306228053246028,27.77629,2.1716692,1.9654096,150.8168341492619,2.088954040321563,2025052500537,128,60820.979009012066,g,150.81683307016704,2.0889364888799022,16.1737060546875,1879.06,115.253,False,1744.46,0.892811,1833.31,113.977,False,-37.5315,7.12802,23.215148346849514,0.06659412105826917,23.295847485206423,0.0005556775442196232,23.24191019691145,0.06750028560641412,nan,nan
2018 FU45,nan,MBO,MBO,21164741019055445,745306230877585421,27.776188,2.1716728,1.9656173,150.82232740992058,2.0871831612379266,2025052500558,139,60820.99709920843,r,150.82233771514942,2.0871789801349934,8.404918670654297,2997.37,351.884,False,3639.69,11.3529,3329.16,361.997,False,-226.08,4.61095,22.70814906695383,0.12746280460999398,22.497339028838724,0.0033866220118644913,22.594163358850057,0.11805778916085422,nan,nan
2018 FU45,nan,MBO,MBO,21164741019055445,745306231547101234,27.776173,2.1716733,1.9656473,150.82312226072617,2.086926992477673,2025052500563,136,60820.99971589072,r,150.8231169251016,2.0869130089994803,11.893671989440918,3155.65,262.182,False,3287.62,5.60425,2875.87,272.042,False,-99.7239,4.79429,22.65227796194086,0.09020661539370986,22.607795926841987,0.0018508029696022396,22.75307682967847,0.10270486082360157,nan,nan
2018 FU45,nan,MBO,MBO,21164741019055445,745306231682367545,27.776169,2.1716735,1.9656534,150.82328148958504,2.086875677961705,2025052500564,138,60821.000239021814,r,150.8233019157497,2.086874248005145,10.94935131072998,3012.58,269.836,False,3129.34,3.36676,3430.08,276.147,False,-121.184,4.93106,22.702653500440537,0.09724910387743876,22.661368090961417,0.0011681099333664903,22.561739352165773,0.08740985410030915,nan,nan
2018 FU45,nan,MBO,MBO,21164741019055445,745306231816585290,27.776165,2.1716735,1.9656594,150.82344102773004,2.086824264674564,2025052500565,138,60821.000764293705,r,150.82346482181902,2.0868184562586425,13.534463882446289,3211.51,232.152,False,2980.21,5.1609,3079.13,233.59,False,-114.88,5.26444,22.63322680005246,0.07848514338143722,22.714382845124437,0.0018801950797060277,22.678929978619667,0.08236648850347,nan,nan
2018 FU45,nan,MBO,MBO,21164741019055445,745306231951327245,27.776163,2.1716735,1.9656655,150.82360057125743,2.0867728505680363,2025052500566,139,60821.00128955838,r,150.82363333965367,2.0867841105417604,9.241000175476074,3176.63,343.481,False,3317.22,7.33659,2922.91,347.133,False,-142.558,5.0627,22.64508345743632,0.11739792093678136,22.598064321732625,0.0024012882021802484,22.735461424894737,0.12894508299197238,nan,nan
2018 FU45,nan,MBO,MBO,21164741019055445,745306232085020717,27.77616,2.1716738,1.9656714,150.82375890456174,2.08672182738164,2025052500567,138,60821.00181050827,r,150.8237564918001,2.0867085094920927,14.109198570251465,3291.26,230.075,False,3628.99,5.63277,3294.83,231.885,False,-136.361,5.20305,22.60659451764149,0.0758982132238502,22.500535574257476,0.0016852353975342768,22.605417445114647,0.076412418214746,nan,nan
2018 FU45,nan,MBO,MBO,21164741019055445,745306232219238461,27.776157,2.1716738,1.9656775,150.8239181549282,2.08667050960334,2025052500568,138,60821.00233476552,r,150.82389155970324,2.0866814957927176,12.211058616638184,2643.55,215.267,False,2736.02,4.92234,2653.28,216.412,False,-109.781,5.65271,22.844531157327122,0.08841261539109901,22.807201822990052,0.0019533346324314606,22.840542279529195,0.08855693471210509,nan,nan
2018 FU45,nan,MBO,MBO,21164741019055445,745306232353456216,27.776154,2.171674,1.9656835,150.82407680304286,2.086619386840331,2025052500569,138,60821.002856651525,r,150.8240916325664,2.086604997089096,13.94662857055664,2928.78,206.809,False,3052.4,5.11048,2843.69,206.807,False,-44.4074,5.98932,22.73328311368607,0.07666674272322517,22.688396422530214,0.0018177935901182683,22.765294395450912,0.07896003409162174,nan,nan
2018 FU45,nan,MBO,MBO,21164741019055445,745306232487673943,27.77615,2.171674,1.9656894,150.8242345447243,2.0865685571105352,2025052500570,138,60821.003375144894,r,150.8242451546704,2.0865856893934374,14.291794776916504,3017.44,208.709,False,2850.45,1.90869,3023.17,208.48,False,-33.3486,6.1339,22.700903413163882,0.07509773899779751,22.762716450077704,0.0007270198901286641,22.698843604881525,0.07487315803566282,nan,nan
2018 FU45,nan,MBO,MBO,21164741019055445,745306232616648764,27.776148,2.1716743,1.9656955,150.82439381152923,2.0865172369010034,2025052500571,128,60821.00389933289,r,150.82441114185434,2.086516278665257,15.798945426940918,3155.24,196.36,False,2962.14,8.36933,3205.64,193.957,False,-6.33886,6.52148,22.652419005890643,0.0675686041280019,22.720986087410004,0.003067675856346396,22.635213164912663,0.06569238745407746,nan,nan
2018 FU45,nan,MBO,MBO,21164741019055445,745306232750866468,27.776144,2.1716743,1.9657015,150.82455278001677,2.0864660137983604,2025052500572,128,60821.00442242049,r,150.82454877281583,2.086452373271594,10.461501121520996,2902.01,281.515,False,2861.66,2.50565,2860.43,282.994,False,-28.1624,6.80487,22.7432527347608,0.10532391086118584,22.758454950785783,0.0009506632696485962,22.758921715336182,0.10741630659854993,nan,nan
2018 FU45,nan,MBO,MBO,21164741019055445,745306232885084194,27.77614,2.1716743,1.9657075,150.82471205813695,2.086414691919912,2025052500573,128,60821.00494649089,r,150.82471298323352,2.086400580082995,13.939780235290527,2950.87,210.419,False,2745.46,2.96956,2922.14,211.943,False,-97.1437,7.3871,22.725124763974712,0.0774210738826512,22.803462213860925,0.0011743601254773442,22.735747491948473,0.07874851632103207,nan,nan
2018 FU45,nan,MBO,MBO,21164741019055445,745306233019301923,27.776138,2.1716745,1.9657135,150.8248710377063,2.086363467243666,2025052500574,128,60821.00546957778,r,150.82487937449363,2.0863353639765436,12.316839218139648,3188.33,254.423,False,2945.88,0.781453,3252.92,256.037,False,-122.607,5.54864,22.641091809400855,0.08663979580553859,22.72696241333227,0.0002880130428731234,22.619316569366738,0.08545818327850586,nan,nan
2018 FU45,nan,MBO,MBO,21164741019055445,745306233157189690,27.776134,2.1716745,1.9657195,150.82502819924727,2.0863128293508524,2025052500575,135,60821.00598691785,r,150.82504827438513,2.0862955453776966,12.577847480773926,3237.53,257.067,False,3186.26,3.32904,3212.65,258.727,False,-82.4708,6.22378,22.62446548662233,0.08620983629920256,22.64179696791681,0.001134389315010959,22.632841497484797,0.08743849110682285,nan,nan
2018 FU45,nan,MBO,MBO,21164741019055445,745306233287213116,27.77613,2.1716747,1.9657255,150.8251877981155,2.086261407171597,2025052500576,127,60821.00651108364,r,150.82514608033017,2.086211121175514,9.643667221069336,3394.22,348.931,False,3657.84,9.08236,3391.04,353.374,False,-105.806,4.98232,22.573150038983037,0.11161534098183595,22.491938211928076,0.002695866175199355,22.57416770585466,0.11314255612244943,nan,nan
2018 FU45,nan,MBO,MBO,21164741019055445,745306233423003656,27.776129,2.1716747,1.9657315,150.82534679486432,2.0862101800342185,2025052500577,130,60821.00703421028,r,150.82534474419083,2.0862062857734154,10.942276954650879,3089.27,283.142,False,3109.39,2.0516,3104.55,286.186,False,-80.8463,6.10632,22.675360325663224,0.09951137863914078,22.668312043735238,0.0007163773126789806,22.670003336118775,0.10008616438590594,nan,nan
2018 FU45,nan,MBO,MBO,21164741019055445,745306233535725625,27.776125,2.171675,1.9657376,150.82550579737682,2.086158952090527,2025052500578,89,60821.00755743646,r,150.825535176501,2.0861496712475067,10.184388160705566,3180.68,316.472,False,3195.78,5.23307,3240.84,320.129,False,-59.7001,6.23913,22.64370007818725,0.1080288174674955,22.63855780380053,0.0017778862740202355,22.623355994357198,0.1072486249494624,nan,nan
2018 FU45,nan,MBO,MBO,21164741019055445,745306233690390558,27.776121,2.171675,1.9657435,150.82566419761,2.086107919247946,2025052500579,128,60821.00807812068,r,150.82565212090276,2.0860802369439506,13.502853393554688,3329.76,245.445,False,3530.96,3.44184,3394.54,248.599,False,-58.8818,5.11531,22.59396766712792,0.08003235366737019,22.530268017648822,0.0010583326540121662,22.573047660991904,0.0795138459409426,nan,nan
2018 FU45,nan,MBO,MBO,21164741019055445,745306235972091943,27.776028,2.1716778,1.9659158,150.83021571617692,2.084642027429864,2025052500596,128,60821.02304002378,i,150.83029761569287,2.0847161832657344,5.533256530761719,6492.78,1214.78,False,6525.84,58.5651,6715.45,1232.55,False,-425.896,7.14806,21.868923316980023,0.20313805523484546,21.86340897202969,0.009743765199648556,21.832312168662313,0.1992754280454941,nan,nan
2018 FU45,nan,MBO,MBO,21164741019055445,745306236220080144,27.776022,2.171678,1.9659281,150.83053928898164,2.084537856079879,2025052500598,89,60821.02410394958,i,150.83046917173158,2.084585050195283,5.5357513427734375,4381.22,829.327,False,5661.78,59.6204,4127.74,849.592,False,-315.337,7.46478,22.29601229293456,0.20552045639261887,22.0176175663002,0.011433158601817584,22.36071910350496,0.2234716139002891,nan,nan
2018 FU45,nan,MBO,MBO,21164741019055445,745306236374745095,27.776018,2.1716783,1.9659342,150.83069941164317,2.084486308208465,2025052500599,128,60821.02462903415,i,150.83068127247665,2.084477955694617,6.209942817687988,4569.14,728.528,False,4512.07,62.0957,4379.66,737.212,False,-230.506,7.8495,22.250413804537715,0.17311555753300872,22.264060470678878,0.014942044677387845,22.296398969168667,0.182757954587535,nan,nan
2018 FU45,nan,MBO,MBO,21164741019055445,745319361553104926,27.725094,2.1722744,1.9995197,151.7597745472115,1.7889951632328522,2025052800085,179,60823.970929467236,i,151.75981866268657,1.7890080609992483,10.326337814331055,3834.42,365.901,False,3856.07,17.5151,3717.77,365.17,False,-69.3816,13.2496,22.44075081904214,0.10360679638948642,22.4346377079128,0.004931647605733087,22.4742936977455,0.10664411794909598,nan,nan
2018 FU45,nan,MBO,MBO,21164741019055445,745319361821016076,27.725077,2.1722746,1.9995316,151.76010199382935,1.7888878919012652,2025052800087,178,60823.971973280684,i,151.76016405427848,1.7888540443392682,8.125154495239258,3161.79,374.561,False,3670.78,3.60189,3190.73,370.624,False,39.4508,12.2064,22.650167432707896,0.12862158416672298,22.48810409929905,0.0010653600711407986,22.64027486741834,0.12611530587933462,27.40986041299853,0.33593563879642574
2018 FU45,nan,MBO,MBO,21164741019055445,745319362223144963,27.725052,2.1722748,1.9995497,151.76059632754266,1.788725951674087,2025052800090,177,60823.97354942407,i,151.76064058980634,1.7887214968671867,10.346912384033203,3821.34,356.621,False,4066.22,5.47785,3665.49,349.226,False,-113.254,14.7314,22.444460774189267,0.10132475114938842,22.37702282747755,0.001462660669863277,22.48966990533261,0.10344246667347282,nan,nan
2018 FU45,nan,MBO,MBO,21164741019055445,745319362353692736,27.725042,2.172275,1.9995557,151.760760067398,1.7886723125605837,2025052800091,170,60823.97407135773,i,151.7607638468459,1.788656173949724,10.727912902832031,3877.94,364.388,False,3963.56,7.83854,3818.44,362.455,False,-117.824,12.3541,22.428497303072263,0.10202046722933095,22.40478639172853,0.002147207719439331,22.445285089595302,0.10306054502763805,nan,nan
2018 FU45,nan,MBO,MBO,21164741019055445,745319362625798150,27.725025,2.1722753,1.9995676,151.7610881856355,1.788564826588949,2025052800093,177,60823.975117617665,i,151.76110047985574,1.7885480092985613,9.599528312683105,3376.57,342.5,False,3405.07,17.3623,3211.35,338.458,False,-113.052,15.4471,22.57881058414271,0.11013088507010986,22.56968486724235,0.005536120631017821,22.633280863931745,0.11443041141498005,nan,nan
2018 FU45,nan,MBO,MBO,21164741019055445,745319362756345899,27.725018,2.1722753,1.9995736,151.76125130929665,1.7885113907769936,2025052800094,170,60823.97563737584,i,151.76125666731159,1.788469126283883,10.120577812194824,3287.63,322.605,False,3205.92,2.02412,3327.52,319.461,False,-49.1039,16.8452,22.607792701750125,0.10653995514988047,22.635118324357478,0.000685500736338734,22.594698307442535,0.10423690017848905,nan,nan
2018 FU45,nan,MBO,MBO,21164741019055445,745319362890039416,27.725008,2.1722755,1.9995797,151.7614156917819,1.7884575431106178,2025052800095,169,60823.97616159748,i,151.76141362492845,1.7884044401554544,9.920557022094727,3568.89,353.338,False,3844.03,7.83192,3658.78,346.977,False,-13.3115,14.5707,22.518667126736922,0.10749333390710385,22.43803307077942,0.0022121053143450793,22.491659250220515,0.10296477978145117,nan,nan
2018 FU45,nan,MBO,MBO,21164741019055445,745319363024257153,27.725,2.1722755,1.9995856,151.76157945060123,1.7884039002623182,2025052800096,169,60823.97668360425,i,151.761616622985,1.7883943906947461,9.340325355529785,3687.34,390.444,False,3905.76,12.4004,3781.3,387.943,False,-13.9646,12.2197,22.48321701258706,0.11496612107676839,22.420736113857316,0.0034471046289147275,22.455897149241014,0.11139125370148681,nan,nan
2018 FU45,nan,MBO,MBO,21164741019055445,745319363158474846,27.72499,2.1722758,1.9995916,151.76174352714926,1.788350153868462,2025052800097,169,60823.97720658222,i,151.76175091429195,1.7883352455800439,11.246594429016113,3883.72,341.29,False,4063.76,0.875159,4277.46,337.058,False,18.3009,14.3463,22.426880229326876,0.09541133794266504,22.377679869374347,0.00023382085464905962,22.322035117427582,0.0855545328663416,28.24381890945472,0.851121959627824
2018 FU45,nan,MBO,MBO,21164741019055445,745319363290595329,27.724983,2.1722758,1.9995977,151.76190917628244,1.7882958928980812,2025052800098,165,60823.97773406464,i,151.76193659066868,1.7882961917592453,11.838849067687988,4233.17,356.044,False,4146.45,7.31669,4215.17,350.426,False,48.6576,13.4252,22.33333574586462,0.09131924191872744,22.35580886684177,0.0019158544835163472,22.337962283532132,0.09026212389388376,27.18212328133592,0.2995673045407959
2018 FU45,nan,MBO,MBO,21164741019055445,745319363825893431,27.724949,2.1722763,1.9996215,151.76256397030252,1.788081410544597,2025052800102,162,60823.97982178057,i,151.76257211642573,1.7880661553457466,12.483715057373047,4157.72,329.879,False,4011.23,3.25859,4135.28,327.664,False,-26.8782,17.233,22.352861847418623,0.08614374046263622,22.391806093496875,0.000882016024565393,22.35873775394917,0.08602964923033847,nan,nan
2018 FU45,nan,MBO,MBO,21164741019055445,745319364208623632,27.724922,2.1722765,1.9996395,151.76305534438123,1.78792046384138,2025052800105,124,60823.98138725439,i,151.7630074799949,1.7879253053859654,9.211216926574707,3359.94,358.647,False,3697.26,12.4165,3371.2,352.642,False,-11.509,13.8923,22.584171213779086,0.11589374895518322,22.48030001649678,0.0036462254886520723,22.580538720065633,0.11357267157343102,nan,nan
2018 FU45,nan,MBO,MBO,21164741019055445,745319364343365681,27.724913,2.1722767,1.9996455,151.763220085619,1.7878665050887543,2025052800106,125,60823.98191238269,i,151.7632332971237,1.7878167203123922,11.263569831848145,3920.07,345.343,False,4180.57,2.2234,3744.46,342.783,False,-151.769,12.7137,22.41676542554205,0.09564915360502174,22.346911296371303,0.0005774394652096736,22.466527022279003,0.09939267770520255,nan,nan
2018 FU45,nan,MBO,MBO,21164741019055445,745319364477059085,27.724905,2.1722767,1.9996516,151.7633848311943,1.787812545576489,2025052800107,124,60823.98243712131,i,151.763368767682,1.7878357880594238,8.212902069091797,3230.47,389.49,False,3161.13,8.66852,2998.02,388.796,False,-217.266,11.8537,22.626835729129212,0.13090460138105195,22.65039414933657,0.002977329728951512,22.707913678600164,0.1408028898563453,nan,nan
2018 FU45,nan,MBO,MBO,21164741019055445,745319364876042316,27.724878,2.1722772,1.9996696,151.76387846664187,1.787650868057562,2025052800110,117,60823.984010136104,i,151.76389095035674,1.7876273550030828,8.141505241394043,2994.31,364.919,False,3060.09,3.17174,2886.87,358.312,False,-52.9476,14.2778,22.709258076979502,0.13231955583854477,22.6856644696638,0.001125350205705962,22.748931887421207,0.1347592056208529,nan,nan
2018 FU45,nan,MBO,MBO,21164741019055445,745319365144477727,27.724861,2.1722772,1.9996815,151.76420611460213,1.7875435589446536,2025052800112,117,60823.98505448804,i,151.76419601153017,1.78751953183811,9.522902488708496,3699.69,383.135,False,4390.27,14.2162,3696.66,383.218,False,-28.629,12.7713,22.479586677926253,0.11243740908049808,22.293771920131526,0.0035157388565090946,22.4804762552876,0.11255394133044541,nan,nan
2018 FU45,nan,MBO,MBO,21164741019055445,745319365278695466,27.724852,2.1722775,1.9996874,151.7643699452449,1.787489903289234,2025052800113,117,60823.98557674613,i,151.76438554464406,1.7874659701827729,9.396419525146484,3587.44,378.063,False,4137.71,3.29101,3460.07,373.425,False,-111.153,12.708,22.513038402184378,0.11442050062449204,22.358099887836318,0.0008635618821975663,22.55228776602838,0.11717711520230352,nan,nan
2018 FU45,nan,MBO,MBO,21164741019055445,745319365392465954,27.724844,2.1722775,1.9996935,151.76453409436678,1.7874361440701698,2025052800114,78,60823.98609996366,i,151.76452726596196,1.78742349923118,8.62641429901123,3139.13,357.572,False,2959.84,7.54754,2955.47,352.061,False,-147.566,13.3274,22.65797678703071,0.12367403417289155,22.72182938014212,0.002768608234048285,22.723433622444123,0.12933488846404592,nan,nan
2018 FU45,nan,MBO,MBO,21164741019055445,745319365579112479,27.72483,2.1722777,1.9997022,151.76477263670807,1.7873580222441237,2025052800115,178,60823.9868594163,i,151.7647508211113,1.7873661062409127,9.036696434020996,3226.78,356.658,False,3093.2,12.497,2929.27,352.678,False,-180.652,14.0697,22.628076598977607,0.12000709326408449,22.673980013374006,0.004386539920926396,22.733101483234215,0.13072037759449653,nan,nan
2018 FU45,nan,MBO,MBO,21164741019055445,745319365713330189,27.724823,2.172278,1.9997082,151.7649361693782,1.7873044667746634,2025052800116,178,60823.98738087852,i,151.76490089567994,1.7872786646351888,7.762725830078125,3121.54,396.324,False,3230.08,26.3073,2929.78,393.878,False,-122.776,12.4544,22.664077725328138,0.13784968822963217,22.626966776945682,0.008842749400908607,22.73291246417341,0.14596576893440244,nan,nan
2018 FU45,nan,MBO,MBO,21164741019055445,745319365847023624,27.724813,2.172278,1.9997143,151.76510253170122,1.7872499854165815,2025052800117,177,60823.98791093669,i,151.765126456688,1.7872119832790787,7.481473445892334,2918.44,396.879,False,3100.38,14.9224,2858.75,394.892,False,1.97117,11.6098,22.737123099026782,0.14764939675781671,22.671462724364766,0.005225743640943645,22.759559555962987,0.14997762641498594,30.663189826227132,6.394771068259687
2018 FU45,nan,MBO,MBO,21164741019055445,745319365981241358,27.724602,2.1722806,1.999859,151.7690622108263,1.785953514084747,2025052800118,177,60824.00052049079,z,151.76908535471213,1.7859328494613729,7.351225852966309,4854.03,652.992,False,5338.73,4.08023,4941.19,640.647,False,-88.8502,28.1253,22.184743907726876,0.14605947881836087,22.081405110272318,0.0008297954208658238,22.165421128320823,0.14077046641190716,nan,nan
2018 FU45,nan,MBO,MBO,21164741019055445,745319366648135689,27.724558,2.172281,1.9998891,151.7698878225109,1.785683267433126,2025052800123,169,60824.003148237476,z,151.76986894588703,1.785687637189867,6.916158676147461,4881.14,695.331,False,5577.02,23.4059,3804.5,678.424,False,-384.997,25.3238,22.17869680910598,0.15466592086132813,22.03399449135477,0.004556668599389788,22.44925602890857,0.19361006996192814,nan,nan
2018 FU45,nan,MBO,MBO,21164741019055445,745319368747909174,27.724413,2.172283,1.9999869,151.772560135775,1.784808746735242,2025052800139,78,60824.01165192337,z,151.77253928310614,1.7847665763588607,5.495871543884277,3578.68,625.257,False,nan,nan,3684.7,616.215,False,-29.3712,31.8376,22.5156928552671,0.18969681441806757,nan,nan,22.483994678505425,0.18157434077100443,nan,nan
2018 FU45,nan,MBO,MBO,21164741019055445,745319368902574100,27.7244,2.172283,1.9999952,151.77278994912854,1.784733555477107,2025052800140,117,60824.01238206441,z,151.77282513281864,1.784740936045675,5.250473976135254,3345.75,629.187,False,3568.67,97.0091,3460.85,613.502,False,-108.683,32.1803,22.588766283416707,0.20417876953945285,22.51873404881188,0.029514159727461152,22.552043028036415,0.19246755267349258,nan,nan
2018 FU45,nan,MBO,MBO,21164741019055445,745319369150562336,27.724382,2.1722832,2.0000074,151.77312007196247,1.784625549163534,2025052800142,78,60824.013432854816,z,151.7730943866242,1.7846389310588906,5.040036678314209,3326.19,657.897,False,3348.06,41.1225,3501.51,649.648,False,-47.629,25.5527,22.595132385273754,0.21475098379729515,22.588016900231956,0.013335539921572092,22.53936156949177,0.2014406250773389,nan,nan
2018 FU45,nan,MBO,MBO,21164741019055445,745319370003578944,27.724323,2.172284,2.000046,151.77418104233928,1.7842784691720033,2025052800148,169,60824.01680674485,z,151.77430179124812,1.784256812217116,5.670815467834473,3518.02,635.592,False,4322.43,100.397,2530.2,625.985,False,-167.615,35.374,22.534254233723388,0.1961572760494546,22.310680033896134,0.025218374100245626,22.89211289245641,0.2686169375334915,nan,nan
2018 FU45,nan,MBO,MBO,21164741019055445,745319370136223779,27.724314,2.1722841,2.0000522,151.7743480425002,1.7842238430433504,2025052800149,166,60824.017337786245,z,151.77437953431942,1.7842244513561156,7.420248508453369,4366.99,581.216,False,4797.4,14.2364,4251.89,570.219,False,-244.559,32.4701,22.29954444815737,0.14450393150146998,22.19748519510982,0.003221948313811079,22.32854491401321,0.14560757373120065,nan,nan
2018 FU45,nan,MBO,MBO,21164741019055445,745319370538876962,27.724287,2.1722844,2.0000703,151.77484090633487,1.784062634941873,2025052800152,166,60824.018904653494,z,151.77482733942807,1.78404955860709,6.550636291503906,3618.28,558.858,False,3753.36,89.8201,3818.36,544.301,False,190.266,32.8853,22.503744562131498,0.16769634404391218,22.463949415530305,0.02598230131791128,22.44530778984846,0.15476993078910822,25.701596993041775,0.1876570656641155
2018 FU45,nan,MBO,MBO,21164741019055445,745319371188469821,27.724241,2.1722848,2.0001004,151.7756638442227,1.7837934946060714,2025052800157,125,60824.021520801994,z,151.77569564205638,1.783783722620741,6.798709392547607,3957.59,581.905,False,3900.78,37.0723,3551.55,574.406,False,-384.516,34.2063,22.406422975921767,0.1596414343091305,22.42212134875019,0.010318638312071762,22.523955152059763,0.17560034019450613,nan,nan
2018 FU45,nan,MBO,MBO,21164741019055445,745319371322163219,27.724234,2.172285,2.0001063,151.77582838928652,1.7837396850226166,2025052800158,124,60824.022043167475,z,151.77583626545186,1.7837402659472723,6.184619426727295,3809.62,602.303,False,4418.51,109.027,3514.51,588.879,False,-317.891,31.1524,22.447795821463608,0.17165547479596283,22.286810452020067,0.026790607679758514,22.535338038551,0.18192216823783897,nan,nan
2018 FU45,nan,MBO,MBO,21164741019055445,745319371614715922,27.724075,2.172287,2.0002093,151.77864343107333,1.7828193584476042,2025052800160,170,60824.030987239064,r,151.77867365938314,1.7828272962020444,10.121147155761719,2869.62,280.939,False,2819.15,1.09571,2625.56,279.314,False,-130.507,7.59762,22.755438979357457,0.10629477984393426,22.774704577055775,0.00042198964248793487,22.85194510739438,0.11550347754066038,nan,nan
2018 FU45,nan,MBO,MBO,21164741019055445,745319371881578554,27.724058,2.1722872,2.0002215,151.7789731045283,1.782711609919958,2025052800162,167,60824.032034955926,r,151.77898844359606,1.7827064616955757,11.249652862548828,3001.91,265.19,False,2851.67,5.00189,2926.16,263.402,False,-126.464,7.83476,22.706505862894133,0.09591439957244154,22.762251862727446,0.001904404581224617,22.734254859360504,0.09773392608161653,nan,nan
2018 FU45,nan,MBO,MBO,21164741019055445,745319372151062599,27.72404,2.1722872,2.0002337,151.77930375268724,1.782603549906559,2025052800164,169,60824.033084296345,r,151.77931100649255,1.7825783346055413,9.692205429077148,3039.85,314.229,False,3495.72,0.550475,1480.54,311.087,False,-120.321,7.19096,22.692869579930296,0.11223244408964247,22.541158410953173,0.00017097211555067174,23.473949608125448,0.22813190857042212,nan,nan
2018 FU45,nan,MBO,MBO,21164741019055445,745319372283707413,27.72403,2.1722875,2.0002396,151.77946940330153,1.7825494158769613,2025052800165,166,60824.03361075795,r,151.77949546528654,1.7825656585099403,12.453412055969238,3272.3,265.281,False,3575.97,3.10446,3159.89,264.472,False,-126.624,8.20975,22.612867202923624,0.08801918778790606,22.516515342148832,0.0009425763210862561,22.650820125636635,0.09087240975856535,nan,nan
2018 FU45,nan,MBO,MBO,21164741019055445,745319372417400883,27.72402,2.1722875,2.0002458,151.7796356913743,1.7824950753502444,2025052800166,165,60824.03413813954,r,151.77963704280336,1.7824675151840375,10.373926162719727,3016.88,284.422,False,2946.52,0.735519,2987.49,282.029,False,-133.963,7.85066,22.701104952330343,0.10235981266876358,22.726726509583102,0.00027102466419735806,22.71173385292814,0.10249710897114972,nan,nan
2018 FU45,nan,MBO,MBO,21164741019055445,745319372685836301,27.724,2.1722877,2.0002577,151.77996608630693,1.782387112545125,2025052800168,165,60824.03518783525,r,151.77998425031558,1.7823754522349848,10.656479835510254,2745.21,256.99,False,2792.85,3.53193,2679.41,251.984,False,-85.0776,9.81303,22.80356108487493,0.10164007148021985,22.784880934563997,0.00137305766753711,22.829902100872165,0.10210761091794755,nan,nan
2018 FU45,nan,MBO,MBO,21164741019055445,745319373335429140,27.723955,2.1722884,2.000288,151.780790476752,1.782117759501597,2025052800173,124,60824.037804515276,r,151.78082187393736,1.7820851148562116,9.12853717803955,2652.11,294.486,False,2789.2,89.4805,2725.44,293.644,False,-145.388,7.24261,22.841021123317976,0.12055838212840088,22.786300877674847,0.03483157155291954,22.811408459428485,0.11697925563686505,nan,nan
2018 FU45,nan,MBO,MBO,21164741019055445,745319373469646855,27.723946,2.1722884,2.000294,151.78095619761925,1.782063619157682,2025052800174,124,60824.03833093225,r,151.78096139608235,1.7820694423799677,10.76427173614502,3098.71,291.546,False,3171.45,3.36822,2960.84,289.963,False,-178.379,7.12119,22.672047679488294,0.10215284446585648,22.64685534459455,0.001153099861120539,22.72146261950555,0.10632905917871767,nan,nan
2018 FU45,nan,MBO,MBO,21164741019055445,745319374250836034,27.72389,2.1722891,2.0003304,151.7819528969577,1.78173804206898,2025052800180,78,60824.04149341594,r,151.78194922342328,1.7817234014005354,9.988574028015137,2822.85,280.088,False,2850.73,7.07686,2612.17,278.588,False,-191.628,7.83781,22.773280459157355,0.10772860243430717,22.76260979217534,0.0026953107160156415,22.857496438962933,0.11579380386472132,nan,nan
2018 FU45,nan,MBO,MBO,21164741019055445,745319374406025239,27.72388,2.1722891,2.0003366,151.78211898954055,1.7816837939159105,2025052800181,118,60824.04202079975,r,151.78211827558047,1.7816562912276082,11.90043830871582,3273.3,274.318,False,3192.12,9.52846,3137.11,273.3,False,-205.293,7.82532,22.612535457568875,0.09098981833377738,22.639801937060938,0.0032409161084400603,22.658675595026004,0.09458759219345336,nan,nan
2018 FU45,nan,MBO,MBO,21164741019055445,745319374519271467,27.723871,2.1722894,2.0003426,151.78228509034733,1.781629545065141,2025052800182,78,60824.04254722603,r,151.7822625538624,1.7816365245583992,8.879918098449707,2754.93,304.67,False,2626.46,13.0319,2757.08,304.657,False,-224.504,7.02074,22.79972360608567,0.12007247817211915,22.85157303852896,0.005387177530937769,22.79887654956803,0.11997371842996335,nan,nan
2018 FU45,nan,MBO,MBO,21164741019055445,745319374651916417,27.723862,2.1722894,2.0003488,151.78244993857624,1.7815757072851712,2025052800183,75,60824.0430702788,r,151.78240692985582,1.7815590588959547,11.710677146911621,3421.5,286.927,False,3487.22,5.67301,3256.36,285.434,False,-206.656,7.55619,22.564458639169175,0.09104984192407257,22.54380164213545,0.0017662757899418425,22.618168935732825,0.09516945525305258,nan,nan
2018 FU45,nan,MBO,MBO,21164741019055445,745319374787706900,27.723852,2.1722896,2.0003548,151.78261542540986,1.7815216629334265,2025052800184,78,60824.04359566094,r,151.78261954740935,1.7815056460935847,11.361204147338867,3327.57,293.933,False,3323.02,19.5114,3280.36,293.925,False,-193.632,7.25237,22.594681977137768,0.09590593388755864,22.596167605766688,0.006374994283177545,22.610196195536535,0.09728352689324908,nan,nan
2018 FU45,nan,MBO,MBO,21164741019055445,745319374920351761,27.723843,2.1722896,2.0003607,151.78278155097067,1.7814674120032836,2025052800185,75,60824.044122991545,r,151.78276377951744,1.78143756515251,9.862812042236328,3019.64,302.771,False,3196.03,17.2429,2840.65,301.326,False,-177.445,7.19966,22.7001121144541,0.10886378637983951,22.638472871974074,0.005857655139200588,22.766455719678333,0.1151710160311165,nan,nan
2018 FU45,nan,MBO,MBO,21164741019055445,745319375054569520,27.723833,2.1722898,2.000367,151.78294736954555,1.7814132633483744,2025052800186,75,60824.044648688796,r,151.7829226055837,1.7813892104875289,11.410049438476562,3346.67,292.526,False,3239.16,13.6145,3305.7,292.117,False,-157.571,8.15536,22.588467798712166,0.09490211987067561,22.623919027603165,0.004563453491172215,22.60184142157574,0.09594397930283957,nan,nan
2018 FU45,nan,MBO,MBO,21164741019055445,745319375323004935,27.723814,2.1722898,2.000379,151.78327934725118,1.7813048609464346,2025052800188,75,60824.04570146889,r,151.7832518536886,1.7813429750442482,7.69223165512085,2356.59,299.324,False,2438.25,21.4239,2231.63,298.651,False,-80.0054,7.32092,22.969289883367964,0.13790557424029373,22.932304417780433,0.009539917782496327,23.028444579422228,0.14530017134331102,nan,nan
2018 FU45,nan,MBO,MBO,21164741019055445,745319375641247752,27.723791,2.1722903,2.000394,151.78368829657836,1.7811713359190162,2025052800190,170,60824.046998932594,r,151.7837028171717,1.7811075414041162,8.92466926574707,3037.98,328.736,False,3153.07,15.0353,2910.41,327.235,False,-142.889,6.52641,22.69353773089062,0.11748614904797859,22.653165945344227,0.005177293711256829,22.740114597956257,0.1220758868300389,nan,nan
2018 FU45,nan,MBO,MBO,21164741019055445,745319375773892657,27.723782,2.1722903,2.0004,151.78385321515654,1.7811174923306494,2025052800191,167,60824.04752198832,r,151.78384255004858,1.781057766315506,10.945770263671875,3197.69,299.869,False,3441.4,12.5366,3065.91,301.973,False,-155.757,7.27704,22.63790912294452,0.10181681869158712,22.558162144886232,0.003955204571807159,22.68360152622253,0.1069382400693135,nan,nan
2018 FU45,nan,MBO,MBO,21164741019055445,745319375907586091,27.723772,2.1722903,2.000406,151.78401877285407,1.7810634421550486,2025052800192,166,60824.0480465993,r,151.78404406199277,1.7810241776280205,11.172085762023926,3038.0,267.049,False,3257.24,4.47535,3001.04,265.703,False,-107.562,8.56601,22.69353057618308,0.09543936140150763,22.61787560466645,0.0014917689311600543,22.706820525743176,0.09612779777634584,nan,nan
2018 FU45,nan,MBO,MBO,21164741019055445,745319376042328131,27.723763,2.1722906,2.0004122,151.78418433904764,1.781009391295996,2025052800193,167,60824.048571769206,r,151.78414608667447,1.7810418757165973,9.90067195892334,2691.71,266.643,False,2691.88,11.2934,2762.84,264.863,False,-39.5901,8.91263,22.8249293458439,0.10755392255415255,22.82486080780995,0.0045550520763108235,22.796610627879268,0.10408541443213246,nan,nan
