provid,permid,orbit_class,population,ssObjectId,diaSourceId,phaseAngle,helioRange,topoRange,ephRa,ephDec,visit,detector,midpointMjdTai,band,ra,dec,snr,psfFlux,psfFluxErr,psfFlux_flag,trailFlux,trailFluxErr,scienceFlux,scienceFluxErr,forced_PsfFlux_flag,templateFlux,templateFluxErr,psfMag,psfMagErr,trailMag,trailMagErr,scienceMag,scienceMagErr,templateMag,templateMagErr
2025 MZ118,nan,MBO,MBO,21165827764140122,745416141074071771,14.840618,2.5077758,1.636694,226.26758458066251,-39.94339313908029,2025061900253,82,60846.18571192013,g,226.26754529453945,-39.94338639834861,29.35951805114746,5440.51,183.179,False,5765.4,0.534983,6277.91,184.565,False,802.434,2.3876,22.060901014529442,0.03655614671179529,21.997926408972738,0.00010074763232238011,21.905462259549502,0.0319196835084378,24.13897666676354,0.0032305505935818963
2025 MZ118,nan,MBO,MBO,21165827764140122,745416141337264249,14.840872,2.5077755,1.6366997,226.26749437193607,-39.94327197539241,2025061900255,72,60846.186645377835,g,226.26747740879077,-39.94327384989543,23.833438873291016,5059.51,206.156,False,5682.92,5.41633,5629.27,210.862,False,464.004,2.7003,22.139728903749408,0.04423966940642968,22.013571158908423,0.001034803500226069,22.02386979752702,0.04066966165830289,24.733695693999717,0.00631850903005969
2025 MZ118,nan,MBO,MBO,21165827764140122,745416141452083236,14.841,2.5077755,1.6367025,226.2674492839317,-39.94321138497905,2025061900256,35,60846.18711265712,g,226.26741782301275,-39.94323030503371,27.040782928466797,4816.31,176.798,False,4837.25,0.366185,5051.54,177.408,False,117.263,3.49724,22.19321390591116,0.039855406254950244,22.18850366678069,8.219139437317001e-05,22.141440500988093,0.03813060814982431,26.227097493550666,0.032380888610640576
2025 MZ118,nan,MBO,MBO,21165827764140122,745416141608845651,14.841127,2.5077755,1.6367054,226.2674038208256,-39.943150269818304,2025061900257,78,60846.18758317418,g,226.26737066815096,-39.94316963097624,30.802875518798828,5399.74,174.085,False,5240.98,0.710234,5544.7,174.84,False,104.104,3.94039,22.06906783076252,0.035003608746131634,22.10146874803819,0.0001471340771637539,22.040304828494648,0.03423631709146499,26.3563314968847,0.04109567697994547
2025 MZ118,nan,MBO,MBO,21165827764140122,745416141722091670,14.841255,2.5077755,1.6367083,226.26735865838475,-39.943089538234496,2025061900258,38,60846.188051312194,g,226.267327155134,-39.94309074962986,30.19913101196289,4975.01,164.553,False,4793.74,0.31422,5054.35,165.626,False,86.0847,3.01083,22.15801515606303,0.035911717033539445,22.19831375858554,7.116782006880012e-05,22.14083669817803,0.0355784915690257,26.562685054813173,0.03797384434304617
2025 MZ118,nan,MBO,MBO,21165827764140122,745416141974274572,14.841511,2.5077755,1.6367141,226.2672679809211,-39.94296753874409,2025061900260,7,60846.188991285606,g,226.26723208316415,-39.94298076237084,27.787967681884766,5223.81,187.446,False,5043.98,0.061405,5452.35,189.823,False,65.1381,3.04027,22.10503155674646,0.0389594769768727,22.14306661452039,1.3217663670506346e-05,22.05854066428404,0.03779979234345519,26.865412289078353,0.050675892078069655
2025 MZ118,nan,MBO,MBO,21165827764140122,745416142282555568,14.841767,2.5077753,1.6367198,226.2671767700512,-39.94284473751371,2025061900262,83,60846.189937692834,g,226.267137520601,-39.94285607567988,32.9826774597168,5100.69,154.117,False,4966.77,0.0739061,5095.45,154.702,False,50.1581,3.96733,22.130927688441673,0.03280544658903098,22.159814872591404,1.6155877885151435e-05,22.13204359749397,0.03296383075175197,27.14914730481918,0.08587792965350122
2025 MZ118,nan,MBO,MBO,21165827764140122,745416142645363317,14.842149,2.5077753,1.6367285,226.2670415807173,-39.94266257018754,2025061900265,7,60846.19134019294,g,226.2669981710119,-39.94267827711332,30.61675262451172,5204.48,168.601,False,4784.82,0.70201,5290.32,168.707,False,-7.05609,3.94624,22.109056644199804,0.035172814247010215,22.2003360281143,0.00015929495256835951,22.091295180169695,0.034623861085448945,nan,nan
2025 MZ118,nan,MBO,MBO,21165827764140122,745416142795309665,14.842277,2.5077753,1.6367314,226.2669966043724,-39.94260192319139,2025061900266,37,60846.191807329466,g,226.26695226042256,-39.94260801795024,31.079483032226562,4824.31,154.524,False,4557.35,0.337379,4915.28,155.211,False,-30.6582,3.75309,22.19141196961947,0.03477643466516002,22.253219018603133,8.037666548297675e-05,22.171129391074437,0.034284559140497266,nan,nan
2025 MZ118,nan,MBO,MBO,21165827764140122,745416142934770217,14.842406,2.5077753,1.6367342,226.2669504839887,-39.94253971196618,2025061900267,47,60846.19228652783,g,226.2669192316879,-39.94254381243316,33.72807693481445,5222.75,152.13,False,5381.0,2.11065,5166.26,151.886,False,-48.7108,3.74831,22.10525190564445,0.03162568649299709,22.072842519883764,0.00042587050520303415,22.11705940193925,0.03192021663643798,nan,nan
2025 MZ118,nan,MBO,MBO,21165827764140122,745416143052210436,14.842532,2.507775,1.6367371,226.26690581921693,-39.94247944332183,2025061900268,15,60846.192750367045,g,226.26688730761882,-39.94248761260184,28.791276931762695,4818.51,166.233,False,4850.66,0.665849,5164.36,178.751,False,-66.2396,3.60885,22.19271814124742,0.037456640571455584,22.18549787890354,0.00014903875159076073,22.117458757032644,0.03757996056853177,nan,nan
2025 MZ118,nan,MBO,MBO,21165827764140122,745416143197962620,14.84266,2.507775,1.63674,226.26686087704243,-39.94241877958368,2025061900269,37,60846.19321768653,g,226.26682190873962,-39.94242437456836,30.44021987915039,5171.4,167.464,False,5092.95,1.60017,5216.91,169.704,False,-88.796,2.83783,22.11597969276481,0.03515909350097816,22.132576427077083,0.0003411308679303717,22.106466606191397,0.03531856322510706,nan,nan
2025 MZ118,nan,MBO,MBO,21165827764140122,745424936797995061,15.3286295,2.5076363,1.6480994,226.120832470504,-39.709780207911926,2025062100250,146,60848.02981565961,r,226.12082179234687,-39.70978752829516,45.05301284790039,6771.21,149.125,False,6477.14,0.335689,7463.03,148.048,False,723.705,17.4778,21.82333429859504,0.02391159223663165,21.871541766572737,5.627015968280981e-05,21.717712062737437,0.021538313898729206,24.251096041535313,0.026221015734768243
2025 MZ118,nan,MBO,MBO,21165827764140122,745424936931164388,15.328749,2.5076363,1.6481022,226.1207964576626,-39.70972547371718,2025062100251,144,60848.03025114289,r,226.120778475676,-39.70973179241947,45.03980255126953,6663.56,144.638,False,6264.27,0.50322,7458.72,142.862,False,805.693,23.4848,21.84073420908727,0.02356678897362437,21.907823826024313,8.721913245153571e-05,21.718339208567564,0.020795852463445782,24.134576033124628,0.03164766009588389
2025 MZ118,nan,MBO,MBO,21165827764140122,745424937065382276,15.328866,2.5076363,1.6481049,226.1207605255906,-39.70967085906224,2025062100252,144,60848.0306865646,r,226.1207353367169,-39.709673342086916,46.18357467651367,6570.45,140.039,False,6430.3,0.550258,7432.62,139.421,False,834.212,30.597,21.85601218087924,0.023140790881731366,21.879421945416468,9.290935568846791e-05,21.722145158785466,0.020366227617713624,24.096808950390223,0.03982233746480532
2025 MZ118,nan,MBO,MBO,21165827764140122,745424937151365737,15.328988,2.5076363,1.6481078,226.12072343525497,-39.709614480483154,2025062100253,52,60848.03113540527,r,226.12069219877597,-39.70960780944381,33.84892654418945,6315.13,183.397,False,6054.15,0.514846,7142.79,183.488,False,763.309,26.6212,21.899044282285203,0.0315307475673464,21.944867075001824,9.233120756755901e-05,21.765330289226213,0.027891002088276415,24.19324901244089,0.037866185868018654
2025 MZ118,nan,MBO,MBO,21165827764140122,745424937463840965,15.329232,2.5076363,1.6481135,226.1206492490608,-39.70950170423591,2025062100255,136,60848.03203380895,r,226.12061864889912,-39.709506907109386,39.97197341918945,6646.64,165.307,False,6491.91,1.38912,7232.94,164.648,False,569.184,17.0691,21.843494585548495,0.027003087053029597,21.86906874788271,0.00023232266339044238,21.751712852611885,0.024715301199124587,24.511868251487968,0.03255983749734294
2025 MZ118,nan,MBO,MBO,21165827764140122,745424937847095455,15.329594,2.507636,1.6481218,226.12053936117715,-39.70933462797994,2025062100258,99,60848.03336336161,r,226.12052110238167,-39.709343056141414,34.44062805175781,7120.2,203.576,False,6864.93,1.18568,7794.13,200.955,False,776.108,7.80435,21.768769488345626,0.03104264373620373,21.8084096891952,0.00018752350057397847,21.67058090329995,0.027993390448412807,24.17519464005443,0.010917894873897674
2025 MZ118,nan,MBO,MBO,21165827764140122,745424938096656486,15.329834,2.507636,1.6481274,226.12046614944384,-39.70922329643404,2025062100260,63,60848.034249650664,r,226.1206116595721,-39.709450270570855,38.9210205078125,1962.18,166.723,False,6961.12,0.0596819,2540.69,166.288,False,577.807,8.27905,23.168152858413023,0.092253106305498,21.79330218058092,9.308674227747319e-06,22.887620829456484,0.07106136525271026,24.495542989858265,0.01555686255471254
2025 MZ118,nan,MBO,MBO,21165827764140122,745424938230350153,15.329952,2.507636,1.6481302,226.12043020235689,-39.70916862683778,2025062100261,62,60848.03468406972,r,226.1204069407885,-39.70917710611847,35.1390380859375,7113.64,202.472,False,6564.23,0.00413932,8631.99,201.361,False,1457.71,11.6749,21.76977027147354,0.030902769434120382,21.8570405291712,6.84651450886782e-07,21.55972264913754,0.025327289972877205,23.490822196380588,0.008695736474503956
2025 MZ118,nan,MBO,MBO,21165827764140122,745424938542301250,15.330224,2.507636,1.6481365,226.12034755981304,-39.70904292675242,2025062100263,145,60848.035684131566,r,226.1203279968308,-39.70904969170498,35.470088958740234,7010.32,196.858,False,6694.34,0.67109,8375.29,196.578,False,1355.31,7.3722,21.78565542058801,0.030488745879094236,21.835730610241782,0.0001088422061131447,21.59250036067308,0.025483518044672054,23.56990334623181,0.0059058548346321614
2025 MZ118,nan,MBO,MBO,21165827764140122,745424938696442162,15.33036,2.507636,1.6481397,226.1203061531248,-39.70897993908815,2025062100264,183,60848.03618528384,r,226.12026643029003,-39.70898131366646,30.054027557373047,7052.56,233.997,False,6715.68,0.210227,8035.85,233.344,False,1019.07,6.83679,21.779133016917736,0.036023657522907294,21.832274986665794,3.3987780341236464e-05,21.63742043315937,0.03152746996552833,23.879489950312077,0.007284043751745249
2025 MZ118,nan,MBO,MBO,21165827764140122,745424938965925990,15.330608,2.5076358,1.6481454,226.12023060817103,-39.708865006855646,2025062100266,185,60848.03709997113,r,226.12018171774656,-39.70889198767566,14.88211441040039,6997.2,471.794,False,6799.78,5.98301,7592.92,475.608,False,559.722,6.46283,21.787689251022226,0.07320697130013441,21.8187628798668,0.0009553206978825797,21.698977950875204,0.06800872813638133,24.53006908614887,0.012536453415008928
2025 MZ118,nan,MBO,MBO,21165827764140122,745424939055055119,15.330739,2.5076358,1.6481485,226.1201908497078,-39.7088045121165,2025062100267,99,60848.03758049334,r,226.12016764356167,-39.708800376380324,32.012908935546875,7510.83,231.953,False,7297.29,1.13045,7569.56,229.465,False,138.634,8.79589,21.71078015801294,0.03353021842640319,21.742095979694803,0.00016819538448950685,21.702323402200044,0.03291320133802117,26.045325593726368,0.0688865349266601
2025 MZ118,nan,MBO,MBO,21165827764140122,745424939482349602,15.331119,2.5076358,1.6481574,226.1200754508212,-39.70862889731611,2025062100270,146,60848.03897609806,r,226.12005757791212,-39.70865199834128,18.664478302001953,7242.61,381.522,False,7200.97,6.30328,7274.25,381.658,False,-12.9733,17.5685,21.75026227063327,0.05719378229355627,21.75652246358643,0.000950385707298027,21.7455294431927,0.05696530873113635,nan,nan
2025 MZ118,nan,MBO,MBO,21165827764140122,745424939747115289,15.331358,2.5076356,1.6481628,226.12000261776217,-39.70851803674583,2025062100272,139,60848.03985719467,r,226.11998262509428,-39.70852496775885,39.42546081542969,7949.75,198.753,False,7283.27,0.582514,7823.3,197.593,False,-53.2207,13.9823,21.649116321543616,0.02714466925356951,21.744183971846915,8.683689124159775e-05,21.666525065978135,0.027422428103345525,nan,nan
2025 MZ118,nan,MBO,MBO,21165827764140122,745424939886051563,15.331482,2.5076356,1.6481657,226.11996500076657,-39.7084607721365,2025062100273,148,60848.040312246674,r,226.1199414391872,-39.70846284744358,47.65757751464844,7578.18,157.207,False,7458.4,0.663429,7522.22,156.359,False,-68.8293,28.3361,21.701087683315883,0.022523261307789096,21.718385836184073,9.657686872857732e-05,21.7091348916248,0.022568419345176845,nan,nan
2025 MZ118,nan,MBO,MBO,21165827764140122,745424940174409862,15.331737,2.5076356,1.6481717,226.1198875310324,-39.70834282392824,2025062100275,186,60848.041249810056,r,226.11987152668826,-39.70834874872314,40.57127380371094,7267.81,176.177,False,6828.0,0.181569,7189.78,173.238,False,-96.0316,8.41713,21.746491078335204,0.02631903529730696,21.81426621889326,2.8871709382149663e-05,21.758211028408613,0.026160853519486996,nan,nan
2025 MZ118,nan,MBO,MBO,21165827764140122,745424940237324679,15.331875,2.5076356,1.6481749,226.11984536309035,-39.708278614018354,2025062100276,50,60848.041759721695,r,226.11982114353125,-39.70828361371632,48.326847076416016,7381.29,150.264,False,7165.51,0.328774,7255.14,147.482,False,-91.4082,26.0741,21.729669323123638,0.022102785885072564,21.76188226943915,4.9816670729260305e-05,21.748385486316515,0.022070771632395677,nan,nan
2025 MZ118,nan,MBO,MBO,21165827764140122,745424940425543732,15.331997,2.5076356,1.6481777,226.11980815502312,-39.70822195128693,2025062100277,153,60848.042209381165,r,226.11978595929742,-39.70822789672709,48.48706817626953,7290.97,148.893,False,6675.01,0.131222,7167.98,147.023,False,-91.8931,34.896,21.743036689864738,0.02217242997886908,21.838870236461297,2.134415912058586e-05,21.76150804072535,0.022269619758024644,nan,nan
2025 MZ118,nan,MBO,MBO,21165827764140122,745424940690833517,15.332242,2.5076356,1.6481835,226.119733488056,-39.70810822855751,2025062100279,147,60848.043112665444,r,226.11973012262678,-39.70810993153444,9.06721305847168,7526.75,823.857,False,7130.48,9.23667,7614.1,830.049,False,-70.7988,25.3951,21.708481271899032,0.11884164700725111,21.76720308776411,0.001406439196081351,21.695953545237668,0.11836123135470943,nan,nan
2025 MZ118,nan,MBO,MBO,21165827764140122,745424940938821680,15.332833,2.5076354,1.6481972,226.11955362837583,-39.70783420402097,2025062100281,108,60848.04528746153,g,226.11952781493704,-39.707838530306255,41.01579666137695,4264.23,103.808,False,4073.19,0.344336,4566.97,103.0,False,275.856,10.4922,22.32539845193594,0.02643105625209375,22.37516334344371,9.17850801233253e-05,22.250929551982708,0.024486875067984956,25.298293962733112,0.04129604507695452
2025 MZ118,nan,MBO,MBO,21165827764140122,745424941202538552,15.333083,2.5076354,1.648203,226.11947754465265,-39.70771824897282,2025062100283,99,60848.04620762013,g,226.11945130909828,-39.707724417632555,42.16934585571289,4421.34,104.438,False,4237.95,0.325882,4834.08,104.377,False,388.443,11.3482,22.28611525503746,0.025646551860601496,22.332110378636003,8.348891712681408e-05,22.18921539909494,0.02344311323348406,24.926681770155607,0.031719329854531964
2025 MZ118,nan,MBO,MBO,21165827764140122,745424941451575435,15.333346,2.507635,1.6482091,226.1193975712442,-39.707596340712215,2025062100285,62,60848.04717470215,g,226.11937525817,-39.70760944617506,35.775238037109375,4300.12,119.418,False,4163.05,0.311941,4750.44,118.86,False,461.884,4.30821,22.316298532270153,0.030151819430893324,22.351470983489534,8.13551725277942e-05,22.2081654205286,0.027166032525827454,24.738667698116608,0.01012717356453702
2025 MZ118,nan,MBO,MBO,21165827764140122,745424941648707904,15.333482,2.507635,1.6482123,226.1193562189448,-39.707533294619374,2025062100286,182,60848.04767462213,g,226.11933037722653,-39.70753588765265,34.79313659667969,4394.8,125.15,False,4246.59,0.835282,4767.03,124.518,False,327.755,10.105,22.29265225864262,0.030918333876608483,22.329899208129657,0.0002135586369415107,22.204380336309626,0.028360153887253835,25.111126669564623,0.03347428319513557
2025 MZ118,nan,MBO,MBO,21165827764140122,745424941713719684,15.333618,2.507635,1.6482155,226.11931486603,-39.7074702404562,2025062100287,50,60848.04817453929,g,226.1192930058684,-39.707468870097955,37.45732116699219,4558.02,121.031,False,4347.28,0.973974,4913.57,120.564,False,302.546,9.91232,22.253059429156735,0.02883000428107399,22.304456020733333,0.00024325069356915334,22.171507170080343,0.0266406518520184,25.198021497315203,0.035571996331094397
2025 MZ118,nan,MBO,MBO,21165827764140122,745424941872054647,15.333744,2.507635,1.6482184,226.11927649004184,-39.70741171900341,2025062100288,96,60848.04863855502,g,226.11923050849597,-39.70741042085847,19.27943992614746,4008.87,203.351,False,4188.51,8.48227,4264.06,204.783,False,235.798,15.6873,22.39244503541667,0.055074256403086476,22.344851169127367,0.0021987552648303514,22.325441717427815,0.05214286837723859,25.468649687989306,0.07223245731607705
2025 MZ118,nan,MBO,MBO,21165827764140122,745424942031962474,15.333868,2.507635,1.6482214,226.1192386925516,-39.70735407359468,2025062100289,145,60848.04909597774,g,226.11921636700643,-39.7073588208945,18.594181060791016,4187.2,225.319,False,4233.32,5.66675,4452.46,226.445,False,195.76,17.284,22.345190686116176,0.0584249581519499,22.333297299139545,0.0014533736745835212,22.27849994317785,0.055218810499276544,25.670690139607192,0.09586159338151554
2025 MZ118,nan,MBO,MBO,21165827764140122,745424942184530123,15.333992,2.507635,1.6482242,226.1192010600899,-39.70729667375839,2025062100290,180,60848.04955011366,g,226.11919666668467,-39.707297208443784,12.526179313659668,4748.8,375.449,False,4528.93,1.06754,4987.84,380.769,False,188.105,10.2817,22.208540346497752,0.08584033748998578,22.26001093736672,0.0002559250941926806,22.155218749697994,0.08288451823212899,25.713999175556634,0.05934565447916548
2025 MZ118,nan,MBO,MBO,21165827764140122,745424942248493283,15.334132,2.5076349,1.6482275,226.1191583819549,-39.70723157042672,2025062100291,46,60848.05006643802,g,226.1191094899151,-39.70726248764346,9.20932388305664,4897.12,534.075,False,5100.35,7.91313,5171.75,540.007,False,184.935,14.9041,22.175148108551586,0.11840930239277853,22.131000030215073,0.0016845062318047437,22.115906192195965,0.11336688188687849,25.732452235240046,0.08750059013651534
2025 MZ118,nan,MBO,MBO,21165827764140122,745424942412070989,15.334252,2.5076349,1.6482303,226.11912174132837,-39.7071756706147,2025062100292,102,60848.050509545894,g,226.11907971261496,-39.707176536308566,21.630081176757812,4537.2,208.61,False,4361.06,1.30636,4754.66,209.808,False,187.009,11.5249,22.258030144736995,0.04991964660745464,22.301019830933807,0.00032523339194289895,22.207201298046627,0.047910078260915846,25.720343714640787,0.06691122609254366
2025 MZ118,nan,MBO,MBO,21165827764140122,745424942523744371,15.334375,2.5076349,1.6482332,226.11908410790585,-39.70711824996081,2025062100293,59,60848.05096470863,g,226.11909431255953,-39.7071207501847,9.652162551879883,4449.84,459.398,False,4350.1,27.2589,4651.78,462.95,False,230.603,9.68058,22.27913904907986,0.11209056272599977,22.303751874073402,0.00680351569607787,22.230952132298345,0.10805360796534534,25.492837632709403,0.04557857653546241
2025 MZ118,nan,MBO,MBO,21165827764140122,745424942791131317,15.334634,2.5076349,1.6482391,226.11900569733623,-39.70699859150613,2025062100295,57,60848.051912363575,g,226.11898853090858,-39.707031017414685,8.386903762817383,4717.63,556.985,False,4396.73,1.96399,4958.09,561.649,False,158.318,22.8541,22.215690335691217,0.12818698777241547,22.29217551299945,0.0004849911249984901,22.161714019509773,0.12299144601443439,25.901174309688862,0.15673217246291618
2025 MZ118,nan,MBO,MBO,21165827764140122,745424943102034034,15.334891,2.5076349,1.6482452,226.11892720343076,-39.70687877768347,2025062100297,138,60848.05286191149,g,226.1189199647558,-39.70687373907582,20.409387588500977,4548.77,219.651,False,4393.07,0.311024,4693.53,220.703,False,73.8435,13.3603,22.25526505008458,0.052428028488499576,22.29307973481876,7.686880516703149e-05,22.22125105438774,0.051054377355277396,26.729219343539125,0.1964392510337786
2025 MZ118,nan,MBO,MBO,21165827764140122,745424943212134569,15.335019,2.5076349,1.6482482,226.11888824587183,-39.70681930185806,2025062100298,92,60848.05333274409,g,226.1188439594759,-39.70685833560638,19.094749450683594,4474.79,232.093,False,4831.81,8.85594,4498.89,233.003,False,47.431,10.3695,22.273068343337084,0.05631365344281261,22.189725366082158,0.0019899818954207124,22.26723653053317,0.05623160195595265,27.209844302861306,0.23736673920313706
2025 MZ118,nan,MBO,MBO,21165827764140122,745424943351595245,15.335137,2.5076346,1.6482509,226.11885218318784,-39.70676423921246,2025062100299,102,60848.05376822651,g,226.11883511035373,-39.70676704249444,25.057893753051758,4705.72,185.596,False,4781.4,0.39488,4726.66,185.194,False,29.2923,8.54194,22.218434744940822,0.04282198683808058,22.201112329153048,8.966736056211264e-05,22.21361405515402,0.042539938206298734,27.73311634364037,0.3166119922480263
2025 MZ118,nan,MBO,MBO,21165827764140122,745433741856866450,15.863867,2.5075066,1.6614723,225.9900989020269,-39.45021918899344,2025062300317,95,60850.07379568908,r,225.99007040313907,-39.45021220884885,29.36406707763672,7063.79,236.263,False,7316.94,1.12323,36411.3,233.292,False,29495.3,5.91511,21.77740554503422,0.036314682635861524,21.73917627427346,0.00016667233376666275,19.996909514418224,0.0069564550930729906,20.225617926778185,0.0002177380475124031
2025 MZ118,nan,MBO,MBO,21165827764140122,745433742121631751,15.864103,2.5075066,1.6614782,225.990041283003,-39.45010692147883,2025062300319,88,60850.07467867204,r,225.99000821375978,-39.45011813496928,33.936824798583984,7256.17,211.645,False,7498.09,0.636134,31216.9,212.228,False,23887.9,6.78212,21.748231389267435,0.031668310716105964,21.712623400179908,9.211329287097796e-05,20.164025553478403,0.007381374093331462,20.454555051414093,0.00030825620318015523
2025 MZ118,nan,MBO,MBO,21165827764140122,745433742211285137,15.8642435,2.5075064,1.6614817,225.990007094156,-39.45004028657045,2025062300320,3,60850.07520280946,r,225.98997901553818,-39.4500359089928,31.470001220703125,7222.88,226.246,False,7362.68,0.658818,28177.0,223.169,False,20994.4,6.9762,21.753224018596697,0.0340090766775576,21.732410160600345,9.715246960928305e-05,20.275263120046972,0.008599306880489306,20.59474131122925,0.00036077777328052144
2025 MZ118,nan,MBO,MBO,21165827764140122,745433742790099116,15.864799,2.5075064,1.6614957,225.98987160997083,-39.44977607686163,2025062300324,83,60850.077279511446,r,225.9898602790388,-39.44977818068567,44.225921630859375,7405.33,164.299,False,7617.71,0.526988,9814.11,163.198,False,2595.57,6.85162,21.72613894720756,0.024088780169138544,21.69543891705927,7.511049725108504e-05,21.420372657612532,0.018054614088920277,22.8644181067229,0.00286605713332123
2025 MZ118,nan,MBO,MBO,21165827764140122,745433742901248330,15.864916,2.5075064,1.6614987,225.98984304555208,-39.449720342406486,2025062300325,39,60850.077717199776,r,225.98983409525397,-39.4497251676879,42.302947998046875,7336.58,171.767,False,6927.87,0.470424,9480.21,168.15,False,2187.86,6.14362,21.73626584452792,0.025419697848489284,21.79850065752784,7.372487588415062e-05,21.457955110276455,0.019257646925070582,23.04995112599852,0.0030488012716423894
2025 MZ118,nan,MBO,MBO,21165827764140122,745433743016591968,15.865035,2.5075064,1.6615016,225.98981383144755,-39.449663329122885,2025062300326,3,60850.078165884326,r,225.98979495221724,-39.44967316738668,39.19343185424805,7310.47,185.109,False,7235.79,0.903889,8405.63,180.917,False,1377.29,5.92781,21.740136720004703,0.027492012168255833,21.751285108883625,0.00013562928270942817,21.588574341974144,0.023368640753809615,23.552436483597987,0.004672972255638309
2025 MZ118,nan,MBO,MBO,21165827764140122,745433743172829472,15.865156,2.5075064,1.6615047,225.98978429388535,-39.44960567303335,2025062300327,45,60850.07861881157,r,225.98978393019442,-39.449612099819554,42.28691482543945,7258.97,171.031,False,7066.26,0.278065,8178.81,169.62,False,942.314,5.91257,21.747812463997796,0.025581390982704327,21.777026003332793,4.272489880802987e-05,21.618274693932456,0.022517037127683603,23.9645108614371,0.0068124756031811215
2025 MZ118,nan,MBO,MBO,21165827764140122,745433743298658625,15.8652725,2.5075064,1.6615077,225.98975586727812,-39.449550174433824,2025062300328,29,60850.07905422094,r,225.9897383213469,-39.449558063744284,38.46565246582031,7325.89,189.198,False,7109.55,0.410088,7958.21,187.546,False,615.101,5.45771,21.737848996384038,0.028040157921240243,21.770394747658777,6.262666468064447e-05,21.647961517688294,0.02558684540318854,24.427633894033534,0.00963359348509361
2025 MZ118,nan,MBO,MBO,21165827764140122,745433743715991625,15.865637,2.5075061,1.6615169,225.9896670176593,-39.44937663854374,2025062300331,57,60850.08041742332,r,225.98965210058398,-39.44938232892439,37.849178314208984,7285.65,192.153,False,6995.43,0.863822,7451.0,190.611,False,179.851,4.29223,21.74382925441152,0.02863539582834449,21.787963934801827,0.0001340707830981457,21.719463591506035,0.027775232251766205,25.76271787025958,0.025911614081897252
2025 MZ118,nan,MBO,MBO,21165827764140122,745433743857025133,15.865761,2.5075061,1.66152,225.98963684184795,-39.44931767631015,2025062300332,70,60850.080880723086,r,225.98962082252496,-39.44933018781687,34.468387603759766,6959.74,201.214,False,7124.48,0.600853,7004.58,200.472,False,121.473,4.68265,21.793517424279216,0.03138986833574813,21.768117073861735,9.15670878100433e-05,21.78654473846141,0.031073912517975158,26.18880061050738,0.041853932594153834
2025 MZ118,nan,MBO,MBO,21165827764140122,745433744517104073,15.866393,2.507506,1.661536,225.98948255556985,-39.44901600878555,2025062300337,49,60850.083248289615,r,225.9894577430587,-39.44902324637497,42.1275634765625,7536.43,176.499,False,7526.14,0.370385,7699.36,175.63,False,-6.60891,5.75375,21.707085800472903,0.025427336583350328,21.708569248445563,5.3432488274992764e-05,21.683863453108174,0.02476671545806287,nan,nan
2025 MZ118,nan,MBO,MBO,21165827764140122,745433744680682002,15.866516,2.507506,1.6615391,225.98945259381512,-39.44895738705764,2025062300338,105,60850.08370881601,r,225.98945007874818,-39.44895344517664,40.11865234375,7406.74,184.327,False,7290.52,0.676585,7543.37,181.807,False,173.057,5.30486,21.72593221612037,0.02702005019420124,21.743103732854486,0.00010076000729176834,21.70608645750692,0.026167939068868516,25.804527030095706,0.03328197334158716
2025 MZ118,nan,MBO,MBO,21165827764140122,745433744919757124,15.866759,2.507506,1.6615452,225.98939326592227,-39.44884127075004,2025062300340,49,60850.08461954887,r,225.9893803727239,-39.448852549282556,38.04904556274414,7314.29,191.466,False,7183.93,0.959614,8249.69,189.356,False,930.216,5.15375,21.73956955562424,0.028421291852117666,21.75909474361506,0.00014503031264916192,21.608905870201237,0.02492101607796934,23.9785404829161,0.006015390922737802
2025 MZ118,nan,MBO,MBO,21165827764140122,745433745088577579,15.866883,2.507506,1.6615484,225.98936305325685,-39.44878211897194,2025062300341,115,60850.08508339952,r,225.9893436335367,-39.4487901056374,38.39349365234375,7451.32,192.169,False,7187.2,0.495294,9074.02,191.892,False,1466.34,6.56472,21.719416988730412,0.028001059214489026,21.758600644881703,7.482171336065776e-05,21.505500725694354,0.022960507108280393,23.484413320889765,0.0048607788856849365
2025 MZ118,nan,MBO,MBO,21165827764140122,745433745185046909,15.867015,2.507506,1.6615516,225.9893311512779,-39.44871964524955,2025062300342,43,60850.08557360824,r,225.98932019675726,-39.44872260517748,44.6590690612793,7473.64,165.984,False,7090.32,0.212658,8467.92,162.933,False,1100.14,5.84463,21.716169544246426,0.02411339426161868,21.773335436456758,3.2564185929984843e-05,21.58055814400646,0.020890874881205557,23.796380096832728,0.005768107744734875
2025 MZ118,nan,MBO,MBO,21165827764140122,745433745325031857,15.86714,2.507506,1.6615548,225.98930068516083,-39.44865996935764,2025062300343,54,60850.08604196491,r,225.98928179456337,-39.44866809214058,41.12628173828125,7430.14,179.32,False,6952.96,0.547607,10554.3,177.962,False,3053.06,6.31821,21.722507487795824,0.026203304460873444,21.794575678799,8.551131521823604e-05,21.341426433613996,0.018307210913415063,22.688161630868716,0.0022468963434372955
2025 MZ118,nan,MBO,MBO,21165827764140122,745433745451909745,15.867262,2.507506,1.6615579,225.9892710035469,-39.448601816867445,2025062300344,40,60850.08649710279,r,225.98924746362982,-39.44860499452601,40.7874641418457,7371.77,180.623,False,6941.7,0.1733,11953.9,178.109,False,4500.7,5.58256,21.731070555311227,0.02660269259421675,21.796335367446975,2.7105475152757437e-05,21.206225918432967,0.01617709503590222,22.26679978928119,0.001346721023832338
2025 MZ118,nan,MBO,MBO,21165827764140122,745433745617060173,15.867384,2.507506,1.661561,225.98924113007848,-39.44854327520399,2025062300345,99,60850.08695661336,r,225.9892207772097,-39.448551004953,39.182472229003906,7216.72,183.892,False,6883.02,1.7026,14357.1,181.187,False,7112.46,5.29732,21.754150328866153,0.027666058038277232,21.80555241820512,0.00026857025832566683,21.00733321619329,0.013702021107348602,21.769950413545907,0.000808650174951423
2025 MZ118,nan,MBO,MBO,21165827764140122,745433745857183758,15.868,2.5075057,1.6615765,225.9890910342365,-39.44824893469374,2025062300347,45,60850.08926385996,g,225.98908466055087,-39.44824886727226,35.582664489746094,4939.81,138.496,False,4799.09,0.759238,13190.0,138.86,False,8180.35,4.79616,22.165724374700257,0.03044046674188109,22.197102798913672,0.00017176844288251458,21.099388011134085,0.011430275212691026,21.61807027314852,0.0006365699186103082
2025 MZ118,nan,MBO,MBO,21165827764140122,745433745986682907,15.868125,2.5075057,1.6615797,225.98906079176905,-39.44818958681866,2025062300348,36,60850.089728972605,g,225.98903256599164,-39.44819561929398,33.49837112426758,4970.34,147.843,False,4706.25,0.445652,13886.6,147.252,False,8871.78,4.17722,22.15903478912268,0.032295276637891994,22.21831251613806,0.0001028123282592842,21.043510215691473,0.011513029173987561,21.529973057142538,0.0005112118093346784
2025 MZ118,nan,MBO,MBO,21165827764140122,745433746145542309,15.868246,2.5075057,1.6615827,225.9890311382796,-39.4481313809305,2025062300349,83,60850.09018429268,g,225.98900383787188,-39.448128837365346,34.25680160522461,4618.92,134.058,False,4192.73,0.266002,12436.6,134.452,False,7719.86,4.71141,22.238648917607964,0.03151204721914349,22.343757765150443,6.888304341284504e-05,21.16324586839641,0.011737886904863284,21.680976458084253,0.0006626219325982246
2025 MZ118,nan,MBO,MBO,21165827764140122,745433746390384980,15.868509,2.5075057,1.6615894,225.98896709670868,-39.44800562869199,2025062300351,38,60850.09116919188,g,225.98894824881987,-39.448004268755504,37.04662322998047,4725.77,127.122,False,4405.42,0.194077,9350.31,126.967,False,4561.15,4.19899,22.213818543025948,0.02920602548157673,22.29003172150033,4.783117822397623e-05,21.472935025638797,0.014743113133046555,22.25231413605468,0.0009995276237107762
2025 MZ118,nan,MBO,MBO,21165827764140122,745433746540855353,15.868635,2.5075054,1.6615926,225.9889365449273,-39.44794561426035,2025062300352,69,60850.09163979355,g,225.98891577291033,-39.447951107673866,38.447811126708984,4860.07,126.528,False,4585.59,0.367534,8703.03,126.475,False,3779.66,3.80338,22.183393728050504,0.028266266813395724,22.246511982913027,8.702151663664521e-05,21.550823764460876,0.015778238214244972,22.456368188858583,0.0010925499849359019
2025 MZ118,nan,MBO,MBO,21165827764140122,745433746681888998,15.868767,2.5075054,1.661596,225.9889045673524,-39.44788278312793,2025062300353,82,60850.0921310609,g,225.9888777356691,-39.447879894170875,37.15752029418945,4676.45,124.508,False,4482.08,0.39086,7003.99,124.526,False,2208.95,3.98249,22.22520921643984,0.028907149921052432,22.271300971255442,9.468167372334046e-05,21.78663617030643,0.019303623101933818,23.039535309886958,0.001957461120331746
2025 MZ118,nan,MBO,MBO,21165827764140122,745433746844418182,15.868889,2.5075054,1.661599,225.98887480359127,-39.44782428707271,2025062300354,136,60850.092589598906,g,225.98885265874452,-39.447832826856676,41.16072463989258,4877.23,117.584,False,4578.02,0.209903,6313.09,117.051,False,1418.48,4.31297,22.17956691310554,0.026175760834308972,22.24830578125453,4.9781190897680235e-05,21.899395075086804,0.020130635610382055,23.520441972957784,0.0033012435274322872
2025 MZ118,nan,MBO,MBO,21165827764140122,745433746959237227,15.869012,2.5075054,1.6616021,225.98884491380363,-39.44776552895448,2025062300355,99,60850.09304924487,g,225.988827242957,-39.44777513558287,39.3587646484375,4628.56,116.699,False,4361.64,0.0275033,5602.18,116.26,False,989.646,4.06775,22.23638524160803,0.02737445880319268,22.300875423397443,6.846353234511775e-06,22.029107319069755,0.022531887501629638,23.911300320165495,0.00446271034237173
2025 MZ118,nan,MBO,MBO,21165827764140122,745433747214565872,15.869267,2.5075054,1.6616086,225.98878261285955,-39.44764300947288,2025062300357,74,60850.09400891409,g,225.98876505196898,-39.44766186505707,32.41981506347656,4646.61,141.687,False,4340.98,0.462196,5591.11,143.589,False,815.325,3.61833,22.232159475106315,0.03310686851841368,22.306030542539855,0.00011560129854926813,22.031254934821014,0.027883512329582468,24.121673085908085,0.004818387544761067
2025 MZ118,nan,MBO,MBO,21165827764140122,745433747357171937,15.8693905,2.5075054,1.6616117,225.9887528003658,-39.44758435848515,2025062300358,90,60850.09446741521,g,225.98873798420112,-39.44759051671021,41.31287384033203,4802.97,115.428,False,4304.4,0.221537,4931.22,115.123,False,155.645,4.89679,22.196225266470005,0.026093095430754033,22.315218467823705,5.5880201773734636e-05,22.167614006572187,0.025347318685331934,25.919662035698476,0.034158643542307146
2025 MZ118,nan,MBO,MBO,21165827764140122,745464541739483608,17.640585,2.5072558,1.7138525,225.81740154231585,-38.55347942421645,2025063000418,97,60857.21796779636,g,225.8174359665585,-38.553466811927315,25.406755447387695,4471.11,174.807,False,4395.59,0.317276,4729.07,179.04,False,81.405,2.07429,22.273961646493746,0.042449034349581666,22.292457096869377,7.836901380845073e-05,22.213060684062174,0.041105378020617485,26.62337231469319,0.02766576778183309
2025 MZ118,nan,MBO,MBO,21165827764140122,745464541898342625,17.64069,2.5072558,1.7138561,225.8174023758894,-38.55342417784559,2025063000419,144,60857.21840192778,g,225.81740336561933,-38.55342122807281,26.70604133605957,4779.57,177.613,False,4639.72,1.9253,4905.45,181.198,False,42.4584,2.0648,22.201527973624046,0.04034690961423064,22.23377051887844,0.00045053749375040453,22.173302823223857,0.040105029890462926,27.33009092090407,0.05280057899797476
2025 MZ118,nan,MBO,MBO,21165827764140122,745464542032560287,17.640793,2.5072558,1.7138596,225.8174032233551,-38.55336880160953,2025063000420,144,60857.21883607846,g,225.8174648168309,-38.55339155305286,24.539955139160156,4409.28,180.132,False,4741.08,0.976317,4400.35,184.66,False,25.8508,2.02139,22.289080856759156,0.04435550649394359,22.210306773169542,0.00022358253483023528,22.291281922743845,0.04556275003061884,27.868815049281643,0.08489858349315119
2025 MZ118,nan,MBO,MBO,21165827764140122,745464542187225387,17.640898,2.5072558,1.713863,225.8174040828225,-38.55331342278662,2025063000421,183,60857.219271350696,g,225.81741452764712,-38.55331620924388,21.799846649169922,4220.51,193.316,False,4373.07,1.57826,4281.6,198.943,False,-35.4282,2.05412,22.336587726252514,0.049731000657628206,22.298033970695247,0.0003918469248363201,22.32098474585687,0.0504483383395404,nan,nan
2025 MZ118,nan,MBO,MBO,21165827764140122,745464542437310616,17.64111,2.5072558,1.7138703,225.81740587668983,-38.55320023825971,2025063000423,148,60857.22016088512,g,225.8174125194811,-38.55319366654287,24.444902420043945,4428.51,180.572,False,4526.89,0.629087,4469.65,184.967,False,-59.3728,1.99815,22.28435598322792,0.04427077619806485,22.26050011321834,0.0001508811745006529,22.27431623212249,0.04493089342663728,nan,nan
2025 MZ118,nan,MBO,MBO,21165827764140122,745464542533779633,17.641214,2.5072558,1.7138737,225.817406774855,-38.5531447242897,2025063000424,76,60857.220596073355,g,225.81743223242364,-38.553146903928464,24.885189056396484,4633.29,185.354,False,4921.86,0.927142,4555.75,188.263,False,-67.8053,2.00152,22.235276281425122,0.04343469781542435,22.169676889560527,0.00020452261755012899,22.253600290388974,0.04486724593020344,nan,nan
2025 MZ118,nan,MBO,MBO,21165827764140122,745464542669570066,17.64132,2.5072558,1.7138773,225.8174076914455,-38.553088825742414,2025063000425,79,60857.22103535601,g,225.81743384978964,-38.553112798122186,22.24362564086914,4154.39,186.931,False,4156.69,0.241481,4301.03,189.452,False,-68.8143,2.1635,22.35373180376557,0.048853802254323446,22.35313092367457,6.307534957607767e-05,22.31606887473299,0.04782456789011406,nan,nan
2025 MZ118,nan,MBO,MBO,21165827764140122,745464542852546830,17.641428,2.5072558,1.7138809,225.8174086437701,-38.55303152396748,2025063000426,172,60857.221485952716,g,225.81739993433803,-38.553005373486734,23.0670108795166,4332.54,186.88,False,4580.69,3.39792,4309.25,189.997,False,-66.608,1.99123,22.308143537684245,0.046832201299298486,22.247672759587054,0.0008053906062572005,22.313995774252867,0.047870653872752474,nan,nan
2025 MZ118,nan,MBO,MBO,21165827764140122,745464542985716071,17.641533,2.5072558,1.7138845,225.81740957881252,-38.5529760023162,2025063000427,170,60857.22192128851,g,225.81743637040904,-38.55299220833257,19.816429138183594,4120.91,207.379,False,4375.32,6.07462,4249.27,212.771,False,-72.1962,1.99444,22.362517134563433,0.054638144847539774,22.297475489280323,0.0015074177156090551,22.32921417706178,0.05436537869318991,nan,nan
2025 MZ118,nan,MBO,MBO,21165827764140122,745464543234752964,17.641739,2.5072558,1.7138914,225.81741147655063,-38.55286546096471,2025063000429,133,60857.22278962034,g,225.8174165723135,-38.5528485898164,21.55181884765625,4279.55,197.863,False,4248.92,0.313597,4418.39,203.545,False,-62.1588,1.88541,22.32150478752755,0.05019851144241966,22.32930363462943,8.013415550477315e-05,22.286839848173944,0.050017351789032036,nan,nan
2025 MZ118,nan,MBO,MBO,21165827764140122,745464543504236899,17.64195,2.5072558,1.7138985,225.8174134589492,-38.55275287196488,2025063000431,135,60857.22367359555,g,225.81743194425243,-38.55274289687862,27.584352493286133,4661.75,167.951,False,4562.89,0.0754035,4720.79,170.126,False,-47.0796,2.14201,22.228627551261958,0.039116315911197685,22.25189996963706,1.7942204128514017e-05,22.214963286839836,0.03912734176469762,nan,nan
2025 MZ118,nan,MBO,MBO,21165827764140122,745464543595463086,17.642056,2.5072558,1.7139021,225.81741445289327,-38.55269746526203,2025063000432,53,60857.22410888336,g,225.81744469157894,-38.552692533221425,26.18450927734375,4344.73,164.703,False,4404.87,0.208415,4326.72,166.832,False,-40.7258,2.1123,22.305093023087988,0.041158832451505485,22.290167231875788,5.137125655585673e-05,22.309602968311285,0.041864399432623475,nan,nan
2025 MZ118,nan,MBO,MBO,21165827764140122,745464543769002147,17.64216,2.5072558,1.7139056,225.81741545902065,-38.55264205620232,2025063000433,128,60857.22454307079,g,225.81740225029975,-38.552634019673064,27.472963333129883,4725.05,171.102,False,4776.37,0.490419,4796.86,173.789,False,-23.8906,2.0919,22.21398402355507,0.039316335111687625,22.202255068586886,0.000111479146539674,22.19760742235342,0.039335943983586245,nan,nan
2025 MZ118,nan,MBO,MBO,21165827764140122,745464543862849779,17.642263,2.5072558,1.7139091,225.81741647734657,-38.55258664468076,2025063000434,51,60857.22497839545,g,225.81743351262926,-38.552577470464215,26.231836318969727,4658.4,176.789,False,4668.72,0.730646,4775.41,179.351,False,-1.96579,2.04499,22.22940808001088,0.04120432412787193,22.22700537877883,0.00016991569294979404,22.202473303160684,0.04077720351446735,nan,nan
2025 MZ118,nan,MBO,MBO,21165827764140122,745464544060506490,17.642368,2.5072558,1.7139126,225.81741750788413,-38.55253123083044,2025063000435,172,60857.22541367485,g,225.8174458669126,-38.55251080778904,25.517822265625,4484.73,175.316,False,4543.51,3.18465,4664.89,177.488,False,17.3098,2.17577,22.270659250291434,0.04244334064105271,22.25652133539132,0.0007610173461435752,22.227896449771542,0.041309687692368854,28.304269925530704,0.13647254273907328
2025 MZ118,nan,MBO,MBO,21165827764140122,745464544143868071,17.642473,2.5072558,1.7139162,225.81741856994103,-38.55247479542715,2025063000436,75,60857.22585671338,g,225.81745508220985,-38.55247264718364,22.9287052154541,4567.44,198.276,False,4516.4,1.39821,4786.98,201.377,False,44.985,2.16314,22.250817886505253,0.047132624743092266,22.26301902664847,0.0003361277354814966,22.19984597192085,0.04567437077339574,27.267330673230827,0.05220850162564144
2025 MZ118,nan,MBO,MBO,21165827764140122,745464544440090961,17.642687,2.5072558,1.7139233,225.81742074944464,-38.55236102540663,2025063000438,128,60857.22674946219,g,225.8174354285811,-38.552353239563075,25.384353637695312,4476.7,175.754,False,4632.45,0.410545,4734.06,179.71,False,125.603,2.06279,22.272604973378662,0.04262569978333984,22.23547310299472,9.622198667075866e-05,22.211915591751175,0.041215712988764176,26.15249999605233,0.01783114855760957
2025 MZ118,nan,MBO,MBO,21165827764140122,745464544575881625,17.642796,2.5072558,1.713927,225.81742186982453,-38.552303563358194,2025063000439,131,60857.227200629015,g,225.81746778282235,-38.55230631321765,25.73721694946289,4582.14,176.825,False,4702.13,1.01697,4869.56,179.916,False,159.093,1.98091,22.2473290820214,0.041898609681202834,22.219263447273917,0.00023482149948608215,22.181275683593647,0.040114776912574625,25.895872305769366,0.01351879474745114
2025 MZ118,nan,MBO,MBO,21165827764140122,745464544716914986,17.642902,2.5072558,1.7139306,225.8174230008828,-38.55224622621116,2025063000440,144,60857.22765014765,g,225.81741850238728,-38.552259561371166,25.603389739990234,4336.54,168.088,False,4379.18,0.192937,4662.85,170.082,False,177.919,2.01026,22.307141598588494,0.04208406304524261,22.296517964869757,4.783513795980834e-05,22.22837136529212,0.039603285995770975,25.77444413891043,0.012267448104217645
2025 MZ118,nan,MBO,MBO,21165827764140122,745464544825967095,17.643007,2.5072558,1.7139342,225.8174241067488,-38.552190798005405,2025063000441,96,60857.228085408555,g,225.81742114669817,-38.55217436370589,26.339550018310547,4502.36,170.379,False,4502.35,0.185438,4821.77,172.169,False,246.51,2.13012,22.26639948946974,0.04108659726502161,22.26640184443568,4.471814801101095e-05,22.191983769234042,0.0387679467854535,25.420413669961043,0.009381966242119191
2025 MZ118,nan,MBO,MBO,21165827764140122,745464544978534828,17.643112,2.5072558,1.7139378,225.81742524560997,-38.552134348013865,2025063000442,131,60857.22852838965,g,225.81744156150302,-38.55213785472052,29.012069702148438,4585.76,157.306,False,4538.81,2.33534,4787.6,158.18,False,252.201,2.16652,22.246471751030143,0.03724417062596221,22.257644978387773,0.0005586405204675249,22.199705332085554,0.035872199309325545,25.395632972013495,0.009326962595913589
2025 MZ118,nan,MBO,MBO,21165827764140122,745464545071858096,17.643217,2.5072558,1.7139412,225.8174263763443,-38.552078915209286,2025063000443,53,60857.2289637659,g,225.81742146775667,-38.55207532870932,28.39318084716797,4580.26,160.637,False,4482.41,0.202847,4956.24,161.276,False,308.801,2.28953,22.247774726617855,0.03807849521455691,22.271221016286113,4.913390977703734e-05,22.162119127645283,0.03532984378045236,25.17580327288756,0.008049927611356655
2025 MZ118,nan,MBO,MBO,21165827764140122,745464545267417301,17.643326,2.5072558,1.7139449,225.81742756434417,-38.55202131362783,2025063000444,170,60857.229415438866,g,225.81745746902786,-38.55202547340685,23.121191024780273,4208.61,181.317,False,4317.89,0.05285,4637.28,183.807,False,373.325,2.40424,22.33965332834623,0.046776118312506956,22.31182102984456,1.3289166054000732e-05,22.234341751589017,0.04303512646547766,24.96978228007578,0.006992219142451761
2025 MZ118,nan,MBO,MBO,21165827764140122,745464545379090606,17.643429,2.5072558,1.7139484,225.81742872292853,-38.55196574882044,2025063000445,127,60857.22985155545,g,225.8174372555671,-38.55197009442362,24.920072555541992,4518.32,180.787,False,4677.3,2.45927,5152.3,184.159,False,482.619,1.98006,22.262557578195292,0.04344247456338633,22.2250119796822,0.0005708675065251523,22.119997184902257,0.03880754179699123,24.69098898830226,0.00445449280411424
2025 MZ118,nan,MBO,MBO,21165827764140122,745464545533755850,17.643534,2.5072558,1.713952,225.8174298912413,-38.551910309137554,2025063000446,166,60857.23028681749,g,225.81745997104395,-38.55187696566167,20.340625762939453,4162.99,206.995,False,4260.77,0.813666,4711.49,211.084,False,623.745,1.99392,22.351486519721576,0.05398570444549787,22.32627976690677,0.00020733966292410828,22.2171042617951,0.04864311061826035,24.41248231525188,0.003470763078263988
2025 MZ118,nan,MBO,MBO,21165827764140122,745464545651720215,17.643637,2.5072558,1.7139554,225.8174310773921,-38.55185461238883,2025063000447,135,60857.230723377426,g,225.81739944687033,-38.55187871580323,16.71267318725586,4244.13,251.521,False,4529.73,1.76611,5108.61,258.361,False,687.947,1.96701,22.33052833470853,0.06434427297376774,22.259819214331912,0.000423320929810325,22.129243156141126,0.05490963116923183,24.306112513288042,0.0031043872979366503
2025 MZ118,nan,MBO,MBO,21165827764140122,745464545919107091,17.644175,2.5072558,1.7139736,225.81743737426868,-38.551568191753134,2025063000449,133,60857.232970256315,r,225.81745392109437,-38.551572416933396,25.779190063476562,6465.05,250.066,False,6304.94,2.27316,7606.05,250.581,False,1029.58,3.63712,21.873570312760343,0.04199591832270048,21.900797615011186,0.00039144735925637883,21.697102087848123,0.0357695339918688,23.8683498022531,0.0038354989828831027
2025 MZ118,nan,MBO,MBO,21165827764140122,745464546072199203,17.644278,2.5072558,1.7139771,225.81743863165696,-38.55151273658312,2025063000450,169,60857.23340559425,r,225.81745441501286,-38.551538541267064,24.278535842895508,6267.08,257.968,False,6734.82,1.1006,6884.39,261.699,False,996.177,3.57415,21.90733689007885,0.04469149583676757,21.829185046027042,0.000177430325190822,21.805336315710427,0.041272513464924256,23.90415872185777,0.003895476548247175
2025 MZ118,nan,MBO,MBO,21165827764140122,745464546208514301,17.644382,2.5072558,1.7139807,225.8174399044556,-38.55145715178276,2025063000451,173,60857.233841860565,r,225.81745528498863,-38.55147085835386,24.480281829833984,6761.47,275.023,False,6812.1,0.268752,7997.14,278.962,False,1042.88,3.49714,21.824897151872833,0.04416235373169246,21.816797447743802,4.28346298114398e-05,21.64266323405012,0.03787343276101108,23.854414147953904,0.003640851697334285
2025 MZ118,nan,MBO,MBO,21165827764140122,745464546274050131,17.644485,2.5072558,1.7139841,225.81744118683952,-38.55140169234522,2025063000452,42,60857.23427605582,r,225.81744630152883,-38.551415908468144,26.523523330688477,6858.9,257.91,False,7049.37,0.273878,8019.08,260.004,False,1076.22,3.52536,21.80936383779363,0.04082611388592618,21.77962421704307,4.218238852089012e-05,21.639688624148953,0.0352030097026151,23.820247383247285,0.003556532314613388
2025 MZ118,nan,MBO,MBO,21165827764140122,745464546472231015,17.64459,2.5072558,1.7139877,225.8174424817242,-38.551346230887326,2025063000453,164,60857.23471153538,r,225.8174695373157,-38.5513533795037,26.417829513549805,6958.53,262.362,False,6899.5,1.44509,8291.57,263.771,False,959.192,3.58825,21.793706273689708,0.040936222221862835,21.802955952544174,0.00022740583989492598,21.60340803023747,0.0345393827020145,23.94523611136684,0.0040616401975702545
2025 MZ118,nan,MBO,MBO,21165827764140122,745464546547728724,17.644693,2.5072558,1.7139912,225.8174437891238,-38.55129076736461,2025063000454,52,60857.23514684849,r,225.81744121733556,-38.551286208821914,26.01210594177246,6575.77,251.3,False,6371.87,1.98697,7953.81,254.394,False,939.741,3.60424,21.85513346045951,0.04149255688059655,21.889332713362002,0.00033857017962275754,21.648561961049715,0.03472609617154241,23.967479530041334,0.00416418319334163
2025 MZ118,nan,MBO,MBO,21165827764140122,745468900586029303,17.819492,2.5072477,1.7199668,225.8270350931274,-38.45941810318898,2025070100126,81,60857.98743670322,i,225.82705926500645,-38.459425572025665,18.48777198791504,8111.46,435.308,False,8419.85,0.3532,7843.98,446.214,False,-299.717,4.52955,21.62725242800024,0.05826690549001348,21.586739163888005,4.554499580611203e-05,21.663658808540415,0.06176337578793903,nan,nan
2025 MZ118,nan,MBO,MBO,21165827764140122,745468900681974021,17.819603,2.5072477,1.7199705,225.8270369515594,-38.45936251240427,2025070100127,8,60857.98789705879,i,225.82704236967805,-38.45936799689368,23.674318313598633,8293.43,348.114,False,8194.36,2.09525,8347.44,349.918,False,-201.197,5.42474,21.60316458245162,0.04557342405601978,21.616212354052738,0.00027761638094737673,21.59611667885718,0.04551318978571747,nan,nan
2025 MZ118,nan,MBO,MBO,21165827764140122,745468900968235026,17.819818,2.5072477,1.7199776,225.8270405471646,-38.4592546906891,2025070100129,42,60857.98879158037,i,225.82704744746553,-38.45925689315581,22.463624954223633,7650.28,339.25,False,7427.35,1.0784,7509.03,338.586,False,-161.804,5.44554,21.6908067039697,0.0481467368263934,21.722915261438704,0.00015764140979013792,21.711040432513833,0.04895640149949847,nan,nan
2025 MZ118,nan,MBO,MBO,21165827764140122,745468901137055756,17.819923,2.5072477,1.7199811,225.82704228875843,-38.459202339775175,2025070100130,108,60857.98922565791,i,225.8270586647006,-38.459213258705304,23.578445434570312,7661.88,323.26,False,7243.02,0.790562,7484.18,321.232,False,-135.006,5.96123,21.68916165210417,0.04580796116894626,21.75020078604559,0.00011850605893882193,21.71463941436591,0.04660139100123483,nan,nan
2025 MZ118,nan,MBO,MBO,21165827764140122,745468901247156303,17.820032,2.5072477,1.7199847,225.8270440958964,-38.4591479327709,2025070100131,62,60857.98967619495,i,225.82704964941314,-38.45915193585986,23.432357788085938,7462.24,316.681,False,6892.58,0.548119,7364.8,318.405,False,-112.579,6.39798,21.717826934209562,0.04607624734594658,21.804045448878547,8.6341057389804e-05,21.73209763491868,0.04694001793920037,nan,nan
2025 MZ118,nan,MBO,MBO,21165827764140122,745468901353062530,17.820137,2.5072477,1.7199881,225.8270458443707,-38.45909520928852,2025070100132,8,60857.990113633656,i,225.82705161746716,-38.45909953718633,23.825166702270508,7467.17,311.056,False,7397.39,2.65543,7355.21,312.206,False,-98.582,6.88452,21.717109914536927,0.045227946353920655,21.727303690248036,0.0003897451022796868,21.733512313603846,0.04608615558917784,nan,nan
2025 MZ118,nan,MBO,MBO,21165827764140122,745468901490426014,17.820246,2.5072477,1.7199917,225.82704765821657,-38.45904042927096,2025070100133,14,60857.99056782855,i,225.8270508297555,-38.459034515622264,22.273195266723633,7691.67,342.188,False,7028.52,1.62839,7640.27,342.355,False,-109.377,5.81797,21.684948403057405,0.04830237015939663,21.782840284540455,0.0002515468298055302,21.692228231204695,0.048651059368059975,nan,nan
2025 MZ118,nan,MBO,MBO,21165827764140122,745468901627265441,17.820354,2.5072477,1.7199954,225.8270494654153,-38.45898576421625,2025070100134,19,60857.99102096536,i,225.82704054316991,-38.45897286903856,20.42674446105957,6946.05,336.554,False,6971.62,0.857981,6685.35,336.297,False,-97.0056,6.20344,21.795655267570552,0.052606712778003245,21.79166571393955,0.00013361902218604656,21.837189611805655,0.05461641050012984,nan,nan
2025 MZ118,nan,MBO,MBO,21165827764140122,745468901762531555,17.82046,2.5072477,1.7199988,225.82705119834563,-38.45893326590679,2025070100135,21,60857.99145541865,i,225.82706470741655,-38.458938161529886,26.21046257019043,7544.89,285.774,False,7301.07,1.34385,7498.52,287.442,False,-82.5424,7.31317,21.705867699318123,0.041123880963438705,21.741533745345123,0.0001998428520627076,21.712561111779465,0.04161970232073521,nan,nan
2025 MZ118,nan,MBO,MBO,21165827764140122,745468902064521407,17.82068,2.5072477,1.7200061,225.82705486352677,-38.45882197638642,2025070100137,85,60857.99237754175,i,225.82707184577217,-38.45882962395326,23.471885681152344,7573.69,318.042,False,7451.92,3.09292,7525.53,319.497,False,-81.8834,6.81713,21.701731195982475,0.04559332481562551,21.71932955166797,0.000450634913971035,21.70865730256751,0.046095023232594075,nan,nan
2025 MZ118,nan,MBO,MBO,21165827764140122,745468902201885043,17.82079,2.5072477,1.7200097,225.8270566604852,-38.45876728863964,2025070100138,91,60857.992830541276,i,225.8270676517622,-38.45878414890375,22.447479248046875,7412.45,329.984,False,7248.25,1.7438,7350.7,331.72,False,-80.6268,7.09571,21.725095529169916,0.048334299171423366,21.749417089463577,0.00026120882167343776,21.73417822491644,0.04899674937054303,nan,nan
2025 MZ118,nan,MBO,MBO,21165827764140122,745468902494437692,17.821,2.5072477,1.7200167,225.82706011258463,-38.4586620017417,2025070100140,137,60857.99370280851,i,225.82707722084822,-38.4586654075732,22.709627151489258,7372.15,322.624,False,7227.61,1.61299,7444.47,325.667,False,-60.2911,6.9201,21.731014606482777,0.04751457231294595,21.752513245285016,0.00024230439904850362,21.720415508364695,0.04749679075988794,nan,nan
2025 MZ118,nan,MBO,MBO,21165827764140122,745468902559449248,17.821114,2.5072477,1.7200205,225.8270620168938,-38.45860379502553,2025070100141,5,60857.99418406141,i,225.82708861047308,-38.45859675698259,21.810476303100586,7406.59,331.849,False,7583.01,0.392215,7409.03,333.89,False,-62.8267,6.45259,21.725954261743542,0.04864593292640989,21.70039596178939,5.61573904521965e-05,21.72559664825014,0.04892900795692855,nan,nan
2025 MZ118,nan,MBO,MBO,21165827764140122,745468902748717106,17.821222,2.5072477,1.7200241,225.8270638002328,-38.45854920534068,2025070100142,110,60857.99463611857,i,225.8270746127427,-38.4585546220845,23.388525009155273,7355.24,312.663,False,7121.55,2.33555,7361.1,311.322,False,-48.5891,8.54421,21.73350784481238,0.04615342559514287,21.76856371029657,0.00035607295298951253,21.732643191520584,0.0459188915305821,nan,nan
2025 MZ118,nan,MBO,MBO,21165827764140122,745468903008239939,17.821444,2.5072477,1.7200315,225.8270674307445,-38.4584378343188,2025070100144,93,60857.99555819202,i,225.82708127474746,-38.45843755744143,22.60753631591797,7822.06,341.003,False,7046.95,2.31994,7794.01,345.315,False,-80.9089,7.50587,21.666697134531784,0.04733270905426287,21.779996994726883,0.0003574373138685085,21.67059763596751,0.04810373754602446,nan,nan
2025 MZ118,nan,MBO,MBO,21165827764140122,745468903501070408,17.821886,2.5072477,1.720046,225.82707464038225,-38.458215746191854,2025070100148,9,60857.99739695183,i,225.827061752708,-38.458197398393395,16.181467056274414,7277.76,445.487,False,6888.74,1.21567,7232.2,451.436,False,-93.2177,5.90744,21.745005710767487,0.06646019925025685,21.80465047907788,0.0001916020746645378,21.75182390153494,0.06777196442726323,nan,nan
2025 MZ118,nan,MBO,MBO,21165827764140122,745468903658357017,17.821995,2.5072477,1.7200497,225.8270764157319,-38.45816087414503,2025070100149,53,60857.997850779706,i,225.82708181136434,-38.4581531562986,16.83818244934082,7673.64,458.859,False,7333.7,4.23842,7614.12,462.73,False,-76.0235,6.24018,21.687496428371308,0.06492353431297916,21.736692120374993,0.0006274876164626311,21.695950690546894,0.06598303129233542,nan,nan
2025 MZ118,nan,MBO,MBO,21165827764140122,745468903770030152,17.822104,2.5072477,1.7200533,225.82707818897728,-38.45810599637376,2025070100150,10,60857.998304681336,i,225.82709692943618,-38.45811425873644,15.788031578063965,7382.84,459.661,False,7112.44,3.2296,7345.17,462.151,False,-45.0634,5.49425,21.729441381608755,0.06759873054824567,21.769953469585673,0.0004930085349635726,21.734995382162502,0.06831347391040012,nan,nan
2025 MZ118,nan,MBO,MBO,21165827764140122,745468903931511145,17.822212,2.5072477,1.7200569,225.8270799328625,-38.45805195906173,2025070100151,62,60857.99875198631,i,225.8270562642087,-38.45806380752083,17.9631404876709,7861.69,436.239,False,7688.6,2.11271,7903.81,441.789,False,-18.8994,5.43543,21.66121022098954,0.060246651114659634,21.685381817989207,0.0002983437435977155,21.655408762743818,0.06068798594581429,nan,nan
2025 MZ118,nan,MBO,MBO,21165827764140122,745468904038989962,17.82232,2.5072477,1.7200605,225.82708170204023,-38.457997069746334,2025070100152,11,60857.99920588362,i,225.82709938390056,-38.45798614577211,18.413284301757812,8204.25,446.234,False,8124.4,2.47037,8400.8,452.782,False,64.5159,5.57963,21.61490278568902,0.05905383418796873,21.625521769326753,0.0003301376396145068,21.589198411563462,0.05851845487822752,26.875833105548185,0.09389942977748805
2025 MZ118,nan,MBO,MBO,21165827764140122,745468904195227745,17.82243,2.5072477,1.7200642,225.82708346532905,-38.45794229558443,2025070100153,53,60857.99965874292,i,225.82707954260138,-38.45795162381532,18.034412384033203,7505.63,416.74,False,7522.12,1.56699,7590.59,420.941,False,95.066,5.66018,21.71153213824836,0.06028404043798405,21.709149339536374,0.00022617796158709805,21.699311187424478,0.060210194927239516,26.454936926125352,0.06464416646191863
2025 MZ118,nan,MBO,MBO,21165827764140122,745468904337834174,17.822857,2.5072477,1.7200783,225.8270903753273,-38.457727012181486,2025070100154,69,60858.00143806799,g,225.82709490135042,-38.45773373115471,13.673880577087402,3802.38,278.417,False,3829.63,1.57336,4035.76,284.434,False,144.917,2.3973,22.449861241054386,0.07949952865157638,22.442107991722924,0.000446062395264836,22.38518666848462,0.07652097264928497,25.997201606946053,0.017960869154820494
2025 MZ118,nan,MBO,MBO,21165827764140122,745468904447934744,17.822968,2.5072477,1.7200819,225.82709214479988,-38.45767172556098,2025070100155,23,60858.00189516181,g,225.82709401021654,-38.45765093711048,15.905467987060547,4378.97,273.352,False,4393.56,9.19745,4515.84,279.038,False,147.61,2.60985,22.29657002202368,0.06777578685142915,22.29295858138055,0.002272873018768196,22.26315367229781,0.06708866201841497,25.97721054492131,0.019196589296545254
2025 MZ118,nan,MBO,MBO,21165827764140122,745468904705884353,17.823183,2.5072477,1.7200891,225.8270956088209,-38.45756331279015,2025070100157,3,60858.00279112785,g,225.8271148799634,-38.457538865070234,12.893023490905762,3805.03,291.671,False,3717.16,2.35991,4187.82,297.695,False,260.791,2.9157,22.449104778569613,0.0832260852796901,22.47447188791657,0.0006893003798096915,22.345030028938837,0.07718055241021218,25.35926856288872,0.012138767013661747
2025 MZ118,nan,MBO,MBO,21165827764140122,745468904890433672,17.823292,2.5072477,1.7200928,225.82709736917192,-38.45750812967276,2025070100158,99,60858.00324718601,g,225.8271174915416,-38.457510195652134,18.13458824157715,4109.42,224.811,False,3924.96,0.347818,4456.66,227.586,False,212.631,3.05987,22.365548695010883,0.05939656973602378,22.415411922986372,9.62146327940744e-05,22.277476204717548,0.05544473880493672,25.580933562651534,0.015624305474753552
2025 MZ118,nan,MBO,MBO,21165827764140122,745468904978514049,17.823406,2.5072477,1.7200965,225.82709918564552,-38.45745112515095,2025070100159,11,60858.003718579464,g,225.82709574755822,-38.457441449575555,18.069061279296875,4136.83,227.444,False,3913.89,0.657397,4397.62,230.689,False,190.088,3.37782,22.358330793874494,0.059694060659123485,22.418478490715458,0.0001823658082326377,22.291955723326467,0.056955213872193364,25.702613261382574,0.01929328275772096
2025 MZ118,nan,MBO,MBO,21165827764140122,745468905242231045,17.823639,2.5072477,1.7201042,225.8271029210356,-38.45733370750959,2025070100161,2,60858.004688799854,g,225.82710374402146,-38.457340426581844,18.07193946838379,4151.89,227.135,False,3992.28,0.884953,4586.88,230.067,False,346.222,3.37257,22.35438536721503,0.059396727462183316,22.3969475093227,0.00024067087690444024,22.246206581605264,0.05445794946887149,25.05161339544345,0.010576224368343627
2025 MZ118,nan,MBO,MBO,21165827764140122,745468905392177212,17.82375,2.5072477,1.7201079,225.8271046899277,-38.45727801560026,2025070100162,32,60858.0051481855,g,225.8271176158413,-38.45728338507197,17.718477249145508,4068.48,226.363,False,3973.96,4.14621,4448.17,229.167,False,417.033,3.57481,22.376419541676352,0.060408435792843815,22.401941282189505,0.0011327971504533443,22.27954657721432,0.05593646854561504,24.84957397172647,0.009306939187832639
2025 MZ118,nan,MBO,MBO,21165827764140122,745468905556803670,17.823854,2.5072477,1.7201114,225.82710635739343,-38.45722546594839,2025070100163,90,60858.0055823245,g,225.82710234232565,-38.457217276888656,21.268815994262695,4331.55,201.152,False,4297.8,0.299763,4873.7,204.342,False,500.415,4.25411,22.308391719163478,0.050420290909163466,22.316884545485358,7.572794226777841e-05,22.18035297466838,0.045522189197677934,24.651674183345357,0.009230021111620444
2025 MZ118,nan,MBO,MBO,21165827764140122,745468905692594353,17.823957,2.5072477,1.7201148,225.82710802732504,-38.45717278980817,2025070100164,93,60858.00601772373,g,225.8270943662857,-38.45717367317337,17.175485610961914,4037.67,234.352,False,4047.29,0.99723,4599.08,235.955,False,558.166,3.96173,22.38467296841382,0.06301764666619938,22.38208917962469,0.00026751942603411405,22.243322571311133,0.05570350675133077,24.533091523505238,0.007706298086429952
2025 MZ118,nan,MBO,MBO,21165827764140122,745468905915940931,17.824183,2.5072477,1.7201222,225.82711159303923,-38.45706015389633,2025070100166,7,60858.00694735229,g,225.82712162338044,-38.45705605011914,17.09823989868164,4050.12,236.505,False,3922.32,7.55735,4919.12,240.443,False,835.287,3.18742,22.38133024106324,0.06340109403621424,22.416142425031964,0.0020919477595712772,22.170281431305064,0.05306999151057393,24.095410710725115,0.004143123535277365
2025 MZ118,nan,MBO,MBO,21165827764140122,745468906055926005,17.824291,2.5072477,1.7201258,225.82711332392145,-38.45700540147376,2025070100167,18,60858.007399190305,g,225.8270952556441,-38.4569882653368,16.502656936645508,4067.64,247.569,False,3906.11,0.212057,4982.44,250.74,False,805.178,3.16564,22.37664375514801,0.06608122494601458,22.42063879690372,5.894302771861145e-05,22.156394819011265,0.0546393945831174,24.135270278757794,0.004268683665725305
2025 MZ118,nan,MBO,MBO,21165827764140122,745468906213736574,17.824394,2.5072477,1.7201294,225.82711499225664,-38.45695258168081,2025070100168,63,60858.00783545988,g,225.82708928789668,-38.45698698724189,15.382798194885254,4398.73,287.258,False,4466.24,8.55501,5509.16,292.337,False,1121.95,2.44979,22.29168174179099,0.07090373978851798,22.27514480097974,0.002079709874525668,22.04728650527808,0.05761329530907854,23.775066289996165,0.0023707168891716206
2025 MZ118,nan,MBO,MBO,21165827764140122,745468906503667836,17.824615,2.5072477,1.7201366,225.82711848188583,-38.4568419575546,2025070100170,104,60858.00874883383,g,225.827149970392,-38.45683417622271,15.088013648986816,3661.02,242.383,False,3738.7,3.74792,4489.51,245.319,False,828.629,3.00561,22.49099474065592,0.07188269726541485,22.468198469221434,0.0010884137612303204,22.26950269855387,0.05932757342895592,24.10409964169488,0.003938191242509845
2025 MZ118,nan,MBO,MBO,21165827764140122,745468906608525539,17.824718,2.5072477,1.7201401,225.8271201465418,-38.45678912095562,2025070100171,48,60858.0091840213,g,225.8271279886601,-38.45679360097763,14.464594841003418,3682.85,253.878,False,3648.48,0.389161,4358.38,257.766,False,712.068,3.0002,22.484539894476626,0.0748454418118389,22.494720081042196,0.0001158088243215635,22.30168729673253,0.064213280287188,24.268696337375218,0.00457459937649253
2025 MZ118,nan,MBO,MBO,21165827764140122,745468906720198786,17.82483,2.5072477,1.7201438,225.82712189016817,-38.456733733644754,2025070100172,5,60858.00964125115,g,225.82713265459554,-38.45675980110791,13.361470222473145,3959.58,292.958,False,4148.48,7.28318,4757.41,298.358,False,734.794,2.95787,22.405877173710934,0.08033051719627447,22.355277503411504,0.001906146951683482,22.20657351155048,0.06809126684382294,24.23458598713752,0.0043705671621555005
2025 MZ118,nan,MBO,MBO,21165827764140122,745468906875387918,17.824934,2.5072477,1.7201473,225.8271235487433,-38.45668100709044,2025070100173,45,60858.01007654422,g,225.82712694259763,-38.45664888763736,13.722455024719238,3870.21,278.506,False,3944.0,4.06783,4362.61,282.347,False,446.647,2.89107,22.430663684091535,0.07813117724436405,22.410157734327065,0.001119825151852919,22.30063405772315,0.07026856706819785,24.7750889390275,0.007027785313106031
2025 MZ118,nan,MBO,MBO,21165827764140122,745468906988634250,17.825039,2.5072477,1.7201507,225.8271252100708,-38.45662815391237,2025070100174,5,60858.01051297934,g,225.82713973096853,-38.456618576607084,15.180063247680664,4724.56,304.516,False,4560.32,2.42669,5148.0,309.141,False,407.603,3.03936,22.214096564723075,0.06997985685124984,22.25251174584841,0.0005777545002585926,22.120903654419124,0.06519921649816036,24.87440657895865,0.008095973943647711
2025 MZ118,nan,MBO,MBO,21165827764140122,745473290986848507,18.046463,2.5072427,1.7279261,225.84425908065128,-38.33960090710975,2025070200069,90,60858.97067785703,i,225.84427747210776,-38.33958832313796,25.195478439331055,7252.56,284.46,False,6775.89,0.890754,7175.92,284.728,False,-91.7546,9.00678,21.74877166527296,0.04258475752462107,21.82258411051702,0.00014273015514381745,21.760306040880455,0.04308012046233333,nan,nan
2025 MZ118,nan,MBO,MBO,21165827764140122,745473291231166562,18.046669,2.5072427,1.7279333,225.8442701697416,-38.3394969483664,2025070200071,44,60858.97154963976,i,225.84428753108116,-38.339496176514864,27.6184024810791,7787.04,278.025,False,7219.39,0.705151,7625.66,276.737,False,-100.805,13.6824,21.67156898065426,0.038764639733047127,21.75374872056502,0.0001060488461413992,21.694306383295153,0.0394016220772369,nan,nan
2025 MZ118,nan,MBO,MBO,21165827764140122,745473291344937486,18.046772,2.5072427,1.7279367,225.8442757216385,-38.33944484233779,2025070200072,5,60858.97198599988,i,225.84428644084986,-38.339445288694876,28.74295997619629,7920.51,271.096,False,6564.17,0.161823,7931.0,269.952,False,-107.541,13.2877,21.653117165573754,0.03716159185296359,21.857050463023022,2.6766079614377395e-05,21.651680125305866,0.03695582592871481,nan,nan
2025 MZ118,nan,MBO,MBO,21165827764140122,745473291631198335,18.046982,2.5072427,1.7279439,225.8442869797393,-38.3393390648147,2025070200074,39,60858.97287310574,i,225.84430485078565,-38.33933136288952,26.145017623901367,7220.67,271.111,False,6917.64,1.71827,7170.83,271.223,False,-98.6184,9.14875,21.75355626858401,0.04076561083330948,21.80010508553178,0.00026968559379857854,21.761076421331467,0.041065904324527835,nan,nan
2025 MZ118,nan,MBO,MBO,21165827764140122,745473291781145275,18.047085,2.5072427,1.7279475,225.8442924956505,-38.33928718213494,2025070200075,69,60858.9733089755,i,225.84431545353056,-38.33928859218092,22.783531188964844,7613.57,327.504,False,7344.56,0.462982,7440.44,328.438,False,-134.726,13.3883,21.69602916246246,0.046703840094346666,21.73508553366912,6.844199167396531e-05,21.721003461378473,0.04792687229560275,nan,nan
2025 MZ118,nan,MBO,MBO,21165827764140122,745473292153389645,18.047401,2.5072427,1.7279583,225.84430949111533,-38.33912708985993,2025070200078,11,60858.974650471995,i,225.8443235065873,-38.339129660506366,25.365997314453125,7656.46,298.684,False,8030.99,4.42365,7611.71,296.007,False,-99.8107,10.5171,21.689929960643113,0.042355347497232736,21.638077255479942,0.0005980478859678883,21.696294421418468,0.04222251057288803,nan,nan
2025 MZ118,nan,MBO,MBO,21165827764140122,745473292291801475,18.047508,2.5072427,1.727962,225.8443151955443,-38.33907327771383,2025070200079,19,60858.975101137185,i,225.84432836857033,-38.339059558693876,22.0067138671875,8135.16,369.412,False,7930.86,0.244364,7614.35,370.97,False,-116.461,11.075,21.62408473180522,0.0493025289465517,21.651699309879486,3.345347659071143e-05,21.695917896954654,0.05289690597868123,nan,nan
2025 MZ118,nan,MBO,MBO,21165827764140122,745473292427067580,18.04761,2.5072427,1.7279655,225.84432069423025,-38.33902136962982,2025070200080,21,60858.9755364508,i,225.8443167806538,-38.33902455129133,23.611515045166016,7482.41,313.988,False,7496.63,0.471332,7326.26,313.847,False,-107.701,15.9551,21.714896222931458,0.04556127497659161,21.712834825599163,6.826297144640531e-05,21.73779421677987,0.04651145947882881,nan,nan
2025 MZ118,nan,MBO,MBO,21165827764140122,745473292727484866,18.047827,2.5072427,1.727973,225.84433231291703,-38.33891157031128,2025070200082,82,60858.97645685562,i,225.8443634619769,-38.33891560636288,23.937297821044922,7014.81,287.531,False,6889.17,1.01459,6902.2,287.42,False,-91.3416,14.3728,21.784960209886066,0.04450338932122535,21.804582758027248,0.0001598998334436227,21.80253112084857,0.04521200569674727,nan,nan
2025 MZ118,nan,MBO,MBO,21165827764140122,745473292866420850,18.047934,2.5072427,1.7279766,225.84433800333957,-38.33885773656532,2025070200083,91,60858.976907764765,i,225.84434084467313,-38.338865080002336,26.431903839111328,7981.77,300.674,False,7547.94,2.609,7847.99,300.844,False,-82.1073,15.7469,21.64475197448179,0.04089978275795324,21.705428910383965,0.00037529256260633245,21.66310386510228,0.041620492211090515,nan,nan
2025 MZ118,nan,MBO,MBO,21165827764140122,745473293001163152,18.048037,2.5072427,1.7279801,225.8443435138516,-38.33880556885111,2025070200084,92,60858.9773442424,i,225.8443478002592,-38.33881332148068,24.43904685974121,7386.19,300.701,False,6683.44,0.495056,7320.47,301.662,False,-62.5802,13.638,21.728948820833924,0.044201672703191974,21.837499875607456,8.042269114600124e-05,21.738652555156868,0.04474102504397352,nan,nan
2025 MZ118,nan,MBO,MBO,21165827764140122,745473297171349532,18.052454,2.5072427,1.7281318,225.84457685659407,-38.33656718888172,2025070200115,110,60858.996054181785,i,225.84459932892514,-38.336569697648514,25.371627807617188,7174.78,281.096,False,6830.36,0.676807,6973.7,279.894,False,-187.757,11.6022,21.760478560373134,0.04253734920987591,21.813891036359795,0.00010758347486845577,21.79134181802391,0.04357673176393873,nan,nan
2025 MZ118,nan,MBO,MBO,21165827764140122,745473297430872087,18.052675,2.5072427,1.7281394,225.8445884196064,-38.33645495771996,2025070200117,93,60858.99699046508,i,225.84460089575978,-38.33645912369385,26.92462730407715,7375.85,269.098,False,6765.1,0.836876,7175.5,267.725,False,-175.683,7.43987,21.73046979551183,0.03961162830213381,21.82431443279592,0.00013431087965835937,21.76036957806151,0.04050989227868136,nan,nan
2025 MZ118,nan,MBO,MBO,21165827764140122,745473297517380044,18.052786,2.5072427,1.7281431,225.84459417328944,-38.33639907288269,2025070200118,2,60858.99745662402,i,225.84459207881733,-38.33640133501455,27.99100685119629,7817.23,279.293,False,7407.14,0.142805,7630.86,280.302,False,-169.145,7.23703,21.667367777616704,0.03879104513976599,21.725873596981803,2.0932309990698515e-05,21.69356630490384,0.039882010315915935,nan,nan
2025 MZ118,nan,MBO,MBO,21165827764140122,745473297675714876,18.052889,2.5072427,1.7281468,225.8445996411211,-38.33634594069101,2025070200119,48,60858.99789949492,i,225.8446186726565,-38.336360332871884,27.861391067504883,7853.36,280.787,False,6877.94,0.074847,7665.65,280.984,False,-168.63,7.60158,21.66236125370891,0.03881913006012247,21.806354051958806,1.1815179557134338e-05,21.688627548196017,0.03979760557641511,nan,nan
2025 MZ118,nan,MBO,MBO,21165827764140122,745473297829855399,18.052992,2.5072427,1.7281502,225.84460502080643,-38.33629364269217,2025070200120,86,60858.99833593835,i,225.8446201712523,-38.33630518708225,26.733322143554688,7782.38,286.105,False,7611.3,0.764378,7569.1,286.969,False,-162.378,9.54744,21.67221893428605,0.03991511253217281,21.69635292778445,0.0001090369453583583,21.702389378480326,0.04116376089120259,nan,nan
2025 MZ118,nan,MBO,MBO,21165827764140122,745473298354143554,18.053429,2.5072427,1.7281653,225.84462777958385,-38.3360721569947,2025070200124,62,60859.00018116528,i,225.84465615461409,-38.33607598935715,22.954442977905273,7580.3,327.228,False,7368.86,0.106391,7346.83,328.148,False,-190.62,7.54455,21.70078404365516,0.04686929178512877,21.731499256400433,1.5675770781319207e-05,21.73475001165422,0.048494680217639585,nan,nan
2025 MZ118,nan,MBO,MBO,21165827764140122,745473298616287642,18.053644,2.5072427,1.7281727,225.8446390620573,-38.335962218596784,2025070200126,50,60859.00109709517,i,225.84464462193498,-38.33596552312402,23.57181739807129,7663.97,320.888,False,7226.22,4.60755,7566.68,322.96,False,-153.94,7.88606,21.68886547940694,0.04545943029994856,21.752722019238632,0.000692282252416774,21.70273655540379,0.0463412417685475,nan,nan
2025 MZ118,nan,MBO,MBO,21165827764140122,745473298760466640,18.054878,2.5072427,1.7282151,225.84470318993849,-38.3353357438796,2025070200127,69,60859.006313071804,g,225.8446979035926,-38.33534312894748,17.327289581298828,4080.35,233.841,False,4150.22,3.00506,3968.6,237.535,False,-55.5988,4.38985,22.373256431149542,0.06222251461061936,22.354822146440185,0.0007861516315837593,22.403406653167487,0.0649852207395792,nan,nan
2025 MZ118,nan,MBO,MBO,21165827764140122,745473299127468385,18.056467,2.5072427,1.7282698,225.84478566307308,-38.33452665066698,2025070200130,1,60859.01304083431,g,225.8447870999907,-38.33454942166266,17.074485778808594,4445.61,262.648,False,4762.88,8.11195,4426.07,262.996,False,26.2156,8.05157,22.280171631678325,0.06414563189534418,22.20532592754031,0.0018491832539850612,22.28495434767028,0.06451418360590855,27.853600534127487,0.33346104231750684
2025 MZ118,nan,MBO,MBO,21165827764140122,745473299313066016,18.056574,2.5072427,1.7282735,225.84479118554796,-38.33447236030467,2025070200131,99,60859.013491481164,g,225.84482777707214,-38.3344490123728,17.26865005493164,4084.12,234.713,False,4039.2,1.1217,4083.48,235.981,False,33.3512,11.6628,22.3722537336368,0.06239689130877638,22.384261618906415,0.00030151276693399297,22.372423923069352,0.06274381645283555,27.592221334723668,0.37967821219428316
2025 MZ118,nan,MBO,MBO,21165827764140122,745473299578880128,18.056807,2.5072427,1.7282815,225.8448032201216,-38.33435400878268,2025070200133,94,60859.0144748156,g,225.84484045887467,-38.33435398763275,16.968759536743164,4180.35,243.834,False,4031.49,1.53759,4227.29,246.749,False,37.2317,10.9078,22.346968363078396,0.06332948082549682,22.386336035427025,0.000414094333429054,22.334844884305454,0.06337495478786227,27.472717807425944,0.3180889614411779
2025 MZ118,nan,MBO,MBO,21165827764140122,745473299816906860,18.057035,2.5072427,1.7282894,225.8448150928356,-38.334237195366754,2025070200135,36,60859.015444611985,g,225.84482297500352,-38.3342352068613,19.438758850097656,4475.99,227.051,False,4033.68,4.11777,4555.56,229.158,False,36.0304,4.76249,22.272777174193934,0.055075519058732175,22.385746413942904,0.0011083705845185822,22.253645558579883,0.054615708975128054,27.50832731148504,0.1435123588190631
2025 MZ118,nan,MBO,MBO,21165827764140122,745473299958989000,18.057142,2.5072427,1.7282931,225.84482059998612,-38.33418299439911,2025070200136,51,60859.01589429082,g,225.84483582747444,-38.33418745740807,20.345996856689453,4390.26,214.673,False,4094.87,0.238051,4424.32,218.141,False,32.5284,4.83646,22.29377445597789,0.05308985464031879,22.369399672050314,6.311814023504985e-05,22.28538371597124,0.05353220333893504,27.619343231385855,0.16143184971093885
2025 MZ118,nan,MBO,MBO,21165827764140122,745473300109984090,18.057245,2.5072427,1.7282965,225.84482592311767,-38.33413059465323,2025070200137,83,60859.01632953306,g,225.84484156146948,-38.33414004884935,19.587915420532227,4570.23,231.643,False,4765.81,0.411778,4577.86,233.801,False,29.8408,7.84028,22.25015486266156,0.05503075306608151,22.20465817613863,9.381034507435941e-05,22.24834376502917,0.055450846557847384,27.712973869496253,0.2852629990782172
2025 MZ118,nan,MBO,MBO,21165827764140122,745473300337000613,18.057474,2.5072427,1.7283045,225.8448377916833,-38.3340137296535,2025070200139,4,60859.01729986523,g,225.84486508246223,-38.33399400308748,18.06386375427246,4433.8,242.798,False,4196.38,2.135,4531.61,246.439,False,9.65682,5.94712,22.28305980020219,0.05945568026558059,22.34281300904805,0.000552392026350726,22.259368716525916,0.05904474295019609,28.937914625650286,0.668646977495675
2025 MZ118,nan,MBO,MBO,21165827764140122,745473300479082598,18.057585,2.5072427,1.7283083,225.84484355404865,-38.33395697410768,2025070200140,19,60859.01777016971,g,225.84484502748268,-38.33398594904455,14.880708694458008,4382.6,294.61,False,4356.62,1.14336,4331.09,297.123,False,10.1172,20.3944,22.295670389817698,0.07298606312506464,22.30212576862626,0.00028494276159420415,22.308507018024642,0.07448406628130348,28.887349172598505,2.188642933855652
2025 MZ118,nan,MBO,MBO,21165827764140122,745473300896940089,18.058393,2.5072427,1.7283362,225.84488544856092,-38.33354406953396,2025070200143,48,60859.02119566854,g,225.84489792481162,-38.33353840531883,17.554502487182617,4254.66,238.997,False,4079.82,2.05674,4201.92,239.569,False,-4.87828,5.02447,22.32783780937133,0.060989051934765066,22.373397475266593,0.0005473469647706252,22.341380571055048,0.06190235462333745,nan,nan
2025 MZ118,nan,MBO,MBO,21165827764140122,745473301010710799,18.058502,2.5072427,1.7283399,225.84489107469776,-38.33348858797408,2025070200144,9,60859.02165514418,g,225.84489248021137,-38.333489022064064,16.696584701538086,4451.89,265.603,False,4413.37,1.78113,4453.96,268.625,False,-5.53971,4.89105,22.278638904197734,0.06477581002458856,22.28807412478109,0.00043817700023475274,22.27813422848287,0.06548237760578403,nan,nan
2025 MZ118,nan,MBO,MBO,21165827764140122,745473301148598430,18.058609,2.5072427,1.7283436,225.84489651735083,-38.33343490982982,2025070200145,16,60859.022100203365,g,225.84493108161314,-38.33344694014231,17.461917877197266,4671.23,264.563,False,4594.21,2.88482,4677.22,267.929,False,3.34365,9.4921,22.22642187599496,0.061492501122183935,22.244472902264263,0.0006817610705525605,22.22503045493795,0.062195104485815236,30.089447939366927,3.0822352980887526
2025 MZ118,nan,MBO,MBO,21165827764140122,745473301279146252,18.05871,2.5072427,1.7283471,225.8449018254852,-38.333382553041794,2025070200146,9,60859.02253443672,g,225.8449417160516,-38.33335964183,13.707657814025879,3961.52,286.589,False,4052.37,2.32966,3975.75,290.087,False,5.59798,10.2282,22.405345362564496,0.07854561885037853,22.38072723965186,0.000624176979692707,22.401452330954683,0.07921976093223537,29.529921639345822,1.9837739613716487
2025 MZ118,nan,MBO,MBO,21165827764140122,745473301411790919,18.058823,2.5072427,1.728351,225.84490761067428,-38.33332548518412,2025070200147,6,60859.02300724175,g,225.84492227160808,-38.33333430844828,15.946666717529297,4370.96,266.95,False,4995.98,10.6307,4369.38,269.554,False,1.41269,4.88659,22.29855792933955,0.06630975705657871,22.15344827641998,0.002310284676476735,22.29895048799883,0.0669807911299584,31.024882789267572,3.7556346558242595
2025 MZ118,nan,MBO,MBO,21165827764140122,745473301585854727,18.05893,2.5072427,1.7283546,225.84491309017656,-38.33327142769304,2025070200148,82,60859.02345569846,g,225.84490507161576,-38.333286520633465,15.263635635375977,3920.87,252.649,False,4058.81,2.77889,3890.27,255.319,False,9.68099,12.8506,22.416543859770414,0.06996155456580597,22.379003180055367,0.0007433561373711391,22.4250506342676,0.07125702867306749,28.93520054662993,1.441212274828035
2025 MZ118,nan,MBO,MBO,21165827764140122,745473301679702291,18.059038,2.5072427,1.7283584,225.8449187777409,-38.33321531273817,2025070200149,5,60859.02392051439,g,225.84493704913766,-38.333192028168924,15.384474754333496,4087.91,261.002,False,4403.8,10.3437,4120.82,264.5,False,37.1613,7.08269,22.371246708984295,0.06932132614983458,22.29043108034501,0.0025501908631720208,22.36254093460469,0.06968934299692903,27.474772734864775,0.20693389535328144
2025 MZ118,nan,MBO,MBO,21165827764140122,745473301887320292,18.059145,2.5072427,1.7283621,225.84492433092856,-38.33316051918992,2025070200150,145,60859.02437459503,g,225.84492424727242,-38.333153031630154,15.481884002685547,4314.52,275.925,False,4436.41,3.72943,4389.69,278.161,False,114.432,9.57767,22.312668778819507,0.06943570726015987,22.28242077287525,0.0009127147825251361,22.29391538589347,0.0687997293991471,26.25363128641889,0.09087338553925044
2025 MZ118,nan,MBO,MBO,21165827764140122,745477693056221533,18.275974,2.5072439,1.73626,225.87018341855423,-38.21746199234263,2025070300099,83,60859.982144298454,i,225.870188494914,-38.21745831498999,12.148849487304688,5476.46,450.518,False,5722.38,13.2132,5373.23,457.39,False,118.798,7.89195,22.05375020790644,0.08931749940943212,22.006058286838535,0.002507007485873213,22.074411426816205,0.0924220441715277,26.212977208724034,0.07212727683732062
2025 MZ118,nan,MBO,MBO,21165827764140122,745477693188866184,18.27608,2.5072439,1.7362638,225.87019293970567,-38.21740795041759,2025070300100,80,60859.98260033729,i,225.87015638245552,-38.21739420764746,11.247544288635254,5201.75,464.296,False,4898.77,15.8185,5363.12,466.416,False,134.138,9.43235,22.109626310391455,0.09691026405659932,22.174782371757715,0.0035059244696793927,22.076456190210486,0.09442352780541909,26.0811204292619,0.07634707559355665
2025 MZ118,nan,MBO,MBO,21165827764140122,745477693323608309,18.276186,2.5072439,1.7362676,225.8702024371296,-38.21735402146828,2025070300101,81,60859.98305543576,i,225.8702159919573,-38.217366970699274,14.98094367980957,6464.11,423.095,False,7045.55,7.9729,6426.5,426.923,False,126.667,11.2126,21.873728177376933,0.07106462770487652,21.780212776853173,0.0012286430914948843,21.880063720306488,0.07212724846342243,26.143341289629852,0.09610968539825047
2025 MZ118,nan,MBO,MBO,21165827764140122,745477693430562909,18.276293,2.5072439,1.7362713,225.8702120360624,-38.21729949425727,2025070300102,29,60859.98351551601,i,225.87023290677618,-38.21728443621476,12.689865112304688,5237.22,403.11,False,4870.88,10.3433,5422.57,402.725,False,127.623,10.6437,22.102247911207357,0.08356935313799255,22.180981450282708,0.0023055578070220457,22.064487117612373,0.08063577489313792,26.135177617524718,0.09054990055670335
2025 MZ118,nan,MBO,MBO,21165827764140122,745477693702144478,18.276505,2.5072439,1.7362789,225.87023107951364,-38.21719125264379,2025070300104,35,60859.98442810026,i,225.87024516306883,-38.21717909048219,13.218302726745605,5511.44,410.534,False,5052.48,0.520016,5655.43,413.851,False,126.724,9.47147,22.04683730191409,0.08087389649744284,22.141238496554987,0.00011174714521615334,22.01883588804764,0.07945160923628415,26.14285282631811,0.08114893658120555
2025 MZ118,nan,MBO,MBO,21165827764140122,745477693846847821,18.27661,2.5072439,1.7362826,225.87024060756056,-38.217137064130384,2025070300105,55,60859.98488524995,i,225.87028168706559,-38.217138020428706,12.952713966369629,5661.15,427.123,False,5867.51,7.4206,5623.25,429.367,False,130.206,8.39382,22.017738363054022,0.08191673027748654,21.978865447270366,0.0013731232388064362,22.025031520193707,0.08290211208814927,26.113422559576488,0.06999273848435278
2025 MZ118,nan,MBO,MBO,21165827764140122,745477693981065280,18.276716,2.5072439,1.7362864,225.87025013291455,-38.21708286997655,2025070300106,55,60859.9853425843,i,225.87023817619593,-38.21709303801173,16.082963943481445,6609.69,407.932,False,6127.83,10.7535,6677.74,410.114,False,105.862,8.9692,21.84954728165452,0.06700867254405388,21.93173321498066,0.001905317887808011,21.838426197769767,0.06668058611056477,26.33814976838254,0.09198943302056548
2025 MZ118,nan,MBO,MBO,21165827764140122,745477694089592864,18.276823,2.5072439,1.7362902,225.87025971811929,-38.21702831432985,2025070300107,6,60859.985802010786,i,225.8702939793021,-38.217036377159275,14.577972412109375,6577.68,445.623,False,6237.95,2.124,6780.32,448.478,False,117.563,7.46949,21.854818117217825,0.07355617732527894,21.912395242585895,0.0003696893539375369,21.821874550502894,0.07181501917539439,26.22432331738232,0.0689834006918848
2025 MZ118,nan,MBO,MBO,21165827764140122,745477694221713672,18.276928,2.5072439,1.7362939,225.8702692589992,-38.216973990248846,2025070300108,2,60859.9862603468,i,225.87024157378076,-38.21697102968977,12.180956840515137,5510.37,453.444,False,6095.33,20.8887,5405.63,455.427,False,101.711,8.11514,22.047048074352464,0.08934437386697694,21.937506928056248,0.003720818740982588,22.067884233142852,0.0914738144054526,26.381580205085992,0.08662682885327472
2025 MZ118,nan,MBO,MBO,21165827764140122,745477694494343343,18.277142,2.5072439,1.7363015,225.8702883330048,-38.21686532497487,2025070300110,10,60859.98717632402,i,225.87032820203063,-38.21686860874419,12.125797271728516,5596.86,457.751,False,5589.77,3.29045,5651.96,462.118,False,95.7443,7.127,22.03013891754896,0.08879922908413918,22.03151514991863,0.0006391248274679824,22.019502308497785,0.0887724363577395,26.447217669675393,0.08081986818903188
2025 MZ118,nan,MBO,MBO,21165827764140122,745477694800527617,18.277359,2.5072439,1.7363093,225.87030785464097,-38.21675402620714,2025070300112,82,60859.988114707696,i,225.87030550263376,-38.21675431809496,13.090103149414062,5927.25,451.346,False,5891.75,5.62991,5877.17,456.131,False,86.9246,7.50595,21.967866886672688,0.08267623300606881,21.974389223787682,0.0010374841274800627,21.977079381744776,0.08426469889151639,26.55214326413548,0.09375345713867703
2025 MZ118,nan,MBO,MBO,21165827764140122,745477694919016738,18.277464,2.5072439,1.736313,225.87031734115484,-38.216699910737965,2025070300113,52,60859.98857080155,i,225.87036091751116,-38.21670514405645,12.40943717956543,5415.69,427.574,False,5062.43,12.7084,5552.45,432.036,False,84.9439,7.36417,22.06586551949955,0.08571993275139887,22.13910238449604,0.002725562478611425,22.038788320804173,0.08448110692070147,26.577169494612427,0.09412737074559042
2025 MZ118,nan,MBO,MBO,21165827764140122,745477695053758937,18.27757,2.5072439,1.7363168,225.8703268668687,-38.21664555216208,2025070300114,53,60859.98902848174,i,225.87033706959116,-38.21662578335008,14.731789588928223,6135.87,409.115,False,5816.49,0.477765,6257.89,417.645,False,73.6015,9.37626,21.930309605040847,0.07239249663425623,21.988347491827405,8.918208925791362e-05,21.908930163950764,0.07246088943736508,26.732783314997107,0.13831436222855045
2025 MZ118,nan,MBO,MBO,21165827764140122,745477695211569491,18.277676,2.5072439,1.7363205,225.87033628623604,-38.21659178142652,2025070300115,98,60859.98948136102,i,225.87034541363303,-38.21657007872626,14.318927764892578,6331.97,433.169,False,6494.87,2.47396,6541.11,438.945,False,76.8757,8.06714,21.896152841741284,0.07427502925838697,21.86857382354542,0.0004135676016347284,21.860871391190834,0.07285896374023874,26.68552726481298,0.11393438164898591
2025 MZ118,nan,MBO,MBO,21165827764140122,745477695295455329,18.277786,2.5072439,1.7363245,225.8703462645124,-38.21653479970465,2025070300116,2,60859.989961473344,i,225.87036010803197,-38.216529616755295,13.11031436920166,5772.83,434.073,False,5407.96,5.79389,5499.53,437.394,False,72.9525,9.99809,21.996528064169038,0.08163912034640561,22.06741633113141,0.0011632179572632932,22.049186103737956,0.08635183981446022,26.74239956091577,0.14879939898727665
2025 MZ118,nan,MBO,MBO,21165827764140122,745477695465849130,18.277893,2.5072439,1.7363282,225.870355783086,-38.2164804237419,2025070300117,71,60859.99041966231,i,225.8703526357882,-38.21647742139878,13.71702766418457,5751.77,412.707,False,5554.95,5.60975,5835.97,416.883,False,61.7579,9.04446,22.000496218091662,0.07790487643468891,22.038299576280295,0.001096446995353216,21.984717333225596,0.07755779156062742,26.923268695967398,0.15900634507812222
2025 MZ118,nan,MBO,MBO,21165827764140122,745477695744246004,18.278109,2.5072439,1.736336,225.8703750626572,-38.21637022962674,2025070300119,90,60859.99134740156,i,225.87037993981662,-38.21637593632694,16.09259605407715,6293.3,385.211,False,5710.73,8.15294,6406.83,388.382,False,49.7776,7.89986,21.902803946326493,0.06645758831783764,22.008270935065553,0.0015500543612622553,21.883391985521857,0.0658173201218067,27.157415130750163,0.17230971413395024
2025 MZ118,nan,MBO,MBO,21165827764140122,745477695835996213,18.278215,2.5072439,1.7363398,225.87038463673272,-38.216315480006,2025070300120,9,60859.991808865634,i,225.8703857723686,-38.21631570684236,14.58328628540039,6249.14,428.18,False,6578.12,5.97535,6297.16,433.976,False,48.2692,7.99723,21.910449340467316,0.0743927180428486,21.854745501291426,0.0009862473792398205,21.902138152765524,0.07482475557531505,27.1908247616281,0.17988452925161388
2025 MZ118,nan,MBO,MBO,21165827764140122,745477696143229105,18.278425,2.5072439,1.7363472,225.8704034877351,-38.21620762634891,2025070300122,83,60859.99271660465,i,225.87039817424218,-38.216216203758705,17.425193786621094,6538.76,374.288,False,5964.73,5.45757,6706.93,377.378,False,11.6584,8.35067,21.861261545865148,0.062149098770415565,21.96102302945883,0.0009934198934249017,21.833690537425078,0.06109098151729871,28.733402659202035,0.7776903286078309
2025 MZ118,nan,MBO,MBO,21165827764140122,745477696399605855,18.278646,2.5072439,1.7363551,225.87042318109528,-38.21609487853973,2025070300124,60,60859.99366581381,i,225.8704443490975,-38.21609576419844,13.579190254211426,6037.35,442.776,False,6034.4,18.2177,5994.08,447.499,False,15.9698,6.83783,21.947884098186552,0.07962730785562713,21.94841478080103,0.0032778098480465605,21.95569364844778,0.08105761882946749,28.391751307247457,0.464882444833825
2025 MZ118,nan,MBO,MBO,21165827764140122,745477696689537169,18.278858,2.5072439,1.7363627,225.8704421606607,-38.21598614661372,2025070300126,101,60859.99458014552,i,225.87043369938522,-38.21598722503412,14.231976509094238,6227.3,432.214,False,5845.19,4.43752,6133.57,436.282,False,17.3037,7.92681,21.914250563178776,0.07535695904457859,21.983003429320224,0.0008242634030928461,21.930716715943856,0.07722862713044173,28.30465258931536,0.4973748173371906
2025 MZ118,nan,MBO,MBO,21165827764140122,745477696934904332,18.279072,2.5072439,1.7363702,225.87046119459976,-38.21587703501172,2025070300128,57,60859.9954988548,i,225.87046499724877,-38.2158691838466,16.17011833190918,6200.48,380.418,False,5744.67,1.34099,6020.01,381.784,False,13.1875,10.1199,21.91893672593154,0.0666131647949029,22.00183730004435,0.0002534456036328294,21.95100701057902,0.06885648422919625,28.59959381839558,0.8331785059209608
2025 MZ118,nan,MBO,MBO,21165827764140122,745477697602322699,18.279991,2.5072439,1.736403,225.8705432806996,-38.2154057332266,2025070300133,50,60859.99946187201,g,225.87067408716288,-38.21536668539474,10.135682106018066,3369.39,336.271,False,3685.88,5.09641,3448.97,346.247,False,176.64,3.27557,22.581121828143935,0.10835836952953594,22.483647054698025,0.0015012308614328704,22.555776467267012,0.1089986044978514,25.782277363628825,0.020133632592041616
2025 MZ118,nan,MBO,MBO,21165827764140122,745477697892253935,18.280214,2.5072439,1.736411,225.8705631880384,-38.215291261107815,2025070300135,91,60860.000423267935,g,225.87055190366874,-38.215304464908805,9.311152458190918,3311.7,358.872,False,3563.55,35.6732,3426.37,371.073,False,187.001,2.97082,22.599872545851177,0.11765568713700335,22.520292843270944,0.010868847872868953,22.562914315648758,0.1175843165823372,25.720390136491062,0.01724871340539972
2025 MZ118,nan,MBO,MBO,21165827764140122,745477698129232017,18.280434,2.5072439,1.7364187,225.8705827164612,-38.215178905767175,2025070300137,31,60860.00136757026,g,225.8706059239134,-38.21518533952309,9.675257682800293,3665.23,377.116,False,4075.99,14.6247,3869.09,391.823,False,164.062,2.88981,22.48974692423863,0.11171154166577194,22.374417227998247,0.003895634157451341,22.430977895121615,0.10995257416409687,25.862480019627668,0.019124303630228278
2025 MZ118,nan,MBO,MBO,21165827764140122,745477698270265528,18.280539,2.5072439,1.7364225,225.87059214748612,-38.21512462355866,2025070300138,44,60860.00182361258,g,225.87059230583475,-38.21511633794863,10.787508964538574,3845.98,353.597,False,4193.7,11.0039,3953.46,367.631,False,151.382,3.07707,22.437482451826387,0.09982190503045343,22.34350655042263,0.002848876077186499,22.40755663801289,0.10096227193997613,25.949814376187753,0.02206924348772573
2025 MZ118,nan,MBO,MBO,21165827764140122,745477698424930549,18.280647,2.5072439,1.7364264,225.87060182526508,-38.21506890681895,2025070300139,83,60860.00229121951,g,225.8705575146967,-38.21509337322217,10.514678955078125,3494.39,330.767,False,3778.72,25.1466,3652.38,340.358,False,121.224,3.11723,22.54157159873452,0.10277207650654195,22.45663822779185,0.007225350130077828,22.49356014491093,0.10117759293702265,26.19102848318664,0.02791930170641158
2025 MZ118,nan,MBO,MBO,21165827764140122,745477699239673927,18.281301,2.5072439,1.7364497,225.87066011157253,-38.21473304786041,2025070300145,101,60860.005111814564,g,225.87065096391166,-38.2147264325214,11.51080322265625,3897.73,334.172,False,3893.44,5.48032,4050.06,343.989,False,88.4914,2.77026,22.422970626010503,0.09308562616026367,22.42416630040791,0.0015282582759782058,22.381346341393908,0.09221624390238621,26.532747314432235,0.033989422989612224
2025 MZ118,nan,MBO,MBO,21165827764140122,745477699344531658,18.281466,2.5072439,1.7364556,225.87067467612368,-38.21464904827011,2025070300146,45,60860.005816301695,g,225.87072384776138,-38.21467649716658,10.081978797912598,3265.9,321.353,False,3430.5,45.5314,3474.78,331.114,False,72.7973,2.91226,22.61499282557978,0.10683260160891954,22.561606440843924,0.01441046147830809,22.54768170796259,0.10346049807909094,26.744711786653667,0.04343493621897959
2025 MZ118,nan,MBO,MBO,21165827764140122,745477699728310326,18.282354,2.5072439,1.7364873,225.87075384136736,-38.21419198853406,2025070300149,9,60860.009650021224,g,225.87080716813674,-38.21417079646647,10.408092498779297,3459.59,333.965,False,3541.63,12.9148,3752.43,340.182,False,44.9259,3.46303,22.55243838966063,0.10480949431412162,22.526992066539997,0.0039592125842818175,22.46421852125333,0.09842899874417368,27.268758046737545,0.08369197275893694
2025 MZ118,nan,MBO,MBO,21165827764140122,745477699859906664,18.282461,2.5072439,1.7364911,225.87076323230573,-38.21413771944551,2025070300150,4,60860.01010593424,g,225.87073418981896,-38.214174177972744,9.654797554016113,3513.72,362.456,False,4057.82,28.0645,3652.21,372.143,False,61.6092,2.69923,22.53558213244643,0.11199856511649771,22.379268035846092,0.007509116738339316,22.493610658447118,0.11063140909214829,26.92588608467937,0.047568410407669424
2025 MZ118,nan,MBO,MBO,21165827764140122,745477700132536351,18.282675,2.5072439,1.7364987,225.87078232157597,-38.21402737414461,2025070300152,12,60860.01103035333,g,225.87082819476785,-38.21402178305171,8.709673881530762,3213.46,365.11,False,4070.25,1.84841,3332.5,377.87,False,62.0409,2.52844,22.632567767353635,0.12336022064493109,22.37594728757206,0.0004930620157143,22.593074604785258,0.12311091804666408,26.918304756013285,0.04424853275296974
2025 MZ118,nan,MBO,MBO,21165827764140122,745477700335960240,18.282784,2.5072439,1.7365025,225.8707918755038,-38.2139721327421,2025070300153,144,60860.011493409955,g,225.8707573873374,-38.21395040855321,10.226583480834961,3627.04,355.454,False,3856.52,3.38623,3492.1,366.207,False,61.5183,2.52497,22.501119125490654,0.10640337124423203,22.434511024587827,0.0009533342187354897,22.542283290396757,0.11385819077692887,26.927489201729472,0.04456318598239716
2025 MZ118,nan,MBO,MBO,21165827764140122,745477700454973682,18.282892,2.5072439,1.7365065,225.8708016557524,-38.213915572638086,2025070300154,115,60860.01196702088,g,225.87080739180587,-38.21391933160777,11.878409385681152,4221.09,355.003,False,4437.27,4.99521,4224.06,367.753,False,56.5821,2.77574,22.33643851002525,0.09131281590599341,22.28221035629948,0.0012222561414749645,22.335674788845157,0.09452581897440997,27.0183023468468,0.05326280427725326
2025 MZ118,nan,MBO,MBO,21165827764140122,745477709324353873,18.29385,2.507244,1.736899,225.8717793616837,-38.20825000165373,2025070300220,136,60860.059177767034,r,225.87187763684972,-38.20829361127159,16.924455642700195,6506.8,357.076,False,nan,nan,17954.1,361.366,False,11370.7,4.77372,21.866581387597897,0.05958233547889318,nan,nan,20.764590924198423,0.02185284447502788,21.2605319777711,0.0004558206896442246
2025 MZ118,nan,MBO,MBO,21165827764140122,745477715099910411,18.301765,2.5072443,1.7371849,225.87250590029245,-38.20411066544255,2025070300263,144,60860.09333946743,r,225.87251238681017,-38.20409543263814,20.244171142578125,6669.82,324.821,False,6936.04,3.18868,7132.82,333.309,False,-172.24,5.53877,21.83971474444568,0.05287548160213098,21.797221021278535,0.0004991414740602804,21.76684686541298,0.05073528383615718,nan,nan
2025 MZ118,nan,MBO,MBO,21165827764140122,745477715903119668,18.302456,2.5072443,1.7372098,225.8725706282412,-38.203748053364826,2025070300269,140,60860.09631998818,r,225.872588322679,-38.20376100303804,19.73480224609375,7098.62,358.2,False,6682.76,0.121302,7043.82,367.121,False,-162.375,4.18967,21.772065161206953,0.05478680579854238,21.83761037694488,1.9707722409281886e-05,21.78047940374811,0.056588125982746804,nan,nan
2025 MZ118,nan,MBO,MBO,21165827764140122,745477716147437591,18.30268,2.5072443,1.737218,225.8725917749865,-38.20362984843346,2025070300271,94,60860.09729058215,r,225.87261769744296,-38.20362417670906,17.659818649291992,6306.82,351.574,False,6522.08,7.11844,6372.49,360.37,False,-98.784,4.54647,21.900473939824963,0.060524422237706446,21.864034683069896,0.0011850127721522122,21.889227053499344,0.0613993488286005,nan,nan
2025 MZ118,nan,MBO,MBO,21165827764140122,745477716311015461,18.302792,2.5072443,1.7372221,225.87260228251716,-38.20357116264096,2025070300272,150,60860.09777297561,r,225.8726381390014,-38.20358752391617,18.317171096801758,6701.59,361.123,False,6648.25,0.212735,6739.5,369.845,False,-62.8759,3.98,21.834555389344587,0.058506161856852396,21.843231644397463,3.474208830261586e-05,21.828430805878234,0.05958218087011379,nan,nan
2025 MZ118,nan,MBO,MBO,21165827764140122,745477716436320293,18.3029,2.5072443,1.737226,225.87261246966497,-38.2035142972619,2025070300273,133,60860.098239063474,r,225.8726195410676,-38.20350229728532,18.82935333251953,7163.79,378.502,False,7215.91,4.76354,7208.7,389.721,False,0.131131,3.89898,21.762142878041885,0.0573653524331006,21.754272206849794,0.0007167422406903723,21.75535759024468,0.05869771207049881,33.60573662208837,32.28270855611399
2025 MZ118,nan,MBO,MBO,21165827764140122,745477716713668776,18.303123,2.5072443,1.7372341,225.8726335410256,-38.20339677307332,2025070300275,150,60860.099204957616,r,225.87268482463153,-38.20338148981919,18.591880798339844,7330.28,387.898,False,7328.49,6.29037,7578.06,398.83,False,119.548,4.03321,21.73719862177694,0.05745413897285899,21.73746371633542,0.0009319358037354195,21.701104892805475,0.05714182160296353,26.206144244336155,0.03662965528040595
2025 MZ118,nan,MBO,MBO,21165827764140122,745477716950122555,18.303337,2.5072443,1.7372419,225.87265385305645,-38.20328360964431,2025070300277,89,60860.10013341848,r,225.87267916711457,-38.20326744188178,19.308279037475586,6915.11,354.727,False,6644.8,1.0346,7198.79,362.346,False,133.205,4.62574,21.80050228919839,0.055695418176544935,21.843795247498846,0.00016904989338780221,21.756851232365182,0.05464976443638326,26.088698667890988,0.037703790236292584
2025 MZ118,nan,MBO,MBO,21165827764140122,745477717227470882,18.303913,2.5072443,1.7372628,225.8727084709687,-38.20297994042864,2025070300279,106,60860.1026256387,z,225.8727359191115,-38.20296838680542,12.966837882995605,7815.48,581.102,False,7258.08,33.6186,8625.11,581.897,False,574.359,22.248,21.667610862580347,0.0807274115602661,21.747945611385788,0.005029006242329372,21.560588349399595,0.07324968434028084,24.50204140664612,0.042056375604405435
2025 MZ118,nan,MBO,MBO,21165827764140122,745477717392621598,18.304024,2.5072443,1.7372668,225.8727189916891,-38.202921551758365,2025070300280,165,60860.1031046497,z,225.87271135638707,-38.20287309310885,11.551288604736328,7237.28,617.347,False,6888.47,20.9665,7725.43,617.093,False,459.353,24.9658,21.751061594274045,0.09261435128417692,21.80469303776306,0.0033046651430761547,21.680193320933704,0.08672659200110626,24.744633614838648,0.0590096775299206
2025 MZ118,nan,MBO,MBO,21165827764140122,745477717651095669,18.30424,2.5072443,1.7372746,225.87273948303348,-38.2028079262493,2025070300282,146,60860.104036669974,z,225.87280444771494,-38.2028156071015,12.767048835754395,8039.81,633.722,False,7922.14,4.89959,8659.97,636.967,False,478.627,21.1091,21.63688552846439,0.08558098981228868,21.6528936988001,0.0006714930784356095,21.55620906545601,0.0798591834887115,24.700006982601494,0.04788470732513238
2025 MZ118,nan,MBO,MBO,21165827764140122,745477717760672076,18.304352,2.5072443,1.7372787,225.8727500253746,-38.20274951964901,2025070300283,99,60860.1045158526,z,225.87277874172997,-38.20276215811898,12.147993087768555,8128.01,651.752,False,8017.6,25.8571,7688.81,656.328,False,384.032,19.0969,21.62503945816143,0.08706076625183554,21.639889023279473,0.0035015451969607923,21.685352169018525,0.09268002064648383,24.939081428251363,0.053990802981424654
2025 MZ118,nan,MBO,MBO,21165827764140122,745477718476324936,18.304926,2.5072443,1.7372996,225.87280490403936,-38.20244604969543,2025070300288,184,60860.107003892816,z,225.87272411595228,-38.202431570275245,12.391525268554688,7968.44,649.317,False,9293.5,22.0489,7534.06,649.84,False,-64.6836,14.9301,21.646566740787378,0.08847239842099348,21.479551741812614,0.0025759175403395384,21.707427305231036,0.09364868861818856,nan,nan
2025 MZ118,nan,MBO,MBO,21165827764140122,745477718693380444,18.305147,2.5072443,1.7373077,225.87282611159932,-38.20232903378943,2025070300290,86,60860.10796213671,z,225.8728735752358,-38.202296434146035,13.131558418273926,7645.98,577.647,False,7358.59,19.5306,7467.57,577.268,False,-180.26,25.3455,21.691417108580644,0.08202640255191591,21.73301350823057,0.002881676996575217,21.717051769773718,0.08393102281376764,nan,nan
2025 MZ118,nan,MBO,MBO,21165827764140122,745477718849618494,18.305248,2.5072443,1.7373114,225.8728357635885,-38.202275825700525,2025070300291,128,60860.10839861131,z,225.87287348112983,-38.20227164328102,13.925084114074707,8087.84,569.406,False,7286.73,28.1999,7796.94,567.547,False,-177.827,30.5021,21.630418643191586,0.0764387930166527,21.74366830885069,0.004201837055591696,21.670189527670164,0.0790318159754679,nan,nan
2025 MZ118,nan,MBO,MBO,21165827764140122,745477718991700327,18.305357,2.5072443,1.7373152,225.87284608678075,-38.202218951053695,2025070300292,143,60860.1088643528,z,225.87285617859476,-38.20219691536641,10.17740249633789,6055.43,598.433,False,5785.98,14.0772,5826.43,599.028,False,-216.572,21.6879,21.944637498217283,0.10729879419562079,21.99405768336846,0.0026415794184620417,21.986493634461773,0.1116269111748392,nan,nan
2025 MZ118,nan,MBO,MBO,21165827764140122,745477719116480977,18.305464,2.5072443,1.7373191,225.8728564173344,-38.20216207069499,2025070300293,125,60860.10933020136,z,225.87284433496947,-38.202153197905616,13.466383934020996,7969.21,581.847,False,8613.32,42.7175,7765.19,584.049,False,-214.805,17.6479,21.646461827191054,0.0792716392455423,21.56207350480743,0.0053846755163726315,21.674619791726602,0.0816622853569593,nan,nan
2025 MZ118,nan,MBO,MBO,21165827764140122,745477719493968327,18.3058,2.5072443,1.7373314,225.87288863136732,-38.20198492441696,2025070300296,77,60860.11078116637,z,225.87293697550857,-38.202002805506616,14.07950210571289,8463.17,589.809,False,8720.25,4.83259,7112.19,590.843,False,-323.2,18.2263,21.581167348393834,0.07566632998035473,21.54867766035662,0.000601693533757076,21.7699916335384,0.09019720519250844,nan,nan
2025 MZ118,nan,MBO,MBO,21165827764140122,745477719635001662,18.305906,2.5072443,1.7373352,225.87289899253335,-38.20192802087973,2025070300297,90,60860.11124712518,z,225.87291899527676,-38.20190748871089,12.517651557922363,7511.9,603.751,False,7114.66,8.83397,7283.62,604.656,False,-328.832,20.4004,21.710625519423218,0.08726344898545031,21.769614599732893,0.0013481123379025237,21.744131783123436,0.09013332744205048,nan,nan
2025 MZ118,nan,MBO,MBO,21165827764140122,745477719761354846,18.306011,2.5072443,1.7373391,225.87290913863663,-38.20187233307991,2025070300298,75,60860.11170341759,z,225.87292485280815,-38.201827987813836,11.100903511047363,7258.06,649.338,False,7094.93,6.70529,6612.67,651.73,False,-391.301,18.3643,21.747948606111613,0.09713474176536234,21.772629685654437,0.0010261095970040752,21.849057887511172,0.1070077357377897,nan,nan
2025 MZ118,nan,MBO,MBO,21165827764140122,745477720194416883,18.306345,2.5072443,1.7373512,225.8729412713258,-38.20169619720785,2025070300301,133,60860.11314524174,z,225.87296438774072,-38.201683270579636,13.486705780029297,8076.36,596.282,False,8181.71,4.51398,7572.31,594.885,False,-382.79,19.1702,21.63196084543437,0.0801604865954244,21.61788980042124,0.0005990179853839682,21.701929028906285,0.08529605731574863,nan,nan
2025 MZ118,nan,MBO,MBO,21165827764140122,745477720480153940,18.306557,2.5072443,1.7373589,225.8729616763578,-38.20158452725954,2025070300303,166,60860.1140599175,z,225.87303624020362,-38.20158656131848,13.0361328125,8211.37,622.447,False,8910.02,2.56181,7803.72,625.223,False,-412.015,21.14,21.61396093037777,0.08230213193713913,21.525303359912076,0.0003121710199415535,21.669245774170115,0.08698764856317145,nan,nan
2025 MZ118,nan,MBO,MBO,21165827764140122,745477720578196020,18.30667,2.5072443,1.737363,225.87297258313131,-38.20152489602501,2025070300304,97,60860.114547815385,z,225.87298721518255,-38.20151319656842,14.559876441955566,8377.26,577.577,False,7759.53,2.45789,8596.83,577.98,False,-315.95,34.9931,21.592245043903134,0.07485697066916852,21.67541148870352,0.0003439151947107753,21.564154143216584,0.07299595138178953,nan,nan
2025 MZ118,nan,MBO,MBO,21165827764140122,745477720868127168,18.306879,2.5072443,1.7373707,225.87299301157387,-38.20141331553212,2025070300306,138,60860.11546031776,z,225.87299536176184,-38.20138612878214,10.274951934814453,6285.23,623.702,False,6297.6,29.7213,6342.7,623.635,False,-259.05,23.2029,21.904197066456124,0.10774082620877484,21.902062302125525,0.005124093479726816,21.89431454051887,0.10675313160121204,nan,nan
2025 MZ118,nan,MBO,MBO,21165827764140122,745504070865780763,19.540195,2.5073795,1.7884161,226.19528792852276,-37.52113788368387,2025070900021,82,60865.96076368546,i,226.19541667877357,-37.52118712615105,7.812994003295898,7285.3,956.366,False,8008.09,82.2174,7863.89,965.692,False,922.839,7.99623,21.74388142859485,0.14252827601547102,21.6411776577448,0.01114702871039598,21.660906406222512,0.13332927683901896,23.98718516286485,0.009407704539809571
2025 MZ118,nan,MBO,MBO,21165827764140122,745504070958579902,19.540289,2.5073795,1.7884202,226.19531961723172,-37.52108756795808,2025070900022,3,60865.96121875044,i,226.19530265560493,-37.52104941826205,7.755519390106201,7384.0,947.937,False,7795.27,65.8811,7906.67,955.017,False,889.501,7.88315,21.729270779955357,0.13938373963343417,21.670422091835256,0.009176013033174366,21.655015978066466,0.1311420072651947,24.027133926944877,0.009622273271647146
2025 MZ118,nan,MBO,MBO,21165827764140122,745504071106429105,19.540382,2.5073795,1.7884244,226.19535151164143,-37.5210369153018,2025070900023,29,60865.96167607195,i,226.19539045528174,-37.52106058229124,6.417012691497803,5855.99,906.422,False,5898.53,43.5267,6280.74,904.71,False,820.585,8.68149,21.980999140478918,0.16805615098732152,21.97314055808168,0.008011913946534763,21.904972920609563,0.15639500902889714,24.114691036037897,0.011486692654080383
2025 MZ118,nan,MBO,MBO,21165827764140122,745504071639629858,19.540758,2.5073795,1.788441,226.19547912730576,-37.52083414158069,2025070900027,22,60865.96350972583,i,226.19554193995782,-37.52081293949573,9.327860832214355,7131.13,754.473,False,7735.94,8.53866,7955.25,753.048,False,715.522,10.3371,21.76710413364723,0.11487081142267164,21.67871727648052,0.0011983976641514549,21.648365419391567,0.10277633624246751,24.263442562842826,0.01568556128614447
2025 MZ118,nan,MBO,MBO,21165827764140122,745504071772274831,19.540852,2.5073795,1.7884451,226.1955110756593,-37.52078335203482,2025070900028,19,60865.96396820879,i,226.19555365677732,-37.52085402051264,5.8330183029174805,5466.75,949.934,False,5599.24,317.123,7689.4,951.006,False,1114.34,7.55239,22.055676965949278,0.18866378720938914,22.029677246950513,0.06149261197501572,21.685268880428183,0.1342811712370418,23.782455733059454,0.007358529366251261
2025 MZ118,nan,MBO,MBO,21165827764140122,745504072573911293,19.541412,2.5073798,1.7884699,226.19570186820823,-37.5204798323702,2025070900034,12,60865.96671038775,i,226.19573036358477,-37.520441829853425,10.367781639099121,6670.86,641.681,False,6559.81,16.7542,7294.31,621.492,False,754.269,11.1616,21.83954545650934,0.10443875913347078,21.857771838946093,0.002773043935631548,21.74253945028168,0.0925072233999509,24.206184378900716,0.016066620311706265
2025 MZ118,nan,MBO,MBO,21165827764140122,745504072860696978,19.5416,2.5073798,1.7884781,226.19576544279187,-37.520378617030936,2025070900036,47,60865.967624468314,i,226.19580968928722,-37.52036557345002,9.492547035217285,5981.69,615.769,False,6532.47,12.4563,6179.79,602.222,False,734.703,10.7193,21.957940255521116,0.1117681932700081,21.862306404464086,0.0020703126391130116,21.92256569999057,0.10580524712560607,24.23472046268276,0.015840866780850595
2025 MZ118,nan,MBO,MBO,21165827764140122,745504073516056838,19.542074,2.5073798,1.7884991,226.1959266257925,-37.52012182939286,2025070900041,17,60865.969942590134,i,226.19599907010866,-37.52009446380722,10.981247901916504,8234.3,750.606,False,9448.57,16.2459,11063.5,749.69,False,1360.75,7.43816,21.61093331178479,0.09897139388343663,21.461584751839307,0.0018668179795871378,21.29026864952536,0.07357215871974015,23.56555414252722,0.005934873817006602
2025 MZ118,nan,MBO,MBO,21165827764140122,745504073782394897,19.542261,2.5073798,1.7885075,226.19599016258755,-37.520020539084165,2025070900043,13,60865.97085643295,i,226.1959964429612,-37.52001470813229,9.080074310302734,6114.07,655.646,False,5584.18,4.01367,7593.57,652.726,False,1002.46,11.3341,21.934174014572847,0.11642958224714944,22.032601443689146,0.0007803807650636572,21.698885023211684,0.09332741789514945,23.897332344981095,0.01227564411393832
2025 MZ118,nan,MBO,MBO,21165827764140122,745504073933914249,19.542355,2.5073798,1.7885115,226.1960217186904,-37.51997021845194,2025070900044,46,60865.971310373,i,226.19608609214558,-37.51996433769237,8.842985153198242,5731.27,642.173,False,5716.8,9.22413,6853.3,640.393,False,1099.57,9.12943,22.00437282494272,0.12165374250633498,22.00711753994789,0.0017518492670137466,21.810250672764464,0.10145446588075659,23.796942847269655,0.009014572028623213
2025 MZ118,nan,MBO,MBO,21165827764140122,745504074204446975,19.54255,2.50738,1.7885201,226.19608774223607,-37.51986490500972,2025070900046,50,60865.97226007635,i,226.19609860531085,-37.519869678505586,7.563013553619385,6591.59,866.863,False,7004.31,4.70421,8927.68,875.967,False,2573.15,7.30763,21.852524560216796,0.1427856617293277,21.786586593309046,0.0007291982874594722,21.52315349999438,0.10653037492698848,22.873837281593854,0.003083442018740378
2025 MZ118,nan,MBO,MBO,21165827764140122,745504074504339486,19.542738,2.50738,1.7885284,226.19615187931768,-37.519762562566285,2025070900048,110,60865.97318333562,i,226.1961774225161,-37.519796258083204,8.365874290466309,7371.14,867.632,False,8249.95,129.356,5014.36,874.677,False,2658.22,6.81454,21.73116333028814,0.12779834299849363,21.60887168316041,0.017023920414795213,22.149461253612493,0.1893897754415196,22.838522708869085,0.002783363596657997
2025 MZ118,nan,MBO,MBO,21165827764140122,745504074728735068,19.542927,2.50738,1.7885368,226.19621572895588,-37.519660641891534,2025070900050,26,60865.974102140724,i,226.19623237974642,-37.519682615619274,9.401724815368652,6140.12,647.563,False,6651.44,9.46594,7925.97,645.264,False,1346.82,8.81423,21.92955783203248,0.114506323625533,21.842710814970985,0.0015451562934993028,21.652368910105917,0.08839125589927076,23.576726150929787,0.007105573849467244
2025 MZ118,nan,MBO,MBO,21165827764140122,745534873399722247,20.812815,2.5078216,1.855385,226.9322711643096,-36.77013583239174,2025071600142,21,60872.98527456897,r,226.93232844557699,-36.77012312913932,23.115182876586914,5165.8,222.276,False,4723.07,0.571188,7301.77,213.629,False,2192.07,23.5084,22.11715607119276,0.046717470833871476,22.214439084793824,0.00013130431797829222,21.741429624857616,0.031765549542125085,23.047863919931437,0.011643752325525886
2025 MZ118,nan,MBO,MBO,21165827764140122,745534874597720159,20.8138,2.507822,1.855442,226.9329746641837,-36.76955581682334,2025071600151,2,60872.991036094056,g,226.9330250074175,-36.76953562619106,22.538158416748047,3443.41,151.597,False,3406.08,0.324208,3388.36,148.486,False,-118.329,25.4147,22.55752818679726,0.04779981348907327,22.569362864598407,0.00010334588324975409,22.57502610007751,0.0475795407723472,nan,nan
2025 MZ118,nan,MBO,MBO,21165827764140122,745534874868776971,20.813986,2.5078223,1.8554528,226.9331068929492,-36.769446706121336,2025071600153,7,60872.99211911431,g,226.9331681241494,-36.769449902884695,24.60909652709961,3429.11,137.594,False,3508.06,0.229831,3330.29,132.512,False,-101.039,16.581,22.56204642407615,0.04356546635012304,22.537332450114633,7.113214377706605e-05,22.593794854012643,0.04320136298052226,nan,nan
2025 MZ118,nan,MBO,MBO,21165827764140122,745534884479500767,20.840311,2.5078354,1.8569995,226.9522111778514,-36.75358328970346,2025071600224,162,60873.14670360522,i,226.95227963020196,-36.75358009284929,17.513153076171875,6522.53,367.714,False,6063.48,4.91968,5659.17,345.67,False,-490.067,32.6729,21.863959822539663,0.061209439325494004,21.94319512995757,0.0008809256133038775,22.018118164426234,0.06631828583676334,nan,nan
2025 MZ118,nan,MBO,MBO,21165827764140122,745534885802279287,20.84108,2.5078359,1.8570457,226.9527887612798,-36.75310712849521,2025071600234,125,60873.15127007482,i,226.95286643809058,-36.75311908522791,16.127351760864258,5423.13,330.926,False,4965.35,2.30299,5331.77,316.253,False,-238.69,37.3704,22.064374985447742,0.06625294645219408,22.160125311969892,0.0005035776993125324,22.082821479260687,0.0644002499419156,nan,nan
2025 MZ118,nan,MBO,MBO,21165827764140122,745534887306461207,20.842194,2.5078363,1.8571125,226.95362878028848,-36.7524156340235,2025071600245,178,60873.157897838835,g,226.9537091041769,-36.752402611879596,18.52965545654297,3107.54,168.086,False,3218.5,2.92979,3082.32,159.383,False,-67.8573,12.0588,22.668958167470514,0.05872717706884246,22.63086621633753,0.00098834211497316,22.67780566525671,0.05614208937223426,nan,nan
2025 MZ118,nan,MBO,MBO,21165827764140122,745534899783991686,20.850565,2.5078406,1.8576201,226.960067153902,-36.747163487169225,2025071600338,169,60873.208067375745,z,226.9600904490656,-36.74707568921284,8.015865325927734,6302.42,780.844,False,6731.46,33.63,6788.65,751.654,False,778.092,28.9243,21.901231659332577,0.1345182652402824,21.8297268326736,0.005424277933404214,21.82054146940282,0.1202150595447637,24.17242265265176,0.04036047111427144
2025 MZ118,nan,MBO,MBO,21165827764140122,745534900052426807,20.850718,2.5078406,1.8576294,226.96018620514843,-36.74706727525921,2025071600340,169,60873.20898414855,z,226.96025311871668,-36.74704987477084,6.91205358505249,4988.77,717.063,False,4925.03,15.2844,5852.17,670.812,False,792.096,129.168,22.15501629103934,0.15605875685208676,22.1689778466774,0.003369487527387279,21.981707680793807,0.1244538175467623,24.1530554382352,0.17705224092952015
2025 MZ118,nan,MBO,MBO,21165827764140122,745534902444753306,20.852083,2.5078413,1.8577131,226.96126037030464,-36.746200825924745,2025071600358,124,60873.21724084181,z,226.96133828978927,-36.74617276576481,7.012051582336426,5071.52,711.08,False,4569.74,10.6377,6080.89,685.564,False,993.757,95.4227,22.137154639557192,0.1522315432180491,22.250271216446777,0.0025274382176649927,21.940082107258412,0.1224066981710205,23.906799477106947,0.10425473938513145
