provid,permid,orbit_class,population,ssObjectId,diaSourceId,phaseAngle,helioRange,topoRange,ephRa,ephDec,visit,detector,midpointMjdTai,band,ra,dec,snr,psfFlux,psfFluxErr,psfFlux_flag,trailFlux,trailFluxErr,scienceFlux,scienceFluxErr,forced_PsfFlux_flag,templateFlux,templateFluxErr,psfMag,psfMagErr,trailMag,trailMagErr,scienceMag,scienceMagErr,templateMag,templateMagErr
2025 KO29,nan,MBO,MBO,21165827729537359,745297397971681880,7.9237876,2.5150948,1.5396036,228.7721527175672,-37.82334854292596,2025052300284,68,60819.13524325666,r,228.77216591132523,-37.82334084449325,30.448652267456055,6642.8,216.501,False,6444.37,0.519727,7081.58,195.677,False,6.82228,138.242,21.84412208944017,0.035386130647436405,21.877048812144988,8.756269443978469e-05,21.774674573766887,0.0300008759507365,29.315176161746223,22.00061427074138
2025 KO29,nan,MBO,MBO,21165827729537359,745306290351768126,8.376466,2.513957,1.5425766,228.09632185297136,-37.96286702558631,2025052501001,169,60821.28512016622,g,228.09631797685444,-37.962878690348184,28.03411865234375,5908.16,209.487,False,6250.82,1.88998,6058.57,203.356,False,143.578,12.7941,21.97136935126038,0.03849719942940513,21.910157547925884,0.0003282800856453037,21.944074706397053,0.03644275482648195,26.007280229238884,0.09674892452261084
2025 KO29,nan,MBO,MBO,21165827729537359,745306290624397750,8.376691,2.5139565,1.5425782,228.09601062473928,-37.9629229065726,2025052501003,177,60821.28609988717,g,228.09600119903033,-37.96291990857761,31.951465606689453,5883.44,182.898,False,5935.81,0.441014,5729.07,176.615,False,47.3721,9.26557,21.975921688745224,0.0337521886721947,21.9663000114993,8.066714618748136e-05,22.004789711661658,0.03347093187045129,27.211193387521504,0.21236053057579682
2025 KO29,nan,MBO,MBO,21165827729537359,745306292073529650,8.377927,2.5139537,1.5425879,228.09430028482328,-37.96322972187855,2025052501014,125,60821.29148228136,g,228.09431041902218,-37.963240479134946,32.48445510864258,5810.14,178.712,False,5803.68,0.476839,5688.99,173.243,False,-48.1407,7.98033,21.989533481472666,0.03339576845920587,21.990741320754793,8.920570343591782e-05,22.012412029335486,0.03306319495430743,nan,nan
2025 KO29,nan,MBO,MBO,21165827729537359,745306292987364014,8.3787155,2.513952,1.5425941,228.09320972650696,-37.96342512171387,2025052501021,76,60821.29491702103,g,228.09320741771322,-37.96342761799051,34.02928161621094,6284.03,183.305,False,6439.85,0.319298,6266.77,180.965,False,-8.82228,8.66774,21.90440441287617,0.031670898112407794,21.87781060431724,5.383252599361081e-05,21.907390607306716,0.03135271403061105,nan,nan
2025 KO29,nan,MBO,MBO,21165827729537359,745306293390016599,8.379051,2.5139513,1.5425967,228.0927454500655,-37.963508255303935,2025052501024,76,60821.29638096117,g,228.0927489239365,-37.963502635150476,30.97128677368164,6146.61,198.671,False,6215.22,0.901703,6095.87,194.672,False,-29.9911,7.30123,21.92841087869988,0.03509321528980326,21.91635869756503,0.00015751840791986858,21.937410737369007,0.03467305424960805,nan,nan
2025 KO29,nan,MBO,MBO,21165827729537359,745306294172779182,8.379724,2.5139496,1.542602,228.0918166315617,-37.96367447897975,2025052501030,33,60821.299308234506,g,228.09180918963798,-37.963678364069196,31.419544219970703,6001.53,189.822,False,5899.43,0.218166,5588.45,184.316,False,-125.23,9.23607,21.954345085470038,0.03434068179228006,21.97297483676967,4.0151457164323686e-05,22.031771537951307,0.03580931046944931,nan,nan
2025 KO29,nan,MBO,MBO,21165827729537359,745315057673961808,8.8366785,2.5129845,1.5461577,227.51462727567505,-38.07230685028426,2025052700787,77,60823.181324098354,i,227.5146034853493,-38.072301506255975,32.36006546020508,9678.38,299.082,False,9363.73,0.215131,10202.5,299.778,False,-131.442,7.5063,21.43549333886788,0.03355149935407621,21.47137773947272,2.4944707229945695e-05,21.378233491386727,0.0319019695588793,nan,nan
2025 KO29,nan,MBO,MBO,21165827729537359,745315057786159449,8.836805,2.5129843,1.5461588,227.5144750999988,-38.07233250808996,2025052700788,35,60823.18180886337,i,227.51445985091127,-38.07233915605528,33.20052719116211,9890.96,297.92,False,9970.04,1.13634,9984.16,296.258,False,-136.308,7.479,21.41190389044434,0.03270284643532824,21.40325774396284,0.000123747296707108,21.401721152683336,0.032216834139682446,nan,nan
2025 KO29,nan,MBO,MBO,21165827729537359,745315057917231334,8.836932,2.512984,1.5461599,227.5143226143242,-38.07235821039474,2025052700789,29,60823.18229364473,i,227.5143298291108,-38.07235769785013,30.871337890625,9835.5,317.952,False,9727.25,0.319605,9950.52,314.791,False,-140.229,7.33502,21.418008893194507,0.03509857081683975,21.430024805452334,3.567367056224937e-05,21.40538560877269,0.03434795222392474,nan,nan
2025 KO29,nan,MBO,MBO,21165827729537359,745315058052497440,8.83706,2.5129838,1.5461609,227.5141685613119,-38.07238416900127,2025052700790,31,60823.18278390881,i,227.51418359856766,-38.07238172598133,30.952056884765625,9928.24,320.921,False,9500.73,0.0144221,9602.94,318.168,False,-131.887,7.61719,21.40781930681493,0.03509539751997684,21.455607506159065,1.6481465515398238e-06,21.443989413011355,0.035972993743907784,nan,nan
2025 KO29,nan,MBO,MBO,21165827729537359,745315058595659913,8.837597,2.5129828,1.5461653,227.51352190477948,-38.0724930473244,2025052700794,43,60823.18484059785,i,227.5135236885622,-38.07250287138499,33.64781188964844,10089.4,298.028,False,9998.98,1.64533,9963.7,296.287,False,-98.9029,6.71862,21.39033660739599,0.0320712622691441,21.400110699842195,0.00017865764449715373,21.403948371817222,0.03228614900182894,nan,nan
2025 KO29,nan,MBO,MBO,21165827729537359,745315059247350073,8.838243,2.5129817,1.5461708,227.5127442712565,-38.07262379524192,2025052700799,6,60823.187314538976,i,227.5127348829043,-38.07262771171912,31.420074462890625,9462.79,300.23,False,9177.18,0.343594,9361.69,297.452,False,-113.98,6.31796,21.459951989883187,0.034447619712281184,21.49322691201469,4.065001167471822e-05,21.47161431031298,0.03449744503912913,nan,nan
2025 KO29,nan,MBO,MBO,21165827729537359,745315059799949575,8.838763,2.5129807,1.5461751,227.51211823605848,-38.07272890989317,2025052700803,36,60823.18930601212,i,227.5121200872872,-38.07273622441131,30.208816528320312,9397.15,308.685,False,9462.96,0.424401,9328.16,306.767,False,-225.765,6.04303,21.467509556758635,0.03566511801805369,21.459932493659082,4.869380372665707e-05,21.475510015173384,0.03570565158514893,nan,nan
2025 KO29,nan,MBO,MBO,21165827729537359,745315059980828937,8.838985,2.5129802,1.546177,227.5118501867049,-38.07277387774375,2025052700804,125,60823.19015996641,i,227.51185764013184,-38.072770060748155,28.698888778686523,9804.73,344.626,False,9788.18,0.71151,9400.78,340.65,False,-320.321,5.94741,21.421410851380976,0.03816249046117587,21.423245166605323,7.892296571456446e-05,21.46709024515376,0.03934312054597218,nan,nan
2025 KO29,nan,MBO,MBO,21165827729537359,745315060269187217,8.839241,2.5129797,1.5461792,227.511542877162,-38.07282540318239,2025052700806,163,60823.19113763813,i,227.51155221507898,-38.07282884484697,32.664039611816406,10182.8,310.386,False,10067.3,0.778792,9799.54,307.617,False,-302.546,6.04,21.380331986101552,0.0330947587372655,21.392717494712052,8.399101173776997e-05,21.421985770764934,0.03408230565302484,nan,nan
2025 KO29,nan,MBO,MBO,21165827729537359,745319429952766390,9.124101,2.5124369,1.5486478,227.18388167605255,-38.12923406989687,2025052800595,81,60824.27535262045,g,227.18386935801982,-38.12923203826781,34.09247970581055,4942.31,143.923,False,4949.85,0.741631,5110.49,143.088,False,77.4669,4.83881,22.165175030928353,0.031617283102650065,22.16351988284107,0.000162674743753279,22.128843593170142,0.030399396566339693,26.67720950555016,0.06781826714567499
2025 KO29,nan,MBO,MBO,21165827729537359,745319430065488087,9.124233,2.5124366,1.5486491,227.1837308736539,-38.12925690647136,2025052800596,40,60824.27584403583,g,227.18373106551337,-38.12925582042996,34.231842041015625,5637.16,163.661,False,5670.65,1.06561,5824.67,162.515,False,104.951,4.01889,22.022349065873268,0.03152166395451298,22.01591791148597,0.000204028009596405,21.986821701578886,0.030293290610498094,26.347533584735842,0.041576110960853216
2025 KO29,nan,MBO,MBO,21165827729537359,745319430182928823,9.124364,2.5124364,1.5486503,227.18358284301448,-38.12927931919757,2025052800597,8,60824.276327648055,g,227.18358919866662,-38.12927193493974,33.54555130004883,5271.71,156.284,False,5065.39,0.118474,5420.85,155.403,False,64.1106,4.353,22.095121229451948,0.032187505490767036,22.138467749056854,2.5394196060818098e-05,22.064831505161745,0.031125498815848425,26.882675340088632,0.07371962876241209
2025 KO29,nan,MBO,MBO,21165827729537359,745319430316622217,9.124496,2.5124362,1.5486515,227.18343298657325,-38.12930200423753,2025052800598,7,60824.276816953745,g,227.1834413983782,-38.12930483989894,32.45869064331055,5255.99,161.201,False,5220.73,0.31562,5310.53,162.837,False,50.7506,5.12224,22.09836362591568,0.03329948468553816,22.105671920499816,6.56383432582072e-05,22.087155377478577,0.03329197643614401,27.136397070695743,0.109582972603577
2025 KO29,nan,MBO,MBO,21165827729537359,745319430916931678,9.1251135,2.512435,1.5486573,227.1827335277557,-38.12940783302907,2025052800602,128,60824.27909988936,g,227.18274456108153,-38.12942205873701,36.56974411010742,5179.25,140.442,False,5192.83,0.534384,4833.68,133.617,False,-3.42672,5.14935,22.114332813206357,0.02944112864344045,22.111489720827997,0.00011173099457996257,22.18930522102718,0.030012912308378173,nan,nan
2025 KO29,nan,MBO,MBO,21165827729537359,745323767880220725,9.339382,2.5120456,1.5506259,226.949953264854,-38.1683213651997,2025052900147,101,60825.0687759901,r,226.94996221487227,-38.16832508055469,41.08782958984375,7924.92,192.307,False,7638.15,0.173078,10406.0,188.275,False,2788.09,18.6557,21.652512793647297,0.026346598048784642,21.692529556605532,2.460243041076433e-05,21.356790446099954,0.019644145428025075,22.786732993901275,0.007264890666654568
2025 KO29,nan,MBO,MBO,21165827729537359,745323768126111854,9.339661,2.5120451,1.5506284,226.9496545318389,-38.16837020945223,2025052900149,58,60825.06975335929,r,226.949638840619,-38.16837018255471,40.55701446533203,8195.85,200.602,False,8018.1,0.504062,9611.84,194.46,False,1812.71,9.27606,21.61601504832773,0.02657453100795511,21.639821315839704,6.825536634008056e-05,21.44298368548263,0.021965853894667327,23.254179196933073,0.005555965659072337
2025 KO29,nan,MBO,MBO,21165827729537359,745323769626099805,9.341191,2.5120425,1.550642,226.94800833751367,-38.16863872120745,2025052900160,103,60825.075141544185,r,226.94800204076572,-38.16863468045134,42.67494201660156,8161.34,189.702,False,8838.52,1.50086,7824.87,184.197,False,-152.88,15.7016,21.62059634362375,0.025236827402369166,21.53405118510708,0.00018436775618960478,21.666307156133307,0.025558169716823308,nan,nan
2025 KO29,nan,MBO,MBO,21165827729537359,745323769782337816,9.34133,2.5120423,1.5506432,226.94785981692544,-38.16866289243695,2025052900161,145,60825.07562739395,r,226.94785320262974,-38.168664522085926,42.64644241333008,8371.26,193.2,False,9032.55,2.21478,8411.97,188.972,False,-172.664,16.021,21.59302295355599,0.025057666028621393,21.510474087729126,0.00026622238279537926,21.587755747361612,0.02439068956349328,nan,nan
2025 KO29,nan,MBO,MBO,21165827729537359,745323769919176985,9.341469,2.512042,1.5506445,226.94771037413335,-38.168687204717024,2025052900162,150,60825.07611650105,r,226.94770962167905,-38.16869098879633,45.5908317565918,8308.76,181.616,False,8348.22,0.150588,8217.05,177.363,False,-154.557,14.8842,21.60115949443361,0.02373243049622872,21.59601532187888,1.9584876205249307e-05,21.613210201747087,0.023435349939295174,nan,nan
2025 KO29,nan,MBO,MBO,21165827729537359,745323770054443050,9.341608,2.5120418,1.5506457,226.9475609261829,-38.16871150877242,2025052900163,152,60825.07660592788,r,226.94755620237729,-38.16870888377691,44.382869720458984,8411.35,188.48,False,8244.14,0.76473,7824.95,181.888,False,-152.636,17.0304,21.587835789078532,0.024328979859065958,21.609636650664818,0.00010071336220930084,21.666296044987263,0.02523752642662086,nan,nan
2025 KO29,nan,MBO,MBO,21165827729537359,745328180553842941,9.666688,2.5114841,1.5537987,226.60942670548687,-38.22120804384549,2025053000256,96,60826.22602879508,r,226.6094479161992,-38.2212167377616,23.00523567199707,7854.44,338.958,False,7222.27,0.365981,7828.77,338.368,False,-114.649,10.3802,21.662211941909582,0.04685489783105152,21.753315696516175,5.501855158289326e-05,21.665766161806076,0.046926707474285276,nan,nan
2025 KO29,nan,MBO,MBO,21165827729537359,745328180711653500,9.666818,2.511484,1.5538,226.60929358798296,-38.22122627308013,2025053000257,141,60826.22647301195,r,226.60929130367057,-38.221223109935316,23.185653686523438,8766.68,375.894,False,9012.82,3.2427,8683.06,380.936,False,-144.757,5.96347,21.542912152968714,0.046553741327171126,21.5128482183084,0.0003906343161862704,21.55331804870172,0.04763252037867012,nan,nan
2025 KO29,nan,MBO,MBO,21165827729537359,745328180845871157,9.6669445,2.5114837,1.5538013,226.6091631710812,-38.22124412756474,2025053000258,141,60826.22690972403,r,226.6091836607947,-38.221242105685,25.47787857055664,8001.57,311.82,False,7947.19,0.0755803,7670.84,309.44,False,-137.943,8.55849,21.642062001547103,0.04231098131458283,21.64946601756509,1.0325695936280411e-05,21.687892711529514,0.04379836115661031,nan,nan
2025 KO29,nan,MBO,MBO,21165827729537359,745328181260582963,9.667325,2.5114832,1.5538052,226.60877166930896,-38.22129769622915,2025053000261,164,60826.22821837552,r,226.60876886802245,-38.22128871354769,21.974071502685547,8622.81,389.723,False,8349.7,0.258181,8580.69,390.881,False,-95.105,6.14263,21.56087801233037,0.04907175077093012,21.595822795081098,3.357203956190515e-05,21.566194415069475,0.04945915132566574,nan,nan
2025 KO29,nan,MBO,MBO,21165827729537359,745328182428696699,9.668474,2.5114813,1.553817,226.60759103290056,-38.221458979290425,2025053000270,88,60826.232167978866,r,226.60758134886638,-38.22145905072828,22.207763671875,8191.26,363.585,False,7588.57,2.83771,8334.52,364.548,False,175.153,9.27403,21.61662325317336,0.048192512510233286,21.699600163678806,0.0004060059342451249,21.597798578354578,0.047489596130208346,25.79145605010103,0.057487738438864164
2025 KO29,nan,MBO,MBO,21165827729537359,745328182539321736,9.668602,2.511481,1.5538183,226.6074598269435,-38.22147687893309,2025053000271,43,60826.23260624358,r,226.60745894782826,-38.2214811916716,22.632503509521484,8202.52,359.981,False,7343.6,0.0156568,8519.98,361.81,False,223.591,7.8077,21.615131817074687,0.04764930942465997,21.735227452648136,2.314825614621946e-06,21.57390350202803,0.04610693827687252,25.526364187614046,0.03791343393492322
2025 KO29,nan,MBO,MBO,21165827729537359,745328182695034968,9.668731,2.5114808,1.5538197,226.6073271352458,-38.221494976434826,2025053000272,84,60826.23305088536,r,226.60733013334482,-38.22148753684171,22.0379695892334,7566.33,338.256,False,7323.98,3.58208,7997.42,341.156,False,262.66,8.91134,21.702786791767114,0.04853829992521534,21.738132128697504,0.0005310219078215556,21.642625249526304,0.04631561561736253,25.35151513504368,0.03683607734427272
2025 KO29,nan,MBO,MBO,21165827729537359,745328183234527423,9.669241,2.51148,1.5538249,226.60680332858223,-38.2215663699898,2025053000276,89,60826.23480361281,r,226.60681080793645,-38.22156664475645,26.42525291442871,8043.81,300.631,False,7767.47,1.34239,8263.7,300.867,False,146.765,9.14587,21.636345482768593,0.040578528282435376,21.674301008540628,0.00018763913085827525,21.60706361820659,0.03952977380200235,25.983443757240536,0.06765919974751447
2025 KO29,nan,MBO,MBO,21165827729537359,745328183410688400,9.66937,2.5114799,1.5538262,226.6066706807024,-38.221584437690986,2025053000277,169,60826.2352479729,r,226.60667979475903,-38.221567580503844,18.432966232299805,7916.05,418.092,False,8121.42,0.577701,7914.78,421.435,False,76.3951,12.1466,21.653728705115306,0.05734395865587475,21.625920083816965,7.723167469025315e-05,21.65390291028642,0.0578117455219237,26.692336191610543,0.1726289060187241
2025 KO29,nan,MBO,MBO,21165827729537359,745328183529177468,9.669497,2.5114796,1.5538275,226.6065404315985,-38.22160217401595,2025053000278,139,60826.23568348658,r,226.6065474628552,-38.221603460917855,24.876708984375,8057.08,318.738,False,7589.61,1.91369,8157.96,321.571,False,56.1636,8.65904,21.634555799864998,0.04295171330476383,21.699451370069887,0.0002737640700369994,21.621046076300246,0.04279762274040632,27.026362638134923,0.16739371339968812
2025 KO29,nan,MBO,MBO,21165827729537359,745328183637180599,9.669624,2.5114794,1.5538288,226.60640989251067,-38.22161994522498,2025053000279,89,60826.23612006681,r,226.60639416216858,-38.22161954725906,21.51911163330078,7644.78,347.018,False,7466.63,1.83264,7713.09,349.848,False,-38.1843,7.86071,21.69158755079885,0.04928461286300437,21.717188439757578,0.0002664875165641519,21.681929024628303,0.0492464937800026,nan,nan
2025 KO29,nan,MBO,MBO,21165827729537359,745328183902470478,9.669887,2.511479,1.5538315,226.60614047769727,-38.22165660805759,2025053000281,83,60826.23702271472,r,226.6061307355064,-38.22165989787219,27.07598304748535,8260.13,300.747,False,7984.91,1.39214,8073.55,301.475,False,-110.985,9.56081,21.60753280937904,0.03953108741359887,21.644324915114424,0.00018929415660559327,21.632338678183437,0.04054255400347214,nan,nan
2025 KO29,nan,MBO,MBO,21165827729537359,745328188472689134,9.680356,2.5114615,1.5539402,226.59539541277476,-38.22310429427765,2025053000315,96,60826.27310868216,g,226.59539310737347,-38.223097208347525,20.60794448852539,4416.26,211.36,False,4234.38,0.466214,4266.85,213.727,False,-97.2077,5.65664,22.28736347301397,0.0519627959130892,22.333025455772344,0.00011954180641645629,22.32473153610475,0.0543846495558368,nan,nan
2025 KO29,nan,MBO,MBO,21165827729537359,745328188631023876,9.680483,2.5114615,1.5539415,226.59526542379635,-38.223121651641335,2025053000316,142,60826.27354665327,g,226.5952592127248,-38.223106928865185,18.465133666992188,3975.47,214.146,False,3985.19,2.6789,3956.95,217.228,False,-87.0301,4.15119,22.401528806752673,0.058485176036144206,22.398877436272706,0.0007298469496858624,22.406598607003204,0.05960457012386768,nan,nan
2025 KO29,nan,MBO,MBO,21165827729537359,745328188765241444,9.680609,2.5114613,1.5539428,226.59513574239875,-38.22313896464633,2025053000317,142,60826.273983190695,g,226.59514773157997,-38.223130374598625,23.823911666870117,4782.75,200.382,False,4525.18,1.3064,4744.67,200.765,False,-62.135,4.24609,22.20080579905261,0.04548889159802715,22.260910310323876,0.00031344734556899747,22.209484988173124,0.04594162124547634,nan,nan
2025 KO29,nan,MBO,MBO,21165827729537359,745328189183099129,9.680992,2.5114605,1.5539469,226.5947426113385,-38.22319142936824,2025053000320,171,60826.27530853657,g,226.5947060940889,-38.22320168072563,19.38599395751953,4363.2,224.082,False,4338.14,10.2539,4322.65,226.894,False,-91.5725,5.29273,22.30048714990466,0.05576043503371794,22.306741057256467,0.0025663140555367697,22.310624842947767,0.056989817116692584,nan,nan
2025 KO29,nan,MBO,MBO,21165827729537359,745328189289005336,9.68112,2.5114603,1.5539482,226.5946114915047,-38.223208921167256,2025053000321,117,60826.27575044479,g,226.59461995872488,-38.22321009119346,21.63686180114746,4798.21,216.937,False,4781.13,0.0848257,4736.99,219.116,False,-93.5893,4.483,22.197301880040154,0.04908837944266311,22.201173645559425,1.9262880956044163e-05,22.211243776496246,0.05022222119007085,nan,nan
2025 KO29,nan,MBO,MBO,21165827729537359,745328190235869448,9.682009,2.5114589,1.5539575,226.59370049355988,-38.22333036163,2025053000328,131,60826.278822858694,g,226.59369280368654,-38.22334954739394,22.639991760253906,4648.13,201.842,False,4337.45,0.416691,4600.06,203.094,False,-128.785,5.67934,22.231804362365818,0.047147383441720474,22.30691374737595,0.0001043047159513541,22.24309124528216,0.04793557031836261,nan,nan
2025 KO29,nan,MBO,MBO,21165827729537359,745328190348067287,9.682136,2.5114586,1.5539588,226.593571243219,-38.22334757884244,2025053000329,89,60826.27925855903,g,226.5936044899483,-38.223356446829285,20.223878860473633,4263.58,208.339,False,4564.88,1.0177,4142.19,210.028,False,-152.152,5.55049,22.325563939323835,0.05305428675481066,22.251426614282607,0.00024205536994321454,22.356924975694007,0.05505179789099378,nan,nan
2025 KO29,nan,MBO,MBO,21165827729537359,745328190478614791,9.682261,2.5114584,1.5539602,226.5934417077776,-38.22336483096616,2025053000330,82,60826.279695253674,g,226.59345688815924,-38.2233688389971,22.757158279418945,4237.27,184.162,False,4248.57,0.917423,4187.13,184.432,False,-139.719,5.15512,22.332284649381577,0.04718872122906287,22.329393099568406,0.00023445051349246532,22.345208918219804,0.04782381075876053,nan,nan
2025 KO29,nan,MBO,MBO,21165827729537359,745328190613881398,9.682389,2.5114582,1.5539615,226.5933107016689,-38.22338227585623,2025053000331,84,60826.28013738383,g,226.59331647767405,-38.22336622437334,21.119190216064453,4118.32,191.85,False,3858.63,1.83048,3975.38,193.845,False,-157.473,5.60412,22.363199823933193,0.05057851415150097,22.433917191664907,0.0005150580507078424,22.401553410835575,0.05294199350523498,nan,nan
2025 KO29,nan,MBO,MBO,21165827729537359,745328191157043661,9.682894,2.5114574,1.5539668,226.5927939041359,-38.22345106294432,2025053000335,96,60826.28188199347,g,226.59279764363149,-38.22344081043568,21.854503631591797,4139.44,189.186,False,3859.28,0.816042,4030.15,190.193,False,-104.687,4.78647,22.35764603536827,0.04962171153036827,22.433734269711636,0.0002295781450967172,22.38669699969067,0.05123864460958325,nan,nan
2025 KO29,nan,MBO,MBO,21165827729537359,745328191448023587,9.683148,2.511457,1.5539695,226.5925326114018,-38.22348582361435,2025053000337,139,60826.282763064504,g,226.59255231787384,-38.22348479254552,21.128992080688477,3953.08,185.879,False,3799.9,0.3047,3915.22,188.031,False,-121.391,4.35875,22.407660970001693,0.05105273701268136,22.4505696087424,8.706119007479682e-05,22.418109581857472,0.052143193027784904,nan,nan
2025 KO29,nan,MBO,MBO,21165827729537359,745328191559696841,9.683274,2.5114567,1.5539708,226.5924037596072,-38.22350296080026,2025053000338,96,60826.283198795936,g,226.59239838980588,-38.22351383231897,24.309663772583008,4666.38,190.349,False,4328.94,0.479051,4568.55,192.244,False,-136.416,4.76247,22.227549772142403,0.044288893096858926,22.309046098586066,0.00012015020191171054,22.250554090510246,0.04568764344252902,nan,nan
2025 KO29,nan,MBO,MBO,21165827729537359,745328191822889053,9.683534,2.5114563,1.5539736,226.5921377983705,-38.22353832430527,2025053000340,86,60826.284096664924,g,226.59215742797073,-38.22354356487708,24.923357009887695,4170.65,166.637,False,4053.56,0.0948906,4011.98,165.966,False,-130.035,4.44162,22.349490661720623,0.04338024553287377,22.380408469949295,2.5416216984754402e-05,22.391603106871848,0.044914306538699766,nan,nan
2025 KO29,nan,MBO,MBO,21165827729537359,745328192381256256,9.684049,2.5114555,1.5539789,226.59161105480376,-38.22360832689054,2025053000344,127,60826.28587507611,g,226.591621419504,-38.22359819519102,22.48409080505371,4053.18,179.203,False,4157.26,0.854431,3876.57,180.612,False,-158.113,4.43762,22.3805102908036,0.0480035901597349,22.352982094584327,0.00022314858698481833,22.428880904557467,0.05058517798612162,nan,nan
2025 KO29,nan,MBO,MBO,21165827729537359,745332590009385056,9.965379,2.5109951,1.556887,226.3141588366241,-38.264426786007895,2025053100341,97,60827.25292599241,r,226.31417859164097,-38.26445975895047,5.696777820587158,6310.31,1091.36,False,7905.05,112.104,5870.19,1096.86,False,-97.1975,49.8647,21.89987325267093,0.1877766761883257,21.655238473775093,0.015397166426918437,21.978369615207182,0.20287258326114288,nan,nan
2025 KO29,nan,MBO,MBO,21165827729537359,745332590300365004,9.965641,2.5109947,1.5568899,226.3139017810467,-38.26445919502365,2025053100343,140,60827.25380482737,r,226.3139001681849,-38.264437366637345,7.246236801147461,6507.22,906.154,False,6342.51,8.24678,5853.24,919.052,False,-87.3788,20.2275,21.86651123947657,0.1511927003222778,21.89434713854552,0.0014117168721789228,21.981509126959406,0.1704778879082682,nan,nan
2025 KO29,nan,MBO,MBO,21165827729537359,745332590719795207,9.966031,2.5109942,1.5568942,226.3135184671393,-38.26450749291597,2025053100346,172,60827.2551153291,r,226.31353193007337,-38.26451090760682,7.897021770477295,6716.9,826.583,False,6232.82,12.4898,6776.41,833.583,False,-58.4578,36.0023,21.83207780916382,0.1336109084351179,21.91328856833015,0.0021756811402659664,21.822500788273516,0.1335591014098321,nan,nan
2025 KO29,nan,MBO,MBO,21165827729537359,745332590805254331,9.966161,2.510994,1.5568956,226.31339071611475,-38.2645235818691,2025053100347,79,60827.255552030256,r,226.31345074162485,-38.26454107546031,5.2690887451171875,4509.48,855.723,False,5261.7,61.2377,4784.59,876.705,False,-71.4823,41.0285,22.264683841887184,0.206030289690812,22.097184752670053,0.012636217772872844,22.200388214848907,0.19894503166053917,nan,nan
2025 KO29,nan,MBO,MBO,21165827729537359,745332590938947762,9.96629,2.5109937,1.556897,226.3132632678241,-38.2645396288396,2025053100348,78,60827.25598864106,r,226.31321495888588,-38.26453741084312,5.247017860412598,5772.38,1073.09,False,nan,nan,5074.71,1086.15,False,-120.596,19.0864,21.99661273882665,0.20183921545477082,nan,nan,22.13647193573585,0.23238222763127442,nan,nan
2025 KO29,nan,MBO,MBO,21165827729537359,745332591775711242,9.967076,2.5109925,1.5569056,226.3124914885377,-38.2646367218746,2025053100354,138,60827.25862904694,r,226.31251165294873,-38.26461440282194,6.3429646492004395,5281.55,783.79,False,5963.21,18.871,5077.27,789.519,False,-39.7378,44.7897,22.093096551211904,0.16112489468822067,21.96129974786185,0.0034358891216271863,22.13592434829659,0.16883272698351043,nan,nan
2025 KO29,nan,MBO,MBO,21165827729537359,745332591884238951,9.967206,2.5109923,1.556907,226.312364112686,-38.26465273298524,2025053100355,89,60827.25906568751,r,226.31236296870713,-38.264614301571214,6.898754596710205,7683.72,1123.54,False,9425.74,84.2517,7770.67,1139.09,False,9.7556,25.404,21.686071143415006,0.15876008805590344,21.464211333022767,0.009704821074950552,21.673853845908937,0.15915631841294262,28.92686504015505,2.827303485767417
2025 KO29,nan,MBO,MBO,21165827729537359,745332592150577255,9.967466,2.5109918,1.5569099,226.31210822394516,-38.26468488687857,2025053100357,85,60827.25994119614,r,226.31208015899014,-38.26472819434937,5.042944431304932,7559.92,1472.62,False,8719.67,258.384,7704.63,1490.8,False,344.799,16.0049,21.703707011799892,0.21149388632054705,21.548749886814647,0.032172876835880944,21.683120548013793,0.21008349676584628,25.056084970646204,0.050397764478287456
2025 KO29,nan,MBO,MBO,21165827729537359,745332592327262290,9.967598,2.5109916,1.5569113,226.31197854290448,-38.26470117634126,2025053100358,166,60827.260385467795,r,226.3120749637981,-38.264710328855934,6.2653727531433105,7353.24,1165.02,False,7255.28,31.1134,7308.13,1177.18,False,345.357,40.0393,21.73380311289633,0.17202000399224188,21.748364588042673,0.004656049841863215,21.740484357018126,0.17488838106708782,25.05432935914911,0.12587588271186181
2025 KO29,nan,MBO,MBO,21165827729537359,745332592693215362,9.967987,2.510991,1.5569156,226.3115965727706,-38.2647491341529,2025053100361,96,60827.26169322326,r,226.31161810323957,-38.26471905049826,5.452542304992676,6543.91,1222.37,False,nan,nan,6527.41,1229.16,False,106.739,41.1608,21.860406679711296,0.2028101437244191,nan,nan,21.863147742812096,0.20445222815863653,26.32919219180444,0.41868269756249804
2025 KO29,nan,MBO,MBO,21165827729537359,745332593917952187,9.970512,2.510987,1.5569434,226.30911698232453,-38.26505967874594,2025053100370,128,60827.2701924343,r,226.30916766657026,-38.26505442841387,7.320732116699219,6965.82,930.707,False,7876.84,32.9409,6773.14,934.857,False,267.045,55.1224,21.792569407654383,0.14506580403783764,21.659119961889335,0.00454054255987485,21.8230248467976,0.14985783031970465,25.333538818165568,0.22411346627382095
2025 KO29,nan,MBO,MBO,21165827729537359,745337014226255896,10.205624,2.5106142,1.5595019,226.0865311808579,-38.296519458771,2025060100536,93,60828.06578333706,i,226.08653802387488,-38.29651836983708,42.956546783447266,8261.57,191.445,False,7948.12,0.505548,8810.42,185.152,False,658.633,46.5836,21.60734349149437,0.02515971756090886,21.649338945426212,6.905931957678648e-05,21.537508479421916,0.022816871811594905,24.353391290458564,0.07679162814198442
2025 KO29,nan,MBO,MBO,21165827729537359,745337014333211325,10.205758,2.510614,1.5595033,226.08640441268332,-38.296536964416205,2025060100537,41,60828.06622010711,i,226.08641335546383,-38.29653744165997,37.374271392822266,7939.83,204.627,False,9193.87,5.05715,9284.46,202.604,False,1417.24,27.6566,21.650471979739034,0.02798182568041585,21.49125408967049,0.0005972164774257546,21.48060838080827,0.023692762228010204,23.521391504216666,0.021187500466544055
2025 KO29,nan,MBO,MBO,21165827729537359,745337014469001337,10.205893,2.5106137,1.5595046,226.0862776406774,-38.29655446355535,2025060100538,44,60828.066657298594,i,226.08628701808533,-38.29655724517162,44.74031066894531,8053.68,177.459,False,7650.39,0.0767643,9095.05,173.904,False,1080.63,48.1734,21.63501405224587,0.023923679182340268,21.690791042866326,1.0894317643800925e-05,21.502987295970257,0.020760070649586317,23.815807444911442,0.04840103014373324
2025 KO29,nan,MBO,MBO,21165827729537359,745337014580675380,10.206029,2.5106137,1.5595062,226.0861488338841,-38.29657223636079,2025060100539,1,60828.06710163594,i,226.08614877786417,-38.2965698593513,41.78041076660156,8248.07,194.952,False,8033.5,0.0703271,10212.5,195.082,False,1837.26,24.5751,21.609119113673437,0.02566254069912519,21.637738004948247,9.504783973691796e-06,21.37716982614882,0.020740033399446006,23.23957344454335,0.014522754321155667
2025 KO29,nan,MBO,MBO,21165827729537359,745337014724329818,10.206163,2.5106134,1.5595075,226.0860220539793,-38.29658972239959,2025060100540,19,60828.0675382154,i,226.0860238381205,-38.29659176600869,35.9833984375,7881.16,216.081,False,7404.02,0.345868,10956.5,214.155,False,3060.29,30.17,21.658524617325984,0.02976807390247116,21.726331039100845,5.071858252555677e-05,21.30082039233076,0.02122172551495602,22.685593528244457,0.010703776753925798
2025 KO29,nan,MBO,MBO,21165827729537359,745337014868509139,10.206297,2.5106132,1.5595089,226.0858952702074,-38.296607201930414,2025060100541,38,60828.067975891696,i,226.0859019797944,-38.296603406370885,40.178680419921875,7825.02,190.977,False,7884.73,0.528161,13540.3,189.936,False,5650.21,36.1631,21.66628635670272,0.026498417651651823,21.65803293719482,7.272836348581938e-05,21.070929298861316,0.015230120440311289,22.019838533910544,0.006949049418798646
2025 KO29,nan,MBO,MBO,21165827729537359,745337015017407441,10.206431,2.510613,1.5595104,226.0857687726728,-38.29662463497924,2025060100542,66,60828.06841143481,i,226.08576917351576,-38.296626867461924,40.797637939453125,7632.4,174.6,False,7303.97,0.103538,13143.9,174.303,False,5542.32,56.6058,21.69334720672976,0.02483747581404434,21.741102516243053,1.5390938199009004e-05,21.103189352014848,0.014398090773237622,22.040771041257393,0.011089032948495036
2025 KO29,nan,MBO,MBO,21165827729537359,745337015152149306,10.20657,2.5106127,1.5595119,226.0856376290002,-38.29664270092516,2025060100543,67,60828.06886334386,i,226.08562372993768,-38.29664381145514,43.24507141113281,8516.16,195.892,False,7556.49,0.553012,11410.8,195.63,False,2890.62,50.3477,21.574390449366113,0.024974522656303323,21.70419968643827,7.945820692278375e-05,21.256709784969175,0.018614171019898644,22.74752244796759,0.018910931412126596
2025 KO29,nan,MBO,MBO,21165827729537359,745337015949066359,10.207403,2.5106115,1.5595207,226.0848509742092,-38.29675090978328,2025060100549,51,60828.07157424242,i,226.08486190306465,-38.29674871483226,47.1044807434082,8132.3,172.24,False,7813.5,0.258864,8605.24,169.969,False,517.681,31.6576,21.624466547686644,0.02299561186417099,21.667885958779053,3.5970819889564914e-05,21.56309250218269,0.021445245640861785,24.614844372162466,0.0663957164800209
2025 KO29,nan,MBO,MBO,21165827729537359,745337016104256009,10.207537,2.5106113,1.5595222,226.08472415631124,-38.29676832890419,2025060100550,91,60828.07201104078,i,226.08472867085754,-38.29676960564273,41.78569412231445,7763.51,179.132,False,7715.52,0.77362,8560.08,179.326,False,799.071,44.2467,21.674854740913283,0.025051826791087542,21.68158699383294,0.00010886463269213953,21.568805431378046,0.022745200191024006,24.14353659820752,0.06012012125488714
2025 KO29,nan,MBO,MBO,21165827729537359,745337016245813936,10.207671,2.510611,1.5595235,226.0845976250379,-38.29678570162238,2025060100551,105,60828.07244781968,i,226.0845971113648,-38.29678439175943,44.324283599853516,8162.0,181.621,False,7989.4,0.807837,9273.37,183.448,False,1053.77,49.4637,21.620508523906867,0.024159825732666878,21.643714600178175,0.00010978269950216261,21.481906015957108,0.021478290055600462,23.843135403896973,0.05096418402517173
2025 KO29,nan,MBO,MBO,21165827729537359,745337016378458169,10.207806,2.5106108,1.5595249,226.084470219556,-38.29680318727177,2025060100552,102,60828.07288695569,i,226.0844760795698,-38.296807690168016,46.62702560424805,8256.92,174.089,False,7604.2,0.423999,9544.27,174.948,False,1186.26,52.7102,21.607954818259657,0.02289167593271922,21.69736614502969,6.053905286041483e-05,21.450643261598234,0.019901719540454922,23.714550274836,0.04824353295286272
2025 KO29,nan,MBO,MBO,21165827729537359,745337016466014469,10.207947,2.5106106,1.5595264,226.08433700609,-38.29682146241332,2025060100553,13,60828.07334546283,i,226.0843350121639,-38.29682462321363,42.18608474731445,8070.62,188.027,False,7939.55,0.371999,9045.21,186.338,False,1021.07,42.5685,21.632732735956324,0.025295170704127522,21.650510306552878,5.087099237739159e-05,21.508953369186138,0.022366966716380342,23.87736120121687,0.045264440110862565
2025 KO29,nan,MBO,MBO,21165827729537359,745337017179046015,10.212136,2.5106044,1.559571,226.0803785257465,-38.29736095717343,2025060100558,93,60828.0869796785,i,226.08038795896252,-38.297357481268925,40.02143478393555,8630.59,211.033,False,7967.58,0.282069,8925.74,208.983,False,236.246,24.997,21.559898805285556,0.026548147671918203,21.64668390739427,3.8437332283406e-05,21.523389391436215,0.025420906857745052,25.46658882993942,0.11488087576625985
2025 KO29,nan,MBO,MBO,21165827729537359,745337017287049486,10.212271,2.5106041,1.5595725,226.0802513139632,-38.29737818050067,2025060100559,43,60828.08741744871,i,226.08026178650877,-38.297373824212784,41.81610107421875,8668.01,207.081,False,8680.45,0.996835,9147.53,205.208,False,416.335,21.4843,21.55520152015874,0.025938518553275582,21.55364437592114,0.00012468245518508535,21.49674036139073,0.024356491901236985,24.85139271673437,0.05602767840472554
2025 KO29,nan,MBO,MBO,21165827729537359,745337017421267580,10.212405,2.510604,1.5595739,226.08012439010452,-38.29739535776353,2025060100560,43,60828.08785435619,i,226.0801178793797,-38.2973939088311,42.517669677734375,8553.59,194.497,False,7932.79,1.63895,9002.84,194.104,False,399.172,39.6176,21.569628946475426,0.02468816391481188,21.65143510060224,0.0002243179680118143,21.514051189198938,0.023408807463773117,24.897099832943198,0.10775871660505539
2025 KO29,nan,MBO,MBO,21165827729537359,745337017822347312,10.212822,2.5106032,1.5595783,226.0797299535632,-38.29744869376055,2025060100563,40,60828.08921289409,i,226.07973210677963,-38.29744956704043,40.60821533203125,8791.26,214.488,False,8708.86,0.95957,8800.88,209.836,False,84.6139,21.4338,21.53987221787363,0.0264896499991612,21.550096683494225,0.00011962987552611613,21.538684765889464,0.025886791287325957,26.58139572764197,0.27503108353036065
2025 KO29,nan,MBO,MBO,21165827729537359,745337017964954290,10.212959,2.510603,1.5595797,226.07960040656803,-38.29746619630197,2025060100564,56,60828.08965844477,i,226.0796018732431,-38.2974717203141,37.842220306396484,8825.73,231.709,False,8518.04,1.10574,8909.09,230.761,False,129.896,32.5387,21.53562334929264,0.02850470573075679,21.5741508071387,0.0001409410958962228,21.525416653495668,0.028122465758376673,26.116010588468114,0.27197485542911914
2025 KO29,nan,MBO,MBO,21165827729537359,745337018102841566,10.213099,2.510603,1.5595813,226.0794685334264,-38.29748400555403,2025060100565,63,60828.09011267977,i,226.07947526059445,-38.29748748594033,33.892478942871094,9160.6,262.88,False,8566.71,0.208633,9153.44,263.267,False,75.7642,25.718,21.49519024636526,0.03115716775964806,21.567964841384708,2.644193730626997e-05,21.496039101228792,0.031227439972787457,26.701339919706882,0.3685509090919978
2025 KO29,nan,MBO,MBO,21165827729537359,745337018901856470,10.213933,2.5106015,1.5595902,226.0786795729228,-38.29759039401257,2025060100571,51,60828.09282860032,i,226.07868355804624,-38.2975920260338,44.89448928833008,9192.89,203.482,False,8561.66,0.13043,9107.12,201.211,False,-82.0581,23.4187,21.491369882821008,0.024032461721386317,21.56860503725828,1.654031676968622e-05,21.50154733828816,0.023988051447005672,nan,nan
2025 KO29,nan,MBO,MBO,21165827729537359,745337019057045803,10.214067,2.5106013,1.5595917,226.07855291394463,-38.29760744808618,2025060100572,91,60828.093264058916,i,226.07855463156648,-38.29761050281222,42.49119186401367,9045.09,208.172,False,8587.34,0.166921,8847.98,205.03,False,-115.179,24.7163,21.508967787474464,0.024988129243648953,21.565353373921003,2.1104577364344197e-05,21.532889611776632,0.02515924323323543,nan,nan
2025 KO29,nan,MBO,MBO,21165827729537359,745337019280392539,10.218223,2.510595,1.5596362,226.07462284600612,-38.29813312734246,2025060100574,5,60828.10679039168,i,226.0746325337447,-38.29813154741974,42.77751541137695,9105.1,209.495,False,8149.67,0.877029,9203.11,209.494,False,-112.732,22.4499,21.501788246703054,0.024981198523095702,21.62214995177314,0.00011684180450383039,21.490163426138825,0.024715038217428154,nan,nan
2025 KO29,nan,MBO,MBO,21165827729537359,745337019460747731,10.220357,2.510592,1.5596591,226.0726045886721,-38.29840047202605,2025060100575,93,60828.11373518032,z,226.0726147254036,-38.29840685199008,27.857816696166992,8869.9,312.123,False,8507.72,1.79758,8769.96,302.794,False,-178.212,63.3381,21.53020314321798,0.03820597877533195,21.57546706420473,0.0002294031484035043,21.54250597347874,0.03748642145913169,nan,nan
2025 KO29,nan,MBO,MBO,21165827729537359,745337019724988722,10.220625,2.5105915,1.5596621,226.07235088382453,-38.2984339537863,2025060100577,85,60828.11460844806,z,226.07235447082138,-38.29843227317234,28.386816024780273,9380.13,326.163,False,8726.06,0.802007,9151.62,312.452,False,-172.698,115.342,21.469477870204194,0.03775288573612826,21.54795456633721,9.978937807453323e-05,21.49625503924076,0.0370688948840584,nan,nan
2025 KO29,nan,MBO,MBO,21165827729537359,745337019831943199,10.220767,2.5105913,1.5596635,226.07221632996263,-38.29845169975732,2025060100578,33,60828.11507167827,z,226.07221160097038,-38.29844833529621,24.782556533813477,9188.52,361.354,False,9060.54,2.72916,8928.68,348.945,False,-190.702,65.1514,21.491886142971957,0.0426984046168701,21.50711479030158,0.00032703877299361186,21.52303189220378,0.04243205503854009,nan,nan
2025 KO29,nan,MBO,MBO,21165827729537359,745337020224635483,10.2212105,2.5105906,1.5596684,226.0717963938205,-38.29850703386288,2025060100581,14,60828.11651645759,z,226.0717880316258,-38.29850718206539,27.337825775146484,9571.53,347.749,False,9472.21,2.52626,9244.8,332.12,False,-184.209,35.0282,21.44754655676468,0.03944653164072793,21.458871709865292,0.00028956831050362414,21.48525622252781,0.03900513917456461,nan,nan
2025 KO29,nan,MBO,MBO,21165827729537359,745337020358852737,10.221345,2.5105903,1.5596699,226.07166939595297,-38.29852375313858,2025060100582,14,60828.116953019664,z,226.07168336003124,-38.29852353204323,24.933862686157227,9272.9,368.981,False,8952.39,5.91421,9057.8,353.178,False,-237.059,33.2927,21.481961013444085,0.04320288153361361,21.520152559026684,0.0007172690198820083,21.507443205787634,0.04233458007465554,nan,nan
2025 KO29,nan,MBO,MBO,21165827729537359,745337021200334950,10.222207,2.5105891,1.5596792,226.0708536488119,-38.29863098086975,2025060100588,83,60828.11976059266,z,226.07086859988988,-38.29863630818357,25.19731330871582,8850.59,345.122,False,8342.55,5.90227,8853.5,330.388,False,35.813,131.016,21.532569462422217,0.042337456276531925,21.59675297986201,0.0007681474136600751,21.532212520940508,0.04051665598325786,27.514898251533257,3.9719884599990687
2025 KO29,nan,MBO,MBO,21165827729537359,745337021338747175,10.222346,2.510589,1.5596807,226.0707217120517,-38.298648296740566,2025060100589,91,60828.12021478312,z,226.0707436207243,-38.2986465283316,23.153778076171875,9005.05,387.963,False,8475.83,5.65167,9069.77,376.26,False,73.0837,67.5499,21.513784702158,0.04677658626286257,21.5795443963237,0.0007239671698333526,21.50600937126323,0.04504184076537214,26.740448653455843,1.0035256272043664
2025 KO29,nan,MBO,MBO,21165827729537359,745337021478731900,10.222487,2.5105886,1.5596821,226.07058890392128,-38.29866571943225,2025060100590,102,60828.1206711944,z,226.07060452668895,-38.29867245382684,20.824203491210938,8129.87,378.782,False,8113.7,21.7308,8081.01,364.159,False,65.8421,68.0277,21.62479098159888,0.05058596745476661,21.626952609254523,0.002907910870868756,21.631335921009352,0.04892712895353416,26.853740781120607,1.1217767514606383
2025 KO29,nan,MBO,MBO,21165827729537359,745337021587260041,10.222621,2.5105884,1.5596837,226.0704619084198,-38.29868237251194,2025060100591,53,60828.1211088643,z,226.0704563265989,-38.29867613683934,23.032527923583984,8847.44,376.475,False,8500.66,3.75976,8772.99,370.471,False,36.7151,33.384,21.532955882024254,0.04620009002169254,21.57636836480729,0.00048021063926827646,21.542130885186577,0.045849109115537884,27.487888231117537,0.9872291479656299
2025 KO29,nan,MBO,MBO,21165827729537359,745337021708894305,10.222764,2.5105882,1.5596852,226.07032648578172,-38.29870012303908,2025060100592,29,60828.12157495939,z,226.07033453276142,-38.298710953202146,22.76274871826172,8617.41,376.245,False,8097.62,6.00619,8585.96,366.867,False,-22.622,30.816,21.5615580894543,0.04740435997020506,21.629106502754233,0.0008053153456536092,21.56552785276294,0.04639210883983784,nan,nan
2025 KO29,nan,MBO,MBO,21165827729537359,745337021837345246,10.222914,2.510588,1.5596868,226.07018525154615,-38.29871862695677,2025060100593,18,60828.12206085399,z,226.07018318257656,-38.29872213467538,21.57870864868164,8829.21,402.286,False,8310.92,0.863453,8444.46,391.478,False,-123.643,20.6375,21.535195388552005,0.049469486903461646,21.600877255557066,0.00011280124950225594,21.58357029788021,0.0503338089690196,nan,nan
2025 KO29,nan,MBO,MBO,21165827729537359,745337021966844179,10.223054,2.5105877,1.5596883,226.0700527359838,-38.29873598082783,2025060100594,9,60828.12251685461,z,226.0700437655332,-38.29871737525714,21.151817321777344,9047.62,423.708,False,8702.46,7.97169,8819.58,416.665,False,-93.4478,21.3095,21.508664106101925,0.050845981414942065,21.550894915450726,0.0009945639138967527,21.536380230507923,0.051293630878767704,nan,nan
2025 KO29,nan,MBO,MBO,21165827729537359,745337022145101875,10.223215,2.5105875,1.5596901,226.06989958832756,-38.29875602726698,2025060100595,93,60828.12304322132,z,226.0698876888123,-38.298750902296376,19.788990020751953,8329.34,409.031,False,8151.96,10.4099,8126.87,398.26,False,-38.0271,27.4294,21.598473544975768,0.053317523388530304,21.621844905179064,0.001386464734732967,21.625191702604972,0.0532068687298659,nan,nan
2025 KO29,nan,MBO,MBO,21165827729537359,745337022408818892,10.223501,2.5105872,1.5596932,226.06962903938577,-38.29879141659245,2025060100597,84,60828.123974499824,z,226.0696327941125,-38.29878730238358,24.698429107666016,8775.47,353.78,False,8078.89,3.66339,8732.48,343.959,False,-82.136,31.6431,21.54182406915129,0.04377107609764754,21.631620744290593,0.0004923293920661832,21.547155942603567,0.04276548418954203,nan,nan
2025 KO29,nan,MBO,MBO,21165827729537359,745337022547755104,10.223644,2.510587,1.5596948,226.06949391130829,-38.29880908040492,2025060100598,93,60828.12443985154,z,226.06948640518482,-38.29879913714796,22.477750778198242,8440.42,373.249,False,8134.04,5.48053,8200.44,362.13,False,-112.326,25.6685,21.58408986530301,0.04801300749887874,21.624234235379014,0.0007315441749024456,21.615407054697318,0.04794591955172471,nan,nan
2025 KO29,nan,MBO,MBO,21165827729537359,745337022816715210,10.223935,2.5105865,1.5596979,226.0692190080896,-38.29884499145389,2025060100600,94,60828.12538555921,z,226.0692281255384,-38.29885095556929,20.524824142456055,8407.62,408.766,False,8210.71,9.52814,8257.43,396.52,False,-141.013,49.0071,21.588317298329756,0.05278688020457581,21.614048222065357,0.0012599454474837924,21.607887789159722,0.05213681790523139,nan,nan
2025 KO29,nan,MBO,MBO,21165827729537359,745337023331041357,10.224555,2.5105855,1.5597045,226.06863201846136,-38.29892156314782,2025060100604,51,60828.12740580195,z,226.0686333422432,-38.29890816487728,23.799442291259766,9161.25,371.668,False,9235.02,5.00593,9721.04,365.13,False,479.274,39.6595,21.49511316324711,0.04404785405428598,21.486405454320817,0.00058853360985756,21.430718170229966,0.04078111643936963,24.69854035558581,0.0898437143045611
2025 KO29,nan,MBO,MBO,21165827729537359,745337023892029486,10.24115,2.5105603,1.5598869,226.0529243415737,-38.30091803451294,2025060100608,97,60828.18152528588,g,226.05292960310265,-38.30096711212707,16.446311950683594,4438.81,264.608,False,5302.13,3.49573,4233.81,268.583,False,-25.2318,4.55008,22.281833596250237,0.06472331181820437,22.08887409461092,0.0007158331884759008,22.333171574078584,0.06887656544085127,nan,nan
2025 KO29,nan,MBO,MBO,21165827729537359,745337024182485341,10.24142,2.51056,1.5598899,226.05266914121424,-38.30094967210877,2025060100610,139,60828.18240609738,g,226.0526932660833,-38.30095676124115,17.048585891723633,4227.54,248.288,False,4567.67,4.64968,3941.43,251.4,False,8.58999,6.72096,22.334780676261353,0.06376646045204677,22.250763218717978,0.0011052300521535914,22.41086547414328,0.06925255046606102,29.065018397076447,0.8494992476089135
2025 KO29,nan,MBO,MBO,21165827729537359,745337024332431592,10.241554,2.5105598,1.5598915,226.0525411149138,-38.30096553464025,2025060100611,169,60828.18284814872,g,226.0525169014666,-38.30095908014831,15.796207427978516,3676.14,229.553,False,3779.28,2.19122,3558.33,232.251,False,21.5037,6.0853,22.486519925601417,0.06779774533463355,22.45647731858488,0.0006295079795895078,22.521884420802166,0.07086563681333648,28.068717005717627,0.30725086446003314
2025 KO29,nan,MBO,MBO,21165827729537359,745337024586187063,10.241826,2.5105593,1.5598944,226.05228449958304,-38.300997311177895,2025060100613,141,60828.1837349714,g,226.0523199393826,-38.301003386244446,19.047513961791992,4471.3,229.745,False,4607.6,0.64238,3848.62,223.368,False,-2.91783,6.84942,22.273915523296704,0.055787460013127815,22.241313052975663,0.00015137060671912823,22.436737385910767,0.06301446053164143,nan,nan
2025 KO29,nan,MBO,MBO,21165827729537359,745337024684753003,10.241966,2.510559,1.559896,226.05215156673069,-38.30101376262897,2025060100614,73,60828.184193467096,g,226.05212434940083,-38.301033268878584,16.511367797851562,4013.79,241.04,False,4100.37,3.55955,3837.19,242.262,False,-22.2185,6.96794,22.391113372883332,0.06520167845315032,22.3679423505193,0.0009425325636801923,22.439966756589207,0.06854824006542805,nan,nan
2025 KO29,nan,MBO,MBO,21165827729537359,745337024818970699,10.242102,2.5105588,1.5598975,226.0520229838957,-38.30102966954382,2025060100615,73,60828.18463775038,g,226.05201806306053,-38.30102876878206,17.715042114257812,4048.51,227.307,False,3751.24,0.385526,3790.25,223.683,False,-25.8842,5.29082,22.38176195653045,0.06095957434257853,22.464562876079857,0.00011158431311867057,22.453330358958638,0.06407512170200248,nan,nan
2025 KO29,nan,MBO,MBO,21165827729537359,745337025656783058,10.242923,2.5105577,1.5599067,226.0512463984441,-38.301125611711,2025060100621,135,60828.18731983473,g,226.05125925480772,-38.301131970283535,15.557700157165527,4088.09,256.621,False,4049.35,7.43299,3863.75,259.584,False,8.27625,12.3857,22.371198855909697,0.06815473900934768,22.38153668372277,0.0019929781911897137,22.432477454821594,0.07294461679594837,29.10541601278972,1.6248425727126574
2025 KO29,nan,MBO,MBO,21165827729537359,745337025881178286,10.243194,2.5105572,1.5599097,226.05099019021512,-38.30115721635477,2025060100623,51,60828.188204194164,g,226.05100461961072,-38.3011468251308,16.216083526611328,3858.09,232.438,False,3799.44,5.72725,3946.36,236.963,False,22.3156,10.7362,22.434069089075464,0.06541225063593516,22.450701040222896,0.0016366314199679419,22.409508219193008,0.0651940772006536,28.028478606626027,0.5223557374395554
2025 KO29,nan,MBO,MBO,21165827729537359,745337026032173331,10.243329,2.5105572,1.5599113,226.05086195041324,-38.301173026472085,2025060100624,83,60828.18864795215,g,226.05086639268347,-38.301163182757634,17.67121696472168,4110.81,229.702,False,4241.87,2.55163,4130.77,232.223,False,40.0343,11.1262,22.36518147370854,0.060668279400979484,22.331106583450296,0.0006531074779470892,22.35992245919909,0.061037754536088125,27.393919354158637,0.30174418759539784
2025 KO29,nan,MBO,MBO,21165827729537359,745337026192081214,10.243468,2.510557,1.5599128,226.05073024314004,-38.301189257882434,2025060100625,132,60828.18910271475,g,226.05072423181966,-38.30118836558887,19.693185806274414,4020.66,202.942,False,3932.83,0.717509,4001.59,201.606,False,77.2997,7.26158,22.38925665045624,0.05480231681876406,22.413237043285868,0.00019808266625524851,22.3944185034455,0.054700989241050414,26.679555508769923,0.10199471040572564
2025 KO29,nan,MBO,MBO,21165827729537359,745337026274394249,10.243608,2.5105567,1.5599144,226.0505976738993,-38.30120558919116,2025060100626,33,60828.189560182276,g,226.05058660081616,-38.30123474792055,14.717409133911133,4543.43,309.201,False,4510.22,1.17125,4754.96,313.761,False,193.036,4.39805,22.256540354681743,0.07388926319228971,22.26450563213623,0.00028195264393213957,22.20713283920186,0.07164343449695422,25.685904251027054,0.02473695084853537
2025 KO29,nan,MBO,MBO,21165827729537359,745337026430632136,10.243742,2.5105565,1.5599159,226.0504711893917,-38.3012211650073,2025060100627,75,60828.18999722732,g,226.0505075794464,-38.301219516709935,13.466980934143066,3739.86,275.645,False,3883.27,4.66884,3665.57,275.839,False,160.938,7.05838,22.46786160660509,0.08002378047199517,22.42700602536339,0.0013053762736923767,22.48964618605632,0.08170308348658573,25.88335347615883,0.04761795649386014
2025 KO29,nan,MBO,MBO,21165827729537359,745337026576384195,10.243879,2.5105562,1.5599174,226.05034065902123,-38.30123723300882,2025060100628,97,60828.19044815879,g,226.05031388687365,-38.301240347169376,18.418424606323242,4105.43,221.739,False,3912.17,2.9084,4491.17,222.071,False,510.661,3.93745,22.366603324631846,0.05864185926340322,22.418955725630052,0.0008071620877316445,22.26910128310884,0.05368546013472347,24.629668248771765,0.008371565198385495
2025 KO29,nan,MBO,MBO,21165827729537359,745337026868412526,10.244154,2.5105557,1.5599204,226.05008077506253,-38.30126920593008,2025060100630,142,60828.19134663328,g,226.05007256932407,-38.30126721984936,24.42804718017578,3971.18,161.288,False,3954.0,1.06633,4851.38,163.212,False,1140.55,16.3789,22.40270108720789,0.04409677171792607,22.407408337555864,0.0002928055233957307,22.18533679253723,0.03652675894861393,23.757214131398026,0.015591744803836873
2025 KO29,nan,MBO,MBO,21165827729537359,745337026979037451,10.244288,2.5105555,1.559922,226.04995431533507,-38.30128475522426,2025060100631,97,60828.191783166316,g,226.04996297871193,-38.301284137157275,20.854106903076172,4134.69,195.665,False,3935.46,1.69953,6446.9,196.252,False,1986.42,11.9155,22.35889263110998,0.0513800478935689,22.412511254308605,0.00046887562732456876,21.8766226820018,0.03305121898757931,23.15482227797157,0.006512766243778273
2025 KO29,nan,MBO,MBO,21165827729537359,745337027245899795,10.244573,2.5105553,1.5599251,226.04968521088963,-38.301317824879625,2025060100633,94,60828.19271319906,g,226.04968271369296,-38.3013410210082,15.057648658752441,4220.7,270.693,False,4249.19,5.8055,15409.4,270.296,False,11426.6,5.45156,22.336538738866302,0.06963327634096671,22.329234638114702,0.0014833984022308332,20.930535650463728,0.01904487747050068,21.255207475323207,0.0005179980299436416
2025 KO29,nan,MBO,MBO,21165827729537359,745337027480256523,10.244866,2.5105548,1.5599284,226.0494068766404,-38.3013520016347,2025060100635,29,60828.19367508328,g,226.04942902725566,-38.30135572677067,17.256181716918945,4552.08,258.531,False,4510.46,4.14002,21264.3,253.501,False,16359.4,10.3948,22.254475266586333,0.06166334253717221,22.264447920077068,0.0009965656553608654,20.58087223327277,0.012943534996089738,20.865581545643256,0.0006898792519195912
2025 KO29,nan,MBO,MBO,21165827729537359,745337027650125898,10.245411,2.5105538,1.5599345,226.04889195206903,-38.301415157031215,2025060100636,97,60828.19545539722,g,226.04892105038812,-38.30142521037368,25.651063919067383,4239.82,161.917,False,4498.42,1.81754,12093.6,163.236,False,7861.81,15.4866,22.331631497085496,0.04146382734151239,22.267350015402986,0.00043868048551922676,21.193611034900997,0.01465496069220499,21.66119363237005,0.002138739310514842
2025 KO29,nan,MBO,MBO,21165827729537359,745337027806364215,10.2455435,2.5105536,1.559936,226.04876612994312,-38.301430574870224,2025060100637,139,60828.19589091322,g,226.0487742242733,-38.301427181814546,22.596660614013672,4016.28,170.341,False,4042.88,6.18457,8693.0,169.685,False,4720.21,16.0059,22.390440035637056,0.046048929162465564,22.383272904275668,0.0016608980667421923,21.552075800937054,0.021193275653245143,22.215096707414496,0.0036816549780510303
2025 KO29,nan,MBO,MBO,21165827729537359,745337027941106098,10.245677,2.5105536,1.5599375,226.04863973563155,-38.30144605722208,2025060100638,140,60828.19632798215,g,226.04865123885654,-38.30145295520818,23.39472007751465,4292.64,178.374,False,4117.86,3.62902,8359.23,179.286,False,3894.47,14.7735,22.318188795100063,0.045116081463205664,22.363321092837488,0.0009568461546011182,21.5945842521435,0.02328650909077475,22.423879101372812,0.004118692510688904
2025 KO29,nan,MBO,MBO,21165827729537359,745337028091052323,10.2458105,2.5105534,1.559939,226.0485133479457,-38.30146153315788,2025060100639,170,60828.1967647803,g,226.04852600561767,-38.30146326965846,25.68429183959961,4490.9,173.024,False,4341.97,0.960548,6283.85,173.699,False,1875.63,10.2396,22.269166562044965,0.04183090859966486,22.305782900138915,0.00024019089736888904,21.904435459198403,0.03001206197887211,23.217132070923277,0.0059273442045855345
2025 KO29,nan,MBO,MBO,21165827729537359,745337028344283413,10.2460785,2.510553,1.559942,226.04825972457132,-38.301492572004165,2025060100641,141,60828.19764152914,g,226.04827871048963,-38.30147615278263,23.962194442749023,3971.7,164.745,False,3805.16,0.968872,4519.11,164.331,False,689.642,18.579,22.402558921131757,0.0450360319134015,22.449067718135378,0.0002764507784428923,22.26236775121015,0.03948125068211555,24.303440697992254,0.029249802968979857
2025 KO29,nan,MBO,MBO,21165827729537359,745337028442849620,10.246217,2.5105526,1.5599436,226.04812959737995,-38.30150848847016,2025060100642,73,60828.19809133858,g,226.04813642343498,-38.3014942804587,21.774333953857422,4310.12,197.798,False,4342.54,1.73405,4813.62,197.801,False,652.144,11.2316,22.313776566184707,0.04982609498018207,22.305640421457348,0.0004335529177494034,22.193820466248795,0.044615008297813875,24.364141272725714,0.01869917516138131
2025 KO29,nan,MBO,MBO,21165827729537359,745337028577067412,10.24635,2.5105524,1.5599451,226.04800323623743,-38.30152393865226,2025060100643,73,60828.19852822288,g,226.0480026618634,-38.30151450367466,26.195613861083984,4251.44,161.683,False,3980.74,0.136126,5305.72,160.279,False,1040.32,10.1974,22.328659879172967,0.04129073625768915,22.40009047069323,3.712800218004295e-05,22.088139138217983,0.03279869907767347,23.85708268651566,0.010642578290412784
2025 KO29,nan,MBO,MBO,21165827729537359,745337030847234115,10.250192,2.5105467,1.5599883,226.04436863637605,-38.30196600973499,2025060100660,51,60828.211108753036,u,226.04438681930682,-38.30198882279114,6.443538188934326,1887.65,291.922,False,1796.93,9.69066,1876.98,288.726,False,124.838,13.8108,23.210196304960892,0.16790733297233848,23.26367206916216,0.00585526459743193,23.216350898652173,0.16701312162669596,26.159133016494714,0.12011475230997218
2025 KO29,nan,MBO,MBO,21165827729537359,745337031945093188,10.251499,2.5105445,1.560003,226.04313259210943,-38.30211534907523,2025060100668,97,60828.21539188754,u,226.04322051001932,-38.30203785058784,6.462883949279785,1597.02,243.895,False,1497.79,6.65189,1678.61,239.442,False,123.014,19.705,23.391724099263282,0.16581234615704696,23.461372654954936,0.004821902535521701,23.337625494445664,0.1548726935179921,26.175113649242043,0.17391867464304056
2025 KO29,nan,MBO,MBO,21165827729537359,745337032772943963,10.253013,2.5105424,1.5600202,226.04170096565767,-38.30228770830317,2025060100674,140,60828.22035526454,u,226.04162864469941,-38.302284918935605,5.69923734664917,1558.09,268.086,False,1504.0,33.1823,1754.23,265.85,False,150.471,23.2004,23.418518673251576,0.18681249541653352,23.45688040936094,0.023954271996967293,23.289783677508858,0.16454112623512904,25.956368032168122,0.16740444841153038
2025 KO29,nan,MBO,MBO,21165827729537359,745337033176645713,10.253499,2.5105417,1.5600257,226.04124089996853,-38.3023429610809,2025060100677,142,60828.221951134125,u,226.04126661428086,-38.3023409141766,5.179204940795898,1388.74,276.762,False,1507.03,55.1584,1468.39,274.327,False,113.814,18.0673,23.543447645873222,0.2163763688360437,23.45469523446227,0.03973873932785084,23.48289644362264,0.20283899261448232,26.259510754178493,0.1723542102163296
2025 KO29,nan,MBO,MBO,21165827729537359,745337034623680523,10.255285,2.5105388,1.560046,226.03955294011425,-38.3025451262554,2025060100688,86,60828.22781006191,u,226.03958765062026,-38.302529837262064,5.3762288093566895,1351.92,266.275,False,nan,nan,1772.89,263.754,False,480.214,19.4199,23.572622482339824,0.21384726307590554,nan,nan,23.27829551507678,0.16152567965188253,24.69641298132961,0.04390727876586266
2025 KO29,nan,MBO,MBO,21165827729537359,745345748067942688,10.839271,2.5096645,1.5669054,225.5162309426951,-38.36912060112984,2025060300072,142,60830.14434140123,i,225.51623687969393,-38.36912185849467,37.08891677856445,9004.14,240.123,False,9318.46,0.860148,8901.96,237.66,False,-56.6544,7.01514,21.513894444975243,0.028954486055000617,21.476639641253378,0.00010021976192276019,21.526285908525956,0.02898643349680119,nan,nan
2025 KO29,nan,MBO,MBO,21165827729537359,745345748202160510,10.839417,2.5096643,1.5669072,225.51610123649337,-38.36913509530326,2025060300073,142,60830.144807851495,i,225.51610900587883,-38.36913282694576,36.11691665649414,9086.72,249.112,False,9713.44,1.1841,8971.35,246.274,False,-37.5893,22.3714,21.50398216811689,0.029765407655187034,21.43156729727242,0.0001323547803627304,21.517855546844935,0.029804724148114674,nan,nan
2025 KO29,nan,MBO,MBO,21165827729537359,745345748348436811,10.839565,2.509664,1.566909,225.5159712553933,-38.36914961277859,2025060300074,165,60830.14527409608,i,225.51597125467435,-38.369152459395586,37.88894271850586,8732.21,228.945,False,8904.99,0.412816,8701.39,227.228,False,-12.0688,10.5614,21.547189576194373,0.02846632003381561,21.525916381169832,5.0332370092187804e-05,21.55102845797829,0.02835290371499931,nan,nan
2025 KO29,nan,MBO,MBO,21165827729537359,745345748437565572,10.83973,2.5096638,1.5669109,225.515826248574,-38.36916579971113,2025060300075,79,60830.145795130025,i,225.5158362165109,-38.36916840697829,38.781272888183594,8942.77,227.508,False,8933.2,2.32013,8961.5,225.798,False,-25.0499,12.125,21.52131990382935,0.027621607247915268,21.522482333127925,0.00028198732871418254,21.519048227184033,0.027356700113619983,nan,nan
2025 KO29,nan,MBO,MBO,21165827729537359,745345748600619361,10.839888,2.5096636,1.5669129,225.51568736913237,-38.36918129400633,2025060300076,134,60830.14629471342,i,225.51568952511957,-38.369177826516236,36.44249725341797,9126.66,244.365,False,9763.1,1.47265,9061.77,242.42,False,-37.0957,25.4816,21.4992203018036,0.029070429828392065,21.426030699292077,0.00016377068158776392,21.506967468661554,0.029045559795109508,nan,nan
2025 KO29,nan,MBO,MBO,21165827729537359,745345748685554202,10.840058,2.5096633,1.5669149,225.5155370834278,-38.369198051341776,2025060300077,40,60830.14683445828,i,225.51554692124265,-38.36920155365091,36.09751510620117,8635.31,235.213,False,8846.99,1.32216,8642.75,234.742,False,-28.7353,8.06482,21.559305221596667,0.02957384041268051,21.533011130295236,0.00016226049181700984,21.558370123027622,0.02948921268677614,nan,nan
2025 KO29,nan,MBO,MBO,21165827729537359,745345748819247465,10.840211,2.509663,1.5669167,225.51540238710072,-38.36921306201372,2025060300078,39,60830.14731800559,i,225.51540216986118,-38.3692218964694,36.421077728271484,8726.29,238.906,False,8595.72,0.643107,8843.62,238.896,False,-32.6996,9.88135,21.54792589074091,0.02972499182751762,21.56429438406588,8.123165626639458e-05,21.533424802657724,0.029329395507009855,nan,nan
2025 KO29,nan,MBO,MBO,21165827729537359,745345749789180364,10.841292,2.5096617,1.5669299,225.5144498898495,-38.36931898330514,2025060300085,97,60830.15074167204,i,225.51446765607534,-38.36931095333902,35.557472229003906,8584.24,239.738,False,8756.46,1.04459,8533.91,236.885,False,-19.0799,8.53581,21.56574534229436,0.03032210496287541,21.5441785845115,0.0001295214256916197,21.572129834102547,0.030137956715145416,nan,nan
2025 KO29,nan,MBO,MBO,21165827729537359,745345749924446556,10.841466,2.5096614,1.566932,225.514297421086,-38.36933590179717,2025060300086,99,60830.15128934033,i,225.51429757874064,-38.36933804554528,34.00020980834961,8731.8,251.915,False,8614.35,2.40072,8727.93,249.644,False,28.6787,6.90194,21.547240574962274,0.03132380893402127,21.561943766440134,0.0003025821577418114,21.547721902742044,0.03105519129473473,27.756101366789053,0.2612979713560598
2025 KO29,nan,MBO,MBO,21165827729537359,745345750056042604,10.841613,2.5096612,1.5669338,225.5141683279205,-38.36935021857531,2025060300087,94,60830.151753793805,i,225.5141771242356,-38.369345314830234,35.16073226928711,9123.59,256.291,False,8819.08,0.119336,9111.24,255.022,False,55.223,7.4389,21.499585617289426,0.030499442242559384,21.536441784854766,1.4691715722416953e-05,21.50105625562339,0.03038956439883195,27.044700018213508,0.14625578308740295
2025 KO29,nan,MBO,MBO,21165827729537359,745345750615458132,10.84224,2.5096602,1.5669414,225.5136152771561,-38.36941147188321,2025060300091,137,60830.15374185756,i,225.5136109058918,-38.3694089129342,35.89836883544922,9067.28,249.917,False,9485.44,0.561418,10003.0,249.664,False,886.288,8.09363,21.506307399594856,0.02992561550833961,21.457356247667818,6.426183894543393e-05,21.39967432798693,0.02709879490304584,24.03106279658565,0.009915001325837646
2025 KO29,nan,MBO,MBO,21165827729537359,745345750997664016,10.844732,2.5096567,1.5669718,225.5114211301603,-38.36965319419445,2025060300094,98,60830.16163155559,y,225.5114282711218,-38.36969731547607,7.365830421447754,8722.5,1163.69,False,8792.41,99.1452,7943.95,1135.77,False,-583.952,232.262,21.548397554699626,0.1448507079962891,21.539730151881887,0.012243006652077974,21.649908718296025,0.1552309115950363,nan,nan
2025 KO29,nan,MBO,MBO,21165827729537359,745345751155474517,10.844886,2.5096564,1.5669737,225.5112854665424,-38.36966807273623,2025060300095,143,60830.162119257664,y,225.5113877452986,-38.36974614665299,6.666629314422607,8396.36,1239.6,False,9833.29,178.155,7543.76,1218.56,False,-819.054,259.64,21.58977232704138,0.1602930932639745,21.418252877151453,0.019670866156182697,21.706030375877198,0.17538135020101722,nan,nan
2025 KO29,nan,MBO,MBO,21165827729537359,745345755049361445,10.883229,2.5096018,1.5674536,225.477601428336,-38.37315849933774,2025060300124,146,60830.284338190875,y,225.4776796972385,-38.373129828074234,5.445441246032715,8236.73,1533.19,False,9750.09,281.893,7470.88,1525.46,False,-167.172,178.853,21.610612863100084,0.20209958726601202,21.427478456019017,0.03139062785105162,21.716570615358847,0.2216937140575806,nan,nan
2025 KO29,nan,MBO,MBO,21165827729537359,745345755453587665,10.883671,2.509601,1.5674592,225.47721500792105,-38.37319671555763,2025060300127,149,60830.28575777838,y,225.47712525503673,-38.37313988125923,6.532812595367432,8814.19,1430.79,False,9578.21,111.242,8459.65,1420.21,False,737.367,377.503,21.537043927091606,0.17624540327438,21.44678911788973,0.012609815807971068,21.581618961362167,0.18227388860617574,24.230790750124157,0.5558543601616844
2025 KO29,nan,MBO,MBO,21165827729537359,745345756633235571,10.884994,2.5095992,1.5674763,225.47605816662949,-38.37331096540006,2025060300136,95,60830.29000860518,y,225.47604243777715,-38.37340824091732,5.221946716308594,7649.68,1443.34,False,9103.78,17.6921,19580.0,1420.92,False,12275.5,375.57,21.69089180453325,0.2048564672843241,21.501945582113613,0.0021099975505948433,20.6704682813322,0.07879184554534924,21.17740202340586,0.03321819513446948
2025 KO29,nan,MBO,MBO,21165827729537359,745345757160145142,10.885581,2.5095985,1.5674838,225.47554421524964,-38.37336164945397,2025060300140,76,60830.291898220195,y,225.47560721456497,-38.37345017948351,5.598760604858398,8983.51,1659.12,False,nan,nan,11737.5,1649.35,False,3981.05,100.248,21.51638488938792,0.20051925068637544,nan,nan,21.22606098681458,0.15256732547907043,22.400005906332865,0.027340245139459554
2025 KO29,nan,MBO,MBO,21165827729537359,745345758784389376,10.887377,2.5095959,1.5675069,225.4739744677846,-38.37351618820234,2025060300152,102,60830.29767658921,y,225.47400245638488,-38.37348374491653,5.636063098907471,8724.99,1555.1,False,nan,nan,8193.42,1540.52,False,-410.401,89.9895,21.54808762615388,0.1935163593490352,nan,nan,21.616336966238627,0.20413922090020473,nan,nan
2025 KO29,nan,MBO,MBO,21165827729537359,745345758941675565,10.887524,2.5095956,1.5675088,225.4738466068933,-38.373528759130245,2025060300153,146,60830.29814763575,y,225.4737713345909,-38.3735942107129,5.057934761047363,7916.06,1558.48,False,10552.8,728.309,6587.08,1551.92,False,-443.556,87.4029,21.653727298728242,0.2137550911262613,21.341580751766656,0.0749328601871287,21.853267642187006,0.25580010545140935,nan,nan
2025 KO29,nan,MBO,MBO,21165827729537359,745345759055446180,10.88767,2.5095954,1.5675106,225.47371903247884,-38.37354129947739,2025060300154,107,60830.298617555265,y,225.47372735293715,-38.373573534031316,6.2903242111206055,10094.3,1533.19,False,9887.73,101.997,9361.5,1533.25,False,-369.787,120.923,21.389809501733225,0.16490889515513996,21.412258451494232,0.011199924777071008,21.47163639590859,0.17782460459813085,nan,nan
2025 KO29,nan,MBO,MBO,21165827729537359,745345759480119412,10.888112,2.5095947,1.5675163,225.4733320576824,-38.37357932389637,2025060300157,149,60830.30004375856,y,225.47315618234308,-38.373571892845405,5.188334941864014,7863.29,1550.76,False,9159.0,38.7894,8578.66,1542.18,False,-360.165,331.65,21.660989262493608,0.21412364024847166,21.49537985245419,0.004598215305088967,21.56645134103831,0.19518207832838716,nan,nan
2025 KO29,nan,MBO,MBO,21165827729537359,745345760028524597,10.888695,2.509594,1.5675238,225.472823719021,-38.37362924114976,2025060300161,171,60830.30191793099,y,225.4728785726143,-38.373692962586595,5.583510875701904,10188.4,1816.39,False,9803.92,97.2426,9941.55,1817.72,False,378.313,84.8166,21.37973499043953,0.1935652629709794,21.42150061177456,0.010769142521511831,21.406364768594756,0.19851677264381068,24.955371870518825,0.24341868496035815
2025 KO29,nan,MBO,MBO,21165827729537359,745350147448766804,11.125483,2.5092537,1.5705174,225.272516096114,-38.39732290407451,2025060400082,127,60831.0681333331,i,225.27252690702161,-38.39730643672592,29.135435104370117,8201.16,279.584,False,8035.91,0.448458,8494.05,278.629,False,276.342,7.69711,21.61531176726694,0.03701360313140246,21.637412318579685,6.059140313568686e-05,21.577212992152628,0.035615236261383305,25.296382717670863,0.030241624048140583
2025 KO29,nan,MBO,MBO,21165827729537359,745350147539468453,11.125636,2.5092535,1.5705193,225.2723855532485,-38.397337742850745,2025060400083,44,60831.068613880816,i,225.27238846353737,-38.397337937324984,30.374065399169922,8294.43,268.417,False,8229.29,0.770727,8604.4,267.801,False,300.79,12.4343,21.603033675119754,0.03513563407854842,21.611594077041445,0.00010168631569332402,21.563198471712944,0.033792155479040076,25.204341484910717,0.0448830405472535
2025 KO29,nan,MBO,MBO,21165827729537359,745350147963093163,11.132906,2.5092435,1.5706096,225.2661999524497,-38.39803131784373,2025060400086,84,60831.09134612368,y,225.26617844571575,-38.398010223681005,7.699655532836914,7798.67,993.561,False,8641.91,49.3657,10684.2,978.385,False,2742.4,264.498,21.6699486518785,0.1383242440114286,21.55847563262494,0.006202115798744617,21.32814495744261,0.09942419721424033,22.804673038055064,0.10471668959238646
2025 KO29,nan,MBO,MBO,21165827729537359,745350148121952348,11.1340885,2.5092418,1.5706244,225.26519362789253,-38.398142387756046,2025060400087,131,60831.095043810456,y,225.26508183880014,-38.39816112222553,6.757735252380371,8665.99,1315.73,False,nan,nan,16421.8,1296.46,False,7676.43,193.516,21.5554545117596,0.16484390552554734,nan,nan,20.861448051890658,0.08571614869523515,21.68710174008721,0.02737044819182601
2025 KO29,nan,MBO,MBO,21165827729537359,745350148230479921,11.13425,2.5092418,1.5706264,225.26505643471,-38.39815749182061,2025060400088,82,60831.09554722253,y,225.26512430160096,-38.398194723852704,7.287176132202148,8139.88,1115.41,False,7957.65,60.4257,13843.8,1104.23,False,4759.47,122.155,21.623455009465143,0.14877873810110193,21.648037929003486,0.00824444053611148,21.046861724172196,0.08660212406194552,22.206103466715017,0.027866148705633156
2025 KO29,nan,MBO,MBO,21165827729537359,745350148367319128,11.134398,2.5092416,1.5706282,225.2649298570645,-38.39817141905986,2025060400089,87,60831.09601224091,y,225.26494703252254,-38.39818311141911,8.687559127807617,9781.58,1097.02,False,8927.27,7.10151,14056.3,1078.09,False,4551.62,399.541,21.42397746329094,0.12176707066102777,21.523203382129005,0.0008636869919164114,21.030322471032033,0.08327378642615617,22.254584979391527,0.09530586948101993
2025 KO29,nan,MBO,MBO,21165827729537359,745350148767350870,11.134911,2.5092409,1.5706346,225.26449404353923,-38.398219311669344,2025060400092,82,60831.09761341344,y,225.2645051316406,-38.39821112848623,9.842663764953613,10939.6,1100.15,False,10713.9,35.9079,11992.4,1069.77,False,1614.45,195.677,21.30249643235134,0.1091879734929467,21.32513098917778,0.0036388717050324956,21.202734700287657,0.09685200653222659,23.379938534509257,0.1315950397253393
2025 KO29,nan,MBO,MBO,21165827729537359,745350148890558489,11.135065,2.5092406,1.5706365,225.26436174659597,-38.39823383183207,2025060400093,61,60831.098099404946,y,225.2643872206334,-38.39822734842981,9.069306373596191,10717.5,1189.6,False,10438.2,60.3563,12015.3,1160.67,False,1569.27,135.657,21.32476626954332,0.12051241079291244,21.353435945055637,0.006277999966797539,21.200663470619403,0.10488140196035751,23.41075580562336,0.09385747001952045
2025 KO29,nan,MBO,MBO,21165827729537359,745350149022679143,11.135215,2.5092404,1.5706384,225.26423434908256,-38.39824780622117,2025060400094,57,60831.09856711778,y,225.26423988624438,-38.39820768190418,7.537271499633789,9072.57,1205.36,False,9510.82,34.4726,10495.0,1185.65,False,1623.63,100.645,21.50567414332074,0.14424831451124892,21.45445505838515,0.003935322885796832,21.34754389270395,0.1226587096406582,23.373782328662458,0.06730222794264298
2025 KO29,nan,MBO,MBO,21165827729537359,745350149280104505,11.135518,2.50924,1.5706422,225.26397628600145,-38.39827608931625,2025060400096,36,60831.09951508687,y,225.26394681937626,-38.39827262786099,9.39156723022461,11118.2,1208.6,False,12861.4,237.088,14079.7,1192.71,False,2466.71,164.341,21.2849137757039,0.11802456580307698,21.126779353644316,0.020014540774119155,21.02851648175388,0.091974144932193,22.91970478108869,0.0723356130890044
2025 KO29,nan,MBO,MBO,21165827729537359,745350149667029272,11.135981,2.5092394,1.570648,225.26358265563093,-38.39831916799092,2025060400099,6,60831.100961289485,y,225.26364583490914,-38.39826465909635,7.207533359527588,9211.86,1258.52,False,8459.97,137.974,19865.8,1238.14,False,10826.1,149.22,21.489131636008963,0.1483327685689695,21.581577977630094,0.01770731703503126,20.654734810114714,0.06766872653491812,21.31381995336482,0.014965090258274727
2025 KO29,nan,MBO,MBO,21165827729537359,745350149842665568,11.136145,2.5092392,1.5706501,225.26344273383327,-38.39833446283914,2025060400100,85,60831.101475605945,y,225.26355684438684,-38.39836337807998,7.37317419052124,8302.52,1126.4,False,8383.75,69.7626,23998.4,1057.55,False,15429.9,471.173,21.60197523518238,0.14730146468714922,21.59140420162823,0.009034594857930298,20.449544262874824,0.04784570461642003,20.92909219390589,0.03315443239164099
2025 KO29,nan,MBO,MBO,21165827729537359,745350150784286754,11.137276,2.5092375,1.5706642,225.262479884824,-38.39843945459469,2025060400107,89,60831.10501292886,y,225.26246198300421,-38.398475959822726,7.0572004318237305,9134.25,1304.17,False,8795.17,185.938,24063.2,1284.42,False,14815.1,97.0833,21.498317765341632,0.15501925542572476,21.539389413989923,0.02295346469449767,20.44661658352489,0.057953280906299,20.97323856048404,0.007114825684703522
2025 KO29,nan,MBO,MBO,21165827729537359,745350150888095933,11.137428,2.5092373,1.5706661,225.2623497630516,-38.39845360902141,2025060400108,31,60831.105490660055,y,225.26226420756174,-38.398364745823365,6.003592014312744,9279.34,1521.72,False,nan,nan,33661.7,1517.64,False,23554.2,96.5787,21.481207298788696,0.17805000070222401,nan,nan,20.08215991232202,0.04895049114976479,20.46982914013195,0.004451817155385371
2025 KO29,nan,MBO,MBO,21165827729537359,745350151050100838,11.137582,2.509237,1.5706681,225.2622196413722,-38.39846775525311,2025060400109,84,60831.10596891403,y,225.26221406596775,-38.39845955261727,6.570768356323242,8411.32,1286.61,False,9931.72,45.9575,37909.2,1283.0,False,28750.8,115.407,21.58783957072295,0.1660760725546936,21.407438861870606,0.005024076746117823,19.953138473420275,0.03674568651969041,20.253375136563278,0.004358193589726049
2025 KO29,nan,MBO,MBO,21165827729537359,745350151475822720,11.138068,2.5092363,1.5706742,225.26180532321845,-38.39851274353588,2025060400112,128,60831.10749027906,y,225.2618374765616,-38.39843136424492,5.030152797698975,7577.83,1487.54,False,7498.44,151.42,174861.0,1472.27,False,167011.0,100.299,21.701137843443025,0.21313173557424242,21.71257270662532,0.02192485042503411,18.293267605712593,0.009141528776485532,18.343137308927844,0.000652042437389467
2025 KO29,nan,MBO,MBO,21165827729537359,745350151562330197,11.138235,2.5092363,1.5706762,225.26166268112263,-38.39852821299645,2025060400113,37,60831.108014389276,y,225.2617019085335,-38.39850838588976,5.007577896118164,7795.41,1621.17,False,8549.7,565.038,284775.0,1599.38,False,276630.0,143.667,21.670402573570822,0.22579479148631276,21.57012278505216,0.07175482492799583,17.763745348671257,0.006097813278790285,17.795251808144904,0.0005638740245587674
2025 KO29,nan,MBO,MBO,21165827729537359,745350151832862727,11.138555,2.5092359,1.5706803,225.2613907371227,-38.39855767799389,2025060400115,41,60831.10901341283,y,225.26134520803856,-38.398588394901374,6.609384059906006,10731.7,1609.88,False,10490.3,368.719,261816.0,1595.91,False,252799.0,107.14,21.323328671098857,0.16287307461132125,21.348030249568332,0.03816207055794463,17.85500954133689,0.00661814901933293,17.893061620825208,0.0004601512518447667
2025 KO29,nan,MBO,MBO,21165827729537359,745350151989100570,11.138707,2.5092356,1.5706822,225.26126116293503,-38.39857170475418,2025060400116,83,60831.10948961336,y,225.26118604316258,-38.39852349588721,5.180679798126221,9163.16,1675.65,False,9844.11,304.031,187674.0,1658.16,False,178592.0,97.2392,21.494886806623654,0.19854655675414284,21.41705881635288,0.03353248375341098,18.21648972386293,0.009592827895136588,18.27034499790858,0.0005911581507724989
2025 KO29,nan,MBO,MBO,21165827729537359,745350152106017538,11.139315,2.5092347,1.5706898,225.260743962064,-38.39862761263743,2025060400117,50,60831.11138907884,i,225.26073693175448,-38.39861708249678,21.497194290161133,8184.4,383.987,False,8522.94,5.6304,28745.9,382.699,False,20814.8,5.53074,21.617532896205862,0.05093942042188407,21.57352636752087,0.0007172559017655245,20.25356020914739,0.014454588645508621,20.604069353489713,0.00028849300485525483
2025 KO29,nan,MBO,MBO,21165827729537359,745350152219263223,11.13948,2.5092344,1.5706918,225.2606032308896,-38.39864280299173,2025060400118,10,60831.111906898586,i,225.26061103161356,-38.39865282560379,23.792593002319336,9371.06,379.199,False,9362.8,1.68105,17117.6,377.342,False,7890.19,6.40351,21.47052825343054,0.043934208889130674,21.471485656492394,0.00019493920869435226,20.816392840603406,0.023934073218395042,21.65728135461532,0.0008811603773651484
2025 KO29,nan,MBO,MBO,21165827729537359,745350152351383614,11.139644,2.5092342,1.570694,225.2604633175192,-38.39865789563983,2025060400119,6,60831.11242028263,i,225.2604552394692,-38.39866809119729,25.050460815429688,9692.74,385.021,False,9800.91,2.92795,13040.3,383.369,False,3454.54,5.67864,21.43388356551803,0.04312828208977354,21.421833979778214,0.000324355714655625,21.111781059465635,0.03191932672773014,22.55402442339816,0.0017847542223558472
2025 KO29,nan,MBO,MBO,21165827729537359,745350152670151024,11.139966,2.509234,1.570698,225.2601892100068,-38.39868743674641,2025060400121,102,60831.11342799388,i,225.26021830396564,-38.39869529126766,19.11321449279785,8794.71,457.795,False,9026.83,8.07044,12828.3,465.71,False,4063.5,5.08068,21.539446196213113,0.056516317495846236,21.511161831655905,0.0009707027979829175,21.12957724728775,0.03941583891386882,22.377749339777875,0.0013575189135358028
2025 KO29,nan,MBO,MBO,21165827729537359,745350153036103871,11.140467,2.5092332,1.5707042,225.25976240601477,-38.39873336250812,2025060400124,32,60831.114995164666,i,225.25975785766468,-38.398724196968736,23.64863395690918,9200.86,387.082,False,8867.8,2.25829,10014.3,390.369,False,671.655,5.60064,21.49042890216161,0.0456771352185595,21.530460299691377,0.0002764955597503313,21.39844852745651,0.04232325292760783,24.332134322352992,0.009053483048965087
2025 KO29,nan,MBO,MBO,21165827729537359,745350153192341807,11.14062,2.509233,1.5707062,225.25963202643445,-38.398747374453045,2025060400125,74,60831.115474420396,i,225.25961770561017,-38.398753934733826,22.78441047668457,8394.66,366.248,False,8354.48,0.499141,9117.65,367.346,False,551.36,5.72823,21.589992202136095,0.04736924315512681,21.59520137985747,6.48676438139997e-05,21.500292661266627,0.04374382037017309,24.546411889425816,0.011280010999925974
2025 KO29,nan,MBO,MBO,21165827729537359,745350153332326577,11.140775,2.5092328,1.5707082,225.25950055917335,-38.398761495052526,2025060400126,85,60831.115957246846,i,225.25950081791223,-38.39877287054555,25.20277976989746,8787.1,349.74,False,8941.53,3.27781,9451.82,351.16,False,434.017,6.20222,21.54038612616803,0.043213959842231066,21.521470371791857,0.0003980120835608358,21.461211358212662,0.04033795787830678,24.806233152489316,0.01551546319682976
2025 KO29,nan,MBO,MBO,21165827729537359,745350153468641470,11.140926,2.5092325,1.5707101,225.259370998559,-38.39877540277447,2025060400127,89,60831.11643327834,i,225.25937407478,-38.39878628567531,22.939477920532227,8137.14,352.492,False,8613.29,5.71051,8806.39,359.087,False,391.791,5.54795,21.623820511448965,0.04703290402139134,21.56207732087646,0.0007198303069408805,21.538005256530738,0.044271691149144206,24.917363902751774,0.015374549643014707
2025 KO29,nan,MBO,MBO,21165827729537359,745350153576644675,11.141083,2.5092323,1.570712,225.25923762864792,-38.39878971102255,2025060400128,39,60831.116923456546,i,225.25922247173972,-38.39879957793646,20.963178634643555,7803.04,368.833,False,8106.6,4.88262,8141.35,369.92,False,449.485,5.38431,21.66934041155286,0.051320427434328804,21.627903126006476,0.0006539408740791578,21.62325892286838,0.049332794515092565,24.7682120272789,0.01300586280743694
2025 KO29,nan,MBO,MBO,21165827729537359,745350153707716914,11.141243,2.509232,1.570714,225.2591018105807,-38.39880427317985,2025060400129,33,60831.11742234856,i,225.2591137490939,-38.39879444442134,23.410110473632812,8729.33,367.179,False,8356.92,1.53786,9258.55,366.395,False,425.25,5.94124,21.54754771105033,0.04566897055326471,21.594884398331743,0.00019979972698465516,21.483642582200133,0.042966589066971886,24.828389194288484,0.01516900455906489
2025 KO29,nan,MBO,MBO,21165827729537359,745350153982967816,11.141578,2.5092316,1.5707183,225.2588162980774,-38.398834856575824,2025060400131,46,60831.11847171503,i,225.25882607972258,-38.39882891800235,25.154857635498047,9116.96,362.513,False,9164.13,3.33282,9569.26,360.289,False,495.745,5.59803,21.500374881231238,0.043171571555871466,21.494771910505747,0.0003948616309039065,21.447804139920002,0.04087869100092157,24.66185415399656,0.01226030318866286
2025 KO29,nan,MBO,MBO,21165827729537359,745350154111942850,11.141745,2.5092313,1.5707203,225.25867395278084,-38.39885008972567,2025060400132,36,60831.11899477252,i,225.25866248039344,-38.39885067770862,23.3690242767334,8710.14,370.791,False,8732.29,2.23619,9079.02,371.034,False,390.674,5.2687,21.54993720488623,0.0462198326523133,21.547179619571565,0.00027803846647487694,21.504902624060527,0.04437098542399012,24.92046369586052,0.014642434129049454
2025 KO29,nan,MBO,MBO,21165827729537359,745350154401874151,11.14209,2.5092309,1.5707247,225.25838001436907,-38.3988815151323,2025060400134,77,60831.120074390514,i,225.25838809265,-38.39886406346107,23.482460021972656,8439.58,360.193,False,8264.05,4.63826,8439.09,359.783,False,3.51333,5.50588,21.584197904256385,0.04633815542458886,21.607017685329335,0.0006093775819564541,21.58426097382435,0.04628809798105007,30.03570264504706,1.701500614236417
2025 KO29,nan,MBO,MBO,21165827729537359,745350154511450211,11.14225,2.5092306,1.5707268,225.25824393455136,-38.39889604970448,2025060400135,30,60831.12057471301,i,225.25828699949435,-38.39891102205843,18.83674430847168,7960.0,419.702,False,8117.27,0.959061,7657.54,426.677,False,-51.1848,4.95232,21.647717330655826,0.057246941218990835,21.626475017661402,0.0001282804781185698,21.689776809287984,0.060497061248781785,nan,nan
2025 KO29,nan,MBO,MBO,21165827729537359,745350154647240778,11.1424,2.5092304,1.5707287,225.2581162933745,-38.39890967494727,2025060400136,33,60831.121043322426,i,225.25819955548914,-38.398883205370424,16.68523406982422,8151.38,487.343,False,8949.17,10.3001,8135.52,501.76,False,-4.60995,4.76865,21.62192216687246,0.06491243602844358,21.52054311424309,0.001249634539827842,21.62403670472964,0.06696302232610331,nan,nan
2025 KO29,nan,MBO,MBO,21165827729537359,745350154780409923,11.142555,2.5092304,1.5707306,225.25798429956384,-38.3989237566721,2025060400137,31,60831.1215287136,i,225.25798523447787,-38.39893305562262,18.74142074584961,8449.8,448.665,False,8613.43,12.2948,7995.51,456.269,False,-132.853,4.74214,21.582883950924426,0.05765010471787773,21.56205971783108,0.0015497786320325608,21.642884604859912,0.06195824912343799,nan,nan
2025 KO29,nan,MBO,MBO,21165827729537359,745350154936647755,11.142709,2.5092301,1.5707325,225.2578531239856,-38.39893774290511,2025060400138,73,60831.12201084937,i,225.25787007209144,-38.39893867373162,19.266584396362305,8392.14,437.313,False,8733.61,6.61727,8355.88,443.643,False,-80.1528,4.83722,21.590318244817105,0.05657753136607099,21.547015469879476,0.0008226391284548153,21.595019529258842,0.05764554776689461,nan,nan
2025 KO29,nan,MBO,MBO,21165827729537359,745350155077157213,11.142868,2.50923,1.5707345,225.2577173237569,-38.39895221362208,2025060400139,85,60831.12250966196,i,225.25770755046776,-38.39897716990172,22.350360870361328,8180.72,364.329,False,8332.41,6.27594,8204.25,365.212,False,1.98869,5.32358,21.618021150490545,0.04835334618748414,21.598073400995826,0.0008177724194435269,21.61490278568902,0.04833152291907111,30.653582265013913,2.90643753463825
2025 KO29,nan,MBO,MBO,21165827729537359,745350155184111770,11.143024,2.5092297,1.5707365,225.25758424712137,-38.39896638562852,2025060400140,33,60831.12299886494,i,225.2575883994868,-38.39898150119001,23.008075714111328,8500.19,365.74,False,8263.9,3.7496,8610.52,366.285,False,163.299,5.61528,21.576428361703655,0.04671626503077584,21.607037315622897,0.000492633769631709,21.562426609534263,0.04618639889179639,25.86754121368343,0.037334662861346644
2025 KO29,nan,MBO,MBO,21165827729537359,745350155356078273,11.143198,2.5092294,1.5707387,225.25743674936865,-38.39898208360377,2025060400141,105,60831.1235406249,i,225.25743446992246,-38.398973307300054,25.086965560913086,8501.78,335.946,False,8764.91,0.976712,9037.96,334.628,False,517.454,5.64083,21.576225308662988,0.042902632031380804,21.54313132808828,0.00012098829863353606,21.50982396742088,0.0401990854377904,24.615320671882117,0.011835745094282066
2025 KO29,nan,MBO,MBO,21165827729537359,745350155460935951,11.143363,2.5092292,1.5707407,225.257296057394,-38.39899704764549,2025060400142,49,60831.12405712095,i,225.25730123239316,-38.3990057259764,21.89287567138672,8570.95,389.741,False,8338.32,2.70981,9395.38,391.15,False,951.641,4.97521,21.56742757129888,0.04937094506677555,21.59730356419746,0.0003528455054351878,21.467714138516445,0.04520154747986678,23.95381714831953,0.005676264346804584
2025 KO29,nan,MBO,MBO,21165827729537359,745350155601444886,11.143521,2.509229,1.5707427,225.25716081021693,-38.399011423743296,2025060400143,61,60831.12455407015,i,225.25718429203803,-38.39902020550837,22.905269622802734,8733.14,381.841,False,8710.33,2.6641,9755.81,380.115,False,1116.22,5.10651,21.547073987855015,0.04747188509074582,21.549913467706986,0.0003320780869398884,21.426841713846162,0.04230347096202329,23.78062552906779,0.004967052291440429
2025 KO29,nan,MBO,MBO,21165827729537359,745350155751391253,11.143686,2.5092287,1.5707449,225.25702066723213,-38.3990263111131,2025060400144,91,60831.12506960335,i,225.2570180605435,-38.399041310274924,22.20160484313965,8259.18,369.837,False,8320.5,8.39895,9171.63,370.528,False,1020.34,5.26863,21.60765771308027,0.04861807613454899,21.59962643766371,0.0010959730410129082,21.493883698389766,0.04386305226566108,23.878137690255524,0.005606309877165179
2025 KO29,nan,MBO,MBO,21165827729537359,745350155996233873,11.144011,2.5092282,1.5707489,225.25674419835607,-38.39905565314768,2025060400146,46,60831.12608588372,i,225.25675539710292,-38.39906015137687,25.138307571411133,8953.85,355.34,False,8482.18,1.8663,9412.12,352.911,False,430.077,5.2063,21.51997551096784,0.04308822638909602,21.57873132908268,0.0002388901838093774,21.465781347519567,0.040710090463133106,24.81613446640459,0.013143386464456492
2025 KO29,nan,MBO,MBO,21165827729537359,745350156177637507,11.144703,2.5092273,1.5707576,225.25615510358733,-38.39911805435311,2025060400147,136,60831.12825076384,z,225.25612534793314,-38.399109072418504,12.680869102478027,8190.89,635.491,False,9034.22,15.5607,11777.5,631.309,False,4070.0,11.1619,21.61667224790095,0.08423695168649825,21.51027337728769,0.0018700913111494469,21.22236721772432,0.05819868906693857,22.37601397693695,0.0029776114185224582
2025 KO29,nan,MBO,MBO,21165827729537359,745350156270436483,11.144869,2.509227,1.5707598,225.2560130751072,-38.3991330745989,2025060400148,57,60831.12877286271,z,225.25601242764296,-38.39911824401729,12.896743774414062,8422.51,642.213,False,8310.71,19.4538,13144.6,647.185,False,4825.25,11.2421,21.586396191990705,0.08278695287429579,21.600904685140453,0.0025415031084090075,21.10313159542074,0.053457100551355434,22.191200451495916,0.0025296004826829404
2025 KO29,nan,MBO,MBO,21165827729537359,745350156404654226,11.14504,2.5092268,1.5707619,225.25586778480263,-38.39914842998963,2025060400149,57,60831.12930685378,z,225.2558703691993,-38.39918934400155,11.928827285766602,7897.36,657.695,False,8043.07,6.44615,12807.5,663.233,False,5087.42,10.8551,21.656295179509435,0.09042050678995842,21.636445402612264,0.0008701675355799126,21.131339088629055,0.056224559751068916,22.133756034225904,0.0023166506613753507
2025 KO29,nan,MBO,MBO,21165827729537359,745350156646875240,11.145375,2.5092263,1.5707662,225.25558238303785,-38.39917856457608,2025060400151,7,60831.130355154295,z,225.2556076633489,-38.39912905499989,13.269791603088379,7948.37,604.815,False,7814.09,1.43743,13588.9,607.51,False,5521.61,11.4352,21.64930479523995,0.08261688064972383,21.66780399928034,0.00019972509277853625,21.067039212032828,0.048539292613444994,22.044835705673343,0.00224854900493085
2025 KO29,nan,MBO,MBO,21165827729537359,745350156927893528,11.145695,2.5092258,1.5707703,225.2553100525724,-38.39920728340515,2025060400153,31,60831.131356691156,z,225.25528779577894,-38.39920362615511,13.666646003723145,8179.86,595.281,False,8278.64,13.3172,10820.7,595.863,False,2987.58,12.3107,21.618135341410014,0.07901335119048078,21.605102552275163,0.0017465388616893294,21.31436158903444,0.05978818325259242,22.711701112999286,0.0044739129324306275
2025 KO29,nan,MBO,MBO,21165827729537359,745350157322682404,11.146199,2.5092251,1.5707766,225.254880497061,-38.39925251199578,2025060400156,16,60831.13293591782,z,225.25491381205165,-38.39926113579253,14.65382194519043,8229.83,560.54,False,8176.93,1.73511,10167.1,557.551,False,2251.46,12.558,21.611522829008965,0.07395031763490192,21.61852427686909,0.00023038863657053906,21.382007303852063,0.05954041541094269,23.01883942987889,0.0060559259651307125
2025 KO29,nan,MBO,MBO,21165827729537359,745350157455851783,11.146354,2.5092251,1.5707786,225.25474829062543,-38.39926641487989,2025060400157,14,60831.13342190023,z,225.25475298884504,-38.399268525732495,16.53577423095703,8547.39,509.991,False,9215.1,4.71899,10328.2,503.256,False,1723.16,12.647,21.57041624369725,0.06478184716736639,21.488749914929926,0.000555998127663347,21.364938381424945,0.05290401639370703,23.30918596666193,0.007968677226045794
2025 KO29,nan,MBO,MBO,21165827729537359,745350157650886727,11.146534,2.509225,1.5707809,225.2545954137217,-38.399282481316106,2025060400158,130,60831.13398304685,z,225.25459718077158,-38.39928954439894,13.576594352722168,8213.56,606.514,False,8245.93,10.9235,12366.6,608.335,False,4311.31,11.2614,21.61367147178212,0.08017403148277405,21.609400931798373,0.0014382901562842736,21.169374250097935,0.05340929429601108,22.31347685663579,0.0028360080281792173
2025 KO29,nan,MBO,MBO,21165827729537359,745350157754695720,11.146704,2.5092247,1.570783,225.2544501573832,-38.39929773678932,2025060400159,72,60831.134517216386,z,225.25444084836207,-38.399265135869136,16.64255142211914,9123.12,544.81,False,8787.37,7.78751,13645.3,544.013,False,4678.92,12.5221,21.499641517683138,0.0648374603716068,21.540352702670162,0.0009621970339657133,21.06254229471019,0.04328630509725585,22.22463596886685,0.0029057342386026347
2025 KO29,nan,MBO,MBO,21165827729537359,745350157897826348,11.146869,2.5092244,1.570785,225.25430980087808,-38.39931246833049,2025060400160,89,60831.135033047016,z,225.25430049117014,-38.399321272591784,15.36685562133789,8992.36,576.992,False,8717.72,4.05533,14310.7,575.565,False,5638.47,12.0669,21.515315744773552,0.0696659258009218,21.54899274399782,0.0005050653753298603,21.010847791295692,0.04366744832981877,22.022096773450553,0.002323586005600893
2025 KO29,nan,MBO,MBO,21165827729537359,745350158025752636,11.147034,2.5092242,1.5707872,225.2541694481343,-38.39932719031484,2025060400161,77,60831.13554982965,z,225.25417963303448,-38.39931544118086,12.852238655090332,7427.85,576.569,False,7942.78,1.57635,14479.1,575.657,False,6999.51,11.6832,21.722842173483585,0.08427765729544658,21.65006869541969,0.00021547874725053826,20.998146110339945,0.043166470581676095,21.787330940514188,0.0018122516468453656
2025 KO29,nan,MBO,MBO,21165827729537359,745350158181990471,11.14719,2.509224,1.5707892,225.2540364427092,-38.39934113317281,2025060400162,119,60831.1360389287,z,225.25402903363403,-38.39932818088995,12.958847999572754,8356.77,635.14,False,8176.29,16.798,16156.0,641.312,False,7722.05,11.1131,21.59490393735057,0.08251926853022451,21.61860927781725,0.002230620127816882,20.879165388755123,0.04309827121003445,21.68066850411507,0.0015625248967056776
2025 KO29,nan,MBO,MBO,21165827729537359,745350158435221629,11.14761,2.5092232,1.5707945,225.25367851474303,-38.39937861372866,2025060400164,90,60831.13735423785,z,225.25368622603682,-38.399370717738336,15.319663047790527,9847.49,640.289,False,10877.2,24.8545,14108.8,644.961,False,4871.6,10.7284,21.41668610300666,0.07059513986336374,21.308707195465217,0.002480916947174144,21.026274822164613,0.04963267722701125,22.180820923736274,0.002391044485546571
2025 KO29,nan,MBO,MBO,21165827729537359,745350158540079279,11.147854,2.509223,1.5707976,225.2534712761039,-38.39940028767118,2025060400165,34,60831.138116907576,z,225.25354278967444,-38.399448630624896,11.584026336669922,7232.79,626.46,False,7837.34,49.9505,10082.8,633.175,False,2686.56,11.1907,21.751735354677386,0.09403982737171346,21.66457830222485,0.006919830951207828,21.39104713924788,0.06818155884385523,22.82700861561435,0.004522566934178353
2025 KO29,nan,MBO,MBO,21165827729537359,745350158676918274,11.148008,2.5092227,1.5707996,225.25333910485173,-38.39941410035733,2025060400166,39,60831.13860286224,z,225.25330834888067,-38.39941182735433,14.213568687438965,9371.23,663.446,False,9957.61,5.08234,10791.3,668.26,False,1960.62,10.8806,21.470508453222504,0.07686582109033024,21.404612179956864,0.0005541570810110505,21.317315604232185,0.06723509678411452,23.169016431455233,0.00602537021575054
2025 KO29,nan,MBO,MBO,21165827729537359,745350158865662175,11.148265,2.5092225,1.5708028,225.25312073105133,-38.39943690404853,2025060400167,143,60831.13940591714,z,225.25312603747815,-38.39944100501414,13.215723037719727,8357.31,627.602,False,9498.01,43.3728,8670.99,631.579,False,603.885,10.813,21.5948337761459,0.0815346370399074,21.455918470556597,0.004958030076913658,21.55482825724151,0.07908302808142731,24.447614376868724,0.01944089535920052
2025 KO29,nan,MBO,MBO,21165827729537359,745350159015608527,11.148416,2.5092223,1.5708047,225.2529921045233,-38.39945032558275,2025060400168,173,60831.139878965,z,225.2529794567835,-38.39947809914774,12.766831398010254,8410.68,647.91,False,8746.77,13.2097,8959.99,657.899,False,254.396,10.8687,21.587922265973987,0.08363881890691548,21.54538079138778,0.0016397195663873784,21.519231159203883,0.07972159906155182,25.38622432068872,0.046386504896588784
2025 KO29,nan,MBO,MBO,21165827729537359,745350159248392334,11.14876,2.5092218,1.5708091,225.25269951274063,-38.39948082768714,2025060400170,105,60831.14095498783,z,225.25268323115705,-38.39949764336929,13.014168739318848,8347.66,639.403,False,8630.31,11.9557,7458.85,644.72,False,-291.247,10.6039,21.59608809980396,0.0831637836197335,21.559934064516384,0.0015040869798843425,21.718320302208287,0.09384768495923237,nan,nan
2025 KO29,nan,MBO,MBO,21165827729537359,745350159418261736,11.148921,2.5092216,1.5708112,225.2525621968844,-38.39949512901136,2025060400171,173,60831.1414595869,z,225.2525543539005,-38.399482348394734,14.50134563446045,9738.19,672.583,False,10011.5,2.44292,9117.25,686.088,False,-375.143,10.6402,21.428804342766064,0.07498803063667188,21.398752120757642,0.0002649319938347425,21.500340341110043,0.08170342976597723,nan,nan
2025 KO29,nan,MBO,MBO,21165827729537359,745350159553003649,11.149083,2.5092213,1.5708132,225.25242379760329,-38.39950953440973,2025060400172,174,60831.14196845822,z,225.25246707697968,-38.39949692256608,13.778264999389648,8872.3,633.237,False,9575.57,6.71926,8288.31,638.79,False,-448.209,10.7903,21.529909478316778,0.07749155818641715,21.447088375984336,0.000761870452344482,21.603835090737064,0.08367899394891778,nan,nan
2025 KO29,nan,MBO,MBO,21165827729537359,745350159820390714,11.149415,2.5092208,1.5708175,225.25214103054745,-38.399538939128576,2025060400174,172,60831.14300832761,z,225.2521579028145,-38.399522355499926,14.856407165527344,8030.81,538.595,False,8298.86,5.51667,7323.94,527.409,False,-373.433,12.4844,21.638101614314614,0.07281607398586941,21.602453858520782,0.0007217435095280954,21.738138064265147,0.07818565510988056,nan,nan
2025 KO29,nan,MBO,MBO,21165827729537359,745350159880683682,11.149591,2.5092206,1.5708196,225.25199068214727,-38.39955455882501,2025060400175,31,60831.143561159515,z,225.25200626175712,-38.39950716370259,13.66131591796875,7745.35,562.89,False,8541.05,22.3148,7110.41,560.708,False,-347.617,11.9416,21.677397367278438,0.07890541557128282,21.571221864155053,0.002836652062793573,21.770263366861087,0.08561826547301511,nan,nan
2025 KO29,nan,MBO,MBO,21165827729537359,745350160049504381,11.149753,2.5092204,1.5708218,225.2518533883496,-38.39956881324787,2025060400176,97,60831.14406696765,z,225.25185488207197,-38.399556136146884,14.346803665161133,7805.34,543.583,False,7883.92,13.8068,7128.01,540.463,False,-328.633,12.5657,21.669020457624278,0.07561333185843735,21.65814448890653,0.001901407251654347,21.767579284930008,0.08232315604361427,nan,nan
2025 KO29,nan,MBO,MBO,21165827729537359,745350160208887903,11.149939,2.5092201,1.570824,225.25169543815437,-38.39958520165412,2025060400177,145,60831.144647023204,z,225.25170962062646,-38.399560642232565,13.056929588317871,8328.99,631.168,False,8910.26,5.82449,7235.69,633.826,False,-483.553,11.4231,21.598519117797803,0.08227671805825144,21.52527408639125,0.0007097278766240389,21.751300128722583,0.09510742294050742,nan,nan
2025 KO29,nan,MBO,MBO,21165827729537359,745350160476274858,11.150247,2.5092196,1.570828,225.25143310740364,-38.39961239510491,2025060400179,143,60831.14561285653,z,225.25144191659663,-38.39960694070869,13.560249328613281,8618.13,633.341,False,8723.82,3.19172,7448.84,635.95,False,-529.925,11.1236,21.56146741249436,0.0797900782094411,21.548233220781654,0.0003972303239779147,21.719778408294616,0.09269550254176763,nan,nan
2025 KO29,nan,MBO,MBO,21165827729537359,745350160620978265,11.150397,2.5092194,1.5708299,225.251304530641,-38.39962571204615,2025060400180,163,60831.14608578975,z,225.25133527121363,-38.39959038497526,14.800993919372559,8183.27,550.021,False,7988.27,13.1923,7564.53,546.737,False,-436.339,12.026,21.617682795939235,0.07297543737537836,21.64386815882405,0.0017930487487741256,21.703045156894042,0.0784731069491637,nan,nan
2025 KO29,nan,MBO,MBO,21165827729537359,745350160959668379,11.150889,2.5092187,1.5708362,225.2508851220616,-38.399669098765685,2025060400183,41,60831.14762823339,z,225.25087794873056,-38.399711826658084,11.48428726196289,7925.03,685.328,False,9069.67,2.46902,6826.64,696.921,False,-527.5,10.6578,21.652497742174674,0.09389055247578185,21.50602129550213,0.00029556800939276566,21.814482475460707,0.1108411119772328,nan,nan
2025 KO29,nan,MBO,MBO,21165827729537359,745350161094934673,11.151045,2.5092185,1.5708382,225.25075330162068,-38.39968271876323,2025060400184,43,60831.148113354415,z,225.25075754522555,-38.3996954879725,16.635417938232422,9367.76,559.067,False,9031.06,1.48823,8709.71,554.932,False,-343.681,12.0672,21.470910637975763,0.06479663398690207,21.51065323259266,0.00017891867156622916,21.54999076760761,0.06917678931940116,nan,nan
2025 KO29,nan,MBO,MBO,21165827729537359,745416142429880642,15.792185,2.5035336,1.6551144,222.18300141550856,-38.59330893317289,2025061900263,108,60846.19040916792,g,222.1830105650267,-38.59329190331387,24.162504196166992,3894.76,161.164,False,4009.01,0.657472,3910.45,159.025,False,-28.9167,6.9319,22.423798244622688,0.044927438624030376,22.39240714848535,0.00017805921360635032,22.419433170405306,0.04415328043851105,nan,nan
2025 KO29,nan,MBO,MBO,21165827729537359,745416142584021398,15.792322,2.5035336,1.6551179,222.1829323347976,-38.5933078339198,2025061900264,146,60846.190876307934,g,222.1829482158652,-38.59330044822613,24.72221565246582,3666.42,146.518,False,3470.15,0.766809,3601.92,143.358,False,-31.8736,7.92992,22.48939448993125,0.04338834788978274,22.54912941075007,0.00023991824629607294,22.508664866682935,0.04321277987107447,nan,nan
2025 KO29,nan,MBO,MBO,21165827729537359,745424937319661752,16.314713,2.5029674,1.6683693,221.94115011123571,-38.59407846434393,2025062100254,117,60848.03156985359,r,221.94119857081998,-38.59405287251586,23.286888122558594,4783.59,203.255,False,4895.51,0.19273,5959.58,192.682,False,1077.05,105.796,22.20061516213547,0.04613299317204026,22.175505196898733,4.274405382841375e-05,21.961960850724083,0.03510345159973917,23.819410288122604,0.10664921751697196
2025 KO29,nan,MBO,MBO,21165827729537359,745433744185753610,16.879978,2.50237,1.6838071,221.70626165119128,-38.59168348148547,2025062300334,185,60850.08189362559,r,221.70630041612134,-38.59165625754837,27.795459747314453,5541.52,198.575,False,5525.47,1.61846,5706.33,181.29,False,134.754,89.1812,22.040927733688843,0.03890630418848129,22.044076894549416,0.0003180219264363824,22.00910777633362,0.03449381766849851,26.076145853889006,0.718548296611309
2025 KO29,nan,MBO,MBO,21165827729537359,745433744314728694,16.880098,2.50237,1.6838106,221.7062116084801,-38.59168235186674,2025062300335,175,60850.082329187964,r,221.70625547267682,-38.59167042415581,25.685598373413086,5601.07,217.446,False,5430.01,0.136718,5592.24,196.523,False,146.921,31.8918,22.029322533207683,0.042150696431464914,22.06299847337906,2.733690991634522e-05,22.03103545053147,0.038155036584823374,25.982290272069747,0.23567822556546092
2025 KO29,nan,MBO,MBO,21165827729537359,745464544299581678,18.681734,2.500566,1.7426527,221.1948808726306,-38.57091326137178,2025063000437,116,60857.226298626774,g,221.19501089484893,-38.570902994904294,14.676801681518555,3272.6,223.521,False,3524.1,3.84542,6624.54,205.331,False,3414.73,9.15271,22.612767652474012,0.07415658214897361,22.532379411232853,0.0011847312716903328,21.847110676659693,0.033652946838987015,22.56660908107529,0.002910165264334039
2025 KO29,nan,MBO,MBO,21165827729537359,745477707589484775,19.316446,2.4999716,1.7678251,221.12545430047516,-38.56350750158413,2025070300207,155,60860.05119479695,g,221.1256495619441,-38.56344130248988,7.695544242858887,3297.37,419.516,False,3432.29,18.0978,4004.95,421.063,False,120.981,19.1456,22.60458075556444,0.13813544853776197,22.561040050133705,0.005724876308258973,22.393507267030316,0.1141495740107394,26.193207049902103,0.17182094634878023
2025 KO29,nan,MBO,MBO,21165827729537359,745504082720456978,20.51032,2.4989405,1.8239796,221.2138129160745,-38.55717691936457,2025070900109,165,60866.005458644664,z,221.21393956924953,-38.557192154622115,5.306464672088623,3753.04,676.602,False,3960.89,125.894,3160.85,638.675,False,-665.434,70.9623,22.464042005799726,0.19573766035872794,22.405518075578755,0.0345093336145527,22.65049024988571,0.21938166502563924,nan,nan
2025 KO29,nan,MBO,MBO,21165827729537359,745530477172490690,21.516363,2.4982064,1.8842328,221.61514768238916,-38.57356573353364,2025071500155,163,60872.01016848745,r,221.61528161675162,-38.57354862854361,6.335630416870117,2650.18,410.764,False,2825.73,9.61512,2076.6,409.405,False,-77.3427,61.8962,22.841811597548688,0.16828342457201387,22.772173351437303,0.003694437861254065,23.106617824746664,0.2140546126745014,nan,nan
2025 KO29,nan,MBO,MBO,21165827729537359,745534876004385135,21.662758,2.498115,1.894428,221.71000420011904,-38.57897812402052,2025071600161,125,60872.99589228521,g,221.7101935108635,-38.578944067783844,14.700298309326172,1816.75,122.945,False,1748.03,3.56277,4604.84,116.171,False,2757.99,60.1691,23.251762077836755,0.07347507216878922,23.293627777300507,0.0022129072119934853,22.241963674897562,0.027390976090014327,22.79851828593148,0.023686732863846906
2025 KO29,nan,MBO,MBO,21165827729537359,745534888345600419,21.687864,2.4981005,1.8961638,221.72548501711796,-38.57961486239939,2025071600253,112,60873.16155352765,g,221.72565569992517,-38.579603511510285,11.55127239227295,1947.85,168.868,False,1896.38,0.567151,2000.89,164.649,False,62.7873,12.6224,23.17611123938817,0.09412742234489703,23.205186581145355,0.00032471149430822395,23.14694195774987,0.08934293305559103,26.905320478633705,0.21827020679509548
2025 KO29,nan,MBO,MBO,21165827729537359,745534889978757452,21.68868,2.4981,1.8962218,221.7260181192607,-38.579626921283904,2025071600265,155,60873.16703584885,g,221.72620800233776,-38.579578951731136,10.404694557189941,1921.61,184.894,False,1929.86,15.6421,1787.27,182.672,False,10.753,16.8352,23.190836882976598,0.10446766426304296,23.186185496645066,0.008800221145665673,23.269524574061016,0.11097013805822496,28.821175859299743,1.6998591104132212
2025 KO29,nan,MBO,MBO,21165827729537359,745534890247717140,21.688816,2.4981,1.8962314,221.7261072691891,-38.5796288986965,2025071600267,156,60873.16795061381,g,221.72628438741822,-38.579601482629194,10.85333251953125,2106.6,194.765,False,2091.44,5.63596,2029.01,193.28,False,-5.89432,11.679,23.091044750045732,0.10038137351854541,23.09888650567916,0.0029258147988163417,23.131789526113955,0.1034253608017094,nan,nan
2025 KO29,nan,MBO,MBO,21165827729537359,745565648901374114,22.558805,2.4977057,1.9692093,222.61042738943283,-38.64301184202194,2025072300061,112,60880.02005042425,g,222.61066488975544,-38.64296051183822,17.668394088745117,2337.39,131.405,False,2217.61,1.3404,2371.79,128.43,False,-24.9903,6.31262,22.97817209570762,0.061038667581263084,23.035287019091687,0.0006562563828800173,22.962309398000137,0.05879149947017828,nan,nan
2025 KO29,nan,MBO,MBO,21165827729537359,745565649052368918,22.558857,2.4977057,1.9692142,222.6104938491568,-38.64301696069648,2025072300062,144,60880.02050153287,g,222.61069802489493,-38.64297413806926,15.017757415771484,2299.71,151.205,False,2414.9,1.01125,2375.04,148.712,False,-11.0284,5.22017,22.995817334202997,0.0713867172891534,22.94275216513904,0.0004546568396912978,22.96082266131112,0.0679828575194834,nan,nan
2025 KO29,nan,MBO,MBO,21165827729537359,745565649208082572,22.55891,2.4977057,1.9692193,222.61056252404296,-38.643022244348415,2025072300063,185,60880.02096748054,g,222.61082830294475,-38.642997111366164,13.818399429321289,2229.99,159.166,False,2396.12,3.62642,2263.38,156.68,False,1.85508,5.17747,23.029242715917412,0.0774946479226026,22.951228536528863,0.0016432129100201367,23.013106371229657,0.07515889926438236,30.72909338695027,3.030255744901296
2025 KO29,nan,MBO,MBO,21165827729537359,745565650816073764,22.55956,2.4977055,1.9692805,222.61138716048336,-38.64308524366055,2025072300075,180,60880.02656015947,g,222.61161148837323,-38.64301592751709,16.82962989807129,2524.76,149.537,False,2595.75,0.725554,2454.52,145.191,False,-11.3465,5.50358,22.894449743257304,0.06430620613689436,22.864342843285428,0.00030348078004798927,22.92508355340356,0.06422401032440679,nan,nan
2025 KO29,nan,MBO,MBO,21165827729537359,745565651072450730,22.559673,2.4977055,1.9692911,222.6115309914888,-38.64309614780269,2025072300077,157,60880.02753589643,g,222.61175501346162,-38.64306978177588,13.8731107711792,2295.78,163.209,False,2342.98,2.14599,2272.96,162.318,False,-53.1893,4.83581,22.997674315771302,0.07718593139737016,22.975578555512605,0.0009944510594734077,23.008520536179276,0.07753525134213798,nan,nan
2025 KO29,nan,MBO,MBO,21165827729537359,745565652291420294,22.56017,2.4977055,1.969338,222.6121636868908,-38.64314381905121,2025072300086,178,60880.03182263819,g,222.61237155589131,-38.64310806415782,13.7001314163208,2470.71,178.28,False,2608.07,0.863457,2506.0,178.469,False,-38.4767,4.69116,22.917945584650923,0.07834389803709307,22.859201862590844,0.00035945604517636235,22.90254733335467,0.07732252528541222,nan,nan
2025 KO29,nan,MBO,MBO,21165827729537359,745565652426686478,22.560223,2.4977055,1.9693431,222.6122310132029,-38.643148863652,2025072300087,180,60880.03227897633,g,222.61245213148564,-38.643093499921385,12.465568542480469,2373.34,189.17,False,2386.81,5.57353,2457.4,189.336,False,37.8381,4.49612,22.96160006268301,0.08653994297488067,22.955455351505748,0.0025353435651753534,22.923810408302252,0.0836530302933558,27.45517668596246,0.12901282524807645
2025 KO29,nan,MBO,MBO,21165827729537359,745565652675199133,22.56033,2.4977055,1.9693532,222.6123683402159,-38.64315913648774,2025072300089,142,60880.03320803546,g,222.61261039399247,-38.64312249211694,16.87289810180664,2379.18,139.544,False,2418.42,19.2381,2405.15,136.667,False,-27.0182,5.80609,22.95893178019091,0.06368075732051605,22.94117072072352,0.008636838271201125,22.947144626986372,0.061694415735081054,nan,nan
2025 KO29,nan,MBO,MBO,21165827729537359,745565652821999797,22.560385,2.4977055,1.9693583,222.61243745542248,-38.64316429819982,2025072300090,166,60880.033676378254,g,222.61269065261925,-38.64314899155318,17.317184448242188,2336.41,134.246,False,2475.95,1.84259,2376.62,129.675,False,-20.5604,6.96595,22.978627399886207,0.062384491768406505,22.91564534596902,0.0008079996305204923,22.960100577646262,0.05924078679937671,nan,nan
2025 KO29,nan,MBO,MBO,21165827729537359,745565652927381645,22.561584,2.497705,1.9694718,222.61396913987653,-38.64327724006844,2025072300091,111,60880.04403789708,r,222.61425080253275,-38.643233444629274,7.630159854888916,2577.34,340.46,False,3033.52,6.19014,91282.4,333.269,False,88766.2,12.3162,22.87207067796382,0.14342295792906185,22.695132836526003,0.0022155314018306826,18.99903239347047,0.003963986912438265,19.029380890457162,0.00015064454772879533
2025 KO29,nan,MBO,MBO,21165827729537359,745565653887353169,22.561956,2.497705,1.9695072,222.61444683176472,-38.64331190237773,2025072300098,150,60880.047264100154,r,222.61469752620243,-38.643261431756606,17.342100143432617,3936.78,219.12,False,3654.41,7.89572,25894.9,211.421,False,22011.3,11.9969,22.412147127700234,0.06043175135890081,22.492956849504083,0.002345842223033954,20.36696438808607,0.00886458091680201,20.54338572898392,0.0005917627665545575
2025 KO29,nan,MBO,MBO,21165827729537359,745565654019997862,22.56201,2.497705,1.9695122,222.6145148032957,-38.64331681308451,2025072300099,147,60880.04772350598,r,222.61471899808006,-38.64327155044368,16.516510009765625,4067.77,239.157,False,3867.69,7.89806,29363.9,229.532,False,25346.2,10.0743,22.376609022160793,0.06383384747820012,22.43137087249486,0.0022171398563332664,20.23046564457217,0.008486992419846292,20.390217889848266,0.0004315452565262332
2025 KO29,nan,MBO,MBO,21165827729537359,745565654979444914,22.562391,2.497705,1.9695483,222.6150026444074,-38.64335190206059,2025072300106,185,60880.05101645615,r,222.6151995799484,-38.64330362323784,17.732986450195312,3689.86,207.062,False,3514.91,1.95528,5561.73,201.003,False,1692.25,11.2643,22.482475247018613,0.06092770447689369,22.53521450390425,0.0006039751462338257,22.036975249412762,0.039238913364304816,23.328838693076758,0.007227099250895757
2025 KO29,nan,MBO,MBO,21165827729537359,745565655619076536,22.562664,2.4977047,1.9695743,222.61535381402632,-38.64337699224807,2025072300111,125,60880.05338585338,r,222.61560582776676,-38.64335501217625,18.39990234375,3707.89,200.103,False,3553.56,0.625048,4081.0,195.515,False,94.662,10.9408,22.477182927254486,0.05859372166623694,22.523340850409348,0.00019097390005943377,22.37308351306682,0.05201610228145182,26.459560780806015,0.12548670042757976
2025 KO29,nan,MBO,MBO,21165827729537359,745565656155422898,22.562885,2.4977047,1.9695954,222.6156385607407,-38.64339723392483,2025072300115,124,60880.05530576693,r,222.61582852053425,-38.643359861976705,15.670878410339355,3740.57,236.635,False,4133.89,1.18526,3790.3,231.417,False,-24.4119,8.92631,22.467655514100244,0.06868556828331251,22.359102673680887,0.0003112999411851575,22.453316022314368,0.0662896921469056,nan,nan
2025 KO29,nan,MBO,MBO,21165827729537359,745565656425955627,22.563057,2.4977047,1.9696118,222.61585887871885,-38.64341283279117,2025072300117,128,60880.056790146715,r,222.61610667549633,-38.64335240509002,17.686830520629883,3851.29,217.39,False,3689.41,0.582563,3875.83,210.77,False,-128.993,9.07615,22.435984434018884,0.061285488887028644,22.482607724445057,0.00017143926462551736,22.429088178221335,0.059042997216828985,nan,nan
2025 KO29,nan,MBO,MBO,21165827729537359,745565657242272067,22.563745,2.4977045,1.9696772,222.6167450665886,-38.64347502834823,2025072300123,149,60880.06275861031,r,222.6170023293696,-38.64342891275452,17.92898941040039,3343.74,185.635,False,3179.88,0.468906,3374.56,176.33,False,-89.4272,12.911,22.589418751824113,0.06027700568668344,22.643973212001942,0.00016010296731014528,22.579457095289108,0.05673268919469866,nan,nan
