provid,permid,orbit_class,population,ssObjectId,diaSourceId,phaseAngle,helioRange,topoRange,ephRa,ephDec,visit,detector,midpointMjdTai,band,ra,dec,snr,psfFlux,psfFluxErr,psfFlux_flag,trailFlux,trailFluxErr,scienceFlux,scienceFluxErr,forced_PsfFlux_flag,templateFlux,templateFluxErr,psfMag,psfMagErr,trailMag,trailMagErr,scienceMag,scienceMagErr,templateMag,templateMagErr
1999 RR30,267066,MBO,MBO,20892066631594066,745262192391094374,22.123564,2.6764336,2.4008393,148.52599942782066,3.0937858424166,2025051500126,64,60811.043985125616,i,148.52601012709093,3.0937873875149196,31.86560821533203,12254.7,379.613,False,12205.8,2.06831,12484.6,364.476,False,164.102,33.7599,21.17924327266054,0.03363277587251412,21.18358439367274,0.00018398131297152345,21.15906345311085,0.031697036001232214,25.862215281717702,0.22336317440815803
1999 RR30,267066,MBO,MBO,20892066631594066,745262192659529805,22.123579,2.6764355,2.400854,148.5261350362687,3.09370096306308,2025051500128,64,60811.0449378077,i,148.52615744701131,3.0937062346480912,23.403011322021484,12953.5,545.984,False,12380.3,0.826345,13108.4,534.749,False,225.441,23.73,21.11903217638653,0.04576327676390673,21.168172095489894,7.246938499386292e-05,21.106125754357937,0.04429193173107407,25.517417772152513,0.11428498053853368
1999 RR30,267066,MBO,MBO,20892066631594066,745262192793747817,22.123587,2.6764367,2.4008615,148.52620284794872,3.0936585225222304,2025051500129,64,60811.04541385244,i,148.5262185503354,3.0936759379898193,27.090438842773438,11161.6,405.933,False,11282.0,2.50116,11043.9,376.484,False,201.917,25.7941,21.28068390154666,0.039486828531728975,21.269034761526562,0.00024070199115885276,21.292193797728846,0.0370124959839148,25.637067747353694,0.1386985097719262
1999 RR30,267066,MBO,MBO,20892066631594066,745262193064280081,22.123602,2.6764386,2.4008765,148.5263382014113,3.093573818002802,2025051500131,68,60811.046363020694,i,148.5263651375797,3.093589415655431,23.07913589477539,11852.0,510.724,False,10683.5,2.79159,11940.5,500.811,False,72.6327,30.6323,21.215520892979963,0.04678632605286885,21.328216114131866,0.0002837019988847297,21.207443717628337,0.045538180099451236,26.74716955741946,0.4579011575712824
1999 RR30,267066,MBO,MBO,20892066631594066,745262193198497849,22.12361,2.6764395,2.400884,148.52640617059146,3.0935312865954856,2025051500132,68,60811.04684006958,i,148.52641900652026,3.0935397006199254,22.058048248291016,12163.0,544.398,False,11633.6,12.2756,12105.5,535.195,False,10.1597,30.6689,21.187398233144513,0.04859595737325934,21.235714718206626,0.0011456526159703622,21.19254316988102,0.04800137095185631,28.88279774767244,3.277491785800452
1999 RR30,267066,MBO,MBO,20892066631594066,745262193332715656,22.123617,2.6764405,2.4008913,148.52647428746144,3.093488665383381,2025051500133,68,60811.04731837158,i,148.52648993843627,3.0934881315752314,20.726673126220703,12645.4,596.157,False,12133.4,4.45979,12679.8,587.999,False,-60.7997,28.1522,21.145168537648264,0.0511861387967324,21.190043677154964,0.00039907656240034065,21.142219008171573,0.050348730890254906,nan,nan
1999 RR30,267066,MBO,MBO,20892066631594066,745262194003804208,22.123655,2.6764457,2.4009287,148.52681566157403,3.0932751049983573,2025051500138,68,60811.04971380338,i,148.52684011317154,3.0932853787682175,22.80509376525879,12114.0,526.247,False,11130.8,0.821888,11007.0,507.836,False,-94.4205,23.0803,21.191781076681792,0.04716571162440971,21.283684070681055,8.016976368503903e-05,21.295827583810972,0.0500932070218148,nan,nan
1999 RR30,267066,MBO,MBO,20892066631594066,745262194408030595,22.123676,2.6764486,2.4009511,148.52701855248162,3.093148210309574,2025051500141,71,60811.051136607966,i,148.52703927486067,3.093159732174483,20.80315589904785,11946.6,568.675,False,11391.4,5.55239,11807.9,552.271,False,-84.4217,26.6653,21.206889228637582,0.05168257438733355,21.25855720768278,0.0005292089423808922,21.21956829784399,0.05078130704531472,nan,nan
1999 RR30,267066,MBO,MBO,20892066631594066,745262196151287862,22.12385,2.676472,2.4011247,148.52860069272376,3.092159543805314,2025051500154,68,60811.06222199426,z,148.5286330906697,3.0922032095441434,8.684640884399414,9312.13,1071.61,False,10016.0,100.782,8851.68,985.405,False,-59.3491,51.2918,21.47737743810483,0.12494303377619102,21.398264210334112,0.010924786708241494,21.532435775290597,0.12086857573136311,nan,nan
1999 RR30,267066,MBO,MBO,20892066631594066,745262196284981282,22.123857,2.6764731,2.401132,148.52866869873128,3.0921170827877136,2025051500155,67,60811.062697028916,z,148.5286962664364,3.092128047718725,9.864112854003906,10687.6,1057.97,False,10656.4,12.1255,10501.6,1034.57,False,-149.349,59.3984,21.327799561454675,0.10747748257070548,21.330973675536658,0.001235416610675625,21.346861359798147,0.10696180475571947,nan,nan
1999 RR30,267066,MBO,MBO,20892066631594066,745262196553941075,22.123873,2.676475,2.401147,148.5288047277701,3.0920321591902606,2025051500157,68,60811.06364981271,z,148.52876607785694,3.0920530337644316,7.771610260009766,11938.8,1537.0,False,11842.3,18.7992,9574.78,1538.3,False,-240.477,62.2353,21.207598325479,0.13977758015994518,21.216409870828578,0.0017235648868950681,21.447177959097708,0.1744361759848792,nan,nan
1999 RR30,267066,MBO,MBO,20892066631594066,745262196688158885,22.12388,2.676476,2.4011545,148.5288724650804,3.091989874986888,2025051500158,68,60811.06412385822,z,148.52888679621117,3.0920406200489663,11.874040603637695,11177.6,945.576,False,11360.0,9.207,10680.1,902.894,False,-209.291,52.841,21.279128628049477,0.09184852931178232,21.261554171562498,0.0008799624117065414,21.328561741957753,0.09178797212556172,nan,nan
1999 RR30,267066,MBO,MBO,20892066631594066,745262196823949387,22.123886,2.6764772,2.401162,148.52894077987833,3.091947233361704,2025051500159,71,60811.06460105517,z,148.52909538993882,3.0920154187383284,7.625250339508057,13258.0,1715.86,False,13046.3,19.9287,11628.5,1713.41,False,-336.341,61.6843,21.093804963296222,0.14051676786784922,21.111281613969403,0.0016585017114173668,21.236190756974427,0.15997861355331733,nan,nan
1999 RR30,267066,MBO,MBO,20892066631594066,745262197359247436,22.123917,2.676481,2.401192,148.52921452632071,3.091776393867643,2025051500163,68,60811.06651652131,z,148.52926020420324,3.091807749489746,9.713293075561523,11651.4,1176.43,False,13122.9,15.7942,9515.89,1131.79,False,-476.816,49.6727,21.2340546832965,0.10962568093593765,21.10492541917793,0.001306748827884394,21.453876507316366,0.12913405545813006,nan,nan
1999 RR30,267066,MBO,MBO,20892066631594066,745262197493465206,22.123924,2.6764822,2.4011993,148.52928315643743,3.091733571106143,2025051500164,68,60811.066996062786,z,148.52930823976976,3.091738702848055,11.304585456848145,10149.1,883.515,False,9494.81,18.7893,9106.31,833.241,False,-514.971,45.0365,21.383931212609692,0.09451717647594265,21.456284352828682,0.00214856592102511,21.50164397468268,0.0993464964288565,nan,nan
1999 RR30,267066,MBO,MBO,20892066631594066,745262197763473718,22.123938,2.676484,2.4012144,148.5294191475633,3.0916487268688773,2025051500166,71,60811.06794713614,z,148.52942722320333,3.0916398785509607,9.064231872558594,12205.4,1363.39,False,13564.8,155.92,11925.5,1298.65,False,-516.262,42.329,21.183619923126837,0.12128089638472929,21.06896652841263,0.012479947326561016,21.208808508143367,0.11823331087303479,nan,nan
1999 RR30,267066,MBO,MBO,20892066631594066,745262197918138397,22.123945,2.676485,2.4012218,148.5294869374248,3.0916064377797263,2025051500167,110,60811.068421857584,z,148.5294115139193,3.0916401681453385,10.0548677444458,11311.1,1169.82,False,12333.1,110.679,10080.7,1079.53,False,-602.848,36.0218,21.26623793263103,0.11228933636845818,21.172319402169613,0.009743552078573362,21.39127325296053,0.11627018106105744,nan,nan
1999 RR30,267066,MBO,MBO,20892066631594066,745262198991880297,22.124006,2.6764934,2.4012833,148.5300490780733,3.0912558816817217,2025051500175,110,60811.07235048553,z,148.53007191000077,3.091251448550845,9.550578117370605,10313.5,1087.18,False,11131.5,61.1179,10347.7,1082.24,False,528.143,85.2395,21.366484817698606,0.11445103460559972,21.283615773388497,0.0059612736567320815,21.362890406548864,0.11355442440889733,24.593121168880888,0.1752321102520927
1999 RR30,267066,MBO,MBO,20892066631594066,745262199909384418,22.124058,2.6765008,2.4013379,148.53054847001775,3.0909446423787723,2025051500182,68,60811.075838666715,z,148.53058050867432,3.090951821320955,9.302617073059082,10677.8,1136.75,False,11544.1,58.5259,11249.0,1106.95,False,-115.287,68.2325,21.328795564692314,0.11558660523088204,21.2440998363666,0.005504430197633715,21.272215208055997,0.10684110932905576,nan,nan
1999 RR30,267066,MBO,MBO,20892066631594066,745279801642188807,22.134138,2.6848595,2.463305,149.15127174495083,2.7275338807139797,2025051900253,101,60815.0665048862,y,149.15126798321498,2.7275139618317805,5.700353145599365,8750.4,1604.39,False,nan,nan,15967.8,1601.8,False,7227.05,389.777,21.54493018645544,0.19907024223971712,nan,nan,20.891887302407625,0.10891496180240785,21.752597380907204,0.05855709049561405
1999 RR30,267066,MBO,MBO,20892066631594066,745279801759629327,22.134136,2.6848605,2.4633124,149.15134765252094,2.72748948868454,2025051900254,69,60815.06698084937,y,149.15130997985023,2.7275736553821157,6.218449115753174,9207.99,1617.23,False,9600.98,39.9582,17431.5,1610.39,False,7657.7,413.563,21.489587874933306,0.1906914643176081,21.444211034477973,0.004518711706684098,20.796663099394635,0.10030454881592421,21.68975410152286,0.058636444085363046
1999 RR30,267066,MBO,MBO,20892066631594066,745279801890177056,22.134136,2.6848614,2.46332,149.15142324713904,2.7274452826985827,2025051900255,62,60815.06745496728,y,149.15140660032452,2.727434272943146,6.314116477966309,10557.9,1585.63,False,11767.0,143.331,16350.0,1580.6,False,6533.01,444.209,21.341056099256377,0.16306044193983593,21.22333561636568,0.013225091278346836,20.866205607509237,0.10496113876045675,21.862216731552145,0.07382413730445037
1999 RR30,267066,MBO,MBO,20892066631594066,745279802182729730,22.134134,2.6848636,2.4633353,149.15157844230177,2.727354537651652,2025051900257,108,60815.06842792957,y,149.15163464521615,2.7273428535801654,6.355990409851074,11713.7,1716.23,False,9639.88,48.1405,17499.6,1700.34,False,4940.62,202.688,21.2282647391404,0.15907638017164974,21.43982094391427,0.005422047104286332,20.792429719631162,0.1054950228860835,22.165546344001285,0.04454212193890329
1999 RR30,267066,MBO,MBO,20892066631594066,745279802447495182,22.13413,2.6848655,2.4633503,149.151733184205,2.7272640704219966,2025051900259,101,60815.06939779273,y,149.15172950306743,2.727281140880704,6.1707024574279785,10648.9,1683.83,False,9506.14,165.863,14976.3,1673.19,False,4059.16,146.403,21.33173808829531,0.17167924188250996,21.4549895251504,0.0189439118240126,20.961488686368995,0.12130118390480535,22.37890959788399,0.03915958988914679
1999 RR30,267066,MBO,MBO,20892066631594066,745279802833371178,22.134129,2.6848688,2.4633746,149.151978430374,2.727120717772816,2025051900262,69,60815.07093486421,y,149.15199504476936,2.7270037444303923,5.656276702880859,9274.04,1651.53,False,11017.8,480.329,13000.6,1650.2,False,3244.37,416.446,21.481827583612297,0.19334895455488416,21.294762807740607,0.04733346090944191,21.1150915421103,0.13781532282444753,22.62217401848632,0.13936465287071922
1999 RR30,267066,MBO,MBO,20892066631594066,745279803098136604,22.134125,2.6848707,2.4633904,149.15213914382866,2.7270267943264552,2025051900264,62,60815.07194161648,y,149.15224226295246,2.726983854649638,5.734786510467529,9808.94,1898.39,False,13799.1,1707.76,15307.5,1912.88,False,2839.04,118.573,21.420944757389258,0.21012980804908302,21.05037312592394,0.13436940989837645,20.937739329730572,0.13567748336822974,22.767071206408772,0.045345960294635015
1999 RR30,267066,MBO,MBO,20892066631594066,745279803390689322,22.134123,2.6848729,2.4634056,149.15229429767257,2.726936133380658,2025051900266,108,60815.072913340686,y,149.152330325605,2.7269079264956213,5.1450886726379395,10021.0,1889.0,False,9608.49,164.111,12402.8,1914.68,False,2027.96,147.669,21.39772234467194,0.20466577095979507,21.443362117298555,0.01854414603496859,21.166200665628097,0.16761033698669645,23.132351559386645,0.0790595423975679
1999 RR30,267066,MBO,MBO,20892066631594066,745279803793342468,22.134119,2.684876,2.4634283,149.1525257998343,2.726800884485722,2025051900269,108,60815.07436365423,y,149.15257368202867,2.7268076834525488,5.728361129760742,12666.9,2088.76,False,nan,nan,13451.9,2080.98,False,1092.5,301.328,21.143324111555366,0.1790368831929833,nan,nan,21.078040893083156,0.16796104941026932,23.803946385893852,0.2994624460304122
1999 RR30,267066,MBO,MBO,20892066631594066,745279803929133065,22.134119,2.684877,2.4634364,149.15260755799906,2.72675312656944,2025051900270,111,60815.07487590716,y,149.15258180480146,2.7267414312592115,5.68672513961792,10910.9,1906.28,False,11447.6,35.388,12011.1,1910.8,False,1223.89,232.006,21.305348522579315,0.18969261656841568,21.25321392210741,0.0033563397266846776,21.20104307840713,0.17272563383347464,23.68064402119809,0.20581695032048758
1999 RR30,267066,MBO,MBO,20892066631594066,745279804061777971,22.134117,2.6848779,2.4634438,149.15268373371396,2.7267086329112327,2025051900271,108,60815.07535216378,y,149.15270527748797,2.7267276272209795,6.881926536560059,14388.5,2013.9,False,13032.9,114.885,16194.0,2006.15,False,1833.82,98.0145,21.004961197173436,0.1519660957896673,21.112397310013872,0.009570763411400455,20.8766146626496,0.1345035021417039,23.2416082695001,0.05803072173682839
1999 RR30,267066,MBO,MBO,20892066631594066,745279804331786257,22.134115,2.68488,2.4634597,149.152846806366,2.7266133943062583,2025051900273,111,60815.07637350922,y,149.1528497141738,2.726576237644908,5.861298561096191,11119.3,1876.83,False,11920.2,35.1161,12535.7,1879.06,False,1779.94,128.619,21.28480639981088,0.18326174033046072,21.20929112680208,0.0031985051302130937,21.15462850758159,0.1627482713165914,23.273986628435487,0.07845562945676351
1999 RR30,267066,MBO,MBO,20892066631594066,745279804464431144,22.134113,2.6848812,2.4634678,149.15292843350778,2.726565727566489,2025051900274,108,60815.07688456784,y,149.15296439668506,2.7265585553610814,5.522181510925293,10867.3,1892.02,False,10520.9,66.2551,13698.5,1886.3,False,1839.84,107.423,21.309695878882692,0.18902898348734135,21.344867727939796,0.0068373954964838475,21.05831746484408,0.14950719100994436,23.23804987859545,0.06339303347747963
1999 RR30,267066,MBO,MBO,20892066631594066,745279805111402499,22.134106,2.6848865,2.463509,149.15334738785322,2.726321135560423,2025051900279,62,60815.079506076014,y,149.15340002953388,2.726343330565561,5.37896728515625,10093.7,1826.19,False,9426.25,177.612,11690.1,1820.26,False,1175.48,101.787,21.389873997236236,0.1964354496154625,21.464152615509306,0.02045774069957366,21.230454470680172,0.16905948287138567,23.724461907300366,0.09401592174534956
1999 RR30,267066,MBO,MBO,20892066631594066,745279805517725736,22.134102,2.6848898,2.463533,149.15359034957086,2.726179336667973,2025051900282,69,60815.0810264781,y,149.15365127169665,2.7261138485345136,5.007147312164307,8841.52,1726.85,False,nan,nan,9655.91,1714.98,False,606.655,120.909,21.533682723404702,0.21205670948897098,nan,nan,21.438016959499834,0.19283690766582792,24.44264549414674,0.2163919669836725
1999 RR30,267066,MBO,MBO,20892066631594066,745279805668720651,22.134102,2.6848907,2.4635403,149.1536666084903,2.726134836954534,2025051900283,101,60815.08150358246,y,149.1536256680281,2.726183449660141,5.761173248291016,10241.5,1756.5,False,11561.2,57.8041,10383.8,1745.21,False,743.729,156.11,21.374091076658647,0.18621253172461594,21.242492696115495,0.005428502502591932,21.359109233696906,0.18248017827144442,24.221463203969805,0.22789790192025078
1999 RR30,267066,MBO,MBO,20892066631594066,745279805786161182,22.1341,2.6848917,2.4635482,149.15374655149503,2.726088191063772,2025051900284,69,60815.08200349407,y,149.1537598595261,2.726085640149295,5.713054180145264,10178.7,1751.72,False,12154.7,38.5159,9855.5,1749.66,False,692.953,116.433,21.38076919302481,0.18685153863418622,21.188139372209406,0.0034404885390648867,21.415803344307974,0.19275219371185967,24.298240547166095,0.18243015260232973
1999 RR30,267066,MBO,MBO,20892066631594066,745284180472496137,22.126444,2.6867893,2.4777474,149.30543624074778,2.640463382187188,2025052000110,57,60815.997173178526,g,149.30546087145308,2.640473797523956,19.293701171875,4110.82,207.721,False,4628.74,4.07363,4088.98,212.509,False,-34.256,16.4665,22.365178894440735,0.05486258514793063,22.236342978018698,0.0009555272483678418,22.37096253933514,0.05642696201860364,nan,nan
1999 RR30,267066,MBO,MBO,20892066631594066,745284180875673639,22.126434,2.686793,2.477776,149.30573283567483,2.6402910504957777,2025052000113,58,60815.999004494544,g,149.3057497368921,2.640298254375449,27.614824295043945,4270.94,152.237,False,4313.68,1.17139,4340.61,151.92,False,-1.11769,8.83675,22.323691339109857,0.03870090058423897,22.312880143588046,0.00029483423492909484,22.306123117664445,0.038000430223904924,nan,nan
1999 RR30,267066,MBO,MBO,20892066631594066,745284181011464206,22.126432,2.6867943,2.4777842,149.3058191827121,2.6402408836459634,2025052000114,61,60815.99953748862,g,149.30582615418348,2.6402539045516047,29.600841522216797,4328.81,145.375,False,4555.81,1.00459,4322.46,144.096,False,-13.7187,11.2317,22.309078674826296,0.03646242238172685,22.25358597718921,0.00023941291611180742,22.31067255229209,0.03619472199167205,nan,nan
1999 RR30,267066,MBO,MBO,20892066631594066,745284181144109073,22.126429,2.6867957,2.4777963,149.3059431214736,2.6401688793228444,2025052000115,58,60816.000302056374,g,149.30595571570458,2.6401839027478164,29.732128143310547,4354.3,142.604,False,4635.41,1.58703,4339.66,141.71,False,-42.2027,11.9802,22.302704179946712,0.0355580315847354,22.23477958005806,0.00037172460012166594,22.30636069813361,0.03545431654231581,nan,nan
1999 RR30,267066,MBO,MBO,20892066631594066,745284181413593102,22.126423,2.6867983,2.4778154,149.30614338575654,2.6400525399414487,2025052000117,60,60816.00153897185,g,149.3061583394102,2.6400631401322014,29.813796997070312,4426.41,147.93,False,4351.9,0.711517,4404.09,147.777,False,-32.1886,10.8905,22.284870865796506,0.03628514826872029,22.303302755907794,0.00017751321465694702,22.290359574928015,0.03643132565485797,nan,nan
1999 RR30,267066,MBO,MBO,20892066631594066,745284181547286578,22.12642,2.6867995,2.4778237,149.30622975267272,2.640002369797521,2025052000118,59,60816.002071902825,g,149.30623994908177,2.6399935318422965,30.2841739654541,4455.15,145.665,False,4759.64,0.322325,4450.39,145.034,False,-31.6277,7.49302,22.277844196707797,0.035499087672314515,22.206064704619635,7.352654877683394e-05,22.279004788953667,0.03538311387818663,nan,nan
1999 RR30,267066,MBO,MBO,20892066631594066,745284181682552841,22.126417,2.6868005,2.477832,149.3063162858568,2.639952104862999,2025052000119,61,60816.00260581951,g,149.30632891402152,2.6399516661595515,31.200088500976562,4428.29,140.696,False,4098.17,1.16589,4437.77,139.271,False,-30.467,7.08631,22.284409854849578,0.03449610093047039,22.36852509616774,0.00030888152137527027,22.282088020377486,0.034073771751625036,nan,nan
1999 RR30,267066,MBO,MBO,20892066631594066,745284181816770585,22.126413,2.686802,2.4778423,149.3064217844137,2.6398908258787155,2025052000120,61,60816.003256159864,g,149.30643855523002,2.639897244371662,33.70631408691406,4445.71,128.988,False,3834.3,0.31778,4403.83,127.399,False,-22.0012,15.9662,22.28014718544277,0.031501593663739905,22.440784762257557,8.998389113534318e-05,22.290423616596513,0.03140941102386681,nan,nan
1999 RR30,267066,MBO,MBO,20892066631594066,745284181950988356,22.12641,2.686803,2.4778507,149.30650848928897,2.6398404652716296,2025052000121,61,60816.003791225885,g,149.30652379778462,2.639840712357068,36.239418029785156,4467.41,122.277,False,3914.22,0.886459,4459.37,121.21,False,-33.333,23.4433,22.27486043199547,0.029717568284468247,22.41838692895223,0.0002458882305776793,22.276816201845484,0.029511361678073132,nan,nan
1999 RR30,267066,MBO,MBO,20892066631594066,745284182085730373,22.126408,2.686804,2.477858,149.30658628428148,2.639795281355758,2025052000122,62,60816.00427132496,g,149.30660337664952,2.639808637226079,34.07352066040039,4622.81,133.946,False,4475.14,0.530709,4614.97,132.199,False,-34.2761,7.45222,22.23773487607345,0.03145922478134843,22.272983401065286,0.00012875798043254636,22.239577743946604,0.031101662506438997,nan,nan
1999 RR30,267066,MBO,MBO,20892066631594066,745284182217850920,22.126406,2.686805,2.4778655,149.30666343448388,2.6397504734313046,2025052000123,58,60816.00474765939,g,149.30668021584725,2.639757872320625,34.308189392089844,4852.8,140.334,False,4873.33,0.558558,4805.29,139.169,False,-26.8345,9.02643,22.18501906128157,0.0313974839872321,22.180435430476848,0.00012444193589436842,22.19570098483621,0.03144468440896519,nan,nan
1999 RR30,267066,MBO,MBO,20892066631594066,745284182352068663,22.126404,2.686806,2.477873,149.30674091238566,2.6397054766910504,2025052000124,58,60816.00522575411,g,149.3067641030631,2.6397151110422987,29.02134132385254,4304.0,147.577,False,4153.63,1.68289,4298.96,146.873,False,-19.9359,6.85639,22.31531934335417,0.03722808721732367,22.353930511807,0.0004398982855177449,22.316591499341047,0.03709393347303719,nan,nan
1999 RR30,267066,MBO,MBO,20892066631594066,745284182486286406,22.126398,2.6868079,2.4778867,149.30688372106545,2.6396225418839947,2025052000125,58,60816.00610655401,g,149.30690050557115,2.639624557443399,33.439090728759766,4864.29,144.155,False,4591.19,0.511998,4901.61,143.521,False,-6.4453,10.0973,22.182451344099313,0.03217618604455415,22.245186849331816,0.00012107858094023351,22.174153146911657,0.031790767920811425,nan,nan
1999 RR30,267066,MBO,MBO,20892066631594066,745284182756818967,22.126392,2.6868103,2.4779062,149.30708506794994,2.6395056205153637,2025052000127,62,60816.0073481772,g,149.3070970983372,2.6395163271003708,35.635711669921875,4986.45,137.987,False,4739.1,0.637037,4935.79,135.748,False,-43.8247,10.2396,22.155521285843292,0.030044916782012765,22.210760295459423,0.00014594629736299018,22.166608307007525,0.02986077575218869,nan,nan
1999 RR30,267066,MBO,MBO,20892066631594066,745284182890512455,22.126389,2.6868117,2.4779162,149.30719029045977,2.6394445224395,2025052000128,61,60816.00799732409,g,149.30720593002687,2.6394461248179644,30.45521354675293,4650.64,152.47,False,4367.97,0.353259,4565.42,150.115,False,-67.9445,6.79626,22.231218161479113,0.035595572996028786,22.29930082936012,8.780876792961256e-05,22.251298176011055,0.03569995731618403,nan,nan
1999 RR30,267066,MBO,MBO,20892066631594066,745284183045177359,22.126387,2.6868126,2.4779236,149.30726763092443,2.639399616117535,2025052000129,100,60816.0084747443,g,149.30727841365888,2.639399041892281,30.175647735595703,5045.16,166.239,False,4932.81,0.583545,5018.21,165.716,False,-94.4647,9.32196,22.142812606832486,0.035775216966347737,22.167264017594785,0.0001284411841817237,22.148627929609635,0.03585419223573046,nan,nan
1999 RR30,267066,MBO,MBO,20892066631594066,745284183157375020,22.126383,2.6868138,2.477933,149.30736346038896,2.639343976725624,2025052000130,58,60816.00906569423,g,149.30738828142742,2.639364549002631,24.132747650146484,4969.6,203.67,False,5196.45,2.07959,4912.15,205.714,False,-98.8748,5.67305,22.159196393543333,0.0444969185627905,22.11073307698905,0.000434505510185223,22.171820971133343,0.04546912186512944,nan,nan
1999 RR30,267066,MBO,MBO,20892066631594066,745284183293689893,22.12638,2.686815,2.4779403,149.30744048476274,2.639299257530769,2025052000131,62,60816.00954093928,g,149.30744540653646,2.639309643792773,27.84231185913086,4975.06,176.1,False,5107.32,0.445537,4909.14,176.551,False,-84.2493,12.4635,22.15800418028136,0.0384313254579601,22.1295173636124,9.471418847449204e-05,22.172486425792805,0.03904712470641696,nan,nan
1999 RR30,267066,MBO,MBO,20892066631594066,745284183427907636,22.126377,2.6868162,2.4779496,149.30753632456864,2.6392436166428284,2025052000132,62,60816.01013182878,g,149.30754916877444,2.6392622766540192,28.12410545349121,4861.6,171.455,False,4804.75,1.42268,4858.86,171.365,False,-58.2855,11.471,22.183051919842377,0.03829087116083276,22.1958230113752,0.0003214850316584316,22.183664066132003,0.03829235580522735,nan,nan
1999 RR30,267066,MBO,MBO,20892066631594066,745284183696343102,22.126371,2.6868184,2.4779673,149.3077187767515,2.639137698977312,2025052000134,62,60816.01125654897,g,149.3077387383229,2.6391470720725603,32.18143844604492,4986.3,154.073,False,4984.08,0.602269,5014.17,154.856,False,-36.544,8.46547,22.155554031985815,0.03354845049586918,22.15603747144584,0.00013119878520834367,22.149502381527753,0.03353152593390471,nan,nan
1999 RR30,267066,MBO,MBO,20892066631594066,745284183830036511,22.12637,2.6868196,2.4779744,149.3077954941121,2.639093165576277,2025052000135,61,60816.011729216334,g,149.3078034059021,2.6390996743308928,32.65974807739258,4754.24,143.939,False,4578.06,0.725944,4747.69,143.729,False,-32.5896,9.26208,22.207297192285587,0.032871662102883024,22.248296285518492,0.0001721654269381732,22.208794128428654,0.032868992107899994,nan,nan
1999 RR30,267066,MBO,MBO,20892066631594066,745284183985225740,22.126366,2.6868205,2.4779818,149.30787205300783,2.6390487258215862,2025052000136,101,60816.01220191838,g,149.30788531627533,2.639060966081763,33.7011833190918,5385.47,158.488,False,5153.82,1.51309,5362.17,158.539,False,-28.5701,8.91742,22.071940929245244,0.0319519298987807,22.119676920766302,0.00031875709003928134,22.07664856942845,0.03210109643380966,nan,nan
1999 RR30,267066,MBO,MBO,20892066631594066,745284184118919172,22.126364,2.6868217,2.477991,149.3079671081617,2.638993551962697,2025052000137,100,60816.01278751195,g,149.30798003562055,2.6390080213874167,26.250062942504883,4636.79,171.959,False,4465.69,3.57017,4688.21,174.546,False,-19.649,8.72845,22.23445642294166,0.040265379726821426,22.27527858460509,0.00086800982520504,22.222482366816482,0.04042287330853049,nan,nan
1999 RR30,267066,MBO,MBO,20892066631594066,745284184253661212,22.12636,2.686823,2.4780002,149.30806298028193,2.638937906534865,2025052000138,101,60816.013378554475,g,149.30808342347845,2.638949510172909,30.926977157592773,5019.0,160.486,False,4924.5,1.96216,5037.05,159.826,False,-6.64756,11.6788,22.148457010794857,0.03471716524000226,22.169094645537445,0.0004326100400129135,22.144559387401074,0.0344504989555353,nan,nan
1999 RR30,267066,MBO,MBO,20892066631594066,745284184367431722,22.126358,2.6868238,2.4780076,149.30813971468456,2.638893370807593,2025052000139,62,60816.013851595686,g,149.3081549665917,2.6389059820062535,29.739458084106445,5029.82,166.676,False,4912.47,5.12222,5131.08,167.478,False,-17.3081,7.87434,22.146118929382574,0.03597865697422982,22.17175017452766,0.0011320943440378674,22.124478018703364,0.03543833303825357,nan,nan
1999 RR30,267066,MBO,MBO,20892066631594066,745284184499552284,22.126354,2.686825,2.4780176,149.30824176297835,2.638834145868368,2025052000140,58,60816.014480708174,g,149.30825276476477,2.6388485726657973,31.183767318725586,5226.21,166.902,False,5053.32,0.625846,5210.64,167.172,False,-28.2017,8.71556,22.104532866618896,0.03467360431007282,22.141058036069833,0.0001344667891992727,22.107772298868735,0.03483347244840738,nan,nan
1999 RR30,267066,MBO,MBO,20892066631594066,745284184633770012,22.126352,2.6868262,2.478025,149.3083191554506,2.638789232274284,2025052000141,58,60816.01495770269,g,149.3083224237077,2.638790102310715,35.55453872680664,5204.58,145.12,False,5056.38,1.0115,5207.89,144.61,False,-37.8425,7.46668,22.109035762458554,0.03027372628875309,22.140400763034698,0.00021719534481207228,22.108345465055148,0.030148161560811564,nan,nan
1999 RR30,267066,MBO,MBO,20892066631594066,745284184767987728,22.126333,2.6868331,2.4780777,149.30886734608623,2.6384711494659294,2025052000142,58,60816.018335805216,u,149.30882288998285,2.6384383451790536,5.133653163909912,1674.55,315.059,False,1544.62,26.1149,1691.46,306.194,False,-46.6112,19.1117,23.340254669421874,0.20427633849251478,23.427945868789998,0.018356549276039816,23.329345695177302,0.196543766581695,nan,nan
1999 RR30,267066,MBO,MBO,20892066631594066,745284185439600664,22.126295,2.6868472,2.4781835,149.3099656566696,2.637834150505435,2025052000147,59,60816.02509965065,u,149.31005002176605,2.6378359384529597,5.9309258460998535,1999.17,326.933,False,2415.7,33.5221,2127.05,317.497,False,82.4007,21.276,23.147875661019942,0.17755518637064047,22.942392523681438,0.015066505270267254,23.080555727906365,0.16206388658544185,26.61017270211219,0.2803388990655912
1999 RR30,267066,MBO,MBO,20892066631594066,745284185709608973,22.12629,2.6868496,2.478202,149.31016124901691,2.6377207527996616,2025052000149,62,60816.02630374748,u,149.31020618718722,2.6377553221539323,5.845801830291748,2389.73,405.041,False,2721.32,4.93417,2331.56,399.892,False,74.7604,23.2587,22.954127919823513,0.18402399665913927,22.81305093905712,0.0019686059060916804,22.980883482713388,0.1862174722616839,26.715820975553232,0.33778327050440515
1999 RR30,267066,MBO,MBO,20892066631594066,745284187743322196,22.126135,2.686904,2.4786127,149.31443065761272,2.6352491139962284,2025052000164,101,60816.0525374446,u,149.31438489859895,2.6351202743204474,5.49982213973999,2061.08,363.959,False,2483.66,32.3765,1744.12,358.584,False,-55.7615,26.0668,23.114762836160647,0.1917264077757048,22.91226968106752,0.014153442332157944,23.29605909749871,0.22322297118681986,nan,nan
1999 RR30,267066,MBO,MBO,20892066631594066,745284187877015572,22.126133,2.6869051,2.4786217,149.31452294406458,2.635195771497858,2025052000165,100,60816.05310390027,u,149.31457515339133,2.6351968212833974,6.017302513122559,1785.52,294.59,False,nan,nan,1706.52,283.731,False,-51.6611,30.342,23.27058819016468,0.1791338215673334,nan,nan,23.31972153139779,0.18051766288575882,nan,nan
1999 RR30,267066,MBO,MBO,20892066631594066,745284188528181255,22.126114,2.686911,2.4786682,149.3150081481463,2.6349153822947,2025052000170,62,60816.05607819252,u,149.3149949598194,2.6349838776308916,5.101216793060303,1912.49,381.242,False,2527.74,54.2559,1915.94,375.917,False,32.7559,37.9965,23.196002073046778,0.2164342030856714,22.893169001818585,0.02330445244787441,23.19404527197023,0.2130268697786939,27.611776114213413,1.2594424810896032
1999 RR30,267066,MBO,MBO,20892066631594066,745284189467181075,22.126066,2.6869264,2.4787836,149.31620866164982,2.634222103827258,2025052000177,61,60816.06343342403,r,149.3162224460257,2.6342427432859514,38.852909088134766,9287.84,235.492,False,9111.93,3.4906,9311.82,233.871,False,-2.31098,10.8451,21.480213205066285,0.027528704133960438,21.500974100408587,0.0004159240736879224,21.477413532670454,0.027268805218221323,nan,nan
1999 RR30,267066,MBO,MBO,20892066631594066,745284189601923098,22.126064,2.6869273,2.478791,149.3162865677264,2.6341771381564247,2025052000178,62,60816.0639107544,r,149.31630546810143,2.634183401024619,33.41533660888672,8824.69,260.964,False,8841.38,1.84777,8969.12,262.632,False,-11.0137,6.27669,21.535751301829556,0.03210742105152262,21.533699872330452,0.00022690923670653883,21.51812539935555,0.03179231125728909,nan,nan
1999 RR30,267066,MBO,MBO,20892066631594066,745284189736140814,22.12606,2.6869285,2.4787984,149.3163641531636,2.6341323605069413,2025052000179,62,60816.06438575081,r,149.31637534830313,2.6341441170353996,27.646268844604492,9559.36,338.206,False,10030.5,6.17533,9689.01,342.453,False,-15.5316,5.53477,21.44892791708189,0.03841287266825626,21.396693544361042,0.0006684392137252149,21.43430151591287,0.03837478057128568,nan,nan
1999 RR30,267066,MBO,MBO,20892066631594066,745284189890281477,22.126032,2.6869378,2.4788702,149.317110912618,2.6337015285864904,2025052000180,100,60816.06895572477,r,149.31713190421348,2.6337062255838557,25.728639602661133,10241.0,391.749,False,9392.12,2.7587,10223.8,396.745,False,-84.4684,6.12241,21.37414408465108,0.041532669152494414,21.468090904514433,0.0003189077988306641,21.375969157884654,0.04213310251417666,nan,nan
1999 RR30,267066,MBO,MBO,20892066631594066,745284190025023504,22.126028,2.686939,2.478878,149.31719379340788,2.633653729006532,2025052000181,101,60816.069462385756,r,149.31719875623338,2.633662214601387,22.600421905517578,9322.11,411.195,False,8806.38,0.345765,9267.11,410.96,False,-61.8093,7.71099,21.476214400904258,0.04789144194081098,21.538006460531346,4.2629273094499456e-05,21.482639163562645,0.04814814160000137,nan,nan
1999 RR30,267066,MBO,MBO,20892066631594066,745284190159241244,22.126024,2.68694,2.4788861,149.31727815251188,2.633605080431784,2025052000182,101,60816.06997807289,r,149.3172958187305,2.633608598710602,31.931732177734375,9612.87,295.262,False,8941.33,1.07286,9719.98,298.598,False,-55.8644,7.93313,21.44286731387804,0.03334869110102316,21.52149468102366,0.00013027624941619792,21.43083651935165,0.033353837650527074,nan,nan
1999 RR30,267066,MBO,MBO,20892066631594066,745284190293458974,22.12602,2.686941,2.4788942,149.31736170135406,2.6335569027030834,2025052000183,101,60816.07048924177,r,149.31736818200622,2.6335603998280592,28.63993263244629,9673.19,331.729,False,9088.68,1.63121,9766.08,335.624,False,-54.1227,7.03988,21.436075656187327,0.037233857053406746,21.503748005388523,0.00019486479690847687,21.42569929747122,0.037312731145309905,nan,nan
1999 RR30,267066,MBO,MBO,20892066631594066,745284190429249548,22.126019,2.686942,2.4789016,149.31743937059323,2.633512118603693,2025052000184,104,60816.070964540704,r,149.3174565145816,2.6335024628920083,31.560956954956055,9484.83,293.805,False,8977.76,0.089808,9485.41,294.371,False,-46.9037,9.05766,21.457426112859142,0.033632096206182426,21.51708004998108,1.0861039047383956e-05,21.457359712875345,0.03369482705035306,nan,nan
1999 RR30,267066,MBO,MBO,20892066631594066,745284190563467277,22.126015,2.686943,2.4789095,149.3175227697063,2.633464034108513,2025052000185,104,60816.071474644064,r,149.3175467193979,2.633488297847121,28.96610450744629,9352.97,316.862,False,8935.16,0.353065,9392.53,319.677,False,-60.4026,6.22749,21.472626178412106,0.03678281389117322,21.52224414668928,4.290191350859894e-05,21.468043491176303,0.03695328998093462,nan,nan
1999 RR30,267066,MBO,MBO,20892066631594066,745284190675664946,22.12601,2.686944,2.4789176,149.31760584878063,2.633416137698841,2025052000186,62,60816.07198260975,r,149.31762259359158,2.6334013966559295,20.873699188232422,9323.21,439.237,False,9232.35,6.49023,9303.02,441.962,False,-62.8794,11.6685,21.476086338131303,0.051151429050434835,21.486719395179605,0.0007632594168307269,21.478440168153263,0.05158047330891716,nan,nan
1999 RR30,267066,MBO,MBO,20892066631594066,745284190830329859,22.126007,2.6869452,2.4789255,149.3176892621604,2.633368052147301,2025052000187,101,60816.072492731924,r,149.31769029593048,2.6333868686375603,17.190229415893555,10057.1,578.415,False,10295.5,10.058,10351.8,581.918,False,-71.835,6.67581,21.39381812107778,0.06244405518597548,21.36838139265664,0.0010606900417656513,21.36246033873254,0.061033780121324196,nan,nan
1999 RR30,267066,MBO,MBO,20892066631594066,745284191098765326,22.126001,2.6869473,2.4789414,149.31785463810698,2.6332727280810406,2025052000189,101,60816.073503021646,r,149.31785826339865,2.6332801283512266,17.632488250732422,9091.51,506.962,False,8738.72,9.75343,9220.53,514.461,False,-56.2705,12.3988,21.503409976094012,0.06054297010320757,21.546380473453183,0.0012118082283066292,21.488110254793924,0.06057882957716253,nan,nan
1999 RR30,267066,MBO,MBO,20892066631594066,745284191366676519,22.125994,2.6869495,2.4789584,149.31803051407488,2.6331713673828645,2025052000191,100,60816.07457877447,r,149.31802832195683,2.633178775806163,6.477658748626709,8636.75,1308.07,False,9227.49,73.9881,8539.12,1326.86,False,-68.1774,6.43531,21.55912412835074,0.164439042352975,21.48729101438503,0.008705677799306434,21.571467193282473,0.16870823983859412,nan,nan
1999 RR30,267066,MBO,MBO,20892066631594066,745284191502467089,22.12599,2.6869504,2.4789658,149.31810889153311,2.633126202177881,2025052000192,103,60816.07505704211,r,149.31819205301576,2.63313767590009,5.204352378845215,7615.81,1535.12,False,9146.54,189.924,7337.28,1568.24,False,-87.1916,8.6014,21.69570973992466,0.2188520123957259,21.49685790038504,0.02254484840148642,21.736162300230212,0.23206078887596035,nan,nan
1999 RR30,267066,MBO,MBO,20892066631594066,745284191635636239,22.125986,2.6869519,2.4789755,149.31821067717715,2.6330675527811787,2025052000193,101,60816.075679726535,r,149.3182162731975,2.6330834700667327,8.638208389282227,10109.5,1129.11,False,10925.5,12.648,9962.42,1135.56,False,-55.3648,6.91147,21.388175808502897,0.1212637212770278,21.303896696586744,0.0012569119272337207,21.404087891123226,0.1237569464006746,nan,nan
1999 RR30,267066,MBO,MBO,20892066631594066,745284191775096848,22.125982,2.6869528,2.4789836,149.3182939794102,2.633019557695613,2025052000194,111,60816.07618805147,r,149.31830842652911,2.6330226373610035,26.402198791503906,9146.49,344.023,False,9324.52,1.45746,9114.39,344.45,False,-61.5284,12.0561,21.49686381244571,0.04083732972225346,21.47593384257908,0.00016970495192014776,21.50068102218263,0.04103202336172516,nan,nan
1999 RR30,267066,MBO,MBO,20892066631594066,745284192038289432,22.125977,2.6869547,2.478999,149.3184553673768,2.632926583528906,2025052000196,101,60816.07717479927,r,149.3184627675562,2.6329377382375005,20.175785064697266,9308.99,458.438,False,8763.92,5.45542,9201.84,460.364,False,-47.8755,7.77168,21.477743563234753,0.05346903466236736,21.543253998375857,0.000675855904399352,21.490313324543116,0.054318906381620444,nan,nan
1999 RR30,267066,MBO,MBO,20892066631594066,745284192174080029,22.125973,2.686956,2.4790065,149.3185327975747,2.6328819816130493,2025052000197,104,60816.07764777465,r,149.318535785963,2.6329026753789297,16.617631912231445,9834.28,591.093,False,9884.1,3.33758,9768.6,597.107,False,-43.0768,10.0316,21.418143546583828,0.06525857223102889,21.412657216353786,0.0003666223073552318,21.425419226709266,0.06636577484051473,nan,nan
1999 RR30,267066,MBO,MBO,20892066631594066,745284192306724914,22.125969,2.686957,2.4790144,149.31861612803615,2.632833984568909,2025052000198,101,60816.07815667415,r,149.31862052274585,2.6328436062204044,28.016151428222656,9382.71,331.073,False,9056.33,1.92817,9415.88,332.408,False,-60.1561,9.64292,21.469179271029184,0.038310673770565254,21.507619392593604,0.00023116250431200636,21.465347725922506,0.03832965091365721,nan,nan
1999 RR30,267066,MBO,MBO,20892066631594066,745284192442515505,22.125967,2.6869578,2.4790218,149.31869373520004,2.632789287406811,2025052000199,104,60816.07863047651,r,149.31871251210805,2.6328102966992133,22.405000686645508,9195.5,404.473,False,8800.65,4.31409,9246.98,405.807,False,-69.3035,6.84696,21.491061628180795,0.047757160698140226,21.53871307797061,0.0005322292389181573,21.485000149191546,0.0476479171720222,nan,nan
1999 RR30,267066,MBO,MBO,20892066631594066,745284192576208918,22.125963,2.686959,2.47903,149.31877691611888,2.632741383689763,2025052000200,103,60816.07913864023,r,149.31880153771692,2.6327465140786392,22.72362518310547,8923.94,394.704,False,7987.53,0.746393,8911.13,395.902,False,-64.9196,7.74723,21.523608343601705,0.048021884189765315,21.64396877341253,0.00010145638913824306,21.525168065732675,0.0482368845854902,nan,nan
1999 RR30,267066,MBO,MBO,20892066631594066,745284193091584020,22.125948,2.6869633,2.4790623,149.319116102503,2.6325460857461627,2025052000204,62,60816.08120964865,r,149.31910104315105,2.6325306331623612,9.166634559631348,9828.4,1058.91,False,9470.35,12.8321,9902.98,1065.78,False,-13.2867,7.92649,21.418792898719342,0.11697701721505102,21.459084970490814,0.0014711468990024907,21.410585193726792,0.11684926247884021,nan,nan
1999 RR30,267066,MBO,MBO,20892066631594066,745284193380466722,22.125942,2.6869652,2.479078,149.3192792704618,2.632452158659765,2025052000206,101,60816.082205689534,r,149.31930855640377,2.6325074653453986,8.091246604919434,10392.2,1301.15,False,11794.7,39.9352,10406.9,1306.31,False,-21.5089,6.97321,21.358231239017208,0.13593903723732015,21.220782734482253,0.003676150430388732,21.356696505641658,0.13628535606361938,nan,nan
1999 RR30,267066,MBO,MBO,20892066631594066,745284193514160169,22.125938,2.6869662,2.4790857,149.31936086522828,2.6324051943865503,2025052000207,100,60816.08270365432,r,149.31938462029115,2.632407396544503,19.87441635131836,9147.38,449.217,False,8696.08,3.10851,9226.56,452.65,False,-49.8279,8.67552,21.49675821166111,0.05331922127858342,21.55169117422262,0.00038810841648399336,21.48740052483706,0.05326562763852766,nan,nan
1999 RR30,267066,MBO,MBO,20892066631594066,745284193782595601,22.12593,2.6869683,2.479101,149.31952014325387,2.632313527797576,2025052000209,100,60816.083675456524,r,149.31952437154067,2.632320536036557,11.310676574707031,10046.0,887.855,False,10858.7,30.7399,10148.4,895.17,False,-65.3704,12.3735,21.395017065441174,0.09595623102426276,21.310555393540966,0.0030736112425812194,21.384006016611387,0.09577060644514204,nan,nan
1999 RR30,267066,MBO,MBO,20892066631594066,745284193916813323,22.125929,2.6869693,2.479109,149.31960339825565,2.632265619039168,2025052000210,100,60816.08418383806,r,149.31953164423226,2.63229367015426,10.155538558959961,7587.55,790.194,False,9009.02,80.6202,7546.53,796.442,False,-87.008,5.36593,21.69974611299436,0.11307236509784113,21.513306178861427,0.009716070753015149,21.70563177378058,0.1145859033268213,nan,nan
1999 RR30,267066,MBO,MBO,20892066631594066,745284194185773078,22.125921,2.6869717,2.479126,149.3197794388199,2.632164329883297,2025052000212,101,60816.085257778046,r,149.3197131387536,2.632212547640225,7.047182559967041,8763.94,1241.22,False,10436.9,79.4438,8542.18,1250.73,False,-74.2064,6.89577,21.54325145772639,0.15377072346317408,21.353571153506905,0.008264428011797421,21.571078243222136,0.15897146534607476,nan,nan
1999 RR30,267066,MBO,MBO,20892066631594066,745284194319990833,22.125917,2.6869726,2.4791334,149.31985763524483,2.632119343241162,2025052000213,101,60816.08573409721,r,149.31988720009744,2.632172765565404,8.581867218017578,8970.29,1011.94,False,8858.46,24.1082,8840.05,1025.1,False,-63.0162,8.42574,21.517983786389777,0.12248209287650764,21.53160443360103,0.002954818982813519,21.53386322043111,0.1259029283296749,nan,nan
1999 RR30,267066,MBO,MBO,20892066631594066,745297371388182554,22.078753,2.6929429,2.52416,149.8222405920153,2.3545303300826355,2025052300086,52,60818.989132629984,u,149.82223582628905,2.3544982519978324,6.169173240661621,1759.88,285.146,False,1843.65,5.09334,1697.19,276.656,False,-90.696,17.4753,23.286292357444516,0.17591729591894523,23.2358037913012,0.0029994974540187504,23.325673876986485,0.1769839865869208,nan,nan
1999 RR30,267066,MBO,MBO,20892066631594066,745297372752904196,22.078648,2.6929555,2.5242558,149.8233074301598,2.353931951148475,2025052300096,95,60818.9952900031,u,149.82339396897308,2.3539430866890063,6.271904468536377,2055.79,315.151,False,2514.08,12.7205,1908.02,301.792,False,19.5281,29.1583,23.117553106405957,0.1664425088284105,22.899052233357512,0.005493503371079012,23.19854268214278,0.17173116050666506,28.173350076356353,1.6211625266693976
1999 RR30,267066,MBO,MBO,20892066631594066,745297373959290884,22.078457,2.692978,2.5244265,149.82520654088984,2.352867332013605,2025052300105,92,60819.006244870674,u,149.82526615761483,2.3529226241729106,5.834537982940674,2158.41,370.708,False,2733.19,27.5683,2189.7,367.219,False,61.5264,15.2286,23.064665183120702,0.18647574921597884,22.808325465555907,0.010951270246011162,23.049038478285475,0.18208109142988455,26.927346211621934,0.2687340957536992
1999 RR30,267066,MBO,MBO,20892066631594066,745297374769840166,22.078386,2.6929862,2.5244892,149.82590554458218,2.3524756872163417,2025052300111,102,60819.01027344731,u,149.8259077992822,2.352585678819214,5.249794006347656,1648.46,311.294,False,2079.85,74.1607,1728.93,306.052,False,67.6403,28.5228,23.357303992177226,0.2050296525392355,23.104919912721364,0.03871382596807369,23.30555644090692,0.19219501583999296,26.824486236371484,0.4578370957495593
1999 RR30,267066,MBO,MBO,20892066631594066,745297375280496677,22.078339,2.6929917,2.5245311,149.82637205082438,2.3522143766416748,2025052300115,52,60819.0129616186,u,149.82638403473618,2.352260514696648,5.520172595977783,1559.05,277.634,False,1429.8,49.9266,1550.87,271.093,False,63.2885,29.9326,23.417849857023096,0.1933467681901503,23.511811731096515,0.037912377171688036,23.423561515732935,0.1897873270063634,26.89668796368805,0.5135041382319941
1999 RR30,267066,MBO,MBO,20892066631594066,745297375415238678,22.07833,2.692993,2.524541,149.82647880303256,2.352154588001149,2025052300116,53,60819.01357651569,u,149.82640016554626,2.352155437687458,6.243758678436279,1842.93,288.601,False,2303.03,25.4674,1727.19,283.746,False,50.9684,15.8125,23.236227869038355,0.17002520964501774,22.99425099804111,0.012006303622593143,23.306649749641487,0.17836677956225402,27.131747519206737,0.3368401609322591
1999 RR30,267066,MBO,MBO,20892066631594066,745297377718960138,22.078142,2.6930144,2.5247042,149.8282979748855,2.351136208870672,2025052300133,95,60819.02405021712,u,149.82830846745873,2.3511217878435264,5.292478084564209,1322.89,246.77,False,1442.31,9.99259,1462.82,239.149,False,149.397,55.8561,23.596190654113364,0.20253167301903904,23.50235341932325,0.007522180563037159,23.487022816172324,0.17750149671086554,25.96414528538661,0.40593175737677034
1999 RR30,267066,MBO,MBO,20892066631594066,745297377830633548,22.078081,2.6930215,2.5247586,149.8289040897762,2.3507971186733303,2025052300134,52,60819.02753780842,g,149.82892136744758,2.350797170150664,39.0930290222168,4718.87,119.249,False,4530.31,0.381667,4770.38,117.704,False,9.97594,31.5932,22.215404940179944,0.027437279277095727,22.259680183638885,9.147048696863866e-05,22.203617587808495,0.02678937526333035,28.902615456068663,3.43846120402426
1999 RR30,267066,MBO,MBO,20892066631594066,745297377965375546,22.078072,2.6930225,2.524767,149.8289955413494,2.350745966071904,2025052300135,53,60819.02806302253,g,149.829016151121,2.3507563616012663,39.434120178222656,4692.16,117.47,False,4654.34,0.0708713,4709.97,114.95,False,-0.666957,37.8048,22.22156793161476,0.027181815848381197,22.230354773037455,1.6532427788290943e-05,22.21745459819151,0.02649812371004205,nan,nan
1999 RR30,267066,MBO,MBO,20892066631594066,745297378099593282,22.078062,2.6930237,2.524775,149.82908647706242,2.350695104618609,2025052300136,53,60819.028586217355,g,149.8290989863058,2.3507015455340694,39.34981918334961,4461.42,110.522,False,4268.54,0.451807,4488.69,108.683,False,-11.2767,33.899,22.276317244423257,0.026896759858862748,22.324301601312484,0.0001149206062507682,22.269700981699124,0.026288531403187498,nan,nan
1999 RR30,267066,MBO,MBO,20892066631594066,745297378388475974,22.078043,2.6930256,2.5247915,149.82926819166954,2.350593477267368,2025052300138,92,60819.029631473495,g,149.8292806472837,2.3506106673927496,41.387516021728516,4796.09,114.611,False,4544.83,0.454656,4803.83,112.742,False,-39.9311,40.02,22.197781724963313,0.025945575726018123,22.25620587379601,0.00010861494857921332,22.196030907334887,0.02548134836035049,nan,nan
1999 RR30,267066,MBO,MBO,20892066631594066,745297378502246455,22.078033,2.6930268,2.5247996,149.82935949237233,2.350542419587741,2025052300139,53,60819.03015675932,g,149.82937322075517,2.350552013681042,40.80820846557617,4632.24,113.868,False,4374.73,0.722517,4691.55,113.212,False,-15.3386,20.1358,22.235522313962576,0.026689161140076,22.297621868953534,0.0001793168683934838,22.2217091722952,0.026199948874765965,nan,nan
1999 RR30,267066,MBO,MBO,20892066631594066,745297378656911417,22.078024,2.6930277,2.5248077,149.8294507988951,2.3504913613323013,2025052300140,92,60819.030681123004,g,149.8294608999702,2.350501955436173,40.80651092529297,4505.15,108.669,False,4343.94,0.347366,4589.55,108.35,False,-3.69039,32.0959,22.265726884810174,0.026189109974309795,22.30529046965309,8.682160739231895e-05,22.24557478230552,0.025632038246690594,nan,nan
1999 RR30,267066,MBO,MBO,20892066631594066,745297379059564604,22.077997,2.693031,2.5248322,149.82972405781052,2.350338572149309,2025052300143,92,60819.0322521672,g,149.82974318157497,2.3503416191290554,39.30424118041992,4793.23,120.06,False,4828.46,0.950471,4836.85,119.263,False,-9.53392,14.1281,22.198429332354472,0.027195333131040385,22.19047841386515,0.00021372461762757752,22.188593429848847,0.026771174401488764,nan,nan
1999 RR30,267066,MBO,MBO,20892066631594066,745297379195355140,22.077988,2.693032,2.5248406,149.82981538782514,2.3502875116002784,2025052300144,95,60819.03277742538,g,149.82982295472056,2.3502948115951914,37.47699737548828,4416.04,117.301,False,4125.69,0.429636,4445.88,115.544,False,24.4443,32.2918,22.287417494070628,0.028839852932665423,22.361258534336727,0.00011306505540051224,22.280105687727527,0.02821720468335792,27.929556000695055,1.4342966821436622
1999 RR30,267066,MBO,MBO,20892066631594066,745297379467460673,22.077969,2.6930342,2.5248568,149.8299971957246,2.3501858751158338,2025052300146,102,60819.033822497426,g,149.83000049770484,2.3501995134816496,36.36000061035156,4253.71,114.834,False,3936.94,0.89816,4554.07,113.95,False,282.751,27.6391,22.328080314443973,0.02931075040013018,22.412103025962452,0.0002476961354007331,22.25400078737617,0.02716682923060122,25.271489598910406,0.10613143660411888
1999 RR30,267066,MBO,MBO,20892066631594066,745297379596435476,22.07796,2.6930354,2.524865,149.83008784758985,2.350135201907104,2025052300147,92,60819.034343319145,g,149.8300952213347,2.3501465042041594,33.25787353515625,3906.43,116.798,False,3636.45,0.550666,4467.59,116.325,False,510.41,23.9473,22.42054990270749,0.03246232895128391,22.498305963225633,0.00016441254338656077,22.274816762555222,0.02826988714771394,24.630202055874573,0.050940323236746264
1999 RR30,267066,MBO,MBO,20892066631594066,745297379730653210,22.07795,2.6930363,2.5248733,149.83017885341584,2.350084333608577,2025052300148,92,60819.03486655337,g,149.83019466361753,2.350083215224212,30.56599998474121,3676.38,118.453,False,3356.88,1.00423,4345.26,118.114,False,627.757,23.4438,22.486449047563873,0.03498243324753871,22.585160496421985,0.0003248042620888369,22.304960639289526,0.029512768230873797,24.405521056694557,0.04054718885675373
1999 RR30,267066,MBO,MBO,20892066631594066,745297379864870951,22.07794,2.6930375,2.5248814,149.83027003931082,2.350033367457128,2025052300149,92,60819.03539085956,g,149.83028948173697,2.350042542739798,32.476078033447266,4061.67,123.463,False,3801.2,1.5801,4656.35,122.989,False,557.185,21.5129,22.378238432838216,0.03300323483768286,22.450198212465118,0.0004513237566523703,22.22988593442411,0.028677742343996206,24.535001464132534,0.04192024883825828
1999 RR30,267066,MBO,MBO,20892066631594066,745297379999088688,22.07793,2.6930385,2.5248895,149.83036140525326,2.3499823034952327,2025052300150,92,60819.03591508551,g,149.83038764181774,2.34997258433232,31.847824096679688,4119.9,127.859,False,3803.78,1.61838,4529.53,127.601,False,369.066,9.0219,22.36278333879329,0.03369527171868663,22.449461515104684,0.00046194409030080123,22.259867200437725,0.030586182182583507,24.98223987723715,0.02654106150437725
1999 RR30,267066,MBO,MBO,20892066631594066,745297380138549294,22.07792,2.6930397,2.5248978,149.83045329940182,2.349930947186091,2025052300151,102,60819.03644384879,g,149.83047786209784,2.3499303127753395,32.65546417236328,3991.87,120.712,False,3790.95,2.26345,4201.61,119.652,False,186.321,21.6544,22.397058994304857,0.03283207687485006,22.453129872931115,0.0006482569128235172,22.341460690207263,0.030919222170271318,25.724345488912384,0.1261852718747527
1999 RR30,267066,MBO,MBO,20892066631594066,745297380269097000,22.077911,2.6930406,2.524906,149.83054450350096,2.349879979375161,2025052300152,95,60819.03696702246,g,149.8303562749089,2.3499949341932727,35.40232849121094,1284.81,108.443,False,4074.9,0.3656,1689.75,106.18,False,403.048,24.6008,23.627902680057122,0.09164038787409567,22.374707637490186,9.741224447148053e-05,23.330443862211173,0.06822516381272885,24.88660806271143,0.066269969020656
1999 RR30,267066,MBO,MBO,20892066631594066,745297380403314749,22.077902,2.6930418,2.524914,149.8306355396936,2.349829108245999,2025052300153,95,60819.03749054286,g,149.8304226210693,2.3499590472982823,36.33121109008789,1130.36,112.161,False,4092.41,0.101191,1408.06,110.375,False,279.023,21.0695,23.76695806218882,0.10773316768080182,22.370052180281448,2.684646302121644e-05,23.52844705162187,0.08510868046343321,25.285899950469855,0.08198577928107315
1999 RR30,267066,MBO,MBO,20892066631594066,745297380809637960,22.077873,2.693045,2.5249388,149.83090938156434,2.349676102398392,2025052300156,102,60819.039063642136,g,149.8309186708892,2.3496927390687663,33.486106872558594,4525.97,133.625,False,4541.25,1.05737,4464.11,131.81,False,-33.3055,6.68781,22.26072077109881,0.03205533697172457,22.257061472823068,0.0002527993027804504,22.275662814505445,0.03205810136430093,nan,nan
1999 RR30,267066,MBO,MBO,20892066631594066,745297381348081687,22.077835,2.6930492,2.5249715,149.83127488164823,2.349471924620032,2025052300160,105,60819.04116299786,g,149.8312906716966,2.3494771832798977,33.88269805908203,4536.14,132.995,False,4370.5,0.222676,4466.89,131.763,False,-51.9947,8.26713,22.25828384270434,0.03183267643816932,22.298672188569775,5.531801593826649e-05,22.274986822202738,0.03202672456654099,nan,nan
1999 RR30,267066,MBO,MBO,20892066631594066,745297381477056559,22.077826,2.6930504,2.5249798,149.83136666434854,2.349420659890812,2025052300161,95,60819.04168941305,g,149.83137890152008,2.34942578593297,36.57384490966797,4332.39,115.804,False,4202.15,0.615652,4292.6,114.141,False,-45.7017,31.0314,22.308181103919285,0.029021531398552767,22.341321147912076,0.00015906993047213664,22.318198922215572,0.028869918480379297,nan,nan
1999 RR30,267066,MBO,MBO,20892066631594066,745297381612847143,22.077816,2.6930513,2.524988,149.83145810510842,2.349369589154536,2025052300162,98,60819.04221461984,g,149.83147329644135,2.3493779149125,36.57256317138672,4142.82,111.938,False,4114.05,0.329139,4115.64,110.208,False,-48.6305,34.1462,22.356759885586705,0.029336333291946404,22.364326137601033,8.68628576182563e-05,22.363906515209983,0.029073682799727524,nan,nan
1999 RR30,267066,MBO,MBO,20892066631594066,745297381749162068,22.077806,2.6930525,2.5249963,149.8315495522643,2.3493185178583147,2025052300163,102,60819.04273919154,g,149.83156268486994,2.3493195952786046,37.411895751953125,4368.95,115.209,False,4353.6,0.429818,4355.54,114.152,False,-36.2526,30.2223,22.299057265214085,0.02863080978825938,22.30287866455648,0.00010719151009123231,22.302394973946008,0.02845547477416912,nan,nan
1999 RR30,267066,MBO,MBO,20892066631594066,745297382126125276,22.077723,2.693062,2.5250688,149.8323589242975,2.348866634227488,2025052300166,53,60819.04738498699,r,149.83237059885704,2.3488791475032222,43.3090705871582,7795.26,176.077,False,7333.33,0.828634,7879.77,175.919,False,11.2462,38.2145,21.670423520014722,0.02452428462512437,21.736746916693413,0.00012268341263850852,21.658716144317374,0.024239493516092215,28.772485531255118,3.6893233365383398
1999 RR30,267066,MBO,MBO,20892066631594066,745297382260342904,22.077713,2.693063,2.525077,149.83245026137638,2.348815654771234,2025052300167,53,60819.04790885035,r,149.83246772680786,2.348828909575631,41.9379997253418,7380.11,172.036,False,6657.26,0.486441,7468.73,172.359,False,-22.7656,35.305,21.729842932616627,0.025309339871383087,21.841761241473726,7.933393152754593e-05,21.716883103683344,0.025055986758239328,nan,nan
1999 RR30,267066,MBO,MBO,20892066631594066,745297382418677772,22.077703,2.6930642,2.5250852,149.83254177945545,2.348764577451432,2025052300168,99,60819.04843320498,r,149.8325594265909,2.348775334975398,42.91555404663086,7446.96,171.82,False,6838.97,0.046089,7458.07,170.881,False,-29.0316,38.6992,21.7200524529069,0.02505065202878119,21.812523219267064,7.316963732075299e-06,21.71843388746931,0.02487663553702818,nan,nan
1999 RR30,267066,MBO,MBO,20892066631594066,745297382683443206,22.077684,2.6930664,2.5251017,149.83272483568032,2.3486624211601725,2025052300170,92,60819.04948372305,r,149.83273474187985,2.3486670609566374,42.508087158203125,7350.92,168.015,False,6781.62,0.0834915,7441.0,167.709,False,58.1047,34.1159,21.73414577065872,0.02481593728655752,21.82166635386386,1.3366974150062174e-05,21.720921738656116,0.024470868534628765,26.989471875923613,0.637484866449573
1999 RR30,267066,MBO,MBO,20892066631594066,745297382817661018,22.077675,2.6930673,2.5251098,149.8328160251412,2.348611536779112,2025052300171,92,60819.05000675553,r,149.83282503163858,2.348629265150031,40.110504150390625,7626.81,188.087,False,7000.79,0.0592572,7814.9,187.412,False,154.435,26.4263,21.694142673339805,0.026775659820045237,21.787132367734124,9.190061276322876e-06,21.667691450746076,0.02603744116138514,25.928135686097768,0.18578684349011157
1999 RR30,267066,MBO,MBO,20892066631594066,745297383089766504,22.077656,2.6930695,2.5251262,149.83299964489,2.348509085331548,2025052300173,99,60819.05105965396,r,149.83301319275165,2.3485157839906154,43.85126876831055,7893.76,176.225,False,7353.14,1.95412,8372.04,175.419,False,404.446,27.6731,21.656790237051347,0.024238623291211864,21.73381789282812,0.00028853779968253054,21.59292175831596,0.022749385490955447,24.882848599906854,0.0742884958048808
1999 RR30,267066,MBO,MBO,20892066631594066,745297383356104717,22.077637,2.6930716,2.5251427,149.83318241993967,2.348407118154839,2025052300175,95,60819.05210794845,r,149.83319865128456,2.348416337282403,41.351436614990234,7851.48,189.464,False,7277.85,0.332904,8322.92,187.932,False,465.113,19.7289,21.662621180821862,0.02619989221316856,21.744992234622178,4.966383377151111e-05,21.599310709667513,0.02451598546783352,24.73110378886868,0.046054145323539575
1999 RR30,267066,MBO,MBO,20892066631594066,745297383490322496,22.077627,2.6930728,2.525151,149.8332739921131,2.3483560364511145,2025052300176,95,60819.05263225407,r,149.83328391193058,2.348360841337092,44.63184356689453,7955.55,176.826,False,7624.73,1.3356,8361.97,176.014,False,292.013,23.8846,21.648324502679948,0.02413238547047165,21.694438829155843,0.00019018500312496572,21.594228522725388,0.022854038798356176,25.236494533068687,0.08880554828560142
1999 RR30,267066,MBO,MBO,20892066631594066,745297383628210309,22.077618,2.6930737,2.5251591,149.83336539666988,2.348305051526773,2025052300177,102,60819.053156911876,r,149.83337763010448,2.348316575816579,44.12163162231445,7779.14,173.085,False,7510.16,2.0079,7967.01,172.109,False,154.115,27.1389,21.672671012190346,0.02415751034012306,21.71087700361675,0.00029028005791666405,21.646761626235556,0.023454843277155347,25.93038768474819,0.19119284987691584
1999 RR30,267066,MBO,MBO,20892066631594066,745297383760855116,22.077606,2.693075,2.5251672,149.83345680817357,2.348254066015312,2025052300178,99,60819.05368098723,r,149.83346933017435,2.3482676542032666,44.63904571533203,7993.02,177.503,False,7369.79,0.149533,8113.23,175.8,False,110.044,25.5752,21.643222748208025,0.02411121698388491,21.731362211890858,2.2029582243208903e-05,21.62701553295907,0.02352607143756268,26.296084092104394,0.2523347021166409
1999 RR30,267066,MBO,MBO,20892066631594066,745297383891402805,22.077597,2.693076,2.5251756,149.83354857542528,2.34820288540248,2025052300179,92,60819.05420634805,r,149.83356002819303,2.3482064648642003,43.417564392089844,7744.92,177.075,False,7077.55,0.640002,7841.25,176.481,False,55.4163,26.2263,21.67745767060687,0.02482359237842159,21.775292664559267,9.817993161428701e-05,21.664036748636523,0.024436386315989295,27.040906151861776,0.5138351308904924
1999 RR30,267066,MBO,MBO,20892066631594066,745297384025620537,22.077587,2.693077,2.5251837,149.83363982623075,2.348151996134372,2025052300180,92,60819.05472985945,r,149.8336559956321,2.348168651102281,45.34066390991211,8209.66,178.583,False,7365.55,0.632825,8328.09,179.108,False,36.7083,25.6406,21.61418705096514,0.023617788907133286,21.731987073774395,9.328306106485198e-05,21.598636495717145,0.02335037753744517,27.488089273488786,0.7583823490227913
1999 RR30,267066,MBO,MBO,20892066631594066,745297384159838285,22.077578,2.693078,2.525192,149.83373143293758,2.3481009117196017,2025052300181,92,60819.05525411703,r,149.8337409410342,2.3481031907948227,42.30442428588867,7941.5,183.491,False,7518.19,0.588375,8044.55,183.586,False,38.852,22.7141,21.65024364941197,0.025086295917833967,21.709716765901558,8.496992154036377e-05,21.63624563802075,0.02477776508763067,27.42646651658035,0.6347554784080738
1999 RR30,267066,MBO,MBO,20892066631594066,745297384299298899,22.077568,2.6930792,2.5252001,149.83382217403647,2.34805031331638,2025052300182,102,60819.05577405935,r,149.83383448737234,2.3480506987918157,41.753334045410156,8257.59,196.407,False,7666.53,0.755032,8290.08,194.677,False,6.15128,22.9936,21.607866731063034,0.025824264983461798,21.688502931781912,0.0001069278544922471,21.603603185892155,0.025496481006499854,29.427586272718123,4.0585024929203115
1999 RR30,267066,MBO,MBO,20892066631594066,745297384429846592,22.077559,2.6930802,2.5252082,149.8339137946663,2.347999227826629,2025052300183,95,60819.05629904333,r,149.83392965716314,2.3480010198188555,43.68130874633789,8448.49,191.899,False,7782.52,1.69053,8418.73,190.578,False,-51.3697,29.1465,21.583052233975614,0.024661411498383336,21.672199383693357,0.0002358451451724073,21.586883486211022,0.024578223329435718,nan,nan
1999 RR30,267066,MBO,MBO,20892066631594066,745297384564064362,22.077549,2.6930814,2.5252166,149.8340054223253,2.347948141797759,2025052300184,95,60819.056824495594,r,149.83401708624612,2.3479521882599355,46.62638473510742,8593.64,182.779,False,8036.4,1.16541,8677.02,183.66,False,-73.2004,27.957,21.564557153153523,0.023092635186318218,21.637346150734075,0.00015744959075665,21.554073562465746,0.02298096882504499,nan,nan
1999 RR30,267066,MBO,MBO,20892066631594066,745297384700379247,22.07754,2.6930823,2.5252247,149.83409635883447,2.34789744446696,2025052300185,99,60819.05734536407,r,149.834111590767,2.3479078403997464,44.3111686706543,7932.9,176.302,False,7393.65,0.291749,7960.28,175.307,False,-41.8337,25.2766,21.651420064062073,0.024129570377573097,21.727852794023164,4.2842500900398336e-05,21.647679168905178,0.023910863613674123,nan,nan
1999 RR30,267066,MBO,MBO,20892066631594066,745297384944697481,22.077475,2.6930895,2.5252795,149.8347097086806,2.3475555886263524,2025052300187,53,60819.06085855108,i,149.83471655017067,2.3475684166641453,39.357757568359375,10727.3,268.085,False,9831.57,0.352385,10555.6,262.329,False,-62.8192,18.539,21.32377395405553,0.02713353653524847,21.418442776226513,3.8915163689413934e-05,21.341292729044167,0.026982844581656555,nan,nan
1999 RR30,267066,MBO,MBO,20892066631594066,745297385078915203,22.077465,2.6930907,2.5252879,149.83480157302034,2.3475044006135737,2025052300188,53,60819.06138473396,i,149.83481222865734,2.347510650217974,41.21063995361328,10447.1,249.686,False,10009.8,0.348254,10349.2,245.75,False,-55.2323,45.3056,21.35251066107849,0.02594912896344352,21.398936520734505,3.777417914408875e-05,21.362733029909926,0.025781670784585063,nan,nan
1999 RR30,267066,MBO,MBO,20892066631594066,745297385237250074,22.077456,2.6930916,2.525296,149.83489309521423,2.347453406749173,2025052300189,99,60819.06190884062,i,149.8349086665665,2.3474672689828746,40.92048263549805,10286.9,244.138,False,9611.05,1.80784,10288.2,243.161,False,-56.1119,45.2976,21.369288663685417,0.02576767111781861,21.44307293054719,0.00020422715198379954,21.36915148379613,0.025661310177618926,nan,nan
1999 RR30,267066,MBO,MBO,20892066631594066,745297385369370628,22.077444,2.6930928,2.5253043,149.83498479937185,2.3474023150154864,2025052300190,95,60819.06243327331,i,149.83499945263864,2.3474023507796384,41.991390228271484,10659.9,252.255,False,9621.17,0.542853,10573.5,249.41,False,-68.9542,55.0713,21.330617133677936,0.025692772126987035,21.441930287753248,6.126023740740674e-05,21.33945307594111,0.025610580300261008,nan,nan
1999 RR30,267066,MBO,MBO,20892066631594066,745297385502015504,22.077435,2.6930938,2.5253124,149.8350768602133,2.3473510281126475,2025052300191,92,60819.06296078522,i,149.83509210576037,2.3473635695934627,44.33817672729492,10587.3,237.846,False,9434.67,0.264832,10493.0,235.228,False,-78.6375,57.6659,21.33803697165109,0.024391300007203614,21.463183223277532,3.0476707940609364e-05,21.347750817843657,0.02433961236318547,nan,nan
1999 RR30,267066,MBO,MBO,20892066631594066,745297385636233351,22.077425,2.693095,2.5253208,149.83516910309223,2.34729964337972,2025052300192,92,60819.063488538115,i,149.83518632199969,2.3473096276826704,42.683937072753906,10963.0,252.814,False,10104.4,0.175168,10837.2,249.198,False,-63.7696,38.1453,21.300176464728597,0.02503779146523285,21.388723632578312,1.8822119497330207e-05,21.312707259619184,0.024966161347629866,nan,nan
1999 RR30,267066,MBO,MBO,20892066631594066,745297385908338809,22.077406,2.693097,2.5253372,149.83535343642814,2.347196969614502,2025052300194,99,60819.06454344802,i,149.83536917273324,2.347208364025933,42.82517623901367,10135.7,236.558,False,9063.52,0.333104,10174.1,234.751,False,10.6054,41.9706,21.3853656099147,0.02534009281234044,21.506757812599496,3.990316202593939e-05,21.381260036825022,0.025051619040117698,28.836182358032286,4.2967733161812465
1999 RR30,267066,MBO,MBO,20892066631594066,745297386040459273,22.077396,2.693098,2.5253456,149.83544517739475,2.3471458752338643,2025052300195,95,60819.06506858168,i,149.83545967184773,2.347152414752863,42.39989471435547,10604.6,243.735,False,9440.28,0.620107,10682.4,241.709,False,14.25,33.798,21.33626431049506,0.02495444658706921,21.462537779244123,7.131913416855772e-05,21.328327870312393,0.02456678296280561,28.515462839138678,2.5751377272203295
1999 RR30,267066,MBO,MBO,20892066631594066,745297386174677014,22.077385,2.6930993,2.5253537,149.8355372752951,2.3470945856786063,2025052300196,95,60819.06559514809,i,149.83554937699242,2.3471051883497007,41.6063232421875,10825.4,258.323,False,10569.2,1.72199,10901.9,256.483,False,9.1143,18.0736,21.313890079417256,0.02590856886402544,21.339894689703193,0.00017689388421484437,21.306244475968825,0.025543517266031525,29.000691728355072,2.1530082608108514
1999 RR30,267066,MBO,MBO,20892066631594066,745297386308894805,22.077375,2.6931002,2.525362,149.8356288563691,2.3470435875507407,2025052300197,95,60819.06611941331,i,149.8356469774629,2.347046026404249,43.33039474487305,10840.2,246.635,False,10658.4,1.24272,10733.9,242.53,False,2.13605,21.8408,21.312406743083404,0.02470254590059945,21.33076992299511,0.0001265918013492206,21.32310609808422,0.024531958638689684,30.575971471407048,11.101494221547528
1999 RR30,267066,MBO,MBO,20892066631594066,745297386446782640,22.077366,2.6931014,2.5253701,149.8357206196124,2.3469924915971654,2025052300198,102,60819.06664482081,i,149.83573943672533,2.346994319091743,42.7225456237793,11104.9,253.238,False,10512.5,1.65211,11100.0,250.303,False,11.2588,28.1029,21.28621333164422,0.0247593100798644,21.345734977985078,0.00017063073675732893,21.286692553033355,0.024483155180200902,28.771269782001333,2.7100878169307334
1999 RR30,267066,MBO,MBO,20892066631594066,745297386579427456,22.077356,2.6931024,2.5253785,149.83581169108024,2.3469417844331866,2025052300199,99,60819.067165975925,i,149.83582967019257,2.34694738708364,45.84613800048828,10703.8,226.466,False,10322.2,2.38949,10781.6,225.347,False,9.40011,43.9412,21.32615505549252,0.022971500172311525,21.365569305502795,0.0002513374701574039,21.318292000937298,0.02269305163710763,28.96716763238207,5.075318348046429
1999 RR30,267066,MBO,MBO,20892066631594066,745297386709975110,22.077347,2.6931036,2.5253866,149.83590329435032,2.346890784791924,2025052300200,92,60819.06768914743,i,149.83592018080185,2.346896563732557,43.495426177978516,10652.7,243.841,False,9760.43,0.225502,10730.8,242.912,False,-8.24514,33.7503,21.331350738476466,0.024852572658708248,21.426327656959675,2.5084519091858045e-05,21.323419768287028,0.024577697893334853,nan,nan
1999 RR30,267066,MBO,MBO,20892066631594066,745297386844192836,22.077337,2.6931045,2.5253947,149.83599473030054,2.346839881939472,2025052300201,92,60819.06821238123,i,149.83600445570286,2.346855455591873,43.44453430175781,10972.2,250.366,False,9845.14,0.367291,10929.9,248.385,False,-20.2378,39.2739,21.299265692486863,0.024774559603898686,21.41694529807426,4.050538178073402e-05,21.303459489910516,0.024673654069714706,nan,nan
1999 RR30,267066,MBO,MBO,20892066631594066,745297386978410594,22.077326,2.6931057,2.525403,149.83608652342593,2.3467887839096195,2025052300202,92,60819.068737992246,i,149.83610155444342,2.3467970529611533,42.40546798706055,11109.6,255.663,False,10318.3,1.06221,10999.2,251.412,False,-14.4922,29.1482,21.285753981939564,0.024985830181150023,21.365979643950475,0.00011177033392913771,21.296597233329628,0.024816996567644963,nan,nan
1999 RR30,267066,MBO,MBO,20892066631594066,745301777373986876,22.055113,2.6949644,2.539512,150.0007119429237,2.257789861742072,2025052400145,91,60819.98026129721,i,150.00072406380963,2.2578012908901477,41.61385726928711,10617.9,252.502,False,9836.09,0.494554,10609.1,250.945,False,-35.6316,46.5603,21.334903383022287,0.025819658491340818,21.417943782573577,5.4590310343569945e-05,21.335803682393916,0.025681734538002824,nan,nan
1999 RR30,267066,MBO,MBO,20892066631594066,745301777508204585,22.055101,2.6949656,2.53952,150.00080419772445,2.2577386162849797,2025052400146,91,60819.9807832778,i,150.00081568001335,2.2577500190385162,44.134971618652344,10896.3,245.47,False,10209.4,1.24126,10902.9,243.396,False,-2.45281,50.4652,21.30680238983323,0.024459281800661054,21.377499409398226,0.0001320039303109132,21.30614488907359,0.02423793995947934,nan,nan
1999 RR30,267066,MBO,MBO,20892066631594066,745301777642422313,22.05509,2.6949666,2.5395281,150.0008966325737,2.257687272031749,2025052400147,91,60819.98130642876,i,150.0009105790182,2.257696535694529,43.25057601928711,10516.5,235.785,False,10461.8,1.14843,10527.6,233.35,False,-7.50498,58.4048,21.345321934581072,0.024342729521702116,21.350983987045446,0.00011918523025198896,21.344176601770606,0.024065937099421907,nan,nan
1999 RR30,267066,MBO,MBO,20892066631594066,745301777777164345,22.055079,2.6949677,2.5395362,150.00098907072723,2.257635927177264,2025052400148,92,60819.98182965605,i,150.00100120229857,2.2576425746374817,41.71704864501953,10352.3,238.917,False,9901.3,1.70531,10385.9,235.793,False,-15.2672,72.2226,21.36240789809395,0.025057315747313215,21.4107694728624,0.00018699734679470935,21.358889617410696,0.024649667963733534,nan,nan
1999 RR30,267066,MBO,MBO,20892066631594066,745301778045075501,22.055058,2.69497,2.5395527,150.00117413378538,2.2575331375102152,2025052400150,91,60819.98287619607,i,150.00118792527925,2.257541780682697,47.21149444580078,10781.0,223.181,False,10203.4,0.343952,10785.4,221.008,False,-49.38,69.6131,21.318352384900187,0.02247617954262608,21.378137677266118,3.659967510393251e-05,21.31790931944685,0.022248259098332633,nan,nan
1999 RR30,267066,MBO,MBO,20892066631594066,745301778180866088,22.055046,2.6949708,2.5395608,150.001266935571,2.2574815944952453,2025052400151,94,60819.98340187362,i,150.00128117806761,2.2574882675554293,42.15536117553711,10216.7,238.647,False,9072.96,0.131925,10241.3,237.294,False,-32.9979,58.4038,21.376723376543502,0.0253611916322781,21.505627514160892,1.578710270067052e-05,21.374112300251213,0.025156835438586916,nan,nan
1999 RR30,267066,MBO,MBO,20892066631594066,745301778315083832,22.055035,2.6949718,2.539569,150.00135903369622,2.2574304435941457,2025052400152,94,60819.98392289992,i,150.00136706818782,2.257435924188595,40.691162109375,10610.1,258.398,False,9883.2,1.04828,10540.7,254.647,False,-100.451,58.371,21.335701347127223,0.026441983138615854,21.412756018559556,0.00011516062884258716,21.342826347367453,0.026229706343600893,nan,nan
1999 RR30,267066,MBO,MBO,20892066631594066,745301778448253014,22.054937,2.6949813,2.5396414,150.0021841837507,2.2569722189238237,2025052400153,92,60819.988589141874,i,150.00219603946903,2.25697663819479,45.2437744140625,10351.0,225.227,False,9538.46,0.0107028,10385.5,223.641,False,12.0172,56.1074,21.362544228536294,0.023624491703510934,21.451304347426635,1.2182697737407119e-06,21.35893147482902,0.023380206787610533,28.70049173475407,5.069220122192458
1999 RR30,267066,MBO,MBO,20892066631594066,745301778584043536,22.054926,2.6949825,2.5396495,150.00227684777826,2.2569207675173635,2025052400154,95,60819.98911337381,i,150.0022941978801,2.256922859631222,45.54966735839844,10391.6,227.012,False,9759.21,1.10269,10402.9,224.157,False,9.23041,59.2924,21.35829398768711,0.023718691002609187,21.426463346072218,0.0001226769831049729,21.35711389982223,0.02339495321430826,28.986947564144195,6.974328158005645
1999 RR30,267066,MBO,MBO,20892066631594066,745301778852479049,22.054903,2.6949847,2.539666,150.00246218701324,2.2568178629560087,2025052400156,95,60819.99016198833,i,150.0024757763914,2.256828106063973,38.018280029296875,10216.8,262.655,False,9669.86,0.886303,10138.6,259.787,False,-94.8947,57.7778,21.376712791033942,0.027912266755441967,21.436449494467713,9.951449439337255e-05,21.38505506909484,0.027820423777355135,nan,nan
1999 RR30,267066,MBO,MBO,20892066631594066,745301778986696762,22.054892,2.6949856,2.539674,150.00255486227744,2.2567664098017697,2025052400157,95,60819.990685411554,i,150.0025703239827,2.256777908403258,40.49712371826172,10458.8,257.515,False,9757.52,0.716609,10411.8,254.139,False,-78.6067,59.9981,21.35129537473962,0.026732835496795573,21.42665142683838,7.973833254679009e-05,21.356185477452765,0.02650146244975268,nan,nan
1999 RR30,267066,MBO,MBO,20892066631594066,745301779118817323,22.054882,2.6949868,2.5396821,150.00264736453906,2.256715054223384,2025052400158,91,60819.99120829157,i,150.00265614377219,2.2567283521233636,37.42926788330078,10080.6,267.556,False,9171.19,0.252834,10053.8,264.708,False,-43.1633,58.4801,21.391284086567005,0.028817257602914016,21.49393572203281,2.9931885209029723e-05,21.394174417171378,0.028586511901443443,nan,nan
1999 RR30,267066,MBO,MBO,20892066631594066,745301779253035070,22.05487,2.6949878,2.5396903,150.00273969380444,2.256663796224172,2025052400159,91,60819.991730077396,i,150.00275149065337,2.256672216173842,35.95363998413086,9980.53,271.826,False,8991.96,0.729846,9949.14,269.211,False,-41.5338,50.796,21.402115959229008,0.029570705094370448,21.515364088952275,8.812541762521738e-05,21.405536183083207,0.029378633545927863,nan,nan
1999 RR30,267066,MBO,MBO,20892066631594066,745301779387252789,22.05486,2.694989,2.5396984,150.00283255755005,2.256612243063324,2025052400160,91,60819.99225536175,i,150.00284088560167,2.2566211591802436,37.288963317871094,10293.3,270.127,False,9403.17,0.399026,10243.2,267.482,False,-20.2511,47.9948,21.368613444232263,0.028492969671721085,21.466814289536746,4.607350345185419e-05,21.373910848137598,0.028351968149799796,nan,nan
1999 RR30,267066,MBO,MBO,20892066631594066,745301779521470545,22.054848,2.69499,2.5397065,150.00292524828862,2.256560787525701,2025052400161,91,60819.99277955042,i,150.00294097837553,2.2565695076187646,34.96251678466797,9401.93,262.717,False,8742.07,1.3389,9441.79,260.68,False,11.0787,39.0939,21.466957502536758,0.030338598498857478,21.545964262000965,0.0001662869457775118,21.462364153452448,0.029976276186319692,28.788777987884334,3.8312853522366446
1999 RR30,267066,MBO,MBO,20892066631594066,745301779657785361,22.054836,2.6949909,2.5397146,150.0030170584938,2.256509822370808,2025052400162,95,60819.993298227986,i,150.003032343791,2.2565179445094192,40.19819259643555,9931.2,238.934,False,9291.28,1.63604,9996.81,235.969,False,23.7641,48.2879,21.407495658544,0.026121646475249137,21.479811097852295,0.0001911800933872989,21.400346451771483,0.025628184505951997,27.960196612075872,2.2061816838782398
1999 RR30,267066,MBO,MBO,20892066631594066,745301779791478851,22.054827,2.694992,2.5397227,150.00310958023871,2.2564584638270344,2025052400163,94,60819.99382186806,i,150.00312376413177,2.256460644431738,37.01237106323242,9521.57,255.038,False,8821.38,0.757497,9613.07,253.628,False,9.18877,40.663,21.453228552932178,0.02908175595037287,21.536158687788955,9.323279832839882e-05,21.442844702833384,0.028645697959432934,28.99185651266142,4.804700512220816
1999 RR30,267066,MBO,MBO,20892066631594066,745301780058865721,22.054804,2.6949942,2.539739,150.00329357414975,2.256356334184559,2025052400165,92,60819.994861739484,i,150.0033016191975,2.25636614587372,37.308406829833984,9802.48,260.228,False,8697.13,0.0165455,9708.21,256.291,False,-73.0461,33.8862,21.421660035875316,0.02882321046663482,21.551560110323422,2.0655146325464033e-06,21.432152099213837,0.028662791864194823,nan,nan
1999 RR30,267066,MBO,MBO,20892066631594066,745301780194656298,22.054792,2.6949952,2.539747,150.00338593090808,2.256305072100027,2025052400166,95,60819.99538363117,i,150.00340319921676,2.256312938261969,34.51789093017578,9927.25,283.423,False,9742.65,2.15725,9841.38,280.947,False,-90.5804,20.4269,21.40792760263642,0.03099777046688586,21.428307203942243,0.00024040730757155665,21.417360009644135,0.030995076233489818,nan,nan
1999 RR30,267066,MBO,MBO,20892066631594066,745301780328874019,22.054781,2.6949964,2.539755,150.00347829180063,2.2562538093809485,2025052400167,95,60819.995905787044,i,150.00349725379434,2.256263189390181,32.70725631713867,9380.62,286.192,False,8640.8,0.38583,9330.47,284.899,False,-48.0859,16.6321,21.469421127780798,0.03312456926314371,21.55861514186809,4.8480417694950144e-05,21.475241229722975,0.033152151365421316,nan,nan
1999 RR30,267066,MBO,MBO,20892066631594066,745301780461518916,22.054771,2.6949973,2.5397635,150.00357083368098,2.256202447889846,2025052400168,92,60819.99642804626,i,150.0035889481291,2.2562008000244456,30.469985961914062,9437.36,303.817,False,8619.68,0.791939,9463.92,301.607,False,-2.48317,12.24,21.4628736543657,0.034953110734747384,21.561272181301298,9.975276313247356e-05,21.45982235777273,0.03460147976527008,nan,nan
1999 RR30,267066,MBO,MBO,20892066631594066,745301780597309516,22.05476,2.6949985,2.5397713,150.0036624948559,2.25615157687135,2025052400169,95,60819.99694684725,i,150.003670133203,2.2561661043139463,36.10261154174805,9586.7,264.19,False,8784.27,0.769059,9625.74,261.181,False,35.9607,30.8473,21.445827135247946,0.029920686444959085,21.540735867646298,9.505573565676171e-05,21.441414656537503,0.029459933524610966,27.510429627678832,0.9313508649047693
1999 RR30,267066,MBO,MBO,20892066631594066,745301780865744974,22.054737,2.6950006,2.5397875,150.00384689136988,2.256049243792829,2025052400171,95,60819.99798851295,i,150.00386110309714,2.2560501864705764,34.25295639038086,9023.19,257.926,False,8713.06,0.671682,8985.99,256.281,False,-42.2969,32.9898,21.511599692447586,0.031035540362814362,21.549573291820135,8.369843678598283e-05,21.51608514429276,0.030965264750558347,nan,nan
1999 RR30,267066,MBO,MBO,20892066631594066,745301780999438367,22.054726,2.6950016,2.5397959,150.00393962685962,2.255997781719949,2025052400172,94,60819.998512696766,i,150.00395322424373,2.2560008379841374,39.35710144042969,10023.6,248.543,False,9597.68,0.421176,9905.62,246.623,False,-87.3462,33.4783,21.397440723678006,0.026921679163201217,21.444584370712192,4.764547599397079e-05,21.410295828318976,0.027031878676053722,nan,nan
1999 RR30,267066,MBO,MBO,20892066631594066,745301781132083241,22.054657,2.6950083,2.539847,150.0045212680968,2.255675050187472,2025052400173,91,60820.00179829667,z,150.0045161961838,2.2557085612159034,15.538778305053711,9211.03,581.718,False,8983.95,3.09401,9011.24,576.405,False,-56.1876,24.6883,21.489229475798822,0.06856912787118545,21.516331660889456,0.00037392001584532416,21.513038580299984,0.0694492425720679,nan,nan
1999 RR30,267066,MBO,MBO,20892066631594066,745301781266300965,22.054646,2.6950092,2.539855,150.0046140350392,2.255623583877741,2025052400174,91,60820.00232259649,z,150.00462957207012,2.255634625300283,13.909466743469238,7950.79,558.629,False,7625.66,28.2574,7893.33,553.984,False,-1.1212,28.5902,21.648974287617303,0.07628471612208924,21.694306383295153,0.0040232690888852155,21.656849339429332,0.07620110767522952,nan,nan
1999 RR30,267066,MBO,MBO,20892066631594066,745301781400518689,22.054634,2.6950104,2.5398633,150.00470680651551,2.2555721169354945,2025052400175,91,60820.002846007206,z,150.00471700493216,2.2555856351073773,15.480009078979492,8945.01,568.806,False,8281.4,10.8736,9022.25,563.228,False,16.172,26.4351,21.521047952399222,0.06904109852690239,21.604740543757586,0.0014255875390410645,21.51171285771664,0.06777877589532667,28.37809060892919,1.7747677577760541
1999 RR30,267066,MBO,MBO,20892066631594066,745301781535260717,22.054623,2.6950114,2.5398715,150.0047986971358,2.255521140537939,2025052400176,92,60820.00336581418,z,150.00481224456377,2.2555259374812575,16.390398025512695,9277.02,546.917,False,8335.09,10.7139,9137.75,539.083,False,9.37797,36.3851,21.481478822663597,0.06400844338153261,21.597724286400208,0.0013956020776522684,21.497901819986648,0.06405317927848111,28.969727932133583,4.212491925513864
1999 RR30,267066,MBO,MBO,20892066631594066,745301781803696150,22.054602,2.6950135,2.5398877,150.0049840853087,2.2554183020262477,2025052400178,92,60820.00441263528,z,150.00500982739837,2.2554235484379332,16.732114791870117,9614.12,556.286,False,9543.91,8.38603,9740.86,547.895,False,20.7948,29.1579,21.44272614042954,0.06282216726037224,21.45068414411873,0.0009540132346354003,21.428506707024543,0.06106949875493487,28.105113140776837,1.5223896275188413
1999 RR30,267066,MBO,MBO,20892066631594066,745301781938962462,22.05459,2.6950147,2.5398958,150.00507652064547,2.2553670291974,2025052400179,94,60820.00493446327,z,150.0050813208223,2.255387118101674,18.910993576049805,10141.8,530.53,False,9380.67,26.1029,10413.5,524.761,False,75.4272,37.4509,21.38471241628303,0.056796197086514774,21.46941536327822,0.0030211982009964856,21.356008196585034,0.05471282486205705,26.706180029970277,0.5390866819875312
1999 RR30,267066,MBO,MBO,20892066631594066,745301782073180215,22.054579,2.6950157,2.5399039,150.00516896045366,2.2553157558340917,2025052400180,94,60820.005456584026,z,150.00518458118094,2.2553242897062318,15.891480445861816,8882.61,550.688,False,8175.31,6.03672,9210.96,543.193,False,209.477,27.8006,21.528648471058176,0.06731150672360624,21.61873941802002,0.0008017170231861836,21.489237763809612,0.06402853788858844,25.597159110116554,0.1440927513242952
1999 RR30,267066,MBO,MBO,20892066631594066,745301782206349396,22.054567,2.6950169,2.539912,150.005261404925,2.2552644818456,2025052400181,92,60820.00597883633,z,150.00526614213283,2.2552893747886333,15.270599365234375,8366.22,547.762,False,7968.02,2.78187,8881.06,541.36,False,347.077,31.3557,21.593676833735678,0.07108647398771693,21.646623958561474,0.0003790624078825543,21.528838042172758,0.06618288406355546,25.04893542567925,0.09808779787284422
1999 RR30,267066,MBO,MBO,20892066631594066,745301782342139923,22.054556,2.6950178,2.53992,150.00535420814433,2.255213010866983,2025052400182,95,60820.00650210535,z,150.0053463514954,2.2552425493006774,17.128175735473633,9514.98,549.673,False,9011.86,3.82537,10021.6,544.278,False,568.024,30.1015,21.45398024711366,0.0627221306665076,21.512963866886636,0.00046087518261199174,21.39765738128196,0.058966868516181214,24.514083310713445,0.05753680944049051
1999 RR30,267066,MBO,MBO,20892066631594066,745301782610575422,22.054533,2.69502,2.5399365,150.00553894310065,2.2551105582451325,2025052400184,95,60820.00754595589,z,150.00554291256287,2.2551249588698203,16.78150749206543,8643.4,513.844,False,8167.95,8.61555,9924.08,507.403,False,1333.44,74.0517,21.558288421476593,0.06454624370301319,21.61971729764043,0.0011452340403597392,21.408274350079704,0.05551202928639183,23.587566350766238,0.06029563516009747
1999 RR30,267066,MBO,MBO,20892066631594066,745301782744793163,22.054523,2.6950212,2.5399446,150.0056315831894,2.25505918377865,2025052400185,95,60820.00806811941,z,150.00562845505428,2.25507640705072,15.657580375671387,8504.87,539.032,False,7983.03,2.57005,10504.5,533.689,False,1990.78,33.7439,21.57583078591027,0.06881310716965,21.64458062586882,0.0003495410150504081,21.346561536490817,0.055161644769272856,23.152441811433544,0.018403326186364883
1999 RR30,267066,MBO,MBO,20892066631594066,745301782877437999,22.054512,2.695022,2.5399528,150.00572334239982,2.255008299828753,2025052400186,92,60820.0085868014,z,150.00574881787955,2.2550351861755473,15.973292350769043,8381.5,518.753,False,7875.53,11.5068,10870.1,511.867,False,2547.2,86.2281,21.59169562662641,0.06719905784813529,21.659300554153532,0.001586350299433981,21.309416190473385,0.0511267199624296,22.8848424056689,0.036754465994713256
1999 RR30,267066,MBO,MBO,20892066631594066,745301783011131458,22.0545,2.695023,2.5399609,150.00581581482282,2.254957022420838,2025052400187,91,60820.009108688195,z,150.00581794251272,2.2549396264748345,13.476592063903809,8129.52,593.794,False,7310.72,2.87585,10807.0,585.886,False,2653.42,25.4643,21.62483773780529,0.07930402401508603,21.74009959114676,0.00042710079604886466,21.31573712133037,0.05886162924186839,22.840485036256247,0.01041957678084716
1999 RR30,267066,MBO,MBO,20892066631594066,745301783145349165,22.05449,2.6950243,2.539969,150.00590829209736,2.254905744391382,2025052400188,91,60820.00963091398,z,150.00592577377847,2.2549061312428695,17.439523696899414,8757.74,501.16,False,8015.65,4.83071,10587.8,496.376,False,1836.61,92.7761,21.54401985168784,0.06213104588520611,21.640153149101444,0.0006543295595719199,21.337985697455217,0.050901359300495864,23.239957647059292,0.05484581467048703
1999 RR30,267066,MBO,MBO,20892066631594066,745301783415881778,22.054466,2.6950264,2.5399852,150.00609396971475,2.254802793702706,2025052400190,95,60820.010678378465,z,150.00612386767108,2.2548211819848896,20.08786392211914,9541.57,473.962,False,8987.48,9.67026,9962.08,463.517,False,442.133,94.3181,21.450950362523837,0.05393218226376045,21.515905101000627,0.0011682197134254865,21.404124929007573,0.05051727978682215,24.78611768313418,0.23161486911252785
1999 RR30,267066,MBO,MBO,20892066631594066,745301783549575214,22.054455,2.6950274,2.5399935,150.00618681579894,2.2547513175127705,2025052400191,94,60820.01120266389,z,150.00620472542406,2.254761680142463,22.017820358276367,9718.84,436.675,False,8821.32,1.89569,9849.64,427.922,False,184.094,102.219,21.430963936328617,0.04878296706000705,21.536166019732963,0.00023332326163404032,21.41644914496355,0.04717029471279632,25.737400949083955,0.6028598138360144
1999 RR30,267066,MBO,MBO,20892066631594066,745301783952752690,22.054422,2.6950307,2.5400178,150.00646467492075,2.254597278349651,2025052400194,95,60820.0127708697,z,150.006477597249,2.2546086600683233,22.540645599365234,10590.1,458.698,False,9857.07,1.8509,10834.3,449.632,False,167.713,116.668,21.33774988736149,0.04702741635108738,21.41563036380765,0.00020387286853825555,21.31299787717019,0.04505890897981194,25.838583197744953,0.7552823733261772
1999 RR30,267066,MBO,MBO,20892066631594066,745301784086970396,22.05441,2.6950316,2.540026,150.00655736359334,2.2545458980737525,2025052400195,95,60820.01329302211,z,150.00655976131443,2.254558889848803,19.473772048950195,9081.47,457.073,False,8123.44,1.52023,9276.49,446.818,False,181.467,104.251,21.504609651141365,0.054645417221985015,21.625650065070218,0.00020318594364251026,21.481540770703365,0.052296338362746976,25.753005879584606,0.6237447439772242
1999 RR30,267066,MBO,MBO,20892066631594066,745301784355405879,22.054388,2.6950338,2.5400424,150.00674240138727,2.254443332336061,2025052400197,95,60820.014337399916,z,150.00674755649555,2.254460286745329,19.229686737060547,8478.67,438.966,False,7915.95,8.63797,9444.04,430.457,False,985.395,113.697,21.579180679174385,0.056211798190095405,21.65374236725588,0.0011847670211921617,21.462105450873615,0.04948758670586721,23.915974092760752,0.12527458055038848
1999 RR30,267066,MBO,MBO,20892066631594066,745301784489623561,22.054377,2.695035,2.5400505,150.00683510512522,2.254391950342238,2025052400198,95,60820.01486095751,z,150.00685420805698,2.2544025933662377,18.83880615234375,8630.13,451.843,False,7855.48,6.16099,10199.2,442.932,False,1494.96,126.529,21.55995667033993,0.056845296256169124,21.662068184580228,0.0008515342379326907,21.37858470892397,0.047151473336995105,23.463426096905334,0.09189350826275129
1999 RR30,267066,MBO,MBO,20892066631594066,745301784625414147,22.054365,2.695036,2.5400586,150.0069283457954,2.254340273011451,2025052400199,98,60820.015386180174,z,150.00694322008513,2.2543517446376975,19.079599380493164,7762.96,409.929,False,7564.67,11.5314,9452.3,400.405,False,1654.53,111.731,21.67493163448478,0.05733312335508668,21.7030250432711,0.001655069990402831,21.461156280057768,0.04599242647014092,23.353313365247057,0.07332015303083704
1999 RR30,267066,MBO,MBO,20892066631594066,745301784757534752,22.054354,2.695037,2.5400667,150.00702123699008,2.254288791644683,2025052400200,94,60820.0159104199,z,150.0070378585806,2.254289175589788,18.04370880126953,7850.42,437.185,False,8064.09,6.32712,10177.4,430.514,False,2368.47,125.11,21.662767780151025,0.06046397323330568,21.633611605759675,0.0008518733299623144,21.380907848756472,0.045927705183246535,22.963830293057395,0.05735198626970336
1999 RR30,267066,MBO,MBO,20892066631594066,745301784893849613,22.054342,2.695038,2.540075,150.00711395609042,2.254237407931108,2025052400201,98,60820.016433712604,z,150.00712480124625,2.254238059516548,17.47681427001953,7512.92,431.303,False,7263.13,10.7455,10845.3,423.783,False,3347.45,140.43,21.710478100399325,0.062330132225288264,21.747190473761314,0.0016063017120728884,21.31189609489631,0.042425432486802764,22.588214768868575,0.04554808272148714
1999 RR30,267066,MBO,MBO,20892066631594066,745301785026494491,22.05433,2.695039,2.5400832,150.00720738954894,2.254185630645264,2025052400202,95,60820.01696019084,z,150.00722691145094,2.254191982443453,18.159727096557617,7958.47,430.671,False,7238.68,17.5702,13805.0,425.983,False,5733.56,146.098,21.647926011906264,0.05875439293587955,21.75085152809381,0.0026353702284318643,21.049908972561795,0.0335027285452364,22.00393908482855,0.027665864531170814
1999 RR30,267066,MBO,MBO,20892066631594066,745301785158615095,22.054316,2.6950407,2.540095,150.0073417869724,2.254111156787677,2025052400203,91,60820.01771853029,z,150.00736503655324,2.2541241116439243,17.239418029785156,8126.02,463.648,False,7984.24,20.3732,16519.3,457.339,False,8428.26,129.69,21.625305280165158,0.06194907590515302,21.644416010559915,0.002770447733822573,20.855020847937304,0.030058747949446976,21.5856552188965,0.01670678585632834
1999 RR30,267066,MBO,MBO,20892066631594066,745301785427050531,22.054293,2.6950428,2.5401113,150.00752797566383,2.2540079918344724,2025052400205,91,60820.01876831184,z,150.0075400499915,2.2540152582897743,17.767955780029297,8324.37,464.944,False,7837.82,8.33625,12809.0,460.67,False,4476.13,107.649,21.59912154619946,0.06064200980298214,21.664511810758903,0.0011547814279026915,21.131211935871335,0.039048021861574266,22.272743300348957,0.026111489616937565
1999 RR30,267066,MBO,MBO,20892066631594066,745301785561792574,22.054281,2.6950438,2.5401196,150.0076209005881,2.2539565067771217,2025052400206,92,60820.0192924014,z,150.00764577517046,2.253959889872718,18.77718162536621,8333.34,433.456,False,7834.0,16.797,10244.4,423.206,False,1954.13,151.899,21.59795226688798,0.05647421973684697,21.66504108197038,0.002327943833572816,21.373783639926994,0.04485280268813817,23.17261636699209,0.08439676255293978
1999 RR30,267066,MBO,MBO,20892066631594066,745301785697058858,22.05427,2.695045,2.5401278,150.00771400823203,2.2539049228710044,2025052400207,94,60820.01981795414,z,150.00774715525125,2.2538986749173464,20.8813419342041,9317.52,435.878,False,9016.43,2.89973,10164.1,430.439,False,741.758,132.633,21.476749220528355,0.05079125552649384,21.512413499263914,0.00034917832428573055,21.382327718659162,0.04597979350501936,24.22434440902723,0.19413939064699662
1999 RR30,267066,MBO,MBO,20892066631594066,745301785829703753,22.054193,2.695052,2.5401819,150.00832971911535,2.2535638652287733,2025052400208,91,60820.023288582335,r,150.00834761688722,2.2535622046071153,44.710086822509766,8501.71,188.164,False,8006.11,0.310982,8520.39,187.966,False,-28.7735,24.7677,21.576234288093193,0.02403004451589341,21.641446136536114,4.217334137924107e-05,21.57385135982713,0.023952131721112564,nan,nan
1999 RR30,267066,MBO,MBO,20892066631594066,745301785963921459,22.054184,2.695053,2.54019,150.00842269082335,2.25351237527708,2025052400209,91,60820.02381293694,r,150.0084340908732,2.2535181617510864,42.7537727355957,8867.05,205.297,False,8213.51,0.399516,8883.44,204.035,False,-0.626806,7.722,21.53055213042826,0.025137829081497698,21.613678055397408,5.281164608530108e-05,21.528547013971867,0.024937206735082765,nan,nan
1999 RR30,267066,MBO,MBO,20892066631594066,745301786098139185,22.054173,2.695054,2.540198,150.00851495838538,2.2534612777781367,2025052400210,91,60820.024332603716,r,150.0085345519374,2.2534724786455453,44.031681060791016,8758.87,198.529,False,7890.18,0.150817,8805.88,198.225,False,25.3538,8.56808,21.543879784100135,0.02460935345142456,21.657282698423174,2.0753326407842608e-05,21.5380681071468,0.024440495291681085,27.889892357378244,0.3669144140654185
1999 RR30,267066,MBO,MBO,20892066631594066,745301786232881229,22.054161,2.6950552,2.5402062,150.00860776367722,2.2534098849921573,2025052400211,92,60820.02485572451,r,150.00861407401268,2.253417408969626,42.12619400024414,8702.19,203.984,False,7782.23,0.657741,8802.53,203.489,False,35.4493,10.0905,21.55092854322605,0.02545023678307613,21.672239847679094,9.176460088030314e-05,21.538481181601774,0.025099075604857746,27.525980875450088,0.3090504296082785
1999 RR30,267066,MBO,MBO,20892066631594066,745301786501316644,22.054138,2.6950574,2.5402226,150.00879321375191,2.253307195892233,2025052400213,92,60820.02590084262,r,150.00880553614434,2.2533165752311493,36.660682678222656,8784.23,236.651,False,8206.72,0.275095,8926.18,238.12,False,32.7365,7.32529,21.540740695784212,0.029250207012051232,21.614575995546854,3.639463707278158e-05,21.523335937222853,0.028963734635278085,27.61241939391721,0.24295000491070917
1999 RR30,267066,MBO,MBO,20892066631594066,745301786636582932,22.054127,2.6950583,2.5402308,150.00888585839888,2.2532558996731216,2025052400214,94,60820.026422853975,r,150.00890142892777,2.2532583899615113,37.514808654785156,8863.74,234.684,False,8198.44,0.0316543,8998.81,235.995,False,3.444,6.27003,21.53095745025262,0.028746885058576296,21.615671886479305,4.192043352788956e-06,21.51453734619029,0.02847357845928397,30.057342141242056,1.9766546423154105
1999 RR30,267066,MBO,MBO,20892066631594066,745301786770800677,22.054115,2.6950595,2.5402389,150.00897868621803,2.253204504603144,2025052400215,94,60820.026945783255,r,150.00898604775492,2.2532016221045543,37.405452728271484,8763.67,230.652,False,7991.2,0.589128,8782.05,231.553,False,-20.8646,6.32666,21.543284970580665,0.028575610618919736,21.64346997316146,8.004274728738297e-05,21.54101026064352,0.028627196867731845,nan,nan
1999 RR30,267066,MBO,MBO,20892066631594066,745301786905542667,22.054104,2.6950605,2.540247,150.00907098723266,2.253153403767794,2025052400216,95,60820.02746558065,r,150.00907952309038,2.253158459138862,42.91798400878906,8717.45,201.152,False,8026.29,0.528208,8665.26,198.997,False,-31.1159,14.0951,21.54902631290914,0.025052968052207483,21.638712876491603,7.145201148830771e-05,21.55554603387933,0.0249338446726182,nan,nan
1999 RR30,267066,MBO,MBO,20892066631594066,745301787039760415,22.054092,2.6950617,2.5402553,150.00916435892216,2.2531017127877133,2025052400217,95,60820.027991999144,r,150.00918233217516,2.253110996879203,41.66397476196289,9218.93,218.342,False,8615.97,0.759688,9221.47,217.249,False,-27.9498,6.56554,21.48829874340576,0.025714678090215052,21.56173958915737,9.57316255213188e-05,21.487999637911656,0.025578904887684228,nan,nan
1999 RR30,267066,MBO,MBO,20892066631594066,745301787309768706,22.05407,2.6950638,2.5402715,150.00935023213196,2.2529988204448745,2025052400219,98,60820.0290386908,r,150.00935956045882,2.253006751902097,39.38121032714844,8517.92,216.703,False,7851.08,0.890481,8521.37,215.844,False,-16.0943,6.7106,21.574166117761592,0.027622036614401203,21.662676482435288,0.00012314578968667758,21.573726427844125,0.027501403623508586,nan,nan
1999 RR30,267066,MBO,MBO,20892066631594066,745301787443986433,22.054058,2.6950648,2.5402799,150.0094436212323,2.252947127781085,2025052400220,98,60820.029564888915,r,150.0094584074004,2.252948721403559,39.936492919921875,8528.66,212.772,False,7775.46,0.181393,8591.01,212.878,False,-21.3698,7.08004,21.572797976727074,0.027086818207364517,21.673184776624666,2.5329041068737855e-05,21.564889468225804,0.026903631190780986,nan,nan
1999 RR30,267066,MBO,MBO,20892066631594066,745301787575058494,22.054047,2.6950657,2.540288,150.00953666107813,2.2528956311100905,2025052400221,92,60820.030088322615,r,150.0095526734881,2.2529088522098872,39.09527587890625,9102.5,229.308,False,8353.71,0.817774,9043.61,228.297,False,-24.5824,6.56454,21.502098280985045,0.02735160628209606,21.595301518556774,0.00010628652908172924,21.509145394291856,0.027408336440984917,nan,nan
1999 RR30,267066,MBO,MBO,20892066631594066,745301787708751953,22.054035,2.695067,2.540296,150.0096298843939,2.2528440355811714,2025052400222,91,60820.030613783456,r,150.00964125078787,2.2528481018456223,38.64778518676758,9369.39,240.463,False,8608.17,0.700921,9327.97,238.78,False,-22.9981,8.05866,21.470721748754205,0.027865142983463608,21.562722921978743,8.840616672889913e-05,21.475532180156954,0.02779298145753341,nan,nan
1999 RR30,267066,MBO,MBO,20892066631594066,745301787842969683,22.054024,2.695068,2.5403042,150.0097224032658,2.2527928326118647,2025052400223,91,60820.031134837554,r,150.00973932250469,2.252800176399728,45.8197135925293,8908.72,191.608,False,8252.78,0.589304,8957.75,192.025,False,-4.74597,21.307,21.525461760008785,0.023351923841145927,21.608499294079884,7.752886118413436e-05,21.51950265589364,0.023274649112988408,nan,nan
1999 RR30,267066,MBO,MBO,20892066631594066,745306225887936567,22.027714,2.696976,2.554837,150.18254127740218,2.1601135854268643,2025052500521,94,60820.97064975185,g,150.18254932765007,2.1601216254287934,33.69279479980469,4650.48,137.843,False,4331.98,0.0451522,4704.23,137.722,False,-14.6481,5.16429,22.23125555212387,0.03218186914452142,22.30828389765606,1.131662124067578e-05,22.218778636543743,0.03178623544024424,nan,nan
1999 RR30,267066,MBO,MBO,20892066631594066,745306226022154269,22.0277,2.6969771,2.554845,150.18263533881685,2.1600618142283863,2025052500522,94,60820.97117170756,g,150.1826384341376,2.160071881120399,33.535072326660156,4821.22,143.907,False,4592.63,0.21466,4858.24,144.145,False,-13.4318,4.6619,22.192107577895236,0.03240777864053755,22.244846381735496,5.074742440951229e-05,22.18380253409697,0.032214020370229766,nan,nan
1999 RR30,267066,MBO,MBO,20892066631594066,745306226156371990,22.027687,2.696978,2.5548532,150.18272976354876,2.1600098440346547,2025052500523,94,60820.97169588203,g,150.18274392679845,2.160004704714112,33.958168029785156,4725.47,139.022,False,4503.98,0.295608,4735.27,138.7,False,-12.0836,5.017,22.213887424737898,0.03194205343410798,22.266008871319436,7.125971351233407e-05,22.211638127898404,0.031802116387326065,nan,nan
1999 RR30,267066,MBO,MBO,20892066631594066,745306226291114008,22.027674,2.6969793,2.5548613,150.1828243713245,2.1599577740901643,2025052500524,95,60820.972220035575,g,150.18283514196293,2.1599568178599635,34.450889587402344,4898.27,140.9,False,4807.95,0.506107,4891.56,138.519,False,-19.2716,4.95385,22.17489319463905,0.031231480505080914,22.195100099400243,0.00011428959149172828,22.176381524590646,0.03074583333272944,nan,nan
1999 RR30,267066,MBO,MBO,20892066631594066,745306226426380299,22.027662,2.6969802,2.5548694,150.18291862158668,2.1599059019189504,2025052500525,97,60820.97274321155,g,150.18292694167712,2.1599129443994602,32.51456069946289,4655.11,142.926,False,4580.52,0.909438,4622.53,141.647,False,-24.7332,4.59853,22.230175162402737,0.03333539525216705,22.247713035998682,0.00021556717874955287,22.237800704485075,0.03326993806187371,nan,nan
1999 RR30,267066,MBO,MBO,20892066631594066,745306226559025163,22.027649,2.6969812,2.5548775,150.1830121538897,2.1598544258966994,2025052500526,94,60820.97326288884,g,150.1830319682497,2.1598437716841086,34.494781494140625,4815.18,138.142,False,4701.42,0.699333,4788.81,136.971,False,-32.5415,5.36099,22.19346864420242,0.03114852683946692,22.219427391807905,0.0001615025211619659,22.199430970736834,0.031054555166682728,nan,nan
1999 RR30,267066,MBO,MBO,20892066631594066,745306226694815754,22.027636,2.6969824,2.5548856,150.18310641000411,2.159802552553195,2025052500527,97,60820.97378587482,g,150.18312744711338,2.1598049750282153,33.1153678894043,4588.53,137.703,False,4451.07,0.0731061,4544.45,136.44,False,-29.0087,4.82664,22.245816112123673,0.032583233145469355,22.27883898214639,1.7832553872552082e-05,22.256296629611853,0.032597529747542014,nan,nan
1999 RR30,267066,MBO,MBO,20892066631594066,745306226828509215,22.027622,2.6969833,2.5548937,150.1832004888254,2.1597507778311456,2025052500528,96,60820.9743077991,g,150.18322216876157,2.1597607344487852,33.70280838012695,4761.46,139.671,False,4651.09,1.18369,4728.03,138.192,False,-14.3031,5.27567,22.205649658239622,0.03184860702345787,22.2311131781681,0.0002763169663793103,22.213299490486072,0.03173416113766608,nan,nan
1999 RR30,267066,MBO,MBO,20892066631594066,745306226962202651,22.027609,2.6969845,2.5549018,150.18329421025288,2.159699200853043,2025052500529,95,60820.97482747467,g,150.1833056615441,2.1596992790049208,32.52181625366211,4834.26,147.722,False,4749.69,0.43108,4841.47,146.099,False,4.48932,4.73998,22.18917504196487,0.03317718359122574,22.208336850217524,9.854099606357209e-05,22.18755683905215,0.03276380225005433,29.769548640201513,1.1463581039668655
1999 RR30,267066,MBO,MBO,20892066631594066,745306227095896149,22.027597,2.6969855,2.55491,150.18338847528807,2.1596473257968927,2025052500530,94,60820.97535075101,g,150.1834019231254,2.159650054202656,38.229827880859375,4957.49,127.878,False,4661.89,0.37687,4990.99,127.486,False,30.644,6.2986,22.161845331566724,0.02800646416610158,22.228594913470936,8.777156868826503e-05,22.15453319973922,0.027733207112435116,27.684136397727986,0.2231633753397428
1999 RR30,267066,MBO,MBO,20892066631594066,745306227231686659,22.027584,2.6969867,2.554918,150.18348220276732,2.1595957476544845,2025052500531,97,60820.97587058709,g,150.18349283538632,2.159597923224264,38.78242492675781,4969.95,127.13,False,4754.6,0.061492,5031.68,126.429,False,34.1969,5.66203,22.159119908453054,0.027772841840351368,22.20721501263386,1.4041999135067773e-05,22.14571742840002,0.027280856247546673,27.565033172608725,0.17976691769298603
1999 RR30,267066,MBO,MBO,20892066631594066,745306227365904425,22.02757,2.6969876,2.5549262,150.18357755556258,2.159543276234667,2025052500532,97,60820.97639929077,g,150.18359005820477,2.1595458583131624,37.55348205566406,4686.1,123.99,False,4321.14,0.0252215,4708.33,122.427,False,32.3709,6.36868,22.222971097181897,0.028727604383847458,22.311004122687102,6.337192364613032e-06,22.217832746217987,0.02823154414726934,27.62461309144066,0.21360872337943806
1999 RR30,267066,MBO,MBO,20892066631594066,745306227632766985,22.027544,2.6969898,2.5549424,150.18376628778643,2.1594394227458484,2025052500534,94,60820.977446518904,g,150.1837828888144,2.1594440713659555,39.158424377441406,4887.73,123.758,False,4505.97,0.569699,4961.44,123.048,False,26.3147,7.19881,22.177231986062466,0.027490991785061408,22.265529208390078,0.0001372718391609985,22.160980653607975,0.026927195798712306,27.849503976074228,0.2970206387682713
1999 RR30,267066,MBO,MBO,20892066631594066,745306227766984732,22.027533,2.6969907,2.5549505,150.1838603883183,2.159387643877715,2025052500535,94,60820.97796848843,g,150.1838814487671,2.159389421768657,38.79372024536133,4988.8,126.304,False,4833.91,0.427278,5045.57,124.993,False,33.6959,6.76232,22.155009808734917,0.027488139813642797,22.189253564282783,9.597017573157376e-05,22.14272444842438,0.02689674824859352,27.581057349572895,0.21789285062477726
1999 RR30,267066,MBO,MBO,20892066631594066,745306227900678169,22.02752,2.696992,2.5549586,150.18395359060705,2.1593363604277056,2025052500536,93,60820.9784858992,g,150.18396964506542,2.1593435016590607,37.64031219482422,4927.3,130.798,False,4643.02,0.305889,4994.46,128.578,False,59.6245,5.83026,22.16847752999357,0.028821491333058814,22.2329986094038,7.152990335250527e-05,22.15377866031887,0.027951328874013873,26.96143811962246,0.10616649395466636
1999 RR30,267066,MBO,MBO,20892066631594066,745306228034895911,22.027506,2.6969929,2.5549667,150.18404805801924,2.159284382051895,2025052500537,93,60820.979009012066,g,150.18406086799254,2.1592815151459637,37.62392044067383,4810.33,127.377,False,4575.17,0.566254,4936.45,125.497,False,93.6883,7.142,22.19456280480872,0.028750172465203762,22.248981928987135,0.00013437806700446897,22.16646310074725,0.027602149902606975,26.47078659083861,0.08276730498721059
1999 RR30,267066,MBO,MBO,20892066631594066,745306228170162236,22.027493,2.696994,2.5549748,150.18414144704212,2.1592329982296827,2025052500538,95,60820.97952775342,g,150.1841517093581,2.159239410037151,39.2217903137207,5097.29,128.712,False,4719.47,0.137366,5226.2,126.992,False,125.276,5.99624,22.13165163518624,0.02741599622790821,22.21526687612848,3.160169029146593e-05,22.104534895412726,0.026382420008729052,26.15533029621205,0.051967934485412204
1999 RR30,267066,MBO,MBO,20892066631594066,745306228304904196,22.02748,2.696995,2.554983,150.18423664219745,2.1591806218908687,2025052500539,96,60820.98005534505,g,150.18425064131105,2.159189567616801,34.749454498291016,5150.3,147.004,False,4858.91,0.521181,5356.83,147.325,False,141.956,5.07528,22.120418723643766,0.030989955674686702,22.183652827978207,0.00011645925711929464,22.07773032372768,0.029860212237416233,26.01961566502765,0.03881777239038223
1999 RR30,267066,MBO,MBO,20892066631594066,745306229244952579,22.027306,2.697009,2.555091,150.18549091367615,2.1584906468246503,2025052500546,97,60820.98701003194,u,150.18547523081946,2.1584936023999934,6.628644943237305,1938.45,290.88,False,1956.2,20.7205,2161.88,292.914,False,149.183,25.2297,23.181363518896863,0.1629234494037698,23.171466890675198,0.011500357130859278,23.062921099362068,0.14710684844211538,25.965701668868554,0.18361877068991306
1999 RR30,267066,MBO,MBO,20892066631594066,745306229378646034,22.02729,2.6970105,2.5551004,150.18560185385786,2.1584296304475084,2025052500547,96,60820.987625629394,u,150.18566244427515,2.1584385999779263,6.602714538574219,1849.67,281.201,False,2185.77,80.8683,1963.55,274.744,False,68.0785,16.1851,23.232264342336087,0.16506192297391775,23.050988838013872,0.04016966188281033,23.16739506135586,0.15191845760669737,26.817475072986845,0.2581248110638365
1999 RR30,267066,MBO,MBO,20892066631594066,745306229781823490,22.027245,2.697014,2.555129,150.18593398404195,2.1582469732993075,2025052500550,97,60820.98946626492,u,150.1859255845309,2.158309886601171,6.480003833770752,1923.46,298.607,False,1949.73,2.42492,1891.15,293.359,False,-68.342,16.5698,23.18979212402313,0.1685548083385108,23.175063825583855,0.0013503528966301638,23.20818504331475,0.1684215914773488,nan,nan
1999 RR30,267066,MBO,MBO,20892066631594066,745306229916041227,22.02723,2.6970153,2.5551386,150.18604476472484,2.158186052925819,2025052500551,97,60820.99008081766,u,150.1860430864254,2.158228045217378,5.728209018707275,1537.39,268.914,False,1813.74,20.6514,1372.36,260.671,False,-105.633,16.1968,23.43303986000304,0.18991255606894755,23.253562428388236,0.012362285861736069,23.556329883480714,0.2062286385376058,nan,nan
1999 RR30,267066,MBO,MBO,20892066631594066,745306230050258959,22.027214,2.6970167,2.5551484,150.1861559116126,2.158124933313985,2025052500552,97,60820.99069647894,u,150.1860871873273,2.1583245631467487,5.205360412597656,1471.4,284.635,False,1847.85,20.9453,1331.77,273.387,False,-86.1473,16.7054,23.480673102718825,0.2100302637736379,23.233333228650196,0.012306772684762867,23.588926915151518,0.2228809421297332,nan,nan
1999 RR30,267066,MBO,MBO,20892066631594066,745306230720299032,22.027138,2.697023,2.555196,150.18671100605428,2.157819720226541,2025052500557,95,60820.9937722632,u,150.1865576605904,2.1576778434348434,5.317648887634277,1851.35,351.253,False,2316.31,175.636,1928.97,348.93,False,-38.481,11.4434,23.231278688262677,0.20599459534195272,22.9880082672369,0.08232678741534323,23.186686332989098,0.19639804233758612,nan,nan
1999 RR30,267066,MBO,MBO,20892066631594066,745306230853992478,22.027054,2.6970296,2.5552478,150.18731155429552,2.1574895795200324,2025052500558,94,60820.99709920843,r,150.1873206157715,2.157497713965317,24.350322723388672,8945.11,367.593,False,8714.27,3.28188,9112.53,373.488,False,14.6611,4.59143,21.521035743448884,0.044617561883639294,21.549422528798374,0.00040889896925583725,21.5009025396712,0.044500203415696014,28.4845835813456,0.3400209980224478
1999 RR30,267066,MBO,MBO,20892066631594066,745306230988210194,22.02704,2.6970305,2.555256,150.18740579460425,2.1574377789412136,2025052500559,94,60820.99762132482,r,150.1874380520794,2.1574398329040307,18.762556076049805,8993.04,474.78,False,8881.49,5.68658,9110.11,483.432,False,30.3587,5.26178,21.51523368251072,0.05732053140324293,21.528785393474234,0.0006951677951530718,21.501190905870356,0.057615068545314965,27.694292080820837,0.18818015435809468
1999 RR30,267066,MBO,MBO,20892066631594066,745306231122427913,22.027027,2.6970317,2.555264,150.18750003907718,2.157385977839644,2025052500560,94,60820.99814325482,r,150.18749521816994,2.1574054777272185,19.554519653320312,8432.95,426.319,False,8196.93,0.237075,8630.25,435.93,False,42.94,4.32162,21.5850511614806,0.054888261239659876,21.615871975587623,3.140211294269983e-05,21.559941558786168,0.05484255679592617,27.317844934473033,0.10927199426371959
1999 RR30,267066,MBO,MBO,20892066631594066,745306231257169954,22.027014,2.6970327,2.555272,150.18759446842648,2.1573340769081137,2025052500561,95,60820.998666450614,r,150.18760420236976,2.157356336293956,34.621124267578125,8867.59,256.549,False,8567.93,0.451884,8947.15,257.08,False,51.1082,4.90023,21.53048600673204,0.03141152835165712,21.56781026547086,5.726317076203476e-05,21.520788156594346,0.031196642143481914,27.128773534357332,0.10409987125292666
1999 RR30,267066,MBO,MBO,20892066631594066,745306231392436241,22.027,2.697034,2.5552804,150.18768926322915,2.1572819769276963,2025052500562,97,60820.99919193251,r,150.18769739900802,2.1572960533861805,35.298805236816406,8532.04,241.048,False,8120.36,1.38111,8653.81,242.014,False,56.3644,5.22805,21.57236778791379,0.0306743222010857,21.62606181015623,0.0001846618997053072,21.55698166453275,0.030363895569993114,27.022487799379796,0.10070689162330014
1999 RR30,267066,MBO,MBO,20892066631594066,745306231525081100,22.026989,2.6970348,2.5552886,150.18778388187852,2.157229975590694,2025052500563,94,60820.99971589072,r,150.18779123148616,2.1572332412485267,31.19521713256836,8840.72,281.666,False,8349.1,1.68805,8995.75,283.431,False,46.0977,7.28181,21.53378094364637,0.03459163587791972,21.59590089385518,0.00021951792655109127,21.514906556259405,0.034208520466412366,27.240801899049067,0.1715080112488098
1999 RR30,267066,MBO,MBO,20892066631594066,745306231660871682,22.026976,2.697036,2.5552967,150.18787850483466,2.157177973728316,2025052500564,97,60821.000239021814,r,150.18789633822087,2.1571964416243516,31.82130241394043,8603.08,270.805,False,8630.09,1.46809,8782.99,272.174,False,21.5605,4.92151,21.56336508658585,0.03417645567719005,21.559961707571258,0.00018469779063652708,21.54089400032661,0.033645622971388185,28.065852970319185,0.24783571938996138
1999 RR30,267066,MBO,MBO,20892066631594066,745306231794565140,22.026962,2.697037,2.5553048,150.1879733128436,2.157125872029072,2025052500565,96,60821.000764293705,r,150.18798175809852,2.1571337861267588,35.89747619628906,8639.6,238.696,False,8346.49,1.07917,8721.47,237.195,False,7.92325,5.69927,21.55876595962113,0.029996863271530862,21.596240276046387,0.00014038163285937628,21.548525805916608,0.02952841838749097,29.152741574542567,0.7809804533196567
1999 RR30,267066,MBO,MBO,20892066631594066,745306231928258588,22.026949,2.6970382,2.5553129,150.18806812531514,2.157073769757435,2025052500566,95,60821.00128955838,r,150.18806953688951,2.157072721983055,23.856962203979492,8482.75,354.077,False,8258.73,2.40184,8565.08,355.678,False,0.86177,6.47072,21.57865833037995,0.04531952652924049,21.607716768137017,0.0003157585327437707,21.568171430746396,0.04508685127532111,31.561521604154304,8.152401433451217
1999 RR30,267066,MBO,MBO,20892066631594066,745306232061952081,22.026936,2.6970391,2.555321,150.1881622198394,2.157022063892821,2025052500567,94,60821.00181050827,r,150.18817639219995,2.1570199172723816,35.30455780029297,8389.07,236.169,False,7924.02,0.108793,8501.27,236.496,False,-1.33562,5.88742,21.590715413936238,0.03056563255302944,21.652636089786977,1.4906637836533196e-05,21.576290535935836,0.0302039914064899,nan,nan
1999 RR30,267066,MBO,MBO,20892066631594066,745306232197742598,22.026922,2.6970403,2.5553293,150.18825686062476,2.156970059750304,2025052500568,97,60821.00233476552,r,150.1882664589152,2.1569815167002915,37.510868072509766,8572.88,227.453,False,7991.75,0.852007,8640.42,227.779,False,1.2939,7.87652,21.567183153151717,0.02880641785928074,21.64339527570602,0.0001157512204496866,21.558662876059273,0.02862221012106739,31.120248206952613,6.609338446624576
1999 RR30,267066,MBO,MBO,20892066631594066,745306232331960355,22.026909,2.6970413,2.5553374,150.18835114476855,2.156918253486501,2025052500569,97,60821.002856651525,r,150.18836575750458,2.1569294433873276,39.67403030395508,8853.82,221.354,False,8066.19,0.454891,8967.38,221.49,False,14.3968,5.61176,21.532173240589557,0.02714444698746398,21.633328888769988,6.122985292929709e-05,21.51833607986419,0.026817166340518842,28.50433506817931,0.42321148716383256
1999 RR30,267066,MBO,MBO,20892066631594066,745306232466178083,22.026896,2.6970422,2.5553453,150.18844489148464,2.15686674442569,2025052500570,97,60821.003375144894,r,150.18845481712177,2.156865434842065,37.50142288208008,8605.77,227.181,False,7998.56,0.488677,8691.06,226.983,False,15.5907,5.49466,21.563025722047385,0.028662008153064814,21.642470474674433,6.63337278284459e-05,21.552318183306344,0.0283559974277405,28.41783595252624,0.38264806132920864
1999 RR30,267066,MBO,MBO,20892066631594066,745306232598822921,22.026882,2.6970434,2.5553536,150.18853954587297,2.156814738585311,2025052500571,94,60821.00389933289,r,150.1885493504955,2.1568168997126063,42.496253967285156,8929.99,206.912,False,8292.52,0.574996,8969.29,205.487,False,16.034,6.37547,21.522872540113283,0.02515700986070524,21.60328374229958,7.528399137808739e-05,21.518104830048678,0.02487428481020653,28.387395274982254,0.4317125237218231
1999 RR30,267066,MBO,MBO,20892066631594066,745306232733040658,22.026869,2.6970444,2.5553617,150.18863402425967,2.156762831404115,2025052500572,94,60821.00442242049,r,150.18864240942878,2.156779746944192,29.63460922241211,9056.5,303.699,False,8316.79,2.33684,9098.77,304.247,False,-2.00016,6.29785,21.507599021361624,0.03640887817759154,21.60011065582248,0.00030506862476826135,21.502543338406163,0.036305128075533655,nan,nan
1999 RR30,267066,MBO,MBO,20892066631594066,745306232866734090,22.026855,2.6970456,2.5553699,150.18872868796865,2.1567108243833517,2025052500573,93,60821.00494649089,r,150.18873482181291,2.156723799167358,37.89833068847656,8632.35,225.53,False,7946.77,0.0805089,8683.72,225.285,False,-28.6241,6.52948,21.559677447704743,0.028366099151939717,21.649523388337897,1.0999617482095785e-05,21.55323550541266,0.028167662311441993,nan,nan
1999 RR30,267066,MBO,MBO,20892066631594066,745306233000951837,22.026844,2.6970465,2.555378,150.18882317554392,2.1566589161177,2025052500574,93,60821.00546957778,r,150.18883818443317,2.1566592056034772,32.33163070678711,8370.21,257.891,False,7982.45,1.72673,8344.98,259.175,False,-47.0139,5.20904,21.593159119732228,0.03345215799190227,21.644659456154955,0.00023486188063610885,21.596436688601447,0.03372035065490367,nan,nan
1999 RR30,267066,MBO,MBO,20892066631594066,745306233136218179,22.02683,2.6970477,2.555386,150.18891658388273,2.1566076027161523,2025052500575,95,60821.00598691785,r,150.18892034899943,2.1566209405524366,30.17747688293457,8501.09,279.598,False,8424.34,0.342425,8479.32,279.628,False,-48.1245,5.34898,21.57631348489486,0.03570949939480541,21.586160304316543,4.413202869207022e-05,21.579097396587308,0.035805020001873904,nan,nan
1999 RR30,267066,MBO,MBO,20892066631594066,745306233269387319,22.026817,2.6970487,2.5553942,150.18901144215218,2.1565554948202865,2025052500576,93,60821.00651108364,r,150.1890335999964,2.1565565643312117,23.06078338623047,8590.22,369.153,False,8932.75,6.79319,8650.55,373.972,False,-33.4066,5.26166,21.564989318357522,0.04665803744113869,21.522537050995684,0.0008256821618708236,21.55739072279642,0.04693747018383782,nan,nan
1999 RR30,267066,MBO,MBO,20892066631594066,745306233405177874,22.026804,2.6970499,2.5554023,150.18910594387253,2.15650358482226,2025052500577,96,60821.00703421028,r,150.1891110934114,2.156517025896489,31.363601684570312,9059.19,287.157,False,8528.54,1.39963,9105.33,288.371,False,-24.327,4.9524,21.50727652778062,0.034415521764158095,21.572813268284634,0.00017818160008475545,21.50176076484016,0.03438588549800612,nan,nan
1999 RR30,267066,MBO,MBO,20892066631594066,745306233536774215,22.02679,2.6970508,2.5554104,150.1892004503453,2.1564516742614908,2025052500578,91,60821.00755743646,r,150.1892253294262,2.1564635282229045,24.489791870117188,8176.86,328.426,False,7493.92,2.34294,8199.04,331.382,False,-9.18431,5.29713,21.618533613032348,0.04360891579157907,21.713227379944897,0.0003394505025510742,21.61559248188923,0.043882383892822084,nan,nan
1999 RR30,267066,MBO,MBO,20892066631594066,745306233672564785,22.026777,2.6970518,2.5554185,150.18929460016594,2.15639996165416,2025052500579,94,60821.00807812068,r,150.18931225935535,2.156413117326139,31.61174964904785,8572.89,270.199,False,8233.33,1.21509,8591.17,270.253,False,27.9093,5.06078,21.567181916357697,0.03422006515731009,21.611061182916984,0.00016023495135425664,21.564869227785742,0.03415407437404193,27.78562764587033,0.19687602886039343
1999 RR30,267066,MBO,MBO,20892066631594066,745306234075217926,22.026672,2.69706,2.5554829,150.1900394755315,2.155990906264857,2025052500582,94,60821.01219956014,i,150.1900676896483,2.156002446555641,5.5646772384643555,11013.6,1970.45,False,11923.4,161.016,12996.4,1996.91,False,1914.48,7.30468,21.2951767899927,0.19424973918882085,21.208999680221144,0.014662000942886024,21.115442293648414,0.1668244634350954,23.194872926669433,0.004142616000477808
1999 RR30,267066,MBO,MBO,20892066631594066,745306234477871106,22.026632,2.6970634,2.5555072,150.19032315519,2.155835156327443,2025052500585,94,60821.013768803256,i,150.1903203004429,2.1558347661163966,5.205516815185547,19250.7,3789.22,False,26255.9,346.787,25021.6,3883.74,False,4593.48,6.57887,20.688883728852357,0.213711370337023,20.351932709774907,0.014340364712464325,20.404212324204572,0.1685230833797109,22.244645430120645,0.0015550121432870662
1999 RR30,267066,MBO,MBO,20892066631594066,745306235150532612,22.026567,2.6970687,2.555548,150.19079605683874,2.155575561988187,2025052500590,97,60821.01638391444,i,150.19083511881425,2.1555381414481887,10.270162582397461,8159.17,782.484,False,9544.68,25.2309,11282.1,796.189,False,2901.23,6.59105,21.620885055531517,0.10412471196473497,21.45059660408082,0.002870091223603552,21.269025175546474,0.07662148723713708,22.74354460828487,0.002466588936846346
1999 RR30,267066,MBO,MBO,20892066631594066,745306235819524100,22.0265,2.697074,2.5555885,150.191268365409,2.155316350940045,2025052500595,93,60821.01899406759,i,150.1913129154388,2.1553167598701775,7.829095363616943,9968.87,1262.02,False,11662.6,140.253,12346.4,1279.73,False,2336.95,7.00441,21.40338515579507,0.1374499627567841,21.233011584883776,0.013056931689381235,21.171149107702313,0.11253880711372255,22.978376471225925,0.0032542165903870395
1999 RR30,267066,MBO,MBO,20892066631594066,745306236221128761,22.02637,2.6970844,2.555668,150.1921929306144,2.154809107496941,2025052500598,91,60821.02410394958,i,150.1922089362551,2.154796443817623,12.322929382324219,10449.9,830.706,False,10160.7,8.75474,10621.1,839.778,False,121.523,7.10203,21.352219623166548,0.08630968134653988,21.382690907176887,0.0009355002843722478,21.334576295339247,0.08584585669350574,26.188353770856374,0.06345243875686159
1999 RR30,267066,MBO,MBO,20892066631594066,745306236356919341,22.026356,2.6970854,2.5556765,150.19228814966746,2.1547568810183786,2025052500599,94,60821.02462903415,i,150.1922843355302,2.1547621019805687,12.942107200622559,11017.3,850.919,False,10199.3,4.19667,11615.9,865.194,False,147.055,7.78752,21.29481208077428,0.08385662448029098,21.378574105251666,0.00044674406143708687,21.23736780204112,0.0808695310290961,25.981300565350057,0.057496805660077054
1999 RR30,267066,MBO,MBO,20892066631594066,745306236623781926,22.026329,2.6970875,2.5556927,150.1924771565342,2.1546532207103035,2025052500601,91,60821.02567340035,i,150.19246800107294,2.154610429989424,9.272223472595215,11692.4,1253.12,False,10698.1,26.7803,13214.2,1277.91,False,1392.99,6.93823,21.23024080306461,0.11636256903210053,21.326733406829625,0.002717897804131532,21.097397794776395,0.1049986506958451,23.540130010809428,0.005407854759668495
1999 RR30,267066,MBO,MBO,20892066631594066,745306236759572521,22.026316,2.6970885,2.5557008,150.19257221163122,2.1546010918619247,2025052500602,94,60821.02619863588,i,150.19259139088294,2.1546099244294847,8.38843059539795,10136.4,1182.76,False,9710.1,8.21902,12023.9,1204.04,False,1859.43,7.27207,21.385290607583464,0.12668850032111226,21.431940787336057,0.0009190109083331701,21.199886575559916,0.10872261245675513,23.22655038469666,0.004246220282336011
1999 RR30,267066,MBO,MBO,20892066631594066,745306236893790212,22.026302,2.6970897,2.555709,150.19266672920725,2.1545492603764638,2025052500603,94,60821.02672083935,i,150.19270858534236,2.1545785749578807,8.134927749633789,10269.0,1232.29,False,11765.8,17.344,13429.3,1255.67,False,2923.21,7.35754,21.371179615356148,0.13028940599600405,21.223446363536905,0.0016004869111167041,21.079866576460727,0.10151880200528308,22.735349975289445,0.002732731416667683
1999 RR30,267066,MBO,MBO,20892066631594066,745306237028007984,22.026289,2.6970906,2.5557172,150.19276197691806,2.1544970311193965,2025052500604,94,60821.02724621368,i,150.19275020677193,2.1545126671813533,7.8383684158325195,12365.6,1554.72,False,13602.3,37.9067,15997.3,1578.06,False,3674.25,6.85522,21.169462049504347,0.1365090099774142,21.06596914303673,0.0030257145725101366,20.88988329006135,0.10710288360013887,22.48707824287992,0.0020257087495281156
1999 RR30,267066,MBO,MBO,20892066631594066,745306237430661131,22.026249,2.697094,2.5557418,150.1930470304193,2.154340737357966,2025052500607,94,60821.02882074547,i,150.19304514488167,2.154303058259949,5.436659336090088,13632.0,2443.11,False,nan,nan,20264.7,2460.37,False,7882.22,7.28731,21.06360105644344,0.1945842940022339,nan,nan,20.63314959485711,0.1318209998825853,21.65837858976476,0.0010037903307272666
1999 RR30,267066,MBO,MBO,20892066631594066,745306237833314316,22.026203,2.6970975,2.55577,150.19337434568502,2.1541613013172167,2025052500610,94,60821.030627249565,i,150.19333585479092,2.154195583261343,11.723030090332031,11121.5,935.954,False,11028.2,1.34619,16881.9,945.531,False,5719.69,7.69906,21.28459158454011,0.09137248766102735,21.293738396828616,0.00013253361103863858,20.831446666386896,0.0608105261865538,22.006568783081278,0.0014614687562283168
1999 RR30,267066,MBO,MBO,20892066631594066,745306237968056343,22.026188,2.6970985,2.555778,150.19346945600952,2.1541091673376997,2025052500611,95,60821.03115241413,i,150.19344774366283,2.1540958798170875,6.598148345947266,11684.2,1778.14,False,15156.7,198.255,15982.9,1811.66,False,4155.33,7.60779,21.23100252624753,0.16523090658849537,20.948488349490184,0.014201813970189913,20.890861017913956,0.12306808162153099,22.35348618095443,0.0019878211546637287
1999 RR30,267066,MBO,MBO,20892066631594066,745306238103322638,22.026175,2.6970997,2.5557861,150.19356457231729,2.1540570328176822,2025052500612,97,60821.03167765079,i,150.19358501998255,2.1540575496511734,14.362652778625488,11963.1,830.904,False,12996.0,2.14531,15413.0,845.841,False,3411.7,6.68208,21.20539070286706,0.07541043508146644,21.115475743317635,0.000179227505085072,20.93028205397613,0.05958348153375938,22.567572926821335,0.002126498829649346
1999 RR30,267066,MBO,MBO,20892066631594066,745319361531609118,21.922543,2.7030182,2.6011424,150.7537985156435,1.8580603534399116,2025052800085,138,60823.970929467236,i,150.7538201977028,1.8580692483475865,26.953500747680664,9820.3,360.033,False,9759.86,1.41838,9866.96,359.825,False,-85.7893,7.83718,21.419688133502603,0.03980538877468754,21.426390990920282,0.00015778776402242635,21.41454158528603,0.03959426659045549,nan,nan
1999 RR30,267066,MBO,MBO,20892066631594066,745319361665826818,21.922523,2.7030191,2.6011505,150.75389755827354,1.8580071793251376,2025052800086,138,60823.971449116994,i,150.7539180692407,1.8579985494146212,25.631229400634766,9514.92,367.269,False,9561.68,3.94252,9366.53,363.526,False,-115.568,7.59692,21.45398715602363,0.041908630548455825,21.44866452272619,0.0004476762176483733,21.471053147158717,0.0421386926758249,nan,nan
1999 RR30,267066,MBO,MBO,20892066631594066,745319361798471783,21.922504,2.70302,2.6011586,150.75399736580113,1.8579535956897888,2025052800087,135,60823.971973280684,i,150.75401970692405,1.8579583905178556,26.769662857055664,10203.2,373.289,False,10946.8,1.63717,10183.5,374.064,False,-150.33,7.41773,21.378158980108584,0.039722182841672456,21.301782060574947,0.0001623793919270183,21.38025733067482,0.03988165391665645,nan,nan
1999 RR30,267066,MBO,MBO,20892066631594066,745319362068480106,21.922466,2.7030222,2.6011748,150.75419756194788,1.8578461199560752,2025052800089,138,60823.97302420653,i,150.75420275828094,1.8578576531869129,29.318267822265625,9789.74,329.805,False,9906.11,0.00867167,9712.3,328.904,False,-141.533,10.5498,21.423072079550952,0.03657719331517545,21.41024209598997,9.50438262880047e-07,21.431694800044,0.03676811660045322,nan,nan
1999 RR30,267066,MBO,MBO,20892066631594066,745319362201124943,21.922447,2.7030234,2.601183,150.7542975694929,1.8577924324732995,2025052800090,135,60823.97354942407,i,150.754327169818,1.8578001070340218,27.709854125976562,9743.14,348.418,False,10145.3,2.13911,9612.64,347.494,False,-95.6796,8.72555,21.428252681655025,0.03882629725571747,21.384337786412075,0.00022892465610628107,21.442893344736937,0.03924903226857199,nan,nan
1999 RR30,267066,MBO,MBO,20892066631594066,745319362467463255,21.92241,2.7030253,2.6011992,150.75449683251168,1.8576854648655052,2025052800092,131,60823.97459561535,i,150.75448904525516,1.8577012960236767,26.93355369567871,9794.07,360.648,False,9767.05,2.10892,9844.23,361.112,False,-16.8364,8.25358,21.422591956169946,0.03998017059433349,21.425591494242063,0.00023443424047425146,21.417045568351895,0.03982763031473983,nan,nan
1999 RR30,267066,MBO,MBO,20892066631594066,745319362603778133,21.922392,2.7030265,2.6012073,150.7545962784617,1.8576320825061463,2025052800093,135,60823.975117617665,i,150.75460125942152,1.8576325766390451,28.21794891357422,9685.54,342.613,False,9134.9,0.86706,9871.93,343.112,False,24.3696,8.93289,21.434690398011067,0.038406464066794106,21.4982404598694,0.00010305514013204037,21.413994866370555,0.037736200717528326,27.93287898486095,0.39798609338598256
1999 RR30,267066,MBO,MBO,20892066631594066,745319362870116370,21.922354,2.7030287,2.6012232,150.7547951801945,1.857525316247408,2025052800095,131,60823.97616159748,i,150.75479577302994,1.8575315225815938,27.685365676879883,9942.57,354.791,False,9817.84,2.20623,10128.1,354.391,False,47.1554,8.44394,21.406253322649576,0.03874344415433876,21.419960141820493,0.0002439827644252303,21.38618009010067,0.03799085165411196,27.216171432729098,0.1944187023570272
1999 RR30,267066,MBO,MBO,20892066631594066,745319363008004125,21.922335,2.7030296,2.6012313,150.75489463603262,1.857471932348501,2025052800096,138,60823.97668360425,i,150.75490753713714,1.8574826646580314,28.165111541748047,10105.8,354.126,False,10044.6,3.96443,10168.3,355.959,False,5.16497,9.33597,21.38857327340316,0.0380462144871436,21.39516842526461,0.00042852133996622614,21.38187914354613,0.03800808368187053,29.6173305082714,1.9625284771926736
1999 RR30,267066,MBO,MBO,20892066631594066,745319363142221844,21.922316,2.7030306,2.6012394,150.754994285836,1.857418445627008,2025052800097,138,60823.97720658222,i,150.75500480138183,1.8574197348380064,28.774356842041016,9764.85,334.955,False,9705.63,2.14704,9836.11,334.627,False,-48.4883,10.3943,21.425836102476804,0.037243047300659735,21.432440685528597,0.00024018213862401168,21.417941518863948,0.036937026057874474,nan,nan
1999 RR30,267066,MBO,MBO,20892066631594066,745319363271196675,21.922297,2.7030318,2.6012475,150.7550948917482,1.857364447042291,2025052800098,128,60823.97773406464,i,150.75509536573546,1.857367218184751,28.633058547973633,10217.0,352.439,False,9849.8,2.89086,10152.0,351.018,False,-71.7718,9.04968,21.376691516547467,0.03745285085958465,21.416431490914107,0.0003186573854052256,21.38362097728338,0.037540677398875094,nan,nan
1999 RR30,267066,MBO,MBO,20892066631594066,745319363808067591,21.922222,2.7030358,2.60128,150.75549258673468,1.857151004072819,2025052800102,128,60823.97982178057,i,150.75549274224116,1.8571572994994654,28.691375732421875,9619.52,328.399,False,8957.89,0.174495,9684.35,327.161,False,-17.8384,10.3128,21.442116548111777,0.03706574620844163,21.51948572974782,2.114957237316019e-05,21.434823851803113,0.036678823924757145,nan,nan
1999 RR30,267066,MBO,MBO,20892066631594066,745319363941761061,21.922203,2.703037,2.601288,150.7555920668608,1.8570976164751212,2025052800103,127,60823.980343354226,i,150.75560827727443,1.8571041120857477,28.144790649414062,9984.88,351.269,False,9509.47,2.0544,10042.2,351.796,False,20.27,8.82028,21.401642888211413,0.03819630169856829,21.454609249519926,0.0002345594956999045,21.395427812599138,0.03803525478404784,28.13286560374796,0.4724468276933782
1999 RR30,267066,MBO,MBO,20892066631594066,745319364075978832,21.922184,2.703038,2.601296,150.75569097884494,1.857044535159862,2025052800104,127,60823.980862001554,i,150.755695879097,1.8570684451783317,29.820941925048828,10288.8,343.194,False,9901.7,1.69254,10407.6,343.758,False,51.6954,8.68385,21.369088207554956,0.036215900629252375,21.41072556854511,0.00018558954255882963,21.356623559655713,0.035861343202302214,27.116370244784946,0.1823831639061037
1999 RR30,267066,MBO,MBO,20892066631594066,745319364189749250,21.922165,2.703039,2.601304,150.7557910379518,1.8569908396535968,2025052800105,88,60823.98138725439,i,150.75580270087602,1.8570062569977217,28.264780044555664,9700.19,342.14,False,9124.96,1.02019,9965.44,341.543,False,138.199,8.56354,21.433049349450194,0.03829551632959567,21.499422581228593,0.00012138762515712352,21.403758756468918,0.03721116014920751,26.04873770842173,0.06727795115715847
1999 RR30,267066,MBO,MBO,20892066631594066,745319364324491350,21.922146,2.7030401,2.6013122,150.7558911007292,1.8569371436161548,2025052800106,89,60823.98191238269,i,150.755907636267,1.856947065477717,29.246868133544922,10248.5,348.675,False,9632.89,1.32519,10754.9,349.06,False,377.685,8.38509,21.373349236372754,0.036938972331602184,21.44060853708931,0.00014936397668040575,21.32098401897982,0.035238548309802185,24.95717566479722,0.024104732026669164
1999 RR30,267066,MBO,MBO,20892066631594066,745319364458184725,21.922127,2.703041,2.6013203,150.75599116720585,1.856883447047128,2025052800107,88,60823.98243712131,i,150.7559969116343,1.8568817459566065,26.34307098388672,9823.91,369.452,False,9383.96,0.714051,10638.2,369.718,False,837.481,7.99473,21.419289044971663,0.04083174636515508,21.469034634792326,8.261661760073383e-05,21.332829602884658,0.037733469640739516,24.092562569212685,0.010364614380954148
1999 RR30,267066,MBO,MBO,20892066631594066,745319364590829611,21.92211,2.7030423,2.6013284,150.75609104683863,1.8568298522047155,2025052800108,85,60823.98296152153,i,150.7561167819933,1.8568424548307991,27.359094619750977,10520.8,381.777,False,10604.9,2.77952,12141.4,382.367,False,1510.72,7.47321,21.34487810826011,0.03939901219360223,21.336233515889546,0.00028456896552182185,21.18932804698104,0.03419290088617881,23.452040074177408,0.005370905704480182
1999 RR30,267066,MBO,MBO,20892066631594066,745319364726620182,21.92209,2.7030432,2.6013367,150.7561915019446,1.856775950057848,2025052800109,88,60823.983488194426,i,150.75621440474825,1.8567765793208606,29.54112434387207,10793.8,362.907,False,10970.0,2.34177,12496.0,362.38,False,1699.16,8.07151,21.317064102912003,0.036504409016172114,21.299483431063223,0.0002317725068580441,21.158072458666936,0.03148600281543672,23.324414288719005,0.005157566562140448
1999 RR30,267066,MBO,MBO,20892066631594066,745319364859265076,21.922071,2.7030442,2.6013446,150.75629100784812,1.8567225587226803,2025052800110,85,60823.984010136104,i,150.75630430463784,1.8567256429821586,29.45167350769043,10351.0,349.332,False,10061.8,1.79442,12021.3,349.587,False,1594.28,8.5324,21.362544228536294,0.03664210227763345,21.393310819738073,0.0001936300465706972,21.20012142911023,0.031573895907782014,23.39358848511458,0.005810733099404315
1999 RR30,267066,MBO,MBO,20892066631594066,745319364995055629,21.922052,2.7030454,2.6013527,150.75639032683745,1.8566692691716264,2025052800111,88,60823.984531787224,i,150.75640922135017,1.8566852581221154,29.865581512451172,10147.6,334.839,False,9625.41,0.0263228,11405.0,333.541,False,1224.71,9.91238,21.384091692330315,0.035825892565366654,21.441451888366615,2.9691844014825766e-06,21.25726177596833,0.0317525228673231,23.679916874735504,0.008787574545667741
1999 RR30,267066,MBO,MBO,20892066631594066,745319365558140941,21.921968,2.70305,2.6013887,150.75683416342048,1.8564311474994617,2025052800115,138,60823.9868594163,i,150.75686583820888,1.8564258701620369,26.796430587768555,9551.1,352.462,False,9665.95,2.15266,9681.57,351.866,False,47.0721,8.66991,21.449866564026873,0.040066670430543724,21.436888617332976,0.0002417993818686611,21.435135490317975,0.03945988514015954,27.21809102909669,0.19997483282631892
1999 RR30,267066,MBO,MBO,20892066631594066,745319365690785880,21.92195,2.703051,2.6013968,150.75693350340526,1.856377855100766,2025052800116,135,60823.98738087852,i,150.75693814139603,1.8563775429711873,27.28093147277832,10660.4,386.445,False,10032.5,1.00686,10753.9,388.338,False,46.1583,7.7158,21.3305662086832,0.03935849688806348,21.396477078985306,0.00010896430345610247,21.32108497637085,0.03920741542619201,27.239375521780268,0.18149116138087862
1999 RR30,267066,MBO,MBO,20892066631594066,745319365825003604,21.92193,2.703052,2.6014051,150.75703456343354,1.856323641587832,2025052800117,135,60823.98791093669,i,150.75704753088095,1.8563123667238,25.075035095214844,9889.74,395.794,False,9914.79,0.779547,9909.1,396.575,False,23.3063,7.61191,21.412037788767194,0.043451887727471404,21.409291195538287,8.536563779116555e-05,21.409914514756828,0.04345257042811469,27.981316705779275,0.3546048239967255
1999 RR30,267066,MBO,MBO,20892066631594066,745319365959221317,21.921473,2.7030773,2.6016004,150.75944029978703,1.8550336111464936,2025052800118,135,60824.00052049079,z,150.75946028254504,1.8550678917364014,13.820059776306152,9154.34,669.067,False,9419.19,21.1271,27583.1,666.107,False,18108.3,19.0101,21.495932422385486,0.07935365037051635,21.464966056985027,0.0024352896921276375,20.298392330569985,0.026219550759459392,20.755305751071482,0.0011398061825854428
1999 RR30,267066,MBO,MBO,20892066631594066,745319366093439003,21.921453,2.7030783,2.6016088,150.75954299664798,1.8549785659027591,2025052800119,135,60824.001058014765,z,150.75957559408113,1.855011478267877,13.933404922485352,10170.7,718.055,False,10373.2,45.0724,21232.3,714.599,False,10964.8,18.0698,21.38162286830947,0.0766533559719656,21.360218101130066,0.00471761217941925,20.582507355322136,0.03654177722504871,21.299998233156572,0.0017892743867624356
1999 RR30,267066,MBO,MBO,20892066631594066,745319366225559564,21.921434,2.7030795,2.6016169,150.75964302590415,1.854924952504053,2025052800120,131,60824.00158213176,z,150.7596450217756,1.854931710613596,14.621476173400879,10404.6,709.572,False,10153.0,4.73944,16636.3,705.326,False,6188.1,19.2407,21.35693656921348,0.074044947670531,21.383514034539658,0.0005068237525373823,20.847358090679958,0.04603174541223738,21.92110667460517,0.003375886623259904
1999 RR30,267066,MBO,MBO,20892066631594066,745319366359777306,21.921415,2.7030804,2.601625,150.75974286881652,1.854871440980263,2025052800121,131,60824.00210505076,z,150.7597739991762,1.8548862636861763,12.862523078918457,8483.42,658.956,False,8904.76,4.43785,10903.2,653.935,False,2387.2,21.3605,21.578572588172044,0.08433537255486805,21.5259444813134,0.0005410965080977653,21.30611503423528,0.06511857892080415,22.955278007726363,0.009715092594076831
1999 RR30,267066,MBO,MBO,20892066631594066,745319366496092206,21.921396,2.7030816,2.6016328,150.75984214381265,1.8548182358289007,2025052800122,135,60824.002625896646,z,150.75981077244435,1.8548385753404397,10.826667785644531,7339.2,671.826,False,7067.43,3.19077,9612.29,668.375,False,2013.77,25.1349,21.735878164136366,0.0993876416902196,21.776846183810893,0.0004901830406607322,21.442932833417746,0.0754949063028888,23.139975322727608,0.013551631881453634
1999 RR30,267066,MBO,MBO,20892066631594066,745319373853949990,21.920029,2.703156,2.6022117,150.76697369046525,1.851002240545158,2025052800177,89,60824.039908189545,r,150.76698259399018,1.8510167274589806,32.63241958618164,8898.31,271.199,False,8715.63,1.71905,9558.38,275.199,False,366.913,5.39329,21.526731223279384,0.033090619767050626,21.549253051865602,0.0002141480193554379,21.449039282798488,0.031259850209242025,24.988592268104906,0.015959342819493308
1999 RR30,267066,MBO,MBO,20892066631594066,745319374121336848,21.919989,2.7031581,2.602228,150.76717478060044,1.8508948373038736,2025052800179,87,60824.04095713925,r,150.7671930286208,1.8509085071179598,33.3813362121582,8842.06,262.913,False,8406.7,0.315409,9291.98,265.045,False,295.311,4.93451,21.53361640877926,0.03228367264831967,21.588436100929883,4.073548095455113e-05,21.479729279337008,0.030969605235062203,25.224300922336703,0.0181421495522017
1999 RR30,267066,MBO,MBO,20892066631594066,745319374254505986,21.91997,2.7031593,2.6022363,150.7672775402874,1.85083995750792,2025052800180,85,60824.04149341594,r,150.76729782712616,1.8508516928833683,34.15700149536133,8805.24,257.041,False,8273.88,0.349579,9189.75,258.495,False,248.651,5.03709,21.538146976572776,0.03169461550274582,21.605726970811315,4.5873349514858203e-05,21.49174075774182,0.030540262242988805,25.411024470299953,0.021994485313918222
1999 RR30,267066,MBO,MBO,20892066631594066,745319374389248105,21.919949,2.7031603,2.6022444,150.76737858125998,1.8507859986999164,2025052800181,86,60824.04202079975,r,150.767390703275,1.8508024235750853,33.929115295410156,9263.28,269.374,False,8647.92,0.474176,9692.68,271.28,False,232.42,5.17094,21.48308798891455,0.03157295127645827,21.557720851305,5.9532239430627856e-05,21.433890347721828,0.03038772824415836,25.484316266427548,0.02415573844994557
1999 RR30,267066,MBO,MBO,20892066631594066,745319374522941463,21.91993,2.7031615,2.6022527,150.76747962889527,1.8507320394126383,2025052800182,85,60824.04254722603,r,150.76749825547097,1.850733946920892,30.731840133666992,8544.81,277.075,False,8055.87,1.24372,9097.82,280.7,False,213.362,4.81478,21.57074402881335,0.03520621140957417,21.634718861052768,0.00016762334449889964,21.50265661250564,0.0334988113043393,25.57720731832314,0.024500994700894098
1999 RR30,267066,MBO,MBO,20892066631594066,745319374655586334,21.91991,2.7031624,2.6022608,150.7675799161696,1.8506784892129655,2025052800183,82,60824.0430702788,r,150.76758884383918,1.850685960283813,30.816030502319336,8256.93,265.191,False,7860.02,0.8718,8437.58,267.303,False,176.437,4.85544,21.607953534138403,0.034871010304195885,21.66144086951952,0.00012042524406529276,21.58445523101036,0.03439618372340601,25.783525859890613,0.029878808047953998
1999 RR30,267066,MBO,MBO,20892066631594066,745319374791376912,21.919891,2.7031634,2.602269,150.76768059359938,1.850624733756937,2025052800184,85,60824.04359566094,r,150.7676894353551,1.8506304372064393,33.085601806640625,9219.14,276.201,False,8685.77,0.0899165,9614.35,278.869,False,178.508,4.88847,21.4882740160672,0.032528134374002975,21.552979246044387,1.1239717604276601e-05,21.44270022386101,0.03149231814920802,25.7708558162525,0.02973306060927897
1999 RR30,267066,MBO,MBO,20892066631594066,745319374924021780,21.91987,2.7031646,2.602277,150.76778166128253,1.8505707730402272,2025052800185,82,60824.044122991545,r,150.76779785207563,1.8505804789956286,30.181785583496094,8553.95,281.719,False,8179.14,2.66267,8983.89,284.83,False,179.33,4.65044,21.569583206791403,0.03575804213521557,21.618230876979048,0.0003534548938219506,21.51633897817799,0.03442275458893979,25.765867617705144,0.028155641884179305
1999 RR30,267066,MBO,MBO,20892066631594066,745319375059812362,21.919851,2.7031655,2.6022854,150.76788254387446,1.85051691426426,2025052800186,85,60824.044648688796,r,150.76789410243825,1.8505363530235683,30.870668411254883,8216.8,266.37,False,7535.43,0.462867,8646.18,268.828,False,151.677,5.16835,21.61324323527942,0.0351971028179353,21.707229875083605,6.669180646842323e-05,21.557939357675934,0.0337578336540425,25.947700660459414,0.036996148922833774
1999 RR30,267066,MBO,MBO,20892066631594066,745319375192457245,21.919832,2.7031667,2.6022935,150.76798304967932,1.8504632597569728,2025052800187,82,60824.045172979844,r,150.76799929722173,1.850465420499928,31.111886978149414,9075.23,289.96,False,8517.21,0.889344,9537.84,294.144,False,159.11,4.67838,21.50535584271711,0.034690034786245896,21.574256616665863,0.00011336963145364296,21.451374935925326,0.03348376665606698,25.89575630648701,0.031924370182365686
1999 RR30,267066,MBO,MBO,20892066631594066,745319375326675013,21.919813,2.7031677,2.6023016,150.76808452128847,1.8504090928221424,2025052800188,82,60824.04570146889,r,150.76810120694043,1.8504168253054243,32.257659912109375,8871.8,274.254,False,8418.74,1.12266,9258.59,279.215,False,124.027,5.1886,21.529970666893767,0.03356336947061822,21.586882226770953,0.00014478563514941947,21.48363788688967,0.0327429809022267,26.16620939878612,0.04542116572484335
1999 RR30,267066,MBO,MBO,20892066631594066,745319375461416962,21.919792,2.7031686,2.60231,150.76818599968033,1.8503549254559548,2025052800189,83,60824.04623003084,r,150.7681943416493,1.8503503847320395,28.283960342407227,7923.61,283.22,False,7717.52,3.16222,8218.81,285.424,False,119.168,5.42174,21.652692290177022,0.038808348031110544,21.6813055881713,0.0004448756509923701,21.61297770508054,0.037705604449042834,26.209600880100044,0.04939731728964116
1999 RR30,267066,MBO,MBO,20892066631594066,745319375619227745,21.919764,2.7031703,2.6023219,150.76833333802344,1.850276284563114,2025052800190,128,60824.046998932594,r,150.76836056950037,1.8503120556038337,26.86091423034668,8575.52,319.643,False,8669.02,0.648065,8953.7,327.683,False,161.435,4.52023,21.566848898994245,0.040469616128144564,21.55507504646133,8.116576499584433e-05,21.519993628941425,0.039735227239252324,25.88000577132525,0.030400949235008884
1999 RR30,267066,MBO,MBO,20892066631594066,745319375753445419,21.919744,2.7031713,2.60233,150.7684336822232,1.8502227303741692,2025052800191,128,60824.04752198832,r,150.7684624138284,1.850229936369004,28.601852416992188,8525.14,296.213,False,8370.01,1.76643,8805.15,300.202,False,138.244,4.58735,21.573246245487027,0.037724800468544255,21.593185088244276,0.00022913677282946943,21.5381580548747,0.037016991326077164,26.048384245754093,0.036027977652026914
1999 RR30,267066,MBO,MBO,20892066631594066,745319375887663136,21.919725,2.7031724,2.602338,150.76853441698228,1.8501689709191456,2025052800192,128,60824.0480465993,r,150.76855255029858,1.8501863517383825,31.69129180908203,8134.8,255.265,False,7672.98,0.0728274,8356.86,257.074,False,101.706,5.87212,21.624132826175316,0.03406973229816931,21.687589837283028,1.0305167451476266e-05,21.594892137771172,0.03339945181880697,26.38163355066641,0.06268630265307168
1999 RR30,267066,MBO,MBO,20892066631594066,745319376025550922,21.919706,2.7031734,2.6023462,150.76863515860757,1.85011521099523,2025052800193,135,60824.048571769206,r,150.76864182855064,1.8501293395796183,31.292226791381836,8172.94,259.644,False,7640.56,0.963545,8414.12,261.271,False,86.0902,5.48406,21.619054231172253,0.03449247231570905,21.692187015392545,0.00013692133951928392,21.587478231077043,0.033713730700462595,26.562615678725496,0.06916283298462583
1999 RR30,267066,MBO,MBO,20892066631594066,745319376157671445,21.919685,2.7031746,2.6023545,150.7687360989854,1.8500613482252868,2025052800194,131,60824.04909724841,r,150.7687509449038,1.850064703479993,32.99053192138672,8331.8,250.408,False,8152.06,0.894891,8537.22,252.965,False,52.6731,5.78223,21.59815293441396,0.03263124932226826,21.621831573540696,0.00011918650950691435,21.571708851967195,0.03217127634726396,27.096027812712684,0.11918752464779044
1999 RR30,267066,MBO,MBO,20892066631594066,745323760487759930,21.877987,2.7051291,2.617415,150.96198295266709,1.7494027261011214,2025052900092,81,60825.028359943615,r,150.96199041329797,1.7494058928169613,34.99397659301758,8331.01,234.579,False,7922.32,2.06037,8260.23,235.648,False,-67.8653,6.41535,21.598255891122474,0.030571433072590488,21.652869072751024,0.00028236909384359233,21.607519588142736,0.030973900875138485,nan,nan
1999 RR30,267066,MBO,MBO,20892066631594066,745323760621977681,21.877966,2.70513,2.617423,150.96208537435402,1.7493483477553804,2025052900093,81,60825.028885205786,r,150.96210413843778,1.7493508697324018,33.077022552490234,7603.4,229.489,False,7388.97,1.13128,7562.1,227.995,False,-60.9976,9.32131,21.69748041776777,0.032770144589391294,21.728540210228836,0.0001662304162414085,21.70339394571589,0.03273461307118973,nan,nan
1999 RR30,267066,MBO,MBO,20892066631594066,745323760756719654,21.877945,2.705131,2.6174312,150.96218760727118,1.7492940723898012,2025052900094,82,60825.02941036766,r,150.96220891790497,1.7493070427984412,35.30940246582031,8012.38,224.377,False,7817.09,1.5463,8015.64,224.618,False,-57.8998,8.91247,21.640596170320173,0.03040472803152664,21.667387241400338,0.0002147696886139108,21.64015447187617,0.03042500493685744,nan,nan
1999 RR30,267066,MBO,MBO,20892066631594066,745323760892510216,21.877924,2.7051322,2.6174393,150.96228984638196,1.7492397965038613,2025052900095,85,60825.02993560632,r,150.96230228752364,1.7492417994066267,34.58007049560547,7980.41,230.845,False,7399.22,0.942281,7912.28,229.639,False,-66.568,7.37536,21.644936968359225,0.03140650299990676,21.7270351176438,0.00013826708429841108,21.65424591026344,0.031511446929548916,nan,nan
1999 RR30,267066,MBO,MBO,20892066631594066,745323761024630822,21.877903,2.7051332,2.6174474,150.96239189690465,1.7491856235068002,2025052900096,81,60825.03045977649,r,150.96240881172812,1.7491937259640749,32.643310546875,7994.33,243.287,False,7902.84,1.60728,7888.54,242.05,False,-74.5245,6.91239,21.643044810270837,0.0330416062695529,21.655542048087657,0.00022081709094437597,21.657508414552044,0.033314460010821154,nan,nan
1999 RR30,267066,MBO,MBO,20892066631594066,745323761159372812,21.877882,2.7051342,2.6174555,150.9624939534636,1.7491314500880797,2025052900097,82,60825.03098396293,r,150.96250579271657,1.7491521751940988,25.03207778930664,7331.35,289.966,False,7392.81,0.182981,7308.8,292.534,False,-109.694,4.38765,21.73704010228859,0.04294251179745933,21.727976129665244,2.6873285557603525e-05,21.74038483427975,0.043456485291606964,nan,nan
1999 RR30,267066,MBO,MBO,20892066631594066,745323761272619057,21.87786,2.7051353,2.6174636,150.96259640583014,1.749077069379146,2025052900098,42,60825.03150921374,r,150.9626143455343,1.7490895143832892,32.770206451416016,7633.01,229.788,False,7573.37,0.728968,7586.21,229.437,False,-57.4988,7.99766,21.693260454961,0.03268555295787301,21.701777045768793,0.00010450657551348179,21.699937854117767,0.03283695745968487,nan,nan
1999 RR30,267066,MBO,MBO,20892066631594066,745323761406836746,21.877838,2.7051363,2.6174717,150.9626980851446,1.7490231017961264,2025052900099,42,60825.03203120518,r,150.96271226791725,1.7490227980835786,32.80224609375,7489.78,227.619,False,7251.96,0.216572,7472.56,225.965,False,-41.1051,11.1127,21.713827378147005,0.03299618945527666,21.74886150592281,3.242434656493333e-05,21.716326464388132,0.03283190440870887,nan,nan
1999 RR30,267066,MBO,MBO,20892066631594066,745323761562026010,21.877817,2.7051375,2.61748,150.9628005499277,1.7489687201472617,2025052900100,82,60825.03255740818,r,150.9628087908656,1.7489624833098196,34.17451095581055,7718.74,223.947,False,7537.52,1.03615,7697.19,223.312,False,-32.2192,8.84538,21.681133936305574,0.0315009140382091,21.70692880342785,0.00014925141723686855,21.684169490861656,0.03149953702053279,nan,nan
1999 RR30,267066,MBO,MBO,20892066631594066,745323761675272239,21.877796,2.7051384,2.617488,150.96290224161007,1.7489147516324317,2025052900101,42,60825.033079287,r,150.96291933493404,1.748925691086455,34.90919876098633,7801.24,219.8,False,7798.94,2.15689,7811.42,218.754,False,-31.8682,8.65361,21.6695908701559,0.030590625842758696,21.669911060223924,0.0003002733048970259,21.668175037526808,0.030405372867600096,nan,nan
1999 RR30,267066,MBO,MBO,20892066631594066,745323761809489948,21.877775,2.7051394,2.6174963,150.96300432914938,1.7488605758740383,2025052900102,42,60825.03360386954,r,150.96301249792782,1.748860161926525,32.4465446472168,7547.13,231.269,False,7424.85,2.84984,7504.14,229.93,False,-31.8572,8.50406,21.70554543981434,0.03327054485463589,21.723280775032897,0.0004167322362704767,21.71174766070781,0.033267411463483935,nan,nan
1999 RR30,267066,MBO,MBO,20892066631594066,745323761943707685,21.877754,2.7051406,2.6175044,150.96310661784202,1.748806296234476,2025052900103,42,60825.034128061634,r,150.9631251851387,1.7488180510788536,30.632848739624023,7080.91,229.839,False,6873.14,1.29471,7097.02,229.242,False,-35.7689,7.34593,21.77477728994498,0.03524187187278175,21.807112002884406,0.00020452275629918008,21.77230992423943,0.03507054272603054,nan,nan
1999 RR30,267066,MBO,MBO,20892066631594066,745323762077925406,21.877733,2.7051415,2.6175125,150.9632089128466,1.7487520161273424,2025052900104,42,60825.034653270595,r,150.96321787943924,1.7487711553880412,30.388011932373047,7401.6,242.252,False,7310.24,0.453861,7377.95,241.671,False,-52.4826,6.29367,21.726685957948547,0.03553579799123813,21.740170876774606,6.74086352601585e-05,21.730160701986225,0.03556420863424422,nan,nan
1999 RR30,267066,MBO,MBO,20892066631594066,745323762211618856,21.87771,2.7051427,2.6175206,150.9633114090988,1.7486976321363188,2025052900105,41,60825.03517963602,r,150.96332136225982,1.7487046068855172,30.588533401489258,7885.85,254.568,False,8434.99,0.722305,7862.52,255.022,False,-62.4132,5.52354,21.65787870675053,0.035049320406558254,21.58478853969944,9.297375188360845e-05,21.66109558936402,0.03521601486138731,nan,nan
1999 RR30,267066,MBO,MBO,20892066631594066,745323762345836565,21.87769,2.7051437,2.6175287,150.96341332704986,1.7486435578822834,2025052900106,41,60825.03570259073,r,150.96341548976488,1.7486611132772636,28.485448837280273,7659.07,264.963,False,8057.49,3.78571,7678.05,266.485,False,-57.9466,5.30694,21.689559927987226,0.03756068849188653,21.63450053044339,0.0005101194531766569,21.686872687751926,0.03768305806560304,nan,nan
1999 RR30,267066,MBO,MBO,20892066631594066,745323762478481459,21.877668,2.7051446,2.6175368,150.96351466661332,1.748589793373571,2025052900107,38,60825.03622262055,r,150.96350706683936,1.7485941394737778,26.986778259277344,7788.65,287.774,False,8531.74,6.55209,7719.13,288.486,False,-49.4926,4.69669,21.671344542846114,0.04011563495492843,21.572405939929162,0.0008338089670820492,21.681079128820784,0.04057707167825099,nan,nan
1999 RR30,267066,MBO,MBO,20892066631594066,745323763014828066,21.877584,2.705149,2.6175692,150.9639230121443,1.7483731797369324,2025052900111,37,60825.03831789047,r,150.96393479261175,1.7483802190412692,32.71091842651367,7680.23,233.205,False,7258.44,1.63943,7670.16,232.842,False,-36.7942,7.63177,21.6865644376318,0.03296764735724858,21.747891780771734,0.00024523018314789066,21.687988919250934,0.032959544399263296,nan,nan
1999 RR30,267066,MBO,MBO,20892066631594066,745323763175260195,21.877552,2.7051504,2.6175814,150.9640760464897,1.7482920123239414,2025052900112,87,60825.03910224287,r,150.96408457880045,1.7483058591992533,33.0169792175293,8412.13,253.622,False,8320.77,1.54875,8416.91,254.617,False,-51.4655,5.62339,21.587735076128908,0.03273446618929627,21.599591267289725,0.00020208875962717416,21.587118271359618,0.03284422607421156,nan,nan
1999 RR30,267066,MBO,MBO,20892066631594066,745323763330449416,21.877531,2.7051516,2.6175897,150.96417879236898,1.7482375210147407,2025052900113,127,60825.03962907732,r,150.9641910215633,1.7482390037596742,31.13997459411621,7852.73,249.439,False,7805.46,0.670999,7832.89,249.484,False,-39.049,5.86608,21.66244833923834,0.034487999563958364,21.669003749245345,9.33356779775607e-05,21.66519491195684,0.03458159115671341,nan,nan
1999 RR30,267066,MBO,MBO,20892066631594066,745323763443695679,21.877508,2.7051525,2.6175978,150.96428154484732,1.7481830292407394,2025052900114,87,60825.04015647087,r,150.96429319674044,1.7481781137235746,32.85649871826172,7678.73,229.699,False,7967.53,3.84222,7748.01,230.513,False,-16.9719,12.3075,21.686776509844563,0.0324783560168933,21.6466907608013,0.0005235797727701928,21.67702460141485,0.03230201275790036,nan,nan
1999 RR30,267066,MBO,MBO,20892066631594066,745323763712131144,21.877466,2.7051547,2.617614,150.96448570458355,1.7480747681438291,2025052900116,87,60825.041203718705,r,150.9645061123165,1.7480720538983316,34.130550384521484,7702.07,222.917,False,7717.53,0.795461,7712.36,221.472,False,17.1743,10.3447,21.6834813713413,0.03142389918093523,21.68130421429914,0.00011190896959821789,21.68203178548641,0.031178546273179734,28.31280243586916,0.6539780754903974
1999 RR30,267066,MBO,MBO,20892066631594066,745323763844776002,21.877445,2.7051556,2.6176221,150.96458808686313,1.748020481791802,2025052900117,84,60825.04172892816,r,150.96459735897508,1.7480263633942037,35.186431884765625,7863.49,219.542,False,7695.39,1.47651,7891.52,218.034,False,20.9971,10.0025,21.660961620561178,0.030312838045847768,21.684423394120202,0.00020831957668509008,21.657098343524325,0.02999769415414636,28.094601665596116,0.5172178778578422
1999 RR30,267066,MBO,MBO,20892066631594066,745323763980566564,21.877424,2.7051568,2.6176305,150.96469067076978,1.7479660915998705,2025052900118,87,60825.04225404642,r,150.96471664000242,1.747973640074884,34.62915802001953,7917.86,226.142,False,7890.83,2.93043,7939.52,225.334,False,14.2532,12.6836,21.65348047253122,0.031009712119248856,21.657193271638295,0.0004032115563166319,21.650514379691025,0.03081461863733725,28.515219084260984,0.9661721295751511
1999 RR30,267066,MBO,MBO,20892066631594066,745323764278362130,21.87737,2.7051594,2.6176505,150.96494501424354,1.747831251510021,2025052900120,143,60825.04355816226,r,150.96495098550307,1.747842717644251,28.405725479125977,7461.81,258.346,False,8136.38,3.57773,7473.8,259.288,False,-30.6315,9.35203,21.71788952545136,0.03759082747541345,21.623921956642192,0.0004774200545086086,21.716146348663088,0.03766736737932113,nan,nan
1999 RR30,267066,MBO,MBO,20892066631594066,745323764412055572,21.877348,2.7051604,2.6176589,150.96504742647198,1.7477769631025843,2025052900121,142,60825.04408396741,r,150.96506081787288,1.7477829166725676,29.330610275268555,7976.73,262.764,False,8726.28,1.73347,7903.21,261.886,False,-67.1764,15.4739,21.645437772403334,0.0357655827667294,21.547927105793185,0.00021568079866732083,21.655491200515304,0.035977672145952794,nan,nan
1999 RR30,267066,MBO,MBO,20892066631594066,745323764514291766,21.877314,2.705162,2.617672,150.96521247061895,1.7476894802657177,2025052900122,81,60825.044929514916,r,150.96522103717928,1.747700280028522,33.26681900024414,8226.34,244.883,False,8016.47,2.31448,8202.91,246.513,False,-76.3482,6.84133,21.61198338257627,0.03232036839086895,21.640042041777555,0.00031346898769975354,21.615080112765426,0.03262843118789466,nan,nan
1999 RR30,267066,MBO,MBO,20892066631594066,745323764783251488,21.877272,2.7051642,2.6176882,150.9654165566431,1.7475813142570886,2025052900124,82,60825.04597517384,r,150.965431202935,1.7475886077011495,33.571346282958984,8226.1,237.05,False,8924.08,2.03102,8183.14,236.595,False,-58.785,9.44853,21.612015089869203,0.03128746099281348,21.52359135332937,0.00024710130870810834,21.617700028609143,0.0313913429806072,nan,nan
1999 RR30,267066,MBO,MBO,20892066631594066,745323764917469247,21.87725,2.7051651,2.6176963,150.9655182195124,1.747527437399307,2025052900125,82,60825.04649620871,r,150.96552792453355,1.7475382201524179,37.889400482177734,8464.15,223.496,False,8832.91,0.419844,8427.55,222.558,False,-46.0341,16.7256,21.58104157179115,0.028668878742164658,21.534740467393327,5.160698170249621e-05,21.585746680572193,0.028672542126806477,nan,nan
1999 RR30,267066,MBO,MBO,20892066631594066,745323765051162650,21.87723,2.705166,2.6177044,150.9656208648247,1.7474730430558476,2025052900126,81,60825.047022808765,r,150.96563256943986,1.7474804039859708,34.58049011230469,8224.72,234.014,False,8339.9,3.92156,8184.49,234.38,False,-61.5695,18.6925,21.612197231402796,0.030891931747770534,21.59709784104961,0.000510531244375591,21.617520912894108,0.031092328255687557,nan,nan
