provid,permid,orbit_class,population,ssObjectId,diaSourceId,phaseAngle,helioRange,topoRange,ephRa,ephDec,visit,detector,midpointMjdTai,band,ra,dec,snr,psfFlux,psfFluxErr,psfFlux_flag,trailFlux,trailFluxErr,scienceFlux,scienceFluxErr,forced_PsfFlux_flag,templateFlux,templateFluxErr,psfMag,psfMagErr,trailMag,trailMagErr,scienceMag,scienceMagErr,templateMag,templateMagErr
2005 UC178,397072,MBO,MBO,21163628875495491,745262191865233474,17.125233,3.40948,3.1390963,150.47454952739508,1.6525973661051705,2025051500122,85,60811.04208450287,i,150.4745326249729,1.6526075629397634,20.06261444091797,8193.29,401.656,False,8031.55,1.6556,8300.86,404.389,False,70.4508,9.42775,21.61635417756076,0.053225562056383124,21.638001607948958,0.00022381045401165882,21.60219223093573,0.052893286686907244,26.780285207589905,0.14529358633755926
2005 UC178,397072,MBO,MBO,21163628875495491,745262192134193189,17.125273,3.4094794,3.139109,150.47466279425848,1.6526067872899843,2025051500124,86,60811.0430310299,i,150.47466285650668,1.6526103895854085,27.575942993164062,8329.88,300.707,False,7877.61,1.50872,8304.05,299.601,False,0.888863,11.2045,21.598403152727876,0.0391948602275864,21.659013828308073,0.0002079402254047055,21.601775136866422,0.03917217196987737,31.52791289554871,13.686171154324157
2005 UC178,397072,MBO,MBO,21163628875495491,745262192268410980,17.125292,3.409479,3.1391153,150.4747202106769,1.6526115617277666,2025051500125,86,60811.04351116055,i,150.47472244672161,1.6526133509955732,27.009246826171875,8039.97,294.521,False,7463.23,0.0702839,7928.06,292.999,False,-30.7386,13.9925,21.636863900377925,0.03977279765664237,21.71768293832151,1.0224764883855569e-05,21.65208267133941,0.040125782627743724,nan,nan
2005 UC178,397072,MBO,MBO,21163628875495491,745262192403677213,17.125313,3.4094787,3.1391218,150.4747769131295,1.6526162759488887,2025051500126,88,60811.043985125616,i,150.47476432051903,1.6526244506417205,25.404926300048828,7975.19,305.641,False,7851.22,1.48222,7906.7,304.486,False,-34.0898,11.2964,21.645647411892533,0.041609728702883084,21.66265710291683,0.00020497450480990153,21.6550118209555,0.04181155952020714,nan,nan
2005 UC178,397072,MBO,MBO,21163628875495491,745262192536846368,17.125332,3.4094784,3.139128,150.47483349954257,1.6526209796823834,2025051500127,86,60811.04445870916,i,150.4748344041912,1.6526337322408786,23.829343795776367,8706.27,364.88,False,8209.69,0.594283,8721.66,368.336,False,-35.6063,11.1477,21.550419729885835,0.045503235372120795,21.614183047278516,7.859426100449598e-05,21.548502099574044,0.04585316579192485,nan,nan
2005 UC178,397072,MBO,MBO,21163628875495491,745262192670539846,17.12535,3.409478,3.1391344,150.47489080756765,1.6526257425434443,2025051500128,85,60811.0449378077,i,150.47490068645627,1.6526197737122277,16.722225189208984,8566.92,509.226,False,8408.53,5.00005,8526.0,514.347,False,-26.1046,9.90228,21.56793823147274,0.06453721103500883,21.5881997696956,0.0006456223867651957,21.573136679222216,0.06549907849803495,nan,nan
2005 UC178,397072,MBO,MBO,21163628875495491,745262192804233312,17.125372,3.4094777,3.1391408,150.47494776039636,1.6526304750294865,2025051500129,84,60811.04541385244,i,150.47494552186984,1.6526133526257092,21.863636016845703,8277.55,372.549,False,8044.14,0.959966,8312.63,376.277,False,-21.7087,9.17579,21.605245493719746,0.048865903447745364,21.63630093044634,0.0001295688324732147,21.60065388972643,0.049146609006358914,nan,nan
2005 UC178,397072,MBO,MBO,21163628875495491,745262192939499599,17.125391,3.4094772,3.1391473,150.47500483667528,1.6526352169178096,2025051500130,86,60811.04589065211,i,150.4749892472307,1.6526426584525917,20.09187889099121,8493.13,419.889,False,8486.23,4.97368,8525.64,423.342,False,14.9791,9.73279,21.577330585832637,0.05367734907946097,21.57821294463726,0.0006363372392261873,21.573182568854648,0.05391240619430399,28.46128568321862,0.7054657695473386
2005 UC178,397072,MBO,MBO,21163628875495491,745262193073193060,17.12541,3.409477,3.1391535,150.47506143806865,1.6526399185059624,2025051500131,85,60811.046363020694,i,150.47505642276613,1.6526407389677122,23.813732147216797,8069.13,332.22,False,7859.42,1.82266,8095.61,330.873,False,48.1601,10.521,21.632933234900747,0.04470163307674804,21.66152376658895,0.00025179058217220633,21.62937607287219,0.0443747643438363,27.193281571820606,0.23718868401519203
2005 UC178,397072,MBO,MBO,21163628875495491,745262193207410791,17.125431,3.4094765,3.13916,150.47511852186102,1.6526446593095896,2025051500132,85,60811.04684006958,i,150.47510842821612,1.6526510940091412,15.125082969665527,7809.18,505.103,False,7272.76,17.4265,7900.36,510.038,False,70.0286,12.1257,21.668486392202674,0.0702261439026333,21.74575189460316,0.0026015684457987836,21.65588281510371,0.0700938597594171,26.786811349456368,0.18799906046824197
2005 UC178,397072,MBO,MBO,21163628875495491,745262193343201303,17.12545,3.4094763,3.1391664,150.47517572924687,1.65264940951534,2025051500133,88,60811.04731837158,i,150.47516605225206,1.6526483539241674,14.811312675476074,7320.02,489.784,False,7168.48,0.967078,7336.98,488.417,False,70.4465,12.2271,21.738719327968752,0.07264682557989731,21.76143230820783,0.00014647339021129185,21.73620666482629,0.0722766060216451,26.780351406389038,0.18844662328648215
2005 UC178,397072,MBO,MBO,21163628875495491,745262193477943314,17.125471,3.4094758,3.1391726,150.47523234193758,1.6526541094899618,2025051500134,89,60811.04779119583,i,150.47523433071785,1.6526507814829312,21.55573081970215,7511.9,346.163,False,6906.2,3.08139,7591.55,346.224,False,74.995,12.5461,21.710625519423218,0.05003284131006067,21.80190209144362,0.0004844308715585552,21.69917388604661,0.04951662577037697,26.712419186583755,0.18163549747993918
2005 UC178,397072,MBO,MBO,21163628875495491,745262193608491116,17.12549,3.4094756,3.1391792,150.47529183131908,1.652659047374046,2025051500135,82,60811.048288111924,i,150.47529549230126,1.6526645675011713,25.371688842773438,8333.15,326.16,False,7906.13,1.4034,8472.96,327.268,False,74.9588,11.837,21.597976950683314,0.04249577985756673,21.65509013823666,0.000192726675614124,21.579912114628662,0.041936551539075,26.71294341810054,0.17145230609466505
2005 UC178,397072,MBO,MBO,21163628875495491,745262193742708830,17.125511,3.409475,3.1391857,150.47534869127847,1.652663766128966,2025051500136,82,60811.048763050516,i,150.47534735492619,1.6526654774223748,19.86674690246582,7539.86,377.763,False,7367.17,5.39236,7611.04,379.2,False,87.0852,9.94263,21.706591814758337,0.0543976909233559,21.731748282848326,0.0007946987475020378,21.69638998344695,0.054093945109321945,26.550139147861692,0.12395990910031968
2005 UC178,397072,MBO,MBO,21163628875495491,745262193876926543,17.12553,3.4094748,3.139192,150.47540543534717,1.6526684744127036,2025051500137,82,60811.04923726723,i,150.4754077942247,1.6526757963937913,21.845439910888672,8411.86,380.597,False,8625.48,2.11828,8496.89,381.399,False,91.9717,9.35802,21.587769864527186,0.049124439614726755,21.560541759733802,0.00026663943236696633,21.57685005504577,0.04873532616971078,26.49086443450605,0.11047246760064874
2005 UC178,397072,MBO,MBO,21163628875495491,745262194011144284,17.125551,3.4094744,3.1391983,150.47546242272398,1.6526732020255237,2025051500138,82,60811.04971380338,i,150.47545553256217,1.652677318213339,18.053268432617188,7471.27,411.478,False,6841.36,7.09003,7628.39,409.202,False,120.048,8.88877,21.716513918623342,0.05979660184247432,21.812143911481826,0.0011252006366514033,21.693917760128464,0.05824104614349341,26.20161270869953,0.08039167496980593
2005 UC178,397072,MBO,MBO,21163628875495491,745262194147459106,17.12557,3.4094741,3.1392047,150.475519174535,1.6526779092393735,2025051500139,86,60811.0501876124,i,150.47552512669515,1.6526808810582314,18.708005905151367,7334.78,389.687,False,7135.34,4.49079,7540.31,393.183,False,130.284,9.51488,21.736532301527596,0.05768370824210631,21.766463343426416,0.0006833329986545377,21.706526988784535,0.05661478506682949,26.112772318795304,0.07929331434998368
2005 UC178,397072,MBO,MBO,21163628875495491,745262194280628273,17.12559,3.409474,3.1392112,150.4755759302321,1.6526826159198449,2025051500140,84,60811.050661436646,i,150.4755690560105,1.652690585461039,16.05373191833496,7474.04,456.777,False,7762.28,1.95074,7635.83,459.839,False,133.099,11.1434,21.716111449820005,0.06635492084016159,21.675026768793025,0.0002728565680056224,21.69285936156345,0.06538435689223551,26.089563026606932,0.09090070640362743
2005 UC178,397072,MBO,MBO,21163628875495491,745262194415370289,17.12561,3.4094734,3.1392174,150.4756328096098,1.6526873319976447,2025051500141,85,60811.051136607966,i,150.47561527344192,1.6526626904792305,15.114748001098633,8204.96,536.342,False,7799.92,19.8822,8600.76,540.209,False,139.992,9.62818,21.614808834755838,0.0709724250415377,21.669774639961723,0.002767570032541026,21.563657956936396,0.06819449309766118,26.03474192056327,0.07467328701195991
2005 UC178,397072,MBO,MBO,21163628875495491,745262194548015133,17.12563,3.4094732,3.1392238,150.4756896929207,1.652692047540437,2025051500142,82,60811.05161158222,i,150.4756784147465,1.6526988196393506,19.755170822143555,8102.83,410.031,False,7555.6,4.4521,8262.06,412.234,False,163.2,9.97461,21.62840817112245,0.054941977536561194,21.704327591134792,0.0006397646616679935,21.60727919509891,0.054172616932358565,25.86819963425811,0.06635904267590574
2005 UC178,397072,MBO,MBO,21163628875495491,745262194684329996,17.125648,3.4094727,3.1392303,150.47574705925177,1.6526968022515531,2025051500143,86,60811.05209077224,i,150.47573649305525,1.6527014016172346,14.807113647460938,7538.32,504.966,False,7445.99,5.59767,7752.84,509.146,False,157.558,11.1968,21.706813602296005,0.07272971761180563,21.72019384426661,0.0008162236149893888,21.676347968714836,0.07130267780679969,25.906398860873967,0.0771574372158791
2005 UC178,397072,MBO,MBO,21163628875495491,745262194816450681,17.12567,3.4094725,3.1392367,150.47580466911108,1.652701576263915,2025051500144,82,60811.0525717431,i,150.47579558515568,1.6527116829167616,17.89642906188965,8513.88,472.904,False,8228.5,5.08824,8687.77,474.92,False,201.864,10.5528,21.5746812032853,0.06030728554193149,21.61169831631196,0.0006713844012526662,21.552729271366076,0.05935215604971486,25.637352821817444,0.05675879456206677
2005 UC178,397072,MBO,MBO,21163628875495491,745262194950668303,17.125689,3.409472,3.139243,150.47586144464245,1.6527062802703958,2025051500145,82,60811.05304537207,i,150.47585569031966,1.6527046048451541,15.336705207824707,7159.41,461.106,False,6779.92,5.74578,7718.19,466.28,False,326.099,9.38482,21.76280689131064,0.06992747363069668,21.821938588965523,0.0009201290624153937,21.681211344571704,0.06559272058249181,25.116626335699493,0.031246458476579038
2005 UC178,397072,MBO,MBO,21163628875495491,745262195086983180,17.12571,3.4094718,3.1392493,150.47591894285551,1.6527110432750254,2025051500146,86,60811.05352545515,i,150.47590831900587,1.652713878551385,19.850868225097656,8100.8,402.179,False,7512.0,5.77684,8569.87,403.855,False,428.704,9.42948,21.62868025107048,0.05390335472819377,21.710611051854862,0.0008349473595656474,21.567564400214234,0.05116530366328947,24.819606135421175,0.023881109468577615
2005 UC178,397072,MBO,MBO,21163628875495491,745262195219103781,17.12573,3.4094713,3.1392562,150.47597967978825,1.6527160736065492,2025051500147,82,60811.05403220598,i,150.4759880109596,1.6527161480070354,16.13010597229004,7972.01,490.885,False,8053.5,0.978593,8710.3,496.649,False,643.967,8.7941,21.646080444913053,0.06685536560350692,21.635038342452702,0.00013192945190926094,21.54991724127515,0.0619071442010326,24.37784100233,0.014826959838544214
2005 UC178,397072,MBO,MBO,21163628875495491,745262195758071895,17.12601,3.4094665,3.1393468,150.47679067094282,1.6527831461928946,2025051500151,86,60811.060798141785,z,150.47675565409273,1.6528352093945142,5.47998571395874,6891.82,1291.05,False,nan,nan,6907.04,1301.97,False,-31.5531,26.3991,21.80416521255306,0.203391820436389,nan,nan,21.801770066118443,0.2046601621976601,nan,nan
2005 UC178,397072,MBO,MBO,21163628875495491,745262195893338124,17.12603,3.409466,3.1393533,150.47684775748948,1.6527878608119535,2025051500152,88,60811.06127419097,z,150.47684102907223,1.65278027308059,11.57494831085205,9051.21,781.495,False,8880.4,4.85461,9048.6,775.272,False,7.23003,26.035,21.508233401646102,0.0937440865583592,21.528918631860098,0.0005935347020988082,21.50854657104241,0.09302443312609843,29.25214974266118,3.909685255988151
2005 UC178,397072,MBO,MBO,21163628875495491,745262196026507272,17.126049,3.4094658,3.1393595,150.4769043685907,1.652792535292091,2025051500153,86,60811.061746839274,z,150.47684239848124,1.6527410461809273,5.122502326965332,9717.64,1882.03,False,10324.3,120.194,9597.87,1894.07,False,32.1558,29.9272,21.431098023934936,0.210276179728292,21.365348481448148,0.012639983352722962,21.444562828593497,0.2142621529486724,27.631851707509895,1.0104878444111831
2005 UC178,397072,MBO,MBO,21163628875495491,745262196160200755,17.126068,3.4094653,3.139366,150.47696134368573,1.65279723894888,2025051500154,85,60811.06222199426,z,150.4769633373631,1.6528210912631351,9.011555671691895,9329.23,1021.27,False,10440.7,17.9917,9456.49,1029.39,False,-23.3477,21.6993,21.475385445017107,0.11885544458927805,21.353175937059614,0.0018709702281927028,21.46067505399409,0.1181882474385252,nan,nan
2005 UC178,397072,MBO,MBO,21163628875495491,745262196293894194,17.12609,3.409465,3.1393723,150.47701844311337,1.65280195198493,2025051500155,84,60811.062697028916,z,150.4770178343421,1.6527233828545433,9.74915599822998,7268.98,771.578,False,7809.65,80.516,7283.18,769.565,False,17.1511,18.2092,21.74631631808404,0.11524728019978858,21.66842108652576,0.011193732894092569,21.744197365173477,0.11472249277092558,28.31427004218356,1.1527183337535034
2005 UC178,397072,MBO,MBO,21163628875495491,745262196429160502,17.126108,3.4094646,3.1393785,150.47707542680595,1.652806654583635,2025051500156,86,60811.06317210624,z,150.47706393675983,1.6528164983499471,11.863471984863281,8882.63,747.911,False,8949.64,14.5855,8841.65,749.121,False,-12.7771,19.185,21.5286460837237,0.09141820305620181,21.520486127309592,0.0017694572943476744,21.533666654027797,0.09199049100139006,nan,nan
2005 UC178,397072,MBO,MBO,21163628875495491,745262196562853940,17.126127,3.4094644,3.139385,150.47713265483142,1.652811376456352,2025051500157,85,60811.06364981271,z,150.47710296257694,1.652823840307496,7.840416431427002,7660.79,974.714,False,7623.87,20.9039,7665.51,975.427,False,0.165486,24.0022,21.689316100751164,0.13814270617328422,21.694561277733495,0.002976981619678958,21.6886473968588,0.1381586409123617,33.35309689910464,157.47590571942277
2005 UC178,397072,MBO,MBO,21163628875495491,745262196697071716,17.126148,3.409464,3.1393914,150.4771895272281,1.6528160681020216,2025051500158,85,60811.06412385822,z,150.4771384897589,1.6528737916727025,6.781954765319824,7996.61,1149.0,False,8455.81,47.1282,8063.76,1158.35,False,-35.9016,21.8058,21.642735229306982,0.15600497218144882,21.582112015379092,0.006051318109298826,21.63365604786193,0.15596477856838406,nan,nan
2005 UC178,397072,MBO,MBO,21163628875495491,745262196832862226,17.126167,3.4094636,3.1393979,150.47724688400308,1.652820798812624,2025051500159,88,60811.06460105517,z,150.4772022316213,1.6528614724756239,6.827434539794922,7664.58,1111.85,False,9681.08,70.5824,7735.65,1119.43,False,-37.337,39.3996,21.68877908498188,0.15750057543249105,21.435190468866793,0.007915838287003438,21.67875798411486,0.15711746955353528,nan,nan
2005 UC178,397072,MBO,MBO,21163628875495491,745262196967604225,17.126186,3.4094632,3.1394043,150.47730388508617,1.6528254992967533,2025051500160,89,60811.06507653877,z,150.47729612407065,1.65283202054152,9.764626502990723,7851.15,806.858,False,8246.88,13.7485,7928.13,818.891,False,-47.0398,25.1639,21.662666826395046,0.11158045920874404,21.609275827406776,0.001810047470366055,21.652073109057106,0.11214493330078724,nan,nan
2005 UC178,397072,MBO,MBO,21163628875495491,745262197098152012,17.126207,3.409463,3.1394107,150.47736293086624,1.652830367456957,2025051500161,82,60811.065568884645,z,150.47735841881715,1.6528440918398364,13.4725341796875,8892.35,653.473,False,8477.01,17.6436,8729.94,662.774,False,-3.92727,24.1315,21.527458677562613,0.07978760962913034,21.57939329132384,0.0022597939999536567,21.5474717994263,0.0824287082889314,nan,nan
2005 UC178,397072,MBO,MBO,21163628875495491,745262197500805175,17.126266,3.409462,3.1394298,150.47753433438797,1.6528444937983968,2025051500164,82,60811.066996062786,z,150.47750834042495,1.6528546444478287,11.152909278869629,8711.77,777.923,False,9057.43,9.34882,8952.56,783.449,False,-19.6893,17.9213,21.549734055763366,0.0969515015240605,21.507487571731847,0.0011206658407209092,21.520131951279694,0.09501404705920756,nan,nan
2005 UC178,397072,MBO,MBO,21163628875495491,745262197637120029,17.126286,3.4094615,3.1394362,150.4775912376533,1.652849181741784,2025051500165,86,60811.06747001558,z,150.47758281362775,1.6528613739557394,12.763431549072266,8101.34,622.104,False,8209.31,25.9473,8209.03,624.021,False,44.9109,24.9702,21.628607872980293,0.08337396692314983,21.614233417314747,0.0034317043032719434,21.614270356826534,0.08253376652544683,27.269120601517116,0.6036630229949441
2005 UC178,397072,MBO,MBO,21163628875495491,745262197770289170,17.126305,3.4094613,3.1394427,150.47764850556845,1.6528538988302548,2025051500166,84,60811.06794713614,z,150.47761912848344,1.6528944353238695,8.964163780212402,9664.3,1074.16,False,10825.3,39.1529,9991.62,1083.98,False,-22.035,25.3452,21.437074014713545,0.12067655830042079,21.31390016775556,0.003926886328665316,21.400910215644423,0.11779033792561933,nan,nan
2005 UC178,397072,MBO,MBO,21163628875495491,745262197905031214,17.126326,3.4094608,3.1394491,150.47770541773565,1.652858585724576,2025051500167,85,60811.068421857584,z,150.47766920933725,1.6528590593191166,11.001384735107422,8392.2,746.503,False,7840.6,11.8476,8271.24,752.018,False,-120.07,19.9342,21.590310411570773,0.09657840674970089,21.664126740888733,0.0016406101677234974,21.606073412768875,0.098714721362834,nan,nan
2005 UC178,397072,MBO,MBO,21163628875495491,745262198037676047,17.126345,3.4094605,3.1394553,150.47776221430618,1.6528632622123565,2025051500168,82,60811.06889448274,z,150.47777279682205,1.6528855820858044,10.65356731414795,8865.6,830.647,False,8546.09,12.0004,8711.6,836.755,False,-238.381,19.6158,21.53072971579878,0.10172616983874883,21.570581364556546,0.0015245882671658666,21.549755233106303,0.10428569310464596,nan,nan
2005 UC178,397072,MBO,MBO,21163628875495491,745262198172418167,17.126364,3.40946,3.1394618,150.47781937557994,1.6528679678335818,2025051500169,83,60811.06937062166,z,150.4778329191956,1.6528736907123585,9.974212646484375,7892.85,793.001,False,7768.53,7.10871,7926.15,803.688,False,-224.266,25.8837,21.656915363276376,0.10908478686528285,21.674152912009788,0.0009935192147854926,21.652344295956787,0.11009041677954588,nan,nan
2005 UC178,397072,MBO,MBO,21163628875495491,745262198306111575,17.126385,3.4094598,3.1394682,150.4778770217865,1.6528727124652922,2025051500170,82,60811.069850944616,z,150.47788649557586,1.6528691430775253,12.688943862915039,9335.09,727.296,False,9207.16,14.7261,9149.52,735.267,False,-278.787,23.4306,21.474703744780804,0.08458961126876867,21.489685755847074,0.0017365462986157064,21.49650427860589,0.0872511425999836,nan,nan
2005 UC178,397072,MBO,MBO,21163628875495491,745262198440853544,17.126406,3.4094594,3.139475,150.4779383960514,1.6528777629334577,2025051500171,83,60811.07036106307,z,150.47794804111953,1.652920227029511,11.830648422241211,9377.91,761.34,False,8691.73,2.09462,9064.45,774.511,False,-260.912,26.8149,21.469734830686185,0.08814484437533278,21.552234374122428,0.00026165155096249303,21.506646332308737,0.09277061495403616,nan,nan
2005 UC178,397072,MBO,MBO,21163628875495491,745262198575071335,17.126425,3.409459,3.1394813,150.477995451223,1.652882457054278,2025051500172,83,60811.07083650702,z,150.47798233158215,1.6529126417615947,11.966206550598145,8847.12,742.359,False,8774.35,8.72975,8589.82,749.336,False,-247.033,33.2238,21.532995190700746,0.09110377638083578,21.541962663374104,0.0010802174186737247,21.565039802326993,0.09471457999584362,nan,nan
2005 UC178,397072,MBO,MBO,21163628875495491,745262198708764690,17.126446,3.4094586,3.1394882,150.47805635510412,1.652887466831173,2025051500173,82,60811.07134320839,z,150.4780379598941,1.6528672054194253,11.83215618133545,8795.85,719.305,False,9191.64,21.6804,8426.04,720.148,False,-257.07,31.0024,21.53930551193686,0.08878908888789766,21.491517525465117,0.0025609354843198085,21.585941203782898,0.092794570627769,nan,nan
2005 UC178,397072,MBO,MBO,21163628875495491,745262198843506840,17.126467,3.4094584,3.139495,150.47811594264988,1.6528923673397435,2025051500174,83,60811.071839933895,z,150.47811740150743,1.6529167173577257,12.611129760742188,9215.85,722.442,False,9446.19,5.58386,8741.28,720.126,False,-223.413,41.74,21.488661552453927,0.08511222367006324,21.461858258869277,0.0006418035845363663,21.54606238667217,0.08944534670929181,nan,nan
2005 UC178,397072,MBO,MBO,21163628875495491,745262198977200227,17.126488,3.409458,3.1395018,150.47817733744668,1.6528974154522544,2025051500175,82,60811.07235048553,z,150.47815733577264,1.6529050888488845,11.079367637634277,8785.29,768.92,False,8571.08,10.6996,8406.95,770.06,False,-210.439,33.9247,21.540609740149918,0.09502751306963647,21.56741111835023,0.0013553651615790848,21.588403813586574,0.09945128729934667,nan,nan
2005 UC178,397072,MBO,MBO,21163628875495491,745262199246159897,17.126528,3.4094572,3.1395147,150.47829437476915,1.652907035818338,2025051500177,83,60811.073324297315,z,150.4782866193144,1.6529243378968008,8.742759704589844,7202.96,859.781,False,6628.98,6.47571,7035.5,842.727,False,-76.0732,54.5164,21.756222498318664,0.1295988553715889,21.84638323137648,0.001060632665525785,21.78176258156291,0.13005176654028383,nan,nan
2005 UC178,397072,MBO,MBO,21163628875495491,745262199381426214,17.12655,3.4094567,3.1395226,150.47836383734094,1.6529127437895026,2025051500178,85,60811.07390261915,z,150.47834599794493,1.6528977414839732,9.212480545043945,7652.3,819.407,False,8022.95,91.0625,7371.22,819.581,False,-117.031,31.6012,21.69052005839609,0.11626045110021263,21.639164759481325,0.012323378649857879,21.73115153520005,0.12071932890406187,nan,nan
2005 UC178,397072,MBO,MBO,21163628875495491,745262199516168208,17.12657,3.4094565,3.139529,150.47842068638366,1.6529174142708365,2025051500179,86,60811.07437529799,z,150.47840755141638,1.6529185675422124,11.21972370147705,9043.81,768.314,False,9310.01,20.4778,9046.86,766.984,False,-83.7417,65.9687,21.509121477225687,0.09223838118601367,21.47762465867585,0.002388127382724106,21.50875528363511,0.09204765791139774,nan,nan
2005 UC178,397072,MBO,MBO,21163628875495491,745262199650385924,17.12659,3.409456,3.1395357,150.47848210774498,1.6529224593885032,2025051500180,86,60811.07488665495,z,150.4785077794109,1.65292861312895,5.50531005859375,8167.53,1347.94,False,7734.15,39.8108,7795.77,1336.22,False,-77.9929,27.0365,21.61977318268674,0.17918602499425343,21.67896853684764,0.005588723515190081,21.670352453363257,0.18609866582499102,nan,nan
2005 UC178,397072,MBO,MBO,21163628875495491,745262199784603694,17.12661,3.4094558,3.139542,150.4785392068345,1.6529271485388646,2025051500181,86,60811.07536162604,z,150.47856265566386,1.6528894615858958,7.413374900817871,7345.3,997.199,False,8045.24,126.715,7308.8,999.255,False,-52.5121,28.4725,21.73497618352903,0.1473997057805789,21.636152457872694,0.017100677568583453,21.74038483427975,0.14844124419596394,nan,nan
2005 UC178,397072,MBO,MBO,21163628875495491,745262199918297153,17.12663,3.4094553,3.1395485,150.47859655100058,1.6529318569051097,2025051500182,85,60811.075838666715,z,150.47848340009372,1.6528023974907267,6.342496395111084,6356.03,1083.59,False,6769.19,384.028,6537.43,1090.65,False,-103.281,28.0658,21.892035190753095,0.18509870103996304,21.82365824890249,0.06159571873214707,21.86148234165387,0.1811351228826201,nan,nan
2005 UC178,397072,MBO,MBO,21163628875495491,745279798299852843,17.247404,3.4065368,3.1925013,150.99915616966376,1.6785010659290676,2025051900228,126,60815.053930095935,y,150.99919055848477,1.6785649777330163,5.638796806335449,9159.84,1627.53,False,8203.16,98.452,9351.84,1587.31,False,-80.7343,119.741,21.495280299341204,0.19291475694789506,21.61504702329963,0.013030698239712653,21.472757348384572,0.1842845929342728,nan,nan
2005 UC178,397072,MBO,MBO,21163628875495491,745279798702506134,17.247442,3.4065359,3.192521,150.9993528157029,1.6785052258367144,2025051900231,126,60815.05539059143,y,150.999317029052,1.6785254043805964,5.4874114990234375,7877.08,1427.11,False,7781.51,31.0591,6674.73,1414.17,False,365.527,376.181,21.65908684871371,0.1967055005027774,21.67234033295376,0.0043336048532311355,21.83891574639325,0.2300341168689482,24.99270132093341,1.1173820866165827
2005 UC178,397072,MBO,MBO,21163628875495491,745279800561106958,17.247622,3.4065309,3.192614,151.0002835320954,1.6785248359934275,2025051900245,87,60815.062296702374,y,151.00037310560026,1.6785450525886858,5.4918532371521,7821.37,1430.54,False,8881.52,291.618,8936.24,1425.82,False,462.12,401.233,21.66679290564541,0.19858274055502426,21.528781812022856,0.03564933139014258,21.52211291131879,0.17323441364046968,24.738113099796124,0.942684153687732
2005 UC178,397072,MBO,MBO,21163628875495491,745279800690081877,17.247635,3.4065304,3.192621,151.00035230135154,1.678526279824247,2025051900246,77,60815.06280658315,y,151.000373645147,1.6786089868664433,5.028003692626953,7466.14,1466.57,False,7846.53,388.235,8136.07,1467.48,False,447.31,445.471,21.7172596569617,0.21327058672059893,21.663305930867224,0.053720662648518776,21.623963332322795,0.1958311788094404,24.773478487655726,1.0812725056942452
2005 UC178,397072,MBO,MBO,21163628875495491,745279801366413345,17.247704,3.4065285,3.192657,151.00071281844964,1.6785338374452017,2025051900251,87,60815.06547983771,y,151.0007428831668,1.6786677434091353,6.573666572570801,10963.9,1783.24,False,12229.9,483.977,11497.3,1764.5,False,-467.709,118.478,21.30008729693168,0.1765911901959212,21.181442700413797,0.04296611773224214,21.248510359467755,0.1666288229271578,nan,nan
2005 UC178,397072,MBO,MBO,21163628875495491,745279802594820182,17.247816,3.4065251,3.1927164,151.001305498441,1.6785462198910703,2025051900260,126,60815.06987171872,y,151.00125271652055,1.6784449247853412,6.360887050628662,9676.78,1592.95,False,11152.2,88.3008,18334.4,1578.24,False,31.5314,101.621,21.43567280044834,0.17872922454408666,21.28159860767866,0.008596632951304911,20.741833221662453,0.09346104921275608,27.653141841737988,3.499165874907152
2005 UC178,397072,MBO,MBO,21163628875495491,745279803379679259,17.247894,3.406523,3.1927574,151.00171623680606,1.6785547705298007,2025051900266,87,60815.072913340686,y,151.00164854503635,1.6786040247720722,6.248599529266357,10120.4,1733.62,False,10997.0,3050.63,10138.4,1738.94,False,0.895116,143.036,21.38700576320713,0.1859861192581829,21.296814437364425,0.30118935264950264,21.38507640351409,0.1862256351633746,31.520301734201848,173.49635557097855
2005 UC178,397072,MBO,MBO,21163628875495491,745279804587638788,17.248009,3.4065197,3.192818,151.00232027882646,1.678567299878553,2025051900275,87,60815.07738493587,y,151.0023202113046,1.6785600911769216,5.162079334259033,8418.15,1556.18,False,8172.77,182.715,9492.65,1539.26,False,-877.88,160.727,21.58695829957193,0.2007092944452578,21.619076804719946,0.024273323022941856,21.456531284179608,0.17605518505025827,nan,nan
2005 UC178,397072,MBO,MBO,21163628875495491,745279804988719106,17.248047,3.4065185,3.192838,151.0025207307623,1.678571445828776,2025051900278,84,60815.07886782832,y,151.00258586900122,1.6786603138535003,5.892032146453857,9499.69,1689.34,False,11461.9,83.5488,9050.05,1681.35,False,-786.307,96.5127,21.455726367532893,0.1930776141192962,21.251858425219552,0.007914215909656927,21.508372576892672,0.20171187791887343,nan,nan
2005 UC178,397072,MBO,MBO,21163628875495491,745284180644986952,17.267076,3.4058406,3.2050974,151.13127580583014,1.6804780340397254,2025052000111,130,60815.99776202555,g,151.1312609070194,1.6804777489331364,24.503662109375,4761.01,191.479,False,4598.7,2.84244,4743.22,191.03,False,-49.1647,15.8131,22.205752319285416,0.04366630131554613,22.24341225654193,0.0006710896051600369,22.209816779414318,0.043727294216807995,nan,nan
2005 UC178,397072,MBO,MBO,21163628875495491,745284180779204660,17.267094,3.40584,3.205108,151.13138109369729,1.6804789740947084,2025052000112,130,60815.99852844935,g,151.1313799706398,1.6804857640406832,27.797006607055664,5244.66,185.6,False,5337.49,0.664355,5252.71,185.419,False,-37.3447,10.605,22.100706619985438,0.03842244115470026,22.081657266409536,0.00013514109120858102,22.099041447469645,0.03832614588260971,nan,nan
2005 UC178,397072,MBO,MBO,21163628875495491,745284181049212979,17.267117,3.4058392,3.2051213,151.13151979199256,1.6804802101926573,2025052000114,133,60815.99953748862,g,151.1315187030163,1.680481870679418,34.70706558227539,4804.95,137.68,False,4595.83,0.537361,4814.26,136.914,False,-28.549,11.3257,22.195777773897568,0.03111044790115827,22.244090092200942,0.00012694819234617457,22.19367619991469,0.030877537890685453,nan,nan
2005 UC178,397072,MBO,MBO,21163628875495491,745284181181857852,17.267134,3.4058387,3.2051315,151.1316249571855,1.6804811457272273,2025052000115,130,60816.000302056374,g,151.13162382299316,1.6804882250215118,36.518775939941406,4880.43,132.318,False,4536.25,0.493394,4895.31,130.603,False,-27.8383,11.4395,22.178854740723636,0.02943642886892939,22.258257546978466,0.00011809219406973907,22.175549489237497,0.02896658238330671,nan,nan
2005 UC178,397072,MBO,MBO,21163628875495491,745284181317124112,17.267147,3.4058383,3.2051387,151.1316982329799,1.6804817967055166,2025052000116,132,60816.00083512574,g,151.13169732533555,1.6804836548523967,35.888519287109375,4829.32,134.094,False,4457.64,0.817489,4841.22,132.769,False,-40.1636,6.99896,22.19028508067288,0.030147248386609718,22.277237487096603,0.0001991137479573421,22.18761290488493,0.029775986367902282,nan,nan
2005 UC178,397072,MBO,MBO,21163628875495491,745284181451341847,17.267162,3.4058378,3.2051482,151.1317948848692,1.68048265425982,2025052000117,132,60816.00153897185,g,151.13178476369382,1.680488231328444,34.574134826660156,4966.67,141.955,False,4729.54,0.0195281,4950.33,142.099,False,-55.8741,8.65659,22.15983675416517,0.03103199676218822,22.212952733890283,4.48296563618663e-06,22.16341460553022,0.031166008218601948,nan,nan
2005 UC178,397072,MBO,MBO,21163628875495491,745284181584511036,17.267174,3.4058373,3.2051554,151.13186816804398,1.680483303641788,2025052000118,130,60816.002071902825,g,151.1318603461642,1.6804879379203264,38.418975830078125,5187.73,133.947,False,4864.83,0.0445144,5152.82,132.401,False,-58.0611,7.32786,22.11255659218898,0.028033670743391394,22.182330811110578,9.934754940035892e-06,22.119887607516826,0.027897843357693092,nan,nan
2005 UC178,397072,MBO,MBO,21163628875495491,745284181720301570,17.267187,3.405837,3.2051625,151.13194159191065,1.68048395355207,2025052000119,133,60816.00260581951,g,151.13193484474877,1.6804895512239215,35.5809211730957,4821.19,134.269,False,4538.19,1.28868,4746.53,133.056,False,-54.2929,6.82661,22.192114395478516,0.03023749597092542,22.25779332777253,0.00030830937094949876,22.209059473804334,0.030435649355241488,nan,nan
2005 UC178,397072,MBO,MBO,21163628875495491,745284181854519302,17.267202,3.4058366,3.2051713,151.1320311074692,1.6804847449248028,2025052000120,133,60816.003256159864,g,151.13202838284525,1.6804840707868398,36.877235412597656,4784.53,129.381,False,4402.14,0.329976,4774.86,128.484,False,-46.4663,7.28685,22.200401843644904,0.029359966106836097,22.29084034082938,8.138470620370224e-05,22.20259842485857,0.0292154591971342,nan,nan
2005 UC178,397072,MBO,MBO,21163628875495491,745284181988737072,17.267214,3.405836,3.2051785,151.13210467614624,1.6804853945173102,2025052000121,133,60816.003791225885,g,151.13210268965295,1.680488030778113,39.41025161743164,4975.61,125.118,False,4531.88,0.276881,5014.46,124.892,False,-35.773,11.5612,22.157884199845856,0.027302208591716507,22.259304024009154,6.633444487150814e-05,22.149439580145167,0.02704174832094869,nan,nan
2005 UC178,397072,MBO,MBO,21163628875495491,745284182122954783,17.267225,3.4058356,3.205185,151.13217068449237,1.6804859767397808,2025052000122,133,60816.00427132496,g,151.1321676838347,1.680492260961407,37.48225021362305,5102.96,134.242,False,5017.95,1.74523,5120.2,133.546,False,-48.0303,7.17115,22.130444598085802,0.02856212972199482,22.14868413376331,0.00037761621357156326,22.126782645402322,0.028318371815310328,nan,nan
2005 UC178,397072,MBO,MBO,21163628875495491,745284182389293060,17.267246,3.405835,3.2051978,151.13230188408508,1.6804871322529606,2025052000124,129,60816.00522575411,g,151.13229892954072,1.680481775540425,35.28775405883789,5081.4,142.372,False,4922.2,0.0775081,5102.07,142.368,False,-62.8873,7.88059,22.13504156274052,0.030420441496496812,22.169601816713367,1.709669381913992e-05,22.13063400540465,0.030296348975203117,nan,nan
2005 UC178,397072,MBO,MBO,21163628875495491,745284182657728519,17.267284,3.405834,3.205219,151.1325205741213,1.6804890532215375,2025052000126,129,60816.00681531953,g,151.1325079952485,1.680492704343089,36.637168884277344,4981.06,134.352,False,4820.29,0.127255,4987.55,134.455,False,-48.9543,8.8003,22.156695554443075,0.02928509881425297,22.19231707319193,2.866328617498918e-05,22.155281886261506,0.029269414665613218,nan,nan
2005 UC178,397072,MBO,MBO,21163628875495491,745284182792470555,17.267296,3.4058335,3.2052262,151.13259389024245,1.680489695802781,2025052000127,130,60816.0073481772,g,151.1325830769216,1.6804920744976193,35.22492218017578,4814.04,134.126,False,4650.45,1.00238,4831.34,133.158,False,-48.4104,8.30711,22.193725754890945,0.03025015594071493,22.23126250601383,0.00023402471284239093,22.189831031271133,0.029924300793934013,nan,nan
2005 UC178,397072,MBO,MBO,21163628875495491,745284183193026583,17.267336,3.4058323,3.2052493,151.13283009355558,1.6804917611463908,2025052000130,126,60816.00906569423,g,151.13284218158043,1.6804953366639788,23.29686164855957,4721.47,202.184,False,4554.69,0.803645,4708.85,202.359,False,-67.6195,5.61887,22.214806864234923,0.04649367359384723,22.253852955245335,0.0001915709959462228,22.2177128368561,0.046658628131651524,nan,nan
2005 UC178,397072,MBO,MBO,21163628875495491,745284183461462078,17.267359,3.4058313,3.2052636,151.1329767587922,1.680493039839244,2025052000132,126,60816.01013182878,g,151.13297300190482,1.6804987758827785,28.86451530456543,4896.27,168.674,False,4453.89,0.0426204,4854.54,167.835,False,-48.4383,6.69914,22.175336599317788,0.03740305650978215,22.27815124957807,1.0389684502118955e-05,22.184629781516698,0.037536932798737446,nan,nan
2005 UC178,397072,MBO,MBO,21163628875495491,745284183595679755,17.267372,3.4058309,3.2052715,151.13305807750766,1.6804937475788626,2025052000133,126,60816.010722717605,g,151.13304186129469,1.6804872350424915,27.874929428100586,4870.57,171.019,False,4725.95,1.6628,4849.88,170.67,False,-43.2816,15.6327,22.181050565630233,0.03812316087327269,22.213777148789873,0.0003820103973098404,22.185672543637487,0.038207667108359086,nan,nan
2005 UC178,397072,MBO,MBO,21163628875495491,745284183864115219,17.267397,3.4058301,3.205285,151.13319664599962,1.680494951553694,2025052000135,126,60816.011729216334,g,151.13319757013016,1.6804944743573234,32.85578918457031,4768.54,143.28,False,4417.55,0.495908,4782.89,142.835,False,-28.7477,9.15802,22.20403641614789,0.0326230420250319,22.287046363591465,0.00012188323507008654,22.20077398696121,0.03242414809103431,nan,nan
2005 UC178,397072,MBO,MBO,21163628875495491,745284183998332995,17.267406,3.40583,3.2052915,151.13326160013693,1.6804955150395575,2025052000136,126,60816.01220191838,g,151.13325633527813,1.6804963643621742,32.08047866821289,4942.26,151.608,False,4727.78,0.423693,4917.89,151.423,False,-30.7503,6.39496,22.16518607944093,0.03330587710734394,22.21335690155156,9.730123907761224e-05,22.170552943542738,0.033430075351177334,nan,nan
2005 UC178,397072,MBO,MBO,21163628875495491,745284184128880701,17.26742,3.4058294,3.2052994,151.13334224641537,1.68049621387675,2025052000137,119,60816.01278751195,g,151.13333125855127,1.6805019962296674,29.461135864257812,5090.51,169.476,False,4837.48,0.8201,5050.16,168.403,False,-18.7405,10.3142,22.133096812668576,0.03614691558535538,22.188452048157355,0.00018406531404119728,22.141737122093097,0.036205036731570904,nan,nan
2005 UC178,397072,MBO,MBO,21163628875495491,745284184266768451,17.267433,3.405829,3.2053072,151.13342358529923,1.6804969178404043,2025052000138,126,60816.013378554475,g,151.13341984545892,1.6804977455110715,29.080385208129883,4688.61,159.736,False,4485.17,0.142227,4730.55,159.199,False,-1.43005,8.63603,22.222389757923196,0.03698988724658565,22.270552747360895,3.442924112360422e-05,22.212720951926336,0.0365386965076518,nan,nan
2005 UC178,397072,MBO,MBO,21163628875495491,745284184537301033,17.267458,3.4058282,3.205322,151.13357526495173,1.680498228235252,2025052000140,130,60816.014480708174,g,151.13357280376002,1.6804947514834554,25.306127548217773,4795.6,189.113,False,4639.28,0.261245,4869.73,190.603,False,12.7883,9.46448,22.19789259907806,0.04281567142091891,22.23387358827336,6.113948312753795e-05,22.181237797807118,0.04249610865891451,28.632967997788338,0.8035414701496906
2005 UC178,397072,MBO,MBO,21163628875495491,745284184671518757,17.26747,3.4058278,3.2053285,151.13364092433173,1.680498794534261,2025052000141,130,60816.01495770269,g,151.1336298933009,1.6805018306851185,34.81428527832031,5161.62,148.084,False,4883.6,0.230625,5222.78,147.153,False,14.7548,8.4113,22.118034904110456,0.031149165590938797,22.17814976563231,5.127322284750761e-05,22.105245713747408,0.030590862754795823,28.477666693932946,0.6189479163808285
2005 UC178,397072,MBO,MBO,21163628875495491,745284184805212181,17.267548,3.4058254,3.205374,151.13410599645144,1.6805027893177311,2025052000142,129,60816.018335805216,u,151.13411036581186,1.6805425226604342,5.279572486877441,1670.15,307.214,False,2009.12,27.4057,1705.74,300.145,False,33.3751,24.2107,23.34311128942331,0.1997146039993637,23.142485310368073,0.014810146492622401,23.320217921509162,0.1910480396277147,27.591443587537537,0.7876061249063924
2005 UC178,397072,MBO,MBO,21163628875495491,745284185476825093,17.2677,3.4058204,3.2054648,151.135037723158,1.6805107063335545,2025052000147,130,60816.02509965065,u,151.13499740566473,1.680547851571166,7.248681545257568,2493.31,346.625,False,2871.25,11.5805,2225.98,331.857,False,-66.0446,27.5585,22.908059277303256,0.15094124001029688,22.75482247949229,0.004379057113856356,23.031196864615865,0.16186540626252766,nan,nan
2005 UC178,397072,MBO,MBO,21163628875495491,745284186280034321,17.268171,3.4058049,3.2057464,151.13791963063755,1.6805344719888586,2025052000153,126,60816.045988970014,u,151.13814286560222,1.6805561195219718,5.667079925537109,2363.47,390.306,False,nan,nan,2433.21,381.267,False,158.334,12.0057,22.966124778241653,0.17929965691215619,nan,nan,22.93455103578814,0.17012727646590645,25.90106454373695,0.08232611633984262
2005 UC178,397072,MBO,MBO,21163628875495491,745284188138635282,17.268354,3.405799,3.205858,151.1390648784082,1.680543616200289,2025052000167,87,60816.05427404967,u,151.1390930981277,1.6806005516612876,5.0890583992004395,1504.17,294.987,False,1973.99,63.3789,1579.78,286.772,False,120.704,22.1228,23.456757661733427,0.21292676755001652,23.161637634734596,0.03485973342849432,23.403508451464013,0.19708993694230786,26.195695822625495,0.19899527219373855
2005 UC178,397072,MBO,MBO,21163628875495491,745284188427517972,17.268383,3.405798,3.2058747,151.13923554510822,1.680544964419257,2025052000169,126,60816.055508450416,u,151.13921019518253,1.6804762496471974,5.731122016906738,1868.63,319.947,False,1784.35,112.314,1827.14,315.269,False,108.249,30.4568,23.22119170474573,0.18589984683343383,23.27129990186276,0.06834050551562743,23.245570427925053,0.18734140695968557,26.313940261868837,0.3054813510849566
2005 UC178,397072,MBO,MBO,21163628875495491,745284189501259825,17.268559,3.405792,3.2059817,151.14033230682458,1.6805535395773,2025052000177,126,60816.06343342403,r,151.14031793914899,1.6805543938177925,35.31111526489258,7739.04,217.117,False,7139.75,0.575328,7811.69,218.495,False,-14.8497,9.65908,21.678282266120192,0.030460081760777243,21.76579248719868,8.748967835038017e-05,21.668137507229233,0.03036832344045592,nan,nan
2005 UC178,397072,MBO,MBO,21163628875495491,745284189635477544,17.268568,3.4057918,3.2059882,151.14039835985326,1.680554051124494,2025052000178,126,60816.0639107544,r,151.14039635698524,1.6805492189428917,30.214309692382812,7575.17,246.126,False,7014.74,1.1144,7606.35,247.872,False,-42.0651,7.089,21.701519052178007,0.035276821454224554,21.78497101717221,0.00017248599632209877,21.697059222954962,0.03538143716714546,nan,nan
2005 UC178,397072,MBO,MBO,21163628875495491,745284189769695266,17.26858,3.4057913,3.2059946,151.14046414056665,1.6805545600120435,2025052000179,126,60816.06438575081,r,151.14045792567904,1.680562572188301,29.70308494567871,7882.33,261.943,False,7558.73,1.35059,7954.53,264.392,False,-53.9143,7.73215,21.658363456755595,0.036080827425662106,21.703877921567276,0.00019399878741330933,21.648463719096796,0.036087609518865665,nan,nan
2005 UC178,397072,MBO,MBO,21163628875495491,745284189900242981,17.268679,3.405788,3.2060564,151.14109725598453,1.680559429833953,2025052000180,119,60816.06895572477,r,151.14109823932364,1.6805701293808233,19.22730255126953,7332.86,379.953,False,6831.37,2.8546,7308.46,385.327,False,-28.7073,6.10261,21.736816536585433,0.0562575501344353,21.813730460906235,0.00045369266568458244,21.740435319893244,0.05724372471090891,nan,nan
2005 UC178,397072,MBO,MBO,21163628875495491,745284190038130731,17.26869,3.4057875,3.2060633,151.14116752107773,1.6805599671779552,2025052000181,126,60816.069462385756,r,151.14115549272154,1.6805588372239142,22.756080627441406,8157.45,352.68,False,7741.42,0.692258,8292.82,355.541,False,-21.6423,7.37829,21.621113922709238,0.04694082434753481,21.677948435606176,9.708936882696613e-05,21.60324436184721,0.046549147968952674,nan,nan
2005 UC178,397072,MBO,MBO,21163628875495491,745284190172348463,17.268702,3.4057872,3.2060702,151.1412390389146,1.6805605134628865,2025052000182,126,60816.06997807289,r,151.1412324880266,1.6805560236363875,21.7131290435791,6772.48,309.501,False,6654.79,2.52599,6742.83,311.688,False,-22.7475,8.26504,21.823130675181353,0.04961793165355131,21.842164105287317,0.00041211800670862785,21.827894461427746,0.05018826361397553,nan,nan
2005 UC178,397072,MBO,MBO,21163628875495491,745284190302896172,17.268713,3.4057868,3.206077,151.1413098692831,1.6805610538613895,2025052000183,119,60816.07048924177,r,151.1413148081936,1.6805669521162698,27.261005401611328,7401.88,267.32,False,7137.31,2.89036,7349.73,267.997,False,-25.119,6.46241,21.726644917210272,0.03921152663961229,21.76616359059632,0.0004396850631411717,21.734321540094456,0.039589761326273204,nan,nan
2005 UC178,397072,MBO,MBO,21163628875495491,745284190575001670,17.268734,3.405786,3.2060905,151.1414464169835,1.68056209386607,2025052000185,126,60816.071474644064,r,151.14142520066358,1.6805536207945742,25.312936782836914,7056.34,277.128,False,6777.95,4.28721,7058.61,278.911,False,-41.7673,6.52748,21.77855127777196,0.04264078821911728,21.822254066756493,0.0006867532169535517,21.778202053373292,0.04290133441766769,nan,nan
2005 UC178,397072,MBO,MBO,21163628875495491,745284190688772139,17.268745,3.4057858,3.2060971,151.1415168475098,1.6805626293778393,2025052000186,87,60816.07198260975,r,151.14151981005568,1.680548396223506,19.479421615600586,7746.94,389.484,False,7564.02,6.4746,7717.67,395.07,False,-50.385,8.27906,21.677174527282418,0.05458631313977331,21.70311832596872,0.0009293612969776637,21.681284499425075,0.05557918577862069,nan,nan
2005 UC178,397072,MBO,MBO,21163628875495491,745284190819319827,17.268757,3.4057853,3.206104,151.1415875609,1.6805631664133525,2025052000187,80,60816.072492731924,r,151.14159088372855,1.680563848843591,13.569806098937988,8110.48,595.335,False,7831.69,8.37089,8239.53,605.806,False,-56.3808,5.72507,21.627383608399136,0.07969649008107553,21.665361286733518,0.0011604874608044976,21.61024386562034,0.07982803852898056,nan,nan
2005 UC178,397072,MBO,MBO,21163628875495491,745284190953537550,17.268766,3.405785,3.2061105,151.14165356502664,1.6805636671175002,2025052000188,80,60816.07296889353,r,151.14163010830396,1.6805541718434638,17.74053382873535,8128.98,454.049,False,8214.28,3.62501,8278.74,460.478,False,-53.3217,8.9335,21.624909864995665,0.0606444414197122,21.61357620746452,0.00047914174867907987,21.60508936059933,0.06039054475616336,nan,nan
2005 UC178,397072,MBO,MBO,21163628875495491,745284191087755287,17.268778,3.4057846,3.2061179,151.14172775614367,1.680564229275209,2025052000189,80,60816.073503021646,r,151.14170959604724,1.6805785340420298,12.769964218139648,7520.09,583.623,False,7538.62,6.20823,7518.87,590.266,False,-47.9924,14.0577,21.709442426974427,0.08426237170317842,21.70677035227982,0.0008941291634140684,21.709618543048297,0.08523530093041198,nan,nan
2005 UC178,397072,MBO,MBO,21163628875495491,745284191355666460,17.268803,3.405784,3.2061324,151.1418768502766,1.6805653568981815,2025052000191,79,60816.07457877447,r,151.14189314613503,1.680596351369995,7.383099555969238,7103.02,953.446,False,7792.92,51.9704,7277.83,970.353,False,-31.9612,17.2622,21.7713924032186,0.14573953348583718,21.670749466102443,0.007240693775451124,21.744995221212925,0.1447611996809895,nan,nan
2005 UC178,397072,MBO,MBO,21163628875495491,745284191510855683,17.268812,3.4057834,3.2061388,151.14194329187734,1.6805658585100078,2025052000192,119,60816.07505704211,r,151.14194381748126,1.6805043213506596,7.568737506866455,7829.35,1029.46,False,8361.7,31.4039,7786.98,1042.99,False,-43.4987,8.34347,21.665685716411932,0.14276050208475521,21.594263519808898,0.004077681639286869,21.671577354573078,0.14542377101753143,nan,nan
2005 UC178,397072,MBO,MBO,21163628875495491,745284191623053339,17.268826,3.405783,3.2061472,151.14202957617897,1.6805665091032809,2025052000193,77,60816.075679726535,r,151.14208302625698,1.6805471863255284,6.24330997467041,8890.7,1405.91,False,9243.14,112.087,8612.22,1416.31,False,-30.7002,7.94411,21.527660086048684,0.17169034960220841,21.48545121361977,0.013166187726748239,21.56221224600192,0.17855316708136504,nan,nan
2005 UC178,397072,MBO,MBO,21163628875495491,745284191762513961,17.268837,3.4057827,3.206154,151.1421001913714,1.6805670408572224,2025052000194,87,60816.07618805147,r,151.14209669873463,1.6805692260358989,16.858142852783203,7272.13,427.609,False,6869.68,0.84513,7334.31,431.646,False,-30.0725,9.08899,21.74584593265931,0.06384244915926411,21.807658703612617,0.0001335707403906476,21.736601835376096,0.063898810093083,nan,nan
2005 UC178,397072,MBO,MBO,21163628875495491,745284191893061644,17.268847,3.4057822,3.2061605,151.1421662333999,1.6805675376102511,2025052000195,80,60816.07666423876,r,151.14216814283049,1.6805604339059794,19.510496139526367,8021.51,409.233,False,7546.5,0.478207,7991.76,411.786,False,-49.117,8.95656,21.639359708600228,0.05539095495979496,21.705636059046427,6.8800986516271e-05,21.643393948977064,0.0559439965148587,nan,nan
2005 UC178,397072,MBO,MBO,21163628875495491,745284192294141997,17.268879,3.4057813,3.2061806,151.14237327114267,1.6805690913737434,2025052000198,77,60816.07815667415,r,151.14237203085403,1.680571091969125,19.561424255371094,7731.6,395.769,False,7389.73,2.47605,7748.78,399.386,False,-90.0051,11.9035,21.67932654280136,0.05557720783694791,21.728428575912417,0.0003637936742455722,21.67691670318452,0.05596078828567932,nan,nan
2005 UC178,397072,MBO,MBO,21163628875495491,745284192562577444,17.268902,3.4057803,3.206194,151.14250956530012,1.6805701113106892,2025052000200,77,60816.07913864023,r,151.1424913154525,1.6805701164874098,14.388959884643555,7291.01,497.319,False,7022.67,3.5229,7208.76,501.581,False,-80.0364,9.46278,21.743030800168665,0.07405795098847934,21.78374435931565,0.0005446561253451692,21.75534861811711,0.07554484573390295,nan,nan
2005 UC178,397072,MBO,MBO,21163628875495491,745284192698368018,17.268911,3.40578,3.2062008,151.14258035784908,1.680570640164251,2025052000201,80,60816.07964867999,r,151.14257155894066,1.6805534185686144,17.885591506958008,7517.19,418.947,False,7057.8,3.40011,7540.55,422.526,False,-97.4437,8.00819,21.7098611900817,0.06051010011887979,21.7783266615371,0.0005230557165398277,21.706492468072014,0.060837974497130784,nan,nan
2005 UC178,397072,MBO,MBO,21163628875495491,745284193125138445,17.268946,3.405779,3.206222,151.14279707435887,1.6805722552689537,2025052000204,126,60816.08120964865,r,151.1428198189349,1.6805411722869898,7.415602207183838,8699.91,1137.26,False,8228.29,145.226,8454.87,1150.95,False,-88.3377,8.05802,21.551213080765617,0.1419284043915178,21.611726020644447,0.01916280576772845,21.582232649001206,0.14779979047952457,nan,nan
2005 UC178,397072,MBO,MBO,21163628875495491,745284193662009353,17.268988,3.4057775,3.2062485,151.1430703729981,1.6805742837589643,2025052000208,126,60816.08317752703,r,151.14304598411317,1.6805876290842183,10.586822509765625,8402.32,786.375,False,7800.45,40.0775,8526.64,793.16,False,-77.2938,7.46627,21.58900191586806,0.10161428941794748,21.66970082926808,0.005578343684530109,21.57305522679238,0.10099670380298181,nan,nan
2005 UC178,397072,MBO,MBO,21163628875495491,745284193792557083,17.269,3.405777,3.2062552,151.14313954470012,1.6805747957033614,2025052000209,119,60816.083675456524,r,151.14312727882822,1.6805671432495473,9.631048202514648,8089.15,824.862,False,7577.45,38.9192,8052.56,831.057,False,-83.2085,8.58864,21.630242791185616,0.11071404877038679,21.701192273650285,0.005576544138885056,21.635165068469192,0.112052399978905,nan,nan
2005 UC178,397072,MBO,MBO,21163628875495491,745284193926774800,17.26901,3.4057767,3.206262,151.1432101111125,1.68057531736119,2025052000210,119,60816.08418383806,r,151.14321395819982,1.6806088784680082,14.484065055847168,8961.88,617.125,False,8280.96,2.92828,8840.48,619.791,False,-69.6517,7.63631,21.519002203216917,0.0747650006608975,21.604798287997824,0.00038393371706477386,21.53381032749661,0.07611911450136633,nan,nan
2005 UC178,397072,MBO,MBO,21163628875495491,745284194064662555,17.269022,3.4057763,3.206269,151.14328110019045,1.680575841523487,2025052000211,126,60816.08469416469,r,151.14327962199064,1.680616421727152,9.14223861694336,6995.89,737.783,False,7395.57,51.8153,6938.82,748.394,False,-64.4608,9.37557,21.78789254822334,0.11450118861739357,21.727570895621458,0.007606952336913838,21.79678597350786,0.11710326283041815,nan,nan
2005 UC178,397072,MBO,MBO,21163628875495491,745284194329427982,17.269043,3.4057755,3.206283,151.14342559729454,1.6805769065281897,2025052000213,119,60816.08573409721,r,151.14342120982232,1.6805493372543483,5.924566268920898,6341.1,1055.01,False,6356.29,101.279,6208.94,1059.76,False,-32.1559,11.0089,21.89458847797068,0.18064098442605317,21.891990735123848,0.017299757512161642,21.917456352576217,0.18531662760725084,nan,nan
2005 UC178,397072,MBO,MBO,21163628875495491,745297371318452282,17.30828,3.4036238,3.2450767,151.5699612928988,1.6764351910038235,2025052300085,175,60818.98851694912,u,151.56988875984612,1.6764376098252671,5.80269718170166,1749.14,309.13,False,nan,nan,1684.85,295.068,False,-32.7977,41.5717,23.292938562130374,0.19188494658375668,nan,nan,23.33359691009123,0.19014512133766315,nan,nan
2005 UC178,397072,MBO,MBO,21163628875495491,745297371452669987,17.308289,3.4036233,3.245085,151.57005238945408,1.6764327301471829,2025052300086,175,60818.989132629984,u,151.57006028267796,1.6764273118469806,5.378229141235352,1652.96,294.803,False,1674.47,14.8558,1693.69,283.293,False,-30.2648,54.4697,23.354344165155624,0.19363947569392392,23.340306591308895,0.009632588126376124,23.327915229200375,0.18160435292184984,nan,nan
2005 UC178,397072,MBO,MBO,21163628875495491,745297377890926629,17.308743,3.403595,3.245602,151.57574095969483,1.6762775178108045,2025052300134,167,60819.02753780842,g,151.57592191541704,1.67626474435167,21.56419563293457,873.287,134.631,False,3073.37,4.29508,2411.53,131.233,False,1561.78,27.2216,24.047107527846897,0.16738340262628446,22.680962839374445,0.0015173324010166152,22.944268314267408,0.05908465558526496,23.415950337142142,0.018924224704999108
2005 UC178,397072,MBO,MBO,21163628875495491,745297378025144334,17.308748,3.4035945,3.245609,151.57581901552484,1.6762753678158726,2025052300135,167,60819.02806302253,g,151.57599510887235,1.6762904065911945,21.409379959106445,783.631,121.994,False,2710.81,2.93823,2284.84,119.573,False,1493.99,43.5322,24.164721005440192,0.16902510145457164,22.817252278895086,0.0011768226695609667,23.00286047517454,0.05682005221241548,23.46413078073351,0.031636413743937115
2005 UC178,397072,MBO,MBO,21163628875495491,745297378159362050,17.308754,3.403594,3.245616,151.57589663059798,1.6762732294420202,2025052300136,167,60819.028586217355,g,151.57605128559,1.6762642964103782,18.990009307861328,709.536,112.794,False,2337.45,2.69994,2091.33,109.914,False,1372.02,38.3342,24.272563895266977,0.1725980446852284,22.978144198371318,0.0012541113748805845,23.098943540869477,0.05706302034694212,23.55659887917426,0.030335439859558874
2005 UC178,397072,MBO,MBO,21163628875495491,745297378293579795,17.30876,3.4035938,3.245623,151.57597425007648,1.6762710904299003,2025052300137,167,60819.02910952353,g,151.5759639642134,1.6762732981586166,19.26094627380371,2416.53,122.912,False,2417.28,0.789933,3899.57,122.363,False,1482.04,36.768,22.942019509199262,0.05522381661498316,22.941682589812594,0.00035480328099793244,22.422458179377088,0.03406886804630641,23.47285015804926,0.026936080952060844
2005 UC178,397072,MBO,MBO,21163628875495491,745297378427273250,17.308765,3.4035933,3.24563,151.57605172552024,1.6762689548725356,2025052300138,166,60819.029631473495,g,151.576055707055,1.676265806047418,20.655317306518555,2553.23,121.836,False,2543.3,2.15274,3971.14,119.626,False,1412.46,37.0881,22.882275161628122,0.051809572840826434,22.886506000992753,0.0009190059035033432,22.402712034100166,0.03270654828270522,23.5250596357454,0.028509051243807367
2005 UC178,397072,MBO,MBO,21163628875495491,745297378559918112,17.308771,3.4035928,3.2456372,151.57612965073022,1.67626680640017,2025052300139,163,60819.03015675932,g,151.575981493744,1.6762831314624675,22.12871742248535,1120.47,113.873,False,2623.16,2.50402,2561.99,111.738,False,1433.05,39.2126,23.776499445842575,0.1103430196881251,22.85293808325554,0.0010364237164740171,22.87855642847137,0.047353030801501356,23.509346604344536,0.029709039336221103
2005 UC178,397072,MBO,MBO,21163628875495491,745297378962571290,17.30879,3.4035919,3.2456584,151.57636285960183,1.676260373518339,2025052300142,163,60819.03172731136,g,151.576180549747,1.6762743478434345,25.551944732666016,850.292,122.432,False,3124.29,2.82599,2088.05,120.293,False,1248.24,40.5838,24.07607977742081,0.15633318363669807,22.66312163951771,0.0009820725916147863,23.10064773966608,0.06254948944210073,23.659254769778176,0.0353003450536507
2005 UC178,397072,MBO,MBO,21163628875495491,745297379096264747,17.308796,3.4035914,3.2456656,151.57644080289978,1.6762582224844629,2025052300143,162,60819.0322521672,g,151.57619734666434,1.6762700921251075,25.98146629333496,165.743,122.929,False,3398.65,2.33971,1276.22,117.684,False,1148.44,14.0176,25.851412036178065,0.8052736458840819,22.57173392534077,0.0007474461699682329,23.635186159199623,0.10011892965132738,23.749729279139004,0.013252252329184016
2005 UC178,397072,MBO,MBO,21163628875495491,745297380529143829,17.30886,3.403587,3.2457433,151.57729640595073,1.676234576460793,2025052300154,79,60819.03801396572,g,151.57729235651865,1.676221777758982,29.271392822265625,3923.08,132.889,False,3678.7,0.102627,3889.37,130.315,False,-41.7047,22.0887,22.415932067343206,0.036777838804734085,22.48576408360544,3.028946443403e-05,22.425301817238157,0.03637805400636236,nan,nan
2005 UC178,397072,MBO,MBO,21163628875495491,745297380683808777,17.308868,3.4035866,3.2457504,151.57737455402955,1.676232413665332,2025052300155,118,60819.03853933948,g,151.57736304443486,1.67623831421164,29.593778610229492,3937.74,130.844,False,3637.02,0.138869,3888.22,127.915,False,-43.6888,13.1687,22.4118824095085,0.03607705485023188,22.498135771044808,4.145567054383616e-05,22.425622933592674,0.0357186446939993,nan,nan
2005 UC178,397072,MBO,MBO,21163628875495491,745297380797579302,17.308874,3.4035864,3.2457573,151.57745240970735,1.676230258460255,2025052300156,79,60819.039063642136,g,151.5774512128099,1.676218188043976,26.883813858032227,4017.87,147.352,False,3968.36,1.07369,4017.57,145.55,False,-17.0609,8.94121,22.39001026621959,0.039818461525951906,22.403472312079614,0.000293759672963459,22.390091350483434,0.03933444973630112,nan,nan
2005 UC178,397072,MBO,MBO,21163628875495491,745297380930224227,17.30888,3.403586,3.2457645,151.5775302702757,1.676228102619715,2025052300157,76,60819.039587964784,g,151.57751832213026,1.6762119722829183,27.37550926208496,3781.55,136.298,False,3509.91,0.87854,3766.78,133.329,False,6.4919,11.006,22.45582536835212,0.03913307395950292,22.536760075769827,0.00027176271953134183,22.460074351968544,0.038430732779520305,29.36907045194759,1.840695675810549
2005 UC178,397072,MBO,MBO,21163628875495491,745297381066014736,17.308886,3.4035854,3.2457716,151.57760813561603,1.676225946147828,2025052300158,79,60819.040111307746,g,151.5775961664484,1.676227746657443,27.437755584716797,3863.32,137.846,False,3922.12,1.80271,3855.75,132.774,False,18.4038,44.0395,22.43259827483336,0.0387398358609427,22.416197774864813,0.0004990330526173076,22.434727831853163,0.037387678429273305,28.23773129312981,2.5981201345201916
2005 UC178,397072,MBO,MBO,21163628875495491,745297381198659590,17.308891,3.4035852,3.2457786,151.5776866002697,1.6762237725740914,2025052300159,76,60819.04063972704,g,151.57767288324337,1.6762209828643466,29.62883758544922,4025.09,135.743,False,3609.63,1.29946,4015.39,129.641,False,6.21632,47.3222,22.388060987472613,0.036615599232736155,22.506343316629703,0.0003908630171140103,22.39068069634052,0.03505411382481992,29.416166586591387,8.265247985566688
2005 UC178,397072,MBO,MBO,21163628875495491,745297381332877344,17.308897,3.4035847,3.2457857,151.57776432680032,1.6762216189495656,2025052300160,76,60819.04116299786,g,151.57775483810906,1.6762162462321777,27.867460250854492,3917.67,140.306,False,3704.02,0.886493,3917.99,138.142,False,-26.1452,13.8746,22.417430394275257,0.038884159900539554,22.478316686759506,0.00025985215248096636,22.417341694712015,0.03828130478026543,nan,nan
2005 UC178,397072,MBO,MBO,21163628875495491,745297381464997915,17.308903,3.4035842,3.2457929,151.5778426527395,1.6762194482166215,2025052300161,72,60819.04168941305,g,151.5778398918458,1.6762157893275573,27.688199996948242,3896.72,139.682,False,3787.69,0.466725,3855.02,134.285,False,-41.1124,48.3784,22.423252006783414,0.03891935091955933,22.454063948411385,0.00013378608838104318,22.43493340567369,0.037820319866914316,nan,nan
2005 UC178,397072,MBO,MBO,21163628875495491,745297381601312773,17.308908,3.403584,3.2458,151.57792068637144,1.6762172850865782,2025052300162,76,60819.04221461984,g,151.57790512575008,1.6762168337989571,29.252161026000977,3930.29,131.913,False,3482.89,0.120875,3905.17,124.911,False,-24.9693,47.2411,22.413938498287564,0.03644074927247839,22.545150637570742,3.768088249509134e-05,22.420900160851378,0.034728424413117194,nan,nan
2005 UC178,397072,MBO,MBO,21163628875495491,745297381713510481,17.308914,3.4035835,3.245807,151.57799872496076,1.6762151213227234,2025052300163,34,60819.04273919154,g,151.57799259007479,1.6762126742756054,29.48587989807129,3819.91,128.662,False,3615.3,0.824201,3827.0,125.491,False,-10.8499,41.0307,22.444867198175658,0.03656970912246214,22.50463913240859,0.0002475215999731901,22.44285384443875,0.03560233058675384,nan,nan
2005 UC178,397072,MBO,MBO,21163628875495491,745297381917458456,17.308924,3.403583,3.2458174,151.5781121499114,1.6762119755238738,2025052300164,167,60819.04350260107,g,151.57810273888467,1.6762037686521154,22.712268829345703,3637.7,158.556,False,3722.35,2.80342,3623.32,156.599,False,-23.1324,12.1628,22.4979328143938,0.04732385620784914,22.47295695662016,0.0008177024148327885,22.502233251456147,0.04692525078128573,nan,nan
2005 UC178,397072,MBO,MBO,21163628875495491,745297382051151900,17.308962,3.4035804,3.2458627,151.57861176250847,1.6761981065784892,2025052300165,166,60819.04686286381,r,151.57862007506876,1.6762013151519102,28.00115203857422,5870.4,207.15,False,5792.21,1.55087,5902.99,204.629,False,-33.4368,24.5783,21.978330782031936,0.0383125940191985,21.992889259627464,0.0002907069419000631,21.972319838135626,0.03763738421317646,nan,nan
2005 UC178,397072,MBO,MBO,21163628875495491,745297382318014530,17.308973,3.4035797,3.2458768,151.5787673393103,1.676193783769297,2025052300167,163,60819.04790885035,r,151.57876714990059,1.6761881334454758,30.37721824645996,5828.19,190.817,False,5301.28,0.863074,5773.09,187.68,False,-74.7918,55.141,21.986165757405935,0.03554738759787935,22.08904818612183,0.00017676310857201772,21.996479209344862,0.03529669006925998,nan,nan
2005 UC178,397072,MBO,MBO,21163628875495491,745297382588022819,17.308985,3.403579,3.245891,151.57892338287866,1.676189446053228,2025052300169,166,60819.0489575571,r,151.5789195792083,1.676193725558061,29.59520149230957,5922.28,197.468,False,5873.25,0.72368,5846.54,194.892,False,-96.0371,53.3683,21.968777697922683,0.03620196396947307,21.97780378160209,0.0001337803767419194,21.98275267944586,0.03619256810839282,nan,nan
2005 UC178,397072,MBO,MBO,21163628875495491,745297382720667681,17.30899,3.4035785,3.2458982,151.57900163565847,1.6761872700461369,2025052300170,163,60819.04948372305,r,151.57899737108,1.676193704763397,33.56001281738281,5844.08,170.244,False,5390.75,0.644853,5862.65,168.144,False,-67.5851,54.9925,21.9832096045131,0.031628601174236964,22.070877021076726,0.00012987807714427772,21.97976509910221,0.03113950660631058,nan,nan
2005 UC178,397072,MBO,MBO,21163628875495491,745297382854361157,17.308996,3.4035783,3.2459052,151.57907944728873,1.676185105825552,2025052300171,162,60819.05000675553,r,151.57907249156082,1.6761859321036512,29.090272903442383,6013.01,202.763,False,5694.3,0.0853898,5988.94,201.977,False,-62.1951,35.8334,21.952270227059458,0.0366118032726386,22.011399177494187,1.628133413386077e-05,21.95662510527021,0.036616454499111786,nan,nan
2005 UC178,397072,MBO,MBO,21163628875495491,745297383122796562,17.309008,3.4035773,3.2459195,151.57923612777446,1.676180746528663,2025052300173,162,60819.05105965396,r,151.579232059537,1.6761815044978758,31.692977905273438,6135.85,188.505,False,5729.5,0.7171,6073.28,186.016,False,-36.5759,44.6434,21.930313147483062,0.033355884730227575,22.004708190594457,0.00013588994829081045,21.941441778112996,0.03325457084692971,nan,nan
2005 UC178,397072,MBO,MBO,21163628875495491,745297383640268889,17.30903,3.403576,3.2459478,151.579548213015,1.6761720576829775,2025052300177,125,60819.053156911876,r,151.57954214918976,1.6761746413696605,31.85189437866211,5734.78,175.836,False,5159.29,0.0232336,5740.28,173.696,False,-43.0114,38.5688,22.003708135744052,0.03329012043384243,22.11852514192571,4.889347265480679e-06,22.002667348191384,0.03285345696591017,nan,nan
2005 UC178,397072,MBO,MBO,21163628875495491,745297384039252033,17.30905,3.4035747,3.245969,151.57978237016374,1.6761655334615932,2025052300180,118,60819.05472985945,r,151.57977392692817,1.6761644498451493,31.260387420654297,5892.8,183.953,False,5498.16,0.275851,5892.61,181.444,False,-23.9184,36.2722,21.97419578220883,0.033892961219532135,22.049456534293135,5.4473027622032054e-05,21.97423077908503,0.033431760250882854,nan,nan
2005 UC178,397072,MBO,MBO,21163628875495491,745297384173469761,17.309055,3.4035742,3.2459762,151.57986053256755,1.676163354708456,2025052300181,118,60819.05525411703,r,151.57984835130858,1.6761656708810326,33.12466049194336,6170.11,185.291,False,5582.38,0.126937,6168.66,183.817,False,-53.3699,34.6563,21.924267757424175,0.032605115949501336,22.032951532393636,2.4688412760646925e-05,21.92452288810817,0.032353342274126486,nan,nan
2005 UC178,397072,MBO,MBO,21163628875495491,745297384441380896,17.309067,3.4035735,3.2459903,151.58001612909663,1.6761590160975417,2025052300183,117,60819.05629904333,r,151.58001381064628,1.6761556354489597,28.42839813232422,5932.51,204.944,False,5527.63,0.914885,5761.89,202.224,False,-105.456,21.7604,21.966903845522637,0.03750775469470804,22.043652610011492,0.00017970156684016201,21.99858756692298,0.038105884006971645,nan,nan
2005 UC178,397072,MBO,MBO,21163628875495491,745297384575598628,17.309072,3.403573,3.2459974,151.58009430777952,1.6761568354806782,2025052300184,117,60819.056824495594,r,151.58009219457728,1.6761577108018568,30.946449279785156,6063.96,194.26,False,5480.94,0.170432,5940.25,192.341,False,-80.0675,22.4201,21.943109187305982,0.034781745019896074,22.052862391945368,3.376139791637867e-05,21.96548819254039,0.03515535391109731,nan,nan
2005 UC178,397072,MBO,MBO,21163628875495491,745297384869724172,17.30911,3.4035704,3.2460449,151.58061727873087,1.676142236368097,2025052300186,166,60819.060335375776,i,151.580614408843,1.6761498370538157,17.244600296020508,6367.12,357.251,False,6821.48,0.583696,6174.5,353.823,False,-256.685,13.4998,21.890142392483614,0.06091927675843488,21.815303477720605,9.290357663999887e-05,21.923495512592932,0.062216930772622414,nan,nan
2005 UC178,397072,MBO,MBO,21163628875495491,745297385002369205,17.309116,3.4035702,3.246052,151.58069520200578,1.6761400593040636,2025052300187,163,60819.06085855108,i,151.58067811389182,1.6761362903238826,19.963769912719727,6725.48,331.35,False,7046.48,6.2495,6481.18,329.149,False,-221.754,19.8025,21.830691789306286,0.05349189933182133,21.780069443984967,0.0009629358503721374,21.870864762653227,0.05513949034798292,nan,nan
2005 UC178,397072,MBO,MBO,21163628875495491,745297385136586805,17.309122,3.4035697,3.246059,151.5807735779204,1.676137869131376,2025052300188,163,60819.06138473396,i,151.58077176816064,1.676137418648351,24.731950759887695,6596.8,265.848,False,6280.69,1.99472,6515.5,262.936,False,-92.7598,37.0161,21.851666738502352,0.043754668681934644,21.904981614666887,0.00034482512640749986,21.865130627196685,0.04381538481630842,nan,nan
2005 UC178,397072,MBO,MBO,21163628875495491,745297385270804542,17.309128,3.4035692,3.246066,151.5808516613809,1.6761356866709696,2025052300189,163,60819.06190884062,i,151.58084709967713,1.6761352795654059,26.234006881713867,6566.28,245.989,False,6088.08,0.0969367,6567.59,244.459,False,-66.4132,58.3324,21.856701540476973,0.040674349904041146,21.938799109524766,1.7287500553766458e-05,21.856484943527178,0.040413301195101614,nan,nan
2005 UC178,397072,MBO,MBO,21163628875495491,745297385406070818,17.309134,3.403569,3.2460732,151.58092989953923,1.6761334994269943,2025052300190,165,60819.06243327331,i,151.58092035243058,1.676135840853591,26.53957176208496,6811.34,250.662,False,6221.8,1.49842,6809.8,249.207,False,-56.7251,58.8509,21.816918626417504,0.039955840933420105,21.9152099176224,0.0002614820301339195,21.81716413835221,0.039732895376473204,nan,nan
2005 UC178,397072,MBO,MBO,21163628875495491,745297385538715670,17.30914,3.4035685,3.2460804,151.5810084414532,1.6761313032292326,2025052300191,162,60819.06296078522,i,151.58100524824707,1.6761335306816467,27.930686950683594,6539.22,227.746,False,5925.03,0.396697,6564.74,226.748,False,-47.4852,61.9322,21.8611850927144,0.037813695203779606,21.968273655279248,7.269302039922325e-05,21.85695613547834,0.037501638352756585,nan,nan
2005 UC178,397072,MBO,MBO,21163628875495491,745297386056187964,17.309162,3.403567,3.2461088,151.58132266653243,1.6761225122250596,2025052300195,125,60819.06506858168,i,151.58131141168164,1.6761216960262313,27.893457412719727,6716.12,238.521,False,5933.17,0.98366,6770.39,236.608,False,-49.2941,43.5953,21.832203862869658,0.03855959639423566,21.96678303397858,0.00018000415805237993,21.823465762060287,0.03794373272489442,nan,nan
2005 UC178,397072,MBO,MBO,21163628875495491,745297386190405722,17.309168,3.4035666,3.246116,151.58140123728083,1.6761203129220592,2025052300196,125,60819.06559514809,i,151.58139997120438,1.6761278611918986,26.194887161254883,6561.21,244.744,False,6249.17,0.609755,6534.08,241.722,False,-81.8251,34.8367,21.857540161125122,0.04049975947391132,21.91044416555609,0.00010593935925428905,21.86203886837861,0.040165765322911606,nan,nan
2005 UC178,397072,MBO,MBO,21163628875495491,745297386324623479,17.309174,3.4035661,3.246123,151.58147936655902,1.6761181255234188,2025052300197,125,60819.06611941331,i,151.58147519491345,1.6761239850575818,27.94983673095703,6651.12,237.834,False,5934.66,0.0665795,6607.4,233.067,False,-77.2663,45.6632,21.842763022175014,0.038824285169282095,21.96651036384219,1.218060848484707e-05,21.849923518537942,0.038297860767062104,nan,nan
2005 UC178,397072,MBO,MBO,21163628875495491,745297386458841159,17.30918,3.403566,3.2461302,151.58155765069242,1.676115933337309,2025052300198,125,60819.06664482081,i,151.581551670257,1.676120818809181,28.411041259765625,7104.69,241.996,False,6661.86,0.387886,7120.45,239.626,False,-84.1393,44.5402,21.771137176352042,0.03698174349045463,21.84101126806579,6.321685968646148e-05,21.768731367326744,0.03653850871111252,nan,nan
2005 UC178,397072,MBO,MBO,21163628875495491,745297386723606587,17.30919,3.403565,3.2461443,151.58171349066384,1.6761115680171228,2025052300200,118,60819.06768914743,i,151.58170943607675,1.676113479818746,28.18848991394043,6996.32,238.906,False,6355.81,0.787753,7004.12,236.678,False,-50.5226,43.7061,21.78782586436469,0.03707504897042726,21.892072725065518,0.0001345685175252273,21.786616036474193,0.036688386608307706,nan,nan
2005 UC178,397072,MBO,MBO,21163628875495491,745297386857824293,17.309196,3.4035647,3.2461514,151.58179149391748,1.6761093823554758,2025052300201,118,60819.06821238123,i,151.58178508634012,1.676096085638855,25.207223892211914,6463.1,254.987,False,5825.71,2.37822,6468.95,253.82,False,-60.3671,43.6607,21.873897794657527,0.0428352668114968,21.986627852437678,0.00044322832109660454,21.87291548123991,0.0426006636507371,nan,nan
2005 UC178,397072,MBO,MBO,21163628875495491,745297386992042008,17.309202,3.4035642,3.2461586,151.5818698013146,1.6761071877239595,2025052300202,118,60819.068737992246,i,151.58186611066796,1.6761061660386467,28.746652603149414,6815.46,230.212,False,6197.38,0.0952688,6830.91,227.551,False,-35.1694,45.5182,21.816262073066937,0.0366739017907839,21.919479704860315,1.669040598248428e-05,21.813803566746962,0.036167999272593045,nan,nan
2005 UC178,397072,MBO,MBO,21163628875495491,745301777419599905,17.31476,3.4028854,3.2583396,151.72224799988112,1.6716522565005565,2025052400145,178,60819.98026129721,i,151.72224730971365,1.6716585491609393,28.060728073120117,7811.3,273.199,False,7727.08,1.75371,7826.87,269.921,False,-47.9863,73.1153,21.66819173315747,0.03797345619639823,21.67996146750843,0.00024641474588151316,21.666029682524773,0.03744319081173958,nan,nan
2005 UC178,397072,MBO,MBO,21163628875495491,745301777553817620,17.314764,3.4028852,3.2583466,151.7223269396484,1.6716492738132105,2025052400146,178,60819.9807832778,i,151.72231488502837,1.6716517356172549,29.366178512573242,7793.57,262.017,False,7976.45,0.94347,7776.8,256.421,False,-26.6424,43.3905,21.670658923264888,0.036502058456263566,21.645475855452652,0.00012842298432835404,21.672997701962384,0.035799501013837234,nan,nan
2005 UC178,397072,MBO,MBO,21163628875495491,745301777688035340,17.314768,3.4028847,3.2583537,151.72240603318195,1.6716462847534796,2025052400147,178,60819.98130642876,i,151.7223860331911,1.6716445077073163,27.222822189331055,7462.55,268.047,False,7250.06,1.61595,7397.64,262.045,False,10.7025,99.0975,21.71778189348264,0.03899851081906736,21.749145989431888,0.00024199736185176587,21.72726699764975,0.03845979976001071,28.82628687390508,10.053141235751584
2005 UC178,397072,MBO,MBO,21163628875495491,745301777822253070,17.314774,3.4028842,3.2583606,151.72248512924452,1.6716432950363014,2025052400148,178,60819.98182965605,i,151.72247769981152,1.6716453432599703,29.536672592163086,7517.45,251.465,False,7051.15,1.30105,7581.43,249.808,False,26.9921,82.5628,21.709823601275332,0.03631878411694201,21.77935013109611,0.00020033569730080266,21.700622151202893,0.03577498995463238,27.821908324032645,3.321024272018655
2005 UC178,397072,MBO,MBO,21163628875495491,745301778088591440,17.314781,3.4028835,3.2583747,151.72264348026124,1.671637307911597,2025052400150,174,60819.98287619607,i,151.72263938318912,1.6716399043617858,31.644912719726562,7220.93,225.698,False,6678.48,0.372734,7234.38,214.428,False,-15.2151,87.448,21.75351713620442,0.033935861704189565,21.83830592884574,6.059624507726286e-05,21.75149672460177,0.03218136729419606,nan,nan
2005 UC178,397072,MBO,MBO,21163628875495491,745301778220711991,17.314787,3.4028833,3.2583818,151.72272288655907,1.6716343047798443,2025052400151,170,60819.98340187362,i,151.72272443970087,1.671643234201334,30.375558853149414,7851.92,253.35,False,7294.5,0.408415,7715.63,249.293,False,-42.4586,48.7567,21.662560345548503,0.03503235856187824,21.742511178440353,6.0789765013901914e-05,21.68157153386492,0.035080277178729594,nan,nan
2005 UC178,397072,MBO,MBO,21163628875495491,745301778487574620,17.31483,3.4028792,3.2584515,151.72350771749325,1.6716045925641203,2025052400153,167,60819.988589141874,i,151.7235027970846,1.6716087246432951,33.69306182861328,7724.32,228.167,False,7179.57,0.476971,7670.32,217.158,False,-39.3549,84.6629,21.68034938156815,0.03207132619483547,21.759753941122952,7.213032207624372e-05,21.68796631796406,0.030738784473800046,nan,nan
2005 UC178,397072,MBO,MBO,21163628875495491,745301778757058592,17.314838,3.4028785,3.2584655,151.7236665928591,1.6715985712567216,2025052400155,169,60819.98963994597,i,151.72365157038175,1.6716029397726824,30.338321685791016,7965.41,256.239,False,7625.57,2.92911,8006.12,248.362,False,-11.9153,60.2179,21.646979641304988,0.03492701176182047,21.694319244783294,0.0004170495979361646,21.64144474596937,0.03368118524441053,nan,nan
2005 UC178,397072,MBO,MBO,21163628875495491,745301778891276348,17.314844,3.402878,3.2584727,151.72374558096246,1.6715955768236987,2025052400156,169,60819.99016198833,i,151.7237273718622,1.671598527731437,24.55304527282715,6950.85,280.91,False,6436.89,0.838577,7225.65,273.903,False,-33.3095,49.3216,21.79490519350892,0.043878684904675405,21.878309758101913,0.00014144615803045224,21.752807711806383,0.04115704803659082,nan,nan
2005 UC178,397072,MBO,MBO,21163628875495491,745301779025494044,17.314848,3.4028778,3.2584796,151.7238248745478,1.6715925702647547,2025052400157,169,60819.990685411554,i,151.7238156124495,1.6715960398259657,26.143035888671875,7419.97,284.298,False,7245.99,1.83923,7337.96,276.827,False,-47.4499,44.9525,21.723994595143054,0.04160025271112979,21.749755639029964,0.00027558946004993675,21.73606165567726,0.04095976176598673,nan,nan
2005 UC178,397072,MBO,MBO,21163628875495491,745301779156041784,17.314852,3.4028773,3.2584867,151.72390401977694,1.6715895687876257,2025052400158,162,60819.99120829157,i,151.72389434323327,1.671588229453961,28.215381622314453,7875.33,275.376,False,6992.74,0.304821,7890.72,268.062,False,-62.9103,85.793,21.659328086511266,0.03796484691340783,21.788381511471798,4.7328400629402853e-05,21.657208388346074,0.036884419079495655,nan,nan
2005 UC178,397072,MBO,MBO,21163628875495491,745301779692912677,17.314869,3.402876,3.2585146,151.72422032773216,1.6715775678309202,2025052400162,162,60819.993298227986,i,151.7242103859359,1.6715798532324637,29.04417610168457,7148.88,244.09,False,6563.13,0.336185,7186.9,239.739,False,-4.41368,70.2645,21.764404999980513,0.037071170671154764,21.857222502678347,5.5614964431902605e-05,21.75864600966225,0.03621774531528591,nan,nan
2005 UC178,397072,MBO,MBO,21163628875495491,745301780210384918,17.314888,3.4028742,3.2585428,151.72453592732154,1.671565585194957,2025052400166,125,60819.99538363117,i,151.7245258745841,1.671563845763789,26.820232391357422,7591.79,275.781,False,6919.65,0.700309,7529.9,271.882,False,-52.2804,29.6469,21.699139528499288,0.039440688046624754,21.799789694973178,0.00010988284425771576,21.708026992482544,0.03920266168103637,nan,nan
2005 UC178,397072,MBO,MBO,21163628875495491,745301780475150415,17.314896,3.4028735,3.2585568,151.72469412421125,1.6715595756069157,2025052400168,118,60819.99642804626,i,151.7246934142911,1.6715634871267517,24.97076416015625,8013.73,317.025,False,7280.15,0.24074,8063.96,315.472,False,-5.79348,19.0288,21.640413237603333,0.04295197299204538,21.7446491955737,3.590312544992747e-05,21.63362909311538,0.042475329393023474,nan,nan
2005 UC178,397072,MBO,MBO,21163628875495491,745301780743061561,17.314905,3.4028728,3.258571,151.72485172808314,1.6715535864380069,2025052400170,117,60819.997469902744,i,151.7248552436184,1.6715615839237907,28.628183364868164,7433.93,259.065,False,6791.9,0.471468,7363.82,252.194,False,-42.5027,54.984,21.72195380598051,0.03783681658091817,21.820021808154404,7.536770065616995e-05,21.73224211556972,0.037183983750837354,nan,nan
2005 UC178,397072,MBO,MBO,21163628875495491,745301780877279323,17.314909,3.4028723,3.2585778,151.72493030769013,1.671550599518888,2025052400171,117,60819.99798851295,i,151.72492139786036,1.6715417838360564,27.5330753326416,7653.01,276.938,False,7060.82,1.57514,7576.45,270.449,False,-20.2413,70.8698,21.690419331221534,0.039289326625507034,21.777862176384822,0.00024220792591733695,21.701335568271254,0.03875644514746772,nan,nan
2005 UC178,397072,MBO,MBO,21163628875495491,745301781011496965,17.314913,3.4028718,3.258585,151.72500964760246,1.671547583172127,2025052400172,117,60819.998512696766,i,151.72500215238594,1.671541053980411,26.94162368774414,7502.68,272.738,False,7080.04,1.44801,7594.61,268.438,False,18.2002,37.7381,21.71195891564648,0.03946876599193971,21.77491071569975,0.00022205479604937145,21.698736327569478,0.038376275787189607,28.249809651002987,2.251273140907821
2005 UC178,397072,MBO,MBO,21163628875495491,745301781177171994,17.31494,3.4028695,3.258629,151.72550726281182,1.6715286528109712,2025052400173,177,60820.00179829667,z,151.72551122520878,1.6715396735280985,13.398359298706055,8286.09,615.238,False,7889.16,18.8837,7940.4,606.376,False,-39.6924,25.8195,21.604125905197098,0.08061536355048589,21.657423068313534,0.0025988464843989946,21.650394061625043,0.08291324864571936,nan,nan
2005 UC178,397072,MBO,MBO,21163628875495491,745301781311389702,17.314945,3.402869,3.2586362,151.72558662695045,1.6715256317224227,2025052400174,177,60820.00232259649,z,151.7255665691172,1.671547488621222,13.329602241516113,7789.2,583.584,False,7942.24,11.8606,7623.08,569.237,False,-66.1769,28.9813,21.671267834828527,0.08134574082898115,21.650142451677723,0.001621391819192252,21.694673795188212,0.08107500027859792,nan,nan
2005 UC178,397072,MBO,MBO,21163628875495491,745301781440364609,17.314949,3.4028687,3.2586432,151.72566599459168,1.6715226099797027,2025052400175,167,60820.002846007206,z,151.725656860539,1.6715512607767433,14.760652542114258,8051.19,542.233,False,7647.07,5.11907,8083.02,529.524,False,-69.387,33.792,21.635349818709205,0.07312235489667919,21.69126236079207,0.0007268090679310942,21.631065863915047,0.0711272967758627,nan,nan
2005 UC178,397072,MBO,MBO,21163628875495491,745301781579825157,17.314953,3.4028683,3.25865,151.72574460827198,1.671519616429947,2025052400176,177,60820.00336581418,z,151.72574283460236,1.6715232110850147,12.047477722167969,7459.04,602.413,False,7090.13,6.32851,7522.46,594.726,False,-61.4497,30.5277,21.718292654027522,0.08768710556975932,21.773364522454145,0.0009691066784150558,21.709100287896316,0.08583835178624398,nan,nan
2005 UC178,397072,MBO,MBO,21163628875495491,745301781710372932,17.314957,3.4028678,3.2586572,151.72582383129134,1.6715165991623964,2025052400177,170,60820.003888935134,z,151.72581720556002,1.6715369212336917,16.22877311706543,8672.59,531.311,False,7713.81,1.93731,8668.75,526.576,False,-69.5354,66.6452,21.554627980965332,0.06651572033056587,21.681827648028136,0.0002726807595175358,21.5551088039566,0.06595214022360667,nan,nan
2005 UC178,397072,MBO,MBO,21163628875495491,745301781843017775,17.314962,3.4028676,3.2586641,151.72590320924846,1.6715135754767558,2025052400178,167,60820.00441263528,z,151.72588555657066,1.6715126014898192,12.94001579284668,7192.31,541.757,False,6631.94,5.91423,6994.04,530.602,False,-77.8897,31.3068,21.757828996376105,0.08178251562639072,21.845898538485365,0.0009682375820171268,21.788179714491392,0.08236924400868269,nan,nan
2005 UC178,397072,MBO,MBO,21163628875495491,745301781978284071,17.314966,3.402867,3.2586713,151.72598228780285,1.6715105626826323,2025052400179,169,60820.00493446327,z,151.7259480979857,1.6715272299987998,13.91817855834961,7769.29,545.985,False,7634.82,4.61009,8167.03,538.478,False,-105.235,37.527,21.674046663488333,0.0762998501626359,21.6930030187425,0.000655593909925631,21.619839651341767,0.07158601169992695,nan,nan
2005 UC178,397072,MBO,MBO,21163628875495491,745301782245146657,17.314976,3.4028664,3.2586854,151.72614045540212,1.6715045351614848,2025052400181,166,60820.00597883633,z,151.72614443639557,1.6715148080318105,14.2216157913208,7845.06,550.92,False,7836.54,1.89719,7681.4,543.33,False,-120.796,33.4244,21.663509318205353,0.07624591359438329,21.664689107834334,0.0002628516963686054,21.686399061099678,0.07679759915979667,nan,nan
2005 UC178,397072,MBO,MBO,21163628875495491,745301782378840097,17.31498,3.402866,3.2586923,151.72621984752246,1.6715015088830223,2025052400182,165,60820.00650210535,z,151.72624013432977,1.6714739079343983,12.592065811157227,7981.11,631.604,False,7774.47,8.32485,7841.06,626.429,False,-111.767,26.3948,21.644841777267636,0.0859223022685316,21.67332298987152,0.0011625989789484678,21.664063049131894,0.0867403970155512,nan,nan
2005 UC178,397072,MBO,MBO,21163628875495491,745301782513057823,17.314983,3.4028656,3.2586994,151.7262990917596,1.6714984877310486,2025052400183,165,60820.00702511784,z,151.7262872843052,1.671499940900237,11.098158836364746,7770.28,687.763,False,7610.68,14.4678,8197.42,680.576,False,-59.5095,24.3583,21.67390835809364,0.09610068241682938,21.696441320166816,0.002063969849318201,21.615807042824493,0.09014128812948834,nan,nan
2005 UC178,397072,MBO,MBO,21163628875495491,745301782647275560,17.314987,3.4028652,3.2587063,151.72637788505443,1.671495483266382,2025052400184,165,60820.00754595589,z,151.7263755474561,1.6714843594472266,14.630009651184082,7859.86,531.837,False,7300.76,4.73043,8084.77,526.467,False,-72.5154,41.6459,21.661462992772414,0.0734662791623249,21.741579854887604,0.0007034883240872632,21.630830823954586,0.07070136310539227,nan,nan
2005 UC178,397072,MBO,MBO,21163628875495491,745301782781493281,17.314991,3.4028647,3.2587135,151.7264571364466,1.6714924608276382,2025052400185,165,60820.00806811941,z,151.72645854500942,1.6715056856309591,14.63624095916748,7902.85,532.851,False,7691.89,13.0265,7985.91,521.526,False,-44.4116,38.0628,21.655540639349756,0.07320594843714111,21.684917318545395,0.0018387343223234458,21.64418895012516,0.07090483738285262,nan,nan
2005 UC178,397072,MBO,MBO,21163628875495491,745301783162650662,17.315004,3.4028637,3.2587345,151.72669385197932,1.6714834301101689,2025052400188,124,60820.00963091398,z,151.72669521445877,1.6714808767797904,15.106976509094238,8193.96,529.138,False,7826.07,5.6762,8264.85,520.985,False,-88.7317,111.932,21.61626540629841,0.07011314275176427,21.666140704103412,0.0007874777365190833,21.606912611557043,0.06844072033566628,nan,nan
2005 UC178,397072,MBO,MBO,21163628875495491,745301783296868383,17.315008,3.4028633,3.2587416,151.7267735728012,1.6714803877418858,2025052400189,124,60820.01015619562,z,151.72676252879782,1.671475106203409,15.501805305480957,8220.69,524.406,False,7358.16,5.07171,7995.02,515.05,False,-172.043,108.386,21.612729264783887,0.06926019066451708,21.733076909086822,0.0007483581723175033,21.64295111110735,0.0699445927140837,nan,nan
2005 UC178,397072,MBO,MBO,21163628875495491,745301783431610415,17.315014,3.4028628,3.2587485,151.72685269118696,1.671477367861874,2025052400190,125,60820.010678378465,z,151.72685223842365,1.6714917320808231,16.07846450805664,7780.62,481.443,False,7441.61,11.5536,7609.35,471.847,False,-256.945,123.995,21.67246447065553,0.06718231713313534,21.720832755520647,0.0016856785539318229,21.696631085095426,0.06732524433720287,nan,nan
2005 UC178,397072,MBO,MBO,21163628875495491,745301783830593579,17.315025,3.4028616,3.2587698,151.7270903719575,1.6714682927954037,2025052400193,118,60820.012246618,z,151.72709909462293,1.6714742844339119,14.325189590454102,7198.04,498.99,False,7221.79,5.67735,7050.13,490.13,False,-283.17,134.429,21.756964354788643,0.07526653023173913,21.75338785519879,0.0008535424675581013,21.779507205085626,0.0754811471823917,nan,nan
2005 UC178,397072,MBO,MBO,21163628875495491,745301784098504754,17.315035,3.4028609,3.2587838,151.7272490976087,1.6714622298795152,2025052400195,117,60820.01329302211,z,151.72725086994078,1.6714568372711893,16.40447998046875,7577.36,453.002,False,7032.05,0.622177,7498.25,441.585,False,-175.392,139.605,21.701205216967473,0.06490924233193975,21.782295155051738,9.606304259170603e-05,21.712600209529278,0.06394089456881107,nan,nan
2005 UC178,397072,MBO,MBO,21163628875495491,745301784212275252,17.315039,3.4028604,3.2587907,151.72732793552532,1.6714592177329384,2025052400196,78,60820.01381386521,z,151.72732321604957,1.671454463227331,18.996055603027344,8256.85,429.689,False,8044.89,0.762224,8182.12,414.766,False,-92.5387,156.75,21.607964063977512,0.05650204631561112,21.636199705929968,0.00010286954812776423,21.617835372883405,0.055037868756551686,nan,nan
2005 UC178,397072,MBO,MBO,21163628875495491,745301784366940182,17.315042,3.4028602,3.258798,151.72740738377996,1.6714561817727636,2025052400197,117,60820.014337399916,z,151.72740347407122,1.6714530858653516,15.997113227844238,7379.42,453.299,False,6981.28,5.0924,7252.92,438.562,False,-60.825,174.527,21.729944439151776,0.06669401569289345,21.7901623916211,0.0007919755832184568,21.74871779368873,0.06565116660374073,nan,nan
2005 UC178,397072,MBO,MBO,21163628875495491,745301784480710664,17.315046,3.4028597,3.258805,151.72748668436273,1.6714531509616195,2025052400198,78,60820.01486095751,z,151.7274900952853,1.6714667869076818,16.88819694519043,7492.63,438.181,False,6824.32,2.27417,7348.06,418.819,False,-74.2639,170.467,21.713414299834717,0.06349559275086844,21.814851569988722,0.0003618160759683216,21.73456825672897,0.06188394599113981,nan,nan
2005 UC178,397072,MBO,MBO,21163628875495491,745301784614928440,17.315052,3.4028594,3.258812,151.72756644382667,1.6714501021159998,2025052400199,78,60820.015386180174,z,151.72756744766338,1.6714537712895312,18.60886573791504,8209.8,433.148,False,7857.35,4.13225,8162.3,415.692,False,-85.583,164.11,21.614168582469233,0.05728330628514181,21.661809739228616,0.0005709982620238393,21.62046864362931,0.05529469023669046,nan,nan
2005 UC178,397072,MBO,MBO,21163628875495491,745301784881791051,17.31506,3.4028585,3.258826,151.72772521638876,1.6714440314772006,2025052400201,75,60820.016433712604,z,151.72769949635511,1.6714529657847066,16.978248596191406,7755.32,453.22,False,7368.24,0.602147,8025.81,438.188,False,196.912,178.192,21.67600071866549,0.06345029930411819,21.73159055706786,8.872848324599657e-05,21.638777806584173,0.05927832329618379,25.664319527732182,0.9825175953598435
2005 UC178,397072,MBO,MBO,21163628875495491,745301785014435887,17.315063,3.4028583,3.2588332,151.72780513949326,1.671440974890612,2025052400202,72,60820.01696019084,z,151.7277994370825,1.671446902653617,16.425460815429688,7316.67,441.896,False,6916.06,0.8599,7801.4,430.995,False,292.416,196.538,21.739216342306413,0.06557388631981505,21.800353109995214,0.00013499370336241665,21.66956864862251,0.0599824231709619,25.23499722519694,0.7297426508188315
2005 UC178,397072,MBO,MBO,21163628875495491,745301785200033807,17.315071,3.4028575,3.2588434,151.7279201024734,1.671436577367606,2025052400203,170,60820.01771853029,z,151.72790432522925,1.6714405048057535,16.01709747314453,7897.05,485.162,False,8098.95,8.73316,8194.39,473.737,False,282.174,164.574,21.65633780748325,0.06670312937325433,21.628928179325154,0.0011707576643669863,21.61620847228288,0.0627689716953396,25.273707470243597,0.633240300725076
2005 UC178,397072,MBO,MBO,21163628875495491,745301785332678729,17.315075,3.4028573,3.2588506,151.7279995804746,1.6714335366061093,2025052400204,167,60820.01824204062,z,151.7280017669231,1.6714349408195477,16.64325714111328,7794.07,468.153,False,7908.0,5.59601,7984.3,453.149,False,105.875,182.904,21.670589269601496,0.06521505315761851,21.65483334839591,0.0007683094189634153,21.644407909926436,0.061620965290805865,26.33801644165309,1.8756599985798525
2005 UC178,397072,MBO,MBO,21163628875495491,745301785466896437,17.315079,3.4028568,3.2588575,151.72807936600344,1.6714304835892118,2025052400205,167,60820.01876831184,z,151.72807479875024,1.6714396970628411,17.12519073486328,8076.2,465.219,False,7483.25,1.81783,8112.05,447.989,False,-23.5794,193.336,21.631982310427382,0.06254242005699712,21.714774364121737,0.00026374687585905583,21.62717347902754,0.05995992421007785,nan,nan
2005 UC178,397072,MBO,MBO,21163628875495491,745301785601114185,17.315083,3.4028563,3.2588646,151.72815885220135,1.6714274415396373,2025052400206,167,60820.0192924014,z,151.72815681360086,1.6714387628261385,17.456356048583984,7475.03,418.762,False,7056.01,5.16165,7442.53,406.144,False,-58.445,178.394,21.71596768125357,0.060824514481913526,21.778602067014106,0.0007942435829540807,21.720698546555923,0.059249377751024485,nan,nan
2005 UC178,397072,MBO,MBO,21163628875495491,745301785736380470,17.315086,3.402856,3.2588718,151.7282384942606,1.6714243930390285,2025052400207,169,60820.01981795414,z,151.72823417200527,1.6714253310423426,15.761138916015625,7780.76,486.611,False,7862.91,9.16822,7906.42,470.887,False,-5.69483,85.5975,21.672444983776387,0.06790225993744936,21.66104171668064,0.0012659775730033639,21.655050308365464,0.06466378742146853,nan,nan
2005 UC178,397072,MBO,MBO,21163628875495491,745301785871122444,17.315115,3.4028535,3.2589185,151.72876514763286,1.6714042218943306,2025052400208,170,60820.023288582335,r,151.72875908034945,1.6714092290459754,32.148643493652344,6641.8,204.895,False,6197.2,0.204194,6568.23,201.619,False,-75.481,63.7399,21.844285547314506,0.03349422308026783,21.919511185269183,3.577435059869194e-05,21.856379123011763,0.033327860336276334,nan,nan
2005 UC178,397072,MBO,MBO,21163628875495491,745301786003767358,17.315119,3.402853,3.2589257,151.7288446700648,1.6714011743141344,2025052400209,167,60820.02381293694,r,151.72883211043637,1.6714111831110516,30.711488723754883,6734.79,216.385,False,6437.83,0.306308,6638.1,213.403,False,-70.1939,12.3178,21.829189847773023,0.03488409012601743,21.878151225970747,5.165866181007869e-05,21.84489050759347,0.03490446961673119,nan,nan
2005 UC178,397072,MBO,MBO,21163628875495491,745301786137985080,17.315123,3.4028528,3.2589326,151.72892358977148,1.6713981493631231,2025052400210,167,60820.024332603716,r,151.7289211045072,1.6713932967408673,29.950271606445312,6321.01,208.966,False,6117.74,0.391604,6288.44,206.64,False,-46.8817,35.6061,21.898033846774418,0.03589330880460463,21.933522418890202,6.949929733348567e-05,21.903642706288714,0.03567761333160915,nan,nan
2005 UC178,397072,MBO,MBO,21163628875495491,745301786272202810,17.315126,3.4028523,3.2589397,151.72900296897248,1.671395106329406,2025052400211,167,60820.02485572451,r,151.72899194285202,1.6714003920945293,31.950536727905273,6885.76,212.999,False,6257.88,0.650652,6913.17,211.113,False,-39.0741,16.1675,21.80512033321117,0.03358535964973341,21.908931942992286,0.00011288750135101648,21.800806920673374,0.03315599603978604,nan,nan
2005 UC178,397072,MBO,MBO,21163628875495491,745301786407469119,17.315132,3.4028518,3.2589467,151.7290818972323,1.6713920801159532,2025052400212,169,60820.025375670215,r,151.7290788489551,1.671394119498705,28.43048095703125,7015.0,244.588,False,6465.51,1.22382,7168.57,238.322,False,-26.5681,12.3021,21.78493081158905,0.037855743986617535,21.873493069971257,0.0002055128982678361,21.761418700580947,0.03609573972140402,nan,nan
2005 UC178,397072,MBO,MBO,21163628875495491,745301786540113939,17.315136,3.4028516,3.2589538,151.7291615887442,1.6713890241674418,2025052400213,166,60820.02590084262,r,151.72916791566539,1.671397461905518,28.036401748657227,6637.39,234.424,False,6209.33,2.6998,6660.59,233.461,False,-23.7549,11.3883,21.845006635929362,0.038346792104697935,21.917388132838713,0.0004720751811328747,21.84121827296659,0.03805624793822957,nan,nan
2005 UC178,397072,MBO,MBO,21163628875495491,745301786673807403,17.31514,3.402851,3.2589607,151.72924082919712,1.6713859850477375,2025052400214,165,60820.026422853975,r,151.72925644458962,1.6713912720028765,25.228185653686523,6691.52,261.818,False,6466.27,1.01898,6798.87,257.419,False,-17.0951,9.8756,21.83618804597201,0.04248142027605444,21.873365410019495,0.00017109454184220926,21.818908138323565,0.04110817388288774,nan,nan
2005 UC178,397072,MBO,MBO,21163628875495491,745301786942242821,17.315147,3.4028504,3.2589748,151.7293991715077,1.6713799107305012,2025052400216,165,60820.02746558065,r,151.72939961235102,1.6713845442772761,31.602886199951172,6909.93,217.677,False,6793.37,0.83345,6837.39,211.923,False,-35.7221,41.1339,21.80131585277511,0.03420292187496567,21.819786808704478,0.00013320441036851775,21.81277409713079,0.033652091459798916,nan,nan
2005 UC178,397072,MBO,MBO,21163628875495491,745301787591835676,17.315168,3.4028485,3.2590103,151.72979745838933,1.6713646235193362,2025052400221,124,60820.030088322615,r,151.7297845141854,1.6713698697939263,27.153261184692383,6329.01,232.519,False,5904.08,0.0218749,6412.62,226.134,False,43.7457,11.0924,21.896660585527734,0.039888434825458605,21.972119401822646,4.02270490512568e-06,21.88241121717863,0.03828729432833662,27.297661553453658,0.2753052210865201
2005 UC178,397072,MBO,MBO,21163628875495491,745306226066718765,17.317728,3.402146,3.2715893,151.87771887799474,1.6651689951998498,2025052500522,179,60820.97117170756,g,151.87773221133364,1.6651588146374607,26.122167587280273,4216.8,162.218,False,4018.75,0.662234,4369.09,159.057,False,81.1989,9.14668,22.337542542271557,0.04176768315770059,22.389772524329253,0.00017891419940197303,22.29902256146728,0.03952629886732084,26.62612465777069,0.12230315562354335
2005 UC178,397072,MBO,MBO,21163628875495491,745306226200412201,17.317732,3.4021456,3.2715962,151.87779984766073,1.6651651041898023,2025052500523,178,60820.97169588203,g,151.87778193464683,1.6651441291391047,24.90658950805664,4144.64,165.117,False,3770.94,0.0575315,4226.55,159.861,False,92.6267,8.32887,22.356282929021887,0.04325430044073209,22.458875961032863,1.6564578505000583e-05,22.33503502258057,0.04106585163603215,26.4831595046896,0.0976279558228642
2005 UC178,397072,MBO,MBO,21163628875495491,745306226335154228,17.317734,3.4021454,3.2716033,151.8778809740229,1.665161205094879,2025052500524,179,60820.972220035575,g,151.87788503772472,1.665158699006676,25.7469425201416,4169.17,158.65,False,4254.55,0.683507,4265.73,154.317,False,134.814,8.49423,22.34987601018809,0.04131566846299286,22.3278659700789,0.00017442699170990562,22.325016596843682,0.03927758112555137,26.0756625507945,0.06840902023111274
2005 UC178,397072,MBO,MBO,21163628875495491,745306226602541088,17.31774,3.4021444,3.2716172,151.87804199716618,1.6651534643613897,2025052500526,177,60820.97326288884,g,151.8780297357921,1.66515922824983,26.807941436767578,4168.72,154.584,False,3892.94,0.967359,4366.71,149.563,False,180.442,8.66536,22.349993129314832,0.04026114405113969,22.424305740843984,0.0002697952478232239,22.29961413294426,0.03718725752074581,25.759155911604534,0.052140274983873434
2005 UC178,397072,MBO,MBO,21163628875495491,745306227005194269,17.317747,3.4021435,3.2716382,151.87828385787537,1.6651418335113393,2025052500529,177,60820.97482747467,g,151.8782792728002,1.6651456670490983,24.831768035888672,4260.72,169.553,False,3957.18,0.699964,4325.97,165.418,False,58.941,8.17133,22.326292458290766,0.043206269053919104,22.40653550515244,0.00019204995873423893,22.309791187724016,0.04151677006633073,26.973956215476008,0.15052186131793632
2005 UC178,397072,MBO,MBO,21163628875495491,745306227669991468,17.31776,3.4021413,3.2716734,151.8786886544332,1.665122356361236,2025052500534,165,60820.977446518904,g,151.87868970174412,1.665130758529711,30.25165557861328,4238.34,138.895,False,3970.92,0.120158,4116.31,135.247,False,-99.8869,14.2905,22.332010557744063,0.0355807557577115,22.402772177227266,3.285382112739521e-05,22.36372979926336,0.03567334722127726,nan,nan
2005 UC178,397072,MBO,MBO,21163628875495491,745306227804209200,17.317762,3.402141,3.2716804,151.87876934281311,1.6651184723521997,2025052500535,165,60820.97796848843,g,151.87875861081974,1.6651122311496709,29.334300994873047,4278.08,146.31,False,4158.71,0.342881,4131.79,142.591,False,-110.12,13.6754,22.321877726151335,0.037132091631408036,22.352603418465367,8.951773811939905e-05,22.35965438922262,0.0374695261424287,nan,nan
2005 UC178,397072,MBO,MBO,21163628875495491,745306228206862353,17.31777,3.40214,3.2717013,151.87901034051728,1.6651068685333383,2025052500538,165,60820.97952775342,g,151.8789959972087,1.6651096455725463,27.101755142211914,3905.48,143.676,False,3747.62,0.0587602,3793.55,138.855,False,-67.7934,11.5059,22.420813960126672,0.039942396368291555,22.465611096068653,1.70236241170715e-05,22.452385454638048,0.03974111165858907,nan,nan
2005 UC178,397072,MBO,MBO,21163628875495491,745306231031726119,17.317858,3.4021263,3.2719445,151.8818091964985,1.6649717688974546,2025052500559,177,60820.99762132482,r,151.8818260196036,1.6649845373547405,12.446080207824707,6523.69,522.463,False,6354.82,12.0924,6659.27,525.897,False,56.6253,8.88324,21.863766720833034,0.08695339809605188,21.8922418958028,0.00206601546671891,21.84143343753403,0.08574293901747787,27.017473684120734,0.17032765876825637
2005 UC178,397072,MBO,MBO,21163628875495491,745306231165943836,17.31786,3.402126,3.2719514,151.88188999582016,1.6649678598269082,2025052500560,177,60820.99814325482,r,151.8819345035899,1.6649440024968052,14.691973686218262,7086.19,475.493,False,6846.45,8.84198,7460.74,482.158,False,158.891,8.29639,21.77396802705796,0.0728543804126431,21.811336366956922,0.0014021949349919012,21.718045202177684,0.07016681578105029,25.89725170995681,0.05669100306979177
2005 UC178,397072,MBO,MBO,21163628875495491,745306231300161577,17.317863,3.4021256,3.2719586,151.88197095328184,1.6649639426199216,2025052500561,177,60820.998666450614,r,151.88196647445338,1.6649563863624262,19.774168014526367,5966.07,302.505,False,6012.21,2.12353,6245.05,300.395,False,155.606,9.85012,21.96077917038852,0.05505142339912409,21.952414653012077,0.00038348516124423376,21.91116023437165,0.05222531853232906,25.919934133148303,0.06872891320334819
2005 UC178,397072,MBO,MBO,21163628875495491,745306231564927001,17.317867,3.402125,3.2719727,151.8821333427176,1.664956083785831,2025052500563,170,60820.99971589072,r,151.8821359598436,1.6649542329888818,19.833003997802734,6059.16,303.357,False,5963.88,4.24028,6450.68,295.198,False,280.442,10.1551,21.943968920105277,0.054358304375810476,21.96117778040049,0.0007719514425373576,21.875986224646596,0.049685792089792256,25.28039241471319,0.03931565221179474
2005 UC178,397072,MBO,MBO,21163628875495491,745306231967055895,17.317875,3.4021237,3.2719936,151.88237702977088,1.6649442869185564,2025052500566,169,60821.00128955838,r,151.8823822708856,1.664912083586798,19.19879150390625,6352.54,334.099,False,6188.98,1.0061,6116.42,322.527,False,205.853,11.4955,21.89263147244758,0.05710210041694286,21.9209523052998,0.00017650069359254213,21.93375676453716,0.05725232311258045,25.616107015307286,0.06063103433892417
2005 UC178,397072,MBO,MBO,21163628875495491,745306236234760227,17.317978,3.4021065,3.272301,151.88591289735905,1.6647726473200213,2025052500598,117,60821.02410394958,i,151.88588279527423,1.6647884944337625,7.762736797332764,7935.02,1022.6,False,8550.59,9.68236,8282.29,1028.26,False,65.9602,14.7963,21.651129933028663,0.13992073287094486,21.570009813457318,0.0012294459985714606,21.60462391231931,0.13479594595721958,26.85179513246397,0.24355413046953706
2005 UC178,397072,MBO,MBO,21163628875495491,745306237872635963,17.318007,3.4021018,3.272389,151.88692548058503,1.6647233420416727,2025052500610,169,60821.030627249565,i,151.8869236214305,1.6647206138223303,6.5067057609558105,7466.36,1167.46,False,8620.6,102.788,6792.29,1166.07,False,328.08,15.4355,21.717227704497738,0.16976861153305056,21.561156313980476,0.01294581122642075,21.819959443661226,0.18639433102611547,25.110050653738693,0.05108169358644905
2005 UC178,397072,MBO,MBO,21163628875495491,745306238007377926,17.318008,3.4021013,3.272396,151.88700699593014,1.6647193700833949,2025052500611,170,60821.03115241413,i,151.88696312319254,1.6646067825375612,5.728425979614258,7632.44,1309.09,False,8437.92,20.1819,7282.36,1313.33,False,258.09,15.8923,21.693341511044746,0.18622175635683036,21.58441150126447,0.002596874554415798,21.744319659709625,0.195806017397153,25.37057207135487,0.06685592372421743
