provid,permid,orbit_class,population,ssObjectId,diaSourceId,phaseAngle,helioRange,topoRange,ephRa,ephDec,visit,detector,midpointMjdTai,band,ra,dec,snr,psfFlux,psfFluxErr,psfFlux_flag,trailFlux,trailFluxErr,scienceFlux,scienceFluxErr,forced_PsfFlux_flag,templateFlux,templateFluxErr,psfMag,psfMagErr,trailMag,trailMagErr,scienceMag,scienceMagErr,templateMag,templateMagErr
2015 XH370,473680,MBO,MBO,21164728439156808,745297371767242995,23.657907,2.5213606,2.3515146,148.7590599581191,1.6752285081171605,2025052300089,7,60818.99098326173,u,148.75913394113988,1.675335216370507,5.489513874053955,2799.33,503.378,False,2905.51,35.5583,2920.66,501.918,False,219.836,23.7308,22.782364723594817,0.19523803694206043,22.74194406008936,0.013287489487136778,22.73629752565332,0.18658473085659488,25.54475297399128,0.11720277653395797
2015 XH370,473680,MBO,MBO,21164728439156808,745297377273839617,23.657526,2.5213897,2.3519282,148.7672289909821,1.6737686343237117,2025052300130,14,60819.022203362154,u,148.76726040476424,1.6737882593348974,6.3294572830200195,1947.12,313.17,False,2243.24,20.4829,1954.7,302.169,False,-59.8029,70.0304,23.17651820849906,0.1746271532703441,23.022810653694126,0.00991379739924204,23.172299744712717,0.16783948347200423,nan,nan
2015 XH370,473680,MBO,MBO,21164728439156808,745297377805467702,23.65746,2.5213945,2.351999,148.76862656400863,1.6735189512326367,2025052300134,4,60819.02753780842,g,148.7686338140036,1.6735205618624864,23.426681518554688,3143.0,131.896,False,3275.7,1.54621,3165.93,130.965,False,43.6217,9.0805,22.656639047456046,0.045562920210506265,22.611739714408355,0.0005124938966031241,22.64874675293129,0.04491364027326317,27.30074352623695,0.22601198856142143
2015 XH370,473680,MBO,MBO,21164728439156808,745297377940209699,23.657454,2.521395,2.3520062,148.7687644158071,1.6734943252645498,2025052300135,5,60819.02806302253,g,148.76878679070012,1.673502238066612,21.933013916015625,2914.58,132.621,False,2997.56,0.992734,2975.79,131.123,False,88.1107,6.59103,22.738560019835393,0.04940383167976325,22.708080266732452,0.00035957486779196143,22.71599428571638,0.04784107336221094,26.537428340185777,0.08121737569471839
2015 XH370,473680,MBO,MBO,21164728439156808,745297378074427406,23.657446,2.5213954,2.352013,148.76890148749658,1.6734698390182403,2025052300136,5,60819.028586217355,g,148.76890058303593,1.6734697440848845,23.822463989257812,2882.88,120.889,False,2861.04,1.24257,3048.41,119.122,False,155.399,38.479,22.75043363103821,0.04552862738862646,22.75869016095501,0.0004715429577321759,22.689816587263586,0.04242705991037191,25.921379436080805,0.2688437053287793
2015 XH370,473680,MBO,MBO,21164728439156808,745297378348105729,23.657433,2.5213964,2.352027,148.76917538694113,1.6734209112057108,2025052300138,15,60819.029631473495,g,148.76918599464642,1.6734214287674647,23.659099578857422,2654.32,111.303,False,2659.99,0.70353,3103.79,112.661,False,402.122,32.1549,22.840116773440496,0.04552793001977872,22.837799994131124,0.0002871619854442091,22.67026916244625,0.03940992412646393,24.889105390196498,0.08681877103854121
2015 XH370,473680,MBO,MBO,21164728439156808,745297378479177795,23.657427,2.5213969,2.3520339,148.76931300117866,1.6733963291602554,2025052300139,9,60819.03015675932,g,148.7693206180514,1.6733863154937303,22.506681442260742,2622.46,115.994,False,2618.68,2.49949,3149.37,116.595,False,517.861,34.9547,22.85322783445817,0.04802318845248222,22.8547939500202,0.0010363186345315255,22.654440744084518,0.04019578817626755,24.614466937820623,0.0732852679481242
2015 XH370,473680,MBO,MBO,21164728439156808,745297378614968359,23.65742,2.5213976,2.352041,148.76945062161738,1.6733717463928857,2025052300140,12,60819.030681123004,g,148.76946920198148,1.6733663849686653,20.981952667236328,2475.17,116.441,False,2338.7,2.98128,3163.88,116.303,False,678.668,31.0797,22.9159874528366,0.051076982778128804,22.977563733537377,0.0013840525916568557,22.64945003229585,0.03991124316448454,24.320856521911995,0.04972144635127101
2015 XH370,473680,MBO,MBO,21164728439156808,745297378749186096,23.657413,2.521398,2.352048,148.7695879861918,1.6733472097196584,2025052300141,12,60819.03120546072,g,148.76961506471122,1.673340060118555,20.64090919494629,2515.45,120.917,False,2398.23,0.428093,3783.51,120.312,False,1245.38,32.2564,22.89846079805798,0.052191046142966636,22.950272930428866,0.00019380795756179423,22.45526278178152,0.03452537196575393,23.661745278363206,0.028121490895078392
2015 XH370,473680,MBO,MBO,21164728439156808,745297378884452366,23.657406,2.5213985,2.3520548,148.76972483254357,1.6733227660065098,2025052300142,14,60819.03172731136,g,148.76973004988062,1.673310192562291,21.02507781982422,2514.59,117.141,False,2368.1,0.667158,4276.9,116.877,False,1729.96,29.0256,22.898832001745202,0.05057851143013436,22.96399986072057,0.0003058813281947667,22.322177284907696,0.029670460405479757,23.304909870711434,0.01821669054019769
2015 XH370,473680,MBO,MBO,21164728439156808,745297379018145851,23.6574,2.521399,2.3520617,148.7698624717007,1.673298181081786,2025052300143,13,60819.0322521672,g,148.76986721206217,1.673285163739035,19.567636489868164,2605.15,131.719,False,2578.88,0.994307,6046.98,131.409,False,3405.59,12.3349,22.860418205011257,0.05489591238651495,22.87142221410705,0.0004186139477539326,21.946153672989173,0.023594505965106347,22.569519067152374,0.003932489542315181
2015 XH370,473680,MBO,MBO,21164728439156808,745297379152887875,23.657393,2.5213995,2.3520687,148.77000011716717,1.6732735954370854,2025052300144,14,60819.03277742538,g,148.77001530443926,1.6732569929242558,20.9598331451416,2674.38,124.978,False,2541.93,0.285412,5731.09,124.298,False,3028.04,26.6356,22.831942258119543,0.050738168060709576,22.887091062387,0.00012190822119287383,22.00440695811796,0.023547848433909918,22.69709596640007,0.009550479499840395
2015 XH370,473680,MBO,MBO,21164728439156808,745297379288678419,23.657387,2.5214,2.3520758,148.7701369823031,1.67324914958071,2025052300145,17,60819.03329943505,g,148.77015151590243,1.6732403043086468,20.98283576965332,2510.24,118.824,False,2403.26,1.9578,4300.34,118.603,False,1777.03,24.9908,22.900711890070227,0.05139409641272715,22.947998100354216,0.0008844878899407537,22.316243054985172,0.02994450957966531,23.27576308292381,0.015268969476937856
2015 XH370,473680,MBO,MBO,21164728439156808,745297379426566155,23.65738,2.5214005,2.3520827,148.77027411600469,1.6732246561692077,2025052300146,24,60819.033822497426,g,148.77029878103045,1.6732281147239374,22.71917724609375,2754.02,119.249,False,2568.66,0.987389,3722.33,117.419,False,952.432,22.8628,22.800082267731913,0.04701235152954768,22.87573348015875,0.0004173553730897525,22.472962795938802,0.03424899333459487,23.952915045981143,0.0260627217201944
2015 XH370,473680,MBO,MBO,21164728439156808,745297379693428744,23.657368,2.5214014,2.3520966,148.77054787798158,1.6731757608808877,2025052300148,21,60819.03486655337,g,148.77055228345145,1.6731687569204265,21.989667892456055,2665.58,119.575,False,2516.21,0.488635,2945.94,118.429,False,301.162,20.733,22.83552066517223,0.04870493459790228,22.898132806842675,0.0002108443740866771,22.72694027830724,0.04364741185445703,25.202999614259664,0.07474571648082849
2015 XH370,473680,MBO,MBO,21164728439156808,745297379827646476,23.65736,2.521402,2.3521035,148.77068529307385,1.673151218486765,2025052300149,21,60819.03539085956,g,148.77070369716537,1.6731506003172962,19.584545135498047,2546.47,129.185,False,2390.67,1.5166,2868.46,128.024,False,350.405,17.3198,22.885153602209417,0.055080495970752534,22.953700956201594,0.0006887724344311028,22.755878019469765,0.048458160833327414,25.038574267341655,0.05366571070174913
2015 XH370,473680,MBO,MBO,21164728439156808,745297379961864224,23.657354,2.5214024,2.3521104,148.7708229768126,1.6731266285506443,2025052300150,21,60819.03591508551,g,148.77083574269167,1.6731195956109484,20.381595611572266,2661.97,129.942,False,2556.42,0.122795,2914.18,129.758,False,227.492,10.2275,22.836992120116815,0.05299937149152491,22.88091951676322,5.2152221492419517e-05,22.738709092202498,0.048343944777078124,25.50758465694966,0.04881211989098444
2015 XH370,473680,MBO,MBO,21164728439156808,745297380098179095,23.657347,2.5214028,2.3521175,148.77096145381307,1.6731018973881595,2025052300151,25,60819.03644384879,g,148.77097103659042,1.6731023762410855,20.999685287475586,2672.81,125.787,False,2646.06,2.44759,2812.99,124.347,False,114.502,23.1458,22.832579757462952,0.051096598627372994,22.84350075673954,0.0010042996534113768,22.777079533072342,0.04799449712024982,26.25296732906883,0.21947418293931267
2015 XH370,473680,MBO,MBO,21164728439156808,745297380231872552,23.65734,2.5214033,2.3521245,148.77109888825996,1.6730773528687797,2025052300152,24,60819.03696702246,g,148.77110721157794,1.6730741082886778,23.52354621887207,2926.8,121.899,False,2856.1,0.692751,2985.64,119.515,False,42.122,21.8804,22.734017365983156,0.04522008940443956,22.76056643980796,0.0002633468034844217,22.712406437690692,0.04346196008820631,27.33872749803713,0.5639889179945039
2015 XH370,473680,MBO,MBO,21164728439156808,745297380499783756,23.657326,2.5214043,2.3521383,148.77137325225002,1.673028355361225,2025052300154,23,60819.03801396572,g,148.77139229366574,1.6730267075586347,19.319250106811523,2521.24,128.395,False,2447.42,0.854907,2521.94,126.508,False,4.38371,24.9737,22.895964532502834,0.05529148561368273,22.928228772874114,0.00037925794731395783,22.8956631503019,0.05446375508338234,29.795395482640576,6.1853659027463435
2015 XH370,473680,MBO,MBO,21164728439156808,745297380769792066,23.657312,2.5214052,2.3521523,148.77164869179987,1.6729791676310175,2025052300156,26,60819.039063642136,g,148.77166068637308,1.6729808179875043,18.331144332885742,2570.31,138.994,False,2517.04,1.83637,2658.85,137.679,False,59.6203,6.39329,22.875036210529615,0.058713080594328365,22.89777468996739,0.0007921262093355905,22.838265367272676,0.0562209490465128,26.961514602155198,0.1164272308754214
2015 XH370,473680,MBO,MBO,21164728439156808,745297381057626146,23.657299,2.5214062,2.3521662,148.77192363324096,1.6729300707497643,2025052300158,63,60819.040111307746,g,148.77192997008422,1.6729193164090659,22.323949813842773,2724.68,120.765,False,2623.19,1.03919,2726.58,119.271,False,41.1275,30.4983,22.811711267492555,0.04812269161684008,22.852925654082597,0.00043011992665013,22.810954357012303,0.04749423938031241,27.36466925866398,0.8051330666581479
2015 XH370,473680,MBO,MBO,21164728439156808,745297381191843849,23.657293,2.5214067,2.3521733,148.77206216341477,1.6729053338513271,2025052300159,63,60819.04063972704,g,148.7720741504372,1.6728986720407413,23.23326301574707,2739.96,115.641,False,2625.12,1.02126,2768.06,113.952,False,28.6882,32.4617,22.805639458707198,0.04582388829958721,22.852127049656282,0.000422387903056523,22.794561228066293,0.04469621798767362,27.755741750325804,1.2285484428746443
2015 XH370,473680,MBO,MBO,21164728439156808,745297381327634452,23.657286,2.5214071,2.3521802,148.77219938851377,1.6728808304859262,2025052300160,66,60819.04116299786,g,148.77219022930308,1.67288569515125,22.92489242553711,2784.06,119.765,False,2762.58,1.43841,2883.89,117.961,False,95.8792,9.96248,22.78830350056809,0.04670631852886727,22.796712810883587,0.0005653171374531239,22.7500533126889,0.044410338684790905,26.445688952769075,0.11281512938389265
2015 XH370,473680,MBO,MBO,21164728439156808,745297381460279336,23.65728,2.5214076,2.3521872,148.7723376699286,1.6728561389994885,2025052300161,63,60819.04168941305,g,148.77234785430704,1.672858813484913,22.254629135131836,2403.82,107.134,False,2307.23,0.545419,2562.46,105.835,False,152.78,32.7887,22.947745108565066,0.04838933953810514,22.99227278410205,0.00025666324376184704,22.87835727960121,0.0448431944257638,25.939833744445814,0.23301400113921672
2015 XH370,473680,MBO,MBO,21164728439156808,745297381596069948,23.657272,2.521408,2.3521943,148.77247543335008,1.6728315405084544,2025052300162,66,60819.04221461984,g,148.77250177655475,1.67283522298656,24.204898834228516,2723.57,111.726,False,2492.76,0.137939,2752.98,109.887,False,50.1035,34.0124,22.812153618252324,0.044538953621547105,22.908298827859632,6.008014103793515e-05,22.80049236690676,0.043337872525502086,27.1503298302108,0.7370442291884796
2015 XH370,473680,MBO,MBO,21164728439156808,745297381730811927,23.657267,2.5214086,2.3522012,148.77261320358238,1.672806941307992,2025052300163,67,60819.04273919154,g,148.77261012585555,1.6728038633899103,24.053985595703125,2815.69,115.261,False,2711.37,1.51464,2838.19,114.953,False,-1.95284,34.373,22.776037926514917,0.044444894510329555,22.817027986866982,0.0006065197245225832,22.76739635857384,0.0439747302693172,nan,nan
2015 XH370,473680,MBO,MBO,21164728439156808,745297381832523819,23.657255,2.5214093,2.3522115,148.77281344183027,1.6727711892099364,2025052300164,5,60819.04350260107,g,148.77283260086088,1.6727709930251182,21.971826553344727,2800.06,124.73,False,2608.52,1.07718,2843.53,123.226,False,-6.68079,12.7606,22.782081633397908,0.048364634197253106,22.85901456465458,0.0004483513052012498,22.765355452476197,0.047050998560227375,nan,nan
2015 XH370,473680,MBO,MBO,21164728439156808,745297381966741547,23.657211,2.5214124,2.352256,148.7736953987542,1.6726137310108375,2025052300165,5,60819.04686286381,r,148.77371228776104,1.672608355109566,18.823284149169922,3468.7,182.721,False,3142.94,2.87956,4370.77,181.627,False,910.068,34.4551,22.549583164481184,0.0571934154892889,22.6566597946443,0.0009947509647868016,22.29860511136463,0.045117681229525836,24.0023153984477,0.041105885372971246
2015 XH370,473680,MBO,MBO,21164728439156808,745297382100959246,23.657206,2.5214128,2.352263,148.77383244282865,1.6725892661505504,2025052300166,5,60819.04738498699,r,148.77383199323867,1.672584722759556,21.05520248413086,3818.5,178.721,False,3623.67,1.51166,4364.41,178.588,False,488.674,32.4593,22.445268012653457,0.050816774308240574,22.502128422105176,0.0004529286620359586,22.300186105666505,0.044427413467181626,24.67745189275759,0.0721180939877203
2015 XH370,473680,MBO,MBO,21164728439156808,745297382373589030,23.657192,2.521414,2.352277,148.77410786462357,1.672540100020663,2025052300168,13,60819.04843320498,r,148.77411920344528,1.672538828229248,20.12436866760254,3689.06,179.04,False,3474.34,1.21793,3757.82,177.871,False,76.4168,35.5927,22.48271068579885,0.05269369425351869,22.547819181572287,0.0003806048395427466,22.46266004647846,0.05139175994301896,26.69202786089216,0.5057040247811905
2015 XH370,473680,MBO,MBO,21164728439156808,745297382507282495,23.657185,2.5214145,2.352284,148.7742454548328,1.6725155393457205,2025052300169,12,60819.0489575571,r,148.7742575350442,1.6725239627041073,23.97203254699707,4209.65,172.731,False,4104.54,0.497837,4111.61,169.448,False,-39.4977,31.8914,22.339385052455086,0.04455009508700327,22.366838758778677,0.00013168824215963843,22.36497025197164,0.04474544823580513,nan,nan
2015 XH370,473680,MBO,MBO,21164728439156808,745297382640451663,23.657179,2.521415,2.3522909,148.774383577473,1.6724908842020652,2025052300170,10,60819.04948372305,r,148.77438140726534,1.6724917655138887,22.783588409423828,4015.63,175.427,False,3657.93,0.687169,4013.58,174.592,False,-14.9718,36.6677,22.390615806427753,0.04743152453564314,22.491911544438015,0.00020396352383965962,22.391170169116258,0.04722986625466239,nan,nan
2015 XH370,473680,MBO,MBO,21164728439156808,745297382776242244,23.657171,2.5214155,2.3522978,148.77452091940236,1.6724663689913168,2025052300171,13,60819.05000675553,r,148.77451377550042,1.6724547118384872,19.857791900634766,3652.13,182.775,False,3399.67,0.13969,3698.69,181.604,False,0.0986047,37.3438,22.493634464491574,0.05433690327711912,22.571408117737835,4.461212132221824e-05,22.479880184404312,0.05330915678081585,33.915255943651026,411.19251556115415
2015 XH370,473680,MBO,MBO,21164728439156808,745297382909935677,23.657164,2.521416,2.352305,148.77465958153635,1.6724416187132456,2025052300172,12,60819.05053419755,r,148.7746630412584,1.6724402466084967,21.471860885620117,4015.12,182.513,False,3809.12,1.85722,4080.51,182.497,False,14.4012,31.934,22.39075364436213,0.0493536847430538,22.44793833009009,0.00052937449868718,22.373213881132887,0.04855853635728576,28.504003273311962,2.4075701518135046
2015 XH370,473680,MBO,MBO,21164728439156808,745297383045201959,23.657158,2.5214164,2.3523118,148.7747974631042,1.672417008350098,2025052300173,14,60819.05105965396,r,148.77482044794218,1.6724064219723183,22.544296264648438,4187.48,182.167,False,4095.14,0.954129,4159.97,180.093,False,4.18844,27.6706,22.345118140569973,0.04723253990929875,22.369328144687465,0.00025296629796789247,22.35227444721638,0.04700358001217975,29.84486929367858,7.1728314836148686
2015 XH370,473680,MBO,MBO,21164728439156808,745297383179419711,23.65715,2.521417,2.352319,148.77493508919352,1.6723924441776403,2025052300174,14,60819.051583761844,r,148.77494689756315,1.6723805559244471,22.821704864501953,4305.63,188.886,False,3996.1,2.67176,4294.84,187.649,False,-14.7517,26.0502,22.31490826347634,0.04763074766680888,22.39590910434631,0.0007259144117591494,22.31763256635278,0.04743769797056775,nan,nan
2015 XH370,473680,MBO,MBO,21164728439156808,745297383313637463,23.657143,2.5214174,2.352326,148.7750727226383,1.6723678792876486,2025052300175,14,60819.05210794845,r,148.77507110497376,1.6723743381338507,19.068073272705078,3763.2,195.275,False,3332.72,0.248218,3749.29,195.397,False,-38.8514,24.6645,22.461106763937536,0.05633958692290928,22.593002940186786,8.086466056894231e-05,22.465127404886285,0.05658393947567518,nan,nan
2015 XH370,473680,MBO,MBO,21164728439156808,745297383453098019,23.657137,2.5214179,2.3523328,148.77521062596185,1.6723432668310756,2025052300176,24,60819.05263225407,r,148.7752065513075,1.6723420369946145,20.84053611755371,3736.46,174.327,False,3415.28,0.455131,3737.16,173.734,False,-42.4816,23.3014,22.46884916796157,0.050655736402739696,22.5664342034609,0.00014468863290909508,22.468645796009554,0.050473967186104154,nan,nan
2015 XH370,473680,MBO,MBO,21164728439156808,745297383587315756,23.65713,2.5214183,2.3523397,148.7753482738389,1.6723187005710218,2025052300177,24,60819.053156911876,r,148.77536089780818,1.672321578716632,21.36346435546875,3938.64,179.842,False,3850.06,2.11246,3916.95,178.712,False,-48.026,23.3776,22.41163431163254,0.04957573443948157,22.436331239272633,0.0005957242633743662,22.417629944036094,0.04953703701609638,nan,nan
2015 XH370,473680,MBO,MBO,21164728439156808,745297383719960595,23.657124,2.5214188,2.352347,148.7754859291446,1.6722941335952797,2025052300178,21,60819.05368098723,r,148.7754993036092,1.6722893551208464,20.659828186035156,4019.01,191.324,False,3781.77,3.96994,3981.74,188.563,False,-49.147,23.8002,22.38970228037674,0.05168621095765246,22.45576221350629,0.0011397592949999181,22.39981775761561,0.051417139321873404,nan,nan
2015 XH370,473680,MBO,MBO,21164728439156808,745297383854178339,23.657116,2.5214193,2.3523538,148.77562411710718,1.6722694721756683,2025052300179,21,60819.05420634805,r,148.77561290327904,1.6722752950952477,22.450775146484375,4348.45,190.812,False,4158.06,0.700418,4336.59,190.832,False,-47.0324,21.6579,22.3041637493101,0.04764260450357332,22.35277310513554,0.00018289037806358603,22.307129129098673,0.04777791298852767,nan,nan
2015 XH370,473680,MBO,MBO,21164728439156808,745297383988396068,23.657108,2.5214198,2.3523607,148.77576152432815,1.6722449507085368,2025052300180,21,60819.05472985945,r,148.77575273098236,1.6722401433890677,19.31661033630371,3441.46,173.831,False,3303.77,1.14519,3471.48,173.957,False,-36.5512,27.1362,22.55814319700964,0.05484143516405065,22.602475480501425,0.0003763501204854514,22.548713337286767,0.05440659742500482,nan,nan
2015 XH370,473680,MBO,MBO,21164728439156808,745297384123138114,23.657103,2.5214202,2.3523676,148.77589946440415,1.6722203347749307,2025052300181,22,60819.05525411703,r,148.77591603409647,1.6722010148909743,20.182188034057617,3918.97,189.033,False,3568.83,4.15634,3924.91,188.721,False,-34.8671,21.8441,22.41707016077903,0.05237089814345537,22.518685323785167,0.0012644729088242606,22.4154257677572,0.05220532937875186,nan,nan
2015 XH370,473680,MBO,MBO,21164728439156808,745297384259453000,23.657095,2.5214207,2.3523748,148.77603609801992,1.6721959526068009,2025052300182,26,60819.05577405935,r,148.7760404567077,1.6721991453432865,18.967533111572266,3981.27,207.411,False,3658.46,4.65845,3952.19,206.307,False,-35.2163,15.3115,22.399945916240938,0.05656326397267688,22.49175423406865,0.0013825073978028916,22.4079054787065,0.056676169399226636,nan,nan
2015 XH370,473680,MBO,MBO,21164728439156808,745297384393146413,23.657087,2.5214212,2.3523817,148.77617405291247,1.6721713352915406,2025052300183,25,60819.05629904333,r,148.7761767178785,1.6721796587106137,19.986154556274414,3811.62,187.953,False,3487.24,0.108792,3788.63,188.367,False,-42.0227,24.4924,22.44722597393418,0.05353822621346346,22.54379540912816,3.387189094999133e-05,22.45379454890238,0.05398175139270996,nan,nan
2015 XH370,473680,MBO,MBO,21164728439156808,745297384543092747,23.657082,2.5214217,2.3523886,148.7763120152841,1.672146717283392,2025052300184,55,60819.056824495594,r,148.7763314297349,1.6721536245280417,22.453018188476562,4046.42,179.59,False,3856.36,3.97278,3999.17,179.038,False,-47.6006,36.2148,22.38232262454452,0.04818762382577336,22.434556045997184,0.0011185135588239763,22.395075356529865,0.048607095054286766,nan,nan
2015 XH370,473680,MBO,MBO,21164728439156808,745297384662106129,23.657074,2.5214221,2.3523955,148.77644893392403,1.6721222861576102,2025052300185,26,60819.05734536407,r,148.77647071233184,1.6721288517286885,20.411836624145508,3714.81,179.722,False,3371.45,0.574458,3663.4,178.564,False,-31.1259,25.5669,22.475158467957364,0.052527768377461495,22.580458207491127,0.00018499751176827406,22.490289176242328,0.05292171201566648,nan,nan
2015 XH370,473680,MBO,MBO,21164728439156808,745297384785313832,23.657034,2.521425,2.3524354,148.7772348490326,1.6719820636668346,2025052300186,5,60819.060335375776,i,148.77724684588466,1.6719813268680526,17.67348289489746,4500.44,254.424,False,4271.1,0.149167,4456.95,251.666,False,-71.6624,20.8678,22.266862574013842,0.06138007558864865,22.32365062578183,3.7919039616604275e-05,22.277405547397194,0.061307144152439735,nan,nan
2015 XH370,473680,MBO,MBO,21164728439156808,745297385055846509,23.65702,2.521426,2.3524494,148.77751063518977,1.6719328632417156,2025052300188,9,60819.06138473396,i,148.7775071631445,1.6719365305287175,16.859392166137695,4528.03,261.14,False,4565.58,7.17902,4481.43,258.473,False,-20.7399,22.621,22.260226812606852,0.0626164539253562,22.25126008873933,0.0017072358204452828,22.271458414597483,0.06262141198175393,nan,nan
2015 XH370,473680,MBO,MBO,21164728439156808,745297385192161324,23.657013,2.5214264,2.3524563,148.77764840823804,1.6719082854694731,2025052300189,13,60819.06190884062,i,148.77765651266148,1.6719103505948445,17.643028259277344,4593.91,255.665,False,4222.68,2.80708,4642.96,253.478,False,49.702,58.3578,22.244543756541205,0.06042450332258791,22.3360295265782,0.0007217568681103777,22.23301265375664,0.059274738653609015,27.15906534478117,1.2748214600563126
2015 XH370,473680,MBO,MBO,21164728439156808,745297385326379125,23.657007,2.521427,2.3524635,148.7777864519992,1.6718836600963802,2025052300190,13,60819.06243327331,i,148.7778014858758,1.671883489564606,16.562637329101562,4019.88,240.692,False,3842.8,7.36594,3987.94,237.027,False,-0.883727,46.8404,22.3894673094599,0.06500891262221095,22.438380531130147,0.002081156380896735,22.398128477024486,0.06453176110140316,nan,nan
2015 XH370,473680,MBO,MBO,21164728439156808,745297385459023970,23.657,2.5214274,2.3524704,148.77792502944507,1.671858940221792,2025052300191,10,60819.06296078522,i,148.77793056041656,1.671864107965139,17.50656509399414,4245.89,234.014,False,3765.64,5.83792,4211.98,229.836,False,-43.5167,54.1055,22.330078118709373,0.059840804226240135,22.4604030345795,0.0016832308692273023,22.33878425420582,0.0592455961147717,nan,nan
2015 XH370,473680,MBO,MBO,21164728439156808,745297385594814539,23.656992,2.5214279,2.3524773,148.77806387764625,1.6718341727590027,2025052300192,13,60819.063488538115,i,148.77805665863286,1.6718339395049042,16.753990173339844,3982.09,233.6,False,4088.77,3.80446,3982.05,232.004,False,-6.63468,52.258,22.399722297592707,0.06369217633462873,22.37101829114743,0.0010102402420952147,22.399733214492464,0.06325765296123896,nan,nan
2015 XH370,473680,MBO,MBO,21164728439156808,745297385729032280,23.656984,2.5214283,2.3524845,148.77820247080442,1.6718094515037405,2025052300193,13,60819.064015990574,i,148.77821247822703,1.6718049349905364,15.225303649902344,4097.8,269.857,False,4050.53,2.38103,4181.12,267.642,False,55.288,15.4112,22.36862315646912,0.07150020087381194,22.381220359409237,0.0006382301937549766,22.34676838913498,0.06950018160536328,27.043422835456354,0.30264248799916
2015 XH370,473680,MBO,MBO,21164728439156808,745297385867444272,23.656979,2.5214288,2.3524914,148.77834133479473,1.671784682658793,2025052300194,21,60819.06454344802,i,148.77834769150525,1.671771198349942,16.12576675415039,3908.5,237.001,False,3837.67,4.77183,3928.44,235.361,False,23.3863,35.2128,22.41997470926716,0.06583614531175096,22.439830954194775,0.0013500245691751896,22.414449705072844,0.06504871004324468,27.977596248935157,1.634795253653123
2015 XH370,473680,MBO,MBO,21164728439156808,745297385997992012,23.656971,2.5214293,2.3524985,148.77847941770958,1.671760053851341,2025052300195,14,60819.06506858168,i,148.77848806894227,1.6717663699365592,16.368520736694336,3881.28,235.76,False,3554.53,2.13643,3899.65,234.06,False,-26.6672,34.8831,22.427562555871482,0.06595070691563089,22.52304453105958,0.0006525755607818004,22.4224359518601,0.06516672516736184,nan,nan
2015 XH370,473680,MBO,MBO,21164728439156808,745297386132209786,23.656963,2.5214298,2.3525054,148.7786180345736,1.6717353305328482,2025052300196,14,60819.06559514809,i,148.77863391245452,1.6717359961597755,17.032470703125,4120.03,242.802,False,3646.77,0.223913,4096.53,237.282,False,-14.7754,46.8861,22.36274911071677,0.06398471318290827,22.495229060592607,6.666459592051725e-05,22.36895970778348,0.06288875441666174,nan,nan
2015 XH370,473680,MBO,MBO,21164728439156808,745297386271670327,23.656956,2.5214303,2.3525126,148.7787558702873,1.671710747263718,2025052300197,24,60819.06611941331,i,148.7787660763722,1.6717134784043717,19.658727645874023,4489.23,227.925,False,4129.85,0.0943388,4443.67,225.041,False,-8.92465,38.7237,22.269570363478433,0.05512447098044663,22.360164279419656,2.4801638081247675e-05,22.28064552038567,0.05498499347347694,nan,nan
2015 XH370,473680,MBO,MBO,21164728439156808,745297386405888063,23.65695,2.5214307,2.3525195,148.77889397689503,1.671686116409988,2025052300198,24,60819.06664482081,i,148.77889780995588,1.671684769746421,20.095361709594727,4628.14,222.994,False,4312.76,3.00121,4635.3,220.048,False,-26.5442,45.2866,22.23648374850002,0.05231316590900879,22.313111831895263,0.0007555538690420184,22.23480542763331,0.05154231548286081,nan,nan
2015 XH370,473680,MBO,MBO,21164728439156808,745297386673274931,23.656935,2.5214317,2.3525333,148.77916889838468,1.671637087271154,2025052300200,22,60819.06768914743,i,148.77917075724926,1.6716352207857468,19.40715980529785,4517.74,224.685,False,4456.68,7.91495,4632.05,223.568,False,64.277,47.7584,22.262696860509497,0.05399793344893498,22.277471327549378,0.001928239703043787,22.23556694909497,0.05240355234473062,26.87986099593114,0.8067119432595683
2015 XH370,473680,MBO,MBO,21164728439156808,745297386807492663,23.656929,2.5214322,2.3525405,148.77930650256633,1.6716125482270736,2025052300201,22,60819.06821238123,i,148.77932459113384,1.6716104349789442,16.27442741394043,3933.8,237.469,False,3582.74,3.22842,4062.74,236.544,False,86.192,44.536,22.412969296538332,0.06554188856720859,22.51446177173086,0.0009783608379372087,22.37795242758279,0.06321457743481419,26.561332587580765,0.5610073568280045
2015 XH370,473680,MBO,MBO,21164728439156808,745297386941710431,23.656921,2.5214329,2.3525474,148.7794446409526,1.6715879146655428,2025052300202,22,60819.068737992246,i,148.77945986682997,1.671590970180562,17.72438621520996,4472.51,247.003,False,4128.06,7.47969,4498.12,242.917,False,42.7428,30.9779,22.273621756218176,0.05996188277537898,22.360634982106355,0.0019672606985950344,22.267422378511977,0.05863422560197101,27.32284253624885,0.7868886871975049
2015 XH370,473680,MBO,MBO,21164728439156808,745301777345151059,23.63938,2.5222785,2.3645322,149.02455792363617,1.6281677437299398,2025052400145,36,60819.98026129721,i,149.02456105438523,1.6281621690477177,17.25029182434082,4762.37,271.126,False,4562.83,2.53948,4637.28,269.736,False,-65.9787,56.7126,22.20544213887241,0.06181193705964958,22.25191426062738,0.0006042752630472748,22.234341751589017,0.06315386310026777,nan,nan
2015 XH370,473680,MBO,MBO,21164728439156808,745301777479368748,23.639372,2.522279,2.3645391,149.02469597285233,1.6281424133347306,2025052400146,36,60819.9807832778,i,149.02470080469593,1.628147602112566,19.082433700561523,5051.22,253.622,False,5481.01,0.518311,4992.61,252.706,False,-74.1919,82.123,22.141509243534653,0.054514863640213025,22.052848560339807,0.00010267251251747572,22.1541809240591,0.05495563522510137,nan,nan
2015 XH370,473680,MBO,MBO,21164728439156808,745301777613586446,23.639364,2.5222795,2.364546,149.0248342900754,1.6281170336609894,2025052400147,36,60819.98130642876,i,149.0248415290011,1.6281158831505154,18.677173614501953,4758.67,242.703,False,5072.66,5.12788,4696.83,239.52,False,-35.8233,79.3825,22.206286045882827,0.05537501898859418,22.13691058085601,0.0010975553068539314,22.220487878585708,0.055368309280255726,nan,nan
2015 XH370,473680,MBO,MBO,21164728439156808,745301777748328454,23.639357,2.52228,2.364553,149.02497261081368,1.6280916532456329,2025052400148,37,60819.98182965605,i,149.02498407103855,1.628092969942189,18.575702667236328,4772.5,252.835,False,4606.38,0.884173,4736.34,250.161,False,-13.5854,74.9476,22.203135157335737,0.05751956429953071,22.241600622830163,0.0002084019633101267,22.211392858739572,0.05734572661061713,nan,nan
2015 XH370,473680,MBO,MBO,21164728439156808,745301777882546246,23.639347,2.5222805,2.36456,149.0251111995235,1.6280662235694825,2025052400149,37,60819.98235309965,i,149.02512350998043,1.6280741526918476,19.676420211791992,4693.51,236.855,False,4321.66,1.42683,4765.86,235.754,False,4.57906,69.3147,22.221255685438834,0.0547909894686193,22.310873469654798,0.00035846433799205,22.204646829805228,0.05370838802940935,29.74805914613369,16.435136265230586
2015 XH370,473680,MBO,MBO,21164728439156808,745301778001035321,23.63934,2.522281,2.3645668,149.0252495273908,1.6280408416702556,2025052400150,7,60819.98287619607,i,149.02525098631506,1.6280333230702617,22.18032455444336,4936.72,219.016,False,4572.74,0.150333,5032.85,216.603,False,58.0949,65.4123,22.166403713545577,0.048168337944436077,22.249558672680934,3.569456713110766e-05,22.145465011941894,0.04672774097182095,26.98965501198903,1.22249121071002
2015 XH370,473680,MBO,MBO,21164728439156808,745301778150981658,23.639332,2.5222814,2.3645737,149.02538838786802,1.6280153619629207,2025052400151,37,60819.98340187362,i,149.0253959406839,1.628025699950951,18.86760139465332,4445.98,234.296,False,4103.42,1.70067,4768.04,233.494,False,284.289,58.1765,22.280081242976692,0.057216554425925506,22.36713509350676,0.00044998538553833294,22.20415026578758,0.053169203885736885,25.26559985477956,0.22218351841850065
2015 XH370,473680,MBO,MBO,21164728439156808,745301778285199408,23.639324,2.522282,2.3645806,149.02552619397645,1.6279900756504344,2025052400152,37,60819.98392289992,i,149.0255304954162,1.6279953895950485,17.867145538330078,4470.5,242.979,False,4163.1,0.847166,4817.73,241.94,False,313.224,62.7032,22.27410975195922,0.059011542676900244,22.35145786700769,0.0002209408320757702,22.192893861445384,0.054524230518279634,25.160362424931215,0.21734967949878925
2015 XH370,473680,MBO,MBO,21164728439156808,745301778538430531,23.639244,2.5222867,2.3646493,149.02689943324978,1.6277380946060365,2025052400154,8,60819.98911337381,i,149.02690805739562,1.6277431705028738,20.492942810058594,4613.1,219.28,False,4551.67,2.77684,5500.84,217.975,False,833.485,56.3405,22.240017804305193,0.051609596283193816,22.254573099125786,0.0006623757310330442,22.048927498236452,0.04302313148197829,24.09775554819131,0.07339174860581014
2015 XH370,473680,MBO,MBO,21164728439156808,745301778672648277,23.639235,2.5222874,2.3646562,149.02703860379052,1.6277125575156406,2025052400155,8,60819.98963994597,i,149.02703692887414,1.6277025549495197,17.665637969970703,4032.45,225.846,False,3844.59,0.678892,4405.6,224.247,False,360.988,49.4025,22.386077535399124,0.06080898072249675,22.43787489522026,0.00019172333707568343,22.28998731725008,0.055264453154441,25.00626806696388,0.1485868838902654
2015 XH370,473680,MBO,MBO,21164728439156808,745301778826264582,23.639227,2.5222878,2.3646631,149.0271767201143,1.627687213866095,2025052400156,45,60819.99016198833,i,149.02719597376063,1.627691946171249,16.840038299560547,4333.11,255.94,False,4057.83,1.10265,4694.38,256.045,False,362.886,49.8715,22.30800074890498,0.06413022878817373,22.379265357572695,0.0002950313476536843,22.221054422370997,0.05921918295195971,25.000574506874457,0.14921295702040174
2015 XH370,473680,MBO,MBO,21164728439156808,745301779077398590,23.639212,2.5222888,2.364677,149.027453758487,1.6276363787354229,2025052400158,12,60819.99120829157,i,149.0274504175197,1.6276514258150714,17.664409637451172,4654.26,262.311,False,4329.48,4.1638,4870.13,261.544,False,239.119,47.465,22.23037345333807,0.06119137499503942,22.30891066048808,0.0010441873324623342,22.181148640784468,0.058308054130406274,25.453464770515716,0.21551808268765382
2015 XH370,473680,MBO,MBO,21164728439156808,745301779211616319,23.639202,2.5222893,2.3646839,149.0275918869679,1.6276110328817424,2025052400159,12,60819.991730077396,i,149.02759197164622,1.6276169437060433,17.356460571289062,4762.43,271.708,False,4520.96,1.00334,5081.44,270.59,False,292.133,44.6179,22.205428446660996,0.061943841760649494,22.261923347997598,0.00024095824326531435,22.135033007679056,0.05781616216212004,25.23604846977003,0.16582608284627873
2015 XH370,473680,MBO,MBO,21164728439156808,745301779345834038,23.639194,2.5222898,2.3646908,149.0277308133744,1.6275855406338362,2025052400160,12,60819.99225536175,i,149.0277448562961,1.627585652260127,17.012527465820312,4618.6,266.548,False,4433.1,3.68413,4766.76,264.75,False,197.847,45.8946,22.238724098984104,0.06265985629692387,22.283231155978502,0.0009023015915066054,22.204441837558335,0.060302736941479904,25.65917632597035,0.2518583991638625
2015 XH370,473680,MBO,MBO,21164728439156808,745301779482148865,23.639187,2.5222902,2.364698,149.0278694792661,1.627560096215379,2025052400161,16,60819.99277955042,i,149.02789365954618,1.6275589102830086,18.619121551513672,4876.67,261.984,False,4564.57,0.48741,4972.56,262.843,False,72.5111,39.5342,22.179691596749784,0.058327819591405206,22.251500362833013,0.00011593615907118536,22.158549906904824,0.057390588319834956,26.748988754824367,0.591960547635655
2015 XH370,473680,MBO,MBO,21164728439156808,745301779616890909,23.639177,2.5222907,2.3647046,149.028006826197,1.6275348938510488,2025052400162,17,60819.993298227986,i,149.02801231268265,1.6275317286452449,20.02165985107422,4837.45,235.651,False,4489.23,0.384175,4824.54,233.924,False,-20.0714,42.7778,22.18845873323351,0.052890430519712865,22.269570363478433,9.291408795570001e-05,22.191360212546073,0.052643308902355086,nan,nan
2015 XH370,473680,MBO,MBO,21164728439156808,745301779750584383,23.63917,2.5222912,2.3647115,149.02814523588066,1.6275094965157382,2025052400163,16,60819.99382186806,i,149.0281658090302,1.6275050645338565,18.796545028686523,4875.43,252.521,False,4629.4,1.38816,4874.17,251.785,False,-34.1591,32.8688,22.179967647490127,0.056235281408093744,22.236188254632054,0.000325566075791798,22.180248336602936,0.05608587691295533,nan,nan
2015 XH370,473680,MBO,MBO,21164728439156808,745301779900530690,23.639162,2.5222917,2.3647184,149.0282831204846,1.6274841955730217,2025052400164,46,60819.99434295512,i,149.02829438871834,1.627476580184783,19.038341522216797,4607.15,240.829,False,4462.14,3.49024,4620.52,239.655,False,-32.8667,38.7007,22.24141914231078,0.05675455852296499,22.27614198626897,0.000849251686534405,22.23827285932198,0.0563144641135751,nan,nan
2015 XH370,473680,MBO,MBO,21164728439156808,745301780017971246,23.639154,2.5222921,2.3647254,149.02842047998976,1.6274589910317183,2025052400165,14,60819.994861739484,i,149.02844182061224,1.6274565899659132,15.456267356872559,3985.3,250.459,False,3848.43,4.85113,3982.24,249.502,False,-31.9635,38.3575,22.398847438715592,0.06823385952831065,22.436791040579138,0.0013686224195294389,22.399681426759827,0.06802537115569318,nan,nan
2015 XH370,473680,MBO,MBO,21164728439156808,745301780157431837,23.639145,2.5222926,2.3647323,149.0285586376957,1.6274336400812182,2025052400166,24,60819.99538363117,i,149.02855417749666,1.6274341990223171,16.052026748657227,4544.59,277.709,False,4197.53,0.308849,4502.16,277.469,False,-31.3982,18.5763,22.25626326605225,0.06634674243953033,22.342515533696577,7.988711593453086e-05,22.26644764953907,0.06691413059086415,nan,nan
2015 XH370,473680,MBO,MBO,21164728439156808,745301780291649567,23.639137,2.522293,2.3647392,149.02869679983698,1.6274082883779573,2025052400167,24,60819.995905787044,i,149.02870718472735,1.627416278291061,15.049661636352539,4246.4,273.263,False,4382.68,3.76207,4259.52,273.315,False,-11.748,16.2212,22.32994777200828,0.06986895720471592,22.295650551611317,0.0009319903290861867,22.326598340631246,0.06966700287673437,nan,nan
2015 XH370,473680,MBO,MBO,21164728439156808,745301780424294457,23.63913,2.5222936,2.364746,149.028835230952,1.6273828873870504,2025052400168,21,60819.99642804626,i,149.0288500891931,1.6273797925445799,15.131508827209473,4515.53,297.087,False,4315.77,5.71475,4503.91,296.375,False,-21.6139,12.0645,22.263228221752613,0.07143306174614908,22.31235426557388,0.0014376833670737262,22.266025703381352,0.07144571195290272,nan,nan
2015 XH370,473680,MBO,MBO,21164728439156808,745301780560085062,23.639122,2.522294,2.364753,149.0289723428874,1.627357728527007,2025052400169,24,60819.99694684725,i,149.02899391371983,1.6273588379458417,16.700777053833008,4287.14,252.651,False,4040.52,0.320504,4277.03,251.562,False,-26.5445,31.0516,22.319580800432096,0.06398492472387105,22.383906842743755,8.612327260972291e-05,22.32214431328481,0.06385973000368943,nan,nan
2015 XH370,473680,MBO,MBO,21164728439156808,745301780694302739,23.639112,2.5222945,2.36476,149.0291107827663,1.6273323260790522,2025052400170,24,60819.997469902744,i,149.0291126340194,1.6273393298211776,17.443002700805664,4622.66,257.732,False,4348.84,6.50317,4578.11,255.812,False,-25.3931,27.3126,22.237770083455665,0.06053418339974497,22.304066464888372,0.0016235886772016522,22.248284473865183,0.0606679075999656,nan,nan
2015 XH370,473680,MBO,MBO,21164728439156808,745301780844773404,23.639105,2.522295,2.3647668,149.02924816822008,1.6273071171919806,2025052400171,55,60819.99798851295,i,149.02922942868386,1.6273084912633788,17.459285736083984,4629.12,262.435,False,4595.04,1.70228,4661.78,262.333,False,8.12348,32.4817,22.236253874811766,0.06155277267207611,22.24427675004824,0.000402222191602154,22.228620614227758,0.06109779041730988,29.125644732027748,4.3413117699819015
2015 XH370,473680,MBO,MBO,21164728439156808,745301781103247383,23.639046,2.5222986,2.3648174,149.030256857284,1.6271220357016047,2025052400173,36,60820.00179829667,z,149.03023941971222,1.6270993632769388,7.122982978820801,4136.01,584.6,False,4541.7,71.2157,4221.47,580.468,False,85.147,26.2967,22.358546111226264,0.15346224858307533,22.256953844059314,0.017024783363832893,22.336340676509078,0.14929280802993314,26.574576582053602,0.3353174824072725
2015 XH370,473680,MBO,MBO,21164728439156808,745301781222260772,23.639036,2.522299,2.3648243,149.03039560428502,1.6270965779077362,2025052400174,7,60820.00232259649,z,149.03039647859944,1.6270734070535007,6.8305583000183105,3780.45,556.461,False,3816.0,4.85248,3899.55,555.569,False,36.3818,29.3785,22.456141267813265,0.1598142709066145,22.445979084919855,0.0013806376173893823,22.422463753321217,0.15468485777059673,27.497789496837562,0.8767378103216052
2015 XH370,473680,MBO,MBO,21164728439156808,745301781356478497,23.639029,2.5222995,2.3648312,149.03053435614763,1.6270711193605931,2025052400175,7,60820.002846007206,z,149.03055914347763,1.627055622781615,9.432758331298828,5186.6,546.263,False,5069.39,7.05003,5189.42,542.209,False,52.5739,29.7331,22.11279309029002,0.11435188867133729,22.137610711227246,0.0015099396299190998,22.11220296318638,0.11344156644551699,27.09807454793756,0.6140367207225623
2015 XH370,473680,MBO,MBO,21164728439156808,745301781491220516,23.63902,2.5223,2.3648381,149.03067178867127,1.6270459030313529,2025052400176,8,60820.00336581418,z,149.03070289022108,1.6270548844354444,8.525381088256836,4843.89,560.995,False,5074.12,23.5041,4787.83,557.77,False,-70.1143,32.2787,22.18701428890395,0.12574450693455233,22.136598140374282,0.0050292962344203,22.199653178163114,0.12648550475936846,nan,nan
2015 XH370,473680,MBO,MBO,21164728439156808,745301781641166864,23.639013,2.5223005,2.364845,149.03081028517394,1.6270204916305215,2025052400177,38,60820.003888935134,z,149.03081131257787,1.6269581246476632,8.025620460510254,4265.12,540.958,False,4675.87,48.5444,4072.74,534.393,False,-154.872,84.9979,22.325171833575766,0.13770718718308073,22.225343902122464,0.011272000824547984,22.375283287583244,0.14246179105273854,nan,nan
2015 XH370,473680,MBO,MBO,21164728439156808,745301781759655947,23.639004,2.522301,2.364852,149.03094905125005,1.6269950309239896,2025052400178,8,60820.00441263528,z,149.0309419851346,1.6270033526990335,8.113868713378906,4482.17,545.906,False,4456.62,33.5238,4451.84,545.468,False,-83.9868,29.1755,22.271279207781163,0.1322372701810649,22.277485959119616,0.008167176539916764,22.2786511698206,0.1330313748940587,nan,nan
2015 XH370,473680,MBO,MBO,21164728439156808,745301781893873736,23.638996,2.5223014,2.3648589,149.03108729263192,1.626969666648642,2025052400179,8,60820.00493446327,z,149.03109922173297,1.6269498121780543,8.915934562683105,4751.53,517.386,False,4256.16,45.0409,4761.04,513.322,False,8.1679,37.4242,22.20791635999565,0.11822396629940675,22.327455095540188,0.011489825409572465,22.20574541552671,0.11706104104408267,29.119723958584533,4.974694406285905
2015 XH370,473680,MBO,MBO,21164728439156808,745301782300196893,23.638971,2.5223029,2.3648796,149.03150257545954,1.6268934723383617,2025052400182,15,60820.00650210535,z,149.03151665569075,1.6268609981083426,9.569966316223145,5317.4,549.216,False,4997.55,7.45697,5076.55,545.399,False,-195.04,29.6315,22.08575169186535,0.11214196977748851,22.15310717271787,0.0016200543979501439,22.136078371776605,0.1166460389058324,nan,nan
2015 XH370,473680,MBO,MBO,21164728439156808,745301782434414637,23.638964,2.5223033,2.3648865,149.0316411012357,1.6268680565834737,2025052400183,15,60820.00702511784,z,149.03164850000238,1.6268554060664573,8.686346054077148,5540.01,629.382,False,5932.12,28.2599,5429.77,629.95,False,-43.3751,27.5046,22.041223674301076,0.12334686645116948,21.966975159237442,0.005172315299139877,22.063046411922777,0.12596473386179352,nan,nan
2015 XH370,473680,MBO,MBO,21164728439156808,745301782584885256,23.638954,2.5223038,2.3648934,149.03177883740346,1.6268427858883914,2025052400184,46,60820.00754595589,z,149.0317700684824,1.6268160848404989,7.871843338012695,4181.97,533.32,False,4516.97,25.5335,4271.07,529.866,False,96.5069,91.9253,22.34654766168388,0.13846221061510114,22.26288193297865,0.006137442753560317,22.32365832147682,0.134695697744498,26.438604120523106,1.0341916497528494
2015 XH370,473680,MBO,MBO,21164728439156808,745301782836019258,23.638939,2.5223048,2.3649073,149.03205458934437,1.6267921937839729,2025052400186,13,60820.0085868014,z,149.03206967320685,1.6268061703548908,9.118098258972168,4790.27,518.954,False,4617.83,9.87255,4929.82,515.294,False,128.384,98.0015,22.199100013599676,0.11762324917815627,22.23890512954883,0.0023212168482895034,22.16792238272857,0.11348758752561063,26.128722720617766,0.8287931338171179
2015 XH370,473680,MBO,MBO,21164728439156808,745301782970236978,23.63893,2.5223053,2.3649142,149.0321928701679,1.6267668237587016,2025052400187,13,60820.009108688195,z,149.0321836215703,1.6267491935614034,7.65105676651001,4458.12,567.507,False,5179.87,73.7019,4660.44,565.791,False,302.206,28.3371,22.277120585753774,0.13821137628252866,22.11420282462145,0.015448421632369954,22.228932710900175,0.1318115452005106,25.199242316369663,0.10180676442600257
2015 XH370,473680,MBO,MBO,21164728439156808,745301783104454708,23.638922,2.5223057,2.364921,149.0323311561917,1.6267414529907134,2025052400188,13,60820.00963091398,z,149.03233781315646,1.6267793964581378,9.341524124145508,4749.81,508.529,False,5011.49,12.1115,5137.67,503.427,False,482.202,109.828,22.208309392860972,0.11624219298159758,22.150082778979915,0.0026239488050463647,22.123084502856692,0.10638848559462746,24.69192749098995,0.2472910525120138
2015 XH370,473680,MBO,MBO,21164728439156808,745301783240769540,23.638914,2.5223062,2.364928,149.03247050692713,1.6267158871038356,2025052400189,17,60820.01015619562,z,149.0324971117834,1.626715311205133,8.014445304870605,4121.2,516.307,False,3984.66,24.7059,4715.13,511.561,False,490.044,112.299,22.362440720660285,0.13602183430197898,22.399021848528548,0.006731839329213505,22.21626584925096,0.11779533490758223,24.674412295562355,0.2488084588090034
2015 XH370,473680,MBO,MBO,21164728439156808,745301783378657312,23.638905,2.5223067,2.364935,149.0326088032291,1.6266905148914608,2025052400190,24,60820.010678378465,z,149.03263878300183,1.6266795904400513,9.161641120910645,4271.43,464.864,False,4488.98,1.11548,4474.37,455.448,False,164.961,128.85,22.32356672142108,0.11816175593703082,22.26963082854941,0.0002697978089613914,22.273170235442095,0.11051754055047475,25.856546807997603,0.8480617712803078
2015 XH370,473680,MBO,MBO,21164728439156808,745301783509205046,23.638897,2.5223072,2.3649418,149.03274763447502,1.6266650447663349,2025052400191,17,60820.01120266389,z,149.03277166556532,1.6266377383634558,10.698429107666016,4895.15,452.097,False,5458.36,15.918,5012.77,444.843,False,-7.5077,116.959,22.175585011049495,0.10027436836878773,22.05734458798755,0.0031662897977511326,22.14980554972792,0.09635034813138146,nan,nan
2015 XH370,473680,MBO,MBO,21164728439156808,745301783659151367,23.63889,2.5223079,2.364949,149.03288673597518,1.6266395252964572,2025052400192,47,60820.011727967314,z,149.0329033798241,1.6266560910805608,8.285746574401855,4714.59,568.114,False,4350.36,15.0006,4493.25,564.015,False,-150.353,31.0609,22.21639020924888,0.1308325800369916,22.303687041421988,0.0037437579589222098,22.268598542544837,0.13628699080420525,nan,nan
2015 XH370,473680,MBO,MBO,21164728439156808,745301784184487990,23.638855,2.5223098,2.3649766,149.03343948501868,1.626538120769946,2025052400196,25,60820.01381386521,z,149.0334415433103,1.6265307052694618,7.238713264465332,3198.8,435.827,False,3185.66,12.9599,3644.16,428.118,False,417.296,124.347,22.6375322650637,0.14792832974297515,22.642001473862177,0.004416991431046656,22.496006434198957,0.1275529164959127,24.848889471562934,0.3235306430544774
2015 XH370,473680,MBO,MBO,21164728439156808,745301784334434343,23.638847,2.5223103,2.3649836,149.03357834798422,1.6265126463201338,2025052400197,55,60820.014337399916,z,149.03360025130902,1.626504464616056,10.17737102508545,4784.07,465.127,False,4619.44,11.6936,5085.49,457.465,False,179.414,138.696,22.200506225950235,0.10555975511231117,22.23852668724647,0.0027484207437019105,22.13416793830754,0.09766734101193983,25.76535916909321,0.8393284052409257
2015 XH370,473680,MBO,MBO,21164728439156808,745301784452923456,23.638838,2.5223107,2.3649905,149.03371695138895,1.6264872197557452,2025052400198,25,60820.01486095751,z,149.0337201737673,1.6264883249071829,9.755212783813477,4252.1,430.439,False,4068.65,10.221,4557.7,424.686,False,123.743,144.668,22.32849130101856,0.1099087957644998,22.37637419636803,0.002727516426505598,22.25313561506973,0.10116878055395429,26.168698431307185,1.2693347444148184
2015 XH370,473680,MBO,MBO,21164728439156808,745301784737087519,23.638823,2.5223117,2.3650043,149.0339952346298,1.626436169990432,2025052400200,55,60820.0159104199,z,149.0339945946582,1.6264558278932137,8.652243614196777,3987.26,456.204,False,3845.6,6.60025,4379.39,448.946,False,398.677,137.601,22.39831360753038,0.1242249587963434,22.437589699627033,0.0018634621257616675,22.296465910211673,0.11130247057317917,24.898447040721916,0.3747353986457799
2015 XH370,473680,MBO,MBO,21164728439156808,745301784873402397,23.638813,2.5223122,2.3650112,149.03413385438705,1.6264107412674704,2025052400201,59,60820.016433712604,z,149.03416066144405,1.6264149944389028,9.434617042541504,4076.07,427.934,False,3915.3,2.04332,4152.06,417.984,False,163.586,152.326,22.37439589750782,0.11398808629807404,22.41808737548566,0.0005666248843538448,22.354340932860936,0.10930004984222905,25.865634676770867,1.011002524547582
2015 XH370,473680,MBO,MBO,21164728439156808,745301785006047281,23.638805,2.5223126,2.3650184,149.03427353989838,1.6263851173343478,2025052400202,56,60820.01696019084,z,149.03427766642835,1.626389938923555,8.041078567504883,3464.19,426.325,False,3287.25,2.72497,3688.15,415.712,False,111.944,167.511,22.550995759128714,0.1336175292279804,22.607918164885852,0.0009000224190316,22.482978589139776,0.12237940083786943,26.277497944821306,1.6246762552844243
2015 XH370,473680,MBO,MBO,21164728439156808,745301785114574902,23.638792,2.5223134,2.3650284,149.03447446364933,1.6263482603780497,2025052400203,7,60820.01771853029,z,149.0345055833066,1.62634502568181,7.8685784339904785,3770.04,458.122,False,3839.31,42.4818,4295.57,448.437,False,427.39,165.56,22.459135093549463,0.1319348459207984,22.439367033265473,0.012013624241209777,22.317448042853616,0.11334568383256202,24.822939071794764,0.420586530447828
2015 XH370,473680,MBO,MBO,21164728439156808,745301785383534613,23.638777,2.5223143,2.3650422,149.03475280737817,1.6262972027526943,2025052400205,8,60820.01876831184,z,149.03476165028886,1.626250643215927,8.107064247131348,3889.5,472.841,False,4006.53,16.8971,4086.44,464.481,False,157.614,163.392,22.425265560437417,0.13199141187943206,22.393078994588,0.004578973220801881,22.371637198860093,0.12340908757612343,25.90601303368374,1.1255384033046987
2015 XH370,473680,MBO,MBO,21164728439156808,745301785521422368,23.638767,2.5223148,2.3650494,149.03489172254504,1.626271721500284,2025052400206,15,60820.0192924014,z,149.03490664908526,1.6262872992561368,10.227010726928711,4257.22,414.125,False,4135.62,0.658594,4287.95,408.91,False,67.0284,153.454,22.327184710816333,0.1056159848691226,22.358648401928825,0.00017290257400004244,22.31937566907796,0.10353860824901107,26.834352923218717,2.485671242356382
2015 XH370,473680,MBO,MBO,21164728439156808,745301785667698706,23.63876,2.5223153,2.3650563,149.03503090856444,1.6262461908887025,2025052400207,38,60820.01981795414,z,149.0350408218836,1.6262239359099957,9.248778343200684,4255.19,458.125,False,4390.21,4.31922,4272.97,446.288,False,96.2194,159.8,22.327702623223743,0.11689323053824406,22.29378677303018,0.001068179800915304,22.323175336160894,0.11339911323724296,26.441843405883144,1.803177441775365
2015 XH370,473680,MBO,MBO,21164728439156808,745301785785663547,23.638704,2.5223186,2.3651023,149.03595127210218,1.6260773790051128,2025052400208,7,60820.023288582335,r,149.03596406738342,1.6260849469100536,18.10315704345703,3555.61,195.893,False,3257.2,0.324634,3604.25,197.002,False,0.00247968,21.8125,22.522714669788,0.059817618289000896,22.617888950974084,0.00010821161639321468,22.507962732179912,0.05934444131703838,37.914010851458315,9550.675839039308
2015 XH370,473680,MBO,MBO,21164728439156808,745301785920405533,23.638695,2.522319,2.3651092,149.0360902370645,1.6260518915831663,2025052400209,8,60820.02381293694,r,149.03610043094073,1.6260578012573277,17.24208641052246,3698.83,211.633,False,3676.88,2.71887,3660.02,211.01,False,-9.53344,6.24995,22.479839048588858,0.062121698103729514,22.48630139383736,0.0008028479600070081,22.491291347751556,0.06259561132980564,nan,nan
2015 XH370,473680,MBO,MBO,21164728439156808,745301786054623253,23.638687,2.5223196,2.3651161,149.03622814717826,1.6260265979959851,2025052400210,8,60820.024332603716,r,149.03624161274365,1.6260210639216164,18.72524070739746,3789.11,201.846,False,3648.23,0.716051,3781.26,203.119,False,-21.091,8.76453,22.45365693603992,0.05783719559951239,22.49479448006662,0.00021310127932947634,22.455908645839898,0.0583227958889852,nan,nan
2015 XH370,473680,MBO,MBO,21164728439156808,745301786192511006,23.638678,2.52232,2.365123,149.03636685864103,1.6260011578093732,2025052400211,15,60820.02485572451,r,149.03637294681232,1.626014064807167,17.768587112426758,3719.96,205.299,False,3433.28,1.991,3652.78,204.498,False,-34.976,8.3886,22.47365433634195,0.05992014835309433,22.560726931707535,0.0006296313805801126,22.493441200621973,0.06078408275687824,nan,nan
2015 XH370,473680,MBO,MBO,21164728439156808,745301786595164207,23.638653,2.5223215,2.365144,149.03678249860118,1.6259249302244838,2025052400214,15,60820.026422853975,r,149.03679344924197,1.6259452535501284,16.376535415649414,4267.36,259.971,False,4108.06,3.46069,4341.44,262.433,False,32.021,5.49081,22.324601829664857,0.06614392620794808,22.365908039436412,0.0009146400968368805,22.305915506352342,0.06563099533287994,27.63641277661169,0.18617691945490192
2015 XH370,473680,MBO,MBO,21164728439156808,745301786725711920,23.638645,2.522322,2.365151,149.03692123407515,1.6258994871841763,2025052400215,8,60820.026945783255,r,149.03692358296595,1.6258787982396345,16.160959243774414,3763.65,231.767,False,3580.31,0.248099,3771.57,233.59,False,76.8905,7.08956,22.46097695444545,0.06686005012208174,22.5151984034284,7.523651903172288e-05,22.4586945488379,0.06724443971517931,26.68531824607312,0.10010848816360315
2015 XH370,473680,MBO,MBO,21164728439156808,745301786864123925,23.638636,2.5223224,2.3651578,149.03705917979252,1.625874189377137,2025052400216,16,60820.02746558065,r,149.03708315860177,1.625864971454731,17.564271926879883,3661.29,204.794,False,3421.8,0.951959,3775.92,205.533,False,94.2151,9.74711,22.49091466483863,0.06073057988764295,22.564363429584972,0.00030205633062437085,22.457443061528522,0.0590994060145882,26.46469868015463,0.11232584016012916
2015 XH370,473680,MBO,MBO,21164728439156808,745301786998341683,23.638628,2.522323,2.3651648,149.03719872318555,1.6258485989822606,2025052400217,16,60820.027991999144,r,149.0371995081912,1.6258424499928155,17.604707717895508,3917.63,221.056,False,3871.54,5.62354,4065.99,221.366,False,89.0943,6.9536,22.417441490687864,0.06126370009247443,22.430290612372694,0.001577067738796511,22.377084237136813,0.05911108447486326,26.525375208331834,0.08473915003681483
2015 XH370,473680,MBO,MBO,21164728439156808,745301787132559409,23.638618,2.5223234,2.3651717,149.0373372116265,1.6258232024634665,2025052400218,16,60820.0285134994,r,149.03733722813774,1.6258282022703887,17.453495025634766,3901.51,221.54,False,3796.65,4.28571,3993.94,222.535,False,61.7111,6.90875,22.421918186288387,0.061651512083926926,22.451498620720592,0.0012255937406771488,22.396496175223106,0.0604952287331751,26.924091753596507,0.12155155037803915
2015 XH370,473680,MBO,MBO,21164728439156808,745301787417247750,23.638601,2.5223243,2.3651857,149.0376160639994,1.625772066759248,2025052400220,47,60820.029564888915,r,149.03760741680108,1.6257829225028237,18.11191177368164,3922.44,212.19,False,3584.56,0.0877194,3970.76,212.416,False,-13.3812,6.95215,22.41610924351798,0.05873445390619679,22.513910346747416,2.6569545596986785e-05,22.402815901569785,0.05808151122211089,nan,nan
2015 XH370,473680,MBO,MBO,21164728439156808,745301787534164030,23.638594,2.5223248,2.3651927,149.0377551014791,1.6257465708313883,2025052400221,14,60820.030088322615,r,149.03774107948695,1.6257223881439868,15.006518363952637,3468.52,230.554,False,3161.34,1.19543,3457.45,232.231,False,-27.8162,7.11225,22.549639486263537,0.07216934729221723,22.650321953734252,0.0004105605974015292,22.553110244667884,0.07292704483836573,nan,nan
2015 XH370,473680,MBO,MBO,21164728439156808,745301787668381765,23.638584,2.5223253,2.3651996,149.03789441060852,1.6257210255265755,2025052400222,14,60820.030613783456,r,149.03791334235294,1.6257024114903258,15.913331031799316,3709.14,231.191,False,3560.09,2.51981,3717.36,231.819,False,-13.2159,6.71197,22.476816966672388,0.06767402685115907,22.521347530223178,0.0007684774364053225,22.47441341492887,0.06770780183856233,nan,nan
2015 XH370,473680,MBO,MBO,21164728439156808,745301787802599487,23.638577,2.5223258,2.3652065,149.03803266453588,1.6256956741531214,2025052400223,14,60820.031134837554,r,149.0380418228707,1.6256953565535222,20.170455932617188,3985.72,194.292,False,3944.59,1.93233,4009.08,193.758,False,24.6506,19.2351,22.39873304322238,0.052926414381880976,22.409995302313007,0.000531867851201759,22.392388172456457,0.05247340205003129,27.920431244545515,0.847210367280851
2015 XH370,473680,MBO,MBO,21164728439156808,745306225860673558,23.617369,2.5231988,2.3775618,149.29341212637576,1.5792590183418485,2025052500521,42,60820.97064975185,g,149.29342488396387,1.5792446327990832,17.329591751098633,2432.3,138.909,False,2507.06,2.75236,2656.41,138.531,False,162.963,5.28363,22.93495712868686,0.062006546777976054,22.902088155128958,0.0011919686586069392,22.83926226976694,0.05662082792924433,25.869777489502887,0.035202029656893445
2015 XH370,473680,MBO,MBO,21164728439156808,745306225993318465,23.61736,2.5231993,2.3775687,149.2935517570946,1.5792327480038646,2025052500522,39,60820.97117170756,g,149.29357495551895,1.5792118480971689,17.716882705688477,2598.71,146.244,False,2500.3,1.31515,2856.88,146.489,False,171.403,4.43561,22.863105472268415,0.0611004735017995,22.90501967658877,0.0005710938552327984,22.76027004773789,0.055672067325163804,25.81495395342076,0.028096953801715573
2015 XH370,473680,MBO,MBO,21164728439156808,745306226127536170,23.61735,2.5231998,2.3775756,149.29369192593677,1.5792063762540554,2025052500523,39,60820.97169588203,g,149.2936884870369,1.5792228098924537,18.46446990966797,2553.25,135.581,False,2501.3,2.13972,2722.67,135.146,False,131.645,4.99707,22.882266648550633,0.057654046209901784,22.904585521039333,0.0009287855861360166,22.812512516001348,0.053893018653555946,26.101489042649426,0.04121310693305871
2015 XH370,473680,MBO,MBO,21164728439156808,745306226262278179,23.61734,2.5232003,2.3775826,149.29383236527167,1.5791799534497142,2025052500524,40,60820.972220035575,g,149.293863764877,1.5791984858203159,16.729398727416992,2225.61,133.002,False,2293.44,1.12612,2334.89,132.241,False,116.498,5.61427,23.031377287588846,0.06488337064558569,22.998781570765217,0.000533115867409685,22.979333987073613,0.06149276631588322,26.23420381576403,0.05232378558512873
2015 XH370,473680,MBO,MBO,21164728439156808,745306226398068747,23.61733,2.5232008,2.3775895,149.29397227266804,1.5791536305699951,2025052500525,43,60820.97274321155,g,149.29398457759297,1.579156227076581,17.69378089904785,2446.33,136.435,False,2398.93,5.50944,2608.24,135.542,False,122.661,4.99728,22.928712362283655,0.06055291465777544,22.949956091987712,0.0024935277756845875,22.859131126637777,0.056422286791488085,26.17823372001302,0.044233520147681095
2015 XH370,473680,MBO,MBO,21164728439156808,745306226529140811,23.617321,2.5232012,2.3775964,149.29411111308085,1.5791275082895393,2025052500526,37,60820.97326288884,g,149.29411694952867,1.5791257286964422,18.72603988647461,2596.64,137.619,False,2730.84,2.38209,2759.39,134.972,False,130.474,4.84818,22.863970687642322,0.05754280166770939,22.80925932616114,0.0009470790571108929,22.797967327062366,0.053107387091366386,26.111190065751384,0.04034401025575838
2015 XH370,473680,MBO,MBO,21164728439156808,745306226664931382,23.61731,2.5232017,2.3776033,149.29425102667878,1.5791011839500415,2025052500527,40,60820.97378587482,g,149.29424789833823,1.5791218937640132,19.571657180786133,2696.57,137.128,False,2631.27,1.3412,2826.5,135.35,False,142.099,5.45167,22.822970726028572,0.05521267276801295,22.849586456396125,0.0005534169357735841,22.771877525509655,0.0519916511377395,26.018522453318706,0.041654590957452144
2015 XH370,473680,MBO,MBO,21164728439156808,745306226799149112,23.6173,2.5232022,2.3776102,149.29439067584053,1.5790749092259608,2025052500528,40,60820.9743077991,g,149.29438308655148,1.579055216674509,17.803287506103516,2537.23,140.065,False,2413.37,0.0751802,2715.89,139.53,False,159.725,5.35455,22.8891004138123,0.05993687814696055,22.943440172718777,3.382235795314023e-05,22.815219602929375,0.05578015947499697,25.891567716500695,0.0363977364091563
2015 XH370,473680,MBO,MBO,21164728439156808,745306226932318268,23.61729,2.5232027,2.377617,149.29452979322733,1.5790487344235762,2025052500529,38,60820.97482747467,g,149.2945567380012,1.5790448389030367,18.53814697265625,2618.13,140.483,False,2525.49,0.91089,2833.19,139.17,False,180.715,5.32014,22.855022030836743,0.05825817966856991,22.894135871179998,0.0003916017236699527,22.769310771835677,0.05333278345367388,25.757514516819043,0.03196341534748144
2015 XH370,473680,MBO,MBO,21164728439156808,745306227068108808,23.617281,2.5232031,2.3776238,149.2946697162442,1.5790224079171542,2025052500530,41,60820.97535075101,g,149.29466871039634,1.5790297277196104,18.49711799621582,2365.52,127.322,False,2268.95,0.153984,2571.33,127.241,False,150.408,5.74207,22.96518343035204,0.05843877980176296,23.01043770935069,7.368430431185062e-05,22.874605424974916,0.053727119162613315,25.95682262460513,0.04144974540558931
2015 XH370,473680,MBO,MBO,21164728439156808,745306227202326537,23.617271,2.5232038,2.3776307,149.29480884004633,1.5789962316639572,2025052500531,41,60820.97587058709,g,149.294805717168,1.5790100794157222,19.8835391998291,2506.34,124.208,False,2402.29,0.676625,2679.63,122.826,False,136.866,5.95902,22.90239999868474,0.05380639418048802,22.94843639870239,0.00030580665202579175,22.82981296917483,0.04976680997296395,26.059261084064467,0.047271959693634936
2015 XH370,473680,MBO,MBO,21164728439156808,745306227336544280,23.617262,2.5232043,2.3776379,149.2949503750434,1.5789696016271295,2025052500532,41,60820.97639929077,g,149.2949544385261,1.5789678181887918,21.04558563232422,2598.73,122.229,False,2524.44,0.357559,2790.78,120.453,False,146.27,6.28648,22.863097108177584,0.051066654683797154,22.894587392710527,0.00015378252434046356,22.785685983686513,0.04686151716713705,25.987111814806116,0.04666342163656535
2015 XH370,473680,MBO,MBO,21164728439156808,745306227474432011,23.61725,2.5232048,2.3776445,149.29509004042256,1.5789433232536445,2025052500533,48,60820.97692103904,g,149.2950707319438,1.5789411319238988,20.35286521911621,2454.32,120.676,False,2467.21,1.19761,2661.45,119.235,False,168.37,6.33829,22.925172003718796,0.05338435954279059,22.919484725590088,0.0005270279299995971,22.83720424091222,0.04864181533078021,25.834338251747646,0.04087255070239177
2015 XH370,473680,MBO,MBO,21164728439156808,745306227587678274,23.61724,2.5232053,2.3776517,149.29523051190353,1.5789168931079989,2025052500534,8,60820.977446518904,g,149.29524047762604,1.5789116029125154,20.33253288269043,2686.97,130.647,False,2663.69,0.616759,2931.68,130.917,False,191.47,6.34016,22.82684296792415,0.05279113013379032,22.83629082316611,0.0002513947167420587,22.732208614673077,0.04848460204299335,25.694748149863347,0.03595206087605212
2015 XH370,473680,MBO,MBO,21164728439156808,745306227856113729,23.617222,2.5232062,2.3776653,149.29550852174438,1.578864584414158,2025052500536,8,60820.9784858992,g,149.29550432685107,1.5788676908852606,17.94966697692871,2406.92,132.539,False,2309.31,1.33355,2696.25,133.259,False,211.822,5.77236,22.946345896109605,0.05978694643101009,22.991294381981515,0.0006269766525236585,22.823099604723495,0.05366124203084248,25.585072307385857,0.02958738889110332
2015 XH370,473680,MBO,MBO,21164728439156808,745306228009730052,23.617212,2.5232067,2.3776722,149.29564873579162,1.5788382024367913,2025052500537,45,60820.979009012066,g,149.29567280919966,1.5788359786767345,23.165664672851562,2835.47,120.103,False,2674.52,0.407979,3131.59,119.457,False,232.256,6.53741,22.768437369469893,0.04598890952874016,22.831885367352477,0.00016562133779926566,22.660587725585255,0.04141627319250179,25.485082659946354,0.030560685566043747
2015 XH370,473680,MBO,MBO,21164728439156808,745306228144472079,23.617203,2.5232072,2.377679,149.295787347865,1.5788121218020983,2025052500538,46,60820.97952775342,g,149.295802556452,1.5788208706132079,21.203454971313477,2667.49,125.835,False,2518.62,0.502233,2951.52,124.96,False,260.682,6.18587,22.834743003980034,0.051218041991495454,22.897093330213266,0.00021650449722485313,22.72488566676471,0.045967364020828114,25.35972236072076,0.02576404594879985
2015 XH370,473680,MBO,MBO,21164728439156808,745306228278165547,23.617191,2.5232077,2.377686,149.2959286392708,1.5787855369634567,2025052500539,45,60820.98005534505,g,149.2959436251806,1.5787940567539451,16.788610458374023,2388.88,140.494,False,2354.71,1.51503,2815.79,139.15,False,348.601,5.70372,22.954514217026723,0.06385395390837971,22.97015644758156,0.0006985671179401491,22.77599932932562,0.05365463481630436,25.04417838744684,0.017764536453796994
2015 XH370,473680,MBO,MBO,21164728439156808,745306230825156638,23.616867,2.5232234,2.3779116,149.30049167445625,1.5779269726146237,2025052500558,39,60820.99709920843,r,149.30051047988505,1.577917016027953,9.434260368347168,3560.25,376.947,False,3470.65,0.470167,5058.69,383.731,False,1455.09,7.26588,22.52129876222485,0.11495400473766924,22.54897298263844,0.00014708407949917045,22.13990484667672,0.08235939163995011,23.492775385335342,0.005421540439329103
2015 XH370,473680,MBO,MBO,21164728439156808,745306230959898636,23.616858,2.5232239,2.3779185,149.30063149505196,1.5779006655771153,2025052500559,40,60820.99762132482,r,149.30063627837592,1.5778930038024621,10.632379531860352,5043.63,477.781,False,5037.27,10.5798,6488.71,490.615,False,1303.77,6.71749,22.143141977010792,0.10285134874290379,22.14451192112387,0.0022803763699054064,21.869604094877246,0.08209312185338528,23.611997524687354,0.005594101875248516
2015 XH370,473680,MBO,MBO,21164728439156808,745306231092543526,23.616846,2.5232244,2.3779254,149.30077132003564,1.5778743578476118,2025052500560,37,60820.99814325482,r,149.30075369808247,1.5779126407993307,6.630948543548584,2914.93,425.03,False,2932.25,29.8395,4582.64,433.262,False,1522.36,5.81124,22.7384297006051,0.1583127102898334,22.73199751260804,0.011048793911077414,22.247210613692268,0.10265004852110962,23.443706599587333,0.004144534759387703
2015 XH370,473680,MBO,MBO,21164728439156808,745306231227285552,23.616837,2.5232248,2.3779323,149.30091141750344,1.577847998990477,2025052500561,38,60820.998666450614,r,149.30090723295402,1.5778673659853613,17.02500343322754,3989.44,234.825,False,3965.4,4.36245,5054.26,234.965,False,1068.15,6.34493,22.39772017145292,0.06390821887621971,22.404282521103333,0.0011944495275273798,22.14085610277631,0.05047425641039697,23.82841936312028,0.00644939404288761
2015 XH370,473680,MBO,MBO,21164728439156808,745306231495720984,23.616817,2.523226,2.3779461,149.30119242998708,1.577795127902825,2025052500563,38,60820.99971589072,r,149.30120241755282,1.577802460012852,13.807903289794922,4103.66,293.097,False,4012.76,1.21145,5574.74,296.95,False,1322.98,7.66722,22.367071531032373,0.07754687178148559,22.391392033104452,0.00032778314704526713,22.03443841146448,0.05783397354884798,23.596116818929836,0.006292293604075643
2015 XH370,473680,MBO,MBO,21164728439156808,745306231630987272,23.616806,2.5232265,2.377953,149.30133280917877,1.5777687164970875,2025052500564,40,60821.000239021814,r,149.30133705875198,1.5777477105633944,12.978540420532227,3428.77,263.472,False,3372.38,1.71778,4841.21,266.867,False,1318.8,7.27493,22.562154109170997,0.08342964715512123,22.5801587751266,0.0005530385057781342,22.18761520452191,0.05985015540833513,23.599552613623196,0.005989274033945539
2015 XH370,473680,MBO,MBO,21164728439156808,745306231765205010,23.616796,2.523227,2.3779602,149.301473461042,1.5777422539544088,2025052500565,40,60821.000764293705,r,149.30148120419645,1.5777340940281774,13.629546165466309,3388.24,247.379,False,3378.34,4.76547,4665.23,250.273,False,1230.43,6.81584,22.57506459005107,0.07927075265782202,22.578241583434263,0.0015315341876184375,22.22781735525639,0.058245885599866196,23.674857674022782,0.006014323186465163
2015 XH370,473680,MBO,MBO,21164728439156808,745306231902044215,23.616787,2.5232275,2.3779671,149.30161411764712,1.5777157906901635,2025052500566,45,60821.00128955838,r,149.30160034138592,1.5777083686527444,12.381295204162598,3732.71,297.556,False,3546.09,7.18773,4778.32,301.949,False,1054.75,7.12402,22.469939385791,0.08655034151027279,22.525625588520775,0.002200727651867366,22.20181196314759,0.06860925574621451,23.842126164865203,0.007333307936102059
2015 XH370,473680,MBO,MBO,21164728439156808,745306232032591936,23.616776,2.523228,2.377974,149.30175370729083,1.5776895283394314,2025052500567,38,60821.00181050827,r,149.30173711263978,1.5777017199265622,17.175832748413086,3853.84,219.91,False,3887.55,0.614117,4852.16,220.305,False,1079.45,6.99547,22.43526577504958,0.06195489364353233,22.425810016912784,0.00017151395636561223,22.18516218180359,0.049296210127971335,23.81699372244843,0.007036208664496409
2015 XH370,473680,MBO,MBO,21164728439156808,745306232170479667,23.616766,2.5232284,2.377981,149.3018941054262,1.577663114060294,2025052500568,45,60821.00233476552,r,149.30190483878638,1.5776838781871778,15.956604957580566,3652.64,225.026,False,3931.37,2.65988,4766.57,225.951,False,1341.02,6.94666,22.493482855040426,0.06688830091590159,22.413640169459214,0.0007345856142976919,22.204485101826005,0.05146744821160912,23.581411846744874,0.00562425631212807
2015 XH370,473680,MBO,MBO,21164728439156808,745306232306270213,23.616756,2.523229,2.3779879,149.3020339725943,1.5776367998628336,2025052500569,48,60821.002856651525,r,149.30203335458407,1.5776431084077138,16.999784469604492,3643.68,211.41,False,3506.08,1.10807,4997.62,212.023,False,1375.67,7.89915,22.496149448366232,0.06299551533898007,22.537945422337838,0.00034313869246273564,22.153091897174285,0.046062132877158365,23.553714299113103,0.0062343387247906674
2015 XH370,473680,MBO,MBO,21164728439156808,745306232557404213,23.616735,2.5232298,2.3780017,149.30231345321158,1.5775842197820331,2025052500571,15,60821.00389933289,r,149.30232746311174,1.5776006523759143,19.18754768371582,4123.16,211.163,False,3952.51,0.0382447,5413.79,211.223,False,1316.45,7.82465,22.361924488836564,0.05560475446512741,22.407817553849615,1.0505641571952052e-05,22.066246478287045,0.04236079798857011,23.601489118157133,0.00645334490807428
2015 XH370,473680,MBO,MBO,21164728439156808,745306232691621938,23.616726,2.5232303,2.3780086,149.30245360278238,1.57755785304766,2025052500572,15,60821.00442242049,r,149.30246235134086,1.577577274365033,12.679685592651367,4004.44,308.371,False,4341.06,13.1457,4976.16,309.47,False,1034.16,7.20266,22.393645538752754,0.08360958498120064,22.306010514131984,0.0032878519826813153,22.157764126130562,0.06752250210231762,23.86353062461575,0.007561874917859523
2015 XH370,473680,MBO,MBO,21164728439156808,745306232825839666,23.616716,2.5232308,2.3780155,149.30259402531198,1.5775314351712193,2025052500573,15,60821.00494649089,r,149.30260829575903,1.5775290900563423,16.933744430541992,4026.61,233.618,False,4050.54,2.38177,4817.82,234.648,False,835.574,6.93306,22.387651051628854,0.06299281773197732,22.38121767631556,0.0006384269213652916,22.192873614212147,0.05287989855067183,24.095037738326845,0.009008746878464815
2015 XH370,473680,MBO,MBO,21164728439156808,745306233111052302,23.616695,2.5232317,2.3780293,149.30287274108076,1.5774790006515182,2025052500575,47,60821.00598691785,r,149.30285318348717,1.5774816838032948,14.749231338500977,4518.27,301.862,False,4372.74,2.9256,5371.06,305.434,False,753.025,5.16924,22.26256954615075,0.07253716583865336,22.29811580362412,0.0007264163263112886,22.07484997841238,0.0617421399143876,24.207976477876876,0.007453179953922019
2015 XH370,473680,MBO,MBO,21164728439156808,745306233244221462,23.616686,2.5232322,2.3780363,149.3030134463158,1.577452530254247,2025052500576,45,60821.00651108364,r,149.30302542577547,1.5774371529232327,11.147777557373047,4198.5,378.916,False,4285.65,1.08834,4761.8,384.398,False,617.419,5.13393,22.34226460619539,0.09798804420453021,22.31995827414216,0.00027572251952640595,22.205572167827185,0.08764644753834673,24.42355001380772,0.00902805686312376
2015 XH370,473680,MBO,MBO,21164728439156808,745306233378963510,23.616674,2.5232327,2.3780432,149.30315362068296,1.5774261599608108,2025052500577,46,60821.00703421028,r,149.3031431344112,1.577422544983901,12.789843559265137,3648.12,282.999,False,3590.79,3.75511,4335.2,286.279,False,509.486,5.36111,22.494827176562936,0.08422481789336778,22.512024970575517,0.0011354211365969603,22.307477106073808,0.07169760378899602,24.632169379454336,0.011424752671548757
2015 XH370,473680,MBO,MBO,21164728439156808,745306233497976863,23.616665,2.5232332,2.37805,149.30329380010076,1.5773997889557216,2025052500578,17,60821.00755743646,r,149.30327648975256,1.5773889870990798,11.050621032714844,4014.83,359.113,False,4205.36,18.1987,4446.97,363.9,False,516.147,5.18426,22.390832077205033,0.09711544082043694,22.34049208649622,0.004698524753860249,22.279839448455647,0.08884687308357825,24.618066538930822,0.010905302088900495
2015 XH370,473680,MBO,MBO,21164728439156808,745306233651593238,23.616655,2.5232337,2.378057,149.30343344850567,1.5773735180896895,2025052500579,54,60821.00807812068,r,149.30341314773176,1.5773651458440845,14.42635440826416,3892.42,265.417,False,3879.4,11.8037,4519.03,269.676,False,536.613,5.00987,22.424450783345037,0.0740343651404291,22.428088623680097,0.0033035276713221976,22.2623869905056,0.06479200295372936,24.5758470741784,0.010136537019194569
2015 XH370,473680,MBO,MBO,21164728439156808,745306235123269665,23.616493,2.5232415,2.3781672,149.30566021689276,1.5769546524313576,2025052500590,45,60821.01638391444,i,149.30561875711751,1.5769781180588884,7.243476390838623,5717.94,780.109,False,6621.19,56.8592,5630.47,799.206,False,-41.085,7.01748,22.006901026455584,0.14812897707560682,21.847659883445246,0.00932371553195179,22.023638336501918,0.15411268495487912,nan,nan
2015 XH370,473680,MBO,MBO,21164728439156808,745306235779153950,23.616442,2.523244,2.3782017,149.3063605722499,1.576822928951516,2025052500595,16,60821.01899406759,i,149.30638501623912,1.5768027389063233,5.079232692718506,5490.6,1062.75,False,6553.77,271.875,5844.15,1085.09,False,95.4391,8.15327,22.050950466352933,0.21015301261864766,21.858772006636833,0.04504041639986158,21.983196632372337,0.2015898772272077,26.450684137175234,0.09275338904577816
2015 XH370,473680,MBO,MBO,21164728439156808,745306236182331433,23.616343,2.5232487,2.3782697,149.3077313860078,1.5765651322519356,2025052500598,17,60821.02410394958,i,149.3077328605201,1.5765060629129681,5.786870002746582,4387.07,763.713,False,4219.82,203.68,4897.63,773.254,False,228.268,7.84993,22.294563633367858,0.18900790303146545,22.336765229834008,0.05240573091859634,22.175035094744086,0.17141962829177967,25.503887390180726,0.03733748400352853
2015 XH370,473680,MBO,MBO,21164728439156808,745306236872818703,23.616291,2.523251,2.3783045,149.30843378090205,1.576433054419388,2025052500603,54,60821.02672083935,i,149.30836761396654,1.57637635490866,6.421696662902832,8754.24,1386.68,False,9349.88,33.1079,9255.83,1413.03,False,-41.8168,7.551,21.544453849061696,0.17198165670825924,21.472984921098597,0.0038445888873218656,21.483961567295598,0.16575259574437257,nan,nan
2015 XH370,473680,MBO,MBO,21164728439156808,745306238073962503,23.616192,2.5232556,2.3783703,149.30976464554064,1.5761828310449446,2025052500612,41,60821.03167765079,i,149.30982765175625,1.5761607111461353,5.604145526885986,4776.27,850.246,False,nan,nan,5155.08,870.874,False,282.43,7.46493,22.202277822432492,0.1932769358992376,nan,nan,22.119411460181183,0.18341896589381093,25.272722963084448,0.02869718174282903
2015 XH370,473680,MBO,MBO,21164728439156808,745306238340825121,23.61617,2.5232565,2.378384,149.31004528095065,1.576130072793889,2025052500614,38,60821.032722705946,i,149.3100479255264,1.5761948887495612,6.462231636047363,4703.96,718.335,False,5146.86,92.2418,5272.44,731.284,False,436.92,7.60962,22.218840958835912,0.165801228534692,22.121144140979492,0.019458516994085497,22.094970896569297,0.15059090665290026,24.798995154178463,0.01890973127098986
2015 XH370,473680,MBO,MBO,21164728439156808,745319361505394720,23.530222,2.5259955,2.416996,150.12581240039387,1.420238873377333,2025052800085,88,60823.970929467236,i,150.1258499688049,1.420191619322057,12.240534782409668,4362.96,352.674,False,4717.41,7.25449,4479.68,354.166,False,-51.7914,8.41945,22.30054693133291,0.08776402852615596,22.21574090571172,0.0016696581533440394,22.27188247775661,0.08583890309934789,nan,nan
2015 XH370,473680,MBO,MBO,21164728439156808,745319361639612421,23.530207,2.525996,2.417003,150.12595620156597,1.4202098908003344,2025052800086,88,60823.971449116994,i,150.12595322039803,1.4202037053730021,9.78518295288086,3740.4,369.983,False,4262.91,9.89435,3693.62,367.096,False,-58.7084,7.90522,22.467704907535786,0.10739598721752287,22.325734550774868,0.002520028262412776,22.48136943269759,0.10790753087457161,nan,nan
2015 XH370,473680,MBO,MBO,21164728439156808,745319361772257346,23.530191,2.5259964,2.4170098,150.126101112052,1.4201806846146077,2025052800087,85,60823.971973280684,i,150.12616678338742,1.4201669171017772,11.280107498168945,4258.98,374.859,False,4418.26,5.25586,4285.88,374.57,False,-21.1436,7.72868,22.32673600335659,0.09556231759446686,22.28687188488879,0.0012915667323754722,22.319900011935147,0.0948893177803074,nan,nan
2015 XH370,473680,MBO,MBO,21164728439156808,745319361906475053,23.530176,2.525997,2.4170167,150.12624602598223,1.4201514777101758,2025052800088,85,60823.9724977966,i,150.12626458338528,1.4201429667185785,12.52326774597168,3889.44,309.232,False,4139.62,11.6273,3952.27,306.348,False,24.7154,15.9991,22.425282325649675,0.08632203538198474,22.357598777982147,0.0030495988765060727,22.40788348005765,0.08415748530949457,27.917580860482765,0.7028331053891265
2015 XH370,473680,MBO,MBO,21164728439156808,745319362042265639,23.530159,2.5259974,2.4170237,150.12639177288844,1.4201221029036613,2025052800089,88,60823.97302420653,i,150.1264044073217,1.4201386487299341,10.424187660217285,3501.89,327.555,False,3619.4,5.12569,3616.19,328.79,False,47.1251,10.5804,22.539243783122508,0.10155610984546268,22.50340857415388,0.001537588368089672,22.50437191539063,0.09871694292173593,27.21686930686161,0.24376657125700207
2015 XH370,473680,MBO,MBO,21164728439156808,745319362174910480,23.530144,2.5259979,2.4170306,150.12653696993743,1.4200928389071077,2025052800090,85,60823.97354942407,i,150.12652113475244,1.4200951819457885,11.102940559387207,3878.5,344.582,False,4115.92,14.9633,4136.95,345.482,False,54.5033,8.91394,22.42834051054949,0.09646130042624279,22.363832708332147,0.003947160438246323,22.358299268846032,0.09067121718933877,27.058943010187935,0.1775706774178409
2015 XH370,473680,MBO,MBO,21164728439156808,745319362444394507,23.530113,2.5259988,2.4170444,150.1268262682426,1.42003453175705,2025052800092,87,60823.97459561535,i,150.12684888518487,1.4200396348861468,10.937362670898438,4071.57,369.258,False,4176.02,21.5683,4118.36,369.813,False,-75.6236,8.69972,22.375595217393386,0.09846736467606063,22.348093570062908,0.005607608283472513,22.363189268257507,0.09749496491227981,nan,nan
2015 XH370,473680,MBO,MBO,21164728439156808,745319362577563655,23.530098,2.5259993,2.4170513,150.12697064603296,1.4200054328815346,2025052800093,85,60823.975117617665,i,150.12700837373518,1.4200116759234247,12.378547668457031,4020.02,322.701,False,4390.85,2.76301,3954.98,320.09,False,-80.6671,11.0558,22.389429460354556,0.08715582139294442,22.29362847332419,0.0006832162227264282,22.407139276240006,0.08787232793116559,nan,nan
2015 XH370,473680,MBO,MBO,21164728439156808,745319362711781404,23.530083,2.5259998,2.4170582,150.12711447396873,1.4199764448405376,2025052800094,85,60823.97563737584,i,150.12715529241441,1.4200025971121535,12.678780555725098,4067.99,320.006,False,4232.1,2.23923,3997.83,319.689,False,-86.7658,11.5432,22.37655031095099,0.08540879249025776,22.33361017228942,0.0005744696335472353,22.39543917218116,0.08682157814204502,nan,nan
2015 XH370,473680,MBO,MBO,21164728439156808,745319362845999127,23.530067,2.5260003,2.4170651,150.12725941192326,1.4199472330987828,2025052800095,85,60823.97616159748,i,150.12727889066667,1.4199472509297308,12.300408363342285,4371.7,347.646,False,4465.2,8.96912,4390.78,347.791,False,-124.5,9.7377,22.298374072424494,0.08633982833564514,22.27539766233587,0.0021808872862801843,22.293645859806638,0.08600050166400812,nan,nan
2015 XH370,473680,MBO,MBO,21164728439156808,745319362980216874,23.530052,2.526001,2.4170718,150.12740380008285,1.4199181321917131,2025052800096,85,60823.97668360425,i,150.12737048749824,1.4198992322220272,10.676581382751465,3843.57,353.744,False,3936.38,5.88942,3776.83,353.195,False,-138.461,8.43097,22.438162993313597,0.09992601883054975,22.412257490891257,0.0016244256765547936,22.45718138476247,0.1015339845477224,nan,nan
2015 XH370,473680,MBO,MBO,21164728439156808,745319363114434587,23.530037,2.5260015,2.4170787,150.1275484684834,1.419888974835435,2025052800097,85,60823.97720658222,i,150.12757040291163,1.4198721534956502,12.639266014099121,4278.84,338.344,False,4407.72,25.4409,4186.38,336.562,False,-131.513,10.7017,22.32168492195172,0.08585325403976776,22.289464951569137,0.006266755995544856,22.345403413044206,0.08728724375194095,nan,nan
2015 XH370,473680,MBO,MBO,21164728439156808,745319363360850006,23.530006,2.5260024,2.4170928,150.1278391992168,1.4198303793032212,2025052800099,43,60823.9782570753,i,150.12790071558933,1.419828831168927,10.994515419006348,4067.68,366.531,False,4374.2,16.8838,4209.0,358.399,False,-86.3138,8.16075,22.376633067956675,0.09783365208565689,22.297753360899186,0.004190789782224574,22.339552685629943,0.0924511180173922,nan,nan
2015 XH370,473680,MBO,MBO,21164728439156808,745319363494543434,23.529991,2.526003,2.4170995,150.12798360197317,1.4198012756205427,2025052800100,42,60823.978779000485,i,150.1279718480473,1.4197888717186002,11.424165725708008,4004.46,350.31,False,4023.23,4.34072,3848.13,349.242,False,-82.7178,9.56412,22.393640110808803,0.09498015985882231,22.38856285270448,0.0011714162683821258,22.436875694991997,0.09853739347183986,nan,nan
2015 XH370,473680,MBO,MBO,21164728439156808,745319363917643780,23.529945,2.5260043,2.4171202,150.12841627884708,1.4197140720380383,2025052800103,81,60823.980343354226,i,150.1283983088055,1.4197085082374352,13.090971946716309,4364.96,332.077,False,4523.02,3.62673,4356.75,335.721,False,-88.4492,8.1605,22.300049339130652,0.08260053251068035,22.26142872500138,0.0008705847002900801,22.30209340033018,0.08366430330178751,nan,nan
2015 XH370,473680,MBO,MBO,21164728439156808,745319364052385813,23.52993,2.5260048,2.4171271,150.12855986640847,1.4196851329169238,2025052800104,82,60823.980862001554,i,150.12856468734097,1.4197423269225968,12.564020156860352,4401.59,347.491,False,4518.51,2.37134,4346.77,347.594,False,-97.4333,8.17783,22.290976072616132,0.08571529152075182,22.262511936909366,0.0005698006344681118,22.30458334252423,0.08682202699917846,nan,nan
2015 XH370,473680,MBO,MBO,21164728439156808,745319364164583494,23.529915,2.5260053,2.417134,150.12870511777106,1.4196558585499213,2025052800105,40,60823.98138725439,i,150.12869444909794,1.4196556504950655,11.85193157196045,3869.17,328.73,False,4215.34,15.9788,3891.2,331.932,False,-71.814,9.09628,22.430955492502136,0.09224564486054762,22.337918516230552,0.004115625813378019,22.42479113048264,0.09261682819235874,nan,nan
2015 XH370,473680,MBO,MBO,21164728439156808,745319364300898337,23.5299,2.5260057,2.417141,150.12885037300194,1.4196265834923674,2025052800106,44,60823.98191238269,i,150.12885490214532,1.4196435185198477,11.779096603393555,4000.19,338.064,False,4017.82,2.38951,4018.91,340.226,False,-50.3987,8.01633,22.394798466338756,0.09175772267452478,22.390023790838747,0.0006457176736689642,22.389729322111535,0.09191440176375151,nan,nan
2015 XH370,473680,MBO,MBO,21164728439156808,745319364435116044,23.529884,2.5260062,2.4171479,150.12899563213188,1.41959730774423,2025052800107,44,60823.98243712131,i,150.1289842497159,1.4196004885602505,11.46091079711914,4276.54,364.654,False,4165.68,4.08324,4348.6,365.749,False,-44.2972,8.21551,22.322268643845415,0.09257905628873875,22.35078519124268,0.0010642491378593537,22.304126321815414,0.09131833568255937,nan,nan
2015 XH370,473680,MBO,MBO,21164728439156808,745319364567760919,23.52987,2.5260067,2.4171548,150.1291406185568,1.4195680870588032,2025052800108,41,60823.98296152153,i,150.12916607882954,1.4195719789603731,10.813126564025879,4067.43,371.049,False,4723.33,14.8295,3567.17,367.282,False,-71.4641,7.39602,22.376699799458972,0.09904567552565775,22.21437925944418,0.003408807980284844,22.51919050645857,0.11178928605542937,nan,nan
2015 XH370,473680,MBO,MBO,21164728439156808,745319364703551510,23.529854,2.5260072,2.4171617,150.12928643884626,1.4195386984240483,2025052800109,44,60823.983488194426,i,150.12929158350872,1.4195508832583932,10.300193786621094,3671.89,353.306,False,3894.87,9.4921,3616.1,351.787,False,-93.4013,7.49453,22.487775875704966,0.1044685779027732,22.423767550581406,0.0026460231177570233,22.504398890694894,0.10562425214032224,nan,nan
2015 XH370,473680,MBO,MBO,21164728439156808,745319364836196380,23.529839,2.5260077,2.4171686,150.12943087978456,1.4195095878970891,2025052800110,41,60823.984010136104,i,150.1294603184986,1.4194901089060148,11.667977333068848,4086.9,343.664,False,4159.7,3.64385,4007.85,342.777,False,-82.4474,8.29533,22.371514997592875,0.09129865119731717,22.35234492356141,0.0009510925738928722,22.392721325997094,0.09285911367378792,nan,nan
2015 XH370,473680,MBO,MBO,21164728439156808,745319365104631847,23.529808,2.5260086,2.4171824,150.12971977347635,1.419451364825424,2025052800112,41,60823.98505448804,i,150.1297606005786,1.4194300774875768,12.235965728759766,4335.26,353.505,False,4329.87,3.0262,4396.28,352.53,False,-10.9425,7.82429,22.30746218699332,0.08853291454592589,22.308812827381466,0.0007588345319367387,22.29228669071071,0.0870632902460775,nan,nan
2015 XH370,473680,MBO,MBO,21164728439156808,745319365244092426,23.529793,2.526009,2.4171894,150.129864226288,1.4194222522811613,2025052800113,51,60823.98557674613,i,150.129860568174,1.419416544871614,10.891161918640137,3953.74,358.236,False,4177.62,6.36085,4203.6,359.721,False,7.50083,8.20884,22.407479736467963,0.09837515562257163,22.347677635464493,0.001653143366176525,22.340946516363346,0.09291134105311749,29.212226668249343,1.1882198347163544
2015 XH370,473680,MBO,MBO,21164728439156808,745319365376737293,23.529778,2.5260096,2.4171963,150.13000895996674,1.4193930832699422,2025052800114,48,60823.98609996366,i,150.13001870767187,1.4194014714487628,11.438898086547852,3950.21,342.838,False,3980.65,2.24506,3982.43,341.672,False,3.37873,9.14131,22.408449550520427,0.09423085011468266,22.400115042202923,0.0006123479702734804,22.39962964149726,0.09315057985676263,30.078116261250152,2.9375092917408843
2015 XH370,473680,MBO,MBO,21164728439156808,745319365664571441,23.52974,2.5260108,2.4172132,150.1303634780582,1.419321635820358,2025052800116,85,60823.98738087852,i,150.1304210846546,1.419262181052634,11.706012725830078,4416.14,382.977,False,4779.04,38.5478,4762.3,384.636,False,155.727,7.76601,22.287392884144822,0.09415733434255794,22.20164832730177,0.008757562131806213,22.20545816899787,0.0876915005641275,25.91909017205362,0.05414499568870012
2015 XH370,473680,MBO,MBO,21164728439156808,745319365798789140,23.529724,2.5260115,2.41722,150.13051016334748,1.419292074021561,2025052800117,85,60823.98791093669,i,150.1305204985402,1.4193051630412372,11.524968147277832,4536.48,392.76,False,4807.68,2.17037,4867.67,394.168,False,214.745,7.18952,22.258202503320845,0.0940010237496149,22.195161077197813,0.0004901427115013259,22.18169719769928,0.08791936890351772,25.57019237279671,0.03634972739027301
2015 XH370,473680,MBO,MBO,21164728439156808,745319365933006870,23.529352,2.5260231,2.417387,150.13400150809187,1.4185885203507511,2025052800118,85,60824.00052049079,z,150.13396805929983,1.4185578632994218,5.2814788818359375,3527.01,667.763,False,4440.44,17.3712,3630.01,664.94,False,-68.8109,19.8975,22.531483269473316,0.20556064877066388,22.281434998891466,0.00424744881557564,22.50023044348411,0.19888359335108474,nan,nan
2015 XH370,473680,MBO,MBO,21164728439156808,745319366065651758,23.529335,2.5260236,2.417394,150.13415052519167,1.4185584948078866,2025052800119,82,60824.001058014765,z,150.13411138527655,1.418520000087551,7.044449806213379,5049.51,719.35,False,5277.69,221.757,5517.57,715.929,False,-142.028,17.8014,22.141876958870977,0.15467329476267644,22.093890319247727,0.045620263854116425,22.04563040546061,0.14087906045504686,nan,nan
2015 XH370,473680,MBO,MBO,21164728439156808,745319366335135780,23.529305,2.5260246,2.4174078,150.134440541836,1.41850006015638,2025052800121,84,60824.00210505076,z,150.13446399531264,1.4185109423948128,5.070912837982178,3348.17,664.797,False,nan,nan,3532.91,662.851,False,-88.3406,18.8013,22.587981273456176,0.21557871475337553,nan,nan,22.529668591929877,0.20370781063713556,nan,nan
2015 XH370,473680,MBO,MBO,21164728439156808,745319366468829229,23.52929,2.526025,2.4174147,150.134584588158,1.4184710371510036,2025052800122,83,60824.002625896646,z,150.13451758147338,1.418434896302216,6.849178314208984,4477.1,680.843,False,5474.89,143.226,4478.14,677.224,False,-62.6318,20.2455,22.272507989206794,0.1651104281381431,22.05406147820387,0.028403428658163338,22.27225579986512,0.1641946415302657,nan,nan
2015 XH370,473680,MBO,MBO,21164728439156808,745319366872530948,23.529243,2.5260265,2.4174356,150.1350203583632,1.4183832385485529,2025052800125,85,60824.00419898181,z,150.13502456834857,1.4184739170986933,5.088197708129883,4063.24,803.466,False,nan,nan,4522.99,808.241,False,6.34951,16.4655,22.377818814626725,0.21469372503219747,nan,nan,22.26143587485454,0.19401690046085623,29.393149438241636,2.815522584242863
2015 XH370,473680,MBO,MBO,21164728439156808,745319367253164054,23.529196,2.526028,2.4174564,150.1354539580035,1.4182958804522436,2025052800128,43,60824.00576376874,z,150.13533744036857,1.4182714821790146,6.016529083251953,4624.68,760.084,False,4906.28,72.0806,5040.79,764.81,False,-193.122,17.4767,22.237295739850794,0.17844492356778807,22.17311922344433,0.015951090677207534,22.143753478967398,0.16473249186644928,nan,nan
2015 XH370,473680,MBO,MBO,21164728439156808,745319367387381776,23.52918,2.5260286,2.417463,150.13559831675104,1.4182667969685523,2025052800129,43,60824.00628468541,z,150.13559882820485,1.4182626310542805,5.011590957641602,3754.41,735.777,False,4428.06,255.942,3975.64,736.989,False,-262.424,18.393,22.463645780506425,0.21277903101764356,22.284466243343395,0.06275558449953655,22.40148240056917,0.20126965124440394,nan,nan
2015 XH370,473680,MBO,MBO,21164728439156808,745319367521599504,23.529165,2.526029,2.41747,150.13574323485489,1.418237601170815,2025052800130,43,60824.00680797392,z,150.13573839762165,1.418370687076506,5.061008453369141,4010.38,771.881,False,4261.54,209.435,4132.06,774.961,False,-234.566,17.601,22.39203621733041,0.20897250430342734,22.32608356703139,0.05335891656735898,22.35958343682689,0.20362802124214108,nan,nan
2015 XH370,473680,MBO,MBO,21164728439156808,745319367924252743,23.529114,2.5260305,2.4174926,150.1362146012473,1.4181426404442437,2025052800133,43,60824.008508915074,z,150.13624836679708,1.4181386784468597,5.89418888092041,3909.99,661.704,False,nan,nan,4248.72,652.096,False,43.4502,20.6588,22.419560886044565,0.18374368455202458,nan,nan,22.329354667422233,0.16663941360903503,27.30502057222443,0.5162233474936353
2015 XH370,473680,MBO,MBO,21164728439156808,745319368057421852,23.529099,2.526031,2.4174995,150.13636037326245,1.4181132742992268,2025052800134,41,60824.00903431997,z,150.13636448728414,1.4181181145223174,9.839237213134766,6345.58,635.901,False,6784.6,22.2099,6547.42,628.982,False,27.2713,21.1943,21.89382167733784,0.10880340818363683,21.821189364299308,0.003554239318594312,21.859824511256626,0.1043019283715074,27.810735423171018,0.8437961906717357
2015 XH370,473680,MBO,MBO,21164728439156808,745319368196882450,23.529083,2.5260315,2.4175065,150.13650448765335,1.4180842424938631,2025052800135,51,60824.00955400299,z,150.13653159974265,1.41804669219942,5.238204479217529,3348.72,636.41,False,nan,nan,2546.63,637.021,False,-95.2517,22.8776,22.587802919641796,0.2063395431559731,nan,nan,22.885085422762018,0.2715890374639864,nan,nan
2015 XH370,473680,MBO,MBO,21164728439156808,745319368599535619,23.529037,2.5260332,2.4175272,150.13694074347163,1.417996361401235,2025052800138,51,60824.01112860269,z,150.13699613269847,1.4179505847547604,7.344659328460693,4833.48,648.352,False,5413.8,68.6858,3933.12,640.76,False,-342.07,20.3527,22.189350189620917,0.14563818026324743,22.06624451979161,0.013774919840414977,22.41315697516866,0.1768815394484293,nan,nan
2015 XH370,473680,MBO,MBO,21164728439156808,745319368996945940,23.528984,2.5260346,2.4175508,150.1374336002199,1.4178970831167657,2025052800141,41,60824.01290652602,z,150.13742121103522,1.4179616562905535,8.008929252624512,4734.82,591.78,False,5832.85,14.0716,5119.54,588.633,False,87.7945,24.344,22.21174135677129,0.13570041245792486,21.98529796163251,0.0026193105051575474,22.126922640270553,0.12483546368769556,26.541331697525145,0.3010571429833434
2015 XH370,473680,MBO,MBO,21164728439156808,745319369269051398,23.528952,2.5260358,2.4175649,150.13772496471444,1.417838394741272,2025052800143,48,60824.013957535906,z,150.1377338713796,1.417879157766468,6.500830173492432,4109.48,654.223,False,nan,nan,4794.0,650.968,False,441.028,22.5949,22.365532827245023,0.17284756826850595,nan,nan,22.19825492575591,0.14743002603758795,24.788834555622657,0.05562481355693667
2015 XH370,473680,MBO,MBO,21164728439156808,745319369556885516,23.528913,2.526037,2.4175816,150.13807873534935,1.4177671386724933,2025052800145,85,60824.01523337104,z,150.13809152538815,1.41785299494714,5.8204121589660645,3945.06,669.57,False,4203.04,1.22295,4584.18,662.82,False,510.827,18.691,22.409865952037975,0.18427511565722704,22.341091181980765,0.00031591444749232047,22.246845803185323,0.1569850336581302,24.629315398731425,0.03972674809954975
2015 XH370,473680,MBO,MBO,21164728439156808,745319369689530433,23.528898,2.5260375,2.4175887,150.1382245784498,1.4177377639494495,2025052800146,82,60824.01575903534,z,150.13820683775336,1.4176889648794146,7.6659440994262695,4894.51,637.438,False,4924.3,47.6086,4753.66,629.045,False,1316.46,18.9847,22.175727001606084,0.141401189354204,22.169138784783474,0.010497001278831719,22.207429674073744,0.14367390387995102,23.60148086267912,0.015657426676839795
2015 XH370,473680,MBO,MBO,21164728439156808,745319369825320962,23.528883,2.526038,2.4175956,150.1383698728648,1.4177085002257346,2025052800147,85,60824.01628337175,z,150.13836949498778,1.4177439985720501,5.683307647705078,3228.08,568.849,False,3307.74,2.59768,3742.25,559.606,False,645.368,24.7612,22.627639250971225,0.191327333378578,22.60117159033537,0.0008526653643987636,22.467168007353397,0.16235807715017145,24.375481463299558,0.04165705776164386
2015 XH370,473680,MBO,MBO,21164728439156808,745319369959538725,23.528868,2.5260384,2.4176025,150.1385148956592,1.4176792916994807,2025052800148,85,60824.01680674485,z,150.13855185087453,1.4176825916174494,7.363768577575684,4343.18,589.337,False,4890.89,51.8738,5992.81,582.201,False,1263.3,22.7272,22.30548038415575,0.14732625973801947,22.176530231391226,0.01151554408188157,21.955923717494088,0.10547918017968873,23.64623371768512,0.019532765325159244
2015 XH370,473680,MBO,MBO,21164728439156808,745319370092183591,23.52885,2.526039,2.4176095,150.13866214254224,1.4176496357346036,2025052800149,82,60824.017337786245,z,150.13868674788137,1.4176528495428506,6.036397457122803,3411.84,569.54,False,nan,nan,4689.71,563.954,False,1110.89,25.6923,22.56752833075879,0.18124242586754552,nan,nan,22.222135039406012,0.13056356543415923,23.785822342287275,0.025110551711218364
2015 XH370,473680,MBO,MBO,21164728439156808,745319370361667586,23.52882,2.5260398,2.4176235,150.13895277180953,1.4175911036494198,2025052800151,84,60824.01838595644,z,150.13902878509123,1.4176489606010207,6.759629726409912,4005.73,592.449,False,5107.69,69.5435,4223.44,589.303,False,107.067,23.3379,22.393295822793796,0.16058079409784778,22.129438685345832,0.014782788240889248,22.33583419309088,0.15149441882040285,26.325860901421418,0.23666305052770975
2015 XH370,473680,MBO,MBO,21164728439156808,745319370495361061,23.528805,2.5260403,2.4176304,150.139096708491,1.4175621158831937,2025052800152,83,60824.018904653494,z,150.1391312655651,1.4176154086796093,7.442821979522705,4409.92,583.811,False,4935.26,28.1597,4659.71,579.792,False,-23.0268,23.4161,22.288923241638543,0.14373610463857983,22.166724958646704,0.006195014585759038,22.229102786753806,0.13509449352512065,nan,nan
2015 XH370,473680,MBO,MBO,21164728439156808,745319370629054494,23.528788,2.5260408,2.4176373,150.1392420377685,1.417532848176612,2025052800153,82,60824.019428302316,z,150.13921552670772,1.4175102930613905,6.773641586303711,4330.72,621.017,False,3991.59,61.4238,4671.32,618.688,False,64.2101,21.469,22.30859968214066,0.15569250344036353,22.39713516126463,0.016707638702728442,22.226400993770255,0.1437991774494416,26.880991663605812,0.36302187755681203
2015 XH370,473680,MBO,MBO,21164728439156808,745319370763272223,23.528772,2.5260413,2.4176443,150.13938654078808,1.4175037473912058,2025052800154,82,60824.01994931261,z,150.13938661174922,1.4175148928171217,7.329409122467041,4165.16,566.597,False,4759.42,83.4304,4474.76,560.084,False,128.787,24.2209,22.350920736760415,0.14769536749979761,22.20611493966958,0.01903244599630498,22.273075688727154,0.1358963366508657,26.125319911535804,0.20419380111691252
2015 XH370,473680,MBO,MBO,21164728439156808,745319370897489982,23.528757,2.5260417,2.4176512,150.13953104966825,1.417474645951552,2025052800155,82,60824.02047032899,z,150.139506102106,1.417501692821598,6.489681720733643,3566.61,554.283,False,4902.72,1.93773,3978.4,545.304,False,216.822,27.5146,22.519360910036603,0.16873308951420404,22.173907225183815,0.0004291216864698018,22.400728911090724,0.14881769742287806,25.559741603566106,0.137779364363817
2015 XH370,473680,MBO,MBO,21164728439156808,745319371032231983,23.528742,2.5260422,2.417658,150.13967639653174,1.417445376293681,2025052800156,83,60824.02099459154,z,150.13968041723834,1.4174600159694597,7.352046966552734,4302.14,572.115,False,4177.4,50.9748,4766.08,567.159,False,224.021,28.9716,22.315788617825582,0.14438533809734727,22.34773486937373,0.013248716259732653,22.2045966626346,0.12920157579174718,25.52427819009836,0.14041324304868788
2015 XH370,473680,MBO,MBO,21164728439156808,745319371145478150,23.528727,2.5260427,2.417665,150.1398223043026,1.4174159942280835,2025052800157,43,60824.021520801994,z,150.13983659720455,1.4173774496996923,8.895417213439941,5063.69,573.383,False,5965.28,24.9774,5349.64,570.369,False,13.6374,23.8697,22.138832236968696,0.12294249543814702,21.96092295529847,0.004546118249028842,22.079188578542144,0.11575924318098534,28.563171078437446,1.9003767243513003
2015 XH370,473680,MBO,MBO,21164728439156808,745319371279695876,23.52871,2.5260432,2.417672,150.139967385701,1.4173867791213222,2025052800158,43,60824.022043167475,z,150.1399660033235,1.4174216287844914,8.368839263916016,4773.01,585.801,False,4698.73,18.9946,4806.54,581.578,False,21.5619,26.2303,22.203019192655145,0.13325457379778768,22.220048779101404,0.0043890849914813715,22.195418589027597,0.13137106703366846,28.065782472196744,1.3208107091052659
2015 XH370,473680,MBO,MBO,21164728439156808,745319371569627158,23.52844,2.5260515,2.4177907,150.1424494255082,1.416887059879402,2025052800160,84,60824.030987239064,r,150.14250059055476,1.416880205843269,14.922968864440918,3785.07,256.269,False,3940.83,0.374952,4020.86,257.489,False,291.843,6.59803,22.45481519132115,0.0735100116908672,22.411030726921013,0.00010330284250907956,22.3892025911992,0.06952869212111666,25.237126845635277,0.024546487209818835
2015 XH370,473680,MBO,MBO,21164728439156808,745319373179715616,23.52825,2.5260575,2.417874,150.14419774465483,1.4165351756362938,2025052800172,83,60824.0372834039,r,150.14418372296382,1.4165397795389822,16.770858764648438,4347.83,259.483,False,4291.53,0.314528,4647.08,261.238,False,220.493,5.54297,22.304318593372532,0.06479786109678322,22.318469672321534,7.957405436950276e-05,22.2320496093192,0.0610352214825611,25.541513002487292,0.027294306441304584
2015 XH370,473680,MBO,MBO,21164728439156808,745319373559824424,23.528202,2.526059,2.417895,150.14463497554536,1.4164471899419664,2025052800175,40,60824.038857291715,r,150.14465041865463,1.4164420494416619,14.250261306762695,3984.51,276.705,False,3999.89,3.71959,4267.42,280.402,False,179.756,4.59206,22.399062694539715,0.07539913846929765,22.39487990899503,0.0010096511610486513,22.324586549179294,0.07134114233131544,25.76329153133266,0.02773629800723777
2015 XH370,473680,MBO,MBO,21164728439156808,745319373834027032,23.52817,2.5260599,2.417909,150.14492696000264,1.4163884364266213,2025052800177,51,60824.039908189545,r,150.1448973280015,1.4163705087692307,13.377963066101074,3514.59,266.007,False,3679.0,31.7519,3782.19,266.629,False,159.615,4.63582,22.535313300328944,0.08217556270809263,22.48567553042218,0.009370531963856071,22.455641661735612,0.07653998361731408,25.892315707016078,0.03153386175440561
2015 XH370,473680,MBO,MBO,21164728439156808,745319374098268181,23.52814,2.5260608,2.417923,150.14521841646004,1.416329792134159,2025052800179,43,60824.04095713925,r,150.14520007162574,1.4163201495875297,16.20825958251953,4262.41,262.82,False,4521.08,1.42044,4458.39,263.11,False,146.83,5.36305,22.32586190507549,0.06694644269939291,22.261894501503065,0.00034111828657252527,22.277054826847476,0.06407425733715985,25.982962989482964,0.03965713725341094
2015 XH370,473680,MBO,MBO,21164728439156808,745319374235107334,23.528122,2.5260615,2.41793,150.14536735058735,1.4162998260875277,2025052800180,48,60824.04149341594,r,150.1453940564865,1.4162890729235562,15.958054542541504,4312.14,263.976,False,4022.02,0.78906,4512.15,263.119,False,151.272,4.86712,22.3132678345262,0.06646544537377366,22.388889430102594,0.00021300515708028075,22.264041201706675,0.06331301433997591,25.950603605127185,0.034933153902072744
2015 XH370,473680,MBO,MBO,21164728439156808,745319374503542820,23.52809,2.5260625,2.417944,150.14566023868252,1.4162408983386818,2025052800182,48,60824.04254722603,r,150.14566939737185,1.4162373081189898,13.762787818908691,3738.96,270.929,False,3644.71,7.72281,4101.49,273.31,False,178.121,4.8948,22.468122963777333,0.07867359149411489,22.49584256574236,0.0023005765295534926,22.367645795411196,0.07234993685580234,25.773212174943467,0.029836244528211597
2015 XH370,473680,MBO,MBO,21164728439156808,745319374636187724,23.528074,2.526063,2.4179509,150.14580558170806,1.416211657137019,2025052800183,45,60824.0430702788,r,150.14582290159862,1.416196075011508,14.910767555236816,3888.29,257.574,False,3969.52,4.42437,4182.19,258.508,False,160.364,5.0967,22.425603368066625,0.07192298412962961,22.403155008577848,0.001210145928098203,22.346490617084143,0.06711112933190638,25.88723280966611,0.034506946555750755
2015 XH370,473680,MBO,MBO,21164728439156808,745319374771978296,23.528057,2.5260634,2.4179578,150.14595148758946,1.4161823034715233,2025052800184,48,60824.04359566094,r,150.1459599636323,1.4161727589709479,12.392339706420898,3401.51,271.655,False,3690.42,8.29399,3628.89,274.584,False,155.712,4.8698,22.57082061671254,0.08671021591335278,22.482310534888867,0.002440124853626532,22.500565522300477,0.08215344500433866,25.91919475355978,0.03395575214392853
2015 XH370,473680,MBO,MBO,21164728439156808,745319375040413758,23.528025,2.5260644,2.4179718,150.14624415441955,1.4161234264795244,2025052800186,48,60824.044648688796,r,150.14625354593997,1.416136958573561,15.920475959777832,4107.78,259.467,False,4071.26,0.165019,4313.29,260.705,False,76.9982,5.91411,22.365982116590846,0.06858028959003007,22.375677901629153,4.400777851450793e-05,22.31297834389478,0.06562434710372818,26.683798575785474,0.08339368440016193
2015 XH370,473680,MBO,MBO,21164728439156808,745319375174631425,23.52801,2.5260649,2.4179788,150.14638980376412,1.4160941267865828,2025052800187,48,60824.045172979844,r,150.146397164794,1.416067028541969,14.744412422180176,4122.51,279.757,False,4112.05,1.2398,4111.69,281.779,False,51.5266,5.22016,22.36209576725468,0.07367897427650406,22.364854084636786,0.00032735394387630633,22.364949106270625,0.07440679073272914,27.119921286595297,0.10999593855414316
2015 XH370,473680,MBO,MBO,21164728439156808,745319375309373509,23.527994,2.5260653,2.417986,150.14653685006783,1.4160645468795747,2025052800188,49,60824.04570146889,r,150.1465380021568,1.4160632541011393,15.748229026794434,4242.59,265.911,False,4372.18,3.00365,4362.96,269.085,False,26.9204,6.07224,22.33092238004975,0.06805022927963088,22.298254873132898,0.0007458913782257471,22.30054693133291,0.0669626400415173,27.82479620347281,0.24490165545113418
2015 XH370,473680,MBO,MBO,21164728439156808,745319375443591171,23.527977,2.5260658,2.4179928,150.1466839035304,1.416034966348015,2025052800189,49,60824.04623003084,r,150.14669142878716,1.4160170909197818,14.612984657287598,4076.64,275.764,False,3925.31,3.60026,4168.24,278.405,False,44.5035,5.53458,22.374244124958906,0.07344454621347811,22.415315082062456,0.0009958277412868031,22.3501181466221,0.07251846577063942,27.27901453476268,0.1350251975494912
2015 XH370,473680,MBO,MBO,21164728439156808,745319375729328171,23.527937,2.526067,2.41801,150.147042811789,1.4159627736328833,2025052800191,82,60824.04752198832,r,150.14708327635793,1.4159728193730097,11.993056297302246,3607.83,298.073,False,3711.52,1.65344,3956.38,301.423,False,147.365,5.15063,22.506884812713313,0.08970174277400618,22.476120481420633,0.0004836831431481747,22.40675503770204,0.08271851496737295,25.979014088437747,0.03794812375310305
2015 XH370,473680,MBO,MBO,21164728439156808,745319375863545893,23.527922,2.5260675,2.418017,150.14718877847497,1.4159334145336775,2025052800192,82,60824.0480465993,r,150.14720072477672,1.4159376641020702,16.471345901489258,4232.97,256.226,False,3992.49,1.08855,4358.1,256.049,False,115.459,6.12966,22.333386968535333,0.06572072209218943,22.396890410072274,0.0002960253169636642,22.301756997546274,0.06378965041095495,26.24393052414802,0.05764118818472832
2015 XH370,473680,MBO,MBO,21164728439156808,745319375998287933,23.527906,2.526068,2.418024,150.14733475244395,1.4159040547959287,2025052800193,83,60824.048571769206,r,150.14735908289973,1.4159268577069586,16.10331153869629,4264.5,261.002,False,4459.4,3.77206,4443.83,261.352,False,143.368,6.79319,22.325329703134692,0.06645077647754147,22.276808949988464,0.0009183885968019821,22.280606389597693,0.06385467321303089,26.00886946159533,0.05144531922137389
2015 XH370,473680,MBO,MBO,21164728439156808,745319376133554193,23.52789,2.5260684,2.418031,150.14748101172205,1.415874638507885,2025052800194,85,60824.04909724841,r,150.1474757580005,1.4158511015486608,14.375231742858887,3581.54,248.073,False,3523.32,1.33778,3860.67,248.387,False,175.116,7.13475,22.514825473439366,0.07520279892581838,22.532619756219216,0.0004122464466738926,22.43334331984314,0.06985387432534738,25.791685445356144,0.04423614281724917
2015 XH370,473680,MBO,MBO,21164728439156808,745323760466788390,23.492592,2.5269842,2.4308786,150.42515708438964,1.360347635417114,2025052900092,41,60825.028359943615,r,150.42515066023466,1.360364651459865,19.720184326171875,4494.87,227.149,False,4405.67,1.54937,4499.31,227.682,False,-11.6993,6.07208,22.268207132576446,0.054867858024345954,22.289970109587145,0.0003818277783289257,22.267135193738415,0.05494233444116716,nan,nan
2015 XH370,473680,MBO,MBO,21164728439156808,745323760601006118,23.492575,2.5269847,2.4308856,150.42530460330323,1.3603173129625254,2025052900093,41,60825.028885205786,r,150.42528099126616,1.360306473520998,20.43235206604004,4495.81,218.785,False,4435.9,1.92973,4446.03,217.542,False,-9.12757,8.73559,22.267980113396835,0.052836484735387906,22.28254565605372,0.0004723230539908373,22.28006908042766,0.053124527939233744,nan,nan
2015 XH370,473680,MBO,MBO,21164728439156808,745323760735223830,23.492558,2.5269852,2.4308925,150.4254518480094,1.3602870475534,2025052900094,41,60825.02941036766,r,150.42546541264733,1.3603069185930847,18.693599700927734,4022.86,213.953,False,3855.32,0.426203,4003.89,212.81,False,-37.4099,7.12582,22.388662673749003,0.05774412114627456,22.434848902559082,0.00012002739928379126,22.39379468543887,0.05770776052362333,nan,nan
2015 XH370,473680,MBO,MBO,21164728439156808,745323761003659293,23.492521,2.5269861,2.4309063,150.4257460766658,1.3602265723960367,2025052900096,41,60825.03045977649,r,150.42572373724389,1.3602161658411154,19.507165908813477,4525.48,231.166,False,4444.28,0.366597,4497.62,231.803,False,-62.575,7.62203,22.260838379923648,0.05546048087494337,22.280496520747448,8.955953522404595e-05,22.267543072993764,0.05595779460128925,nan,nan
2015 XH370,473680,MBO,MBO,21164728439156808,745323761141547025,23.492504,2.5269866,2.4309134,150.4258930603797,1.3601963627051108,2025052900097,48,60825.03098396293,r,150.4259092593777,1.3602130339541951,13.152998924255371,3809.15,285.377,False,3876.59,10.5903,3779.05,288.334,False,-50.7825,4.1973,22.44792984028271,0.08134207479963167,22.428875297571555,0.0029660788066652364,22.456543390883603,0.08283951654178788,nan,nan
2015 XH370,473680,MBO,MBO,21164728439156808,745323761270521912,23.492487,2.526987,2.4309204,150.42604061178645,1.3601660370409003,2025052900098,38,60825.03150921374,r,150.42606192751384,1.3601541557310943,17.271394729614258,3941.74,227.382,False,3681.13,2.10712,3993.92,225.958,False,-10.4683,6.63269,22.41078006640899,0.06263144561299555,22.48504714723254,0.0006214875825788232,22.396501617464274,0.06142606213167587,nan,nan
2015 XH370,473680,MBO,MBO,21164728439156808,745323761404739622,23.49247,2.5269876,2.4309273,150.4261870475047,1.3601359413838023,2025052900099,38,60825.03203120518,r,150.42619189508451,1.3601332146336806,18.9227237701416,4107.44,216.218,False,3996.85,7.04556,4140.64,214.392,False,22.4328,9.94286,22.36607194514707,0.05715377865225894,22.395705349253117,0.0019139120209632195,22.35733128104213,0.056216707288998975,28.022791274817145,0.4812293855193052
2015 XH370,473680,MBO,MBO,21164728439156808,745323761544200242,23.49245,2.526988,2.4309342,150.42633461206356,1.3601056144409949,2025052900100,48,60825.03255740818,r,150.42634451436564,1.3600899811800873,17.972171783447266,3899.39,214.954,False,4050.15,0.745423,3948.46,214.747,False,34.0909,8.35186,22.422508345904404,0.059851243627299905,22.38132225643497,0.00019982785304973583,22.40893065389814,0.05905051300395165,27.568403819693295,0.2659922946420977
2015 XH370,473680,MBO,MBO,21164728439156808,745323761678417924,23.492434,2.5269885,2.430941,150.42648106088237,1.3600755175159978,2025052900101,48,60825.033079287,r,150.42649657310582,1.3600798946713253,19.870174407958984,4171.77,209.412,False,4112.21,1.87135,4191.9,209.849,False,3.14134,9.16877,22.34919910320337,0.05450113305134114,22.364811798171132,0.0004940877339268707,22.34397274085924,0.05435259931770091,30.157212633014208,3.1689869003733846
2015 XH370,473680,MBO,MBO,21164728439156808,745323761946853393,23.4924,2.5269895,2.430955,150.42677538123215,1.3600150334580594,2025052900103,48,60825.034128061634,r,150.42678203959537,1.3600205124651645,18.23118019104004,4234.94,227.268,False,4237.32,4.83385,4212.42,227.052,False,-42.9495,8.13667,22.33288186079529,0.05826602148521259,22.332271887760456,0.0012385861983592208,22.338670854956327,0.05852184337158695,nan,nan
2015 XH370,473680,MBO,MBO,21164728439156808,745323762081071126,23.49238,2.52699,2.430962,150.42692269173833,1.3599847616372764,2025052900104,48,60825.034653270595,r,150.42692758093116,1.359985397921387,18.288326263427734,4450.87,239.979,False,4418.06,2.24731,4447.2,240.118,False,-49.1866,5.81088,22.278887697180558,0.05853999017330389,22.286920961689656,0.0005522753684966167,22.279783299740288,0.05862223206868072,nan,nan
2015 XH370,473680,MBO,MBO,21164728439156808,745323762214240298,23.492363,2.5269904,2.430969,150.427070289634,1.3599544315033965,2025052900105,46,60825.03517963602,r,150.42708870615752,1.3599689220786586,14.335383415222168,3623.01,248.045,False,3944.67,5.47211,3532.81,248.254,False,-44.5746,5.38641,22.502326165203492,0.07433361602514858,22.409973328478422,0.0015061507903309913,22.529699279411844,0.07629573878015528,nan,nan
2015 XH370,473680,MBO,MBO,21164728439156808,745323762348458014,23.492346,2.526991,2.430976,150.42721705234942,1.3599242737364097,2025052900106,46,60825.03570259073,r,150.42720022874516,1.3599306700194116,13.613092422485352,3600.64,260.007,False,3614.34,12.6604,3567.29,262.287,False,-43.8225,5.16929,22.509050777859294,0.07840245327338657,22.504927463316193,0.003803143792940023,22.519153947117005,0.07982935927140791,nan,nan
2015 XH370,473680,MBO,MBO,21164728439156808,745323762752684066,23.492292,2.5269926,2.4309967,150.427656819384,1.3598339120134826,2025052900109,49,60825.03726984469,r,150.42765962505803,1.359835115185682,16.332963943481445,4394.02,271.299,False,4280.38,0.543665,4398.51,273.004,False,-55.8929,4.97717,22.292844921820432,0.06703637159109384,22.32129421433155,0.0001379028920510975,22.291736098665563,0.06738880672145546,nan,nan
2015 XH370,473680,MBO,MBO,21164728439156808,745323762885328898,23.492275,2.526993,2.4310036,150.42780388979438,1.359803694045549,2025052900110,46,60825.037793897034,r,150.42777850865545,1.3598132849891607,17.333581924438477,4309.24,250.02,False,4543.07,1.19417,4243.96,251.707,False,-63.5539,5.46391,22.313998234751708,0.06299388193468035,22.256626470730396,0.00028539151979046134,22.33057180510884,0.06439443496208236,nan,nan
2015 XH370,473680,MBO,MBO,21164728439156808,745323763019546637,23.492258,2.5269935,2.4310105,150.42795096690472,1.359773475472636,2025052900111,46,60825.03831789047,r,150.42793271952388,1.3597639808251303,16.8017520904541,3815.26,225.021,False,3670.67,2.71095,3792.24,224.903,False,-80.5677,7.53962,22.446189648887042,0.06403585644605396,22.4881366671474,0.0008018635605858357,22.45276046582407,0.0643907901807369,nan,nan
2015 XH370,473680,MBO,MBO,21164728439156808,745323763151667263,23.492231,2.5269942,2.431021,150.42817131485015,1.3597282040754597,2025052900112,42,60825.03910224287,r,150.42817685490718,1.3597255267577588,16.430213928222656,4223.24,255.634,False,4002.18,2.37446,4026.74,254.076,False,-109.828,5.44553,22.335885533771407,0.06571993930722013,22.39425847518029,0.0006441582370488893,22.387616030558068,0.06850691055365692,nan,nan
2015 XH370,473680,MBO,MBO,21164728439156808,745323763306856465,23.492212,2.5269947,2.431028,150.4283192513622,1.3596978108945157,2025052900113,82,60825.03962907732,r,150.4283407933551,1.3597239861521444,17.093442916870117,4189.85,240.267,False,4316.64,8.59698,4067.15,240.722,False,-73.7135,5.3761,22.34450378681176,0.06226155417804584,22.312135388639412,0.0021623420635020992,22.376774551431993,0.06426136166353495,nan,nan
2015 XH370,473680,MBO,MBO,21164728439156808,745323763554844685,23.492178,2.5269957,2.431042,150.42861430307616,1.3596371956614894,2025052900115,43,60825.04068076155,r,150.42862863097469,1.3596266621102875,18.760324478149414,4311.22,222.059,False,4608.84,7.60403,4345.09,222.431,False,-3.52917,7.1173,22.313499482618894,0.0559232630454538,22.241020958146123,0.0017913338489943095,22.30500309795689,0.05558029826307505,nan,nan
2015 XH370,473680,MBO,MBO,21164728439156808,745323763823280135,23.492142,2.5269966,2.4310558,150.4289085405312,1.359576750918759,2025052900117,43,60825.04172892816,r,150.4289208459604,1.3595680510313832,17.812450408935547,3837.91,213.16,False,3970.08,1.38733,3975.35,213.251,False,35.6103,8.13927,22.439763059366772,0.06030249241966366,22.40300183313184,0.0003794065709705015,22.401561545641457,0.058242502773398215,27.521060975159767,0.2481613575523393
2015 XH370,473680,MBO,MBO,21164728439156808,745323763957497930,23.492125,2.526997,2.431063,150.42905623127362,1.359546412260508,2025052900118,43,60825.04225404642,r,150.42907069948657,1.3595541870787509,19.14028549194336,4301.44,220.76,False,4443.34,1.5123,4371.18,220.5,False,20.3084,13.8081,22.315965341328116,0.055722530562618465,22.280726172434072,0.00036953258943359156,22.298503229866654,0.054768923613719336,28.130810770736527,0.7382144533373063
2015 XH370,473680,MBO,MBO,21164728439156808,745323764091715591,23.492107,2.5269976,2.4310699,150.42920420997032,1.359516015276253,2025052900119,43,60825.042781189695,r,150.42921408798685,1.3595316183093826,18.05504035949707,3991.29,218.654,False,4198.97,2.967,3945.66,218.313,False,-26.0192,13.8844,22.397216779395144,0.0594796592946944,22.342143014985812,0.0007671831813459891,22.40970087643445,0.06007368531318558,nan,nan
2015 XH370,473680,MBO,MBO,21164728439156808,745323764272070660,23.49208,2.5269983,2.43108,150.429422400318,1.359471197312765,2025052900120,131,60825.04355816226,r,150.4294536006635,1.3594475262413763,15.573138236999512,4162.15,264.881,False,4563.14,3.1501,4123.73,264.876,False,-36.4412,7.3737,22.35170570616131,0.06909671957733576,22.251840483958592,0.0007495228084751789,22.36177444954287,0.06973916139531551,nan,nan
2015 XH370,473680,MBO,MBO,21164728439156808,745323764404191312,23.492064,2.5269988,2.431087,150.42956983504186,1.3594409141269186,2025052900121,127,60825.04408396741,r,150.42957865996823,1.3594397609415274,15.4932222366333,4120.34,262.712,False,4421.44,3.58978,4064.52,263.566,False,-46.6689,12.1791,22.3626674051972,0.06922631305612945,22.286090674610925,0.0008815124178809144,22.377476832540495,0.07040515423863107,nan,nan
2015 XH370,473680,MBO,MBO,21164728439156808,745323764493320210,23.492035,2.5269997,2.4310982,150.42980743056185,1.3593921136226876,2025052900122,41,60825.044929514916,r,150.4297951560236,1.3593900049666223,18.177942276000977,4325.95,236.201,False,4152.77,0.16582,4240.42,235.759,False,-78.1558,7.27929,22.309796212257034,0.059282231670548025,22.35415529864845,4.335341938061158e-05,22.33147783450699,0.06036479630068885,nan,nan
2015 XH370,473680,MBO,MBO,21164728439156808,745323764627537955,23.492016,2.5270002,2.4311054,150.42995432223526,1.3593619441703806,2025052900123,41,60825.04545278364,r,150.42996711387806,1.3593630637346643,17.181665420532227,3885.29,219.04,False,4158.01,7.42595,3851.6,218.361,False,-64.8116,12.6624,22.426441388320676,0.06121026966061885,22.352786237516142,0.0019390581741894693,22.435897027387078,0.06155427073911851,nan,nan
2015 XH370,473680,MBO,MBO,21164728439156808,745323764761755675,23.491999,2.5270007,2.4311123,150.43010122105403,1.35933177409624,2025052900124,41,60825.04597517384,r,150.4301133171186,1.3593080806479123,19.787303924560547,4607.27,225.357,False,4929.05,7.09103,4510.21,225.616,False,-69.9412,9.85387,22.241390835465552,0.05310699113072186,22.1680919839337,0.0015619619270057158,22.264508100541182,0.05431220692129307,nan,nan
2015 XH370,473680,MBO,MBO,21164728439156808,745323765030191144,23.491962,2.5270016,2.431126,150.43039532106891,1.3592713744068723,2025052900126,41,60825.047022808765,r,150.43039555864817,1.3592743286229054,19.276569366455078,4347.06,220.258,False,4396.82,2.74587,4289.95,219.907,False,-89.5498,19.8986,22.30451089898479,0.05501237088812514,22.29215332705309,0.0006780561212061703,22.318869374448745,0.055655888341651596,nan,nan
