provid,permid,orbit_class,population,ssObjectId,diaSourceId,phaseAngle,helioRange,topoRange,ephRa,ephDec,visit,detector,midpointMjdTai,band,ra,dec,snr,psfFlux,psfFluxErr,psfFlux_flag,trailFlux,trailFluxErr,scienceFlux,scienceFluxErr,forced_PsfFlux_flag,templateFlux,templateFluxErr,psfMag,psfMagErr,trailMag,trailMagErr,scienceMag,scienceMagErr,templateMag,templateMagErr
2016 AP244,562842,MBO,MBO,21164732347003984,745297377814380567,22.10497,2.6878052,2.539795,148.81363968460153,2.9264242256527027,2025052300134,21,60819.02753780842,g,148.81363832133272,2.9264218694480157,14.91490364074707,2343.06,155.943,False,2411.82,2.17491,2359.95,155.522,False,-23.5354,33.5434,22.975541447968148,0.07226146548637333,22.944137738669554,0.0009790857263588218,22.967743018168335,0.07155061462150311,nan,nan
2016 AP244,562842,MBO,MBO,21164732347003984,745297377949122594,22.104975,2.6878042,2.5398011,148.8137445984491,2.926390775950964,2025052300135,22,60819.02806302253,g,148.81373548659582,2.9264019128626306,15.614640235900879,2551.67,161.177,False,2766.74,5.02392,2510.6,158.751,False,-46.5715,14.0528,22.882938764120592,0.06858085557801709,22.795079131522627,0.001971508677122358,22.900556146545497,0.06865359245766055,nan,nan
2016 AP244,562842,MBO,MBO,21164732347003984,745297378083340311,22.104979,2.6878035,2.5398073,148.81384891984655,2.9263575161987974,2025052300136,22,60819.028586217355,g,148.81385255469698,2.926362357064744,18.479551315307617,2654.06,142.755,False,2792.36,0.443004,2590.2,141.659,False,-57.9293,12.2956,22.84022313433011,0.058398933629940745,22.785071437739084,0.0001722505251096299,22.866666772867546,0.059379315967184036,nan,nan
2016 AP244,562842,MBO,MBO,21164732347003984,745297378218082356,22.10498,2.6878028,2.5398135,148.81395324712852,2.9263242556349023,2025052300137,23,60819.02910952353,g,148.8139400058761,2.9263240244672915,18.87518310546875,2413.56,129.16,False,2629.14,0.646648,2313.28,127.887,False,-43.9857,33.5356,22.943354724512922,0.05810242495658105,22.85046576280714,0.0002670413758459514,22.989429478582345,0.06002366569803672,nan,nan
2016 AP244,562842,MBO,MBO,21164732347003984,745297378353872952,22.104984,2.687802,2.5398195,148.81405738077663,2.9262910578735077,2025052300138,26,60819.029631473495,g,148.81404566080815,2.926302546828528,18.752220153808594,2273.69,122.639,False,2193.4,1.77751,2315.91,122.09,False,10.6013,38.1484,23.00817189872202,0.05856277935007719,23.04720545050533,0.0008798701095237718,22.988195846207294,0.05723777447893012,28.836602164140718,3.9069828601383696
2016 AP244,562842,MBO,MBO,21164732347003984,745297378488090633,22.104988,2.6878014,2.5398257,148.81416211890863,2.9262576684898627,2025052300139,26,60819.03015675932,g,148.81415309875902,2.9262638208258664,21.30594825744629,2602.77,121.665,False,2381.7,0.245601,2664.31,120.738,False,47.6897,41.6794,22.86141051101874,0.05075211999318674,22.957782380598964,0.000111961162764521,22.836038089050227,0.04920208755009547,27.203938499302907,0.948901630016868
2016 AP244,562842,MBO,MBO,21164732347003984,745297378638036997,22.10499,2.6878004,2.5398319,148.81426686304584,2.9262242782910537,2025052300140,56,60819.030681123004,g,148.81426831306942,2.926219419553266,22.4088191986084,2445.81,108.325,False,2304.24,0.0595442,2499.95,106.368,False,49.1543,34.7093,22.92894318315902,0.0480872873401474,22.993680726092293,2.8056665998038054e-05,22.905171714467357,0.04619595862907412,27.171096195388735,0.7666703463015562
2016 AP244,562842,MBO,MBO,21164732347003984,745297378772254756,22.104994,2.6877997,2.539838,148.81437141372882,2.9261909508660544,2025052300141,56,60819.03120546072,g,148.81436921039344,2.9261854170423454,20.247962951660156,2450.46,119.015,False,2295.81,0.412061,2551.71,118.286,False,40.6678,37.3609,22.92688097301913,0.05273250565464096,22.997660114200954,0.00019487219812668255,22.882921727622914,0.050329934852199186,27.376873278195244,0.9974496241643716
2016 AP244,562842,MBO,MBO,21164732347003984,745297378910666779,22.104998,2.687799,2.5398443,148.81447557126637,2.9261577498691844,2025052300142,64,60819.03172731136,g,148.81447843304096,2.9261667960785633,22.340909957885742,2734.34,121.024,False,2596.62,0.285072,2759.01,119.791,False,35.9877,41.0178,22.807868675857236,0.04805552216408079,22.863978956382002,0.00011919841029066233,22.798116809713516,0.047140614075857644,27.509614728617798,1.2374924785769834
2016 AP244,562842,MBO,MBO,21164732347003984,745297379044360243,22.105001,2.6877983,2.5398502,148.814580333525,2.926124357235333,2025052300143,63,60819.0322521672,g,148.81458799257814,2.926128179401771,21.767295837402344,2659.19,121.558,False,2758.24,0.857352,2720.79,120.753,False,42.6897,13.1028,22.838126601614228,0.049631625806427535,22.798419873047198,0.00033748264467473656,22.813262427611253,0.04818670322282395,27.324192215450957,0.3332462955844923
2016 AP244,562842,MBO,MBO,21164732347003984,745297379180150803,22.105003,2.6877975,2.5398564,148.81468510188958,2.9260909637893704,2025052300144,66,60819.03277742538,g,148.8147007948213,2.926091544213172,19.06629180908203,2185.46,113.632,False,2134.63,0.722384,2237.75,112.935,False,39.58,37.4436,23.051142864154293,0.05645236368218457,23.076693537881336,0.00036742596118261115,23.025471085498992,0.05479504664669252,27.406310475095598,1.0271316309002962
2016 AP244,562842,MBO,MBO,21164732347003984,745297379314892874,22.105007,2.6877968,2.5398626,148.8147892776054,2.9260577603751328,2025052300145,67,60819.03329943505,g,148.8147842706324,2.9260667593473038,19.71578025817871,2141.14,109.348,False,2054.54,0.944601,2221.66,110.241,False,26.7425,28.8217,23.07338739226136,0.05544854050197631,23.118213476873528,0.0004991810743774842,23.03330605340505,0.05387532150197652,27.831994976419438,1.1701509538939567
2016 AP244,562842,MBO,MBO,21164732347003984,745297379450683411,22.105011,2.6877959,2.5398688,148.81489365904267,2.9260244925342613,2025052300146,70,60819.033822497426,g,148.81489615080787,2.926010449216124,18.140159606933594,2108.29,115.062,False,2072.25,0.373678,2163.82,113.806,False,30.1085,33.9185,23.090174107819013,0.059255118144884364,23.108894629229468,0.00019578512833795034,23.061947139144195,0.057104237113078445,27.70327721810877,1.2231277860482
2016 AP244,562842,MBO,MBO,21164732347003984,745297379583328267,22.105013,2.6877952,2.539875,148.81499764741142,2.925991351114896,2025052300147,67,60819.034343319145,g,148.81499649705816,2.925981317778265,19.19153594970703,2322.9,119.998,False,2259.38,0.636697,2388.09,119.819,False,25.227,31.3637,22.98492376068708,0.0560877264491405,23.015026856144367,0.0003059622613425803,22.9548732349624,0.054475259221855976,27.895336012866707,1.3498516079693585
2016 AP244,562842,MBO,MBO,21164732347003984,745297379717546029,22.105017,2.6877944,2.539881,148.81510204111737,2.925958081671083,2025052300148,67,60819.03486655337,g,148.8151043523959,2.9259574522935896,19.534061431884766,2463.34,125.262,False,2244.34,0.21962,2507.98,124.856,False,10.1013,27.213,22.921189063684615,0.0552101962191624,23.02227833299687,0.00010624476711002472,22.9016898362766,0.054051740319025945,28.889056800562564,2.9249837077389333
2016 AP244,562842,MBO,MBO,21164732347003984,745297379851763775,22.10502,2.6877937,2.5398872,148.8152066406773,2.925924747795694,2025052300149,67,60819.03539085956,g,148.81521509800393,2.9259274150681973,20.30347442626953,2583.77,124.481,False,2619.33,2.92832,2597.47,124.365,False,-15.6084,33.662,22.869365363392752,0.052308653839612244,22.85452442492239,0.001213815316666886,22.863623661528322,0.05198427019689878,nan,nan
2016 AP244,562842,MBO,MBO,21164732347003984,745297379987554339,22.105024,2.687793,2.5398934,148.81531144605856,2.925891349514164,2025052300150,70,60819.03591508551,g,148.81530339814702,2.9258996139813886,17.524410247802734,2362.92,132.096,False,2188.34,2.26165,2349.68,131.753,False,-32.7751,9.521,22.966377490329887,0.060696683294862816,23.049712959483585,0.0011221086675944787,22.972478230905004,0.06088021042929364,nan,nan
2016 AP244,562842,MBO,MBO,21164732347003984,745297380142743578,22.105026,2.687792,2.5398996,148.8154168566193,2.925857759585897,2025052300151,110,60819.03644384879,g,148.81540122118483,2.925854328858792,20.490272521972656,2642.54,126.905,False,2455.02,2.48612,2607.35,126.464,False,-33.8416,28.446,22.84494605914106,0.05214125413530206,22.92486240514937,0.0010994902103620453,22.85950162684332,0.052661336175101714,nan,nan
2016 AP244,562842,MBO,MBO,21164732347003984,745297380275912734,22.10503,2.6877913,2.5399058,148.81552147491297,2.9258244233237463,2025052300152,108,60819.03696702246,g,148.81550842686738,2.9258262550437104,20.450807571411133,2408.74,118.17,False,2367.89,0.718186,2391.03,116.561,False,-21.1881,26.663,22.945525192719803,0.053264962531610484,22.964096240680984,0.00032930609106163384,22.953537423704674,0.052928860350989426,nan,nan
2016 AP244,562842,MBO,MBO,21164732347003984,745297380412227597,22.105034,2.6877906,2.539912,148.81562589988496,2.9257911498674125,2025052300153,112,60819.03749054286,g,148.815626875844,2.92579606663345,20.429235458374023,2543.47,125.405,False,2461.17,0.592714,2557.16,125.27,False,-29.6448,34.1649,22.886433463672986,0.05353188714655515,22.92214600273494,0.00026147364138367785,22.880605281249032,0.05318798018115071,nan,nan
2016 AP244,562842,MBO,MBO,21164732347003984,745297380545396762,22.105036,2.68779,2.539918,148.81573033116194,2.925757875613923,2025052300154,110,60819.03801396572,g,148.81573816054416,2.925754105708117,19.750959396362305,2554.57,128.757,False,2658.48,0.315923,2506.44,127.661,False,-52.388,24.2902,22.881705451788314,0.05472394057855882,22.838416514418036,0.00012902449795986428,22.90235674341462,0.05530001765673026,nan,nan
2016 AP244,562842,MBO,MBO,21164732347003984,745297380681187374,22.10504,2.6877892,2.5399241,148.81583536790623,2.925724409675101,2025052300155,113,60819.03853933948,g,148.81581276966978,2.9257287692512697,17.697933197021484,2440.37,136.328,False,2323.35,1.00603,2381.16,136.075,False,-61.7692,8.96155,22.93136075417129,0.06065319660352224,22.984713357307356,0.0004701328291152074,22.95802859400078,0.06204604319000993,nan,nan
2016 AP244,562842,MBO,MBO,21164732347003984,745297380949622815,22.105045,2.6877875,2.5399365,148.81604466171922,2.9256577299257285,2025052300157,113,60819.039587964784,g,148.81605137609594,2.9256614448717326,19.555355072021484,2477.76,125.646,False,2369.37,0.413574,2429.89,124.428,False,-37.5303,9.69982,22.91485190176218,0.0550571543199201,22.963417733063263,0.00018951546357908104,22.93603351366795,0.055597575191554394,nan,nan
2016 AP244,562842,MBO,MBO,21164732347003984,745297381085413440,22.10505,2.6877868,2.5399427,148.81614931820607,2.925624388870661,2025052300158,116,60819.040111307746,g,148.81613067109674,2.9256253041991007,18.659343719482422,2345.87,124.521,False,2212.2,1.02118,2334.48,124.151,False,-41.4571,38.1206,22.97424009239082,0.05763190425782377,23.037939053990186,0.0005011898375457746,22.979524615116006,0.05774101202193633,nan,nan
2016 AP244,562842,MBO,MBO,21164732347003984,745297381219106834,22.105053,2.687786,2.539949,148.81625478012862,2.9255907924966507,2025052300159,115,60819.04063972704,g,148.8162531218613,2.9255963798448827,21.02971839904785,2561.72,119.829,False,2495.63,0.429328,2549.38,118.46,False,-39.3307,40.6754,22.87867086507437,0.05078723972656043,22.907049556860002,0.00018678128141014832,22.88391361384083,0.05045003715952136,nan,nan
2016 AP244,562842,MBO,MBO,21164732347003984,745297381373771825,22.105055,2.6877854,2.5399551,148.81635924987765,2.925557513462419,2025052300160,154,60819.04116299786,g,148.81636045387256,2.925563680132866,17.340444564819336,2297.69,132.302,False,2290.52,0.318355,2306.6,131.777,False,-27.89,9.31092,22.996771442406384,0.06251717035178984,23.00016477016074,0.00015090439728430202,22.992569234802204,0.0620285467689688,nan,nan
2016 AP244,562842,MBO,MBO,21164732347003984,745297381507989510,22.105059,2.6877847,2.5399613,148.81646452518487,2.925523979102099,2025052300161,154,60819.04168941305,g,148.8164628593354,2.9255223302751414,22.000165939331055,2608.29,116.103,False,2475.53,0.51634,2613.24,115.24,False,7.56588,37.5939,22.859110292932463,0.04832945157448895,22.915829502781023,0.0002264602101908696,22.85705176113091,0.04787935221583776,29.202851403561617,5.394885715549164
2016 AP244,562842,MBO,MBO,21164732347003984,745297381643780103,22.105062,2.6877837,2.5399675,148.81656940752225,2.925490571210361,2025052300162,157,60819.04221461984,g,148.81656970831025,2.925484976040836,21.556535720825195,2580.54,117.326,False,2529.91,0.15993,2598.36,116.264,False,17.2526,44.1703,22.8707234953225,0.04936373011903126,22.89223735849363,6.863556546085577e-05,22.863251650258647,0.048581423984753236,28.307863634473158,2.779714023607114
2016 AP244,562842,MBO,MBO,21164732347003984,745297381776425013,22.105064,2.687783,2.5399737,148.81667429643076,2.925457162523738,2025052300163,154,60819.04273919154,g,148.81667584644967,2.925453873487002,19.175127029418945,2373.22,122.345,False,2249.94,0.316006,2377.19,121.068,False,-0.196905,45.2361,22.96165501430174,0.055972222944483084,23.019572686348234,0.0001524925861483697,22.959840290095862,0.05529550222704666,nan,nan
2016 AP244,562842,MBO,MBO,21164732347003984,745297381841436709,22.10507,2.687782,2.5399826,148.8168267467289,2.9254086071545857,2025052300164,22,60819.04350260107,g,148.81681588071504,2.9254392544272823,18.382497787475586,2534.96,136.696,False,2694.25,2.30921,2492.3,134.074,False,-3.54198,11.4037,22.89007223962467,0.058547589549688896,22.82390527117713,0.0009305717616162031,22.9084991850221,0.058407494535702605,nan,nan
2016 AP244,562842,MBO,MBO,21164732347003984,745297381975654469,22.10509,2.687777,2.5400221,148.8174982550962,2.92519476546218,2025052300165,22,60819.04686286381,r,148.81750563706402,2.925201918890057,23.43592643737793,4218.98,175.901,False,4209.75,0.933027,4234.51,174.919,False,-31.9628,45.7291,22.336981338472636,0.04526735990632264,22.339359235971568,0.00024063690847292635,22.332992153066137,0.044849559595698904,nan,nan
2016 AP244,562842,MBO,MBO,21164732347003984,745297382110396471,22.105093,2.6877763,2.5400283,148.81760260354028,2.925161540713838,2025052300166,23,60819.04738498699,r,148.81759492306747,2.925167516909092,22.782310485839844,4565.2,196.446,False,4232.0,1.77284,4540.67,197.268,False,-26.3579,66.9781,22.251350432063994,0.046720521428866325,22.333635852432174,0.0004548290638609645,22.25720016856762,0.0471694748037036,nan,nan
2016 AP244,562842,MBO,MBO,21164732347003984,745297382244614217,22.105097,2.6877756,2.5400345,148.81770735846257,2.925128187915097,2025052300167,23,60819.04790885035,r,148.8176998887848,2.9251268678547766,24.78363609313965,4620.76,186.627,False,4320.47,1.71842,4576.65,187.446,False,-9.29175,50.1136,22.23821652491375,0.04385159579166366,22.311172461319813,0.0004318397645044144,22.24863077076459,0.04446853310870821,nan,nan
2016 AP244,562842,MBO,MBO,21164732347003984,745297382530351137,22.105103,2.687774,2.5400467,148.81791708873058,2.925061416303833,2025052300169,56,60819.0489575571,r,148.81792014575632,2.9250663579557266,25.412553787231445,4598.66,176.002,False,4399.18,1.2861,4620.22,173.655,False,34.4312,41.7259,22.2434217096585,0.04155378649959678,22.29157062600514,0.0003174149067909513,22.238343310129043,0.0408083404133341,27.557619661659587,1.315763650830534
2016 AP244,562842,MBO,MBO,21164732347003984,745297382933004368,22.105112,2.6877718,2.5400653,148.81823243567584,2.924961030201177,2025052300172,56,60819.05053419755,r,148.81822816515123,2.924968704113378,24.318078994750977,4380.01,178.511,False,3983.76,0.895382,4467.48,177.642,False,75.2669,40.489,22.296312302990707,0.04425009708691647,22.39926708072492,0.0002440279128496951,22.27484346241194,0.04317251557328754,26.70848993980804,0.5840598190166635
2016 AP244,562842,MBO,MBO,21164732347003984,745297383071416420,22.105114,2.687771,2.5400715,148.818337431882,2.9249276090424337,2025052300173,64,60819.05105965396,r,148.81833466593864,2.924928438302489,24.323034286499023,4643.24,185.746,False,4430.65,0.710286,4719.15,184.652,False,41.9983,39.2757,22.232947114997618,0.04343328134987186,22.283831413392637,0.0001740564625920671,22.215340568018586,0.042482938243134725,27.341920756388927,1.0153518217525912
2016 AP244,562842,MBO,MBO,21164732347003984,745297383207206942,22.105118,2.6877701,2.5400777,148.81844223499388,2.9248942507818736,2025052300174,67,60819.051583761844,r,148.81844819627833,2.9248969755131373,23.02059555053711,4343.83,186.901,False,4076.35,1.16812,4352.05,183.838,False,32.2723,36.9472,22.305317929528698,0.04671572778311356,22.37432130911813,0.0003111288711681821,22.303265358080992,0.045863346833044334,27.62792518065848,1.2430137502070568
2016 AP244,562842,MBO,MBO,21164732347003984,745297383341424714,22.105122,2.6877694,2.540084,148.8185470451621,2.924860891716738,2025052300175,67,60819.05210794845,r,148.81854872687433,2.92486417314614,22.359241485595703,4415.89,194.909,False,4404.6,0.104974,4494.68,193.542,False,41.8627,27.1797,22.287454349978354,0.04792233222981289,22.290233789789944,2.5876145760904456e-05,22.268253013906403,0.04675206163906389,27.345431874763143,0.70492309981731
2016 AP244,562842,MBO,MBO,21164732347003984,745297383477215308,22.105124,2.6877687,2.54009,148.81865206230987,2.924827468227616,2025052300176,70,60819.05263225407,r,148.8186433558576,2.924837962531509,23.163354873657227,4233.39,181.788,False,4111.8,3.144,4322.32,180.344,False,26.159,32.9256,22.33327926596556,0.04662310836460956,22.3649200960704,0.0008301850401015719,22.310707753075214,0.045301137285590855,27.85594713887394,1.3665856273814434
2016 AP244,562842,MBO,MBO,21164732347003984,745297383611433062,22.105127,2.687768,2.5400963,148.81875688639164,2.924794107644103,2025052300177,70,60819.053156911876,r,148.81876290734976,2.924796551365132,22.3794002532959,4249.94,187.889,False,4047.23,1.02814,4268.59,186.965,False,-4.69099,35.1054,22.329043017991957,0.048000183721547296,22.382105291213637,0.00027581550131969545,22.32428893317855,0.04755543937859019,nan,nan
2016 AP244,562842,MBO,MBO,21164732347003984,745297383744077908,22.10513,2.6877673,2.5401025,148.81886171759766,2.924760746259011,2025052300178,67,60819.05368098723,r,148.8188581606078,2.9247503718642265,24.386760711669922,4656.9,190.081,False,4234.79,3.12437,4644.49,188.668,False,-35.3528,24.4421,22.229757742255867,0.044316567023672294,22.332920292811938,0.0008010413034165608,22.23265486485778,0.044104663191665686,nan,nan
2016 AP244,562842,MBO,MBO,21164732347003984,745297383879868430,22.105133,2.6877663,2.5401087,148.81896695592613,2.9247272567938687,2025052300179,70,60819.05420634805,r,148.81896728215557,2.9247256019002545,22.547317504882812,4141.4,182.59,False,3786.03,1.73042,4168.13,181.552,False,-42.9199,36.3726,22.357132077694978,0.047868975304343156,22.454539864265072,0.0004962400249691746,22.350146891191976,0.047291612091948244,nan,nan
2016 AP244,562842,MBO,MBO,21164732347003984,745297384014086181,22.105135,2.6877656,2.5401149,148.81907160114667,2.924693957550868,2025052300180,70,60819.05472985945,r,148.81906938199012,2.924691109809761,23.409421920776367,4468.5,189.984,False,4126.48,0.155959,4473.3,188.404,False,-20.7971,33.2135,22.274595594323188,0.046161463600839676,22.361050643800283,4.103505369535933e-05,22.27342998508582,0.04572844665172218,nan,nan
2016 AP244,562842,MBO,MBO,21164732347003984,745297384148303986,22.105139,2.687765,2.5401208,148.81917665365484,2.924660530197432,2025052300181,70,60819.05525411703,r,148.81917015314446,2.924662442540324,21.79673194885254,4495.69,201.167,False,4077.46,0.543111,4519.93,200.147,False,4.33214,27.2125,22.268009122033725,0.048583044212111376,22.37402573717187,0.0001446182942548493,22.262170685375928,0.048077478892050565,29.80824380005749,6.820092672466833
2016 AP244,562842,MBO,MBO,21164732347003984,745297384572977223,22.105148,2.6877627,2.5401394,148.81949085336194,2.924560561915236,2025052300184,112,60819.056824495594,r,148.81948201789794,2.924566436755775,23.037193298339844,4108.59,176.144,False,3816.31,1.76481,4126.87,174.89,False,7.27611,28.7964,22.3657680293514,0.04654782352964928,22.44589086999189,0.0005020865824002394,22.360947998073236,0.04601172287846956,29.245251834065563,4.296979207661408
2016 AP244,562842,MBO,MBO,21164732347003984,745297384794226770,22.105167,2.6877575,2.540181,148.82019373437694,2.924336977452265,2025052300186,22,60819.060335375776,i,148.82018951020015,2.924336280409842,17.96613883972168,5152.25,278.928,False,5521.53,3.11188,5046.5,278.501,False,-121.948,16.4037,22.120007680218094,0.05877863805685889,22.044851451869135,0.0006119102824446259,22.14252430602685,0.059918483394122854,nan,nan
2016 AP244,562842,MBO,MBO,21164732347003984,745297384928968805,22.105171,2.6877568,2.540187,148.82029846384262,2.9243036692979505,2025052300187,23,60819.06085855108,i,148.82030873403178,2.9243274734166493,19.339862823486328,5715.66,292.712,False,6783.72,7.40721,5622.27,286.733,False,-109.445,35.2112,22.007334003872124,0.05560302981210418,21.821330180642796,0.0011855258885790838,22.02522075115425,0.05537201165595646,nan,nan
2016 AP244,562842,MBO,MBO,21164732347003984,745297385064759306,22.105173,2.687756,2.540193,148.82040380149178,2.9242701693070074,2025052300188,26,60819.06138473396,i,148.82039828411456,2.9242759441455304,18.20093536376953,5316.89,284.097,False,5689.89,5.91769,5207.75,280.891,False,-105.721,16.9012,22.08585578362764,0.058014059759949325,22.012240297754605,0.001129204591000776,22.108374681024053,0.05856147448477987,nan,nan
2016 AP244,562842,MBO,MBO,21164732347003984,745297385352593490,22.105179,2.6877544,2.5402055,148.82061389807544,2.924203358163156,2025052300190,63,60819.06243327331,i,148.8206112238298,2.924200979093266,19.780454635620117,5228.0,258.587,False,4962.02,0.323699,5218.41,254.446,False,-39.2842,65.6718,22.10416105272873,0.05370261554637599,22.160853719690753,7.082835612183026e-05,22.10615447311458,0.05293973167234863,nan,nan
2016 AP244,562842,MBO,MBO,21164732347003984,745297385621028948,22.105185,2.687753,2.5402179,148.82082522635426,2.92413616182862,2025052300192,63,60819.063488538115,i,148.82081418714003,2.924141337299793,20.732149124145508,5509.99,260.286,False,5224.48,3.88322,5477.54,255.669,False,-62.5627,59.0807,22.047122927172175,0.051289010222159134,22.104892326607878,0.000806999455352064,22.053536098005385,0.05067769375423803,nan,nan
2016 AP244,562842,MBO,MBO,21164732347003984,745297385891561500,22.10519,2.6877515,2.5402305,148.82103658488194,2.9240689624480733,2025052300194,67,60819.06454344802,i,148.82102846731127,2.9240655112055283,21.17142677307129,5410.37,254.102,False,5209.53,0.519055,5476.88,251.597,False,26.6108,58.0315,22.066932560729853,0.050992398035580005,22.10800368643823,0.00010817805803064758,22.05366695943801,0.04987656802522194,27.83735518125439,2.3677192337986592
2016 AP244,562842,MBO,MBO,21164732347003984,745297386025779297,22.105194,2.6877506,2.5402365,148.82114177464084,2.924035520859669,2025052300195,67,60819.06506858168,i,148.82114441470384,2.924026110412564,21.250368118286133,5736.1,265.197,False,5247.47,2.70288,5697.89,261.459,False,12.931,45.0737,22.003458196575686,0.05019681832316956,22.100125044591735,0.0005592436832573528,22.010714822050232,0.04982116392520385,28.62091974122748,3.7845602693803215
2016 AP244,562842,MBO,MBO,21164732347003984,745297386161569800,22.105196,2.6877499,2.540243,148.82124737272366,2.924001951118269,2025052300196,70,60819.06559514809,i,148.82124110921652,2.9240102981104785,20.123743057250977,5254.01,255.211,False,5158.7,1.34687,5205.14,251.545,False,-12.5746,34.9635,22.09877281081572,0.052739114185702526,22.11864927747937,0.00028347169007555327,22.108918933979005,0.052469579005418876,nan,nan
2016 AP244,562842,MBO,MBO,21164732347003984,745297386295787657,22.1052,2.6877491,2.5402489,148.8213523772893,2.9239685717134387,2025052300197,70,60819.06611941331,i,148.82135013405676,2.923960599360176,21.202552795410156,5290.9,242.335,False,5102.88,4.78067,5217.08,237.966,False,-42.5418,45.6799,22.091176136838435,0.04972913782643994,22.130461636119097,0.0010171798673398133,22.106431242859145,0.04952354603407622,nan,nan
2016 AP244,562842,MBO,MBO,21164732347003984,745297386450452513,22.105202,2.6877484,2.540255,148.82145758978936,2.923935127873817,2025052300198,109,60819.06664482081,i,148.82145919895262,2.923934912521678,19.3237247467041,5181.21,260.306,False,5189.54,1.32613,5155.23,256.608,False,-20.3857,44.755,22.113922020522796,0.05454780840411238,22.11217783242573,0.0002774479776063497,22.119379888986742,0.05404387368587331,nan,nan
2016 AP244,562842,MBO,MBO,21164732347003984,745297386564222992,22.105206,2.6877477,2.5402613,148.82156200819543,2.923901938106933,2025052300199,70,60819.067165975925,i,148.82156400583284,2.9239016586904505,21.22920036315918,5232.63,248.472,False,4903.3,0.396815,5273.85,243.927,False,25.8941,46.5604,22.103199957311368,0.05155630198255031,22.173778879192934,8.786662684019976e-05,22.094680546560255,0.050217653599277004,27.866997939907453,1.9522713497551902
2016 AP244,562842,MBO,MBO,21164732347003984,745297386698440796,22.105207,2.687747,2.5402675,148.82166703540418,2.9238685564999463,2025052300200,70,60819.06768914743,i,148.82166015120788,2.9238606735002515,21.668941497802734,5582.05,254.887,False,5160.78,6.52051,5645.8,251.434,False,36.0245,42.2707,22.033015732318013,0.049576776730447955,22.118211680619986,0.0013717992801008405,22.020686314082816,0.04835293715333309,27.508505041328213,1.2739892439707496
2016 AP244,562842,MBO,MBO,21164732347003984,745297386832658529,22.105211,2.687746,2.5402737,148.8217718698327,2.923835237843416,2025052300201,70,60819.06821238123,i,148.8217765857688,2.9238435811715946,18.60265350341797,4748.98,251.572,False,4451.5,0.556552,4839.7,248.595,False,61.5335,66.0101,22.208499153003405,0.05751568471252972,22.278734055719596,0.00013574495080634772,22.187953851857046,0.055769692802175884,26.92722094245141,1.164724192498635
2016 AP244,562842,MBO,MBO,21164732347003984,745297386987323426,22.105213,2.6877453,2.5402799,148.82187711282575,2.923801791029221,2025052300202,109,60819.068737992246,i,148.82187088034678,2.923800794232648,18.832300186157227,5037.14,265.788,False,5049.01,1.7345,5039.65,261.873,False,71.1229,39.3571,22.14453991650419,0.05728958108391478,22.141984473264774,0.0003729859100001388,22.143999080890804,0.0564176058424619,26.769976329594975,0.600811114236849
2016 AP244,562842,MBO,MBO,21164732347003984,745301777467834426,22.105167,2.6864233,2.5508633,149.00999768625164,2.865203731859632,2025052400146,14,60819.9807832778,i,149.0099964457022,2.865196126987056,25.09939956665039,6606.53,254.511,False,6651.02,1.01831,6417.91,250.828,False,-213.619,72.5848,21.850066506696127,0.0418270738070442,21.842779362350093,0.0001662325444869058,21.88151591711888,0.04243329017043528,nan,nan
2016 AP244,562842,MBO,MBO,21164732347003984,745301777602052157,22.10517,2.6864226,2.5508695,149.01010363823315,2.8651696952186105,2025052400147,14,60819.98130642876,i,149.01010631857395,2.8651778227530724,26.9377498626709,6510.65,235.669,False,6606.36,1.08994,6367.96,234.486,False,-219.372,79.1751,21.865939143435913,0.03930089566617801,21.85009443250745,0.00017912849001216542,21.88999918980857,0.03997982604372278,nan,nan
2016 AP244,562842,MBO,MBO,21164732347003984,745301777739939926,22.105171,2.6864219,2.5508754,149.0102095937367,2.8651356577229663,2025052400148,21,60819.98182965605,i,149.0102122302054,2.865133987598787,26.596485137939453,6690.7,246.243,False,6477.21,1.99072,6589.19,242.689,False,-102.278,71.0565,21.83632107514395,0.039959186386343215,21.8715300622909,0.0003336925662594308,21.852919933014725,0.03998916879059293,nan,nan
2016 AP244,562842,MBO,MBO,21164732347003984,745301777875730506,22.105171,2.6864212,2.5508816,149.01031575534745,2.865101554303911,2025052400149,24,60819.98235309965,i,149.01032117731205,2.8651052699492676,28.389373779296875,6515.91,227.265,False,6014.38,2.16914,6479.67,225.491,False,-93.6107,79.8041,21.865062281333103,0.037868821391743,21.95202286069233,0.0003915805097401918,21.87111779194366,0.037783365909551773,nan,nan
2016 AP244,562842,MBO,MBO,21164732347003984,745301778008375389,22.105173,2.6864204,2.5508876,149.01042171798787,2.865067515098244,2025052400150,21,60819.98287619607,i,149.01042202708715,2.8650645379920436,26.623441696166992,5786.25,213.674,False,6079.66,3.30111,5795.24,210.964,False,-5.02684,72.0617,21.994007015522833,0.040093945723360606,21.940301741123402,0.00058952878656061,21.992321390493018,0.039524031505336614,nan,nan
2016 AP244,562842,MBO,MBO,21164732347003984,745301778144165972,22.105175,2.6864195,2.5508938,149.0105280894707,2.865033344864237,2025052400151,24,60819.98340187362,i,149.01053500521078,2.865038777567999,25.15483283996582,6087.1,238.635,False,5813.57,0.256577,6085.98,235.289,False,-14.3191,72.7942,21.93897389137798,0.04256454618810848,21.98889276761963,4.791804871643516e-05,21.939173701414497,0.041975456424701116,nan,nan
2016 AP244,562842,MBO,MBO,21164732347003984,745301778294112315,22.105177,2.6864188,2.5509,149.0106336541198,2.864999434127266,2025052400152,54,60819.98392289992,i,149.01063351370877,2.8649944566049004,23.023914337158203,6155.79,261.033,False,5566.69,0.964673,6102.88,258.7,False,-56.7731,71.0045,21.926790503628204,0.04604006399504843,22.036007419377874,0.0001881513779438035,21.93616294441258,0.04602416806786321,nan,nan
2016 AP244,562842,MBO,MBO,21164732347003984,745301778413649972,22.105192,2.686412,2.5509543,149.01157944379224,2.8646956317595285,2025052400153,26,60819.988589141874,i,149.01157933235407,2.864696349180755,27.344520568847656,6425.3,230.218,False,6231.57,0.31943,6570.8,229.707,False,59.4792,64.2531,21.880266508324844,0.03890184547075012,21.91350633595436,5.565478984465023e-05,21.855954411099948,0.03795598931558893,26.96408723170355,1.1728791925893733
2016 AP244,562842,MBO,MBO,21164732347003984,745301778563072050,22.105194,2.6864114,2.5509605,149.01168565403353,2.864661517288165,2025052400154,55,60819.98911337381,i,149.01168755349187,2.8646608627385146,26.81726837158203,6192.06,222.755,False,5754.91,0.587029,6175.09,221.481,False,-55.0178,75.5832,21.9204120998902,0.03905859621898912,21.999903630106942,0.00011075040266493934,21.92339179826345,0.03894193436841312,nan,nan
2016 AP244,562842,MBO,MBO,21164732347003984,745301778697814068,22.105196,2.6864104,2.5509667,149.01179227354768,2.8646272717826804,2025052400155,56,60819.98963994597,i,149.01178382565652,2.864619429092542,24.96394920349121,6068.46,240.489,False,5720.2,0.48305,6106.17,238.405,False,-36.5671,74.3215,21.94230377285826,0.043026997640892385,22.00647192880499,9.168645214900303e-05,21.935577785916408,0.042390719859056535,nan,nan
2016 AP244,562842,MBO,MBO,21164732347003984,745301778833604618,22.105198,2.6864097,2.5509727,149.01189808632714,2.864593285823936,2025052400156,59,60819.99016198833,i,149.01189988041085,2.864600930051596,22.90416145324707,6233.31,266.554,False,5700.63,1.16817,6197.8,262.567,False,13.1189,67.7952,21.913203174512656,0.04642915400700006,22.010192887346776,0.00022248847259804616,21.919406140072304,0.04599672334527426,28.60525642117784,5.610813231806998
2016 AP244,562842,MBO,MBO,21164732347003984,745301778971492371,22.105198,2.686409,2.550979,149.01200430843633,2.864559168831541,2025052400157,66,60819.990685411554,i,149.0120019049653,2.864557513997184,22.679428100585938,6046.12,265.71,False,5465.92,0.391707,6090.68,262.021,False,19.8788,70.1132,21.946308072554153,0.04771505562197631,22.055841838003637,7.780766659953499e-05,21.938335512221702,0.04670835992948553,28.15402461989067,3.829428281345934
2016 AP244,562842,MBO,MBO,21164732347003984,745301779100467248,22.1052,2.6864083,2.550985,149.01211033190867,2.8645251160868184,2025052400158,56,60819.99120829157,i,149.01210273443905,2.86452269662865,21.038787841796875,5834.55,272.556,False,5384.96,0.693894,5918.77,272.065,False,-1.55787,65.0842,21.984981621489922,0.05071923741592504,22.07204380371377,0.00013990556562177718,21.96942133675264,0.049907467636601595,nan,nan
2016 AP244,562842,MBO,MBO,21164732347003984,745301779234685022,22.105202,2.6864076,2.550991,149.01221615674973,2.864491127594308,2025052400159,56,60819.991730077396,i,149.01221651360797,2.8644932566757118,20.29557991027832,5972.16,282.808,False,5761.63,2.98277,6127.62,281.537,False,39.6753,59.0922,21.95967138563822,0.05141437799236164,21.998636608724098,0.0005620807668240518,21.931770416746048,0.04988476672009001,27.403699435369717,1.6170902634679467
2016 AP244,562842,MBO,MBO,21164732347003984,745301779368902783,22.105204,2.6864069,2.5509973,149.0123225938404,2.864456942930232,2025052400160,56,60819.99225536175,i,149.0123175274606,2.8644627324753085,21.854686737060547,6167.34,277.824,False,5904.58,0.153023,6280.48,277.36,False,72.865,56.6118,21.924755299114707,0.048909836097799544,21.972027457758628,2.8137922423412486e-05,21.90501791099802,0.047948529218128325,26.743702608736662,0.8435529256074881
2016 AP244,562842,MBO,MBO,21164732347003984,745301779504693302,22.105206,2.686406,2.5510035,149.01242883227627,2.864422822546973,2025052400161,59,60819.99277955042,i,149.01242136986508,2.86443246060891,22.808422088623047,6151.71,262.959,False,5869.12,1.54583,6226.65,260.286,False,14.9123,50.8765,21.92751037179003,0.046410530510917376,21.9785675053531,0.0002859651150823551,21.914363880242263,0.04538587360572227,28.466138411827085,3.704221127512189
2016 AP244,562842,MBO,MBO,21164732347003984,745301779643105403,22.105207,2.6864052,2.5510094,149.01253406112193,2.8643890268922743,2025052400162,67,60819.993298227986,i,149.01252324537742,2.8643977316791713,23.771955490112305,6121.33,253.331,False,5835.52,0.642652,6091.07,251.897,False,-30.0738,59.588,21.93288550393816,0.04493314820231866,21.984801091741506,0.00011956955235345412,21.938266054973624,0.044900765236421725,nan,nan
2016 AP244,562842,MBO,MBO,21164732347003984,745301779774701639,22.10521,2.6864045,2.5510156,149.0126401051378,2.8643549699277235,2025052400163,62,60819.99382186806,i,149.01264387353868,2.8643565890546885,22.389204025268555,6040.65,269.314,False,5611.9,0.568371,6126.18,268.21,False,3.16254,45.5391,21.947290834813977,0.048406042386003066,22.027225209864476,0.00010996293250045919,21.932025585997597,0.047534563111916714,30.149909946086932,15.634095045837162
2016 AP244,562842,MBO,MBO,21164732347003984,745301780045234305,22.105211,2.686403,2.5510278,149.012850989087,2.864287244208075,2025052400165,66,60819.994861739484,i,149.01285213663593,2.864290504961369,21.922096252441406,6017.43,269.24,False,5824.24,2.40484,6089.2,268.967,False,9.2851,46.5484,21.951472351073892,0.04857947605985032,21.986901799591394,0.00044830256676609925,21.938599368406855,0.04795822305334837,28.980533538392915,5.443052223366843
2016 AP244,562842,MBO,MBO,21164732347003984,745301780181549179,22.105213,2.6864023,2.5510337,149.0129568428844,2.864253249865948,2025052400166,70,60819.99538363117,i,149.01295303930388,2.8642624389569837,22.003068923950195,6545.82,293.459,False,5994.66,1.23841,6541.29,291.827,False,-30.9934,24.3265,21.860089882394536,0.04867519816275338,21.95558858122469,0.0002242973803319328,21.860841484847896,0.04843801956916925,nan,nan
2016 AP244,562842,MBO,MBO,21164732347003984,745301780449984593,22.105217,2.6864007,2.551046,149.0131687662404,2.864185193494217,2025052400168,70,60819.99642804626,i,149.01317335131958,2.864190529491662,19.95616340637207,6241.07,311.067,False,6097.06,3.91104,6166.95,308.857,False,-82.7215,12.4968,21.91185239641461,0.054115191531069355,21.937198817436425,0.0006964598936083571,21.92482389737444,0.05437650873462226,nan,nan
2016 AP244,562842,MBO,MBO,21164732347003984,745301780604649616,22.105219,2.6864,2.551052,149.01327382165138,2.8641514571552413,2025052400169,109,60819.99694684725,i,149.01327465402633,2.8641489981598927,23.204988479614258,6508.31,278.544,False,5920.13,0.530882,6456.17,276.646,False,-108.725,48.7196,21.866329413182164,0.04646756371274874,21.969171912766182,9.73623586418476e-05,21.875062619521685,0.046523647533293015,nan,nan
2016 AP244,562842,MBO,MBO,21164732347003984,745301780738342988,22.105219,2.6863992,2.5510583,149.01337989550558,2.864117394322591,2025052400170,108,60819.997469902744,i,149.01337479881997,2.864118085512856,22.913124084472656,5989.74,261.155,False,5668.17,1.84964,5923.93,258.75,False,-147.145,42.6636,21.956480029679387,0.047338519891227684,22.01639284709068,0.0003542979752276976,21.968475172664217,0.04742362496602457,nan,nan
2016 AP244,562842,MBO,MBO,21164732347003984,745301780874657911,22.10522,2.6863985,2.5510643,149.01348516241876,2.864083591181354,2025052400171,112,60819.99798851295,i,149.01348683253104,2.864072380998777,21.530555725097656,5723.76,261.889,False,5395.56,0.904299,5742.3,260.339,False,-65.9578,49.2049,22.005796506224087,0.049677552655652914,22.069908672293856,0.00018197002278020808,22.002285341980176,0.04922408717089394,nan,nan
2016 AP244,562842,MBO,MBO,21164732347003984,745301781008351301,22.105223,2.6863978,2.5510705,149.01359144792983,2.864049461528401,2025052400172,111,60819.998512696766,i,149.0135914143459,2.8640518787171136,23.451309204101562,6040.04,252.797,False,5973.75,1.40297,6092.37,252.546,False,-27.2671,49.4544,21.94740045614325,0.04544189283486518,21.959382391177872,0.00025499146697622997,21.93803430184559,0.04500684232764293,nan,nan
2016 AP244,562842,MBO,MBO,21164732347003984,745301781096955910,22.105232,2.686393,2.5511088,149.01425806596936,2.86383541569982,2025052400173,24,60820.00179829667,z,149.01428208470463,2.8638003631662423,9.118902206420898,5747.43,621.742,False,6806.1,34.1232,5571.71,613.849,False,-70.0707,25.4397,22.00131574042818,0.11745211051620494,21.81775417000616,0.005443468733555893,22.035028747868413,0.11961822980142019,nan,nan
2016 AP244,562842,MBO,MBO,21164732347003984,745301781229600852,22.105234,2.686392,2.551115,149.01436438443824,2.8638012799752706,2025052400174,21,60820.00232259649,z,149.01434871684296,2.8638007007527944,10.585270881652832,5996.51,590.739,False,6768.21,25.7856,5770.8,587.996,False,-87.2251,30.8116,21.955253636779382,0.1069600083674361,21.823815443088137,0.004136449720383963,21.99690997894312,0.11062738897752207,nan,nan
2016 AP244,562842,MBO,MBO,21164732347003984,745301781500133423,22.105238,2.6863906,2.5511272,149.0145760209135,2.8637333317164484,2025052400176,25,60820.00336581418,z,149.014578194486,2.8637624860819018,9.974120140075684,5782.17,567.37,False,6397.53,10.9561,5596.75,562.929,False,-56.8212,29.6624,21.994772874430467,0.10653684577163326,21.884969208698116,0.001859379375487724,22.030160230162764,0.10920488024354524,nan,nan
2016 AP244,562842,MBO,MBO,21164732347003984,745301781650079787,22.105238,2.68639,2.5511332,149.01468215051293,2.8636992586270966,2025052400177,55,60820.003888935134,z,149.01467759452746,2.8637119205713066,12.030705451965332,6347.39,519.704,False,6569.2,5.55426,6519.5,510.628,False,103.312,161.838,21.89351201834896,0.08889660382262816,21.856218757191346,0.0009179901283719147,21.864464275841815,0.08503831531413239,26.3646231145489,1.7008031897872131
2016 AP244,562842,MBO,MBO,21164732347003984,745301781768568885,22.10524,2.6863892,2.5511394,149.01478848772706,2.863665119569206,2025052400178,25,60820.00441263528,z,149.0147640827366,2.8637001124972086,11.906670570373535,6684.86,560.923,False,6572.51,2.24793,6891.71,558.312,False,129.058,30.0805,21.83726923137955,0.09110353739783568,21.85567189983456,0.0003713435396781045,21.804182520534965,0.08795778814114971,26.12303768479279,0.2530605453826065
2016 AP244,562842,MBO,MBO,21164732347003984,745301781918515262,22.105242,2.6863883,2.5511456,149.01489442390587,2.863631109954252,2025052400179,55,60820.00493446327,z,149.01488537722514,2.8636572231413857,10.062420845031738,5454.33,553.096,False,5495.36,33.8897,5684.86,551.018,False,96.3251,35.1859,22.058146458812047,0.1100990135026439,22.050009656408793,0.006695699130742149,22.013200591448438,0.10523745743834316,26.440651286250173,0.39660073873252727
2016 AP244,562842,MBO,MBO,21164732347003984,745301782052733050,22.105244,2.6863875,2.5511515,149.015000364748,2.8635970995425963,2025052400180,55,60820.005456584026,z,149.01500739616867,2.8635942598278685,10.680890083312988,6186.71,574.967,False,6219.49,13.8253,6187.25,571.782,False,36.5392,30.7704,21.921350609140617,0.1009037874163799,21.915613024394553,0.0024134822021153433,21.921255839161667,0.10033607815165153,27.49310241870465,0.9143204144333894
2016 AP244,562842,MBO,MBO,21164732347003984,745301782191144991,22.105246,2.6863868,2.5511577,149.0151063104699,2.8635630882737675,2025052400181,63,60820.00597883633,z,149.0151121296839,2.86357422856332,9.438433647155762,5450.3,559.66,False,5532.35,8.8941,5455.1,555.573,False,-34.5346,30.4059,22.05894901956513,0.11148801294827486,22.042725861776812,0.0017454872547312775,22.05799318992974,0.110576471112725,nan,nan
2016 AP244,562842,MBO,MBO,21164732347003984,745301782457483302,22.105247,2.6863854,2.5511699,149.01531882519015,2.863494867824736,2025052400183,59,60820.00702511784,z,149.01532177101814,2.8634857303836463,10.707207679748535,6779.08,633.302,False,6485.98,12.2438,6698.01,632.086,False,-41.9737,27.5561,21.82207308985303,0.10142953087175978,21.870060990369982,0.002049580350404343,21.83513555899771,0.10246008547977617,nan,nan
2016 AP244,562842,MBO,MBO,21164732347003984,745301782731161633,22.105251,2.6863837,2.5511823,149.0155305474649,2.863426904711086,2025052400185,69,60820.00806811941,z,149.0155389596987,2.86346062385045,9.2889986038208,5424.49,574.391,False,4944.11,7.59738,5528.25,571.675,False,-65.1878,31.7854,22.06410267079542,0.11496694950110417,22.16477971833841,0.0016683995563448665,22.04353081352139,0.1122757168365193,nan,nan
2016 AP244,562842,MBO,MBO,21164732347003984,745301782863806467,22.105251,2.686383,2.5511882,149.0156357054746,2.8633931499754275,2025052400186,66,60820.0085868014,z,149.01563958257694,2.8634042620848392,11.618163108825684,6347.88,531.083,False,6054.28,9.64102,6315.98,528.535,False,-135.135,104.797,21.89342824934451,0.09083600508496066,21.94484378239072,0.0017289594538224004,21.89889813807233,0.09085677244044939,nan,nan
2016 AP244,562842,MBO,MBO,21164732347003984,745301782998024255,22.105253,2.6863823,2.5511944,149.0157416803519,2.863359133794624,2025052400187,66,60820.009108688195,z,149.01576144794268,2.8633709288065945,9.910782814025879,5958.97,595.378,False,5635.02,20.2955,5910.73,593.727,False,-310.747,27.6772,21.962071963339078,0.10847905204048539,22.02276134174366,0.003910466839855236,21.970897200118287,0.10906112961334605,nan,nan
2016 AP244,562842,MBO,MBO,21164732347003984,745301783132241975,22.105255,2.6863816,2.5512004,149.01584766029518,2.8633251167612706,2025052400188,66,60820.00963091398,z,149.01585509790908,2.86331265026117,12.483603477478027,6573.1,520.736,False,6133.03,7.71736,6289.66,516.553,False,-352.514,134.717,21.855574385171302,0.08601450530767414,21.930812315373394,0.001366211721130616,21.90343204944431,0.08916861269408306,nan,nan
2016 AP244,562842,MBO,MBO,21164732347003984,745301783268032522,22.105257,2.6863809,2.5512066,149.01595445731127,2.8632908382589037,2025052400189,69,60820.01015619562,z,149.01594759580198,2.863308748468316,11.60667610168457,6117.23,532.615,False,5530.28,1.65495,5813.12,524.801,False,-399.521,119.571,21.933612979166234,0.09453288170310807,22.04313224132426,0.00032490926797786615,21.98897675768182,0.09801887146217614,nan,nan
2016 AP244,562842,MBO,MBO,21164732347003984,745301783402774665,22.105259,2.6863801,2.5512128,149.0160604473142,2.8632568195773653,2025052400190,70,60820.010678378465,z,149.01608279703075,2.863238531832853,11.40228271484375,6116.91,509.199,False,5720.77,7.25429,5905.61,501.668,False,-226.683,130.034,21.93366974567858,0.09038154577573267,22.00636377735043,0.0013767806394499355,21.971838117022255,0.0922307978655996,nan,nan
2016 AP244,562842,MBO,MBO,21164732347003984,745301783691133056,22.10526,2.6863785,2.551225,149.01627345771482,2.863188453929156,2025052400192,108,60820.011727967314,z,149.01627653286985,2.86317211579322,11.552806854248047,6345.57,553.001,False,6103.71,0.391638,6391.69,544.39,False,28.1963,31.2016,21.893823431794658,0.09461926953020793,21.936015278948922,6.966510042932385e-05,21.88596075163283,0.09247381425429027,27.774519673791126,1.201459241229222
2016 AP244,562842,MBO,MBO,21164732347003984,745301783805427817,22.105263,2.6863778,2.5512311,149.0163788537052,2.863154628324508,2025052400193,70,60820.012246618,z,149.0164083189359,2.863142170326699,10.597524642944336,5328.71,503.491,False,5736.12,19.774,5462.02,495.318,False,-3.84745,100.844,22.08344479387715,0.10258738204207013,22.00345440726037,0.0037428344345151526,22.056616781016153,0.09845893572768613,nan,nan
2016 AP244,562842,MBO,MBO,21164732347003984,745301783961665538,22.105265,2.686377,2.5512373,149.0164852702701,2.863120476009255,2025052400194,112,60820.0127708697,z,149.01649124601983,2.863119776060094,13.137377738952637,6355.1,473.372,False,6108.47,2.76851,6411.34,466.2,False,-81.6434,118.368,21.892194011469897,0.08087317601512835,21.935168848549562,0.000492082558576854,21.882628005008897,0.07894921252775085,nan,nan
2016 AP244,562842,MBO,MBO,21164732347003984,745301784095883270,22.105265,2.6863763,2.5512433,149.0165914888818,2.863086388064478,2025052400195,112,60820.01329302211,z,149.01657637774196,2.863086036002934,14.17305850982666,6527.31,464.659,False,6501.73,9.96243,6469.77,457.916,False,-117.089,149.038,21.86316439267477,0.07729019932054286,21.867427677236414,0.0016636450561916506,21.872777892232307,0.07684600260406689,nan,nan
2016 AP244,562842,MBO,MBO,21164732347003984,745301784228528219,22.105267,2.6863754,2.5512495,149.01669710331356,2.8630524948572207,2025052400196,109,60820.01381386521,z,149.01670069044695,2.8630636720349756,12.353047370910645,5537.46,451.006,False,5725.47,35.6893,5484.55,441.661,False,5.16601,133.507,22.04172350239928,0.08842927248340518,22.00547210071207,0.006767857356968345,22.052147538438412,0.0874323994985008,29.617111914108747,28.059061116854455
2016 AP244,562842,MBO,MBO,21164732347003984,745301784365891587,22.105268,2.6863747,2.5512557,149.0168035353986,2.8630183401116764,2025052400197,115,60820.014337399916,z,149.01680131146972,2.8630211087573874,14.197619438171387,6647.16,456.235,False,6210.34,1.02398,6672.75,447.455,False,-94.876,146.203,21.843409643091093,0.0745206719606014,21.917211584008236,0.00017901954003132078,21.83923786510009,0.07280627611120924,nan,nan
2016 AP244,562842,MBO,MBO,21164732347003984,745301784498536499,22.10527,2.686374,2.5512617,149.01690976967393,2.862984249713096,2025052400198,112,60820.01486095751,z,149.01690687605853,2.862985740129079,12.240946769714355,5521.47,454.215,False,5289.37,4.1586,5371.58,447.462,False,-99.3205,152.239,22.044863165650717,0.08931636811919028,22.09149010673488,0.0008536257289676279,22.074744863836166,0.09044372283094164,nan,nan
2016 AP244,562842,MBO,MBO,21164732347003984,745301784634327131,22.10527,2.6863732,2.5512679,149.01701661870095,2.862949962926359,2025052400199,115,60820.015386180174,z,149.01700377656357,2.862938316750335,12.291675567626953,5389.94,417.209,False,5362.06,7.23116,5392.95,405.765,False,20.9303,146.194,22.07104018502071,0.08404155470091605,22.07667081485628,0.0014642007561525932,22.070433976166683,0.08169067969716211,28.098061379379182,7.583652447017791
2016 AP244,562842,MBO,MBO,21164732347003984,745301784768020538,22.105272,2.6863725,2.551274,149.01712306669742,2.8629158057171877,2025052400200,114,60820.0159104199,z,149.01712317780934,2.8629221182957787,13.582298278808594,6447.73,463.137,False,6170.33,1.50738,6598.06,455.116,False,144.39,148.096,21.876482895767914,0.07798785045734133,21.924229007553045,0.00026523978928998153,21.8514593390587,0.07489109090562308,26.00115721359697,1.1136033112056822
2016 AP244,562842,MBO,MBO,21164732347003984,745301785036980316,22.105276,2.6863708,2.5512862,149.01733638521415,2.862847358432004,2025052400202,115,60820.01696019084,z,149.01733964333417,2.8628496245855093,12.316420555114746,5195.71,423.984,False,5011.42,10.5936,5311.68,414.96,False,53.8276,159.723,22.110887751137682,0.08859901573445653,22.150098012245643,0.002295129032206905,22.08692020593506,0.08482007036175453,27.072487487683965,3.2217125833873124
2016 AP244,562842,MBO,MBO,21164732347003984,745301785123487766,22.105278,2.68637,2.5512953,149.01749039437058,2.862797943961323,2025052400203,24,60820.01771853029,z,149.01749877308998,2.86281406066441,12.78298568725586,6205.07,479.459,False,6113.04,6.75218,6342.33,470.553,False,189.118,158.768,21.918133317805435,0.08389365888112002,21.93435689916985,0.0011992537834227919,21.89437789860662,0.08055342939771205,25.70816785576484,0.9114953364454561
2016 AP244,562842,MBO,MBO,21164732347003984,745301785258229780,22.105278,2.6863692,2.5513012,149.01759686639005,2.862763783111952,2025052400204,25,60820.01824204062,z,149.01760381926826,2.8627827926636313,11.381501197814941,5864.27,503.993,False,6030.62,9.00933,5922.9,498.328,False,50.5024,96.9653,21.979465102187532,0.0933114364926195,21.949095069721885,0.0016220148757286922,21.96866401730322,0.09134929908430107,27.141719968525855,2.084628445708045
2016 AP244,562842,MBO,MBO,21164732347003984,745301785392447520,22.10528,2.6863682,2.5513074,149.01770375038936,2.8627294910257315,2025052400205,25,60820.01876831184,z,149.01770370359415,2.8627387815539023,10.8379545211792,5572.99,494.104,False,5659.97,21.5294,5433.21,486.253,False,-72.6617,147.967,22.034779294907842,0.09626189592939982,22.017964635617233,0.004129924367137682,22.062358779420723,0.0971695333872962,nan,nan
2016 AP244,562842,MBO,MBO,21164732347003984,745301785527189563,22.105282,2.6863675,2.5513136,149.0178102333935,2.8626953285423427,2025052400206,26,60820.0192924014,z,149.01780898315715,2.8626924051257028,12.980738639831543,6074.9,452.919,False,5715.83,11.3646,6035.33,442.118,False,-67.8119,154.223,21.941152184125734,0.08094792851237033,22.007301726307624,0.0021587341997733774,21.948247432314176,0.07953558887748235,nan,nan
2016 AP244,562842,MBO,MBO,21164732347003984,745301785677135934,22.105284,2.6863668,2.5513198,149.01791692519558,2.862661100030617,2025052400207,56,60820.01981795414,z,149.01792273615524,2.862648880166688,13.700263977050781,6656.77,476.599,False,6227.45,0.464007,6763.28,472.614,False,-13.8678,171.55,21.841841117375154,0.07773451491834302,21.914224342733334,8.08981481528402e-05,21.824606615483614,0.07587060743011291,nan,nan
2016 AP244,562842,MBO,MBO,21164732347003984,745301785794576425,22.105291,2.6863618,2.5513606,149.01862245170935,2.862434780164804,2025052400208,24,60820.023288582335,r,149.0186272569877,2.8624419090308204,23.400753021240234,4806.63,201.408,False,4986.47,1.39562,4837.4,200.794,False,51.8793,10.908,22.195398294657906,0.045494653848588355,22.15551692685335,0.0003038773088475179,22.188470021242413,0.04506745912911959,27.11251474855462,0.22828393413374892
2016 AP244,562842,MBO,MBO,21164732347003984,745301785929318429,22.105293,2.686361,2.5513666,149.01872898318345,2.862400610680788,2025052400209,25,60820.02381293694,r,149.01871609237966,2.8624125274686465,20.853017807006836,4680.36,222.832,False,4676.05,0.775022,4729.94,223.208,False,35.8069,9.05753,22.22430188407278,0.051691916399835613,22.225302179518774,0.0001799530474983027,22.212860934245032,0.05123637968115421,27.515083190807804,0.27464228061291057
2016 AP244,562842,MBO,MBO,21164732347003984,745301786063536176,22.105295,2.6863601,2.5513728,149.0188347072047,2.862366701205871,2025052400210,25,60820.024332603716,r,149.01883415654925,2.862372218387726,24.598695755004883,5190.44,207.497,False,5162.39,1.50527,5215.34,208.19,False,25.4658,8.37239,22.111989574537056,0.043404220321907556,22.11787294416186,0.00031658322952976656,22.10679346667632,0.04334126440297098,27.885106718621028,0.356957447148906
2016 AP244,562842,MBO,MBO,21164732347003984,745301786198278224,22.105295,2.6863594,2.551379,149.0189410467635,2.862332595341893,2025052400211,26,60820.02485572451,r,149.018923263847,2.8623391728554393,20.65865135192871,4657.72,225.56,False,4608.32,1.53418,4686.71,224.805,False,26.292,6.33858,22.22956650676337,0.05257908255503406,22.241143469647106,0.00036145816331121876,22.222829805372676,0.052078946978331424,27.85044094854057,0.26175361263852165
2016 AP244,562842,MBO,MBO,21164732347003984,745301786348224590,22.105297,2.6863587,2.551385,149.01904678220205,2.862298684273644,2025052400212,56,60820.025375670215,r,149.0190253132356,2.862313904845271,24.196821212768555,5296.86,215.765,False,4839.1,0.458002,5285.31,214.267,False,12.7629,6.754,22.08995379213181,0.04422693399553851,22.188088485847395,0.00010276070846920275,22.09232382515511,0.04401585431135543,28.635126553860044,0.5745608229604817
2016 AP244,562842,MBO,MBO,21164732347003984,745301786616660037,22.105299,2.6863573,2.5513973,149.01925969371575,2.86223040327879,2025052400214,56,60820.026422853975,r,149.01926372689903,2.862230771796108,20.152963638305664,4750.23,238.668,False,4918.34,2.39311,4746.14,240.012,False,-42.0602,5.00862,22.208213409184843,0.05455114568925049,22.17045366501699,0.0005282852123933368,22.20914860687637,0.054905608202208425,nan,nan
2016 AP244,562842,MBO,MBO,21164732347003984,745301786890338308,22.105303,2.6863556,2.5514095,149.01947181519648,2.8621623799280265,2025052400216,66,60820.02746558065,r,149.0194656527272,2.8621608963070786,22.757986068725586,4753.81,208.379,False,4702.64,0.305964,4834.75,209.385,False,-18.8715,9.67437,22.20739543691115,0.04759227218526481,22.219145634474874,7.064035838876201e-05,22.189064944814675,0.047021432187632,nan,nan
2016 AP244,562842,MBO,MBO,21164732347003984,745301787024556077,22.105303,2.6863549,2.5514157,149.01957879994777,2.8621280735820744,2025052400217,66,60820.027991999144,r,149.019572455288,2.8621312480157175,21.453001022338867,4705.32,217.38,False,4596.0,1.08033,4724.61,217.965,False,-0.662651,6.33483,22.218527129756115,0.05015968102252342,22.24404994995938,0.00025521179493801036,22.214085119325684,0.050089318428858665,nan,nan
2016 AP244,562842,MBO,MBO,21164732347003984,745301787294564458,22.105307,2.6863534,2.5514278,149.0197917704689,2.8620597845503024,2025052400219,69,60820.0290386908,r,149.01979561559037,2.862067800307226,21.627971649169922,4794.66,219.461,False,4436.73,0.426646,4853.19,219.243,False,6.07145,6.61448,22.198105425089317,0.04969627541409545,22.282342504138757,0.00010440685021229568,22.184931777950005,0.049048164507279036,29.441768901157747,1.1828443214906001
2016 AP244,562842,MBO,MBO,21164732347003984,745301787428782211,22.105309,2.6863527,2.551434,149.01989877320537,2.8620254757918304,2025052400220,69,60820.029564888915,r,149.01990460309244,2.862016989142537,22.40821647644043,4949.95,220.198,False,4879.14,5.42051,5003.48,220.538,False,-20.8979,7.01678,22.163497926913436,0.048298857415000444,22.17914177018887,0.0012062051078091682,22.151819583851687,0.04785590947959636,nan,nan
2016 AP244,562842,MBO,MBO,21164732347003984,745301787561427024,22.105309,2.6863518,2.5514402,149.02000537511375,2.8619912966856105,2025052400221,66,60820.030088322615,r,149.02001751051694,2.8619837711603524,20.704898834228516,4825.15,232.726,False,4406.14,0.470024,4860.76,233.666,False,-76.7783,6.77908,22.191222974842205,0.052367086380609724,22.28985423571402,0.00011582066091018219,22.183239606561536,0.0521934118638757,nan,nan
2016 AP244,562842,MBO,MBO,21164732347003984,745301787697217542,22.10531,2.686351,2.5514464,149.02011218657074,2.86195705153564,2025052400222,69,60820.030613783456,r,149.02012779920332,2.8619520023173632,21.28485870361328,4996.01,233.824,False,4830.04,1.55184,4901.75,232.701,False,-110.014,6.60031,22.153441803470482,0.05081479016607251,22.19012317277348,0.00034883537229132963,22.17412210622534,0.051543204969065066,nan,nan
2016 AP244,562842,MBO,MBO,21164732347003984,745301787831435313,22.105312,2.6863503,2.5514526,149.02021819024154,2.86192306651214,2025052400223,69,60820.031134837554,r,149.02021915568963,2.8619191479409625,25.383846282958984,4941.51,193.927,False,4716.81,2.44601,4942.96,195.19,False,-96.5701,20.3895,22.16535085506678,0.042609157340009335,22.215879030058577,0.0005630334280245479,22.165032268514416,0.04287407831182755,nan,nan
2016 AP244,562842,MBO,MBO,21164732347003984,745306225847042101,22.101883,2.6849873,2.5623431,149.21742239862607,2.80006082887088,2025052500521,16,60820.97064975185,g,149.21743034681282,2.800055740682757,18.316940307617188,2880.68,155.351,False,2850.56,1.68112,5930.88,153.249,False,2967.53,5.88526,22.751262482244375,0.058552219231174096,22.76267451097774,0.0006403137812632948,21.967202178940422,0.0280545185947988,22.719012193998346,0.002153251999972381
2016 AP244,562842,MBO,MBO,21164732347003984,745306225981784105,22.101883,2.6849866,2.5623493,149.21753010162104,2.800026023896465,2025052500522,17,60820.97117170756,g,149.21754703023512,2.800059855154752,16.933462142944336,2739.04,161.837,False,2653.58,0.954794,5635.51,161.128,False,2902.35,4.83517,22.806004048046354,0.06415105064555618,22.84041950490554,0.00039066256609449225,22.02266698325731,0.031042889990474144,22.743125504289484,0.001808782098257853
2016 AP244,562842,MBO,MBO,21164732347003984,745306226116001846,22.101883,2.6849859,2.5623553,149.21763822043533,2.799991084687905,2025052500523,17,60820.97169588203,g,149.21763111310304,2.799978469024026,18.064550399780273,2754.26,152.078,False,2686.07,4.12518,5353.52,151.362,False,2621.08,5.54083,22.799987658857624,0.05994953023412094,22.827206656471933,0.0016674386411535686,22.07840142234477,0.03069741073067749,22.853799276175515,0.002295191181897401
2016 AP244,562842,MBO,MBO,21164732347003984,745306226253889583,22.101883,2.6849852,2.5623615,149.2177465486448,2.7999560779629467,2025052500524,24,60820.972220035575,g,149.21776769546133,2.799961912713167,17.909719467163086,2608.9,146.122,False,2546.47,2.08267,4566.81,144.763,False,1917.71,5.19761,22.858856458720997,0.06081104877763603,22.885153602209417,0.0008879861999824796,22.25096762766087,0.034416677883017575,23.19304268984942,0.002942693818741588
2016 AP244,562842,MBO,MBO,21164732347003984,745306226403835957,22.101883,2.6849844,2.5623677,149.21785446729425,2.799921203749137,2025052500525,54,60820.97274321155,g,149.21786047980882,2.7999257446250594,20.11748504638672,2931.15,145.266,False,2890.91,0.0287575,4782.69,143.376,False,1825.58,5.00963,22.73240492669818,0.05380842597599573,22.74741360451705,1.080042593795091e-05,22.20081943309141,0.03254831981324878,23.24649785308403,0.002979402170842105
2016 AP244,562842,MBO,MBO,21164732347003984,745306226522325050,22.101881,2.6849835,2.5623736,149.21796156366472,2.799886595424358,2025052500526,24,60820.97326288884,g,149.2179813328438,2.7998924733582817,16.10663604736328,2448.38,151.503,False,2372.82,0.606676,3903.06,149.479,False,1432.0,5.17537,22.9278029938799,0.06718414077752805,22.96183798302954,0.00027759798878726396,22.421486914830968,0.04158141662075047,23.510142455070408,0.003923943307918589
2016 AP244,562842,MBO,MBO,21164732347003984,745306226672271425,22.101881,2.6849828,2.5623796,149.2180694886083,2.7998517195233177,2025052500527,54,60820.97378587482,g,149.218061227402,2.7998427207208256,18.956266403198242,2654.33,139.001,False,2525.88,2.08997,3775.87,137.016,False,1114.34,5.54716,22.840112679004193,0.05685744479499309,22.893968264966432,0.0008983626785799319,22.457457382570848,0.03939839937247741,23.782455733059454,0.0054047712472694775
2016 AP244,562842,MBO,MBO,21164732347003984,745306226808061963,22.101881,2.684982,2.5623858,149.21817721033767,2.799816909478776,2025052500528,57,60820.9743077991,g,149.21819916037683,2.799817252531687,18.895034790039062,2765.33,145.129,False,2766.57,0.168801,3542.09,143.999,False,780.925,6.28744,22.79563255642033,0.05698119313898739,22.795145815055548,6.624569299707376e-05,22.526850993398284,0.04413917099295879,24.168476701325183,0.008741557970280329
2016 AP244,562842,MBO,MBO,21164732347003984,745306226941231119,22.101881,2.6849813,2.5623918,149.21828452263253,2.799782231938232,2025052500529,55,60820.97482747467,g,149.21828321134197,2.7998020227092577,16.7486572265625,2544.18,150.976,False,2673.16,0.193048,3190.62,149.912,False,663.519,4.37721,22.886130443491332,0.06442944736646204,22.832437650930032,7.840877841656254e-05,22.640312252153613,0.0510135593498469,24.34536662084176,0.0071625615159204015
2016 AP244,562842,MBO,MBO,21164732347003984,745306227075448926,22.101881,2.6849806,2.562398,149.21839245714636,2.799747353537294,2025052500530,55,60820.97535075101,g,149.21837702179286,2.799759887208423,21.0722713470459,2785.24,131.765,False,2721.52,1.17064,3144.8,131.228,False,311.818,4.99302,22.787843444722903,0.05136434593028934,22.812971166650406,0.0004670207136711718,22.6560174061121,0.045306215027932514,25.16524706967358,0.01738547090466478
2016 AP244,562842,MBO,MBO,21164732347003984,745306227211239451,22.101881,2.68498,2.562404,149.2184997759311,2.7997126743208818,2025052500531,58,60820.97587058709,g,149.21850217871906,2.7997114026684797,21.533632278442383,2764.51,126.249,False,2788.71,1.11766,2932.13,124.672,False,176.189,6.5837,22.79595458306143,0.04958314863274553,22.786491630177913,0.0004351416938810713,22.732041989801502,0.046164701547565655,25.785053051999228,0.0405709881715228
2016 AP244,562842,MBO,MBO,21164732347003984,745306227345981506,22.101881,2.684979,2.56241,149.2186089554851,2.7996773940416544,2025052500532,59,60820.97639929077,g,149.21861182691714,2.79969885084256,21.789993286132812,2759.5,124.549,False,2692.28,0.656064,2897.61,123.371,False,131.795,6.5208,22.79792400399679,0.04900429877740059,22.824699425706456,0.00026457589899766924,22.74490013031154,0.04622718679775917,26.1002526789993,0.053718797115013185
2016 AP244,562842,MBO,MBO,21164732347003984,745306227480199238,22.101881,2.6849782,2.5624163,149.2187166936144,2.7996425797815445,2025052500533,59,60820.97692103904,g,149.21870895792634,2.7996367706019765,22.150165557861328,2793.83,126.452,False,2590.73,2.34777,2886.14,125.477,False,77.5069,6.5128,22.784500028461515,0.04914168525005506,22.86644462278762,0.0009839152988685399,22.749206555678803,0.04720315853893443,26.676649124898965,0.09123295172163938
2016 AP244,562842,MBO,MBO,21164732347003984,745306227612319814,22.10188,2.6849775,2.5624223,149.2188250543705,2.799607564574408,2025052500534,55,60820.977446518904,g,149.2188489240826,2.7995964596028347,22.605117797851562,2798.34,124.439,False,2699.57,0.116652,2845.25,123.774,False,29.7125,6.39197,22.782748764890265,0.0482814549295459,22.821763489423397,4.691609895676024e-05,22.76469891996455,0.047231672176732235,27.717652027098843,0.23357151060885467
2016 AP244,562842,MBO,MBO,21164732347003984,745306227748110347,22.10188,2.6849768,2.5624285,149.21893279936376,2.799572748597753,2025052500535,58,60820.97796848843,g,149.21893194000197,2.799585941116775,22.79104995727539,2864.25,125.493,False,2725.86,0.292759,2973.26,127.601,False,21.3989,6.9287,22.757472695587452,0.0475699709994208,22.811241090378168,0.00011660871593005351,22.716917775870197,0.04659566359995144,28.074021423693406,0.3515480110472715
2016 AP244,562842,MBO,MBO,21164732347003984,745306227882328090,22.10188,2.684976,2.5624344,149.21903951562916,2.799538265297508,2025052500536,58,60820.9784858992,g,149.21904457516723,2.7995322551571493,21.640596389770508,2856.39,129.824,False,2892.53,0.805277,2869.21,128.83,False,15.2217,6.25497,22.760456280896715,0.0493471227367406,22.746805309125293,0.00030226769436360687,22.75559417527193,0.04875049200000985,28.443842124583366,0.4461556590919825
2016 AP244,562842,MBO,MBO,21164732347003984,745306228017070155,22.10188,2.6849751,2.5624406,149.21914768020682,2.7995033142772234,2025052500537,59,60820.979009012066,g,149.21914402607314,2.799502150923357,22.272045135498047,2725.51,121.647,False,2692.05,1.29203,2799.62,121.939,False,8.5322,7.47724,22.81138054658567,0.04845939111319204,22.8247921756374,0.0005210912494378948,22.782252236110466,0.047289841041769656,29.072347450299503,0.9514908706052088
2016 AP244,562842,MBO,MBO,21164732347003984,745306228156530707,22.10188,2.6849744,2.5624466,149.2192546097845,2.799468762600846,2025052500538,69,60820.97952775342,g,149.21925420892077,2.7994549828622626,22.51396369934082,2940.22,128.324,False,2862.45,0.258115,2939.92,127.717,False,-4.63337,6.25545,22.729050442261382,0.04738625670669884,22.75815524514097,9.790382305114415e-05,22.72916124706607,0.04716692211441451,nan,nan
2016 AP244,562842,MBO,MBO,21164732347003984,745306228286554170,22.10188,2.6849737,2.5624528,149.21936360710694,2.799433543079877,2025052500539,61,60820.98005534505,g,149.2193643180261,2.799458367324317,18.151161193847656,2658.65,144.355,False,2760.85,0.969862,2644.86,143.607,False,-30.3333,5.40147,22.838347119712317,0.058951517106831795,22.79739293263043,0.0003814094328467499,22.843993234574288,0.05895181861890416,nan,nan
2016 AP244,562842,MBO,MBO,21164732347003984,745306230813622313,22.101868,2.684949,2.5626516,149.22288417615945,2.7982961880691173,2025052500558,17,60820.99709920843,r,149.22289007441105,2.798290152060171,11.775282859802246,5085.53,432.889,False,5219.22,8.27223,5536.48,443.016,False,35.8813,4.41103,22.134159494372707,0.09241972577382969,22.105985946367856,0.0017208432287593473,22.041915665312082,0.08687803489606405,27.51282951963063,0.13347382954991863
2016 AP244,562842,MBO,MBO,21164732347003984,745306230951510059,22.101866,2.6849482,2.5626576,149.2229920690282,2.798261340800569,2025052500559,24,60820.99762132482,r,149.22300617261803,2.798202421166243,10.133593559265137,5485.2,539.894,False,5568.23,2.73324,5577.3,547.929,False,40.9976,4.27711,22.052018792997607,0.10686618939036525,22.035707089211282,0.000532948084821003,22.033940024049087,0.10666566103039586,27.368103900641778,0.11327036763539165
2016 AP244,562842,MBO,MBO,21164732347003984,745306231085727779,22.101866,2.6849475,2.5626638,149.2230999662593,2.7982264927422507,2025052500560,24,60820.99814325482,r,149.22304139836672,2.7982174811770975,10.181674003601074,4483.89,440.385,False,5229.75,4.03554,4460.76,451.37,False,54.1941,4.22942,22.270862592334346,0.10663551839055523,22.103797678508453,0.000837809072435781,22.27647791268322,0.10986216949335462,27.06511999057799,0.08473311059137514
2016 AP244,562842,MBO,MBO,21164732347003984,745306231236198407,22.101866,2.6849468,2.5626698,149.22320807473903,2.798191577086071,2025052500561,55,60820.998666450614,r,149.2231962291965,2.7981842939665404,20.574167251586914,5162.63,251.016,False,5211.01,1.34846,5333.19,254.081,False,84.351,5.23459,22.117822522755706,0.052790374747823304,22.10769528237139,0.00028095740826348284,22.082532371640525,0.05172606578428562,26.584774437676103,0.06737779134849821
2016 AP244,562842,MBO,MBO,21164732347003984,745306231371989000,22.101866,2.684946,2.562676,149.22331660119465,2.798156527080608,2025052500562,58,60820.99919193251,r,149.22330600021408,2.7981684020626014,18.270092010498047,4630.64,253.045,False,4604.3,0.523812,4763.01,257.572,False,57.4411,4.64946,22.23589742060419,0.05933091491312863,22.2420910136035,0.00012351968217762423,22.205296320127857,0.058713974920349334,27.00194310950691,0.08788283624828935
2016 AP244,562842,MBO,MBO,21164732347003984,745306231504633865,22.101866,2.684945,2.5626822,149.22342492555947,2.798121542995554,2025052500563,55,60820.99971589072,r,149.2234073546188,2.7981159465517877,16.0626163482666,4831.88,297.226,False,4510.59,0.733246,4830.65,300.491,False,25.0438,4.78141,22.18970967628194,0.0667874722335823,22.264416655761945,0.00017649837108497243,22.18998609133327,0.06753831504739904,27.90324941753395,0.2072908308373795
2016 AP244,562842,MBO,MBO,21164732347003984,745306231640424459,22.101864,2.6849444,2.562688,149.22353325442978,2.7980865581167262,2025052500564,58,60821.000239021814,r,149.22353399084142,2.7980816787221388,20.086139678955078,5565.34,274.867,False,5176.24,1.3603,5600.8,278.789,False,-1.53969,5.30349,22.036270776544683,0.053623510251526035,22.114963939599207,0.00028532812091602134,22.02937487625234,0.05404430133807235,nan,nan
2016 AP244,562842,MBO,MBO,21164732347003984,745306231774117935,22.101864,2.6849437,2.5626943,149.2236417947267,2.798051505630235,2025052500565,57,60821.000764293705,r,149.22363223289798,2.798069441597762,19.01050567626953,4777.36,247.013,False,4906.52,1.0782,4752.72,248.08,False,-21.2504,5.19084,22.202030108665774,0.0561379015504731,22.17306606202989,0.00023858880682546744,22.207644377962836,0.05667269005720216,nan,nan
2016 AP244,562842,MBO,MBO,21164732347003984,745306231907811380,22.101864,2.684943,2.5627005,149.22375033969834,2.798016452316683,2025052500566,56,60821.00128955838,r,149.2237446977033,2.798032847744667,13.40836238861084,5058.63,375.684,False,4691.22,0.628496,4982.58,378.582,False,-47.2027,4.88934,22.13991773700554,0.0806332385368648,22.221785449903088,0.000145459138768334,22.15636428189064,0.08249544979107251,nan,nan
2016 AP244,562842,MBO,MBO,21164732347003984,745306232043601950,22.101864,2.6849422,2.5627065,149.2238580623022,2.797981665261136,2025052500567,59,60821.00181050827,r,149.22386286877233,2.7979909509169745,20.453319549560547,4777.0,231.823,False,4720.96,0.623677,4664.27,232.142,False,-70.6246,5.2628,22.202111896791614,0.05268968433641727,22.2149242071498,0.00014343453899091888,22.22804078938441,0.054037388730506106,nan,nan
2016 AP244,562842,MBO,MBO,21164732347003984,745306232177819706,22.101862,2.6849413,2.5627127,149.22396640984363,2.797946677090091,2025052500568,59,60821.00233476552,r,149.22397966989152,2.7979431562112036,22.997289657592773,5214.04,224.931,False,5073.8,0.2592,5281.65,226.365,False,-96.6202,5.55818,22.10706409542539,0.04683810024045945,22.13666668149027,5.546589191657775e-05,22.093075974179865,0.046533315630242475,nan,nan
2016 AP244,562842,MBO,MBO,21164732347003984,745306232313610264,22.101862,2.6849406,2.5627189,149.22407434864795,2.79791182161461,2025052500569,62,60821.002856651525,r,149.2240840015624,2.7979122553134856,23.845745086669922,5247.95,218.384,False,5056.71,0.201892,5225.51,218.823,False,-109.635,5.63291,22.100025738008004,0.04518095817057878,22.140329888993946,4.334863167045592e-05,22.104678340746066,0.0454661960400706,nan,nan
2016 AP244,562842,MBO,MBO,21164732347003984,745306232447828009,22.101862,2.6849399,2.5627248,149.22418167174956,2.797877165666781,2025052500570,62,60821.003375144894,r,149.22415860563382,2.79788084738354,23.07354736328125,5047.28,218.561,False,4978.6,0.595592,4914.88,218.633,False,-111.04,5.77867,22.142356551034013,0.047015344063628,22.157231891760723,0.00012988707845647233,22.17121772910106,0.048297774216965184,nan,nan
2016 AP244,562842,MBO,MBO,21164732347003984,745306232580472864,22.101862,2.6849391,2.562731,149.2242900335204,2.797842175042996,2025052500571,59,60821.00389933289,r,149.22428776343034,2.7978392808425707,24.377737045288086,5084.84,208.045,False,4815.86,2.68409,5066.73,208.788,False,-82.1216,6.12764,22.134306803544824,0.0444226354559631,22.19331539775657,0.0006051284013594272,22.138180599504786,0.044740628669026665,nan,nan
2016 AP244,562842,MBO,MBO,21164732347003984,745306232714690611,22.10186,2.6849384,2.562737,149.22439819334477,2.797807250362473,2025052500572,59,60821.00442242049,r,149.22442179968192,2.797843049443996,15.136815071105957,4680.5,305.423,False,5064.95,1.35313,4607.62,308.52,False,-57.018,6.0493,22.22426937605292,0.07084901471468251,22.13856205197213,0.000290060544640771,22.24130833557784,0.07269942257483479,nan,nan
2016 AP244,562842,MBO,MBO,21164732347003984,745306232984698897,22.10186,2.6849368,2.5627494,149.22461473428248,2.7977373317869416,2025052500574,62,60821.00546957778,r,149.22462352519807,2.797736575733976,18.795303344726562,5218.08,275.278,False,4955.0,0.111408,5292.06,279.037,False,-20.7792,5.06634,22.10622315094837,0.057277639080481016,22.162390852946764,2.4411645207584582e-05,22.090938089325547,0.057248133284382816,nan,nan
2016 AP244,562842,MBO,MBO,21164732347003984,745306233143033860,22.10186,2.684936,2.5627553,149.22472166772843,2.7977028053279303,2025052500575,108,60821.00598691785,r,149.2247014362007,2.7977035052169152,17.37492561340332,5075.4,290.849,False,5062.07,0.791076,5153.21,295.489,False,33.3858,4.75346,22.136324332532503,0.062218799391863214,22.13917967161896,0.00016967364904714883,22.119805406015494,0.06225694716181498,27.591095550799636,0.15458678946874682
2016 AP244,562842,MBO,MBO,21164732347003984,745306233273581586,22.101858,2.6849353,2.5627615,149.2248302605749,2.797667743854895,2025052500576,101,60821.00651108364,r,149.22481927847386,2.797703074852294,10.854207992553711,5331.16,488.563,False,5242.19,11.7403,5530.31,500.482,False,76.1863,4.46626,22.082945676012276,0.09950001671960647,22.1012181180452,0.002431592349959103,22.04312629788587,0.09825695406603314,26.695307762602347,0.0636489761991936
2016 AP244,562842,MBO,MBO,21164732347003984,745306233409372162,22.101858,2.6849346,2.5627675,149.22493844476935,2.797632815104216,2025052500577,104,60821.00703421028,r,149.22496423768266,2.797646591583612,17.581302642822266,4977.88,280.511,False,4783.87,0.436738,5130.18,283.15,False,88.3092,5.34455,22.15738896802341,0.06118286114947016,22.200551550054595,9.912105939717616e-05,22.124668454679785,0.05992502976830438,26.53498516718453,0.06570970871761886
2016 AP244,562842,MBO,MBO,21164732347003984,745306233681477636,22.101858,2.684933,2.56278,149.2251544143056,2.797563088743458,2025052500579,111,60821.00807812068,r,149.22511432220165,2.797553006835381,16.048568725585938,4636.02,284.063,False,4639.17,1.12189,4930.31,287.903,False,188.068,4.77797,22.23463674327176,0.06652634576843815,22.2338993000131,0.00026256346625106103,22.167814419605058,0.06340102818647494,25.714212774215504,0.02758371985685329
2016 AP244,562842,MBO,MBO,21164732347003984,745306235132182539,22.101849,2.684921,2.562877,149.22687317637573,2.797008302121977,2025052500590,62,60821.01638391444,i,149.2268803571562,2.797004956211671,7.283444404602051,6533.8,893.839,False,7540.19,33.1807,6306.41,912.766,False,-217.968,7.44697,21.86208544104703,0.14853123463706058,21.70654428470699,0.0047777954967071845,21.900544467571855,0.1571453582268982,nan,nan
2016 AP244,562842,MBO,MBO,21164732347003984,745306236230041623,22.10184,2.6849098,2.5629673,149.2284720942842,2.796492413260503,2025052500598,108,60821.02410394958,i,149.22848589583825,2.7964935362097356,6.089356899261475,4746.76,804.135,False,6853.91,89.8151,5502.43,818.077,False,254.171,7.42584,22.209006868620428,0.1839314683542056,21.810153981929297,0.014227718972618793,22.04861364952186,0.16142246560750131,25.387184983575423,0.03172078271997206
2016 AP244,562842,MBO,MBO,21164732347003984,745306236770058258,22.101837,2.6849067,2.5629919,149.22890621208322,2.796352385147747,2025052500602,114,60821.02619863588,i,149.22896663131448,2.7963695602664633,5.649763584136963,5575.93,1017.29,False,nan,nan,6162.35,1036.35,False,445.893,7.85129,22.034206683250176,0.19808507729871902,nan,nan,21.925634080058597,0.18259311325427754,24.776923350705722,0.01911765815953666
2016 AP244,562842,MBO,MBO,21164732347003984,745306236904275969,22.101835,2.684906,2.562998,149.2290143935336,2.7963174931346044,2025052500603,114,60821.02672083935,i,149.22904742809058,2.7963475352639042,7.69582462310791,10327.1,1359.4,False,12432.0,89.4928,10923.6,1397.15,False,500.396,7.91293,21.365054084998476,0.14292007234205012,21.163647496357903,0.007815763408344752,21.304085566878594,0.13886781090760286,24.651715434903313,0.017169111396854075
2016 AP244,562842,MBO,MBO,21164732347003984,745306237812867087,22.101831,2.6849003,2.5630438,149.22982428587048,2.7960563128606872,2025052500610,55,60821.030627249565,i,149.22980857870508,2.7960479004097536,6.418437957763672,5840.45,900.041,False,nan,nan,6032.62,913.411,False,99.1875,7.99768,21.983884187953443,0.1673170875107605,nan,nan,21.948735054935277,0.1643934782768762,26.40885763975269,0.08754501256052757
2016 AP244,562842,MBO,MBO,21164732347003984,745306238082875424,22.10183,2.6848989,2.563056,149.2300420008203,2.7959861136457795,2025052500612,58,60821.03167765079,i,149.22998314385467,2.795972015610445,8.285101890563965,8877.04,1087.24,False,9493.81,26.8541,8772.82,1104.18,False,100.574,7.20797,21.52932955317616,0.13297853963301526,21.45639870934905,0.0030711030816099913,21.542151914745876,0.13665482914058497,26.3937857192494,0.07781289738006805
2016 AP244,562842,MBO,MBO,21164732347003984,745306238216044578,22.101828,2.6848981,2.5630622,149.23014983067412,2.7959513471768327,2025052500613,56,60821.03219755592,i,149.23015397228372,2.7959678294724553,6.791477680206299,7926.65,1167.03,False,7674.58,63.2396,8662.93,1188.87,False,119.572,7.47599,21.652275807347927,0.15985148460674486,21.687363445080464,0.008946616469963706,21.55583802632347,0.14900261724528177,26.205926279108247,0.06788339166128485
2016 AP244,562842,MBO,MBO,21164732347003984,745306238351310886,22.101828,2.6848972,2.5630684,149.2302587036071,2.795916245617077,2025052500614,58,60821.032722705946,i,149.23025984999686,2.795889796833277,10.974286079406738,8343.0,757.544,False,9105.36,6.52216,8588.66,771.509,False,34.2374,7.70661,21.596694391040444,0.09858479616315145,21.501757154986127,0.0007777117027366199,21.565186453673487,0.09753037239096378,27.563748056297676,0.2443919719284142
2016 AP244,562842,MBO,MBO,21164732347003984,745319361487044660,22.069904,2.6806273,2.597007,149.868419702443,2.5929074672599293,2025052800085,53,60823.970929467236,i,149.86840610638373,2.5928943767882817,14.8471097946167,5127.03,339.979,False,5129.28,1.1678,5055.52,338.909,False,-124.86,10.2452,22.125335398864657,0.07199636609627609,22.12485902742069,0.0002471931223004546,22.140585413734733,0.07278494918144511,nan,nan
2016 AP244,562842,MBO,MBO,21164732347003984,745319361621262370,22.069899,2.6806266,2.597013,149.8685328244273,2.5928702723084083,2025052800086,53,60823.971449116994,i,149.86853884519476,2.592876330354635,16.42839241027832,5929.16,357.892,False,6484.81,6.30898,5837.7,357.567,False,-158.053,9.14546,21.967517046242406,0.06553648235124619,21.870256849918405,0.0010562973974997329,21.98439553170539,0.06650280237573007,nan,nan
2016 AP244,562842,MBO,MBO,21164732347003984,745319361755480100,22.069893,2.6806257,2.5970192,149.8686468198233,2.592832790471546,2025052800087,53,60823.971973280684,i,149.8686249966802,2.5928359333836717,16.300752639770508,6144.08,370.139,False,6196.41,6.71473,6100.9,370.77,False,-187.571,8.96021,21.928857831537563,0.0654082167224701,21.91964960724473,0.0011765562720838921,21.9365152510809,0.06598344623803264,nan,nan
2016 AP244,562842,MBO,MBO,21164732347003984,745319361893367860,22.069885,2.680625,2.5970252,149.86876081869931,2.5927953077972155,2025052800088,60,60823.9724977966,i,149.8687587405649,2.5927989242342226,19.173593521118164,6181.06,320.267,False,6080.89,2.17227,6104.75,320.858,False,-150.413,12.3153,21.92234259135649,0.05625660840332888,21.940082107258412,0.0003878564152906744,21.935830291150154,0.05706493288697982,nan,nan
2016 AP244,562842,MBO,MBO,21164732347003984,745319362048032831,22.06988,2.6806242,2.5970314,149.8688754736304,2.59275760973188,2025052800089,99,60823.97302420653,i,149.8688745485834,2.5927670901026953,17.598976135253906,5824.17,330.565,False,5678.08,1.18383,5658.97,328.564,False,-165.591,10.8896,21.986914907101493,0.061623612633377615,22.01449621724882,0.00022636650035956306,22.01815647975924,0.06303864692697023,nan,nan
2016 AP244,562842,MBO,MBO,21164732347003984,745319362161803324,22.069874,2.6806235,2.5970373,149.86898969678862,2.592720053959448,2025052800090,60,60823.97354942407,i,149.86898063441865,2.5927081074687504,17.548799514770508,6200.59,350.395,False,6607.09,3.94648,6132.39,350.859,False,-209.209,10.001,21.918917488471592,0.06135489286094913,21.849974468948794,0.0006485209612000024,21.930925558861503,0.062119389033468295,nan,nan
2016 AP244,562842,MBO,MBO,21164732347003984,745319362312798270,22.069868,2.6806228,2.5970435,149.8691032708357,2.5926827119442937,2025052800091,92,60823.97407135773,i,149.8691048289324,2.5926974333428046,19.019210815429688,6557.34,340.479,False,6911.34,3.45701,6378.21,339.478,False,-193.324,10.0173,21.858180769505104,0.05637505304126402,21.801094378546836,0.0005430786266410683,21.888252971365556,0.057787930176378816,nan,nan
2016 AP244,562842,MBO,MBO,21164732347003984,745319362448588802,22.069862,2.6806219,2.5970495,149.8692172834188,2.592645226087428,2025052800092,95,60823.97459561535,i,149.86919266348858,2.5926386145946236,15.97645092010498,5896.87,364.055,False,6154.63,7.65571,5869.82,366.308,False,-204.083,8.75227,21.973446094414207,0.0670300817579434,21.926995147118113,0.0013505412864174093,21.978438073349658,0.06775572073962202,nan,nan
2016 AP244,562842,MBO,MBO,21164732347003984,745319362719121472,22.069849,2.6806204,2.5970616,149.8694440136723,2.592570681187867,2025052800094,99,60823.97563737584,i,149.86942197175983,2.592567512438748,18.412090301513672,6131.04,332.236,False,6204.16,2.73369,6095.64,331.115,False,-105.92,11.137,21.93116461920437,0.058835147578311695,21.918292499229473,0.0004783993572483183,21.937451699992366,0.058977158226586876,nan,nan
2016 AP244,562842,MBO,MBO,21164732347003984,745319362854912006,22.069843,2.6806197,2.5970676,149.86955803695702,2.592533192901485,2025052800095,102,60823.97616159748,i,149.869542477895,2.5925471960059667,15.711244583129883,5743.22,362.367,False,5598.29,8.52351,5717.04,363.755,False,-90.2512,9.63643,22.002111327633358,0.0685042469839535,22.02986151284302,0.0016530553636046616,22.00707191552737,0.0690815484524757,nan,nan
2016 AP244,562842,MBO,MBO,21164732347003984,745319362989129787,22.069838,2.680619,2.5970738,149.86967162851545,2.5924958469383226,2025052800096,102,60823.97668360425,i,149.86968820077533,2.5924880316603183,16.047882080078125,5973.25,364.16,False,6315.0,6.54006,6009.82,366.562,False,-25.3793,9.1403,21.95947327057901,0.06619205630114344,21.899066612771627,0.001124430715810101,21.95284637012648,0.06622322449804183,nan,nan
2016 AP244,562842,MBO,MBO,21164732347003984,745319363123871789,22.069832,2.680618,2.5970798,149.86978544134828,2.5924584286171712,2025052800097,103,60823.97720658222,i,149.86978980475467,2.592445863984346,16.47982406616211,5430.58,330.119,False,5200.99,4.65661,5541.55,329.185,False,33.1923,10.3458,22.062884444778636,0.06600070932270587,22.1097849041906,0.0009720937463237243,22.040921897973107,0.06449604939222173,27.59740666859421,0.3384161518535539
2016 AP244,562842,MBO,MBO,21164732347003984,745319363255992355,22.069826,2.6806173,2.597086,149.86990034591227,2.592420651773645,2025052800098,99,60823.97773406464,i,149.86989303377817,2.5924351230914904,16.12716293334961,5867.72,359.689,False,5768.42,1.09692,6060.99,358.188,False,108.536,10.1096,21.97882650600778,0.06655521231720352,21.997357829843004,0.00020646308494045044,21.94364103933996,0.06416404777899072,26.311065438880014,0.10113103941289234
2016 AP244,562842,MBO,MBO,21164732347003984,745319363390210111,22.069818,2.6806166,2.597092,149.87001416609652,2.5923832318513487,2025052800099,99,60823.9782570753,i,149.86998823624978,2.5923757062169885,16.621957778930664,6357.73,377.422,False,6347.9,3.67887,6770.75,378.159,False,320.236,8.4497,21.89174480244138,0.06445393685328267,21.89342482522559,0.0006292289375289962,21.82340805398115,0.060640388988534064,25.136324644533442,0.028648077705739745
2016 AP244,562842,MBO,MBO,21164732347003984,745319363660218378,22.069807,2.6806152,2.597104,149.87024072939957,2.592308747366745,2025052800101,102,60823.979298783684,i,149.87025216266093,2.592308044221433,15.364681243896484,5276.68,340.529,False,5264.17,7.09056,5670.07,339.975,False,379.763,9.35517,22.09409806998767,0.07006766427773538,22.096675251495498,0.001462429551894,22.01602898235936,0.06510028699519807,24.95121837484345,0.026746278676372335
2016 AP244,562842,MBO,MBO,21164732347003984,745319363794960439,22.069801,2.6806145,2.59711,149.87035456073087,2.592271325064777,2025052800102,103,60823.97982178057,i,149.87033302166054,2.5922714346533113,14.710369110107422,4964.35,336.329,False,5160.29,6.20781,5333.01,335.843,False,286.309,10.4036,22.160343996559977,0.07355737925301882,22.118314719369764,0.0013061366583844189,22.082569052628,0.06837356505815778,25.257912535867195,0.039452358368652934
2016 AP244,562842,MBO,MBO,21164732347003984,745319363924983873,22.069796,2.6806135,2.597116,149.8704681781311,2.59223397354067,2025052800103,95,60823.980343354226,i,149.87045152257454,2.592216700292006,15.404629707336426,5389.58,343.791,False,5666.26,14.8277,5583.59,347.271,False,148.888,9.36107,22.07111267741233,0.06925703190042364,22.01675879859846,0.002841198783926301,22.032716228441807,0.0675272904838182,25.96785075615214,0.06826374343603596
2016 AP244,562842,MBO,MBO,21164732347003984,745319364060774427,22.06979,2.6806128,2.5971222,149.87058114636562,2.592196835881232,2025052800104,98,60823.980862001554,i,149.87057591288013,2.5921909987242326,16.350677490234375,5677.87,344.536,False,6111.06,5.43715,5650.31,346.507,False,-17.1958,9.23578,22.014536365750274,0.0658830182771114,21.934708620193277,0.0009660043512509363,22.019819299459524,0.0665831040672764,nan,nan
2016 AP244,562842,MBO,MBO,21164732347003984,745319364197089286,22.069782,2.680612,2.5971282,149.87069542444632,2.592159268085764,2025052800105,102,60823.98138725439,i,149.87068732549437,2.592144221010292,17.3055477142334,6008.22,345.089,False,5806.2,2.93554,5905.79,345.283,False,-87.4229,10.3369,21.95313539459578,0.06236049880044885,21.990269984893047,0.0005489342270000271,21.971804992520408,0.06347774643354948,nan,nan
2016 AP244,562842,MBO,MBO,21164732347003984,745319364331831380,22.069777,2.6806114,2.5971344,149.87080970642145,2.5921216994909333,2025052800106,103,60823.98191238269,i,149.87083057661485,2.59212334653238,17.085630416870117,6131.12,358.819,False,5891.36,8.12704,5993.89,356.362,False,-147.499,9.86555,21.9311504383882,0.06354186055302584,21.97446112086162,0.0014977563197429427,21.955728053982305,0.06455158770755878,nan,nan
2016 AP244,562842,MBO,MBO,21164732347003984,745319364465524825,22.06977,2.6806107,2.5971403,149.8709239923194,2.59208413009686,2025052800107,102,60823.98243712131,i,149.87093378071708,2.592086680677035,15.411913871765137,5729.92,368.218,False,5790.72,5.92856,5527.24,373.087,False,-169.74,8.40163,22.00462861861155,0.06977193490410487,21.993168544964462,0.0011115805558780196,22.04372914739482,0.07328685787927648,nan,nan
2016 AP244,562842,MBO,MBO,21164732347003984,745319364599742513,22.069765,2.6806097,2.5971465,149.8710380645176,2.592046631451204,2025052800108,102,60823.98296152153,i,149.87105553714142,2.5920276844477836,16.57802391052246,6406.16,381.544,False,6699.89,2.21408,6250.91,382.984,False,-159.346,8.20016,21.883505520055387,0.06466528018284992,21.834830796758382,0.0003587979609571961,21.910141857816285,0.06652144948362947,nan,nan
2016 AP244,562842,MBO,MBO,21164732347003984,745319364735533083,22.06976,2.680609,2.5971525,149.87115279365025,2.592008917365306,2025052800109,105,60823.983488194426,i,149.87112374163843,2.5919837551379463,17.160919189453125,6188.35,359.133,False,6313.51,4.38702,6167.66,360.546,False,-117.046,8.63614,21.921062811615872,0.06300931419503522,21.899322858591923,0.0007544371898400618,21.92469891080856,0.06346942355701549,nan,nan
2016 AP244,562842,MBO,MBO,21164732347003984,745319364868178009,22.069752,2.6806083,2.5971587,149.87126643839292,2.591971560258668,2025052800110,102,60823.984010136104,i,149.8712682019023,2.591968719964932,17.796367645263672,6262.28,347.623,False,6339.19,12.1557,6305.92,349.461,False,-75.0697,9.39606,21.908168832361852,0.06026988162155769,21.894915588124576,0.0020819510714983245,21.900628871517313,0.06016924778006528,nan,nan
2016 AP244,562842,MBO,MBO,21164732347003984,745319365003968573,22.069746,2.6806076,2.5971646,149.8713798693489,2.5919342739486737,2025052800111,105,60823.984531787224,i,149.87137234302125,2.5919343410736237,18.30125617980957,6116.41,330.442,False,6234.8,1.01473,6190.45,329.801,False,-50.0519,10.2211,21.93375849805141,0.05865741810937171,21.912943717177853,0.00017670640729769145,21.92069441532111,0.05784343128550785,nan,nan
2016 AP244,562842,MBO,MBO,21164732347003984,745319365134516260,22.06974,2.6806068,2.5971706,149.87149373976573,2.591896843714998,2025052800112,98,60823.98505448804,i,149.87146945050088,2.5918855994929366,15.79892349243164,5528.78,348.044,False,5493.22,2.92228,5600.48,349.51,False,-32.5886,9.1731,22.043426769861114,0.06834853136224871,22.050432476060994,0.0005775893104204807,22.029436877155845,0.0677577052058572,nan,nan
2016 AP244,562842,MBO,MBO,21164732347003984,745319365292851205,22.069735,2.680606,2.5971768,149.87160739644997,2.591859484278817,2025052800113,144,60823.98557674613,i,149.87159747809363,2.591841513024918,17.594755172729492,6474.61,362.631,False,6375.04,5.22644,6465.54,363.235,False,-18.4612,8.78322,21.87196598870704,0.06081009156846025,21.888792708141175,0.0008901175591108087,21.873487986243696,0.06099681883466686,nan,nan
2016 AP244,562842,MBO,MBO,21164732347003984,745319365406621727,22.069729,2.6806052,2.5971828,149.87172127500008,2.5918220524668363,2025052800114,105,60823.98609996366,i,149.87173846752498,2.5918455466031247,16.657258987426758,5713.13,341.669,False,5734.25,6.99685,5857.62,340.494,False,-28.8749,9.3342,22.007814756342775,0.06493155552990255,22.00380844186167,0.0013247998219771088,21.980696992338874,0.06311209039139154,nan,nan
2016 AP244,562842,MBO,MBO,21164732347003984,745319365513576517,22.06972,2.6806042,2.5971916,149.8718867655413,2.5917676568285097,2025052800115,53,60823.9868594163,i,149.87187829971978,2.59174830716909,14.523858070373535,5179.27,354.581,False,5328.05,2.47206,5183.95,355.427,False,-52.9039,8.78456,22.114328616481373,0.07433121286893338,22.083579310476587,0.0005037499841156539,22.11334794898026,0.07444129469416773,nan,nan
2016 AP244,562842,MBO,MBO,21164732347003984,745319365647794220,22.069714,2.6806033,2.5971978,149.87200021869305,2.5917303662342963,2025052800116,53,60823.98738087852,i,149.87203120013695,2.5917431586805604,15.347493171691895,5825.37,377.406,False,5703.75,1.37312,5741.93,377.96,False,-114.211,8.37521,21.986691190885438,0.07034117252836747,22.009598795548207,0.0002613799769468185,22.0023552325147,0.07146810116286673,nan,nan
2016 AP244,562842,MBO,MBO,21164732347003984,745319366208782386,22.069544,2.6805828,2.5973625,149.8750945377267,2.590713558181956,2025052800120,99,60824.00158213176,z,149.87514634529697,2.590749939437952,8.307698249816895,5966.73,715.507,False,6284.08,102.226,6019.71,717.34,False,43.8313,18.115,21.96065903839035,0.1301972567681847,21.904395723439556,0.017662166241459866,21.95106108306759,0.1293819873936012,27.29553914988061,0.4487229816714417
2016 AP244,562842,MBO,MBO,21164732347003984,745319366340902940,22.069538,2.680582,2.5973685,149.87520855414678,2.5906761024943235,2025052800121,95,60824.00210505076,z,149.87521193893457,2.590674628351753,8.53735065460205,5940.27,687.245,False,6036.22,15.5997,5947.69,684.694,False,-96.4044,17.861,21.965484533453104,0.12561159177683892,21.948087311428118,0.0028059213286405725,21.96412919933543,0.12498920411710793,nan,nan
2016 AP244,562842,MBO,MBO,21164732347003984,745319366477742136,22.069532,2.680581,2.5973747,149.8753219215836,2.5906388608435504,2025052800122,100,60824.002625896646,z,149.87538411669917,2.5905559809056617,8.315876960754395,5548.06,689.89,False,6687.41,41.5128,5356.92,689.582,False,-203.237,18.5736,22.039647115673755,0.1350090947636175,21.83685509893406,0.006739821101466852,22.077712114116267,0.13976391697650029,nan,nan
2016 AP244,562842,MBO,MBO,21164732347003984,745319366613008402,22.069527,2.6805804,2.5973806,149.87543594795477,2.590601403582893,2025052800123,102,60824.003148237476,z,149.87544653586596,2.5906685820496245,10.34459114074707,7455.21,703.167,False,7829.62,33.893,7237.14,700.058,False,-79.4538,18.201,21.718850302528626,0.10240541385273613,21.66564827206188,0.004699954573392753,21.751082544524948,0.10502467599725951,nan,nan
2016 AP244,562842,MBO,MBO,21164732347003984,745319366747226149,22.069519,2.6805797,2.5973868,149.8755504153824,2.5905638023059265,2025052800124,102,60824.0036734024,z,149.87552208621946,2.590545806119103,7.283179759979248,5349.68,727.261,False,5062.63,54.3516,5163.56,727.795,False,-194.525,17.2813,22.079180452444696,0.14760014752643405,22.139059554299884,0.011656293660596468,22.117626918078482,0.1530326661489598,nan,nan
2016 AP244,562842,MBO,MBO,21164732347003984,745319367148306483,22.0695,2.6805773,2.597405,149.8758929757483,2.590451280328104,2025052800127,99,60824.00524403843,z,149.87581514667923,2.590373777520655,7.548821449279785,6174.72,816.576,False,8223.76,34.06,5929.59,819.894,False,-183.931,16.1421,21.92345679027289,0.14358320443603817,21.61232396218623,0.004496748163737635,21.967438365559254,0.1501265017827331,nan,nan
2016 AP244,562842,MBO,MBO,21164732347003984,745319367418314753,22.069489,2.6805758,2.597417,149.87611977544003,2.5903767871105394,2025052800129,102,60824.00628468541,z,149.8760519021058,2.5904708162358414,6.910271644592285,5417.8,772.494,False,6620.98,46.3229,5513.17,779.112,False,-66.2664,16.1775,22.065442616993675,0.15480910224446734,21.84769431317886,0.007596224207771031,22.046496554719013,0.15343443380458724,nan,nan
2016 AP244,562842,MBO,MBO,21164732347003984,745319367552532510,22.06948,2.6805751,2.5974233,149.87623383717727,2.5903393244690784,2025052800130,102,60824.00680797392,z,149.87622895108447,2.5903730359935184,6.459845542907715,5074.69,774.435,False,5233.1,132.191,4903.47,774.226,False,-192.49,16.4818,22.136476218930934,0.165691327901727,22.103102395214663,0.02742629526201168,22.17374114597885,0.17143067589852964,nan,nan
2016 AP244,562842,MBO,MBO,21164732347003984,745319367818870793,22.069468,2.6805735,2.597437,149.8764903313046,2.590255084478988,2025052800132,98,60824.00798357035,z,149.87648654826447,2.5902894584943033,8.735107421875,6206.87,701.007,False,6465.74,2.50309,5901.68,706.917,False,-372.485,17.7883,21.917818356038254,0.12262359063337408,21.873454368644477,0.0004203223814871561,21.972560823779784,0.13005201049802487,nan,nan
2016 AP244,562842,MBO,MBO,21164732347003984,745319367953088550,22.069462,2.6805725,2.597443,149.87660484615105,2.5902174760769388,2025052800133,98,60824.008508915074,z,149.87660405546893,2.5902163699860843,9.331385612487793,5916.98,630.253,False,5673.39,1.95064,5779.84,627.736,False,-348.924,20.0672,21.96974975028502,0.1156482686173407,22.015393376713863,0.0003733006860806047,21.995210488697495,0.11791948316419935,nan,nan
2016 AP244,562842,MBO,MBO,21164732347003984,745319368089403438,22.069454,2.6805718,2.597449,149.87671958446992,2.590179795249855,2025052800134,102,60824.00903431997,z,149.87673712034692,2.5901808287884136,7.097222805023193,4668.11,644.866,False,4740.79,54.9389,4257.97,640.326,False,-313.242,20.923,22.227147328623573,0.14998670000102696,22.210373195912556,0.012582112323361892,22.326993452109342,0.1632761794413208,nan,nan
2016 AP244,562842,MBO,MBO,21164732347003984,745319368225718305,22.069448,2.680571,2.5974553,149.876833019112,2.59014254351918,2025052800135,106,60824.00955400299,z,149.87685594933,2.590145317056302,9.42637825012207,6277.79,641.762,False,6844.22,9.93657,6076.31,638.094,False,-226.437,20.6329,21.90548303347326,0.11099196689909185,21.81169006337641,0.0015762926445033532,21.94090018326215,0.11401685312245807,nan,nan
2016 AP244,562842,MBO,MBO,21164732347003984,745319368359411725,22.069443,2.6805704,2.5974612,149.87694733172862,2.5901050044379064,2025052800136,105,60824.0100783978,z,149.87695203058777,2.590088634031756,8.5210599899292,5608.84,659.109,False,6093.56,30.3574,5513.67,655.43,False,-132.987,18.2107,22.02781740192337,0.12758761769993343,21.937822260179214,0.0054090103184702525,22.046398091676032,0.1290654106639836,nan,nan
2016 AP244,562842,MBO,MBO,21164732347003984,745319368492056646,22.069435,2.6805696,2.5974674,149.87706164958118,2.5900674646245694,2025052800137,102,60824.010602922135,z,149.87708132870884,2.5901185240486404,7.900981903076172,5281.74,675.959,False,6733.76,15.8562,5293.61,672.913,False,-66.437,19.0924,22.093057404997907,0.13895290372119518,21.829355954026525,0.002556617884510519,22.09062017291894,0.13801659976070021,nan,nan
2016 AP244,562842,MBO,MBO,21164732347003984,745319368627847221,22.06943,2.6805687,2.5974734,149.87717640915892,2.590029780758984,2025052800138,105,60824.01112860269,z,149.8771999700766,2.590014651858795,7.084500789642334,4419.02,646.758,False,6141.22,240.683,4571.43,642.93,False,43.8667,20.0052,22.286685077361376,0.15890594938290045,21.929363322992742,0.04255151848817911,22.24986977319449,0.15269890238533035,27.294662607913683,0.4951448295396301
2016 AP244,562842,MBO,MBO,21164732347003984,745319368762064904,22.069424,2.680568,2.5974796,149.87729051964288,2.589992311042137,2025052800139,105,60824.01165192337,z,149.87719903179408,2.589963786136218,9.029031753540039,5781.28,646.915,False,5966.98,32.1326,5975.97,645.845,False,66.9684,21.4558,21.994940031064367,0.12149196011028443,21.96061354808564,0.005846764371235202,21.958978939444677,0.11733948499468391,26.83532520804982,0.34785567848595683
2016 AP244,562842,MBO,MBO,21164732347003984,745319368916729865,22.069414,2.680567,2.5974882,149.8774500215803,2.5899399381243784,2025052800140,144,60824.01238206441,z,149.87746184195277,2.589950796636599,7.960178852081299,4874.3,609.69,False,4578.18,26.3353,4856.47,602.228,False,-45.847,20.9256,22.180219405196084,0.13580668728934425,22.248267798808676,0.006245536011925179,22.184198176215077,0.13463703963604257,nan,nan
2016 AP244,562842,MBO,MBO,21164732347003984,745319369026830373,22.069408,2.6805663,2.5974941,149.8775643632027,2.5899023949534272,2025052800141,98,60824.01290652602,z,149.87761014297178,2.5899112848145136,8.873230934143066,5445.59,601.464,False,5708.14,13.8895,5311.9,593.492,False,-147.153,24.4318,22.059887680949625,0.11991928289365333,22.00876343338516,0.00264189951373239,22.086875293564212,0.12130796292326552,nan,nan
2016 AP244,562842,MBO,MBO,21164732347003984,745319369185165355,22.0694,2.6805654,2.5975003,149.87767914685435,2.589864707687336,2025052800142,144,60824.013432854816,z,149.87766340081043,2.589787790368293,6.1275634765625,3977.02,646.673,False,4297.45,52.9609,3831.92,644.401,False,-224.662,19.7514,22.401105557140234,0.17654330545575136,22.3169728695146,0.013380391453251456,22.44145893808289,0.18258458198685074,nan,nan
2016 AP244,562842,MBO,MBO,21164732347003984,745319369298935851,22.069395,2.6805646,2.5975063,149.87779371775986,2.589827091322258,2025052800143,105,60824.013957535906,z,149.87780218519765,2.5898074650487586,7.926366806030273,4985.4,640.567,False,5268.71,27.5645,4878.11,636.607,False,-162.516,20.4315,22.15574999788666,0.1395047167973935,22.09573927099609,0.005680285442925052,22.179371057165437,0.14169161450700538,nan,nan
2016 AP244,562842,MBO,MBO,21164732347003984,745319369426337797,22.069386,2.6805637,2.597515,149.8779576183241,2.589773280692574,2025052800144,92,60824.014708630355,z,149.87802620946417,2.5897700747494588,7.574338436126709,5322.69,705.046,False,5785.78,2.45275,5402.08,703.41,False,-89.611,20.3358,22.084672079288328,0.1438171298559111,21.994095250567092,0.0004602732112009803,22.06859745576292,0.1413747415043945,nan,nan
2016 AP244,562842,MBO,MBO,21164732347003984,745319369968451613,22.06936,2.6805606,2.5975394,149.87841555318855,2.5896229465684684,2025052800148,102,60824.01680674485,z,149.87844190492865,2.5895977378811614,9.428445816040039,5559.37,592.904,False,5659.69,3.38629,5321.65,586.52,False,-206.871,22.8381,22.037436029195103,0.11579321328926444,22.01801840101552,0.0006496146910097782,22.084884249903826,0.11966326829205028,nan,nan
2016 AP244,562842,MBO,MBO,21164732347003984,745319370101096479,22.069353,2.6805599,2.5975456,149.8785314699088,2.589584895378654,2025052800149,99,60824.017337786245,z,149.8785626990206,2.5896122432598365,10.941812515258789,6708.19,597.715,False,6351.86,6.07928,6534.65,592.443,False,-165.976,20.7915,21.833486622269547,0.09674157268255842,21.89274773003986,0.0010391435623457411,21.861944187596933,0.09843477715658326,nan,nan
2016 AP244,562842,MBO,MBO,21164732347003984,745319370236887052,22.069347,2.680559,2.5975518,149.87864651930022,2.5895471300285453,2025052800150,102,60824.01786417225,z,149.87863417533916,2.589531053275533,8.957476615905762,5332.17,582.281,False,5775.22,14.44,5205.68,577.816,False,-125.102,25.3283,22.08274004810943,0.1185640327797724,21.996078627607698,0.0027147069302773798,22.108806293486694,0.1205136902207314,nan,nan
2016 AP244,562842,MBO,MBO,21164732347003984,745319370367434796,22.069342,2.6805582,2.5975578,149.8787602644994,2.589509793896829,2025052800151,95,60824.01838595644,z,149.87874441010908,2.589481687754843,10.399505615234375,6273.84,603.328,False,6110.25,18.9047,6324.96,597.996,False,-108.934,20.5233,21.906166430011922,0.10441054799601658,21.93485255074414,0.003359194222466959,21.89735554842342,0.10265138131497643,nan,nan
2016 AP244,562842,MBO,MBO,21164732347003984,745319370505846793,22.069334,2.6805575,2.597564,149.87887357869042,2.589472600349499,2025052800152,103,60824.018904653494,z,149.87889260272075,2.5894807055465545,8.778311729431152,5269.33,591.529,False,6144.25,4.7017,5228.63,587.174,False,18.746,22.6724,22.095611489420023,0.12188350946510534,21.928827804620884,0.000830826568342136,22.104030248333288,0.12192794226679018,28.217728451482884,1.3131465180758723
2016 AP244,562842,MBO,MBO,21164732347003984,745319370639540288,22.069328,2.6805568,2.59757,149.87898799033147,2.5894350477133354,2025052800153,102,60824.019428302316,z,149.87898855607926,2.5894862010015394,7.308925628662109,4713.28,636.379,False,5487.05,38.6997,4944.81,632.941,False,241.599,19.1629,22.21669194826537,0.146594257606385,22.05165274448757,0.007657605862800075,22.164625964964234,0.13897539606911216,25.44226217346644,0.08611730763049469
2016 AP244,562842,MBO,MBO,21164732347003984,745319370773758047,22.06932,2.680556,2.5975761,149.879101752623,2.5893977093447926,2025052800154,102,60824.01994931261,z,149.87912962981784,2.589399112213937,10.052811622619629,5931.51,583.479,False,6237.76,20.1359,6190.55,577.705,False,104.913,21.8302,21.967086875600167,0.10680320934959696,21.912428388019194,0.003504828176607975,21.920676945083684,0.1013214128816011,26.34792671438057,0.2259189829109048
2016 AP244,562842,MBO,MBO,21164732347003984,745319370909548566,22.069315,2.680555,2.597582,149.8792155206568,2.589360370232628,2025052800155,105,60824.02047032899,z,149.87927129593447,2.589406334375583,8.128737449645996,4807.76,579.207,False,4826.32,3.63023,5030.82,573.592,False,53.676,27.5523,22.19514310327766,0.13080228802338417,22.19095975554429,0.0008166620182277904,22.14590309097741,0.12379087329377905,27.07554966599307,0.5573166745342655
2016 AP244,562842,MBO,MBO,21164732347003984,745319371043766294,22.06931,2.6805544,2.5975883,149.87932994955503,2.589322815381615,2025052800156,105,60824.02099459154,z,149.87928608659774,2.5893149548953107,8.518492698669434,5062.29,592.979,False,4893.41,6.15943,5096.33,585.732,False,-29.3978,26.6396,22.139132439945662,0.12717935326393476,22.175970952460624,0.001366637164566209,22.131856128650995,0.12478595834745683,nan,nan
2016 AP244,562842,MBO,MBO,21164732347003984,745319371176411155,22.069302,2.6805537,2.5975945,149.87944482120125,2.589285116401708,2025052800157,102,60824.021520801994,z,149.87946880112563,2.5892643334360863,9.218339920043945,5437.91,580.199,False,5109.33,7.62825,5228.0,574.461,False,-186.207,25.0915,22.061419929976843,0.11584285407380686,22.1290900991968,0.0016210084707468633,22.10416105272873,0.1193024300556859,nan,nan
2016 AP244,562842,MBO,MBO,21164732347003984,745319371310628902,22.069296,2.680553,2.5976005,149.8795590434046,2.5892476317374213,2025052800158,102,60824.022043167475,z,149.8795878082883,2.589258901447648,9.711785316467285,5555.28,573.705,False,6099.93,61.5981,5325.38,567.796,False,-288.874,23.4562,22.038235158599143,0.11212618121776652,21.93668784052491,0.010963942870686604,22.084123516612877,0.11576201321760743,nan,nan
2016 AP244,562842,MBO,MBO,21164732347003984,745319371573821456,22.069185,2.6805398,2.5977046,149.88151332816554,2.5886064783493983,2025052800160,92,60824.030987239064,r,149.88152733819774,2.5885899280077846,15.6901273727417,4213.73,266.827,False,4193.11,18.9744,4313.66,269.138,False,42.2062,4.46672,22.338333244523678,0.06875232422190954,22.343659396345153,0.004913105843818307,22.312885182436414,0.06774128248906094,27.336559377673524,0.11490443997200878
2016 AP244,562842,MBO,MBO,21164732347003984,745319371711709190,22.069178,2.6805391,2.5977106,149.8816274420965,2.5885690519400746,2025052800161,99,60824.03150921826,r,149.88161585269125,2.5885918125941965,16.93094253540039,4474.56,261.877,False,4650.36,2.0798,4630.67,263.712,False,26.3992,4.59595,22.273124145852044,0.06354353316178239,22.231283595952483,0.0004855783436497938,22.235890436965306,0.0618315874282624,27.846023066347385,0.18902047655606039
2016 AP244,562842,MBO,MBO,21164732347003984,745319371845926917,22.069172,2.6805384,2.5977168,149.88174221815024,2.588531409715737,2025052800162,99,60824.032034955926,r,149.8817271228429,2.5885254312855923,17.757247924804688,4561.2,254.336,False,4559.82,3.71704,4569.26,255.099,False,-21.1197,5.11709,22.252302164381497,0.060541478110677505,22.252630794048073,0.000885062376447673,22.25038537824076,0.06061599323395434,nan,nan
2016 AP244,562842,MBO,MBO,21164732347003984,745319371980668965,22.069164,2.6805377,2.597723,149.88185721917824,2.5884936950684816,2025052800163,100,60824.03256016,r,149.88187103743067,2.5885058827292773,17.81276512145996,4450.97,248.37,False,4407.94,0.675895,4431.95,249.164,False,-70.6938,5.32447,22.278863279836425,0.06058550896948583,22.289410828547183,0.00016648222422388173,22.283512821749657,0.061040031000103204,nan,nan
2016 AP244,562842,MBO,MBO,21164732347003984,745319372115935269,22.069159,2.6805367,2.597729,149.8819717893314,2.588456123089001,2025052800164,102,60824.033084296345,r,149.88198316985896,2.5884571104275955,18.938980102539062,4773.43,250.886,False,4815.04,4.01589,4668.45,251.033,False,-118.447,5.03094,22.202923564435498,0.05706504655121221,22.19350024296253,0.0009055370804452423,22.227068175101117,0.05838246322765218,nan,nan
2016 AP244,562842,MBO,MBO,21164732347003984,745319372248580134,22.06915,2.680536,2.5977352,149.88208680332303,2.5884184069335943,2025052800165,99,60824.03361075795,r,149.88209311831432,2.588413334573034,17.329423904418945,4284.7,245.617,False,4256.34,1.9724,4151.77,245.724,False,-136.999,5.87412,22.32019890172451,0.06223895769116454,22.327409258659287,0.0005031332352731485,22.35441677880386,0.06425968704013597,nan,nan
2016 AP244,562842,MBO,MBO,21164732347003984,745319372384370723,22.069145,2.6805353,2.5977414,149.88220226104698,2.5883805466609853,2025052800166,102,60824.03413813954,r,149.882187043924,2.5883682140147464,16.887466430664062,4330.1,253.48,False,4228.19,0.137455,4207.81,254.968,False,-145.178,4.83971,22.308755160180503,0.06355797841539255,22.334613778191716,3.529639720375144e-05,22.3398596813839,0.06578908917420899,nan,nan
2016 AP244,562842,MBO,MBO,21164732347003984,745319372514918445,22.069138,2.6805346,2.5977476,149.88231706930233,2.5883429007525027,2025052800167,95,60824.03466371316,r,149.8823127585323,2.5883635133471268,16.729110717773438,4497.74,266.486,False,4427.79,4.94644,4357.11,268.519,False,-142.842,4.46179,22.26751407680591,0.06432863504046682,22.28453245268026,0.0012129141589856556,22.302003723287037,0.06691151305158573,nan,nan
2016 AP244,562842,MBO,MBO,21164732347003984,745319372653330459,22.069132,2.680534,2.5977535,149.8824316654057,2.58830532580336,2025052800168,103,60824.03518783525,r,149.8824245650225,2.5883184858340287,18.475305557250977,4477.02,241.542,False,4367.75,0.99617,4421.81,241.286,False,-115.683,5.22907,22.27252740903105,0.05857711185348949,22.299355569031917,0.000247628142199531,22.285999791817677,0.059245634146652223,nan,nan
2016 AP244,562842,MBO,MBO,21164732347003984,745319372787023932,22.069124,2.680533,2.5977597,149.88254561181182,2.588267965272748,2025052800169,102,60824.03570848347,r,149.88254354577398,2.5882790681036223,18.074777603149414,4546.38,250.232,False,4410.91,0.819638,4384.92,250.767,False,-126.098,5.01284,22.2558356966506,0.05975874061570363,22.28867947017778,0.0002017521633626746,22.295095833456003,0.062091626267750354,nan,nan
2016 AP244,562842,MBO,MBO,21164732347003984,745319372921241673,22.069118,2.6805322,2.5977657,149.88266043947218,2.5882303172074645,2025052800170,102,60824.036233814564,r,149.8826511889317,2.5882477303488916,15.58613395690918,3939.78,249.44,False,3953.88,5.61486,3825.27,249.63,False,-130.697,5.2737,22.411320063919206,0.06874141184322029,22.407441321258506,0.0015418416922420022,22.443344758234435,0.07085312480200563,nan,nan
2016 AP244,562842,MBO,MBO,21164732347003984,745319373057032222,22.06911,2.6805315,2.597772,149.88277549259408,2.588192596648038,2025052800171,105,60824.03675923546,r,149.88279627130626,2.5882131955628727,17.731731414794922,4876.95,274.936,False,4881.0,1.88301,4711.61,277.732,False,-169.8,4.54464,22.179629198785793,0.06120791934981562,22.178727980858696,0.00041885928360350564,22.217076694342072,0.06400013807134138,nan,nan
2016 AP244,562842,MBO,MBO,21164732347003984,745319373191249950,22.069105,2.6805308,2.597778,149.88289011472585,2.5881550188187847,2025052800172,105,60824.0372834039,r,149.88289175765505,2.5881477110690385,16.951251983642578,4469.56,261.482,False,4429.09,1.24617,4282.33,263.178,False,-172.733,4.8415,22.274338056559454,0.06351866061517862,22.284213774988537,0.00030548306350247645,22.320799651814916,0.06672579821979102,nan,nan
2016 AP244,562842,MBO,MBO,21164732347003984,745319373323894804,22.069098,2.68053,2.597784,149.88300408720212,2.588117655394922,2025052800173,102,60824.037804515276,r,149.88297871102841,2.5880986298614146,15.085325241088867,4533.36,298.778,False,4600.27,1.36103,4327.25,301.874,False,-226.978,4.29192,22.25894951195287,0.0715571051059051,22.243041690061958,0.0003212245197695397,22.309470033505335,0.07574222043747378,nan,nan
2016 AP244,562842,MBO,MBO,21164732347003984,745319373458112546,22.069092,2.680529,2.5977902,149.88311916015454,2.588079932649839,2025052800174,102,60824.03833093225,r,149.88313349230987,2.5880917910444636,15.982674598693848,4841.41,301.495,False,4898.91,1.49191,4697.39,304.711,False,-226.168,4.15702,22.187570307728233,0.06761336494688894,22.174751313077202,0.00033064919108583745,22.220358421136588,0.07042969680366339,nan,nan
2016 AP244,562842,MBO,MBO,21164732347003984,745319373592330271,22.069084,2.6805284,2.5977964,149.8832344585317,2.5880421374724616,2025052800175,102,60824.038857291715,r,149.88324205709887,2.588039433926654,16.15087127685547,4616.34,284.015,False,4519.26,3.51645,4492.43,286.309,False,-204.507,4.50727,22.23925556742083,0.06679867482378074,22.262331737103956,0.0008448146814655878,22.268796660621796,0.0691955188054127,nan,nan
2016 AP244,562842,MBO,MBO,21164732347003984,745319373726548033,22.069078,2.6805277,2.5978024,149.88334932593378,2.5880044850369037,2025052800176,102,60824.03938280088,r,149.8833600335028,2.5880245420870827,14.683199882507324,4092.11,278.015,False,4243.04,1.87847,3976.75,280.34,False,-180.273,4.49646,22.370131722833225,0.07376413609269752,22.330807175083894,0.00048067489558775733,22.40117927563611,0.07653870212253958,nan,nan
2016 AP244,562842,MBO,MBO,21164732347003984,745319373862862892,22.06907,2.680527,2.5978086,149.88346441900984,2.5879667601040257,2025052800177,106,60824.039908189545,r,149.88345871179757,2.5879931740550868,15.960494041442871,4404.56,273.99,False,4381.49,9.11184,4351.14,276.028,False,-149.046,4.53171,22.290243659484442,0.06753928841505329,22.29594537985262,0.00225792009570786,22.303492323011834,0.06887702996103988,nan,nan
2016 AP244,562842,MBO,MBO,21164732347003984,745319373992886308,22.069065,2.6805263,2.5978148,149.88357951873715,2.5879290344769754,2025052800178,98,60824.04043414835,r,149.8835657166984,2.587947211008931,14.745536804199219,4111.34,277.029,False,4075.25,12.0316,4013.79,279.371,False,-116.216,4.38036,22.365041557279742,0.07315873109169585,22.37461435977005,0.003205482784985267,22.391113372883332,0.07557027365486745,nan,nan
2016 AP244,562842,MBO,MBO,21164732347003984,745319374127104061,22.069057,2.6805253,2.5978208,149.88369396876556,2.5878915232796014,2025052800179,98,60824.04095713925,r,149.8837060129965,2.5878934518210217,16.641998291015625,4320.92,259.468,False,4341.39,9.08073,4284.52,260.993,False,-59.6521,4.62826,22.311059455611687,0.06519764138676841,22.305927961911625,0.0022709955779025653,22.320244558940466,0.06613799456066947,nan,nan
2016 AP244,562842,MBO,MBO,21164732347003984,745319374263418957,22.069052,2.6805246,2.5978272,149.88381127057664,2.5878530789466407,2025052800180,102,60824.04149341594,r,149.88379632892585,2.587868454395418,16.915529251098633,4469.58,260.378,False,4537.03,3.34442,4412.65,260.054,False,-44.5821,4.55026,22.27433319346758,0.06325019498663022,22.258070924059695,0.0008003381071576509,22.288251319786553,0.06398650099182707,nan,nan
2016 AP244,562842,MBO,MBO,21164732347003984,745319374399209529,22.069044,2.6805239,2.5978332,149.88392660970845,2.587815279388668,2025052800181,105,60824.04202079975,r,149.8839349478905,2.5877860692830685,14.507047653198242,3871.36,265.929,False,3794.77,1.01669,3895.24,267.707,False,-44.5118,4.98959,22.43034107364507,0.07458069503850323,22.452036348021405,0.0002908890798338188,22.423664449456282,0.07461906934902685,nan,nan
2016 AP244,562842,MBO,MBO,21164732347003984,745319374533427242,22.069038,2.6805232,2.5978394,149.88404195571,2.5877774791036856,2025052800182,105,60824.04254722603,r,149.88404621595961,2.5877727532533346,15.475808143615723,4295.41,274.209,False,4419.78,5.8151,4260.65,278.786,False,-46.6996,4.71517,22.317488400832527,0.06931087935962067,22.286498421917997,0.001428502124713572,22.326310375791316,0.0710426982222537,nan,nan
2016 AP244,562842,MBO,MBO,21164732347003984,745319374667644940,22.06903,2.6805224,2.5978456,149.8841564330266,2.5877399650126,2025052800183,105,60824.0430702788,r,149.88415619282014,2.587734164003624,15.681723594665527,4199.73,265.758,False,4283.76,1.2637,4264.49,267.403,False,-41.6163,4.57702,22.3419465786256,0.06870514982503798,22.32043723126529,0.00032028986827755215,22.32533218945308,0.06808061898117396,nan,nan
2016 AP244,562842,MBO,MBO,21164732347003984,745319374822309905,22.069025,2.6805215,2.5978518,149.88427135496698,2.5877023067449345,2025052800184,144,60824.04359566094,r,149.8842790347649,2.5876858505758125,17.806333541870117,5047.69,281.574,False,4724.77,0.919755,4982.68,283.607,False,-45.033,4.45293,22.142268324619764,0.060565346769281575,22.21404831533617,0.00021135659076106808,22.156342470187457,0.061798544383388554,nan,nan
2016 AP244,562842,MBO,MBO,21164732347003984,745319374936080423,22.069017,2.6805208,2.5978577,149.8843867216319,2.5876645042930844,2025052800185,105,60824.044122991545,r,149.88438034008777,2.587645093197307,14.375455856323242,3785.55,267.324,False,3954.57,1.80507,3792.88,268.769,False,-34.7558,4.43677,22.45467751906574,0.07667138117936918,22.407251812709355,0.0004955860848355711,22.452577277014267,0.07693685446187683,nan,nan
2016 AP244,562842,MBO,MBO,21164732347003984,745319375087075356,22.069012,2.68052,2.597864,149.8845018762705,2.587626772868891,2025052800186,137,60824.044648688796,r,149.8844933619844,2.5876305241915456,16.776479721069336,4397.31,261.394,False,4232.76,7.37954,4319.35,262.047,False,-25.6284,4.96293,22.292032276939572,0.06454058031923152,22.333440949074905,0.0018929101011703564,22.311453983792937,0.06586961131531514,nan,nan
2016 AP244,562842,MBO,MBO,21164732347003984,745319375200845865,22.069004,2.6805193,2.59787,149.8846166000719,2.587589184162148,2025052800187,98,60824.045172979844,r,149.8846263152452,2.587602535032208,15.910276412963867,4645.92,290.628,False,4636.5,0.481913,4703.16,292.073,False,65.2159,4.39519,22.232320700172608,0.06791880552180285,22.23452433970253,0.00011285029483844133,22.219025580037133,0.0674257771108074,26.86411632635356,0.07317259901076673
2016 AP244,562842,MBO,MBO,21164732347003984,745319375355510840,22.068996,2.6805184,2.5978763,149.88473242554525,2.587551236075407,2025052800188,137,60824.04570146889,r,149.88474176900525,2.587562381480609,16.21767234802246,4349.69,264.26,False,4196.88,2.17881,4564.11,266.688,False,143.43,4.67593,22.30385424930052,0.06596255455843274,22.342683650939716,0.0005636598705154073,22.251609775422814,0.06344124329270599,26.00840005940423,0.03539585007560133
2016 AP244,562842,MBO,MBO,21164732347003984,745319375604023312,22.068981,2.6805167,2.5978913,149.88501643588918,2.58745819206525,2025052800190,99,60824.046998932594,r,149.88504895233586,2.587456550524966,13.234207153320312,4142.24,312.015,False,4327.98,6.64283,4712.6,315.025,False,519.846,4.52234,22.35691179315861,0.08178328118698823,22.309286891930277,0.0016664496951511317,22.21684853021573,0.07257862627623082,24.61031321615195,0.009445235695429478
2016 AP244,562842,MBO,MBO,21164732347003984,745319375738241038,22.068974,2.6805158,2.5978975,149.88513097185003,2.58742067192488,2025052800191,99,60824.04752198832,r,149.88512631710498,2.5874239153148415,13.316977500915527,3972.05,296.158,False,3858.78,6.74004,4543.39,299.569,False,503.163,4.27004,22.402463219806606,0.08095302112960921,22.433874944466435,0.0018964297535572932,22.2565499227943,0.07158815325138664,24.645728267503312,0.00921398654864112
2016 AP244,562842,MBO,MBO,21164732347003984,745319375872458774,22.068968,2.680515,2.5979035,149.88524595284355,2.5873830075920554,2025052800192,99,60824.0480465993,r,149.88522640352434,2.587359861610529,14.101125717163086,3675.01,260.685,False,3612.49,10.476,4287.69,263.112,False,423.274,5.28042,22.48685368418412,0.0770161548225825,22.505483369025857,0.0031485685301707927,22.31944156901873,0.06662567202386933,24.833446052942286,0.01354475625842946
2016 AP244,562842,MBO,MBO,21164732347003984,745319376007200831,22.06896,2.6805143,2.5979097,149.88536094090512,2.5873453425481903,2025052800193,100,60824.048571769206,r,149.88537965991296,2.587342485078543,16.764406204223633,4451.17,263.867,False,4348.67,2.99391,4815.11,263.916,False,333.212,5.07341,22.278814565897783,0.06436284503637521,22.30410888860198,0.0007474921343269977,22.193484498517627,0.059509159330015944,25.09319839842635,0.016531171935181388
2016 AP244,562842,MBO,MBO,21164732347003984,745319376142467133,22.068953,2.6805136,2.597916,149.88547615505155,2.587307605065493,2025052800194,102,60824.04909724841,r,149.88551178731197,2.5872973665723813,15.793356895446777,4065.74,254.045,False,3784.02,0.422291,4286.73,255.111,False,225.114,5.2947,22.37715099637548,0.06784148834215939,22.45511643652329,0.00012116654690132609,22.319684679190342,0.06461410958394946,25.518993745344833,0.02553660670625686
2016 AP244,562842,MBO,MBO,21164732347003984,745323760496672802,22.051153,2.6790879,2.6091733,150.10541311384236,2.516438121890718,2025052900092,98,60825.028359943615,r,150.10539909777512,2.5164337564775066,21.736907958984375,4969.19,226.088,False,4659.52,0.258872,4925.27,224.507,False,-65.9407,6.14501,22.159286006361135,0.04939878072131604,22.229147044972997,6.0320956704943855e-05,22.16892488764797,0.04949076522985293,nan,nan
2016 AP244,562842,MBO,MBO,21164732347003984,745323760630890554,22.051144,2.6790872,2.6091793,150.10552997546372,2.5163995721108257,2025052900093,98,60825.028885205786,r,150.10551489291163,2.5163995551070344,21.111045837402344,4633.8,218.647,False,4433.28,0.15719,4535.38,217.722,False,-58.8272,7.39479,22.235156832708235,0.05123073447574208,22.28318714856468,3.849675114650771e-05,22.25846582658157,0.052121027171442846,nan,nan
2016 AP244,562842,MBO,MBO,21164732347003984,745323760765108283,22.051136,2.6790864,2.6091855,150.10564662105872,2.5163610949446418,2025052900094,98,60825.02941036766,r,150.1056337955656,2.516368940029571,21.484010696411133,4646.4,216.234,False,4355.95,1.11931,4597.2,214.707,False,-55.5166,7.51577,22.23220853610963,0.05052795291185076,22.302292736216625,0.00027899203620161727,22.243766458795633,0.050708073219851234,nan,nan
2016 AP244,562842,MBO,MBO,21164732347003984,745323760919773216,22.051126,2.6790857,2.6091914,150.10576327307567,2.516322617019054,2025052900095,137,60825.02993560632,r,150.1057609983019,2.5163386313425646,23.70577049255371,5108.59,213.815,False,4719.11,0.344658,5007.57,210.967,False,-64.8147,7.93383,22.12924741091357,0.045442420779796544,22.21534977985654,7.929623720849123e-05,22.1509324657642,0.04574164969852093,nan,nan
2016 AP244,562842,MBO,MBO,21164732347003984,745323761053466633,22.051119,2.679085,2.6091976,150.1058797092724,2.5162842116456523,2025052900096,136,60825.03045977649,r,150.10589594055568,2.5162896335239577,19.568618774414062,4543.15,230.799,False,4290.98,1.19467,4431.08,228.603,False,-25.7488,6.47285,22.25660733324041,0.05515706752687247,22.318608779149695,0.00030228442833750635,22.28372600340576,0.05601400692253091,nan,nan
2016 AP244,562842,MBO,MBO,21164732347003984,745323761301454905,22.051102,2.6790833,2.6092098,150.10611304508382,2.516207252178137,2025052900098,97,60825.03150921374,r,150.10612107513197,2.516213380503573,21.534317016601562,4874.07,224.641,False,4866.7,0.903669,4985.43,223.857,False,100.47,7.05387,22.18027063388988,0.050040496462641755,22.18191351724095,0.00020160398436016292,22.155743404861425,0.048751990337295645,26.39490898115956,0.07622814937751175
2016 AP244,562842,MBO,MBO,21164732347003984,745323761590337609,22.051085,2.679082,2.609222,150.10634596201487,2.516130436420872,2025052900100,136,60825.03255740818,r,150.10634843178957,2.5161202791794905,22.936542510986328,5017.02,216.753,False,4810.88,0.260378,5091.07,214.01,False,101.485,7.54441,22.14888541498364,0.04690764341542303,22.194438715872327,5.876301878175282e-05,22.132977366390666,0.045640387431106724,26.383995353330747,0.08071379297053864
2016 AP244,562842,MBO,MBO,21164732347003984,745323761724555268,22.051077,2.6790812,2.6092281,150.10646198551564,2.516092174083824,2025052900101,136,60825.033079287,r,150.10647463501627,2.5160917730112047,22.30259132385254,4630.57,206.698,False,4677.46,1.69324,4706.24,206.81,False,62.4257,6.60629,22.235913906749566,0.048464769661124896,22.22497480343323,0.00039303639949580155,22.21831476907907,0.0477113557049697,26.91159142780347,0.1148995998904444
2016 AP244,562842,MBO,MBO,21164732347003984,745323761992466468,22.05106,2.6790795,2.6092403,150.1066951633097,2.516015280741536,2025052900103,135,60825.034128061634,r,150.1067054135484,2.51601074646468,21.941116333007812,5000.59,227.109,False,4888.49,1.39852,4878.79,224.817,False,14.303,7.39351,22.152446913771342,0.04931027426898186,22.177063120146123,0.00031061201239895126,22.179219678862925,0.05003124870073532,28.511432119230953,0.5612389769855681
2016 AP244,562842,MBO,MBO,21164732347003984,745323762126684207,22.05105,2.6790788,2.6092463,150.1068118731474,2.5159767963337987,2025052900104,135,60825.034653270595,r,150.1068210907648,2.5159674175567432,19.97540855407715,4880.27,243.012,False,4812.67,1.08205,4804.3,241.665,False,-24.4636,5.33097,22.17889037083942,0.054064000224945036,22.19403480873204,0.0002441099934882135,22.195924747417845,0.05461450019779765,nan,nan
2016 AP244,562842,MBO,MBO,21164732347003984,745323762240979043,22.051043,2.679078,2.6092525,150.10692881191017,2.515938237885503,2025052900105,97,60825.03517963602,r,150.10693225842556,2.515911956053696,19.682292938232422,4897.76,250.02,False,4807.97,0.807389,4807.13,248.599,False,-44.9051,5.2361,22.175006301918692,0.05542447640196838,22.195095578578737,0.00018232465097859046,22.195285359008146,0.05614845870327501,nan,nan
2016 AP244,562842,MBO,MBO,21164732347003984,745323762375196718,22.051033,2.6790774,2.6092587,150.10704509020508,2.515899898658137,2025052900106,97,60825.03570259073,r,150.1070609745768,2.515899086939495,17.143774032592773,4551.89,262.81,False,4663.6,1.2315,4519.55,263.05,False,-66.1581,5.04603,22.254520571273567,0.06268655893515283,22.228196743192974,0.00028670643714288565,22.262262058479,0.06319277533169211,nan,nan
2016 AP244,562842,MBO,MBO,21164732347003984,745323762509414424,22.051025,2.6790764,2.6092646,150.10716070794223,2.515861778664373,2025052900107,97,60825.03622262055,r,150.10712374397582,2.515848336229579,16.687829971313477,4726.17,279.726,False,4633.63,11.443,4665.7,279.8,False,-73.9569,4.714,22.213726670149917,0.06426105386528042,22.23519664748707,0.002681284334594384,22.227707927949425,0.06511112247266064,nan,nan
2016 AP244,562842,MBO,MBO,21164732347003984,745323762643632154,22.051016,2.6790757,2.6092708,150.10727722172336,2.515823364693884,2025052900108,97,60825.03674677969,r,150.10727406626805,2.515838626709002,16.850305557250977,4964.8,295.19,False,5033.6,2.81447,4924.37,298.229,False,-93.7703,4.4844,22.16024564711204,0.06455415838332046,22.145303226577784,0.0006070748518277201,22.169123282014574,0.06575420188661671,nan,nan
2016 AP244,562842,MBO,MBO,21164732347003984,745323762797772857,22.051008,2.679075,2.6092768,150.1073935195874,2.515785023374943,2025052900109,135,60825.03726984469,r,150.10740116060103,2.5157874900159767,17.572086334228516,4880.78,274.863,False,4745.46,5.58084,4720.93,277.193,False,-89.8445,4.64748,22.178776966849775,0.06114365546935499,22.209304216355267,0.0012768667760589133,22.21493105722368,0.06374982411886461,nan,nan
2016 AP244,562842,MBO,MBO,21164732347003984,745323762909970515,22.051,2.6790743,2.609283,150.1075100466046,2.5157466079843265,2025052900110,93,60825.037793897034,r,150.107523390965,2.5157361668694227,18.539583206176758,4405.39,237.163,False,4412.76,0.877119,4221.92,238.658,False,-63.9634,5.36068,22.290039062215268,0.05845031687118161,22.28822428817068,0.0002158104927286923,22.336225020783615,0.061374834463700095,nan,nan
2016 AP244,562842,MBO,MBO,21164732347003984,745323763179454524,22.050978,2.6790724,2.6092982,150.10780117074998,2.5156506397718124,2025052900112,95,60825.03910224287,r,150.10781013727353,2.5156608065797945,18.746585845947266,4783.9,250.48,False,4743.01,0.971734,4612.31,250.613,False,-59.5853,6.16986,22.200544790104797,0.05684801218265733,22.209864952890307,0.0002224424623972161,22.24020376330342,0.05899421573643343,nan,nan
2016 AP244,562842,MBO,MBO,21164732347003984,745323763318915107,22.05097,2.6790717,2.6093042,150.10791838839947,2.515612001966168,2025052900113,105,60825.03962907732,r,150.1079169880727,2.5155981962701466,18.606544494628906,4758.77,257.233,False,4917.08,1.04919,4619.53,256.34,False,-73.9001,5.09412,22.206263207882255,0.05868894312349319,22.170731797149,0.00023167074743159192,22.238505570906653,0.06024803988620681,nan,nan
2016 AP244,562842,MBO,MBO,21164732347003984,745323763449462818,22.05096,2.6790707,2.6093104,150.10803561286198,2.515573363445484,2025052900114,98,60825.04015647087,r,150.1080270450798,2.5155787344982095,21.08518409729004,5035.78,234.946,False,5105.89,7.21594,4937.22,233.843,False,-53.549,10.148,22.144833174658338,0.05065538770922157,22.129821335330657,0.0015344253593568657,22.16629375377689,0.05142404081635181,nan,nan
2016 AP244,562842,MBO,MBO,21164732347003984,745323763582107735,22.050953,2.67907,2.6093166,150.10815217673226,2.515534944189395,2025052900115,95,60825.04068076155,r,150.10815310938688,2.5155188314948336,21.9541015625,5413.59,236.953,False,5854.72,7.1877,5394.51,239.714,False,-53.4304,11.7219,22.066286628221967,0.04752270887384233,21.981234635361524,0.0013329323366004539,22.07012004091778,0.0482464922298781,nan,nan
2016 AP244,562842,MBO,MBO,21164732347003984,745323763717898316,22.050943,2.6790693,2.6093225,150.1082685249627,2.5154965975328034,2025052900116,98,60825.041203718705,r,150.10825863001327,2.515522413390359,20.015201568603516,4785.78,231.236,False,5065.62,12.0941,4747.49,232.09,False,-41.5996,12.5981,22.20011822267033,0.052459849825290734,22.13841845523223,0.002592180607415761,22.208839799843034,0.05307825805762893,nan,nan
2016 AP244,562842,MBO,MBO,21164732347003984,745323763852115984,22.050936,2.6790686,2.6093287,150.1083853249371,2.515458103528484,2025052900117,98,60825.04172892816,r,150.10838370657356,2.515455697304895,20.02012062072754,4805.28,230.567,False,5310.32,1.83248,4688.97,229.828,False,-38.643,10.9331,22.19570330166809,0.05209580964539516,22.08719830477721,0.0003746647840725514,22.222306314916622,0.053216926577626875,nan,nan
2016 AP244,562842,MBO,MBO,21164732347003984,745323764006780930,22.050926,2.6790679,2.6093347,150.10850235420608,2.515419535510706,2025052900118,137,60825.04225404642,r,150.10850656663513,2.515398994330919,19.463115692138672,4399.99,223.134,False,4582.49,3.28353,4377.28,221.486,False,-38.7365,13.3557,22.29137071853553,0.05506027339233597,22.247246129695906,0.0007779716299819795,22.296989233612226,0.054937169345512446,nan,nan
2016 AP244,562842,MBO,MBO,21164732347003984,745323764120027201,22.050919,2.679067,2.609341,150.1086196129347,2.5153808934421686,2025052900119,97,60825.042781189695,r,150.1086325543688,2.51538135148077,19.82466697692871,4709.08,232.203,False,5036.56,4.9928,4610.21,232.764,False,-56.3064,13.3727,22.217659810741722,0.053537252064463095,22.144664957315488,0.0010763028567141507,22.2406982381527,0.05481752725426232,nan,nan
2016 AP244,562842,MBO,MBO,21164732347003984,745323764255293492,22.050905,2.679066,2.60935,150.10879250992488,2.5153239189261622,2025052900120,99,60825.04355816226,r,150.10879210278674,2.515351732935082,20.001745223999023,5208.17,259.656,False,5723.44,3.45265,5088.69,256.996,False,-63.2862,9.30275,22.1082871372667,0.05412994018500049,22.00585717516364,0.0006549675058956586,22.133485025714496,0.0548333396761371,nan,nan
2016 AP244,562842,MBO,MBO,21164732347003984,745323764385841198,22.050898,2.679065,2.6093562,150.1089093407926,2.5152854217615994,2025052900121,92,60825.04408396741,r,150.10891405625495,2.515296588947058,19.36001968383789,5070.9,252.797,False,5461.75,3.05087,4951.99,252.08,False,-65.7957,14.3812,22.137287405442983,0.05412665551661031,22.05667045662093,0.0006064795993453414,22.163050551105364,0.05526916886539759,nan,nan
2016 AP244,562842,MBO,MBO,21164732347003984,745323764523204651,22.050882,2.6790638,2.609366,150.1090976199852,2.515223384863593,2025052900122,98,60825.044929514916,r,150.10907803956164,2.5152259019954015,18.986068725585938,4892.59,252.553,False,5040.63,3.98779,4794.5,252.326,False,-99.4758,6.93109,22.17615297636877,0.056045149443953085,22.143787975584026,0.0008589577488517688,22.198141692590582,0.05714036457930816,nan,nan
2016 AP244,562842,MBO,MBO,21164732347003984,745323764657422420,22.050875,2.679063,2.6093721,150.10921402388306,2.515185032532296,2025052900123,98,60825.04545278364,r,150.10921354362878,2.5151391871572035,17.308324813842773,4366.58,242.455,False,4935.49,6.21847,4223.1,241.989,False,-124.343,9.52355,22.299646427410902,0.0602856626473939,22.16667425768356,0.0013679731498701876,22.33592156156645,0.0622140632839982,nan,nan
2016 AP244,562842,MBO,MBO,21164732347003984,745323764791640150,22.050865,2.6790624,2.609378,150.10933043473037,2.5151466795064183,2025052900124,98,60825.04597517384,r,150.10933144451658,2.5151591117360295,18.08439064025879,4602.21,245.6,False,4984.62,10.5832,4502.02,245.529,False,-114.354,8.7319,22.242583929837423,0.057941037192723976,22.155919835254313,0.0023052035312124864,22.266481445288644,0.059213360006421294,nan,nan
2016 AP244,562842,MBO,MBO,21164732347003984,745323764946305070,22.050858,2.6790617,2.609384,150.10944640733914,2.5151084724573605,2025052900125,137,60825.04649620871,r,150.10945075276783,2.5150961952105964,18.355981826782227,4286.12,229.256,False,4559.45,1.77923,4190.69,227.167,False,-83.6118,14.1676,22.319839155388568,0.05807385910194374,22.252718809752224,0.00042368582686688505,22.34428617583096,0.05885509258846066,nan,nan
2016 AP244,562842,MBO,MBO,21164732347003984,745323765079998476,22.050848,2.6790607,2.6093903,150.10956349992415,2.5150698980546258,2025052900126,136,60825.047022808765,r,150.10957255514225,2.5150812150485207,20.466014862060547,4882.65,231.271,False,5237.25,5.24618,4769.62,230.738,False,-71.4066,12.6366,22.178361036377094,0.05142684783705844,22.102241736418208,0.0010875874982358427,22.203790523877245,0.05252422654535392,nan,nan
