provid,permid,orbit_class,population,ssObjectId,diaSourceId,phaseAngle,helioRange,topoRange,ephRa,ephDec,visit,detector,midpointMjdTai,band,ra,dec,snr,psfFlux,psfFluxErr,psfFlux_flag,trailFlux,trailFluxErr,scienceFlux,scienceFluxErr,forced_PsfFlux_flag,templateFlux,templateFluxErr,psfMag,psfMagErr,trailMag,trailMagErr,scienceMag,scienceMagErr,templateMag,templateMagErr
2016 QL105,564844,MBO,MBO,21164732614522188,745262191851077706,18.641254,3.1492627,2.8900623,149.326248752999,2.7236415431139527,2025051500122,58,60811.04208450287,i,149.32624216012675,2.723640650211085,14.168066024780273,6032.17,420.559,False,6822.77,4.07274,6014.59,421.632,False,-48.3819,10.851,21.948816083009305,0.07569682686543457,21.815098168946598,0.0006481123271875867,21.951984958495114,0.07611177601775779,nan,nan
2016 QL105,564844,MBO,MBO,21164732614522188,745262191985819723,18.641272,3.1492622,2.8900683,149.32631274055393,2.723631135610207,2025051500123,59,60811.04255635306,i,149.32632703497106,2.723619012839651,20.242767333984375,6434.88,313.462,False,6323.8,3.19045,6406.11,312.028,False,-11.2157,11.9292,21.878648888689426,0.052889417442210984,21.897554717934213,0.0005477698742074848,21.88351404389963,0.0528839061712919,nan,nan
2016 QL105,564844,MBO,MBO,21164732614522188,745262192120037461,18.64129,3.1492617,2.8900745,149.3263771387558,2.7236206613474865,2025051500124,59,60811.0430310299,i,149.3263991869372,2.72360589726928,20.379613876342773,6280.92,305.304,False,6185.83,4.46534,6251.39,300.948,False,12.1917,13.2858,21.904941858915187,0.052775643495110026,21.921505035091002,0.0007837560024430959,21.910058492009906,0.05226839632192219,28.684839332920454,1.183171671653908
2016 QL105,564844,MBO,MBO,21164732614522188,745262192255828008,18.64131,3.1492615,2.8900807,149.3264422190036,2.7236100761873336,2025051500125,62,60811.04351116055,i,149.32647026304323,2.7236031810889165,19.674592971801758,6230.36,315.143,False,6300.54,3.10583,6161.5,314.248,False,24.4336,16.1504,21.9137171698193,0.05491852446986597,21.90155556051955,0.0005352099988466712,21.925783867957204,0.05537457039659796,27.930031373940047,0.7176623402130213
2016 QL105,564844,MBO,MBO,21164732614522188,745262192409968652,18.641327,3.149261,2.890087,149.32650648989872,2.723599622705784,2025051500126,100,60811.043985125616,i,149.3265287641967,2.723591456382125,18.472789764404297,6150.18,336.958,False,5642.56,1.35478,6125.3,334.948,False,19.0482,11.7878,21.92778040234952,0.05948565702284172,22.021309524144755,0.000260685510724545,21.932181624414717,0.05937099893664729,28.20036510944991,0.6718976411146858
2016 QL105,564844,MBO,MBO,21164732614522188,745262192524263463,18.641346,3.1492608,2.890093,149.32657062917812,2.723589190673009,2025051500127,62,60811.04445870916,i,149.32656024887677,2.723603277334331,14.300555229187012,6299.57,433.274,False,6231.31,5.79732,6227.6,434.639,False,25.2299,11.5789,21.901722764995665,0.07467513928616684,21.913551596270835,0.0010101182632447348,21.914198208049335,0.0757761094349508,27.895211161571794,0.49828303433503984
2016 QL105,564844,MBO,MBO,21164732614522188,745262192657956925,18.641363,3.1492603,2.8900993,149.32663558629662,2.723578625667308,2025051500128,61,60811.0449378077,i,149.32667032049318,2.72357834852815,12.849276542663574,6180.48,470.985,False,5632.12,8.65826,6162.68,472.9,False,-8.17856,10.1996,21.92244448995818,0.08273879247399242,22.023320228736488,0.0016691026703423363,21.925575925593606,0.08331515346538676,nan,nan
2016 QL105,564844,MBO,MBO,21164732614522188,745262192926916733,18.641401,3.1492596,2.8901117,149.3267648349752,2.723557604056755,2025051500130,62,60811.04589065211,i,149.32678379874457,2.7235427887284414,14.084091186523438,6997.05,496.65,False,6895.49,46.257,6918.71,489.093,False,-64.4773,15.0599,21.787712586970407,0.07706546251894231,21.803587130640032,0.0072834414788950684,21.799937187656813,0.07675216428251314,nan,nan
2016 QL105,564844,MBO,MBO,21164732614522188,745262193081581579,18.641418,3.149259,2.8901176,149.32682899087175,2.7235471695220235,2025051500131,101,60811.046363020694,i,149.32683974001867,2.723535600037073,18.64273452758789,6808.96,362.827,False,6350.3,3.06756,6726.69,360.519,False,-78.2106,12.4469,21.81729804904343,0.057855297683863764,21.89301442675122,0.0005244730183715468,21.830496475329824,0.058190365206583904,nan,nan
2016 QL105,564844,MBO,MBO,21164732614522188,745262193215799324,18.641438,3.1492586,2.8901238,149.32689369345923,2.723536646130168,2025051500132,101,60811.04684006958,i,149.32692578765608,2.723530294077618,14.45327091217041,6836.72,470.845,False,6377.15,2.11822,6681.27,468.998,False,-99.1668,12.0178,21.812880481885035,0.07477466513033056,21.888433435736516,0.00036063575069077917,21.837852440349792,0.0762142664039021,nan,nan
2016 QL105,564844,MBO,MBO,21164732614522188,745262193350017081,18.641455,3.1492584,2.8901303,149.32695853604065,2.723526100031697,2025051500133,101,60811.04731837158,i,149.32696597036622,2.7235236962946883,11.959264755249023,6839.81,561.522,False,7265.6,10.7674,6802.93,564.719,False,-112.091,10.1425,21.812389896156574,0.08913474647064112,21.746821274014493,0.0016090282459396944,21.81825996636917,0.09012820087965372,nan,nan
2016 QL105,564844,MBO,MBO,21164732614522188,745262193484234815,18.641474,3.149258,2.8901362,149.3270227044613,2.7235156636443376,2025051500134,101,60811.04779119583,i,149.3270386492139,2.7235047051877337,15.522950172424316,6191.25,390.832,False,5952.02,1.32718,6121.62,388.925,False,-101.809,10.4839,21.920554147523717,0.06853873663206075,21.963339041791645,0.00024209720428719944,21.932834061123152,0.06898009548098946,nan,nan
2016 QL105,564844,MBO,MBO,21164732614522188,745262193598005292,18.641493,3.1492574,2.8901427,149.32709013340346,2.723504697036708,2025051500135,62,60811.048288111924,i,149.32710503295104,2.723490720824063,17.971582412719727,6285.46,342.15,False,5825.85,1.23823,6239.48,340.269,False,-80.2553,10.9578,21.904157339420852,0.059102219748414044,21.98660173550425,0.0002307630830575458,21.912129010979776,0.05921044499413189,nan,nan
2016 QL105,564844,MBO,MBO,21164732614522188,745262193732223042,18.641512,3.1492572,2.8901489,149.32715458189668,2.723494215240667,2025051500136,62,60811.048763050516,i,149.32714784474337,2.7234789800522776,15.920377731323242,6501.95,405.214,False,6396.81,2.05661,6507.27,405.122,False,-82.1834,10.0101,21.86739090376529,0.0676651597745026,21.88509136164962,0.0003490702447385651,21.86650292954642,0.06759449531010177,nan,nan
2016 QL105,564844,MBO,MBO,21164732614522188,745262193865916493,18.64153,3.1492567,2.890155,149.32721889893537,2.723483754898556,2025051500137,61,60811.04923726723,i,149.32724772996752,2.72346349197837,17.678579330444336,6565.0,373.932,False,6481.66,3.63091,6557.04,373.058,False,-53.9583,10.1074,21.856913173936253,0.061841815375421424,21.87078435864309,0.0006082099741490617,21.858230411014123,0.06177217002958726,nan,nan
2016 QL105,564844,MBO,MBO,21164732614522188,745262194158993467,18.641565,3.149256,2.8901675,149.32734781727106,2.723462788219761,2025051500139,108,60811.0501876124,i,149.32738537349206,2.7234623569629512,15.725409507751465,6553.59,404.472,False,6236.81,21.4702,6558.97,403.845,False,-59.017,9.56469,21.858801856029995,0.06700905736346213,21.91259370535266,0.003737643569993715,21.85791085320625,0.06685030188787855,nan,nan
2016 QL105,564844,MBO,MBO,21164732614522188,745262194289016876,18.641584,3.1492555,2.8901737,149.32741214719206,2.723452326024717,2025051500140,100,60811.050661436646,i,149.32741183930764,2.72341177046075,11.162393569946289,5978.05,533.237,False,5628.78,5.80943,5915.16,535.784,False,-50.1734,9.63902,21.9586011776535,0.09684675354034301,22.02396435479392,0.0011205818762903383,21.97008373028075,0.09834392774715789,nan,nan
2016 QL105,564844,MBO,MBO,21164732614522188,745262194424807439,18.641602,3.149255,2.8901796,149.32747661719782,2.7234418411345693,2025051500141,103,60811.051136607966,i,149.32752070263675,2.7234552811405726,12.203333854675293,6600.42,529.642,False,6507.58,29.7366,6669.69,529.28,False,-62.9936,9.85218,21.851071083890858,0.08712347593722217,21.866451197588177,0.004961307243207981,21.839735887422353,0.08615970087237645,nan,nan
2016 QL105,564844,MBO,MBO,21164732614522188,745262194537529402,18.64162,3.1492548,2.8901858,149.32754109155962,2.7234313556265666,2025051500142,62,60811.05161158222,i,149.3275685889443,2.723422591484236,16.35383415222168,7240.17,434.895,False,6942.59,12.8469,7202.33,436.151,False,-62.5791,10.4971,21.75062810271615,0.06521687197056154,21.796196228388844,0.0020090981532711106,21.75631744768419,0.06574885174174512,nan,nan
2016 QL105,564844,MBO,MBO,21164732614522188,745262194695864415,18.64164,3.1492543,2.890192,149.3276061132952,2.7234207811937927,2025051500143,108,60811.05209077224,i,149.32764376113187,2.7233945567644198,11.501690864562988,6218.97,543.862,False,6026.14,1.68767,6144.67,545.337,False,-58.528,11.2745,21.91570380798226,0.09494991017204238,21.949901932778452,0.000304069333090751,21.928753603733266,0.09635864988434323,nan,nan
2016 QL105,564844,MBO,MBO,21164732614522188,745262194826412091,18.641657,3.149254,2.8901985,149.3276714109511,2.7234101619874926,2025051500144,101,60811.0525717431,i,149.32769057164302,2.7233996198416306,14.889383316040039,6506.32,434.781,False,6316.35,3.30159,6545.66,434.993,False,-58.2584,11.6558,21.866661480947933,0.07255368502567615,21.898834515664095,0.0005675201190142062,21.86011636638178,0.07215279285830274,nan,nan
2016 QL105,564844,MBO,MBO,21164732614522188,745262194960629769,18.641676,3.1492536,2.8902044,149.32773576283597,2.723399696690278,2025051500145,101,60811.05304537207,i,149.32774633440482,2.7234135033578166,12.378966331481934,7022.33,559.692,False,6989.96,25.7722,6904.51,560.642,False,-63.3657,10.4086,21.78379690195195,0.08653507869579632,21.78881327980379,0.004003143132681498,21.802167879477352,0.08816112501094271,nan,nan
2016 QL105,564844,MBO,MBO,21164732614522188,745262195096420374,18.641693,3.1492531,2.8902109,149.3278009337322,2.723389098305299,2025051500146,104,60811.05352545515,i,149.3278034274274,2.7233839984205273,13.709217071533203,6224.58,453.854,False,5953.08,2.03332,6246.64,455.203,False,-55.4885,9.89836,21.914724853915708,0.07916449262933838,21.96314568869289,0.0003708414899031516,21.91088378161284,0.079119393782622,nan,nan
2016 QL105,564844,MBO,MBO,21164732614522188,745262195229065248,18.641714,3.1492527,2.8902173,149.3278697754113,2.723377903079267,2025051500147,101,60811.05403220598,i,149.32788304701498,2.7233740334927448,14.438592910766602,7196.58,496.604,False,7415.15,1.70786,6975.35,495.222,False,-47.7787,8.57392,21.757184594355913,0.07492182962123609,21.724700162464696,0.0002500671532548917,21.79108497491565,0.07708293215833137,nan,nan
2016 QL105,564844,MBO,MBO,21164732614522188,745262195477053458,18.641935,3.149248,2.890293,149.32865931057407,2.7232495165783144,2025051500149,62,60811.059844654694,z,149.32865236195445,2.72321373745794,7.824909687042236,7934.37,992.545,False,7476.88,60.2323,7645.03,998.637,False,-258.732,31.6339,21.651218861777465,0.13581947991841195,21.715698990756827,0.008746481101578931,21.691552045575584,0.14182500300958223,nan,nan
2016 QL105,564844,MBO,MBO,21164732614522188,745262195611271178,18.641954,3.1492476,2.890299,149.32872427541878,2.7232389535407706,2025051500150,62,60811.060322134006,z,149.32869634540094,2.723306170980231,5.417801856994629,9319.32,1708.84,False,9476.33,53.4781,9089.87,1718.13,False,-397.821,28.5268,21.47653940240227,0.19908634501382877,21.458399551011937,0.006127172508852365,21.503605805639182,0.20522140874766606,nan,nan
2016 QL105,564844,MBO,MBO,21164732614522188,745262195745488954,18.641972,3.1492472,2.8903053,149.32878897314288,2.723228434088736,2025051500151,62,60811.060798141785,z,149.32879857892672,2.723200706900448,9.001014709472656,9193.3,984.067,False,11046.1,46.926,8967.25,986.424,False,-324.563,24.0609,21.491321441952774,0.11621911724099963,21.291977611995307,0.004612420448976836,21.51835180569437,0.11943419244870607,nan,nan
2016 QL105,564844,MBO,MBO,21164732614522188,745262195900153887,18.64199,3.1492467,2.8903115,149.32885367557387,2.723217914026801,2025051500152,101,60811.06127419097,z,149.32888306011998,2.72333269595699,6.068278789520264,7591.81,1298.54,False,9822.5,190.241,6923.88,1307.02,False,-547.068,19.1184,21.699136665419417,0.18570959005253956,21.41944490629039,0.021028408084865953,21.79912618744951,0.20495430012750618,nan,nan
2016 QL105,564844,MBO,MBO,21164732614522188,745262196168065029,18.642027,3.149246,2.8903239,149.3289824148766,2.7231969825919733,2025051500154,100,60811.06222199426,z,149.32901456033002,2.7232239037065313,7.669895648956299,7307.35,954.029,False,8006.72,7.03395,6848.11,951.087,False,-311.381,23.5026,21.74060021239585,0.1417509497743872,21.641363367808022,0.0009538255130484022,21.811073202371475,0.1507904492412214,nan,nan
2016 QL105,564844,MBO,MBO,21164732614522188,745262196302282767,18.642044,3.1492457,2.89033,149.32904713153857,2.723186460699744,2025051500155,100,60811.062697028916,z,149.32911956513274,2.7231406862748315,6.696508884429932,6955.68,1001.6,False,7443.79,31.0111,7000.66,1002.6,False,-281.18,21.6638,21.794150987995412,0.15634320852832595,21.720514712900243,0.004523216624550729,21.78715251114355,0.15549377745632073,nan,nan
2016 QL105,564844,MBO,MBO,21164732614522188,745262196440694800,18.642063,3.1492453,2.8903363,149.3291117169011,2.723175960322056,2025051500156,108,60811.06317210624,z,149.32907538788706,2.723151288837579,9.097601890563965,7550.96,816.777,False,7575.6,31.4166,7734.08,815.069,False,-257.101,23.3067,21.70499458144489,0.11744259542027491,21.701457397566443,0.00450263197926289,21.678978338962345,0.11442212659654516,nan,nan
2016 QL105,564844,MBO,MBO,21164732614522188,745262196705460263,18.6421,3.1492445,2.8903484,149.32924103803268,2.7231549356285947,2025051500158,101,60811.06412385822,z,149.32925528872144,2.7231076579169446,7.419457912445068,6854.34,913.98,False,6555.03,64.5639,6888.97,915.573,False,-235.98,24.6678,21.810085916745827,0.14477559879437513,21.85856332648714,0.010693981596277458,21.804614232399267,0.1442988895403408,nan,nan
2016 QL105,564844,MBO,MBO,21164732614522188,745262196841250825,18.642118,3.149244,2.8903546,149.32930604586468,2.723144367089915,2025051500159,104,60811.06460105517,z,149.32935854536777,2.723183417288711,5.225858688354492,8521.7,1644.92,False,9999.67,354.618,8657.03,1658.68,False,-136.527,26.0416,21.57368437230317,0.20957663432306026,21.400035838368545,0.03850343230580587,21.55657765940538,0.2080261856019863,nan,nan
2016 QL105,564844,MBO,MBO,21164732614522188,745262196975468563,18.642136,3.1492436,2.8903608,149.32937065042913,2.723133864292021,2025051500160,104,60811.06507653877,z,149.32938827805555,2.7231327491738617,8.451993942260742,8378.13,955.101,False,8574.55,48.1095,8182.44,956.662,False,-122.127,25.6626,21.592132278070345,0.12377317655840485,21.566971681849303,0.006091774856231307,21.617792934256,0.12694044353157222,nan,nan
2016 QL105,564844,MBO,MBO,21164732614522188,745262197087666222,18.642155,3.1492434,2.8903673,149.3294375723001,2.723122984961143,2025051500161,62,60811.065568884645,z,149.32947462113106,2.7231515534663395,9.227866172790527,6446.9,686.804,False,6454.35,15.3771,6406.78,683.775,False,-77.8649,28.3077,21.8766226820018,0.11566613367091098,21.875368703095496,0.002586701051482875,21.88340050847481,0.11587713715957161,nan,nan
2016 QL105,564844,MBO,MBO,21164732614522188,745262197510766616,18.642208,3.1492422,2.8903859,149.3296318384691,2.7230914047100723,2025051500164,101,60811.066996062786,z,149.32961919808682,2.7230557195539977,8.783124923706055,6586.24,749.821,False,7652.36,87.5411,6334.2,743.087,False,-171.391,20.4249,21.85340608090182,0.12360736327900239,21.69051153709721,0.012420552990461842,21.895770536675517,0.1273714766301169,nan,nan
2016 QL105,564844,MBO,MBO,21164732614522188,745262197914468385,18.642263,3.149241,2.8904045,149.3298257405607,2.723059885402784,2025051500167,103,60811.068421857584,z,149.32978501950657,2.723063516025612,6.053568363189697,5457.29,890.468,False,6375.32,19.7565,5166.5,895.835,False,-173.372,17.399,22.057557410293345,0.1771599748123074,21.88874505883919,0.003364591610430287,22.117008915686878,0.18825907613394122,nan,nan
2016 QL105,564844,MBO,MBO,21164732614522188,745262198047637517,18.64228,3.1492405,2.8904107,149.3298901122724,2.723049422010249,2025051500168,101,60811.06889448274,z,149.32995642174882,2.723048995161609,7.206203460693359,7068.87,974.139,False,7420.11,157.386,7259.96,978.227,False,-115.495,18.7564,21.77662499488727,0.14962192518977746,21.72397416110715,0.02302926549519689,21.747664436125746,0.146295084952747,nan,nan
2016 QL105,564844,MBO,MBO,21164732614522188,745262198187098130,18.6423,3.1492403,2.8904169,149.32995489719212,2.723038891659848,2025051500169,111,60811.06937062166,z,149.33002943567192,2.7230887032021815,9.163662910461426,8381.62,898.215,False,9949.12,99.8471,8192.41,897.437,False,-130.182,28.2911,21.591680066804805,0.1163527528902157,21.405538314504295,0.010896200807483556,21.61647078174795,0.11893689848641634,nan,nan
2016 QL105,564844,MBO,MBO,21164732614522188,745262198450290726,18.642336,3.1492393,2.8904297,149.33008979107782,2.723016966253311,2025051500171,101,60811.07036106307,z,149.33010063878288,2.7229973690933194,6.924193382263184,6642.39,928.66,False,6673.15,42.0593,6652.19,926.736,False,-1.36059,28.5875,21.844189049919876,0.1517947205749053,21.839172798157236,0.0068431407728773925,21.842588396929955,0.15125708394261847,nan,nan
2016 QL105,564844,MBO,MBO,21164732614522188,745262198586081325,18.642355,3.1492388,2.890436,149.33015445531765,2.723006456178491,2025051500172,104,60811.07083650702,z,149.33016240367797,2.7229457383423616,7.86737060546875,5831.95,771.382,False,7515.6,91.4821,6176.62,769.938,False,116.622,36.9825,21.98546548384168,0.1436084599020651,21.710090841519822,0.013215901369233988,21.92312277101329,0.13534093621354842,26.233048772036216,0.34430241838617287
2016 QL105,564844,MBO,MBO,21164732614522188,745262198718726213,18.642374,3.1492386,2.8904424,149.33022348138914,2.7229952374045987,2025051500173,101,60811.07134320839,z,149.33025613522767,2.7230298001498734,7.399198532104492,5277.51,686.797,False,6329.8,115.461,5206.08,680.207,False,-76.8772,47.755,22.09392738597775,0.14129398109225336,21.89652506346151,0.019804763217678645,22.10872289001935,0.14185823560306712,nan,nan
2016 QL105,564844,MBO,MBO,21164732614522188,745262198854516800,18.642393,3.149238,2.8904488,149.33029101542195,2.722984261377081,2025051500174,104,60811.071839933895,z,149.3302893803531,2.7229833895245044,6.453511714935303,5039.1,774.611,False,5080.79,2.47257,4961.16,770.702,False,4.2643,45.5822,22.144117536622986,0.16689948917900393,22.135171879266586,0.0005283742655574279,22.161041882090586,0.16866601092350292,29.825380657288225,11.605713802000462
2016 QL105,564844,MBO,MBO,21164732614522188,745262198988734530,18.642412,3.1492376,2.8904555,149.33036059755588,2.722972952738172,2025051500175,104,60811.07235048553,z,149.3303526339153,2.7229630458415013,6.875403881072998,5988.63,858.702,False,5704.38,50.8676,6053.2,871.991,False,-5.09097,43.2334,21.956681317314192,0.15568233425174854,22.00947890094988,0.009681822660322656,21.945037406461896,0.15640523997118738,nan,nan
2016 QL105,564844,MBO,MBO,21164732614522188,745262199257169939,18.642448,3.149237,2.8904681,149.33049324199578,2.722951395815976,2025051500177,104,60811.073324297315,z,149.33049223095188,2.722941227952527,6.9198198318481445,5996.49,853.759,False,6005.64,163.9,5963.86,854.808,False,2.42186,76.0063,21.9552571731398,0.15458326287368102,21.953601736669437,0.029630839224788402,21.961181425002124,0.15562001739949358,30.43962742324676,34.07413906455011
2016 QL105,564844,MBO,MBO,21164732614522188,745262199369367594,18.642471,3.1492364,2.8904757,149.3305719672273,2.7229386021266104,2025051500178,62,60811.07390261915,z,149.33062851476063,2.722939051620849,9.033255577087402,5754.75,618.395,False,5716.71,31.172,5748.15,613.948,False,6.94578,60.409,21.99993384601892,0.11667124749940286,22.007134603231894,0.005920288096976899,22.0011797867517,0.11596523762306059,29.295697472726015,9.442890605322269
2016 QL105,564844,MBO,MBO,21164732614522188,745262199503585321,18.642488,3.149236,2.890482,149.3306363967865,2.722928131899998,2025051500179,62,60811.07437529799,z,149.33065594352473,2.722920395513899,8.987297058105469,6188.21,682.612,False,6251.45,13.0772,6244.93,682.757,False,9.96279,98.3408,21.921087398659196,0.1197659042518866,21.910048061133736,0.0022712153154363845,21.911181032713177,0.1187033311441228,28.90404761019973,10.717095225957321
2016 QL105,564844,MBO,MBO,21164732614522188,745262199792467974,18.642527,3.1492352,2.8904948,149.33077072083833,2.722906304135406,2025051500181,101,60811.07536162604,z,149.3307836984325,2.722893535554887,7.179299831390381,6028.72,835.958,False,6463.67,57.0302,6331.8,822.454,False,-27.9443,39.4127,21.949437176789168,0.15055100293172818,21.873802074104887,0.00957965903169821,21.89618206218291,0.14102910544028793,nan,nan
2016 QL105,564844,MBO,MBO,21164732614522188,745262199926685756,18.642544,3.1492348,2.890501,149.33083571108693,2.722895743551387,2025051500182,101,60811.075838666715,z,149.33085467166063,2.7228850760179606,8.525863647460938,8487.23,986.689,False,8087.89,0.31851,8710.76,985.009,False,2.34588,39.6549,21.578085011246422,0.12622303614574026,21.63041189173158,4.2757484130075084e-05,21.54985990879882,0.12277458360345704,30.47423550373169,18.353351240894888
2016 QL105,564844,MBO,MBO,21164732614522188,745279797617754123,18.748867,3.145959,2.9417531,149.9170703609889,2.6225026972280667,2025051900223,105,60815.051294858786,y,149.9171192569387,2.6225173513270934,6.168935775756836,10003.4,1558.03,False,9881.22,201.539,9972.1,1541.41,False,-302.313,189.093,21.399630870034557,0.16910345930902967,21.41297360821207,0.02214485626434961,21.40303348015746,0.1678247055327241,nan,nan
2016 QL105,564844,MBO,MBO,21164732614522188,745279797750398999,18.748877,3.1459587,2.9417593,149.9171419401925,2.622489161705491,2025051900224,102,60815.0517675796,y,149.9171492006897,2.622388201055389,6.43176794052124,10435.9,1619.38,False,9451.34,31.4214,10442.3,1608.97,False,-478.521,189.046,21.353675187097508,0.16847798797908678,21.46126655134576,0.0036095783480852442,21.35300960522843,0.16729235726183866,nan,nan
2016 QL105,564844,MBO,MBO,21164732614522188,745279802315374608,18.749258,3.1459444,2.941983,149.91973801854652,2.621998459015063,2025051900258,105,60815.06890175534,y,149.91973472614845,2.622016709359203,5.822051048278809,10198.4,1599.61,False,8755.98,97.3664,12153.2,1585.36,False,978.994,243.642,21.37866985392941,0.17029675322272544,21.544238039620577,0.012073374055595514,21.188273370151066,0.14163205624925929,23.923049904089265,0.2702068996649309
2016 QL105,564844,MBO,MBO,21164732614522188,745279803519664163,18.749357,3.1459408,2.9420419,149.92042243696426,2.6218691721863667,2025051900267,98,60815.0734113994,y,149.92052934918144,2.6218907424654896,5.087708950042725,8829.56,1712.44,False,8688.71,42.4923,9047.78,1708.96,False,2.1735,248.717,21.535152397611405,0.2105720028335288,21.55261174945248,0.0053098131605760135,21.5086448871363,0.20507568110591776,30.55710085819375,124.24248395986109
2016 QL105,564844,MBO,MBO,21164732614522188,745279803925987361,18.74939,3.1459396,2.942061,149.9206447088048,2.621827193154692,2025051900270,105,60815.07487590716,y,149.92067407751796,2.6217520971662704,6.330953121185303,10964.1,1716.0,False,13687.5,34.8454,12225.1,1717.83,False,-431.289,162.612,21.30006756882063,0.16992944188247447,21.059189669539514,0.0027640485307343487,21.181868983961635,0.1525640065522536,nan,nan
2016 QL105,564844,MBO,MBO,21164732614522188,745284180496089111,18.764923,3.145179,2.9539635,150.06558017217117,2.594825404142521,2025052000110,102,60815.997173178526,g,150.06567163354606,2.594849354971765,14.23326587677002,2920.89,203.524,False,3414.26,3.84727,2872.32,203.777,False,-11.9954,20.3688,22.736212035285256,0.07565275848014454,22.566758521683372,0.001223433578419479,22.754417918580195,0.07702764786367888,nan,nan
2016 QL105,564844,MBO,MBO,21164732614522188,745284180630306832,18.764935,3.1451786,2.9539711,150.0656710094085,2.594807677713914,2025052000111,102,60815.99776202555,g,150.0657179347966,2.594824890102667,13.663006782531738,2911.86,208.754,False,3106.02,2.79983,2996.31,209.382,False,-6.74489,20.8089,22.739573733454257,0.07783745267319946,22.669489373495523,0.000978704816930143,22.708533119480037,0.07587119413135149,nan,nan
2016 QL105,564844,MBO,MBO,21164732614522188,745284180764524555,18.76495,3.1451778,2.9539812,150.06578915023746,2.594784622893376,2025052000112,102,60815.99852844935,g,150.06582391273588,2.5947953427293866,14.264681816101074,2662.52,185.096,False,3161.17,7.20408,2661.8,184.602,False,-4.60358,18.6047,22.836767795184173,0.0754794027940232,22.65038039742315,0.0024743151380960974,22.837061428269138,0.07529832317531998,nan,nan
2016 QL105,564844,MBO,MBO,21164732614522188,745284180898742342,18.76496,3.1451774,2.9539874,150.06586256776075,2.5947702955619856,2025052000113,102,60815.999004494544,g,150.0658910853195,2.594766409802935,20.305131912231445,2908.73,142.133,False,2784.78,0.426223,2944.24,141.089,False,-5.66423,11.4147,22.74074148189034,0.053053717689779026,22.78802276050346,0.00016617677094752688,22.72756698194152,0.05202885661666571,nan,nan
2016 QL105,564844,MBO,MBO,21164732614522188,745284181034532882,18.764969,3.145177,2.9539943,150.06594478002685,2.5947542518387583,2025052000114,105,60815.99953748862,g,150.0659676506762,2.5947555432692986,20.579004287719727,2870.09,137.065,False,2811.6,2.22387,2844.03,135.224,False,-15.4093,7.88877,22.7552611779736,0.051850788999194417,22.77761612567729,0.0008587765443659482,22.76516455581816,0.05162308062134685,nan,nan
2016 QL105,564844,MBO,MBO,21164732614522188,745284181167177754,18.764984,3.1451764,2.954004,150.06606278315903,2.5947312233365807,2025052000115,102,60816.000302056374,g,150.06608052517595,2.5947250553558923,24.03348731994629,3214.54,132.257,False,3163.83,1.70232,3176.46,130.547,False,-35.4315,13.4869,22.63220290116343,0.04467084422541389,22.649467123708924,0.0005841876423096833,22.64514153636681,0.04462187557366809,nan,nan
2016 QL105,564844,MBO,MBO,21164732614522188,745284181433516047,18.765009,3.1451755,2.9540203,150.06625345454557,2.5946940130665728,2025052000117,98,60816.00153897185,g,150.06627405290507,2.5946758557079064,21.92424201965332,3008.99,136.332,False,2922.16,0.843468,2962.53,135.51,False,-62.7229,6.64571,22.703948142475326,0.04919278214374275,22.735740053613476,0.0003133927587875515,22.72084309697626,0.04966299267439537,nan,nan
2016 QL105,564844,MBO,MBO,21164732614522188,745284181705621511,18.76503,3.1451745,2.954034,150.06641807059694,2.5946618872051337,2025052000119,105,60816.00260581951,g,150.06642877176856,2.594652545509659,22.547260284423828,3109.62,134.925,False,2943.15,1.21039,3079.16,134.926,False,-57.8417,13.4591,22.6682316569234,0.04710960027904962,22.7279690439501,0.000446516235255386,22.678919389999805,0.04757597584346348,nan,nan
2016 QL105,564844,MBO,MBO,21164732614522188,745284181839839247,18.765041,3.145174,2.9540424,150.06651851358075,2.59464228496403,2025052000120,105,60816.003256159864,g,150.0665437543265,2.594624662088168,24.66820526123047,3040.67,122.315,False,2890.42,1.29745,2988.74,120.823,False,-27.8898,12.0312,22.692576804694504,0.04367518670156174,22.74759764526684,0.0004873646109379047,22.71127966348758,0.04389204272554527,nan,nan
2016 QL105,564844,MBO,MBO,21164732614522188,745284181974057031,18.765053,3.1451735,2.9540493,150.06660106298094,2.594626174715459,2025052000121,105,60816.003791225885,g,150.06662222680464,2.5946133409102674,27.59010887145996,3424.94,120.489,False,2971.93,0.118879,3420.52,118.853,False,-13.1092,17.5362,22.563367599366515,0.038196076453947674,22.717403585075218,4.3430106002954525e-05,22.564769658511157,0.03772613548856293,nan,nan
2016 QL105,564844,MBO,MBO,21164732614522188,745284182108274793,18.76506,3.145173,2.9540555,150.066675129124,2.5946117199921037,2025052000122,105,60816.00427132496,g,150.06669041616416,2.5945933368543157,23.23257064819336,3069.38,131.269,False,2907.5,0.571302,3053.71,129.217,False,-14.072,6.34017,22.68237339410507,0.046433973068028225,22.741200691498783,0.00021333904098930158,22.68793053570562,0.04594266377486937,nan,nan
2016 QL105,564844,MBO,MBO,21164732614522188,745284182240919589,18.76507,3.1451726,2.9540617,150.06674858101246,2.594597385096507,2025052000123,102,60816.00474765939,g,150.0667596032525,2.5945839697922213,23.65654182434082,3241.42,136.124,False,3228.36,0.28511,3276.81,135.442,False,-9.87005,8.90182,22.623161757547717,0.04559568060034213,22.627545069677055,9.58859097372263e-05,22.611371829787398,0.044877268402263436,nan,nan
2016 QL105,564844,MBO,MBO,21164732614522188,745284182371467339,18.76508,3.1451724,2.954068,150.0668223445169,2.594582989339607,2025052000124,95,60816.00522575411,g,150.06683175792585,2.5945655352340586,20.93376922607422,3036.31,142.221,False,2788.56,0.522446,3006.01,142.178,False,-3.73401,8.40493,22.694134704256335,0.050855966038547834,22.78654999364293,0.00020341627938849432,22.705023943954664,0.051353054334237945,nan,nan
2016 QL105,564844,MBO,MBO,21164732614522188,745284182505685052,18.765097,3.1451716,2.9540794,150.06695830576226,2.5945564549032403,2025052000125,95,60816.00610655401,g,150.06697493544826,2.594532542343251,22.667402267456055,3122.95,136.112,False,2886.05,0.560154,3145.57,135.686,False,9.72321,8.01682,22.663587439443756,0.047321195690772866,22.749240354501485,0.0002107307532159596,22.655751590882772,0.046833866203470825,28.930475798464776,0.8951931894205548
2016 QL105,564844,MBO,MBO,21164732614522188,745284182639902818,18.76511,3.145171,2.9540887,150.06706773033096,2.594535099323708,2025052000126,95,60816.00681531953,g,150.06709162752168,2.5945041858821707,23.98845672607422,3233.35,132.813,False,2973.18,1.07748,3232.85,131.084,False,30.08,12.5325,22.62586817177731,0.044597671780304826,22.716947018146378,0.00039347063675233926,22.626036081241004,0.04402389222132111,27.704305422954814,0.45236001697361805
2016 QL105,564844,MBO,MBO,21164732614522188,745284182779363340,18.765121,3.1451705,2.9540956,150.06714999619837,2.594519044062661,2025052000127,105,60816.0073481772,g,150.06716738056062,2.5945085789840583,24.20404624938965,3074.32,127.228,False,3007.58,2.76065,3092.13,124.287,False,52.9182,10.9611,22.680627299893068,0.04493222544871332,22.70445700138773,0.000996594434201438,22.67435568031566,0.04364076011622555,27.090987311963403,0.22489167018364908
2016 QL105,564844,MBO,MBO,21164732614522188,745284182909911085,18.765133,3.14517,2.9541042,150.0672501712753,2.594499493543349,2025052000128,98,60816.00799732409,g,150.06727068196838,2.5944818947500425,19.09153938293457,2827.67,146.546,False,2876.21,1.26574,2932.81,147.125,False,100.37,8.71286,22.771428219396782,0.05626905118262005,22.752948534988985,0.0004778023171494129,22.731790157222825,0.05446617269228572,26.3959901599148,0.09424994925531052
2016 QL105,564844,MBO,MBO,21164732614522188,745284183044128850,18.765142,3.1451697,2.9541104,150.0673238013257,2.5944851236208377,2025052000129,98,60816.0084747443,g,150.0673443981875,2.5944592373501525,18.532629013061523,2948.38,156.402,False,2760.25,0.992541,3067.3,155.626,False,131.954,9.73915,22.726041401777778,0.05759478521301071,22.797628953620027,0.00039041308390680093,22.683109346173072,0.05508714100315717,26.09894364373403,0.08013510943631087
2016 QL105,564844,MBO,MBO,21164732614522188,745284183180443673,18.765154,3.1451693,2.954118,150.0674150328212,2.594467318511364,2025052000130,102,60816.00906569423,g,150.0674114156695,2.594437018408939,15.39903736114502,3091.21,199.342,False,2922.41,4.50258,3249.67,200.615,False,167.777,6.7046,22.674678739541854,0.07001556804454179,22.735647169428837,0.0016728023952583691,22.62040187323614,0.06702679961908377,25.83816898519855,0.043387515070617805
2016 QL105,564844,MBO,MBO,21164732614522188,745284183316234249,18.765163,3.1451688,2.9541242,150.0674883610696,2.5944530074597614,2025052000131,105,60816.00954093928,g,150.06750730839457,2.5944483981802806,17.680389404296875,3029.58,168.084,False,2992.22,1.53279,3156.96,167.873,False,126.611,13.9728,22.69654390926523,0.06023768282629538,22.710016207039846,0.0005561775385914309,22.651827315347198,0.05773459193320295,26.143821402102425,0.11982193578125336
2016 QL105,564844,MBO,MBO,21164732614522188,745284183450451977,18.765175,3.1451683,2.9541318,150.06757960131483,2.5944352006174785,2025052000132,105,60816.01013182878,g,150.06760356518205,2.5944298648213073,19.611122131347656,3277.66,164.856,False,3046.81,0.137948,3338.03,163.73,False,99.312,8.91057,22.61109027636204,0.05460912224561659,22.69038654829287,4.915801839731791e-05,22.59127440169191,0.05325523815126615,26.407495718598447,0.09741550825621975
2016 QL105,564844,MBO,MBO,21164732614522188,745284183583096875,18.765186,3.1451678,2.9541395,150.06767084645895,2.5944173928154117,2025052000133,102,60816.010722717605,g,150.06768248212458,2.594393751572733,20.924903869628906,3534.77,168.297,False,3602.13,1.73003,3715.28,169.274,False,126.417,13.0084,22.529097092926293,0.05169392686417054,22.508601579449316,0.0005214570831532549,22.475021117211355,0.04946784929482808,26.145486301877714,0.11172303429658909
2016 QL105,564844,MBO,MBO,21164732614522188,745284183718887460,18.765196,3.1451674,2.9541464,150.06775329552184,2.594401301698059,2025052000134,105,60816.01125654897,g,150.06776126658264,2.594391324451473,23.106903076171875,3521.8,150.901,False,3348.52,0.929243,3634.14,150.466,False,101.066,8.17722,22.533088262145352,0.04652128963113987,22.5878677505951,0.00030130110998645605,22.498995897436924,0.04495324679982367,26.388487285944628,0.08784659545388088
2016 QL105,564844,MBO,MBO,21164732614522188,745284183847862356,18.765205,3.1451669,2.9541526,150.0678263296641,2.5943870480443967,2025052000135,95,60816.011729216334,g,150.0678411697931,2.5943738857467578,25.164888381958008,3360.87,133.113,False,3181.89,0.782292,3475.9,132.259,False,106.704,13.0176,22.583870676933042,0.043002438517875774,22.643287132334137,0.00026693656439651185,22.547331846730533,0.04131257851357415,26.329548225592767,0.13245688416904955
2016 QL105,564844,MBO,MBO,21164732614522188,745284183987322930,18.765213,3.1451666,2.9541588,150.06789921255051,2.594372823920719,2025052000136,105,60816.01220191838,g,150.06792306653466,2.5943494777892826,23.206153869628906,3557.95,152.545,False,3352.28,0.277379,3815.72,152.424,False,248.357,7.51549,22.52200041331345,0.046550297120462686,22.5866492754484,8.98374917316231e-05,22.446058762357527,0.04337117298203215,25.412309010493015,0.03285528423106024
2016 QL105,564844,MBO,MBO,21164732614522188,745284184117870643,18.765224,3.1451662,2.9541664,150.0679897030302,2.5943551634468203,2025052000137,98,60816.01278751195,g,150.06802367562224,2.5943260114650397,20.02292251586914,3565.29,174.442,False,3286.88,1.39329,3839.06,174.708,False,301.283,12.9072,22.519762835469507,0.053122745811198545,22.608040416693484,0.00046023751923248297,22.439437734220792,0.049409696613514305,25.20256346997014,0.046513791611015265
2016 QL105,564844,MBO,MBO,21164732614522188,745284184255758381,18.765236,3.1451657,2.954174,150.0680809706142,2.594337351339428,2025052000138,105,60816.013378554475,g,150.0680946644289,2.5943247325462395,21.674888610839844,3415.86,155.333,False,3194.98,2.76364,3737.77,154.413,False,278.385,8.25319,22.566249809110673,0.049372822219080334,22.638829646893207,0.0009391557831049392,22.468468559373427,0.0448534226591284,25.288385384860455,0.03218846890987482
2016 QL105,564844,MBO,MBO,21164732614522188,745284184522620961,18.765257,3.1451647,2.9541883,150.06825116504865,2.594304135689345,2025052000140,102,60816.014480708174,g,150.06826904376004,2.594272993463868,20.546138763427734,3517.08,169.893,False,3329.92,5.17795,3796.17,169.509,False,281.678,7.62477,22.53454435849973,0.05244662696588394,22.593915525773216,0.00168829515742417,22.45163589045312,0.04848098610855633,25.275617644057878,0.02938990178523407
2016 QL105,564844,MBO,MBO,21164732614522188,745284184656838696,18.765266,3.1451643,2.9541945,150.0683248390907,2.594289757296501,2025052000141,102,60816.01495770269,g,150.06834433371793,2.5942932464315636,25.199617385864258,3515.94,138.235,False,3286.17,0.28885,3706.2,136.719,False,162.863,10.394,22.534896380169318,0.0426875166893185,22.608274959354716,9.543478287826605e-05,22.47767788500092,0.04005201116298519,25.870443880044647,0.06929223773036361
2016 QL105,564844,MBO,MBO,21164732614522188,745284187341193256,18.765942,3.145135,2.9546602,150.07385564719968,2.593210721673368,2025052000161,102,60816.05069686947,u,150.07390590614298,2.593129322456614,5.716770172119141,1866.08,309.974,False,2452.94,55.9883,1969.92,304.094,False,77.9009,33.3219,23.222674379864184,0.18035132534457393,22.92578271268335,0.02478190504298725,23.16387850208084,0.16760368528802524,26.67114378707406,0.46442071621488606
2016 QL105,564844,MBO,MBO,21164732614522188,745284187607531522,18.765965,3.1451337,2.9546766,150.07404983290112,2.5931728600388584,2025052000163,98,60816.051948159235,u,150.07409293077913,2.5932212237873173,6.291304588317871,2033.99,324.156,False,2078.14,13.9312,1910.52,320.337,False,-56.3546,19.7659,23.12912797169527,0.17303325642755846,23.10581305180056,0.007278436018463786,23.197121017908835,0.18204545420340687,nan,nan
2016 QL105,564844,MBO,MBO,21164732614522188,745284187745419306,18.765976,3.1451333,2.9546843,150.07414119815533,2.5931550467362023,2025052000164,105,60816.0525374446,u,150.0741666924011,2.593266826858828,5.021595001220703,1626.14,322.499,False,1810.57,56.2374,1526.61,316.343,False,-81.9914,23.976,23.37210515827664,0.21532514387261728,23.255461731935718,0.033723624666504796,23.440679753207647,0.22498544976690413,nan,nan
2016 QL105,564844,MBO,MBO,21164732614522188,745284189488676955,18.766176,3.1451242,2.9548266,150.07583269921102,2.5928253554311893,2025052000177,102,60816.06343342403,r,150.07586830476828,2.5928151722621724,21.753448486328125,4406.74,207.096,False,5018.24,2.05388,4252.85,203.293,False,-89.6509,10.1295,22.289706373102625,0.05102447740215367,22.148621379690788,0.00044437327555416333,22.32829981202992,0.05189991756359292,nan,nan
2016 QL105,564844,MBO,MBO,21164732614522188,745284189622894681,18.766186,3.145124,2.9548328,150.07590680770429,2.592810915471764,2025052000178,102,60816.0639107544,r,150.0759521815142,2.5927941950592945,18.64141845703125,4625.16,247.206,False,4393.18,10.6133,4478.11,246.697,False,-103.591,8.31194,22.237183060679204,0.0580305304625759,22.293052462048998,0.0026229847063195095,22.272263139760085,0.059812706575336196,nan,nan
2016 QL105,564844,MBO,MBO,21164732614522188,745284189757112398,18.766193,3.1451235,2.954839,150.07598061056393,2.5927965354733864,2025052000179,102,60816.06438575081,r,150.07598907940658,2.5927851488128493,17.045839309692383,5109.92,293.145,False,4993.54,6.72508,4939.69,293.938,False,-107.915,6.38123,22.128964764223056,0.06228632398974675,22.15397865881468,0.0014622217491379002,22.16575077595119,0.06460711494371044,nan,nan
2016 QL105,564844,MBO,MBO,21164732614522188,745284189889232935,18.766277,3.1451197,2.9548988,150.07669093056708,2.59265815582312,2025052000180,98,60816.06895572477,r,150.0767117460631,2.5926561946708766,14.380056381225586,5775.64,392.901,False,5522.18,3.28253,5617.71,396.089,False,-37.9781,6.22303,21.99599968554292,0.07385966430524792,22.04472356863929,0.0006453903396945204,22.026101717311004,0.07655221770678476,nan,nan
2016 QL105,564844,MBO,MBO,21164732614522188,745284190027120700,18.766287,3.1451194,2.9549055,150.0767697634151,2.5926428006245628,2025052000181,105,60816.069462385756,r,150.07679017075702,2.592610491665681,12.896566390991211,5126.82,396.021,False,4869.9,0.936452,5171.56,398.878,False,-24.7784,9.85588,22.125379862592943,0.08386765052132171,22.18119991334253,0.0002087804328419386,22.115946068456154,0.08374190203768556,nan,nan
2016 QL105,564844,MBO,MBO,21164732614522188,745284190291886157,18.766304,3.1451185,2.9549189,150.0769294684032,2.5926116945739466,2025052000183,98,60816.07048924177,r,150.07695583430575,2.5926216460269256,14.695111274719238,4594.61,306.097,False,4382.33,2.43245,4571.55,307.595,False,-37.4754,6.66976,22.244378398625805,0.07233270909230667,22.29573728595384,0.000602647232195178,22.249841361137385,0.07305335028517043,nan,nan
2016 QL105,564844,MBO,MBO,21164732614522188,745284190446551088,18.766314,3.145118,2.954925,150.07700334217722,2.592597306750871,2025052000184,137,60816.070964540704,r,150.0770088835516,2.592579955841089,16.140615463256836,4594.78,276.897,False,4264.16,1.55255,4711.48,282.181,False,-36.4741,10.0916,22.244338245723654,0.06543014363954516,22.3254162303633,0.0003953087214311915,22.217106624752216,0.06502715261443176,nan,nan
2016 QL105,564844,MBO,MBO,21164732614522188,745284190584438830,18.766323,3.1451178,2.9549317,150.0770826651026,2.592581858147508,2025052000185,144,60816.071474644064,r,150.07709336624032,2.592567016950425,16.570049285888672,4744.55,285.318,False,4488.99,0.186267,4821.04,289.759,False,-40.3525,6.40776,22.20951247527597,0.06529177430935595,22.269628348470505,4.5051741884623815e-05,22.19214815414267,0.06525601059548217,nan,nan
2016 QL105,564844,MBO,MBO,21164732614522188,745284190698209288,18.766333,3.1451173,2.9549384,150.07716168288778,2.592566469499705,2025052000186,105,60816.07198260975,r,150.0771492875557,2.592585583577684,11.14768123626709,4630.83,403.903,False,4762.03,5.11315,4518.33,407.804,False,-38.0906,11.3873,22.235852886365713,0.09469838438176202,22.205519731332178,0.0011657911554259586,22.262555114220838,0.09799362683782846,nan,nan
2016 QL105,564844,MBO,MBO,21164732614522188,745284190828756999,18.76634,3.1451168,2.954945,150.07724101788725,2.592551019608579,2025052000187,98,60816.072492731924,r,150.0772575646016,2.592497264637151,8.613516807556152,5201.58,596.883,False,5534.11,10.9096,5050.55,603.088,False,-50.5542,7.8926,22.109661777944687,0.12458858050820366,22.042380558712637,0.002140352879150991,22.141653354631686,0.12964816017282027,nan,nan
2016 QL105,564844,MBO,MBO,21164732614522188,745284190962974721,18.76635,3.1451163,2.9549513,150.0773150693284,2.5925365991365346,2025052000188,98,60816.07296889353,r,150.07731102965818,2.5924452303059486,8.474373817443848,2979.46,480.553,False,4492.95,122.628,2824.32,473.323,False,-35.79,11.4837,22.714656116016464,0.17511690274523337,22.268670988917414,0.029633459473187265,22.77271522014332,0.18195668447120308,nan,nan
2016 QL105,564844,MBO,MBO,21164732614522188,745284191097192466,18.76636,3.145116,2.9549582,150.07739830578348,2.5925203905771643,2025052000189,98,60816.073503021646,r,150.0773864854909,2.592537420969605,11.125658988952637,4840.05,421.566,False,4551.08,7.37113,4708.68,425.999,False,-74.3618,13.1316,22.18787542347695,0.09456710110495198,22.254713807091058,0.00175850623639442,22.217752017050127,0.09822763758358696,nan,nan
2016 QL105,564844,MBO,MBO,21164732614522188,745284191902498883,18.766417,3.1451135,2.9549997,150.0778902387338,2.592424609356691,2025052000195,98,60816.07666423876,r,150.07790280300188,2.5924039567581807,11.931461334228516,4390.72,371.79,False,4072.86,7.08101,4355.6,371.082,False,-39.4104,7.36254,22.293660590238797,0.09193614101847776,22.375251266473015,0.001887643713188359,22.3023800028197,0.09250095373679329,nan,nan
2016 QL105,564844,MBO,MBO,21164732614522188,745284192036716556,18.766426,3.145113,2.9550064,150.07796963006382,2.592409153594315,2025052000196,98,60816.07717479927,r,150.07795945298244,2.592401021147495,11.380518913269043,4994.2,446.315,False,5055.32,14.828,4951.34,445.321,False,-43.968,7.74108,22.153835131745364,0.09702862078540009,22.140628409035262,0.0031846247277130717,22.16319316023668,0.0976505679949797,nan,nan
2016 QL105,564844,MBO,MBO,21164732614522188,745284192191381518,18.766434,3.1451125,2.9550126,150.07804326725972,2.59239481855064,2025052000197,137,60816.07764777465,r,150.0780753989264,2.5923758283027647,7.920414924621582,4849.51,596.225,False,5638.61,8.6763,4715.81,598.229,False,-83.4096,14.9009,22.185755404445278,0.1334862848948723,22.02206988326914,0.0016706552350255323,22.2161092388861,0.13773219875422504,nan,nan
2016 QL105,564844,MBO,MBO,21164732614522188,745284192305152045,18.766443,3.1451123,2.9550192,150.07812251494713,2.5923793918622136,2025052000198,98,60816.07815667415,r,150.07812785668207,2.5923672371744333,15.255167961120605,4972.4,324.387,False,5056.5,2.28054,4867.13,326.609,False,-106.691,8.39774,22.158584876867444,0.07083072761905439,22.140374971058364,0.0004896795872575617,22.181817660364047,0.07285838557436175,nan,nan
2016 QL105,564844,MBO,MBO,21164732614522188,745284192459816980,18.76645,3.1451118,2.9550254,150.078196319057,2.5923650253656576,2025052000199,137,60816.07863047651,r,150.0782231079299,2.5923731758754047,14.707728385925293,5475.39,370.899,False,5208.63,5.82413,5561.13,377.101,False,-107.741,7.35534,22.05396232675035,0.07354698902533481,22.108191254413562,0.001214036897950887,22.03709240413024,0.07362392741982374,nan,nan
2016 QL105,564844,MBO,MBO,21164732614522188,745284192573587508,18.76646,3.1451113,2.955032,150.07827542304324,2.5923496277730207,2025052000200,98,60816.07913864023,r,150.0782946352422,2.5923434129264127,13.267731666564941,5542.91,412.238,False,4895.65,1.21671,5586.77,417.503,False,-94.5148,8.94036,22.0406554018235,0.08074850865647823,22.175474117534428,0.00026983671075766455,22.032098015220612,0.08113777926022783,nan,nan
2016 QL105,564844,MBO,MBO,21164732614522188,745284192728252451,18.76647,3.1451108,2.9550385,150.078354844818,2.592334168912226,2025052000201,137,60816.07964867999,r,150.07832726886105,2.5923149934732903,8.639484405517578,4640.09,529.728,False,4297.3,23.1121,4504.46,537.735,False,-91.7364,9.44741,22.233684025839572,0.123951241749534,22.31701086586038,0.005839398117710745,22.265893172668754,0.12961339366412333,nan,nan
2016 QL105,564844,MBO,MBO,21164732614522188,745284193781547048,18.766542,3.1451075,2.9550915,150.0789821881101,2.592212082376832,2025052000209,98,60816.083675456524,r,150.07898402172066,2.5921890875099107,6.660837173461914,5995.69,891.791,False,5779.0,98.6088,6296.36,904.234,False,-35.0411,12.4455,21.955402085414157,0.16149097138185042,21.995368263834038,0.018526241097565573,21.902276145487242,0.15592495064350356,nan,nan
2016 QL105,564844,MBO,MBO,21164732614522188,745284193915764762,18.766552,3.1451073,2.955098,150.07906135481176,2.5921966785673365,2025052000210,98,60816.08418383806,r,150.0791249390632,2.5921551499494884,6.203747749328613,4606.35,718.301,False,4335.5,115.495,4702.95,724.851,False,-60.8006,7.42699,22.2416076432948,0.16930659039101312,22.307402023601487,0.028923332014901097,22.219074051123044,0.16734112745940866,nan,nan
2016 QL105,564844,MBO,MBO,21164732614522188,745284194053652530,18.76656,3.1451068,2.9551046,150.07914099553173,2.592181183155453,2025052000211,105,60816.08469416469,r,150.07918224251793,2.592164857204693,5.0409698486328125,4633.96,891.687,False,4444.08,121.364,4468.57,902.408,False,-60.6868,10.0854,22.235119307471617,0.2089221486798882,22.28054531021087,0.029650520403514034,22.274578628878416,0.21925965070280634,nan,nan
2016 QL105,564844,MBO,MBO,21164732614522188,745297371550187534,18.794102,3.1427097,2.9926214,150.55637593082864,2.497692394188909,2025052300087,105,60818.98975045244,u,150.55647560360364,2.4976903564619186,5.798131465911865,1820.8,303.893,False,1690.93,22.6132,1556.52,293.441,False,-176.261,17.9914,23.24934435909653,0.18121025343585032,23.32968589217603,0.014519801726801215,23.419613222924205,0.20468707372886705,nan,nan
2016 QL105,564844,MBO,MBO,21164732614522188,745297372103835664,18.794123,3.1427076,2.9926534,150.5567829958126,2.497606273344324,2025052300091,137,60818.992215993,u,150.55686721085428,2.49774183160732,5.156080722808838,1503.12,300.566,False,nan,nan,1316.99,294.99,False,-159.639,25.9792,23.457515869994676,0.21710535387543042,nan,nan,23.601043814688357,0.24319191095879922,nan,nan
2016 QL105,564844,MBO,MBO,21164732614522188,745297372375941128,18.794132,3.1427066,2.9926693,150.55698663790795,2.4975631892641488,2025052300093,144,60818.993448555295,u,150.55689643569343,2.4975039048032177,5.350985050201416,1665.98,310.583,False,1783.69,24.7541,1584.3,303.067,False,-35.4889,15.9331,23.345825554178106,0.20241012504233602,23.27170159188311,0.015067878575984928,23.400406411017215,0.20769474791198947,nan,nan
2016 QL105,564844,MBO,MBO,21164732614522188,745297378948939823,18.794434,3.142675,2.9931674,150.56331948156466,2.496223607567411,2025052300142,137,60819.03172731136,g,150.56355060104846,2.496166936321111,25.898277282714844,748.278,108.055,False,2938.15,1.72453,1585.68,105.774,False,844.235,30.9181,24.214842536063983,0.15678561118095197,22.72981512645293,0.0006372665450917548,23.399461091923595,0.07242486484359623,24.083841636287044,0.03976250868829082
2016 QL105,564844,MBO,MBO,21164732614522188,745297379083157584,18.794437,3.1426747,2.9931743,150.56340650287467,2.4962052083357853,2025052300143,137,60819.0322521672,g,150.56362881635198,2.496139224320538,25.033212661743164,654.375,107.254,False,2920.97,0.998455,1558.59,106.932,False,861.945,14.2662,24.360433252442704,0.1779553750058874,22.736182269518338,0.0003711297069702528,23.418170310173593,0.07449036984182424,24.06130110393444,0.017970206665089868
2016 QL105,564844,MBO,MBO,21164732614522188,745297379218423818,18.794441,3.1426742,2.993181,150.56349352923093,2.4961868083937824,2025052300144,139,60819.03277742538,g,150.5635137705856,2.4961700871979056,24.4488525390625,2791.81,114.28,False,2765.87,1.14254,3569.41,111.588,False,784.852,24.7696,22.785285330908977,0.04444354363308519,22.795420544580836,0.0004485015445299562,22.518508936678028,0.03394262127817455,24.163030590930617,0.034265379658783617
2016 QL105,564844,MBO,MBO,21164732614522188,745297379353165873,18.794445,3.1426737,2.993188,150.56358006327605,2.496168512899519,2025052300145,140,60819.03329943505,g,150.5633847048937,2.4961947338947095,24.935855865478516,651.856,101.372,False,2700.93,0.469243,1281.31,100.168,False,657.767,28.8902,24.36462080156214,0.16884595568275754,22.821216705670345,0.00018862914477047412,23.630864411308615,0.08487877124944772,24.354819749318594,0.04768730319567769
2016 QL105,564844,MBO,MBO,21164732614522188,745297379487383598,18.794449,3.1426733,2.9931948,150.56366676818055,2.4961501816451523,2025052300146,140,60819.033822497426,g,150.5636942804088,2.496135860677491,23.44780921936035,2631.6,110.513,False,2677.09,2.63072,3541.99,111.392,False,850.759,25.714,22.84945026539646,0.04559506052361193,22.83084253484974,0.0010669300420893635,22.526881676182278,0.03414530413647739,24.075483655264506,0.03281613529163153
2016 QL105,564844,MBO,MBO,21164732614522188,745297379619504146,18.794453,3.1426728,2.9932015,150.5637531465583,2.496131919792452,2025052300147,136,60819.034343319145,g,150.56352659880497,2.4961403178735924,25.304035186767578,456.138,105.138,False,2774.51,0.32597,1235.08,103.903,False,788.691,26.6956,24.75225936382372,0.2502578901643989,22.79203426004206,0.00012756033424960519,23.670762315829954,0.09133922722769265,24.15773281644397,0.03674998288643545
2016 QL105,564844,MBO,MBO,21164732614522188,745297379753721881,18.794456,3.1426725,2.9932084,150.5638398616086,2.4961135871350093,2025052300148,136,60819.03486655337,g,150.56356928735173,2.4961651472745654,25.905651092529297,-36.4616,107.867,False,2919.15,2.09012,814.023,106.631,False,870.392,21.8246,nan,nan,22.736859007057923,0.0007773903759492918,24.123408296483824,0.142223416553024,24.050712737417513,0.02722423669867988
2016 QL105,564844,MBO,MBO,21164732614522188,745297379887415315,18.79446,3.142672,2.993215,150.56392674763148,2.496095218712208,2025052300149,135,60819.03539085956,g,150.56371719222685,2.4961301604073616,25.025665283203125,642.297,115.027,False,2953.45,1.4877,1510.65,113.306,False,884.995,27.0398,24.380660271092886,0.19444116889576282,22.724175960622276,0.0005469026944028961,23.452090344894703,0.0814354245941037,24.03264796336598,0.03317317125014884
2016 QL105,564844,MBO,MBO,21164732614522188,745297381095374912,18.794497,3.142668,2.9932768,150.5647097854914,2.495929696053236,2025052300158,135,60819.040111307746,g,150.56472646691978,2.49591416613043,27.13258171081543,3370.16,123.736,False,3185.81,1.3192,3369.92,122.673,False,-26.7,27.0622,22.58087372905384,0.039862991253175876,22.641950302162435,0.0004495883989377127,22.580951047451478,0.03952334677285365,nan,nan
2016 QL105,564844,MBO,MBO,21164732614522188,745297381363810365,18.794504,3.1426673,2.9932904,150.56488416568985,2.4958928392860305,2025052300160,135,60819.04116299786,g,150.5648941427159,2.4958848350156,25.455507278442383,3438.33,133.535,False,3234.66,1.03589,3439.9,132.548,False,-13.9159,6.71837,22.55913108393681,0.04216691963370908,22.625428434364856,0.00034770371211863255,22.55863548695217,0.04183614961483513,nan,nan
2016 QL105,564844,MBO,MBO,21164732614522188,745297381746016322,18.794516,3.1426659,2.993311,150.56514585971368,2.495837531328509,2025052300163,96,60819.04273919154,g,150.56516607191023,2.495830233966885,27.32431411743164,3214.11,116.77,False,2995.45,0.128799,3224.11,115.713,False,-5.34728,31.8024,22.63234812367138,0.03944526128464131,22.708844830821214,4.668472069401015e-05,22.62897533727501,0.038966966540227695,nan,nan
2016 QL105,564844,MBO,MBO,21164732614522188,745297381901729797,18.794521,3.1426654,2.993321,150.56527249281817,2.4958107694174174,2025052300164,137,60819.04350260107,g,150.5653066647384,2.4958003314181934,26.957632064819336,3420.88,125.658,False,3432.84,2.19842,3420.5,125.254,False,-34.3547,8.25985,22.564655437270137,0.03988197235113945,22.56086606714509,0.000695314718427743,22.564776013098577,0.03975816407107847,nan,nan
2016 QL105,564844,MBO,MBO,21164732614522188,745297382035947535,18.794546,3.1426625,2.9933648,150.5658302822732,2.4956929013102287,2025052300165,137,60819.04686286381,r,150.56584521495193,2.495685297971291,30.69270896911621,5177.07,166.081,False,4812.77,0.780165,5225.15,165.176,False,15.0979,38.7484,22.114789943896326,0.03483054195773109,22.194012226979922,0.00017600122192133896,22.104753114321284,0.034321992888695495,28.45270861060259,2.7865161016153484
2016 QL105,564844,MBO,MBO,21164732614522188,745297382442270767,18.794558,3.1426613,2.9933853,150.5660911608773,2.4956377812045907,2025052300168,144,60819.04843320498,r,150.56610330051492,2.4956203519501923,28.099262237548828,4652.68,164.636,False,4256.61,0.277717,4669.82,163.53,False,-10.557,39.6186,22.23074199937131,0.038418988792736995,22.32734038241985,7.083745164750173e-05,22.226749688765178,0.03802083312035258,nan,nan
2016 QL105,564844,MBO,MBO,21164732614522188,745297382574391315,18.79456,3.1426609,2.9933922,150.56617818703603,2.495619394772359,2025052300169,140,60819.0489575571,r,150.56619647988205,2.49561112657675,28.70562171936035,4827.8,166.736,False,4422.08,1.18355,4903.92,165.676,False,-1.07798,41.7439,22.190626867937418,0.0374976823694179,22.285933492943172,0.00029059245030529446,22.173641575512313,0.036680946825945,nan,nan
2016 QL105,564844,MBO,MBO,21164732614522188,745297382707036186,18.794563,3.1426604,2.9933991,150.56626555115946,2.495600937454534,2025052300170,137,60819.04948372305,r,150.56628489711844,2.495588244511009,27.713457107543945,4559.84,161.761,False,4137.16,0.420417,4627.5,160.165,False,18.7448,39.3332,22.252626027218902,0.038516654522763316,22.35824416631977,0.00011033219707846298,22.236633931437645,0.037579023651128494,28.217797939565113,2.27825724566877
2016 QL105,564844,MBO,MBO,21164732614522188,745297382840729721,18.794567,3.14266,2.9934058,150.5663524226713,2.4955825847295525,2025052300171,136,60819.05000675553,r,150.56636786613447,2.4955651570599007,26.153919219970703,4997.02,188.423,False,4704.22,2.2901,4949.59,184.258,False,31.3008,26.8173,22.153222276606392,0.04093993552472519,22.218780890452177,0.0005285561633997836,22.1635769703309,0.040418617129990696,27.661111394821557,0.9302162912049008
2016 QL105,564844,MBO,MBO,21164732614522188,745297382976520203,18.79457,3.1426594,2.9934127,150.56644013045394,2.4955640558616823,2025052300172,139,60819.05053419755,r,150.56645261737847,2.4955625359242157,25.8841495513916,4593.66,173.75,False,4511.39,1.71774,4645.08,172.002,False,35.5836,33.7049,22.244602843773635,0.041066743981932975,22.264224035726265,0.000413400862215476,22.23251698663654,0.04020356901432882,27.521875318670805,1.0284128046992176
2016 QL105,564844,MBO,MBO,21164732614522188,745297383109689439,18.794575,3.1426592,2.9934196,150.56652734572089,2.4955456315741307,2025052300173,137,60819.05105965396,r,150.56655601012307,2.49553470758823,26.423721313476562,4657.46,174.174,False,4464.56,2.81961,4768.83,172.019,False,60.7008,31.7004,22.229627174852055,0.040603035761961524,22.275553326002747,0.0006857008863532725,22.203970379933047,0.039164166073912585,26.942013929789017,0.5670151016783307
2016 QL105,564844,MBO,MBO,21164732614522188,745297383379173395,18.794582,3.1426582,2.9934332,150.56670146134678,2.4955088511327688,2025052300175,139,60819.05210794845,r,150.56671762551397,2.495505993273141,26.5471248626709,4755.76,178.092,False,4337.24,0.171903,5022.95,177.287,False,226.92,29.03,22.206950229066567,0.04065826209441915,22.306966305376335,4.3032273967122443e-05,22.147602820083996,0.03832148634399078,25.51031807152932,0.13889883229321232
2016 QL105,564844,MBO,MBO,21164732614522188,745297383513391208,18.794586,3.1426578,2.9934402,150.56678869402992,2.495490424787896,2025052300176,139,60819.05263225407,r,150.56680298639915,2.495488561046424,25.464969635009766,4371.14,170.42,False,4128.98,0.441341,4751.67,168.799,False,346.516,25.5589,22.298513175020393,0.04233018302765602,22.360393057037648,0.00011605285528565287,22.207884338884057,0.038569846867847216,25.0506917963215,0.08008353060814215
2016 QL105,564844,MBO,MBO,21164732614522188,745297383647608917,18.79459,3.1426573,2.993447,150.56687576635147,2.495472032865878,2025052300177,139,60819.053156911876,r,150.56689261193836,2.4954675608622985,25.81277084350586,4369.04,167.729,False,4043.25,1.52801,4839.36,165.847,False,434.843,28.1954,22.29903493820077,0.04168179977771731,22.38317351194916,0.00041031739068096224,22.188030204479283,0.037208659320690965,24.804168824065666,0.07039958733845326
2016 QL105,564844,MBO,MBO,21164732614522188,745297383780253729,18.794594,3.1426568,2.993454,150.5669628446,2.4954536402458056,2025052300178,136,60819.05368098723,r,150.5669811485899,2.495449222681019,25.922367095947266,4471.59,170.415,False,4059.7,0.0360383,4905.73,169.196,False,408.351,27.8377,22.2738450973106,0.041378063397961434,22.378765158893078,9.638171672935916e-06,22.173240899404636,0.03744646009949173,24.872415906301725,0.07401573071235167
2016 QL105,564844,MBO,MBO,21164732614522188,745297383914471458,18.794598,3.1426566,2.9934607,150.56705026103654,2.4954351767553726,2025052300179,136,60819.05420634805,r,150.56707535785716,2.4954258511569263,24.76528549194336,4226.74,168.361,False,4032.88,4.50969,4507.44,166.502,False,264.274,25.7716,22.334986105199228,0.04324742350272947,22.385961782576153,0.0012141034791351743,22.26517512811935,0.04010641311294167,25.344863958781474,0.10587935762009043
2016 QL105,564844,MBO,MBO,21164732614522188,745297384048164879,18.794601,3.142656,2.9934676,150.5671371848179,2.4954168178829312,2025052300180,135,60819.05472985945,r,150.56717415492025,2.4954096240533588,24.271244049072266,4338.55,175.333,False,4220.44,0.49713,4503.42,174.249,False,96.1526,24.0845,22.3066385316738,0.04387765185926297,22.336605688847932,0.00012788999584840144,22.266143888283132,0.04200994878066656,26.442597383916784,0.2719574101082638
2016 QL105,564844,MBO,MBO,21164732614522188,745297384182382644,18.794605,3.1426556,2.9934745,150.56722444692636,2.4953983881227515,2025052300181,135,60819.05525411703,r,150.56723854886835,2.495398400738586,26.993595123291016,4775.07,176.993,False,4332.93,0.665936,4852.19,176.053,False,34.353,26.369,22.202550683733993,0.040243956853882296,22.30804577367372,0.0001668687905252368,22.185155516994065,0.039393987375840676,27.56008830627409,0.8333996124323451
2016 QL105,564844,MBO,MBO,21164732614522188,745297384318697483,18.79461,3.1426551,2.9934812,150.56731088378814,2.4953801332214085,2025052300182,139,60819.05577405935,r,150.56732681345252,2.4953889886745126,26.292112350463867,4921.35,184.61,False,4508.94,0.39211,4988.13,184.895,False,3.98637,23.6925,22.169789346979947,0.040728206172232245,22.264813873526414,9.441864785357701e-05,22.15515561680572,0.0402449825753797,29.898555961819902,6.452939280791836
2016 QL105,564844,MBO,MBO,21164732614522188,745297384447148116,18.794613,3.1426547,2.993488,150.56739815776032,2.4953617021049483,2025052300183,128,60819.05629904333,r,150.5674140740615,2.495354758227259,24.942005157470703,4585.36,179.287,False,4196.94,1.17548,4592.91,177.834,False,1.38093,25.5501,22.246566437059943,0.04245215109167766,22.342668113844326,0.0003040932728628451,22.244780124767015,0.04203888281520284,31.04957088039392,20.08839696902128
2016 QL105,564844,MBO,MBO,21164732614522188,745297384582938633,18.794617,3.1426544,2.993495,150.56748543772187,2.495343270308168,2025052300184,131,60819.056824495594,r,150.56750735766786,2.495329772007923,24.608882904052734,4439.47,176.437,False,4211.94,2.28661,4460.09,175.461,False,11.577,28.7174,22.281672133552355,0.04315020163326036,22.33879457525829,0.000589432702312941,22.276640982002235,0.042713121328618354,28.741009948254984,2.6932297964283616
2016 QL105,564844,MBO,MBO,21164732614522188,745297384698806397,18.79462,3.142654,2.9935017,150.56757205862843,2.4953249782732576,2025052300185,96,60819.05734536407,r,150.56759402254627,2.4953190391256306,27.20187759399414,4571.88,167.976,False,4289.31,1.49453,4617.98,166.65,False,1.34458,29.7486,22.249762970908964,0.039891166686807825,22.319031397651734,0.00037830449821972637,22.238869885341604,0.03918118585645496,31.078533338569326,24.0217248237515
2016 QL105,564844,MBO,MBO,21164732614522188,745297384854519834,18.794641,3.1426513,2.9935408,150.5680692882035,2.495219988048687,2025052300186,137,60819.060335375776,i,150.5680840586882,2.4952055708338765,17.887500762939453,5015.22,274.925,False,4993.54,7.65604,5284.63,274.178,False,237.806,10.4446,22.149274981637948,0.05951802713588573,22.15397865881468,0.0016646387044327764,22.092463559434854,0.056330338653238096,25.459442981232,0.04768626733627978
2016 QL105,564844,MBO,MBO,21164732614522188,745297384988737547,18.794645,3.142651,2.9935477,150.56815628216503,2.495201621283908,2025052300187,137,60819.06085855108,i,150.56817669050292,2.49519737994823,19.208438873291016,5173.97,263.18,False,5096.97,0.199942,5588.94,260.798,False,394.078,11.8073,22.115440189322285,0.05522723064703694,22.13171976072452,4.259084343057199e-05,22.031676393188718,0.05066396100214557,24.911044515937206,0.03253064767886162
2016 QL105,564844,MBO,MBO,21164732614522188,745297385122955268,18.79465,3.1426506,2.9935546,150.56824378133996,2.495183148481264,2025052300188,137,60819.06138473396,i,150.5682666380968,2.495175050025726,22.130416870117188,5311.32,238.304,False,4914.49,4.31324,5960.55,238.566,False,556.927,54.846,22.086993866245326,0.04871393364162402,22.17130380896394,0.0009529047083500219,21.961784197071765,0.04345567870122148,24.535504313351744,0.10692296908980765
2016 QL105,564844,MBO,MBO,21164732614522188,745297385260843065,18.794653,3.1426501,2.9935613,150.56833095390155,2.4951647452623504,2025052300189,144,60819.06190884062,i,150.56834549027514,2.4951637700034612,22.1710262298584,5409.02,237.892,False,4869.51,0.282115,6154.54,235.34,False,761.622,43.9351,22.067203527927532,0.04775134024909712,22.181286897169073,6.290211902616111e-05,21.927010996539767,0.04151685630931658,24.19565128560836,0.06263202579711402
2016 QL105,564844,MBO,MBO,21164732614522188,745297385392963607,18.794657,3.1426497,2.9935682,150.5684182990509,2.495146306242377,2025052300190,140,60819.06243327331,i,150.56843678550948,2.495148435388376,21.747631072998047,5189.65,237.019,False,4679.62,1.95908,6011.87,233.77,False,845.361,47.4262,22.112154847483225,0.04958718050537773,22.224473501772746,0.00045453348989026954,21.952476026632517,0.04221856964265441,24.082394450139947,0.06091166015138113
2016 QL105,564844,MBO,MBO,21164732614522188,745297385525608483,18.794659,3.1426492,2.993575,150.56850598319406,2.495127796302335,2025052300191,137,60819.06296078522,i,150.5685093611775,2.4951228448193397,22.457717895507812,5009.23,219.536,False,4436.86,2.52427,5670.17,217.728,False,647.436,56.2959,22.150572572026118,0.0475837962068649,22.28231072027802,0.0006177097038582774,22.016009815277915,0.0416910202340933,24.372007932830115,0.09440701097271474
2016 QL105,564844,MBO,MBO,21164732614522188,745297385659302031,18.794662,3.142649,2.993582,150.56859383997997,2.4951092505688,2025052300192,136,60819.063488538115,i,150.5686066724834,2.495107370332845,22.113325119018555,5317.96,237.419,False,5096.06,0.118951,5906.38,233.761,False,538.701,42.5075,22.085637342017222,0.04847242415941538,22.131913655880076,2.5342991664912996e-05,21.971696559485785,0.04297095475047218,24.571630568296996,0.08567263167241124
2016 QL105,564844,MBO,MBO,21164732614522188,745297385795092494,18.794666,3.1426485,2.993589,150.56868153671138,2.4950907392759363,2025052300193,139,60819.064015990574,i,150.56870435472558,2.4950823861557803,22.617849349975586,5521.93,244.238,False,5197.73,1.90089,5859.32,241.971,False,324.383,23.1334,22.04477272317372,0.04802270906968699,22.110465714087503,0.0003970704700142584,21.980381989704483,0.044837400163934144,25.12235479974862,0.07742936658103733
2016 QL105,564844,MBO,MBO,21164732614522188,745297385928261745,18.79467,3.142648,2.9935958,150.56876940614703,2.4950721921886827,2025052300194,137,60819.06454344802,i,150.56879067904174,2.4950652055087215,22.67466163635254,5283.96,221.524,False,4816.65,0.706936,5386.55,218.593,False,83.8506,43.3198,22.092601204749087,0.045518253554911715,22.19313729795992,0.00015935266775429704,22.07172330065164,0.044060548093019944,26.591234548050377,0.5609247401509018
2016 QL105,564844,MBO,MBO,21164732614522188,745297386063527941,18.794674,3.1426475,2.9936028,150.56885678266488,2.4950537498044385,2025052300195,139,60819.06506858168,i,150.56888138782116,2.4950479327269357,21.055187225341797,4957.77,230.125,False,4767.26,1.90027,5012.81,229.308,False,1.49301,33.358,22.161784057759277,0.050396658807418414,22.20432795734211,0.00043278361641265243,22.149796877539494,0.04966635345697153,30.964843176465028,24.258370073934334
2016 QL105,564844,MBO,MBO,21164732614522188,745297386197745681,18.794678,3.142647,2.9936097,150.56894449838975,2.495035236491252,2025052300196,139,60819.06559514809,i,150.56896032349684,2.4950168623252478,20.418350219726562,5037.32,245.454,False,4653.15,1.39372,5052.63,242.549,False,-36.6278,25.6885,22.14450118624469,0.052904778335169336,22.23063239085033,0.0003252017081928246,22.141206284257645,0.05212022896234746,nan,nan
2016 QL105,564844,MBO,MBO,21164732614522188,745297386331963508,18.794682,3.1426466,2.9936163,150.56903172113743,2.49501682789288,2025052300197,139,60819.06611941331,i,150.56904633426544,2.4949994874229215,22.39837646484375,5306.97,231.694,False,5134.5,1.6462,5310.45,230.206,False,-53.2332,22.9326,22.087883374560086,0.047401540673185937,22.1237546045161,0.0003481037836019052,22.08717164971994,0.047066251008491294,nan,nan
2016 QL105,564844,MBO,MBO,21164732614522188,745297386466181214,18.794685,3.1426463,2.9936233,150.56911911663957,2.494998383505721,2025052300198,139,60819.06664482081,i,150.56914069925782,2.494984026800618,23.89064598083496,5569.59,229.811,False,5330.03,1.641,5503.55,226.196,False,-59.088,34.1534,22.035441965007692,0.04479937212397077,22.083175910129228,0.00033427451984881863,22.048392747494827,0.04462377817214314,nan,nan
2016 QL105,564844,MBO,MBO,21164732614522188,745297386598826009,18.79469,3.1426458,2.9936302,150.56920585255483,2.4949800789900856,2025052300199,136,60819.067165975925,i,150.56922483285575,2.494974614936795,23.952051162719727,5110.55,211.263,False,4622.01,1.40036,5104.29,208.314,False,-52.4596,45.3235,22.12883093738467,0.04488282026829542,22.237922853139366,0.00032895247219181845,22.130161639603617,0.044310578942561844,nan,nan
2016 QL105,564844,MBO,MBO,21164732614522188,745297386733043743,18.794691,3.1426454,2.9936368,150.56929309421056,2.494961668421022,2025052300200,136,60819.06768914743,i,150.5693031144456,2.494960856817475,22.744661331176758,5312.48,228.597,False,4956.47,0.339161,5247.77,224.931,False,-39.3473,32.0215,22.086756733830942,0.046719430519102025,22.16206874826164,7.429468357796339e-05,22.100063014796056,0.046537048898570584,nan,nan
2016 QL105,564844,MBO,MBO,21164732614522188,745297386866737167,18.794695,3.142645,2.9936438,150.56938017576684,2.494943292318992,2025052300201,135,60819.06821238123,i,150.56941505723532,2.4949301000731,20.068723678588867,4945.07,241.394,False,4708.55,2.1107,4862.28,237.885,False,-55.9746,33.175,22.164568929500263,0.05300030367204344,22.217782078674798,0.00048670256984218385,22.18290013653432,0.053119187401195714,nan,nan
2016 QL105,564844,MBO,MBO,21164732614522188,745297387000954916,18.794699,3.1426444,2.9936507,150.56946759673625,2.494924845282416,2025052300202,135,60819.068737992246,i,150.56949278936773,2.494910091165525,22.31505012512207,5364.05,236.829,False,5089.9,1.72536,5329.64,235.739,False,-66.7644,28.0009,22.07626799604786,0.047936507545643194,22.13322689596911,0.0003680398226206387,22.0832552850853,0.048023948875483585,nan,nan
2016 QL105,564844,MBO,MBO,21164732614522188,745301777401774110,18.79643,3.141892,3.0054104,150.7259292028238,2.4623560577355006,2025052400145,144,60819.98026129721,i,150.72594675929082,2.462346080532099,24.687480926513672,5875.4,233.528,False,5276.78,0.817684,5946.17,232.62,False,48.335,43.4943,21.977406420738205,0.043154476036784656,22.094077574433573,0.00016824448874491207,21.96440671063369,0.04247506444783014,27.18934571324298,0.9770008900296271
2016 QL105,564844,MBO,MBO,21164732614522188,745301777535991814,18.796432,3.1418915,3.005417,150.72601720597322,2.462336993333015,2025052400146,144,60819.9807832778,i,150.72603910975613,2.462327977877349,27.64986228942871,6167.98,221.754,False,5882.08,1.9562,6312.13,224.066,False,12.492,47.7226,21.92464261138191,0.03903487766281397,21.97617266835379,0.0003610826679461919,21.89956018339693,0.03854112110217522,28.65842009359675,4.147786991845814
2016 QL105,564844,MBO,MBO,21164732614522188,745301777670209545,18.796436,3.141891,3.005424,150.7261053805567,2.462317891661141,2025052400147,144,60819.98130642876,i,150.72612575746675,2.4623078485759393,27.731794357299805,6335.83,218.914,False,6100.77,0.808682,6339.35,217.921,False,-32.1499,62.2034,21.895491196729104,0.03751408326739626,21.936538365699278,0.00014391877571240047,21.89488815792543,0.03732318321772879,nan,nan
2016 QL105,564844,MBO,MBO,21164732614522188,745301777804427286,18.796438,3.1418908,3.0054307,150.72619355797207,2.4622987892502723,2025052400148,144,60819.98182965605,i,150.7262071746186,2.462298659136186,26.82719612121582,6178.4,225.122,False,5846.28,0.339775,6233.43,224.26,False,-37.4917,53.7471,21.92280996258544,0.03956090626321663,21.982801011172974,6.310098528149096e-05,21.913182252350673,0.03906151002716802,nan,nan
2016 QL105,564844,MBO,MBO,21164732614522188,745301777940217912,18.79644,3.1418903,3.0054376,150.72628190681334,2.4622796495819825,2025052400149,147,60819.98235309965,i,150.72629995242005,2.462273067023877,28.412986755371094,6765.41,225.527,False,6279.39,2.98519,6747.66,225.157,False,-75.3801,49.68,21.824264672390058,0.03619334461261672,21.905206333777688,0.0005161534317671665,21.827116996587684,0.036229018426499705,nan,nan
2016 QL105,564844,MBO,MBO,21164732614522188,745301778072862784,18.796442,3.1418898,3.0054443,150.7263700899714,2.462260545692239,2025052400150,144,60819.98287619607,i,150.72638163503103,2.462257928933542,31.35709571838379,6477.65,205.125,False,5978.15,0.834804,6489.74,203.292,False,-60.5245,65.1872,21.871456320032326,0.03438154922828255,21.9585829980225,0.00015161495442941539,21.86943171602501,0.034010836281747114,nan,nan
2016 QL105,564844,MBO,MBO,21164732614522188,745301778204983333,18.796446,3.1418893,3.0054512,150.72645861327416,2.4622413680046096,2025052400151,140,60819.98340187362,i,150.72647237973382,2.462233407792013,28.451316833496094,6464.56,225.493,False,5928.53,0.434272,6463.9,224.149,False,-28.7353,52.8394,21.873652563512067,0.037872014134270646,21.96763248470014,7.953149274820612e-05,21.87376344377843,0.03765013234892486,nan,nan
2016 QL105,564844,MBO,MBO,21164732614522188,745301778339201132,18.796448,3.1418889,3.0054579,150.7265464650269,2.4622223356985637,2025052400152,140,60819.98392289992,i,150.72656020200736,2.4622118275869154,26.06492805480957,6663.68,251.3,False,6006.54,2.78918,6598.64,250.178,False,-39.0831,42.9012,21.840714637806645,0.04094516909151233,21.953439059030092,0.0005041694106279038,21.851363889163956,0.041164133798286665,nan,nan
2016 QL105,564844,MBO,MBO,21164732614522188,745301778475516067,18.796469,3.141885,3.0055184,150.72733355465795,2.4620518160087124,2025052400153,144,60819.988589141874,i,150.7273507914597,2.462038066432444,29.883342742919922,6545.64,214.704,False,6100.59,0.107131,6470.9,211.51,False,-59.98,53.3525,21.860119687049618,0.03561330833017514,21.93657043152983,1.906635340954389e-05,21.87258829545143,0.035488736059893014,nan,nan
2016 QL105,564844,MBO,MBO,21164732614522188,745301778607636552,18.79647,3.1418846,3.0055254,150.72742194275452,2.462032666783364,2025052400154,140,60819.98911337381,i,150.72743751097642,2.4620196040724074,29.56924819946289,6274.53,208.104,False,5785.15,1.23832,6297.66,208.036,False,-43.7123,55.2487,21.906047036913563,0.0360100372669625,21.99421345828133,0.00023240345923482115,21.90205194778773,0.035866052880776926,nan,nan
2016 QL105,564844,MBO,MBO,21164732614522188,745301778741854319,18.796473,3.141884,3.005532,150.72751067135815,2.462013443744393,2025052400155,140,60819.98963994597,i,150.72753107999563,2.4620051446024127,26.949918746948242,5931.89,218.227,False,5763.5,0.928627,5966.26,215.258,False,14.3362,55.3832,21.96701725261329,0.03994291106692638,21.998284256260206,0.00017493605794918396,21.96074460442049,0.039172514837365766,28.508914890464105,4.194385410108927
2016 QL105,564844,MBO,MBO,21164732614522188,745301778876072065,18.796476,3.1418839,3.005539,150.72759872850995,2.461994366138418,2025052400156,140,60819.99016198833,i,150.72760774368155,2.461989889868925,26.444454193115234,6484.1,244.04,False,6213.48,0.883722,6460.1,240.132,False,-4.06105,50.102,21.870375723483768,0.04086350490108243,21.916662741503394,0.00015442054714195853,21.874401881667488,0.04035850938659453,nan,nan
2016 QL105,564844,MBO,MBO,21164732614522188,745301779010289802,18.796478,3.1418834,3.0055456,150.72768712621706,2.461975214719384,2025052400157,140,60819.990685411554,i,150.72771399651856,2.4619660564387185,24.16240119934082,6037.3,245.707,False,5378.25,0.290323,5955.34,243.564,False,-68.0877,42.9137,21.947893142738145,0.04418746709424533,22.073397535266455,5.860906065646029e-05,21.962733625732582,0.04440489625740933,nan,nan
2016 QL105,564844,MBO,MBO,21164732614522188,745301779142410288,18.79648,3.141883,3.0055525,150.72777535853237,2.461956099106796,2025052400158,136,60819.99120829157,i,150.72778244322717,2.46195814949448,23.39208221435547,6306.72,257.325,False,5463.81,1.42013,6275.88,256.576,False,-89.3316,53.0873,21.9004910879855,0.044299901157090295,22.05626101669956,0.00028219988535176853,21.905813442959296,0.04438801339101697,nan,nan
2016 QL105,564844,MBO,MBO,21164732614522188,745301779276628072,18.796482,3.1418824,3.0055592,150.72786342546158,2.4619370193047323,2025052400159,136,60819.991730077396,i,150.72788230454344,2.4619276573780207,23.20985221862793,6133.68,261.15,False,5539.64,5.16612,6085.33,259.452,False,-82.1986,47.1553,21.930697182195598,0.0462267342150201,22.041296116930496,0.0010125285109715274,21.939289649903436,0.0462910674810055,nan,nan
2016 QL105,564844,MBO,MBO,21164732614522188,745301779410845817,18.796486,3.141882,3.0055661,150.7279520018159,2.461917829120264,2025052400160,136,60819.99225536175,i,150.72796669438722,2.4619005570660133,22.316736221313477,5901.6,259.864,False,5459.71,0.1092,5896.82,261.64,False,-64.0553,41.0736,21.972575555908058,0.04780801194397537,22.057076069845344,2.1715877809666665e-05,21.973455354433302,0.04817376907982629,nan,nan
2016 QL105,564844,MBO,MBO,21164732614522188,745301779546636298,18.796488,3.1418817,3.0055728,150.72804041276558,2.4618986747615743,2025052400161,139,60819.99277955042,i,150.72806136343308,2.4618833500200235,23.367334365844727,6081.18,259.267,False,5749.23,0.0701698,5984.27,254.71,False,-29.1792,35.3392,21.94003032233974,0.046289627770707505,22.000975795939933,1.3251494816889117e-05,21.957472046654637,0.04621246619902588,nan,nan
2016 QL105,564844,MBO,MBO,21164732614522188,745301779681378383,18.79649,3.1418812,3.0055795,150.72812798345794,2.461879702442018,2025052400162,140,60819.993298227986,i,150.72814812933106,2.4618713804622465,26.24193572998047,5850.23,221.645,False,5236.52,0.491046,5886.97,220.006,False,-1.3598,42.7287,21.98206765219399,0.041134794109940136,22.102393079482546,0.00010181311841500263,21.97527040374362,0.04057579147984202,nan,nan
2016 QL105,564844,MBO,MBO,21164732614522188,745301779814547539,18.796492,3.1418808,3.0055864,150.72821623244587,2.461860583170415,2025052400163,138,60819.99382186806,i,150.72822393765355,2.4618525092499772,23.498863220214844,5922.52,241.658,False,5469.3,1.10514,5890.96,239.544,False,-25.7945,31.7445,21.96873365645927,0.04430155475592914,22.055170674305792,0.0002193864882982246,21.97453482255358,0.04414927313189065,nan,nan
2016 QL105,564844,MBO,MBO,21164732614522188,745301780081410088,18.796497,3.1418798,3.0055997,150.72839172814858,2.4618225617980687,2025052400165,135,60819.994861739484,i,150.7284066036351,2.4618139718603897,21.1214542388916,5385.49,251.963,False,4986.08,0.298597,5445.49,251.202,False,2.40634,28.56,22.07193689322079,0.05079674025403951,22.15560187715154,6.502053258819347e-05,22.05990754114788,0.05008531644767986,30.446607576701116,12.886220120751672
2016 QL105,564844,MBO,MBO,21164732614522188,745301780217724973,18.7965,3.1418796,3.0056067,150.72847981859388,2.461803476912982,2025052400166,139,60819.99538363117,i,150.72849257252616,2.4617908816375658,21.20296287536621,5442.82,256.461,False,5015.27,0.721417,5420.07,254.886,False,6.85504,19.3982,22.060440105160243,0.05115895807886836,22.149264199562275,0.00015617674885917823,22.064987796533376,0.05105819094292569,29.309975005138995,3.0723856934908476
2016 QL105,564844,MBO,MBO,21164732614522188,745301780351418377,18.796501,3.141879,3.0056133,150.72856791258397,2.4617843912834068,2025052400167,138,60819.995905787044,i,150.7285860651894,2.4617741536320215,21.464975357055664,5720.18,264.503,False,5294.02,1.41658,5725.81,262.081,False,42.5948,18.6661,22.006475728666388,0.05020479503605304,22.090536051827556,0.0002905225416151843,22.005407657146872,0.049696168834706386,27.326608565938265,0.4757965887193964
2016 QL105,564844,MBO,MBO,21164732614522188,745301780484063296,18.796503,3.1418786,3.0056202,150.72865617879805,2.4617652683706392,2025052400168,135,60819.99642804626,i,150.728665605642,2.46175271328005,19.115554809570312,5658.61,293.655,False,5117.96,0.301231,5765.65,291.786,False,132.395,12.1867,22.01822561940487,0.05634455662896794,22.12725779007085,6.390386047733476e-05,21.99787933016277,0.054946561319298357,26.095321005100246,0.0999398831935011
2016 QL105,564844,MBO,MBO,21164732614522188,745301780619853893,18.796505,3.1418781,3.005627,150.72874360459775,2.46174632756811,2025052400169,138,60819.99694684725,i,150.7287626254645,2.4617382999928203,20.74368667602539,5431.55,259.491,False,5095.79,0.0722247,5587.73,257.963,False,184.935,24.6811,22.06269058459619,0.0518707883981754,22.131971186157372,1.5388579580076985e-05,22.03191147186788,0.050124072449951505,25.732452235240046,0.14490045213090885
2016 QL105,564844,MBO,MBO,21164732614522188,745301780752498749,18.796509,3.1418777,3.0056336,150.72883187785516,2.4617272032039,2025052400170,135,60819.997469902744,i,150.72884495253632,2.461719069221301,21.2661075592041,5317.3,239.33,False,5137.68,1.5542,5426.36,236.48,False,139.287,31.0556,22.085772130552364,0.048868647136227614,22.123082335915974,0.00032844614874376983,22.06372852060538,0.047316230314880095,26.040223518673013,0.2420770625045372
2016 QL105,564844,MBO,MBO,21164732614522188,745301780888289333,18.79651,3.1418774,3.0056405,150.7289194795103,2.461708224387143,2025052400171,138,60819.99798851295,i,150.72893218084963,2.4616971467405055,23.468698501586914,6044.98,257.161,False,5700.54,4.27684,6133.61,255.861,False,50.3581,23.4966,21.946512832701302,0.04618857642491916,22.01020999903142,0.0008145755009351033,21.93070962843705,0.04529103563162831,27.144826641012394,0.5065939339622035
2016 QL105,564844,MBO,MBO,21164732614522188,745301781017264204,18.796513,3.141877,3.0056472,150.72900792875174,2.461689061992668,2025052400172,128,60819.998512696766,i,150.72902597226965,2.4616764545463146,23.26849365234375,5486.63,235.497,False,5112.86,0.871393,5448.5,233.422,False,-47.5714,31.3063,22.05173583865399,0.04660194290098269,22.128340276367556,0.00018504378782713412,22.059307611917223,0.04651458441886469,nan,nan
2016 QL105,564844,MBO,MBO,21164732614522188,745301781156200476,18.796526,3.141874,3.0056899,150.72956267677975,2.461568878188349,2025052400173,137,60820.00179829667,z,150.72957796137155,2.461566161240471,8.385380744934082,4887.74,575.427,False,4780.83,11.4102,5128.49,574.345,False,185.384,25.079,22.17722970831275,0.1278222448938765,22.201241729677122,0.002591279583317174,22.12502616781646,0.12159273006573744,25.729819362711076,0.146879873118791
2016 QL105,564844,MBO,MBO,21164732614522188,745301781424635936,18.796532,3.1418734,3.0057034,150.72973963292287,2.461530542082802,2025052400175,137,60820.002846007206,z,150.72974663033986,2.4615358206488094,8.440045356750488,4795.46,560.072,False,5095.1,31.5704,5175.38,555.168,False,422.338,27.0581,22.197924326855436,0.12680545264708637,22.13211819870584,0.006727468720959783,22.115144416632138,0.1164679778703351,24.8358495699349,0.06956029920079101
2016 QL105,564844,MBO,MBO,21164732614522188,745301781562523729,18.796534,3.141873,3.0057104,150.7298272723914,2.461511555855512,2025052400176,144,60820.00336581418,z,150.72984534997164,2.461501544023449,9.409238815307617,5158.93,535.266,False,4957.76,42.5009,5625.4,531.782,False,353.879,34.8257,22.118600875256696,0.11265081054241115,22.161786303335155,0.00930758413837083,22.024616496726892,0.10263713893707806,25.027863028338665,0.10684873172745585
2016 QL105,564844,MBO,MBO,21164732614522188,745301781694644257,18.796535,3.1418724,3.005717,150.7299155911373,2.4614924225765185,2025052400177,140,60820.003888935134,z,150.72993754114304,2.461492914667924,10.376830101013184,5146.84,494.403,False,4825.35,12.416,5278.49,485.723,False,240.777,103.64,22.121148364131614,0.10429530927164223,22.191177928616863,0.002793683534472059,22.093725693968928,0.09990868873868236,25.445962535004643,0.4673440692604904
2016 QL105,564844,MBO,MBO,21164732614522188,745301781827289130,18.796537,3.141872,3.005724,150.73000408258693,2.461473251996436,2025052400178,137,60820.00441263528,z,150.73000946086015,2.4614902432230163,11.473928451538086,6029.88,527.322,False,5543.39,0.555949,6295.01,524.041,False,169.781,31.4625,21.94922834765596,0.09494925627354045,22.04056138810223,0.00010888894932045516,21.902508979555996,0.09038434007668182,25.82527724447447,0.2012002152721426
2016 QL105,564844,MBO,MBO,21164732614522188,745301781963079731,18.796541,3.1418717,3.0057306,150.7300922402362,2.461454153848237,2025052400179,140,60820.00493446327,z,150.7301149853968,2.461448029474508,9.760412216186523,5449.41,540.764,False,5599.75,10.5227,5675.17,536.604,False,113.448,25.2421,22.059126257954723,0.10774139058695073,22.02957840393274,0.0020402476357192496,22.015052826514243,0.10265955075873774,26.263007908655773,0.24157554181216856
2016 QL105,564844,MBO,MBO,21164732614522188,745301782096773209,18.796543,3.1418712,3.0057375,150.7301804016994,2.461435054997193,2025052400180,139,60820.005456584026,z,150.73016853214025,2.4614085782252415,11.54233169555664,6399.19,544.201,False,6118.12,8.47099,6314.2,538.278,False,52.5514,27.5037,21.884687497166595,0.09233336118827697,21.933455001886188,0.001503282144427217,21.899204131679184,0.09255771296151558,27.098539289945982,0.568239163374
2016 QL105,564844,MBO,MBO,21164732614522188,745301782231515153,18.796545,3.1418707,3.0057442,150.73026856715737,2.461415955409361,2025052400181,140,60820.00597883633,z,150.73024049816857,2.461379527016734,10.40852165222168,5678.29,546.982,False,5814.1,11.0999,5728.21,543.043,False,16.0121,29.4808,22.01445607023193,0.10458749920028229,21.988793738824732,0.002072816663542126,22.004952679611264,0.10292944605731508,28.388879250773748,1.9990115068328793
2016 QL105,564844,MBO,MBO,21164732614522188,745301782365732918,18.796547,3.1418703,3.0057511,150.730357074299,2.461396781936556,2025052400182,140,60820.00650210535,z,150.7303827553953,2.4613569154851374,10.878951072692871,6337.07,571.251,False,6107.29,11.4036,6256.49,561.329,False,-16.518,25.5221,21.895278769071133,0.09787297354480501,21.935378636487606,0.0020272986909238653,21.90917307244787,0.09741167539366961,nan,nan
2016 QL105,564844,MBO,MBO,21164732614522188,745301782499426347,18.796549,3.1418698,3.0057578,150.73044541655293,2.461377644323842,2025052400183,139,60820.00702511784,z,150.7304398853165,2.46138719949289,10.28393268585205,6304.11,617.256,False,6721.54,23.6394,6272.9,614.361,False,-52.2665,24.0327,21.90094056723809,0.10630797704877956,21.831328025014358,0.003818492906851297,21.90632910628284,0.10633582805282485,nan,nan
2016 QL105,564844,MBO,MBO,21164732614522188,745301782635216900,18.79655,3.1418693,3.0057647,150.73053325606486,2.46135861576458,2025052400184,142,60820.00754595589,z,150.73054411862773,2.4613459810213825,11.335345268249512,5704.6,506.019,False,5612.45,8.37443,5618.68,494.555,False,-13.3134,74.7109,22.00943698743454,0.0963087951318298,22.027118749714056,0.0016200449368942353,22.025914219836807,0.09556626182541633,nan,nan
2016 QL105,564844,MBO,MBO,21164732614522188,745301782769434628,18.796555,3.141869,3.0057714,150.73062160624005,2.461339476731595,2025052400185,142,60820.00806811941,z,150.73065679043728,2.4613236408495536,11.178427696228027,5928.6,525.735,False,5630.62,8.11524,5844.02,515.88,False,-23.7491,32.837,21.96761960792007,0.09628065619231663,22.023609430881415,0.0015648382949458711,21.983220762492426,0.0958432032642141,nan,nan
2016 QL105,564844,MBO,MBO,21164732614522188,745301782900506693,18.796556,3.1418686,3.005778,150.7307091158665,2.461320519938295,2025052400186,136,60820.0085868014,z,150.73071732304751,2.4613015682524217,13.065825462341309,6767.05,507.752,False,6854.59,7.18212,6822.4,500.827,False,16.6285,93.4785,21.824001567871658,0.08146603922298191,21.810046317147986,0.0011376154841996366,21.815157068855193,0.07970303844653936,28.347867314072598,6.1035566832380646
2016 QL105,564844,MBO,MBO,21164732614522188,745301783034724434,18.796558,3.141868,3.005785,150.7307973052069,2.4613014160622675,2025052400187,136,60820.009108688195,z,150.73078493731165,2.461298704635879,9.443243026733398,5593.04,585.864,False,5083.19,4.3402,5498.22,580.197,False,-13.8382,27.1539,22.030880179159414,0.11372952209637459,22.134659154740184,0.0009270383898799121,22.049444674428813,0.11457178641512779,nan,nan
2016 QL105,564844,MBO,MBO,21164732614522188,745301783168417843,18.79656,3.1418676,3.0057917,150.73088549870178,2.46128231145291,2025052400188,135,60820.00963091398,z,150.73092280445348,2.461276550475586,10.821687698364258,5550.63,498.02,False,4959.9,4.18166,5557.13,492.132,False,-36.39,100.257,22.039144326379027,0.09741567068626233,22.16131772021524,0.0009153773136023411,22.037873631606114,0.0961513458798633,nan,nan
2016 QL105,564844,MBO,MBO,21164732614522188,745301783302635594,18.796562,3.1418672,3.0057986,150.7309743720812,2.461263059739772,2025052400189,135,60820.01015619562,z,150.7310165844278,2.4612270595472276,10.391746520996094,5309.07,501.847,False,5034.31,14.9491,5314.57,495.42,False,-8.96826,86.0687,22.087453907087163,0.10263067896172369,22.145150100401025,0.003224032372057802,22.086329706745794,0.10121147391629598,nan,nan
2016 QL105,564844,MBO,MBO,21164732614522188,745301783438950458,18.796564,3.141867,3.0058055,150.73106257382804,2.4612439536933204,2025052400190,139,60820.010678378465,z,150.731063592855,2.4612270044852966,12.030172348022461,5646.78,462.625,False,5312.95,26.8866,5751.45,456.488,False,17.3816,101.868,22.020497871704514,0.08895135472550236,22.08666063809237,0.005494453082842111,22.0005565915744,0.08617401506815137,28.299775657456713,6.363152715999379
2016 QL105,564844,MBO,MBO,21164732614522188,745301783568973863,18.796566,3.1418664,3.0058122,150.73115111760453,2.4612247737410837,2025052400191,131,60820.01120266389,z,150.7311285026696,2.461221058156025,11.153875350952148,4734.19,423.258,False,4479.25,0.858563,4944.04,417.109,False,139.204,106.171,22.211885804098355,0.0970697279724502,22.271986744094512,0.00020810915657708305,22.164795051981812,0.09159924850829813,26.04087075388598,0.8280918677451359
2016 QL105,564844,MBO,MBO,21164732614522188,745301783703191609,18.79657,3.141866,3.005819,150.73123983460962,2.4612055564547983,2025052400192,131,60820.011727967314,z,150.7312332191338,2.461174901377025,11.020345687866211,5757.07,523.829,False,5442.35,1.52845,5840.09,516.38,False,238.61,33.6022,21.99949625800668,0.09878985412745991,22.06053381047476,0.0003049222276477289,21.98395117916047,0.09600065781769664,25.455778395389316,0.15289855631551388
2016 QL105,564844,MBO,MBO,21164732614522188,745301783839506477,18.796572,3.1418655,3.0058258,150.73132754186423,2.4611865580862577,2025052400193,135,60820.012246618,z,150.73134218444858,2.46118724656404,9.623764038085938,4596.99,479.438,False,4458.11,5.0692,4781.23,472.887,False,289.813,93.2683,22.243816047107558,0.11323565099635875,22.27712308300593,0.001234562220356522,22.201150914842124,0.10738461266240293,25.24470538763419,0.3494141992545347
2016 QL105,564844,MBO,MBO,21164732614522188,745301783975297039,18.796574,3.141865,3.0058327,150.73141609835292,2.4611673759635533,2025052400194,138,60820.0127708697,z,150.73144048175334,2.4611477260317827,12.7402982711792,5740.48,440.526,False,5371.6,4.51784,5984.58,432.619,False,255.912,99.9488,22.00262948322369,0.08331969278264303,22.07474081737515,0.00091316968256968,21.957415793658207,0.07848672622739411,25.37977336182712,0.42404431505398316
2016 QL105,564844,MBO,MBO,21164732614522188,745301784107941959,18.796576,3.1418648,3.0058393,150.73150449005533,2.4611482297401657,2025052400195,135,60820.01329302211,z,150.73152878345323,2.461146948722878,13.413379669189453,5981.08,434.389,False,5887.31,2.33073,6265.65,422.971,False,209.559,118.985,21.958050957414393,0.07885396388368905,21.975207728037784,0.00042983261921248413,21.907584688225626,0.07329406277606199,25.596734176875202,0.6164675315732789
2016 QL105,564844,MBO,MBO,21164732614522188,745301784242159651,18.796577,3.1418643,3.0058463,150.7315923789247,2.4611291926422183,2025052400196,135,60820.01381386521,z,150.73162443496713,2.4611099754435806,14.293644905090332,5900.65,403.286,False,5362.57,2.13241,5962.03,395.715,False,40.6911,117.724,21.972750380446534,0.07420576207399614,22.07656759991992,0.00043173979453082893,21.961514646615274,0.07206305801414553,27.376251395667378,3.1411587431739405
2016 QL105,564844,MBO,MBO,21164732614522188,745301784377950215,18.79658,3.1418638,3.005853,150.7316809481639,2.461110008388962,2025052400197,138,60820.014337399916,z,150.73170018670268,2.4611074633563983,13.161355972290039,5667.82,430.301,False,5036.24,8.68713,5704.46,420.651,False,5.71274,107.927,22.016459910260146,0.08242911446845559,22.144733904325946,0.0018728120760066172,22.009463659484364,0.08006297256102436,29.507888863644126,20.512093081567105
2016 QL105,564844,MBO,MBO,21164732614522188,745301784506925068,18.796581,3.1418633,3.0058599,150.7317693527391,2.4610908600234014,2025052400198,128,60820.01486095751,z,150.73177227437384,2.461080210527676,12.193451881408691,5449.48,423.44,False,5244.78,11.1101,5598.39,414.092,False,114.968,128.79,22.059112346321278,0.08436477294003372,22.100681854996004,0.0022999321377251036,22.029842100008555,0.08030785224309556,26.248557537154646,1.2162684894959954
2016 QL105,564844,MBO,MBO,21164732614522188,745301784642715653,18.796585,3.1418629,3.0058665,150.73185826883702,2.461071601090859,2025052400199,131,60820.015386180174,z,150.73186885732846,2.4610667781181585,13.865755081176758,5848.24,413.217,False,5253.91,1.74513,6142.05,399.261,False,331.768,118.752,21.982436989270276,0.07671447319872216,22.09879339519504,0.00036063630794171575,21.929216665672925,0.07057775853153334,25.09791374560405,0.3886250105714553
2016 QL105,564844,MBO,MBO,21164732614522188,745301784775360550,18.796587,3.1418624,3.0058734,150.73194685115905,2.4610524146860517,2025052400200,128,60820.0159104199,z,150.73197102997088,2.4610378690741483,12.650010108947754,5432.22,419.692,False,5158.11,9.13505,5747.83,411.013,False,316.794,134.569,22.06255658165277,0.08388370981225651,22.118773530006308,0.0019228466598568289,22.001240198258003,0.07763828943982448,25.1480576093317,0.46120328249780335
2016 QL105,564844,MBO,MBO,21164732614522188,745301784909578301,18.796589,3.1418622,3.0058804,150.73203526885985,2.4610332641745285,2025052400201,128,60820.016433712604,z,150.73204627958182,2.4610295030262845,12.517269134521484,5218.85,415.209,False,4996.41,2.4093,5549.81,409.368,False,256.72,144.914,22.10606294328752,0.08638061097276659,22.1533547937969,0.0005235487585730869,22.039304700714126,0.08008664556719021,25.376350734618704,0.6128793129425435
2016 QL105,564844,MBO,MBO,21164732614522188,745301785182732382,18.796595,3.141861,3.005897,150.73225252809152,2.4609862087394285,2025052400203,137,60820.01771853029,z,150.73227566171073,2.460970349878443,10.449663162231445,4921.6,453.962,False,4597.6,3.8295,5038.62,446.438,False,71.5793,140.535,22.169734193993115,0.10014689842756475,22.243672016624096,0.0009043471951273869,22.144220959254646,0.09619972845400783,26.763031383733182,2.1316769187166837
2016 QL105,564844,MBO,MBO,21164732614522188,745301785316950054,18.796597,3.1418605,3.0059037,150.7323411301832,2.460967019153267,2025052400204,137,60820.01824204062,z,150.73234374197716,2.4609597441726754,13.517241477966309,6088.72,442.971,False,6114.12,1.29519,6055.27,431.964,False,2.26732,144.977,21.93868495480506,0.0789902712556672,21.934165083586777,0.00022999787750022617,21.944666214548498,0.07745301873842197,30.511217992052426,69.42416108281131
2016 QL105,564844,MBO,MBO,21164732614522188,745301785451167796,18.796598,3.1418602,3.0059106,150.7324300750615,2.4609477555892445,2025052400205,137,60820.01876831184,z,150.73245556120472,2.4609378718570314,11.805344581604004,5461.96,455.757,False,4936.92,3.36685,5536.69,445.064,False,-1.99222,146.27,22.05662871948359,0.09059602533750873,22.16635979273194,0.0007404436145399834,22.041874491521185,0.0872763507279524,nan,nan
2016 QL105,564844,MBO,MBO,21164732614522188,745301785589055589,18.7966,3.1418598,3.0059175,150.7325186861999,2.460928564573967,2025052400206,144,60820.0192924014,z,150.73253581822556,2.4609148980923194,12.393350601196289,5410.59,419.631,False,5300.18,6.29447,5429.02,409.493,False,0.431016,144.001,22.066888467583787,0.08420682319020997,22.08927341655579,0.0012894153710245693,22.063196392197177,0.08189348842957611,32.31376652431687,362.7408439329026
2016 QL105,564844,MBO,MBO,21164732614522188,745301785721176153,18.796602,3.1418593,3.0059242,150.73260747104547,2.460909336211399,2025052400207,140,60820.01981795414,z,150.73262523234018,2.4608904432655,13.321897506713867,5857.19,439.822,False,5403.14,4.31383,5911.42,432.15,False,23.0717,136.927,21.980776730280503,0.08152896935536363,22.068384420956555,0.000866844313458202,21.97077047285278,0.0793719445514531,27.99230105043121,6.443678140545867
2016 QL105,564844,MBO,MBO,21164732614522188,745301785853821013,18.796616,3.1418564,3.0059695,150.73319458218035,2.460782191314129,2025052400208,137,60820.023288582335,r,150.7332140693702,2.460774518610238,26.813398361206055,4913.89,181.355,False,4501.92,0.888464,4895.19,181.391,False,-73.0605,29.2866,22.171436393932773,0.0400708357933756,22.266505585753844,0.00021427247039797727,22.175576130487542,0.04023189810794596,nan,nan
2016 QL105,564844,MBO,MBO,21164732614522188,745301785988038717,18.796618,3.141856,3.0059762,150.73328323328263,2.460762994170714,2025052400209,137,60820.02381293694,r,150.73329426982792,2.4607426685610245,26.72804832458496,5146.0,190.531,False,4697.61,0.539941,5104.81,189.727,False,-57.7772,7.33831,22.12132554531418,0.04019945806267134,22.22030763559447,0.0001247939959164009,22.13005103161127,0.040352819397725885,nan,nan
2016 QL105,564844,MBO,MBO,21164732614522188,745301786122256437,18.796621,3.1418555,3.005983,150.7333712124177,2.460743942854637,2025052400210,137,60820.024332603716,r,150.7333879615756,2.460728760995229,25.963294982910156,5025.74,192.668,False,4689.19,0.0717053,5038.81,192.762,False,-43.6737,7.25616,22.14699990639651,0.04162304706326246,22.222255438181715,1.660266220883235e-05,22.144180030911215,0.0415353372544158,nan,nan
2016 QL105,564844,MBO,MBO,21164732614522188,745301786260144230,18.796623,3.1418552,3.0059898,150.73345970373933,2.460724780949427,2025052400211,144,60820.02485572451,r,150.73347578740191,2.46070609652946,25.643104553222656,4930.08,193.694,False,4834.07,1.60796,4862.19,190.998,False,-39.6915,9.08306,22.167865066307243,0.04265662735228321,22.189217702128584,0.0003611491839787122,22.182920198628175,0.04265021468273651,nan,nan
2016 QL105,564844,MBO,MBO,21164732614522188,745301786392264772,18.796625,3.1418548,3.0059967,150.73354769230062,2.4607057282367246,2025052400212,140,60820.025375670215,r,150.73356297290715,2.4606999074785456,22.35990333557129,4733.58,210.893,False,4457.54,1.90402,4696.74,210.811,False,-37.372,6.08278,22.212025678777177,0.048372303305861716,22.2772618679049,0.0004637677683559273,22.22050864739009,0.04873276542365516,nan,nan
2016 QL105,564844,MBO,MBO,21164732614522188,745301786524909648,18.796627,3.1418543,3.0060036,150.73363653167232,2.460686491626732,2025052400213,137,60820.02590084262,r,150.73365691047073,2.4606852601113403,22.020973205566406,4955.93,221.968,False,4747.65,0.885986,4981.43,222.455,False,-20.3177,7.19402,22.162187052595527,0.04862834783138335,22.208803284890767,0.00020261541285966002,22.15661488191619,0.04848556356200109,nan,nan
2016 QL105,564844,MBO,MBO,21164732614522188,745301786660175924,18.796629,3.1418538,3.0060103,150.7337248681508,2.4606673642472447,2025052400214,139,60820.026422853975,r,150.7337374267026,2.460649811842757,23.646923065185547,5294.27,223.051,False,4955.21,0.739315,5367.55,224.515,False,12.2928,6.5482,22.090484781216297,0.04574276335501845,22.16234484742471,0.0001619913262239914,22.075559792799567,0.04541440176963251,28.67587296483737,0.5783562725146228
2016 QL105,564844,MBO,MBO,21164732614522188,745301786794393668,18.79663,3.1418533,3.0060172,150.73381337872237,2.4606481995146163,2025052400215,139,60820.026945783255,r,150.73382167094314,2.4606223124530313,21.471372604370117,5263.18,243.334,False,5023.37,0.740576,5345.14,244.776,False,54.2214,5.39418,22.09687940603785,0.05019712881324449,22.147512055631154,0.0001600658896542232,22.080102260372875,0.04972033651475225,27.06457315842768,0.10801373987867555
2016 QL105,564844,MBO,MBO,21164732614522188,745301786929135656,18.796633,3.1418529,3.006024,150.73390138643072,2.460629144009835,2025052400216,140,60820.02746558065,r,150.7339210355055,2.460620915312853,25.39601707458496,4928.12,191.969,False,4698.7,3.49665,5022.2,192.512,False,46.7744,16.1038,22.168296788231252,0.04229354848769968,22.22005566158351,0.0008079765299841759,22.14776494849889,0.04161865974369798,27.224979464562335,0.3738044517058756
2016 QL105,564844,MBO,MBO,21164732614522188,745301787062829116,18.796635,3.1418526,3.0060308,150.73399041444156,2.4606098679442567,2025052400217,139,60820.027991999144,r,150.7340078923896,2.4605947367479435,24.37932586669922,5155.36,207.731,False,5033.66,2.45385,5210.9,208.013,False,68.1022,6.45893,22.119352534883042,0.04374885101723853,22.145290272151655,0.0005292836101153806,22.107718173097915,0.04334131338598851,26.817097091892805,0.10297308772647538
2016 QL105,564844,MBO,MBO,21164732614522188,745301787197046861,18.796637,3.1418521,3.0060375,150.7340787704014,2.460590737747951,2025052400218,139,60820.0285134994,r,150.73409940833602,2.4605865477296436,23.38736915588379,5008.47,212.307,False,4670.54,1.62431,5099.36,212.321,False,99.4838,6.89959,22.15073726153203,0.04602391428074016,22.226582251247983,0.00037759492008609865,22.131210846663706,0.045206575331665964,26.405619055150385,0.07530004349678365
2016 QL105,564844,MBO,MBO,21164732614522188,745301787332837398,18.796638,3.1418517,3.0060444,150.734167639058,2.460571496912233,2025052400219,142,60820.0290386908,r,150.73418380543285,2.460554686052763,23.183685302734375,4948.82,212.065,False,4724.54,1.20919,5099.74,211.432,False,126.206,6.56454,22.163745894049597,0.04652556752742639,22.21410116535798,0.00027788130961880217,22.131129862525107,0.04501393681174025,26.147299983142247,0.056474007375163914
2016 QL105,564844,MBO,MBO,21164732614522188,745301787467055126,18.79664,3.1418512,3.0060513,150.73425668193988,2.460552218728466,2025052400220,142,60820.029564888915,r,150.73427933294585,2.4605475534935324,23.244245529174805,4910.44,208.963,False,4730.7,1.87653,5104.2,208.668,False,171.797,6.68335,22.17219899089124,0.04620333299639955,22.212686435441427,0.00043067971586053003,22.13018075048288,0.04438666057560103,25.812461079247836,0.04223796272005877
2016 QL105,564844,MBO,MBO,21164732614522188,745301787598127178,18.796642,3.1418507,3.006058,150.73434539124037,2.4605330131434218,2025052400221,136,60820.030088322615,r,150.7343631093588,2.4605123938670808,24.18646240234375,5238.18,212.839,False,4746.73,0.99943,5475.97,212.836,False,192.874,6.85841,22.10204891846072,0.04411589621464057,22.20901368146236,0.0002286031310892724,22.053847306916786,0.04219959938041062,25.68681582141418,0.03860771378651741
2016 QL105,564844,MBO,MBO,21164732614522188,745301787731820593,18.796644,3.1418505,3.006065,150.73443427488817,2.460513770194385,2025052400222,135,60820.030613783456,r,150.73444701430103,2.4605033745933573,21.12826919555664,4893.0,229.974,False,4844.08,2.36663,5142.64,230.474,False,199.482,6.7856,22.17606196060015,0.05103026709437089,22.18697171522608,0.000530448695484017,22.122034662415892,0.048658657487707674,25.65024074475765,0.03693251516760436
2016 QL105,564844,MBO,MBO,21164732614522188,745301787866038330,18.796648,3.14185,3.0060718,150.7345224863048,2.4604946731642907,2025052400223,135,60820.031134837554,r,150.7345360681153,2.4604860950831022,26.878427505493164,5099.64,187.294,False,4761.75,0.123408,5220.37,186.64,False,123.008,19.5317,22.131151173554887,0.0398757320465933,22.205583523834868,2.813850590789236e-05,22.105746762535563,0.03881751677456746,26.175166578156283,0.17239751413389162
2016 QL105,564844,MBO,MBO,21164732614522188,745306225914150982,18.7952,3.1410742,3.0181904,150.89890033046018,2.4254456458754485,2025052500521,144,60820.97064975185,g,150.89892662649254,2.4254384571935406,22.307783126831055,2905.74,129.509,False,2895.24,0.049277,2902.77,129.626,False,-15.802,5.16409,22.74185812397529,0.04839132666046776,22.74578857801524,1.8479236015884547e-05,22.74296842764871,0.0484846019554114,nan,nan
2016 QL105,564844,MBO,MBO,21164732614522188,745306226048368701,18.795202,3.1410737,3.018197,150.89899011906795,2.4254257554312724,2025052500522,144,60820.97117170756,g,150.89902333030696,2.4254140700855578,22.574935913085938,3065.02,135.569,False,3006.07,0.504813,3064.91,135.343,False,-18.5085,4.87115,22.683916711229692,0.04802323341119255,22.705002251698808,0.00018232900599626803,22.683955715791143,0.04794489948894867,nan,nan
2016 QL105,564844,MBO,MBO,21164732614522188,745306226182586437,18.795202,3.1410732,3.018204,150.89908025422287,2.425405788023345,2025052500523,144,60820.97169588203,g,150.89911047825223,2.425396963063708,20.559663772583008,2755.63,133.761,False,2658.24,0.19538,2735.87,133.285,False,-21.4216,4.93049,22.799447785712225,0.05270270986443064,22.83851453202583,7.980135086333181e-05,22.807261310442378,0.05289445325571144,nan,nan
2016 QL105,564844,MBO,MBO,21164732614522188,745306226452594759,18.795204,3.1410723,3.0182176,150.89926053190507,2.425365851010733,2025052500525,147,60820.97274321155,g,150.8992825399288,2.425360322160621,20.473695755004883,2921.0,140.156,False,2776.35,0.661734,2859.18,138.61,False,-33.0098,4.40663,22.736171107566122,0.05209601159733514,22.791314425610167,0.00025878168102163,22.759396282766478,0.05263533586634062,nan,nan
2016 QL105,564844,MBO,MBO,21164732614522188,745306226717360198,18.795204,3.1410716,3.018231,150.89943978746916,2.425326139721597,2025052500527,140,60820.97378587482,g,150.89946760937303,2.425314625605919,20.34731101989746,2706.34,133.569,False,2572.67,0.791436,2681.4,134.124,False,-66.9441,5.61381,22.81904407347225,0.05358554161293265,22.87403982742399,0.0003340073787242979,22.82909602693237,0.05430867470107545,nan,nan
2016 QL105,564844,MBO,MBO,21164732614522188,745306226853150750,18.795204,3.141071,3.0182376,150.8995295910575,2.425306244878921,2025052500528,143,60820.9743077991,g,150.89953886933893,2.425299097237208,21.473743438720703,2901.54,134.659,False,2797.51,1.04612,2836.22,133.261,False,-80.8071,5.26161,22.74342858030512,0.05038846471777508,22.783070877121283,0.0004060076304300396,22.768150223251844,0.0510137773514704,nan,nan
2016 QL105,564844,MBO,MBO,21164732614522188,745306226989465636,18.795206,3.1410706,3.0182445,150.8996190532122,2.42528642551745,2025052500529,147,60820.97482747467,g,150.8996272678687,2.4252776505485416,18.705562591552734,2733.59,146.067,False,2664.84,0.0937271,2624.95,145.216,False,-94.2263,4.10436,22.808166522439947,0.058015366817736586,22.835822117653933,3.8187245437420136e-05,22.85219743172801,0.060064487077470134,nan,nan
2016 QL105,564844,MBO,MBO,21164732614522188,745306227255803917,18.795206,3.14107,3.0182579,150.8997985013441,2.425246670291142,2025052500531,143,60820.97587058709,g,150.89983621821025,2.4252406665115154,24.451427459716797,3016.22,121.947,False,3035.38,0.866812,2943.5,120.352,False,-48.8365,5.5444,22.70134247217565,0.04389675578157812,22.694467371286482,0.00031005317205653945,22.72783989962953,0.044392906697986415,nan,nan
2016 QL105,564844,MBO,MBO,21164732614522188,745306227390021688,18.795206,3.1410694,3.0182648,150.89988951984867,2.425226505684795,2025052500532,143,60820.97639929077,g,150.89990569248494,2.4252173539081348,24.439905166625977,2960.24,119.632,False,2859.59,0.502921,2924.96,118.368,False,-37.2169,6.80305,22.721682696837867,0.043877793079189355,22.759240542462365,0.00019095027783887388,22.734700186230498,0.04393783870292626,nan,nan
2016 QL105,564844,MBO,MBO,21164732614522188,745306227524239410,18.795208,3.141069,3.0182714,150.89997933659447,2.425206607182585,2025052500533,143,60820.97692103904,g,150.89999746837293,2.4252009577459113,25.97087287902832,3174.74,120.6,False,3042.31,0.245243,3174.3,118.912,False,-23.7256,7.25699,22.64572959359175,0.04124425466019402,22.691991316705007,8.752204632929574e-05,22.645880060531812,0.04067260951311808,nan,nan
2016 QL105,564844,MBO,MBO,21164732614522188,745306227656359974,18.795208,3.1410685,3.0182784,150.90006967229647,2.4251865935749617,2025052500534,139,60820.977446518904,g,150.90008880220273,2.4251660902931023,24.41935920715332,2787.39,113.666,False,2623.15,0.103204,2802.32,112.758,False,-9.49907,7.85255,22.78700569774304,0.04427485805851864,22.85294222634481,4.271670327946295e-05,22.781205657650766,0.04368717473446907,nan,nan
2016 QL105,564844,MBO,MBO,21164732614522188,745306227790577738,18.795208,3.141068,3.018285,150.9001594945627,2.425166693591212,2025052500535,139,60820.97796848843,g,150.90018728377783,2.4251533170693698,26.091796875,3236.29,122.748,False,3162.53,0.243864,3191.08,120.781,False,0.385621,6.25418,22.624881408687898,0.04118047123275854,22.6499133550573,8.372156824268677e-05,22.64015574331484,0.04109464488969196,32.43459827701349,17.608972046328542
2016 QL105,564844,MBO,MBO,21164732614522188,745306227924271157,18.795208,3.1410675,3.0182917,150.90024845912558,2.4251469835114428,2025052500536,138,60820.9784858992,g,150.90027114113843,2.4251109143028193,23.638477325439453,3001.8,126.148,False,2866.27,0.163842,3024.05,124.413,False,3.66084,5.46604,22.706545599171477,0.04562710752863941,22.756707247278133,6.206295360571325e-05,22.69852756355703,0.044668473883812086,29.99104811951861,1.6211245546670465
2016 QL105,564844,MBO,MBO,21164732614522188,745306228058488904,18.79521,3.1410673,3.0182986,150.9003386309823,2.4251270058410768,2025052500537,138,60820.979009012066,g,150.90036162606995,2.4251093278580935,26.20313835144043,3232.37,122.473,False,2989.34,1.7939,3252.99,120.726,False,11.3915,6.84303,22.62619729219937,0.04113803955630136,22.711061684556068,0.0006515492163930858,22.619293182705803,0.04029418694678224,28.758547668679558,0.652216572581051
2016 QL105,564844,MBO,MBO,21164732614522188,745306228193230929,18.79521,3.1410668,3.0183053,150.90042777317885,2.42510725618477,2025052500538,139,60820.97952775342,g,150.90044150848559,2.4250846433750843,22.89824867248535,2783.04,123.451,False,2727.92,0.152418,2841.67,122.346,False,23.6381,6.05778,22.788701363774287,0.04816144015985143,22.8104209563716,6.066371018782285e-05,22.766065923897457,0.04674557076940133,27.965968601184642,0.2782436375615678
2016 QL105,564844,MBO,MBO,21164732614522188,745306228328497175,18.79521,3.1410663,3.0183122,150.9005186390582,2.4250871245376024,2025052500539,141,60820.98005534505,g,150.90053838447866,2.425078491663399,22.6794376373291,3112.07,138.138,False,3257.21,2.66645,3135.66,137.454,False,47.6159,5.601,22.66737658354451,0.048193461293784594,22.617885614381798,0.0008888163070774011,22.659177615529835,0.04759405763789461,27.205620048956625,0.12771382120554428
2016 QL105,564844,MBO,MBO,21164732614522188,745306229539602454,18.795218,3.1410596,3.0184183,150.90192762044254,2.424774950657846,2025052500548,147,60820.98824021709,u,150.90192725745493,2.424753811411947,5.018582820892334,1510.87,299.279,False,1491.32,1.98121,1371.07,288.311,False,-79.9477,15.5346,23.45193225879549,0.21506684073512644,23.466072933618378,0.0014423943194582995,23.557350971865578,0.2283105226058241,nan,nan
2016 QL105,564844,MBO,MBO,21164732614522188,745306231015997444,18.795225,3.1410518,3.01854,150.90354346244703,2.4244169430092675,2025052500559,147,60820.99762132482,r,150.9035276513057,2.4244234149383206,12.711407661437988,6179.27,479.073,False,6193.36,1.0421,6171.01,479.719,False,30.0115,4.49219,21.922657066814573,0.08417610770486614,21.920184211772977,0.00018268688928100557,21.92410941578477,0.08440243976763144,27.706780765602296,0.1625154788204698
2016 QL105,564844,MBO,MBO,21164732614522188,745306231146545156,18.795225,3.1410513,3.0185468,150.90363340824246,2.4243970150815013,2025052500560,140,60820.99814325482,r,150.90362766974036,2.424418823903302,14.535664558410645,5702.17,407.722,False,6243.77,0.617409,5639.65,419.211,False,-12.528,3.94386,22.009899612676396,0.07763334423684588,21.911382754850425,0.00010736194517462272,22.02186963817971,0.08070581798938832,nan,nan
2016 QL105,564844,MBO,MBO,21164732614522188,745306231284432921,18.795225,3.141051,3.0185535,150.9037235300653,2.424377048249915,2025052500561,147,60820.998666450614,r,150.9037222547991,2.4243679030521568,22.211130142211914,5915.83,265.353,False,5932.07,0.426328,5791.46,267.912,False,-42.6074,4.35541,21.96996077211403,0.04870041091284304,21.966984364231173,7.803005731842881e-05,21.993029854475246,0.05022597864223388,nan,nan
2016 QL105,564844,MBO,MBO,21164732614522188,745306231416553490,18.795227,3.1410506,3.0185604,150.9038140002487,2.4243570043399094,2025052500562,143,60820.99919193251,r,150.9038325794752,2.4243549317764073,22.736251831054688,5619.53,244.654,False,5401.13,0.245324,5642.53,247.424,False,-73.4002,4.39237,22.025750056386702,0.047269028397199,22.068788447414246,4.931507948388739e-05,22.021315349347315,0.04760935264517053,nan,nan
2016 QL105,564844,MBO,MBO,21164732614522188,745306231549198354,18.795227,3.14105,3.018567,150.90390430189098,2.424336997878344,2025052500563,140,60820.99971589072,r,150.903916172624,2.4243147031544674,18.41381072998047,5093.95,274.486,False,4746.67,0.0699798,5015.38,276.221,False,-76.2556,5.89792,22.13236326386421,0.05850457272947786,22.209027418962158,1.600692814929147e-05,22.149240415950402,0.05979669660810933,nan,nan
2016 QL105,564844,MBO,MBO,21164732614522188,745306231684988937,18.795227,3.1410496,3.018574,150.90399460721642,2.424316990713913,2025052500564,143,60821.000239021814,r,150.90401437233666,2.424305610473198,20.249616622924805,5311.94,264.68,False,5086.39,6.14862,5328.65,267.938,False,-48.4109,4.52462,22.086867109732303,0.054099378737918286,22.133975828978244,0.001312478851114334,22.083457031014767,0.05459356119062333,nan,nan
2016 QL105,564844,MBO,MBO,21164732614522188,745306231818682400,18.795227,3.1410491,3.0185807,150.90408508871982,2.424296944636283,2025052500565,142,60821.000764293705,r,150.90408672300418,2.4242946399389496,23.27296257019043,5701.87,241.821,False,5505.38,1.02636,5791.64,244.084,False,-8.1386,4.56737,22.009956699253177,0.04604696502146379,22.048031771059776,0.00020241223544500338,21.992996077098326,0.045757476146423094,nan,nan
2016 QL105,564844,MBO,MBO,21164732614522188,745306231951851572,18.795227,3.1410487,3.0185876,150.90417557404805,2.4242768978362284,2025052500566,140,60821.00128955838,r,150.90422660785836,2.424285200846673,14.58607292175293,4923.59,339.944,False,5124.41,2.31915,5149.33,343.811,False,126.618,4.4425,22.16929533208907,0.07496349622296254,22.125890291840612,0.0004913707160455162,22.120623171231244,0.07249254750948006,26.143761409142236,0.03809397840784957
2016 QL105,564844,MBO,MBO,21164732614522188,745306232087117840,18.795229,3.1410484,3.0185943,150.9042653737639,2.4242570030606614,2025052500567,142,60821.00181050827,r,150.90427314472933,2.424234967723806,22.754880905151367,5226.87,229.693,False,5102.29,1.008,5475.92,232.004,False,173.132,4.47878,22.104395728945214,0.04771230068209061,22.13058714401757,0.00021449625631234068,22.053857278692675,0.04600051564976196,25.8040566113318,0.028087085390799557
2016 QL105,564844,MBO,MBO,21164732614522188,745306232221335582,18.795229,3.141048,3.0186012,150.9043556943701,2.424236993019131,2025052500568,142,60821.00233476552,r,150.90436273595495,2.4242406890879455,25.57390785217285,5570.46,216.538,False,5308.02,1.33846,5884.89,216.924,False,273.38,5.27945,22.035272357555066,0.04220533705616745,22.087668619588918,0.0002737771223818478,21.975654101151697,0.04002151792736438,25.308083132674135,0.020967480570598808
2016 QL105,564844,MBO,MBO,21164732614522188,745306232355553333,18.795229,3.1410475,3.0186079,150.90444567417683,2.42421705861999,2025052500569,142,60821.002856651525,r,150.9044786619153,2.4242112367095046,24.800447463989258,5405.09,216.679,False,5153.81,0.689036,5938.17,218.335,False,489.978,6.03755,22.067992706949862,0.043524944605790546,22.119678978056434,0.00014515694908719047,21.96586844785498,0.039920417346444685,24.674558555395727,0.013378532578356521
2016 QL105,564844,MBO,MBO,21164732614522188,745306232489771060,18.795229,3.141047,3.0186148,150.90453514065445,2.4241972380896204,2025052500570,142,60821.003375144894,r,150.90455934638388,2.4241733239157846,25.78537940979004,5616.71,216.421,False,5544.99,5.06142,6235.01,217.237,False,560.277,5.0801,22.026295004764236,0.04183518866083543,22.0402480359425,0.000991050780965435,21.912907154920802,0.037828661742160756,24.528993057132737,0.009844503307328204
2016 QL105,564844,MBO,MBO,21164732614522188,745306232622415911,18.795229,3.1410465,3.0186214,150.90462547291864,2.424177225902968,2025052500571,139,60821.00389933289,r,150.90464396837916,2.424172053670051,28.722095489501953,5809.91,201.162,False,5644.06,0.809201,6465.37,201.43,False,599.725,6.65029,21.98957645858809,0.037592469303481604,22.021020933884813,0.0001556643295443957,21.87351652102268,0.03382634432495523,24.455119661408574,0.012039619713195638
2016 QL105,564844,MBO,MBO,21164732614522188,745306232756109364,18.795229,3.1410463,3.0186284,150.90471563676957,2.4241572511837943,2025052500572,138,60821.00442242049,r,150.90473018302805,2.4241364068527425,19.051673889160156,5508.35,285.167,False,5269.87,3.03308,5974.36,287.572,False,481.139,5.70284,22.047446162028926,0.05620850569241888,22.0955002210217,0.0006248967819645202,21.959271553454993,0.052261217806111024,24.69432357986503,0.01286900375812984
2016 QL105,564844,MBO,MBO,21164732614522188,745306232890327085,18.79523,3.1410458,3.018635,150.9048059770279,2.424137237546758,2025052500573,138,60821.00494649089,r,150.9048131201609,2.424153510496614,25.093191146850586,5503.62,218.39,False,5164.76,1.46115,5953.19,219.289,False,399.097,5.84984,22.048378876385826,0.04308326593144637,22.11737468627564,0.000307163078640201,21.963125651764138,0.0399936858287774,24.897303883134438,0.015914385473193245
2016 QL105,564844,MBO,MBO,21164732614522188,745306233024544815,18.79523,3.1410453,3.018642,150.90489614874386,2.424117261416151,2025052500574,138,60821.00546957778,r,150.90491328812135,2.424113045852278,20.607542037963867,5402.6,260.007,False,5132.41,4.43193,5712.94,260.553,False,241.883,4.77569,22.068492944750375,0.05225243324128594,22.124196610731893,0.0009375530758848577,22.007850853839944,0.049517733087946,25.440986653757214,0.02143656112827611
2016 QL105,564844,MBO,MBO,21164732614522188,745306233159286851,18.79523,3.1410449,3.0186486,150.90498529007132,2.4240975137225016,2025052500575,139,60821.00598691785,r,150.90499015070864,2.424100812094578,19.9318904876709,5091.97,254.378,False,5328.55,0.746496,5339.31,258.25,False,126.718,5.97522,22.132785363472326,0.05423979307324172,22.08347742655063,0.0001521047540563998,22.08128714633507,0.0525145331141596,26.142904205637393,0.051196458178723286
2016 QL105,564844,MBO,MBO,21164732614522188,745306233425100826,18.79523,3.1410441,3.0186622,150.9051659984801,2.4240574814945477,2025052500577,134,60821.00703421028,r,150.9051915814186,2.4240604447770275,18.55430793762207,5512.15,294.191,False,5343.67,5.79877,5585.67,296.288,False,33.6167,4.65178,22.04669745086633,0.05794723217088223,22.080400940111023,0.0011782042249552647,22.032311829904657,0.05759212539195803,27.58361232907494,0.15024098794467777
2016 QL105,564844,MBO,MBO,21164732614522188,745306233695633456,18.795233,3.1410432,3.0186758,150.90534603349178,2.424017599202488,2025052500579,138,60821.00807812068,r,150.90536786386195,2.4240192099119144,20.021385192871094,5142.01,254.02,False,4987.35,1.61002,5142.76,256.647,False,-10.6649,4.51516,22.122167757217618,0.053636365534576694,22.155325361214903,0.0003504981633888184,22.12200940614275,0.05418315377106387,nan,nan
2016 QL105,564844,MBO,MBO,21164732614522188,745306235174125585,18.795237,3.1410363,3.0187838,150.90677880770448,2.423700235730025,2025052500590,142,60821.01638391444,i,150.90678831696957,2.423699218876693,6.011382102966309,5001.96,835.19,False,5483.56,65.4468,4927.44,851.904,False,-135.929,6.29786,22.152149472444165,0.18128814116550976,22.052343488913706,0.012958362767637076,22.168446651144794,0.187712690111823,nan,nan
2016 QL105,564844,MBO,MBO,21164732614522188,745306236240527407,18.79524,3.1410298,3.0188842,150.90811166762677,2.423405068077097,2025052500598,128,60821.02410394958,i,150.90808643171914,2.423420730444512,7.6866254806518555,6336.31,830.662,False,6179.12,60.6727,6353.18,843.758,False,-151.346,6.78055,21.89540894824272,0.14233517381458377,21.922683405908902,0.010660829481837037,21.892522069816266,0.1441952815025202,nan,nan
2016 QL105,564844,MBO,MBO,21164732614522188,745306236379987996,18.79524,3.1410296,3.018891,150.90820251886132,2.4233849513853327,2025052500599,138,60821.02462903415,i,150.90824199610995,2.4233487213053593,7.84452486038208,5557.36,702.632,False,6299.52,29.0279,5424.62,710.304,False,-107.84,7.88072,22.03782869960707,0.13727256115583433,21.901731348909752,0.00500302287092339,22.064076674475476,0.1421671508822882,nan,nan
2016 QL105,564844,MBO,MBO,21164732614522188,745306236911091731,18.79524,3.1410277,3.0189183,150.90856372693636,2.4233049748274764,2025052500603,127,60821.02672083935,i,150.90859751901488,2.4233222109961483,5.098641395568848,6020.81,1135.04,False,7127.58,58.6221,6221.76,1143.78,False,30.2257,7.02445,21.950862683686907,0.20468243513200488,21.7676447367676,0.00892983825822422,21.91521690466811,0.19959680779513078,27.699059067610648,0.252324988282705
2016 QL105,564844,MBO,MBO,21164732614522188,745306237857431571,18.79524,3.1410246,3.018969,150.90923884961492,2.423155510237484,2025052500610,140,60821.030627249565,i,150.9092571910512,2.4231020032013624,7.10282564163208,7086.59,975.631,False,7020.23,41.4641,7958.0,988.146,False,865.046,7.6549,21.773906756303784,0.14947639166292515,21.784121650725165,0.00641276348026368,21.647990162974075,0.13481601954583683,24.057401968560658,0.009607815026157894
2016 QL105,564844,MBO,MBO,21164732614522188,745306238395351050,18.795242,3.141023,3.0189965,150.90960097764983,2.42307534893913,2025052500614,142,60821.032722705946,i,150.90962840369687,2.4230925089350874,8.910191535949707,6353.96,708.584,False,6669.01,49.1269,7131.01,717.05,False,649.423,6.46271,21.892388815446196,0.12107965594328264,21.839846616577095,0.007998017026100458,21.767122422008235,0.10917487956910217,24.36868088018403,0.010804665692781379
2016 QL105,564844,MBO,MBO,21164732614522188,745319361553629232,18.770369,3.1385953,3.056831,151.44323616552046,2.304051757883365,2025052800085,180,60823.970929467236,i,151.44324454954304,2.3040349359371537,16.79973602294922,5683.9,337.889,False,6095.12,0.325318,5638.2,335.912,False,-33.8424,8.57928,22.01338394730589,0.064543418253282,21.937544328183037,5.7949561825262735e-05,22.022148769291604,0.06468585605246285,nan,nan
2016 QL105,564844,MBO,MBO,21164732614522188,745319361687846942,18.770363,3.1385949,3.0568376,151.4433309229052,2.3040294548434948,2025052800086,180,60823.971449116994,i,151.44334232296623,2.304026674677222,16.967918395996094,5905.4,345.145,False,5873.9,3.47359,5864.56,345.883,False,-18.0828,7.92131,21.971876718665293,0.06345656799876737,21.977683646503664,0.0006420610453915374,21.9794114044344,0.06403510019285295,nan,nan
2016 QL105,564844,MBO,MBO,21164732614522188,745319361822064677,18.770359,3.1385944,3.0568445,151.44342641181225,2.304006979553712,2025052800087,180,60823.971973280684,i,151.4434161108262,2.303990067917499,16.057865142822266,5807.27,354.34,False,5740.67,4.20987,5749.41,354.774,False,-25.417,7.50598,21.990069950472872,0.06624795498125718,22.002593558901943,0.0007962151087358344,22.00094177046099,0.06699660513422002,nan,nan
2016 QL105,564844,MBO,MBO,21164732614522188,745319361956282429,18.770353,3.138594,3.0568511,151.443521903537,2.303984503535082,2025052800088,180,60823.9724977966,i,151.44354490926298,2.303953919559211,17.178499221801758,5419.15,309.586,False,5245.87,4.30104,5327.0,310.937,False,-27.2011,11.8044,22.06517208885567,0.062026098770665616,22.10045616583912,0.0008901850273009701,22.083793258037925,0.06337442669839491,nan,nan
2016 QL105,564844,MBO,MBO,21164732614522188,745319362092072992,18.770348,3.1385934,3.056858,151.44361794471254,2.3039618981310586,2025052800089,183,60823.97302420653,i,151.44364399563983,2.303943804961638,15.844709396362305,5309.61,326.841,False,5170.6,4.40642,5437.91,328.992,False,-28.2442,9.93229,22.08734347151892,0.06683412147932555,22.116147624868404,0.0009252717068948981,22.061419929976843,0.06568672890568927,nan,nan
2016 QL105,564844,MBO,MBO,21164732614522188,745319362221047843,18.770344,3.1385932,3.0568647,151.44371362411513,2.303939377824058,2025052800090,173,60823.97354942407,i,151.44374908450197,2.3039357525801973,15.693608283996582,5508.27,346.345,False,6160.41,6.38914,5423.14,344.081,False,-12.4471,8.19021,22.047461946129424,0.06826813243158994,21.92597592954587,0.00112604852266006,22.064372932569242,0.068886509062909,nan,nan
2016 QL105,564844,MBO,MBO,21164732614522188,745319362356838432,18.770338,3.1385927,3.0568714,151.44380875969304,2.303916985470723,2025052800091,176,60823.97407135773,i,151.4438318455027,2.3038937350539417,17.262489318847656,5952.1,344.834,False,5880.78,0.250866,5894.72,345.619,False,6.6637,8.5883,21.96332443445928,0.06290196207358853,21.976412707795753,4.6316016621027486e-05,21.97384200824287,0.06365883955252373,29.340711390877793,1.3993168708208699
2016 QL105,564844,MBO,MBO,21164732614522188,745319362490531878,18.770334,3.1385922,3.0568783,151.44390426251664,2.303894506635856,2025052800092,175,60823.97459561535,i,151.4439124868708,2.303897883161236,15.479738235473633,5569.31,353.905,False,5669.17,3.41338,5485.8,351.555,False,25.898,7.34735,22.03549650771414,0.06899372923700833,22.016201314293294,0.0006537165400500609,22.051900113276925,0.0695789123010693,27.866834403601672,0.3080270219323302
2016 QL105,564844,MBO,MBO,21164732614522188,745319362623701048,18.770329,3.1385918,3.056885,151.44399940374464,2.303872112875065,2025052800093,173,60823.975117617665,i,151.44401412294692,2.3038802008130905,16.58411979675293,5851.2,347.941,False,5893.83,5.48077,5935.21,352.584,False,54.221,9.04024,21.981887606273304,0.06456319020843083,21.974005973046097,0.001009644061786932,21.96640978264807,0.06449868373778374,27.06458117898533,0.1810242536769765
2016 QL105,564844,MBO,MBO,21164732614522188,745319362758967320,18.770323,3.1385913,3.0568917,151.44409418319836,2.303849804236718,2025052800094,175,60823.97563737584,i,151.44412277290755,2.303815002699179,16.972810745239258,5453.75,316.83,False,5293.08,1.51922,5568.24,314.401,False,72.8561,10.4745,22.05826193501281,0.06307472604621421,22.09072883897576,0.00031162803636521557,22.035705089827808,0.06130420657232384,26.743835171179875,0.15609596510231546
2016 QL105,564844,MBO,MBO,21164732614522188,745319362893185048,18.770319,3.138591,3.0568986,151.44418969470576,2.303827323267733,2025052800095,175,60823.97616159748,i,151.44421086224625,2.303783227412683,16.35091781616211,5960.97,359.807,False,5591.94,2.82043,5846.11,354.706,False,54.3165,7.87695,21.961707620506544,0.06553555544945346,22.031093754125145,0.00054761729201184,21.982832568508513,0.06587579576154284,27.062670523971498,0.15745287918570514
2016 QL105,564844,MBO,MBO,21164732614522188,745319363027402796,18.770313,3.1385906,3.0569053,151.44428484448613,2.3038049274216625,2025052800096,175,60823.97668360425,i,151.44431525426236,2.3037937499321726,13.992595672607422,5085.13,362.759,False,5179.26,3.78787,5140.07,359.293,False,55.7104,8.4648,22.134244874961063,0.07745339684417502,22.11433076602141,0.0007940570097490774,22.122577453452013,0.07589340821459314,27.03515931550656,0.16496991151085869
2016 QL105,564844,MBO,MBO,21164732614522188,745319363161620511,18.770308,3.13859,3.056912,151.44438017952433,2.303782487958401,2025052800097,175,60823.97720658222,i,151.44439542274233,2.303764241974824,16.40680503845215,5358.82,324.97,False,5296.21,2.35087,5390.91,324.349,False,47.0267,9.76747,22.07732711171221,0.0658413059888703,22.090087015553678,0.0004819341709349412,22.070844764923862,0.06532430350532338,27.219138761281894,0.22550798608295106
2016 QL105,564844,MBO,MBO,21164732614522188,745319363293741077,18.770304,3.1385896,3.0569189,151.44447642895585,2.30375983326332,2025052800098,171,60823.97773406464,i,151.44449200996357,2.303720616193916,14.699530601501465,5122.93,347.956,False,4775.5,7.42302,5193.11,349.146,False,56.0831,9.1747,22.12620390851311,0.07374459674600709,22.20245287649756,0.0016876644202466868,22.11143122388396,0.07299680898062187,27.027919984036068,0.17761685490437945
2016 QL105,564844,MBO,MBO,21164732614522188,745319363424288801,18.770298,3.1385891,3.0569255,151.44457176996917,2.303737392386465,2025052800099,164,60823.9782570753,i,151.44459007337554,2.3037273799568823,15.767071723937988,5823.3,367.914,False,6035.97,0.639293,5962.3,367.79,False,116.023,7.38771,21.987077125635956,0.0685964255706482,21.94813227991214,0.00011499453230087366,21.961465474881315,0.06697464755321089,26.238639748429826,0.06913374191635466
2016 QL105,564844,MBO,MBO,21164732614522188,745319363558506518,18.770292,3.1385887,3.0569322,151.44466693172762,2.303714993707014,2025052800100,164,60823.978779000485,i,151.4446999766435,2.303709752119295,16.124441146850586,5774.91,355.516,False,5668.43,3.92975,5976.8,358.939,False,143.811,8.61566,21.996136919909187,0.06684027501457075,22.016342996679434,0.000752707836395711,21.958828226977452,0.06520430251949531,26.00551969950405,0.06504602135693366
2016 QL105,564844,MBO,MBO,21164732614522188,745319363692724256,18.770288,3.1385884,3.0569391,151.44476154952812,2.3036927230725546,2025052800101,164,60823.979298783684,i,151.44477779776986,2.303673873446399,16.96476936340332,5700.38,333.581,False,5316.08,0.977742,5984.28,338.957,False,195.646,9.32117,22.01024050313815,0.0635362852078633,22.086021214344953,0.00019969035274602714,21.957470274862267,0.061497440086987716,25.671322588833032,0.051727772519715276
2016 QL105,564844,MBO,MBO,21164732614522188,745319363826941999,18.770283,3.138588,3.0569458,151.44485689961002,2.303670280094555,2025052800102,164,60823.97982178057,i,151.444879452345,2.3036582361529754,17.39571762084961,5763.05,326.309,False,5779.54,2.4035,6003.04,327.388,False,228.356,10.418,21.998369067996336,0.06147534671875201,21.995266808120675,0.00045151812038252023,21.954071899945347,0.05921283263488129,25.503468918956127,0.04953318451155983
2016 QL105,564844,MBO,MBO,21164732614522188,745319363960635446,18.770277,3.1385875,3.0569525,151.44495207040546,2.30364787933896,2025052800103,163,60823.980343354226,i,151.44499107851806,2.303632375762844,15.455266952514648,5509.76,349.02,False,5327.55,0.625435,5872.31,355.102,False,273.371,8.29644,22.047168341680845,0.06877679869467823,22.08368120396408,0.00012746148649204285,21.97797755422974,0.06565509702348916,25.308118887676002,0.032950625126253845
2016 QL105,564844,MBO,MBO,21164732614522188,745319364213342252,18.770267,3.1385865,3.056966,151.4451424213793,2.3036030757108423,2025052800105,133,60823.98138725439,i,151.44516376765677,2.303602646460165,17.486530303955078,6070.36,340.911,False,5963.59,7.72172,6306.53,341.32,False,165.957,8.44635,21.941963905753084,0.06097487386248741,21.96123058387319,0.0014058229060130165,21.900523871987435,0.05876187094723007,25.850011056461256,0.05525833835641363
2016 QL105,564844,MBO,MBO,21164732614522188,745319364363288579,18.770264,3.1385863,3.0569727,151.44523814858772,2.3035805440940527,2025052800106,163,60823.98191238269,i,151.44526290217195,2.303571252994262,15.89081859588623,5473.01,342.109,False,5363.93,5.55069,5710.95,347.507,False,103.91,8.65261,22.05443444233638,0.06786761813383774,22.076292210379897,0.0011235391002346205,22.008229068155426,0.06606622469902992,26.358356599679798,0.0904095026629266
2016 QL105,564844,MBO,MBO,21164732614522188,745319364481253424,18.770258,3.1385858,3.0569797,151.44533387899492,2.3035580117710355,2025052800107,132,60823.98243712131,i,151.44537340857406,2.3035327979885056,15.04647445678711,5546.05,367.786,False,5320.98,1.00941,5557.34,366.807,False,62.0714,7.75546,22.040040586713353,0.07200054120120825,22.08502093762914,0.00020596826377622529,22.03783261081123,0.07166300040632458,26.917771153282356,0.13565641367599598
2016 QL105,564844,MBO,MBO,21164732614522188,745319364749688897,18.770247,3.1385849,3.0569932,151.44552553181734,2.303512902095769,2025052800109,132,60823.983488194426,i,151.44555090921202,2.303519294265478,15.845853805541992,5780.0,362.057,False,5940.2,5.70088,5891.94,363.971,False,24.752,7.80229,21.995180403948677,0.06801010389414167,21.96549729568909,0.001041993816112187,21.974354221803992,0.06707069405397939,27.915974223637786,0.3422441990877698
2016 QL105,564844,MBO,MBO,21164732614522188,745319364882333749,18.770243,3.1385844,3.057,151.4456207249109,2.303490496416305,2025052800110,129,60823.984010136104,i,151.44563003472223,2.3034746959209187,15.430411338806152,5309.08,342.724,False,5515.9,9.23682,5333.91,345.495,False,46.2717,8.78836,22.087451810104664,0.07008895109953826,22.045959059038786,0.0018181530318313308,22.082385759473187,0.07032672350544217,27.23671131855669,0.20621329819250042
2016 QL105,564844,MBO,MBO,21164732614522188,745319365018124323,18.770237,3.1385841,3.0570066,151.44571573884468,2.303468132975285,2025052800111,132,60823.984531787224,i,151.4457472613548,2.3034615904970175,17.585721969604492,5818.11,328.73,False,5634.65,8.34043,6037.6,330.449,False,51.2312,8.71553,21.988045205588364,0.06134536523122727,22.022832656987745,0.001607110868140158,21.94783913998021,0.0594243479013977,27.12616365373089,0.18470710577966415
2016 QL105,564844,MBO,MBO,21164732614522188,745319365413961821,18.770222,3.1385827,3.0570269,151.4460017122555,2.303400823855578,2025052800114,119,60823.98609996366,i,151.44599349114833,2.3033937579492565,16.537450790405273,5740.73,342.655,False,5449.07,4.15509,5860.67,341.26,False,94.0578,8.41096,22.00258220004497,0.06480585904262605,22.059194067559133,0.0008279085486767903,21.98013184444948,0.06322115948821636,26.466512955528014,0.09709012941728701
2016 QL105,564844,MBO,MBO,21164732614522188,745319365844926499,18.770205,3.1385813,3.0570502,151.4463320419386,2.303323075720912,2025052800117,173,60823.98791093669,i,151.4463560083259,2.303324235116315,12.143128395080566,4795.11,390.967,False,5158.64,23.5105,4983.83,389.229,False,202.752,6.99366,22.198003595075726,0.08852498696939314,22.118661917905595,0.0049482422335630025,22.156091933022438,0.08479422750342808,25.632587138629816,0.03745102330805964
2016 QL105,564844,MBO,MBO,21164732614522188,745319366248628248,18.77007,3.1385698,3.0572274,151.4488272388983,2.3027358538459164,2025052800120,175,60824.00158213176,z,151.44878238342088,2.3027106788424385,8.746892929077148,5951.51,672.864,False,6276.1,25.9954,5613.87,663.313,False,-256.695,19.2077,21.963432123616947,0.1227508395839294,21.905775346144438,0.004497083527683702,22.026844098616827,0.12828635351899864,nan,nan
2016 QL105,564844,MBO,MBO,21164732614522188,745319366382321700,18.770065,3.1385696,3.057234,151.4489227407387,2.302713381289131,2025052800121,174,60824.00210505076,z,151.44887676387637,2.3026555736324683,9.999313354492188,6478.92,654.749,False,6723.84,8.68497,6271.56,649.492,False,-255.761,20.3071,21.87124346953116,0.10972272050715402,21.83095659910312,0.0014024108960065448,21.90656103605553,0.11244044181730885,nan,nan
2016 QL105,564844,MBO,MBO,21164732614522188,745319366650757136,18.770054,3.1385686,3.0572476,151.44911320896568,2.302668562984,2025052800123,174,60824.003148237476,z,151.44913825645943,2.30269078332438,9.748198509216309,6385.46,654.612,False,6571.04,17.62,6192.51,647.439,False,-109.98,20.4544,21.88701953484154,0.11130536441961107,21.8559147163294,0.0029113614778329255,21.920333249641462,0.11351584694660817,nan,nan
2016 QL105,564844,MBO,MBO,21164732614522188,745319366784974867,18.770048,3.1385682,3.0572543,151.449209088386,2.302646002406918,2025052800124,174,60824.0036734024,z,151.44924866413524,2.302630315842625,8.272425651550293,5836.87,697.565,False,6935.4,57.4976,5620.1,693.379,False,-20.8704,18.1269,21.984549926402664,0.12975645562039123,21.79732122999731,0.00900124397854028,22.02563987323365,0.1339525456105892,nan,nan
2016 QL105,564844,MBO,MBO,21164732614522188,745319366919192606,18.770044,3.1385677,3.0572612,151.44930497196694,2.3026234411398088,2025052800125,174,60824.00419898181,z,151.4493463006633,2.30262599236669,7.815616607666016,6136.0,782.197,False,6219.06,1.5702,6089.94,783.194,False,36.0518,16.8041,21.930286622647685,0.1384060667339567,21.91568812276362,0.0002741287165908581,21.938467475825227,0.13963061318532735,27.507682623999376,0.5060723712109602
2016 QL105,564844,MBO,MBO,21164732614522188,745319367053410330,18.770039,3.1385674,3.057268,151.44940012913597,2.30260105108762,2025052800126,174,60824.00471969636,z,151.44942054843008,2.302616948431427,8.363856315612793,6659.53,803.857,False,7625.46,30.1709,6825.76,805.703,False,64.3737,16.5716,21.84139108582847,0.13105679690209346,21.69433488733907,0.004295824645642012,21.8146225022367,0.1281587618961576,26.87822876999708,0.2794990067120532
2016 QL105,564844,MBO,MBO,21164732614522188,745319367182385163,18.770033,3.138567,3.0572746,151.44949602107343,2.3025784884469505,2025052800127,164,60824.00524403843,z,151.4494918881759,2.3024530979641784,5.267071723937988,4063.29,785.72,False,4639.94,626.421,4116.77,783.904,False,24.848,17.3778,22.377805441188244,0.209949230990832,22.23371910210669,0.14658120363099716,22.363608484703462,0.20674289328874598,27.911771422707357,0.7593249730445442
2016 QL105,564844,MBO,MBO,21164732614522188,745319367584514055,18.770018,3.1385655,3.0572948,151.44978153017027,2.302511312170982,2025052800130,163,60824.00680797392,z,151.44987358936552,2.30260840883528,7.91561222076416,5860.84,751.967,False,6505.18,42.0318,6252.46,744.994,False,297.412,17.4636,21.980100365512833,0.13930388761912266,21.866851675402444,0.007015247085522823,21.909872701732386,0.12936779816688207,25.216603827637364,0.06375285384272818
2016 QL105,564844,MBO,MBO,21164732614522188,745319367719256079,18.77001,3.138565,3.0573034,151.4499006404805,2.302483288027462,2025052800131,164,60824.0074593559,z,151.44992138238393,2.302474859256284,7.192924499511719,5191.25,698.711,False,5569.12,5.70477,5495.85,697.511,False,293.516,18.7665,22.111820139705163,0.14613355699924363,22.035533537395757,0.0011121820492719808,22.04991280352144,0.137797232023479,25.230920581820463,0.06941859936185917
2016 QL105,564844,MBO,MBO,21164732614522188,745319367852425235,18.770006,3.1385646,3.05731,151.44999637198765,2.3024607647917423,2025052800132,162,60824.00798357035,z,151.4500425679492,2.302506115860786,9.576266288757324,6500.4,675.304,False,6376.12,26.7485,6858.48,668.573,False,393.076,19.4065,21.86764981222407,0.11279337125834321,21.888608775085245,0.00455477864811653,21.80943031176853,0.1058388901870887,24.913808711127643,0.053603730857469
2016 QL105,564844,MBO,MBO,21164732614522188,745319367986642969,18.77,3.138564,3.057317,151.4500922905725,2.3024381978767985,2025052800133,162,60824.008508915074,z,151.4500947353448,2.302412182289009,10.694890975952148,7133.46,660.302,False,7121.45,24.7347,7456.82,652.3,False,433.475,20.3807,21.766749430114857,0.10050014908902102,21.768578896634384,0.0037710519279360176,21.71861587611168,0.09497691104321576,24.807589846532032,0.051048071151143244
2016 QL105,564844,MBO,MBO,21164732614522188,745319368239874091,18.769989,3.1385634,3.0573306,151.4502834099676,2.30239323394241,2025052800135,133,60824.00955400299,z,151.4503153963414,2.302397486603948,9.486328125,5900.48,616.84,False,6278.58,31.3856,6323.53,606.652,False,625.147,24.517,21.972781647000417,0.1135035712209559,21.905346405768526,0.00542741843957493,21.89760107870611,0.10416081493731758,24.410044669000477,0.04258037855373782
2016 QL105,564844,MBO,MBO,21164732614522188,745319368373567500,18.769985,3.138563,3.0573373,151.45037915899502,2.302370707956068,2025052800136,132,60824.0100783978,z,151.45038528304738,2.302329509410504,9.56342601776123,6120.23,640.593,False,5993.55,36.6925,7070.14,634.538,False,963.107,20.2423,21.933080645056066,0.11364197651385666,21.95578970364393,0.0066468750825465425,21.776429944998377,0.09744374137001581,23.940813657589135,0.022819684766686974
2016 QL105,564844,MBO,MBO,21164732614522188,745319368506212379,18.76998,3.1385624,3.0573442,151.4504749123534,2.3023481813079467,2025052800137,129,60824.010602922135,z,151.45047372244923,2.3022949847284075,9.530420303344727,6324.17,658.76,False,6374.81,20.0801,7589.61,652.287,False,1348.08,20.1983,21.89749117419727,0.11309620103270447,21.888831876934443,0.003419974931636739,21.699451370069887,0.09331330737244525,23.57571087142394,0.016267599591011296
2016 QL105,564844,MBO,MBO,21164732614522188,745319368642002949,18.769974,3.138562,3.0573509,151.45057103564898,2.3023255679942425,2025052800138,132,60824.01112860269,z,151.4505874933691,2.3022741803174553,9.436986923217773,6247.56,642.763,False,6886.63,8.3693,7968.01,636.224,False,1876.42,20.4643,21.910723900632636,0.11170297750865904,21.80498314311443,0.0013194918344924754,21.646625355777395,0.08669309531419275,23.216674841400838,0.011841075592700792
2016 QL105,564844,MBO,MBO,21164732614522188,745319369037316162,18.769957,3.1385605,3.057374,151.45089598783747,2.302249124730503,2025052800141,118,60824.01290652602,z,151.45090992201494,2.302247454367166,10.077885627746582,5758.28,564.598,False,6338.15,22.2876,10119.5,555.998,False,4422.59,28.3685,21.999268093262124,0.10645618778387468,21.895093734026,0.003817904930648975,21.38710236315889,0.059653850783034354,22.285808339375993,0.006964405099228501
2016 QL105,564844,MBO,MBO,21164732614522188,745319369306275855,18.769945,3.1385598,3.0573876,151.45108809604696,2.3022039343856093,2025052800143,119,60824.013957535906,z,151.45109365670785,2.3022228721692497,8.60301685333252,5503.22,634.112,False,5769.24,2.54536,13766.5,627.245,False,8262.84,21.7501,22.048457770680656,0.12510463489802215,21.997203441003343,0.0004790214117969703,21.052941152243832,0.049469552932994335,21.607176662417764,0.0028579605299962076
2016 QL105,564844,MBO,MBO,21164732614522188,745319369468805173,18.769938,3.138559,3.0573974,151.45122537963147,2.30217164162523,2025052800144,173,60824.014708630355,z,151.45113816535218,2.3021587350392676,7.912637233734131,5067.58,666.06,False,5856.68,159.608,13605.0,658.047,False,8381.07,22.639,22.137998449600197,0.1427042972664868,21.980871228681085,0.029588808134196176,21.065753634710557,0.0525149172474535,21.591751289602538,0.0029327974777387613
2016 QL105,564844,MBO,MBO,21164732614522188,745319369603022887,18.769932,3.1385586,3.0574043,151.45132135581795,2.3021490659615216,2025052800145,173,60824.01523337104,z,151.4513339655398,2.3021469621071127,7.804075241088867,5060.47,636.904,False,5067.86,2.35331,13010.5,627.254,False,8091.62,22.5526,22.139522817473594,0.13664930201830353,22.137938506889167,0.0005041721859738262,21.11426503241072,0.05234482980114094,21.629911286355256,0.003026115278669193
2016 QL105,564844,MBO,MBO,21164732614522188,745319369736716340,18.769926,3.1385581,3.057411,151.4514175194363,2.3021264466247056,2025052800146,172,60824.01575903534,z,151.45146405639304,2.3020712944363533,9.410333633422852,5595.22,597.072,False,5722.51,11.1857,10324.2,594.123,False,4802.91,26.2156,22.03045703994837,0.11586008873322115,22.006033643792378,0.0021222715932781334,21.365358956737374,0.062480465663402866,22.196238843109963,0.005926245568406014
2016 QL105,564844,MBO,MBO,21164732614522188,745319370006724642,18.769917,3.1385574,3.0574245,151.45160894666293,2.3020814209070912,2025052800148,175,60824.01680674485,z,151.45159379793816,2.3020546685915324,11.182575225830078,6471.41,572.154,False,6303.36,4.80119,9353.3,564.084,False,2749.96,26.5615,21.87250268459256,0.09599272623521932,21.9010697449672,0.0008269916065100648,21.472587862085042,0.06547918030524615,22.801684073488424,0.010486982795656493
2016 QL105,564844,MBO,MBO,21164732614522188,745319370139369500,18.76991,3.138557,3.0574315,151.4517060385877,2.302058584506223,2025052800149,172,60824.017337786245,z,151.4516944806856,2.3020625034085493,12.395180702209473,6990.05,558.288,False,6729.28,6.61669,8852.61,549.681,False,1861.15,25.0151,21.78879932464728,0.08671662409513858,21.83007853634573,0.0010675704221676874,21.532321627175556,0.0674161147882537,23.22554654413561,0.014593020390390128
2016 QL105,564844,MBO,MBO,21164732614522188,745319370274635799,18.769905,3.1385565,3.0574384,151.45180240399085,2.3020359194272,2025052800150,174,60824.01786417225,z,151.4518033627623,2.3020093586850288,12.283864974975586,6964.42,559.716,False,6567.95,19.7358,8049.29,549.952,False,1083.76,28.9657,21.792787627109405,0.08725836984421871,21.856425372814932,0.0032624900804719163,21.635606058619096,0.07418080638283191,23.81266719572497,0.02901851799765204
2016 QL105,564844,MBO,MBO,21164732614522188,745319370405183521,18.7699,3.138556,3.057445,151.45189767695717,2.3020135117260114,2025052800151,167,60824.01838595644,z,151.45191354090727,2.302033250182634,9.690653800964355,5660.43,579.929,False,6122.53,19.7313,6621.95,571.818,False,1031.65,24.499,22.01787640618618,0.11123711616088366,21.932672733557308,0.0034990417218120906,21.847535224915134,0.09375538616249901,23.86616901802134,0.0257834064336785
2016 QL105,564844,MBO,MBO,21164732614522188,745319370541498432,18.769896,3.1385555,3.0574517,151.45199258886743,2.3019911893810043,2025052800152,171,60824.018904653494,z,151.45199493101254,2.301984776383993,11.818299293518066,6567.51,551.162,False,6413.18,1.32416,7280.96,543.286,False,779.495,30.0362,21.856498181907106,0.09111772127623036,21.882316396445646,0.0002241771463730165,21.744528392976594,0.08101476928400188,24.17046667232308,0.04183656024791211
2016 QL105,564844,MBO,MBO,21164732614522188,745319370673618950,18.76989,3.1385553,3.0574586,151.45208841995776,2.30196865130266,2025052800153,167,60824.019428302316,z,151.45211628821605,2.3019733441126964,7.622188568115234,4758.58,613.884,False,5543.81,61.2522,5612.28,599.599,False,769.147,25.5163,22.206306544790003,0.14006616325896099,22.04047914472698,0.011996033708070494,22.027151716293496,0.11599677252340618,24.184976662476977,0.03601908598103015
2016 QL105,564844,MBO,MBO,21164732614522188,745319370807836685,18.769884,3.1385548,3.0574653,151.45218370711055,2.3019462416029763,2025052800154,167,60824.01994931261,z,151.45219426235022,2.3019214586805954,10.160568237304688,5624.46,537.614,False,5279.04,20.0216,6029.57,534.099,False,466.436,25.4929,22.024797926261108,0.1037800967351171,22.093612610162424,0.004117827601535404,21.949284178037793,0.09617445971611402,24.728019833377857,0.05934054219687911
2016 QL105,564844,MBO,MBO,21164732614522188,745319370942054447,18.769878,3.1385543,3.057472,151.45227899903128,2.301923831238509,2025052800155,167,60824.02047032899,z,151.4523291811843,2.3019105443555365,9.095285415649414,4958.15,543.91,False,5261.81,0.736095,5375.37,538.256,False,398.277,33.7886,22.16170086779273,0.11910546506326605,22.097162082945,0.00015188784751620163,22.07397906838287,0.10871884051559363,24.899536910114897,0.09211053258570559
2016 QL105,564844,MBO,MBO,21164732614522188,745319371076272157,18.769873,3.1385539,3.057479,151.4523748444489,2.3019012911709087,2025052800156,167,60824.02099459154,z,151.45239172603004,2.301875048647071,10.042119026184082,5541.44,556.213,False,5539.12,31.5105,6117.13,550.731,False,359.383,26.9101,22.040943423309635,0.10897900398206646,22.041398042420305,0.006176448588679683,21.933630745465514,0.09774986257494327,25.01110618902908,0.08129842318124456
2016 QL105,564844,MBO,MBO,21164732614522188,745319371192664126,18.769869,3.1385534,3.0574858,151.4524710606698,2.301878664376622,2025052800157,133,60824.021520801994,z,151.45251536487842,2.3018832140314944,10.495849609375,6122.85,581.028,False,5635.99,10.1813,6324.28,573.822,False,290.338,27.1357,21.93261593256273,0.10303096465715678,22.02257442018807,0.0019613600696731697,21.89747231298585,0.09851229942030316,25.24274025038755,0.10147555913584556
2016 QL105,564844,MBO,MBO,21164732614522188,745319371326881862,18.769863,3.138553,3.0574925,151.45256673287878,2.30185616599326,2025052800158,133,60824.022043167475,z,151.45257068355428,2.301874349130753,8.405959129333496,4658.75,553.214,False,4461.98,5.05922,5084.54,548.651,False,218.083,26.2076,22.22932648559526,0.12892824408175624,22.2761809564838,0.0012310629292624621,22.134370820979008,0.11715715698186861,25.55344550510505,0.13047573969726003
2016 QL105,564844,MBO,MBO,21164732614522188,745319371615764547,18.76977,3.1385455,3.0576086,151.45420363092123,2.3014713103052515,2025052800160,172,60824.030987239064,r,151.454233408416,2.3014679142987533,15.922796249389648,4259.71,264.074,False,4296.72,0.466817,4344.47,266.222,False,117.604,5.44999,22.326549926335105,0.06730850474118082,22.317157312267717,0.00011795976544859988,22.30515793975179,0.06653212777959644,26.22394480084744,0.050315052413757826
2016 QL105,564844,MBO,MBO,21164732614522188,745319371749982256,18.769764,3.1385453,3.0576153,151.45429921182722,2.301448842932721,2025052800161,172,60824.03150921826,r,151.4543261892016,2.301442415005717,16.28784942626953,4498.52,271.875,False,4231.44,2.04342,4612.82,272.586,False,79.038,5.49099,22.26732585615548,0.06561814316419891,22.333779547170277,0.0005243168257535212,22.24008377128106,0.06415955940136688,26.65541011681247,0.07542911848496413
2016 QL105,564844,MBO,MBO,21164732614522188,745319371884199969,18.769758,3.1385448,3.0576222,151.45439534729454,2.3014262457856898,2025052800162,172,60824.032034955926,r,151.45441335670975,2.301414086642128,17.501564025878906,4467.81,255.458,False,4157.39,1.45311,4510.19,257.12,False,44.3139,5.5227,22.274763246152745,0.06207962909633989,22.35294804658033,0.0003794914748184592,22.264512919824167,0.061896392678070254,27.283650066847475,0.13531183573178468
2016 QL105,564844,MBO,MBO,21164732614522188,745319372153684006,18.769749,3.1385438,3.0576358,151.45458763412444,2.301381049525985,2025052800164,174,60824.033084296345,r,151.45460633168665,2.301389892169324,14.45215892791748,3878.41,267.95,False,3898.07,2.09759,3946.77,270.982,False,-17.751,5.72647,22.428365729789,0.07501090289869088,22.422875896609142,0.000584245365740376,22.409395448616277,0.07454575791095114,nan,nan
2016 QL105,564844,MBO,MBO,21164732614522188,745319372286328880,18.769743,3.1385434,3.0576427,151.4546839688074,2.3013584073375832,2025052800165,171,60824.03361075795,r,151.45470487548712,2.301362734877687,17.4908390045166,4531.83,258.581,False,4538.62,3.57628,4564.46,257.765,False,-32.2782,6.32099,22.259315956154516,0.06195085469463133,22.2576904155341,0.0008555236396007525,22.251526495411138,0.061313892797590974,nan,nan
2016 QL105,564844,MBO,MBO,21164732614522188,745319372418449424,18.769737,3.1385431,3.0576496,151.45478067513105,2.3013356784100747,2025052800166,167,60824.03413813954,r,151.45483040325698,2.3013142022862643,16.529504776000977,4392.83,266.879,False,4400.09,2.08634,4372.27,264.733,False,-51.9637,5.6802,22.293138989082273,0.06596207571217343,22.29134613932629,0.0005148110380008491,22.29823256261366,0.06573935353163651,nan,nan
2016 QL105,564844,MBO,MBO,21164732614522188,745319372552667161,18.769732,3.1385427,3.0576563,151.45487683744184,2.301313077953489,2025052800167,167,60824.03466371316,r,151.45489176605395,2.3012934537101124,15.405377388000488,4196.8,272.21,False,4238.37,11.3423,4202.21,275.114,False,-56.3253,5.30489,22.342704367412765,0.07042228764154414,22.332002802620366,0.0029055381822158783,22.341305630302003,0.07108194208678671,nan,nan
2016 QL105,564844,MBO,MBO,21164732614522188,745319372688982061,18.769726,3.1385422,3.0576632,151.4549728220326,2.301290519878582,2025052800168,171,60824.03518783525,r,151.45500644375468,2.3012727534588158,18.313814163208008,4512.48,245.135,False,4383.28,0.439612,4553.58,246.358,False,-67.8932,6.51518,22.263961779552965,0.058981300690803165,22.295502018510305,0.00010889167224605755,22.254117554066006,0.0587405507750394,nan,nan
2016 QL105,564844,MBO,MBO,21164732614522188,745319373223231493,18.769705,3.1385405,3.0576904,151.45535681453998,2.301200281085172,2025052800172,166,60824.0372834039,r,151.45537189144264,2.301190055896522,15.442893028259277,4241.82,274.196,False,4487.76,1.9452,4149.86,271.363,False,-10.5842,6.17479,22.331119456362295,0.07018321201182968,22.269925998394825,0.00047060763930039377,22.354916421853055,0.0709972506531276,nan,nan
2016 QL105,564844,MBO,MBO,21164732614522188,745319373340147765,18.7697,3.13854,3.057697,151.45545227668077,2.301177848917173,2025052800173,133,60824.037804515276,r,151.45549642383963,2.3011685734231455,14.928739547729492,4371.45,289.981,False,4479.68,1.52753,4337.96,291.351,False,-16.8571,4.70457,22.29843616309871,0.07202251948584124,22.27188247775661,0.00037022611231602104,22.30678615202641,0.07292145297671833,nan,nan
2016 QL105,564844,MBO,MBO,21164732614522188,745319373608058897,18.769688,3.138539,3.057711,151.45564523321227,2.3011325089815453,2025052800175,132,60824.038857291715,r,151.45568157743097,2.3010838044840214,16.067384719848633,4532.18,281.168,False,4459.26,7.97193,4771.25,283.934,False,-53.508,5.1906,22.25923208297032,0.06735704773069709,22.276843069803512,0.0019409977231743475,22.20341956760711,0.06461145679307821,nan,nan
2016 QL105,564844,MBO,MBO,21164732614522188,745319373742276623,18.769682,3.1385386,3.0577176,151.45574144487728,2.301109902642601,2025052800176,132,60824.03938280088,r,151.45576961457937,2.3010855683773284,15.907360076904297,4526.78,282.829,False,4442.03,4.3952,4670.08,284.439,False,-100.181,4.86718,22.26052658042726,0.06783579288094363,22.28104633425407,0.0010742898527074784,22.22668918124551,0.06612856956251907,nan,nan
2016 QL105,564844,MBO,MBO,21164732614522188,745319373877018674,18.769676,3.1385384,3.0577245,151.4558378455474,2.3010872525578887,2025052800177,133,60824.039908189545,r,151.45586537622367,2.301085495085148,16.91388511657715,4547.42,266.444,False,4540.58,7.53138,4547.97,271.313,False,-133.148,5.19662,22.255587349844273,0.06361583108127997,22.257221651648067,0.001800891513590125,22.255455970543075,0.06477050646388008,nan,nan
2016 QL105,564844,MBO,MBO,21164732614522188,745319374007042067,18.76967,3.138538,3.0577314,151.4559342517717,2.301064601837881,2025052800178,125,60824.04043414835,r,151.45596816324988,2.3010333252415576,18.102294921875,5081.15,275.344,False,4911.0,2.66318,5012.41,276.617,False,-166.684,5.27432,22.135094981234197,0.058835292984230125,22.17207516467099,0.0005887825429242244,22.149883496774564,0.05991790120136004,nan,nan
2016 QL105,564844,MBO,MBO,21164732614522188,745319374141259805,18.769665,3.1385374,3.057738,151.45603011379978,2.3010420796463085,2025052800179,125,60824.04095713925,r,151.45602935716542,2.3010466514008128,17.66556739807129,4811.68,269.39,False,4628.35,3.46548,4782.51,270.908,False,-161.728,5.29557,22.194258117975863,0.06078676915733323,22.23643449393686,0.0008129456761718985,22.200860336235085,0.06150214568815771,nan,nan
2016 QL105,564844,MBO,MBO,21164732614522188,745319374277574666,18.769659,3.138537,3.0577452,151.45612836443297,2.3010189969642685,2025052800180,129,60824.04149341594,r,151.45614009796552,2.3010128561016274,16.6607608795166,4323.69,255.532,False,4082.69,0.0836563,4277.9,258.685,False,-145.295,6.02389,22.310363643853037,0.06416749237708562,22.37263400295361,2.2247263167559046e-05,22.32192345402106,0.06565456740192908,nan,nan
2016 QL105,564844,MBO,MBO,21164732614522188,745319374411792443,18.769653,3.1385365,3.057752,151.4562249711342,2.300996301195956,2025052800181,129,60824.04202079975,r,151.4562330027371,2.301001838939749,17.25749969482422,4692.31,266.618,False,4656.9,4.05154,4601.41,270.523,False,-133.199,6.04743,22.22153324571389,0.061691751884221345,22.229757742255867,0.0009445991205390704,22.242772633173082,0.06383187250844645,nan,nan
2016 QL105,564844,MBO,MBO,21164732614522188,745319374674984992,18.769642,3.1385357,3.0577657,151.45641746840366,2.300951079971483,2025052800183,119,60824.0430702788,r,151.45639775184264,2.300940568965613,17.305252075195312,4618.28,266.05,False,4502.36,0.0989824,4521.2,267.493,False,-110.129,5.17377,22.238799400359163,0.06254712088919306,22.26639948946974,2.386943289111756e-05,22.26186565577492,0.06423667047056986,nan,nan
2016 QL105,564844,MBO,MBO,21164732614522188,745319374943420418,18.76963,3.1385348,3.0577793,151.4566103553436,2.300905770006366,2025052800185,119,60824.044122991545,r,151.45664388953048,2.300905338776608,15.237529754638672,4226.68,278.911,False,4274.55,6.96306,4181.94,279.928,False,-122.008,5.05616,22.335001532750795,0.07164577627700522,22.322774045986055,0.0017686181181976511,22.346555521396986,0.07267631252279731,nan,nan
2016 QL105,564844,MBO,MBO,21164732614522188,745319375077638203,18.769627,3.1385343,3.0577862,151.45670680745422,2.300883114058027,2025052800186,119,60824.044648688796,r,151.45671650175564,2.3008645941505734,15.289706230163574,4207.43,269.928,False,4164.56,4.47408,4095.27,272.143,False,-117.024,5.4607,22.339957706517318,0.06965549036858577,22.351077176049156,0.0011664307066641742,22.369293644938185,0.07215043511023556,nan,nan
2016 QL105,564844,MBO,MBO,21164732614522188,745319375190884396,18.76962,3.1385338,3.057793,151.4568028986908,2.3008605435884752,2025052800187,79,60824.045172979844,r,151.45684300359957,2.3008492319324385,14.954747200012207,4671.12,308.962,False,4541.73,1.02194,4586.36,312.407,False,-150.205,5.09767,22.22644741186993,0.07181387482562127,22.256946723660548,0.0002443027776108217,22.246329679670616,0.07395660495032232,nan,nan
2016 QL105,564844,MBO,MBO,21164732614522188,745319375345549320,18.769615,3.1385334,3.0577998,151.45689991266482,2.300837757107117,2025052800188,118,60824.04570146889,r,151.45692443376132,2.300838417940938,15.908699989318848,4658.0,291.017,False,4240.77,4.36049,4405.68,290.106,False,-149.267,5.27932,22.229501289503343,0.06783333860983047,22.331388197627394,0.0011163872772378027,22.289967582610657,0.07149374474124628,nan,nan
2016 QL105,564844,MBO,MBO,21164732614522188,745319375459844104,18.76961,3.138533,3.0578067,151.45699693247343,2.300814969989816,2025052800189,80,60824.04623003084,r,151.45704126802679,2.300829623433131,15.80856990814209,4694.77,295.005,False,4726.13,1.62215,4522.5,297.768,False,-145.584,5.53159,22.2209641936357,0.06822434603902033,22.213735868305005,0.0003726573259198452,22.26155356117037,0.0714864575013841,nan,nan
2016 QL105,564844,MBO,MBO,21164732614522188,745319375642296363,18.7696,3.1385324,3.0578167,151.4571377961564,2.300781886545956,2025052800190,172,60824.046998932594,r,151.45716566662517,2.300787605957577,12.996123313903809,4133.92,316.586,False,4478.42,5.29141,3985.14,319.244,False,-165.278,4.78532,22.359094850854216,0.08314841289262807,22.272187967377693,0.0012828353477657333,22.398891071799923,0.08697681017642361,nan,nan
2016 QL105,564844,MBO,MBO,21164732614522188,745319375776514078,18.769594,3.138532,3.0578234,151.45723373002397,2.3007593562826893,2025052800191,172,60824.04752198832,r,151.4572502774711,2.3007593178005323,16.327733993530273,4858.76,294.449,False,4855.22,7.73099,4610.25,297.992,False,-142.853,5.11057,22.18368643367746,0.06579743818229747,22.18447766829182,0.0017288228540554393,22.240688808718605,0.07017856035997748,nan,nan
2016 QL105,564844,MBO,MBO,21164732614522188,745319375910731804,18.769588,3.1385314,3.0578303,151.45733003663935,2.300736739218262,2025052800192,172,60824.0480465993,r,151.45733538221722,2.300724209366269,16.174943923950195,4306.2,263.254,False,4527.74,7.77106,4132.94,265.427,False,-115.111,7.03717,22.314764459215326,0.06637508325155876,22.260296243647115,0.0018634728901531484,22.35935226426087,0.06972850073472368,nan,nan
2016 QL105,564844,MBO,MBO,21164732614522188,745319376180215849,18.769577,3.1385307,3.057844,151.4575228510604,2.300691460087842,2025052800194,174,60824.04909724841,r,151.4575645452442,2.300698190686574,15.162686347961426,4113.19,267.444,False,4066.56,3.07367,4078.46,269.81,False,-115.55,6.24418,22.364553087277425,0.07059572690463456,22.376932023168436,0.0008206431615778332,22.373759492230626,0.07182673988731034,nan,nan
2016 QL105,564844,MBO,MBO,21164732614522188,745323760775594030,18.75439,3.1377203,3.070431,151.64219096300553,2.257812361997779,2025052900094,118,60825.02941036766,r,151.6422105697095,2.2578067475167587,21.812881469726562,4975.14,225.076,False,5188.07,2.95729,4897.66,220.901,False,19.6095,9.02806,22.157986704508446,0.04911885086256187,22.112485468869252,0.0006188884996292403,22.17502838356616,0.04897036682332889,28.16883365041043,0.4998644082855515
2016 QL105,564844,MBO,MBO,21164732614522188,745323760909811786,18.754383,3.1377199,3.0704377,151.64228881373447,2.2577889407189677,2025052900095,118,60825.02993560632,r,151.64231430921274,2.2577746996700494,23.229543685913086,5392.27,230.846,False,5256.85,1.14876,5329.69,229.804,False,38.5596,8.38929,22.0705709212559,0.04648095356152474,22.09818601745437,0.0002372619072644945,22.08324513909076,0.04681445383671933,27.43466867643233,0.2362201768882836
2016 QL105,564844,MBO,MBO,21164732614522188,745323761043505175,18.754375,3.1377194,3.0704446,151.64238648339804,2.257765563390365,2025052900096,117,60825.03045977649,r,151.6423994822907,2.257745888129294,20.98247718811035,5409.82,254.949,False,5577.94,0.82571,5563.31,254.121,False,59.4618,6.85291,22.06704299742332,0.05116757567307219,22.033815415411688,0.00016072299980574508,22.036666837392282,0.04959428282247015,26.96440487733765,0.1251299588592019
2016 QL105,564844,MBO,MBO,21164732614522188,745323761157799985,18.754368,3.1377192,3.0704513,151.64248415826427,2.2577421854322983,2025052900097,79,60825.03098396293,r,151.6424538264009,2.2577103931789257,15.22516918182373,4810.26,312.331,False,5381.52,2.27026,5142.24,316.82,False,189.44,4.81625,22.194578675109426,0.07049703845513018,22.0727375994689,0.0004580311085084975,22.122119094793817,0.06689359825007252,25.70632077340052,0.02760334017686432
2016 QL105,564844,MBO,MBO,21164732614522188,745323761291493393,18.754362,3.1377187,3.0704582,151.6425822113653,2.2577187175702367,2025052900098,78,60825.03150921374,r,151.64261633923212,2.257732582224057,21.373807907104492,5492.22,252.485,False,5262.94,6.0664,5618.33,251.247,False,98.5838,9.60964,22.050630144277342,0.04991280312834943,22.096928964879226,0.0012514887574955542,22.02598187372198,0.048553209574619956,26.41548609999996,0.10583416403309275
2016 QL105,564844,MBO,MBO,21164732614522188,745323761424138288,18.754354,3.1377182,3.0704648,151.64267952403247,2.257695427546396,2025052900099,75,60825.03203120518,r,151.6427102862854,2.257679198909341,19.471057891845703,4960.91,251.477,False,4836.61,2.04092,5035.6,250.417,False,86.4024,11.3781,22.161096595279005,0.05503782177025644,22.18864735701858,0.000458151643081516,22.144871916762515,0.05399293152730059,26.558685520623435,0.14297769445185451
2016 QL105,564844,MBO,MBO,21164732614522188,745323761560453152,18.754347,3.1377177,3.0704718,151.6427775878536,2.257671958381497,2025052900100,79,60825.03255740818,r,151.64278202737015,2.2576614071403154,22.725406646728516,5405.33,237.157,False,5231.23,1.25425,5529.34,236.317,False,86.6293,11.1504,22.067944451440734,0.047636302477748915,22.103490466681073,0.0002603182604750774,22.043316791688884,0.046402994102043356,26.55583794982732,0.13974940045573128
2016 QL105,564844,MBO,MBO,21164732614522188,745323761692573745,18.75434,3.1377172,3.0704784,151.64287491119904,2.257648667065649,2025052900101,75,60825.033079287,r,151.6428922846779,2.2576416628654505,21.06859016418457,5096.06,241.499,False,5039.0,2.26553,5165.36,240.746,False,79.566,9.20614,22.131913655880076,0.0514523371018004,22.14413910411058,0.0004881460731794436,22.117248541027394,0.050603763852826285,26.648181160578975,0.12562449782012952
2016 QL105,564844,MBO,MBO,21164732614522188,745323761826791442,18.754332,3.1377168,3.0704854,151.64297261281266,2.25762528586422,2025052900102,75,60825.03360386954,r,151.6429911720894,2.2576126064505555,20.687467575073242,5334.57,254.476,False,5385.31,1.75286,5385.99,252.977,False,95.7817,8.65695,22.082251490036676,0.05179308047193447,22.071973217980997,0.00035339534566255316,22.071836095915472,0.050996433590257434,26.4467936461417,0.09813110459817168
2016 QL105,564844,MBO,MBO,21164732614522188,745323761961009168,18.754324,3.1377165,3.070492,151.6430705063491,2.2576018593826315,2025052900103,75,60825.034128061634,r,151.64308778204827,2.2576088984019904,18.790597915649414,5008.44,261.755,False,4817.78,1.00841,5084.73,261.118,False,107.22,8.34599,22.150743824227835,0.05674359459287332,22.192882637389012,0.0002272555554733469,22.13433026226414,0.05575621121700082,26.324310480415637,0.08451355718026665
2016 QL105,564844,MBO,MBO,21164732614522188,745323762342166566,18.754303,3.137715,3.0705125,151.64336403327545,2.25753162066339,2025052900106,34,60825.03570259073,r,151.64338525984212,2.2575352283515344,18.26125717163086,5324.73,288.248,False,5234.77,0.502515,5470.25,287.913,False,237.549,5.55725,22.084256026514485,0.058775050626581476,22.10275598383701,0.00010422592519379901,22.05498206298752,0.057145022955781555,25.46061700209195,0.025399844457612338
2016 QL105,564844,MBO,MBO,21164732614522188,745323762474811454,18.754295,3.1377146,3.0705192,151.6434610161126,2.2575084147405065,2025052900107,31,60825.03622262055,r,151.6434640760261,2.2574967337690985,18.05262565612793,5578.2,307.496,False,5934.22,5.66348,5746.65,311.182,False,263.592,5.28838,22.033764758628067,0.05985076381527272,21.966590853374147,0.0010362010250000414,22.001463150419454,0.05879278829101342,25.347669393476515,0.021782852136589016
2016 QL105,564844,MBO,MBO,21164732614522188,745323762609029168,18.754288,3.1377144,3.0705261,151.64355875055034,2.2574850296468645,2025052900108,31,60825.03674677969,r,151.6435811588124,2.257490096425433,14.565051078796387,4622.84,314.125,False,5030.4,4.7843,5176.72,319.085,False,334.876,5.46364,22.237727880605775,0.07377648736430929,22.145993721019394,0.0010326192077984345,22.11486326652595,0.06692309285410616,25.087789918295744,0.01771423411538044
2016 QL105,564844,MBO,MBO,21164732614522188,745323762744819746,18.75428,3.137714,3.0705328,151.6436563038507,2.257461688571253,2025052900109,34,60825.03726984469,r,151.64367143225198,2.2574394637554747,16.692657470703125,4998.77,296.722,False,4588.19,4.68929,5236.65,298.894,False,176.835,5.82554,22.152842108881714,0.06444821435173131,22.245896528802945,0.001109660245832122,22.102366150009814,0.061970927359192005,25.781079391891524,0.03576780344123191
2016 QL105,564844,MBO,MBO,21164732614522188,745323762875891765,18.754274,3.1377134,3.0705397,151.64375404935006,2.257438302192645,2025052900110,28,60825.037793897034,r,151.64375651556068,2.257447305021762,16.835813522338867,4640.89,270.432,False,4654.4,4.76368,4919.22,271.077,False,101.992,6.95975,22.23349678116184,0.06326756550948479,22.2303407630229,0.0011112280706478037,22.17025933821909,0.05983023646367466,26.378584764151704,0.07408868324234134
2016 QL105,564844,MBO,MBO,21164732614522188,745323763010109501,18.754267,3.137713,3.0705464,151.64385180032718,2.2574149151927525,2025052900111,28,60825.03831789047,r,151.64385919822706,2.257396589423638,20.549545288085938,5188.29,248.563,False,4812.49,0.946975,5137.59,249.475,False,71.7252,11.9616,22.11243938426312,0.05201595324759609,22.194075346909308,0.00021364511605393905,22.12310142578059,0.05272200672818496,26.760820628070732,0.18106806379051077
2016 QL105,564844,MBO,MBO,21164732614522188,745323763214581778,18.754255,3.1377122,3.0705566,151.64399825078598,2.257379878103888,2025052900112,162,60825.03910224287,r,151.64403348607158,2.2574079082720493,16.65044403076172,4413.38,262.422,False,4476.12,2.09762,4582.18,261.18,False,104.507,7.43011,22.28807172233565,0.06455847235216909,22.272745669114933,0.0005088026973059268,22.247319594823594,0.06188595016524211,26.352136508262795,0.07719233272448657
2016 QL105,564844,MBO,MBO,21164732614522188,745323763349323814,18.754248,3.137712,3.0705636,151.64409657553634,2.257356355585021,2025052900113,163,60825.03962907732,r,151.6441361686247,2.257343014934027,21.88286018371582,5776.15,260.561,False,5767.06,3.08655,5968.37,262.372,False,77.6581,6.87188,21.995903861260537,0.04897735014971933,21.997613814476033,0.0005810896792904448,21.960360631872945,0.04772941087671468,26.6745331495498,0.09607560993743784
2016 QL105,564844,MBO,MBO,21164732614522188,745323763483017240,18.75424,3.1377115,3.0705702,151.64419490598397,2.257332832418658,2025052900114,162,60825.04015647087,r,151.6442206289938,2.257325250892225,20.13248634338379,5034.94,244.057,False,5138.31,0.653958,5123.63,241.625,False,48.8876,13.7095,22.145014263754767,0.05262853806209866,22.12294923213531,0.00013818276698490063,22.126055625137344,0.05120217823592614,27.17700320793462,0.30447190812149955
2016 QL105,564844,MBO,MBO,21164732614522188,745323763601506350,18.754232,3.137711,3.0705771,151.64429268229551,2.2573094425305142,2025052900115,132,60825.04068076155,r,151.6443155853539,2.2572892070337423,20.09665870666504,4885.9,234.827,False,4979.5,3.12985,4989.27,233.99,False,29.7228,11.8631,22.17763858670622,0.05218284785699444,22.15703565823256,0.000682436261380694,22.15490747846679,0.050919557274102065,27.717275727538475,0.4333440163725355
2016 QL105,564844,MBO,MBO,21164732614522188,745323763751452713,18.754227,3.1377106,3.0705838,151.6443902777074,2.2572860966326416,2025052900116,162,60825.041203718705,r,151.64440594738113,2.257276225556659,18.943584442138672,4611.47,238.252,False,4670.54,2.34698,4706.12,234.904,False,33.9522,15.3044,22.24040148023535,0.05609465290062016,22.226582251247983,0.0005455902828319588,22.218342480635876,0.054194066161975786,27.572830139808406,0.4894098394828661
2016 QL105,564844,MBO,MBO,21164732614522188,745323763866271774,18.75422,3.13771,3.0705907,151.6444882520365,2.257262660817836,2025052900117,125,60825.04172892816,r,151.6444916700832,2.2572740922446144,21.684707641601562,4940.34,222.61,False,5028.03,5.07239,4944.87,221.364,False,39.4963,12.5361,22.165607937818,0.048922896976339815,22.146505395737528,0.0010953152207303636,22.164612777927147,0.04860449350766945,27.408608974616627,0.344611979998409
2016 QL105,564844,MBO,MBO,21164732614522188,745323764000489558,18.754211,3.1377096,3.0705974,151.64458641868788,2.2572391797317475,2025052900118,125,60825.04225404642,r,151.64461070740006,2.2572309001667246,20.056699752807617,4646.49,229.61,False,4648.1,1.4479,4658.02,228.255,False,38.3956,16.1503,22.23218742819695,0.05365251578339488,22.231811319771687,0.0003382107698958819,22.229496623148005,0.05320387668566793,27.43929637143234,0.4566920352937009
2016 QL105,564844,MBO,MBO,21164732614522188,745323764134182926,18.754204,3.1377094,3.0706043,151.64468477780096,2.2572156533502867,2025052900119,124,60825.042781189695,r,151.64470946736873,2.2572090024516993,17.597856521606445,4199.54,234.476,False,4122.76,4.42868,4214.66,232.912,False,20.6279,13.426,22.34199568438386,0.060620705535786336,22.362029927308456,0.0011663008341123438,22.33809359602374,0.060000328456111154,28.113862500276642,0.7066688554020545
2016 QL105,564844,MBO,MBO,21164732614522188,745323764298809421,18.754192,3.1377087,3.0706143,151.64482980744538,2.2571809652720254,2025052900120,182,60825.04355816226,r,151.64484978064584,2.2571662122689533,13.673304557800293,4009.05,282.213,False,4414.8,11.9173,3997.4,282.597,False,-11.6569,13.3763,22.392396304999657,0.07642929911207569,22.28772246333652,0.0029308337611959126,22.39555600619887,0.07675633794898826,nan,nan
2016 QL105,564844,MBO,MBO,21164732614522188,745323764432502887,18.754185,3.1377082,3.0706213,151.6449278076277,2.257157526591416,2025052900121,181,60825.04408396741,r,151.64494042673357,2.2571431263926254,17.380542755126953,4690.19,258.197,False,5243.67,6.66917,4678.63,258.669,False,-22.0451,19.4835,22.222023922618334,0.05977024908466866,22.10091163514177,0.0013808953132133227,22.224703274073367,0.06002746792863074,nan,nan
2016 QL105,564844,MBO,MBO,21164732614522188,745323764533690407,18.754173,3.1377075,3.0706322,151.64508574013854,2.257119755497911,2025052900122,118,60825.044929514916,r,151.64509197389492,2.2571285334167217,19.286827087402344,4777.5,246.755,False,4801.82,1.57363,4783.06,244.976,False,5.69411,7.86852,22.201998260682373,0.05607762271199132,22.196485349356163,0.0003558124002235671,22.20073541466511,0.0556086076665139,29.51143538417836,1.5003463107103217
2016 QL105,564844,MBO,MBO,21164732614522188,745323764667908152,18.754166,3.137707,3.0706391,151.64518338214046,2.257096404453229,2025052900123,118,60825.04545278364,r,151.6451908868227,2.2570879728407425,18.83468246459961,4490.95,232.313,False,4838.87,3.80349,4533.88,228.834,False,29.8588,13.0847,22.269154403103006,0.05616420307728943,22.188140087188547,0.0008534196236604376,22.258824974817273,0.05479928112429179,27.712319093181435,0.4757904435190173
2016 QL105,564844,MBO,MBO,21164732614522188,745323764802125842,18.754158,3.1377068,3.0706458,151.64528102996155,2.257073052778076,2025052900124,118,60825.04597517384,r,151.6452922481016,2.257066551183444,18.054763793945312,4456.0,241.677,False,4743.89,5.38967,4572.97,239.901,False,77.8546,10.3646,22.277637044585816,0.058886326498633075,22.209663443275428,0.0012335360997484783,22.249504068257856,0.056958429659675576,26.67178931962454,0.1445415146910563
2016 QL105,564844,MBO,MBO,21164732614522188,745323764936343607,18.75415,3.1377063,3.0706525,151.6453783101704,2.257049789775928,2025052900125,118,60825.04649620871,r,151.64540184559485,2.2570362905320103,19.142480850219727,4717.25,240.787,False,4666.62,1.37583,4802.43,238.801,False,145.891,16.6782,22.215777767121917,0.05542024830533786,22.22749387775504,0.00032010072901109273,22.196347351950863,0.05398826768444356,25.989928699001066,0.12412091572029768
2016 QL105,564844,MBO,MBO,21164732614522188,745323765049589825,18.754143,3.1377058,3.0706594,151.64547652982935,2.257026302895694,2025052900126,78,60825.047022808765,r,151.64550807337193,2.257002776529349,19.367712020874023,5084.23,254.929,False,5391.1,5.99507,5287.42,254.356,False,213.912,18.8677,22.134437031905264,0.05444003259762444,22.07080651115546,0.0012073722264680231,22.091890492423417,0.05223029856267943,25.574412116401433,0.09576529307031031
