provid,permid,orbit_class,population,ssObjectId,diaSourceId,phaseAngle,helioRange,topoRange,ephRa,ephDec,visit,detector,midpointMjdTai,band,ra,dec,snr,psfFlux,psfFluxErr,psfFlux_flag,trailFlux,trailFluxErr,scienceFlux,scienceFluxErr,forced_PsfFlux_flag,templateFlux,templateFluxErr,psfMag,psfMagErr,trailMag,trailMagErr,scienceMag,scienceMagErr,templateMag,templateMagErr
2016 NC7,657218,MBO,MBO,21164732563076931,745284181285142534,20.423695,2.9001846,2.717997,149.01947733660856,3.7081366847683217,2025052000116,71,60816.00083512574,g,149.01949695734362,3.708130671603208,22.78350830078125,5068.25,210.346,False,6050.05,5.85572,5137.27,196.679,False,48.6859,16.7026,22.137854927376658,0.04506096979657525,21.945602625430013,0.0010508619699105656,22.12316901691822,0.041567118553535135,27.181491956592982,0.3724819186302341
2016 NC7,657218,MBO,MBO,21164732563076931,745284181419360422,20.4237,2.9001844,2.7180061,149.01960569258097,3.7080961921046702,2025052000117,71,60816.00153897185,g,149.019610505166,3.708094443185928,22.459659576416016,4822.48,211.265,False,5229.81,6.43791,4764.66,190.471,False,96.2305,17.5122,22.191823916410815,0.04756433610186799,22.10378520995542,0.0013365441533196155,22.20492017593181,0.04340314866542055,26.441718152432728,0.19758422808000736
2016 NC7,657218,MBO,MBO,21164732563076931,745284182493102138,20.423748,2.9001834,2.718066,149.02043990247174,3.707833036540529,2025052000125,71,60816.00610655401,g,149.0204459131888,3.707826243160024,27.970304489135742,4913.47,174.14,False,4649.68,1.80568,5228.09,162.197,False,343.65,35.0198,22.17152918067648,0.0384799528167919,22.231442296630092,0.00042164022379372897,22.104142394394,0.03368403513054076,25.059709148670898,0.1106424081185409
2016 NC7,657218,MBO,MBO,21164732563076931,745284182916202657,20.423769,2.9001827,2.7180908,149.02078532637017,3.70772407887962,2025052000128,110,60816.00799732409,g,149.0207850807535,3.707721027383955,25.127477645874023,4635.63,184.551,False,4648.06,1.60374,4801.73,171.12,False,226.05,31.602,22.234728115479527,0.04322469692861447,22.231820672420312,0.0003746161912646567,22.196505664055234,0.038692549312951505,25.514488706916378,0.15178692457818865
2016 NC7,657218,MBO,MBO,21164732563076931,745284183051993110,20.423773,2.9001827,2.7180972,149.02087246717153,3.707696592724428,2025052000129,113,60816.0084747443,g,149.02086680036243,3.7076710548667933,25.2011661529541,5180.77,202.555,False,5575.12,0.22309,5316.43,194.707,False,171.68,24.2358,22.11401421531837,0.042449537071423925,22.03436442802249,4.3446038332455296e-05,22.085949714070484,0.03976360697410885,25.81320078476503,0.1532717055291688
2016 NC7,657218,MBO,MBO,21164732563076931,745284184504795177,20.423836,2.900181,2.718176,149.02196997485163,3.7073504458804174,2025052000140,68,60816.014480708174,g,149.0219532091066,3.707337522585285,20.067577362060547,4883.41,241.069,False,4746.69,1.51315,4761.76,233.398,False,15.3742,22.8681,22.178191994780477,0.05359724721769008,22.209022839776246,0.0003461110233120345,22.205581297157334,0.053217437619072015,28.433018693317305,1.614960353290546
2016 NC7,657218,MBO,MBO,21164732563076931,745284185600557100,20.423948,2.9001782,2.7183235,149.02402826423867,3.706701467479615,2025052000148,110,60816.02573518561,u,149.02405735782364,3.7067416691468047,5.364716053009033,1823.37,348.015,False,1939.1,53.0563,1802.77,305.956,False,-155.828,78.1678,23.247812990274966,0.20722755239753457,23.18099949776998,0.029707156793608875,23.260149182388503,0.18426504533144625,nan,nan
2016 NC7,657218,MBO,MBO,21164732563076931,745284192605044780,20.424456,2.9001646,2.7190263,149.03382981489708,3.7036168701251673,2025052000200,158,60816.07913864023,r,149.03383574638931,3.7036013630853235,17.05447006225586,7544.67,435.014,False,6775.69,6.17311,8558.73,425.98,False,-28.9163,26.9493,21.70589938947049,0.06260187158413369,21.82261618932961,0.0009891788275231516,21.568976625487558,0.05403861263301009,nan,nan
2016 NC7,657218,MBO,MBO,21164732563076931,745284193925201946,20.4245,2.9001632,2.7190928,149.03475931664974,3.703325039742032,2025052000210,116,60816.08418383806,r,149.03473791530055,3.7032838569005673,6.63925838470459,7511.25,1117.68,False,8598.15,60.0245,7403.44,1140.9,False,-144.809,13.9604,21.71071945744676,0.1615584223198503,21.56398740722194,0.007579627224068059,21.726416105928497,0.16731633839397267,nan,nan
2016 NC7,657218,MBO,MBO,21164732563076931,745297377837973545,20.42511,2.899414,2.757398,149.6025660615406,3.5272882356292787,2025052300134,66,60819.02753780842,g,149.60256583107997,3.527273779567105,28.083803176879883,3970.44,139.24,False,4127.07,1.13025,4131.92,138.095,False,178.155,11.7721,22.40290342229917,0.03807585994138092,22.360895458521032,0.00029734251487001313,22.359620259643386,0.03628694296025888,25.7730049686205,0.07174312116236202
2016 NC7,657218,MBO,MBO,21164732563076931,745297377972715560,20.42511,2.899414,2.7574048,149.60266808043932,3.527255542198206,2025052300135,67,60819.02806302253,g,149.60268142081884,3.52726018236101,28.690311431884766,3927.27,135.567,False,4170.29,1.15535,4140.9,133.34,False,245.607,7.6433,22.414773094442396,0.03747896141501147,22.349584348186703,0.00030079569519088817,22.35726316884498,0.03496149749585186,25.42439817276161,0.03378815659409195
2016 NC7,657218,MBO,MBO,21164732563076931,745297378106933317,20.425108,2.8994138,2.7574115,149.6027695228147,3.5272230343950226,2025052300136,67,60819.028586217355,g,149.6027764174085,3.5272217467540887,31.60194969177246,4148.28,130.429,False,4137.96,0.870167,4389.1,129.339,False,220.954,31.1303,22.355329899601095,0.03413740049185646,22.358034289750883,0.00022831826393767516,22.294061286345045,0.03199472255509442,25.539245355444052,0.15296982695274253
2016 NC7,657218,MBO,MBO,21164732563076931,745297378243248169,20.425108,2.8994138,2.7574184,149.60287097049113,3.5271905257717093,2025052300137,71,60819.02910952353,g,149.60288240488848,3.527184552926945,31.340314865112305,4098.35,128.795,False,3704.78,0.358214,4279.88,127.108,False,138.674,50.8606,22.3684773628935,0.03412041167096745,22.47809393270596,0.00010497948486131258,22.321421048824398,0.032245241256446844,26.045012424548318,0.39820871898348476
2016 NC7,657218,MBO,MBO,21164732563076931,745297378397388839,20.425108,2.8994136,2.7574253,149.6029722294578,3.527158078504182,2025052300138,109,60819.029631473495,g,149.60297982862204,3.527152693808128,31.00806999206543,3874.5,122.616,False,3662.51,1.45459,3989.01,120.399,False,77.8598,43.3062,22.429460836927504,0.03436020843123689,22.490552949236196,0.0004312072817962759,22.397837184745253,0.03277042555665817,26.671716759171773,0.6038945108134877
2016 NC7,657218,MBO,MBO,21164732563076931,745297378511159367,20.425106,2.8994136,2.7574322,149.60307407579634,3.527125443919444,2025052300139,70,60819.03015675932,g,149.60308485745634,3.527111953737492,33.54899215698242,4035.42,119.358,False,3880.24,0.144277,4140.66,118.597,False,38.4354,42.2386,22.38527816582181,0.03211346186813051,22.42785353188351,4.037038166286087e-05,22.357326031641886,0.03109771194669897,27.43817154071324,1.1931703937558558
2016 NC7,657218,MBO,MBO,21164732563076931,745297378665824319,20.425106,2.8994133,2.7574391,149.60317592754706,3.527092808511065,2025052300140,109,60819.030681123004,g,149.60318693626007,3.527080590077747,34.135494232177734,4258.83,122.793,False,3894.16,0.804087,4286.09,120.158,False,29.7875,47.1547,22.32677421843786,0.03130456077138069,22.423965545804265,0.00022418862325720597,22.31984682411514,0.030437973195304092,27.71491484770938,1.7187600737714954
2016 NC7,657218,MBO,MBO,21164732563076931,745297378801090590,20.425106,2.8994133,2.757446,149.60327759075835,3.5270602344308406,2025052300141,111,60819.03120546072,g,149.60328019314653,3.5270554095656754,32.683319091796875,3948.33,118.545,False,3846.89,0.039836,4025.43,117.26,False,41.3178,41.2412,22.408966369289132,0.03259823618042891,22.437225610220793,1.1243209285281685e-05,22.38796932117959,0.031627287482664614,27.359657063660492,1.0837233569827656
2016 NC7,657218,MBO,MBO,21164732563076931,745297378936356875,20.425104,2.899413,2.7574527,149.6033788712566,3.527027783894642,2025052300142,113,60819.03172731136,g,149.60339277452914,3.5270131132889055,32.295921325683594,4015.73,123.357,False,3758.98,0.355516,4078.76,121.694,False,46.0765,41.5252,22.390588742605125,0.033352133762398456,22.462324968101143,0.00010268652137426906,22.373679618480203,0.03239405644131057,27.241301295475004,0.9784904016203931
2016 NC7,657218,MBO,MBO,21164732563076931,745297379070050358,20.425104,2.8994129,2.7574596,149.6034807393436,3.526995146026356,2025052300143,112,60819.0322521672,g,149.6034911904264,3.526986189716092,31.769901275634766,4262.56,132.437,False,4444.55,2.0898,4348.58,132.469,False,18.6462,14.2586,22.325823722091222,0.0337336342314064,22.280430557061635,0.000510506460989094,22.304131320200966,0.03307433239412333,28.223524144084724,0.830253797278056
2016 NC7,657218,MBO,MBO,21164732563076931,745297379205840917,20.425102,2.8994129,2.7574666,149.6035826129365,3.5269625073378066,2025052300144,115,60819.03277742538,g,149.60358873575473,3.526948399581244,30.165416717529297,3748.9,121.686,False,3585.57,0.327451,3799.04,120.703,False,9.58898,38.815,22.465240388303364,0.03524204326780326,22.51360446549909,9.915449679790542e-05,22.450815323199095,0.03449598292102451,28.94556899956083,4.394925270731031
2016 NC7,657218,MBO,MBO,21164732563076931,745297379360505867,20.425102,2.8994126,2.7574735,149.60368390982683,3.526930054359719,2025052300145,154,60819.03329943505,g,149.60370043310866,3.52692423798824,31.403915405273438,3935.04,122.571,False,3850.16,0.749049,3967.19,121.082,False,-1.23554,18.5626,22.4126271108319,0.03381916577838965,22.43630308044665,0.00021123009058644516,22.403792514613812,0.03313758954862167,nan,nan
2016 NC7,657218,MBO,MBO,21164732563076931,745297379494723618,20.425102,2.8994126,2.7574804,149.60378540632402,3.5268975383849286,2025052300146,154,60819.033822497426,g,149.60380037413051,3.5268926723060883,33.284000396728516,4059.38,120.243,False,3907.68,0.131093,4086.63,118.911,False,-6.37093,33.9623,22.378850762141983,0.03216062012645614,22.420202538697698,3.642376391913344e-05,22.371586734036953,0.03159228629112178,nan,nan
2016 NC7,657218,MBO,MBO,21164732563076931,745297379608494096,20.4251,2.8994124,2.757487,149.60388652018753,3.526865145948728,2025052300147,115,60819.034343319145,g,149.6038894479532,3.5268585292135204,31.312828063964844,4047.89,127.471,False,3802.88,0.392957,4082.27,126.372,False,-7.11583,28.7499,22.381928273335724,0.03419062379622304,22.44971847982863,0.00011219067050498563,22.37274568124363,0.03361038265486596,nan,nan
2016 NC7,657218,MBO,MBO,21164732563076931,745297379742711857,20.4251,2.8994124,2.757494,149.60398802775234,3.526832628355552,2025052300148,115,60819.03486655337,g,149.60399958218036,3.526820945695831,28.68275260925293,3722.24,128.923,False,3375.06,0.234806,3740.21,126.34,False,-10.7019,31.7001,22.472989073261353,0.037605413299384785,22.579296236427737,7.55356563014008e-05,22.467760043752047,0.03667492188023439,nan,nan
2016 NC7,657218,MBO,MBO,21164732563076931,745297379876405311,20.425098,2.8994122,2.757501,149.60408973504553,3.526800047760851,2025052300149,114,60819.03539085956,g,149.60410182244922,3.5267921961948736,30.270692825317383,3956.5,129.089,False,3821.65,0.751086,3914.29,126.37,False,-22.3476,31.884,22.406722074841177,0.03542439171991912,22.44437275189194,0.00021338460619470476,22.41836749338799,0.03505220252156118,nan,nan
2016 NC7,657218,MBO,MBO,21164732563076931,745297380031070248,20.425098,2.8994122,2.7575078,149.60419164203168,3.52676740418967,2025052300150,153,60819.03591508551,g,149.60420834307178,3.5267599197485904,29.359527587890625,4056.93,137.195,False,3746.75,0.366298,4093.11,136.252,False,-26.9731,10.3004,22.37950623262766,0.03671682505586743,22.465863210048166,0.00010614612385774373,22.369866430957952,0.03614213258266296,nan,nan
2016 NC7,657218,MBO,MBO,21164732563076931,745297380167385114,20.425097,2.899412,2.7575147,149.60429413701914,3.5267345732761326,2025052300151,157,60819.03644384879,g,149.60431515270184,3.5267213889935998,30.815500259399414,4197.91,133.366,False,3887.33,0.754965,4177.08,131.221,False,-21.6875,30.9496,22.342417151081516,0.034493423245943775,22.425871453270013,0.00021086268088457501,22.347817997164913,0.034107888837495735,nan,nan
2016 NC7,657218,MBO,MBO,21164732563076931,745297380433199117,20.425097,2.8994117,2.7575285,149.60449739699598,3.526669468627328,2025052300153,152,60819.03749054286,g,149.60449542209227,3.5266669520760656,30.438486099243164,3782.53,124.113,False,3579.05,0.042185,3787.96,122.654,False,-23.0953,26.9648,22.45554403862799,0.035625355360268604,22.515580571168112,1.2797189852144025e-05,22.453986550436298,0.03515609697640412,nan,nan
2016 NC7,657218,MBO,MBO,21164732563076931,745297380569514006,20.425095,2.8994114,2.7575355,149.60459893847133,3.52663694617885,2025052300154,156,60819.03801396572,g,149.6046109330552,3.5266365601486633,27.27921485900879,3767.95,136.262,False,3735.03,0.124434,3763.99,134.684,False,-15.8931,22.2568,22.459737186190893,0.0392639449814845,22.469264755367437,3.617173081245776e-05,22.460878850460354,0.038850077075188456,nan,nan
2016 NC7,657218,MBO,MBO,21164732563076931,745297380705828907,20.425095,2.8994114,2.7575424,149.60470106821612,3.5266042363508974,2025052300155,160,60819.03853933948,g,149.6046978466525,3.5266054787039116,27.423810958862305,4079.31,148.316,False,3934.48,1.14189,4052.94,145.525,False,-18.4515,8.03659,22.37353320936065,0.03947531381598864,22.41278165034423,0.00031510933444467193,22.380574579536166,0.03898447962586807,nan,nan
2016 NC7,657218,MBO,MBO,21164732563076931,745297380839522330,20.425093,2.8994112,2.7575493,149.60480281531233,3.5265716501175364,2025052300156,159,60819.039063642136,g,149.60480977233044,3.5265657894147333,29.66934585571289,4050.91,135.78,False,3913.76,0.891179,4055.43,134.839,False,-19.6936,8.79244,22.381118537380964,0.03639213504008352,22.41851452157368,0.0002472265366648093,22.37990774448195,0.03609964701276278,nan,nan
2016 NC7,657218,MBO,MBO,21164732563076931,745297380973740036,20.425093,2.8994112,2.757556,149.60490456828097,3.5265390630505298,2025052300157,159,60819.039587964784,g,149.6049102941804,3.5265385737107118,29.01473045349121,3859.49,131.747,False,3704.87,0.647432,3854.63,129.129,False,-13.5503,10.0065,22.433675202738293,0.037062534592896046,22.478067531544625,0.000189734153165787,22.435043290186236,0.03637185210017253,nan,nan
2016 NC7,657218,MBO,MBO,21164732563076931,745297381120016413,20.42509,2.899411,2.7575629,149.6050063269636,3.5265064752087896,2025052300158,182,60819.040111307746,g,149.60502381568705,3.5264913488591003,29.17462730407715,4168.5,142.208,False,3955.09,0.451649,4159.21,139.532,False,-4.55333,34.8998,22.350050485417366,0.0370397903614102,22.407109049550908,0.00012398495895163769,22.352472888691544,0.03642397066436551,nan,nan
2016 NC7,657218,MBO,MBO,21164732563076931,745297381238505506,20.42509,2.899411,2.7575698,149.60510886833018,3.526473637791093,2025052300159,152,60819.04063972704,g,149.60512569317572,3.5264600309384586,31.690425872802734,4027.18,126.873,False,3699.23,0.357082,4042.15,124.53,False,2.53246,38.8652,22.38749741494782,0.03420522873011676,22.4797216695868,0.0001048047479147216,22.383468961988974,0.033449211810470385,30.391143524921983,16.662594955089627
2016 NC7,657218,MBO,MBO,21164732563076931,745297381388451903,20.425089,2.8994107,2.7575767,149.60521044455336,3.5264411105194418,2025052300160,182,60819.04116299786,g,149.60522254119203,3.52643688258795,25.937654495239258,4373.97,167.283,False,4083.13,0.0618529,4321.84,166.105,False,3.10524,9.92397,22.29781044669191,0.04152410871319855,22.372517012786428,1.644716997558011e-05,22.31082832747297,0.041729035358260676,30.169762033056422,3.4698810383904606
2016 NC7,657218,MBO,MBO,21164732563076931,745297381522145293,20.425089,2.8994105,2.7575836,149.60531280357267,3.5264083336645764,2025052300161,181,60819.04168941305,g,149.60532878277385,3.526404147205549,31.42275047302246,3887.76,122.2,False,3719.75,0.102856,3877.25,120.7,False,-15.586,40.5475,22.425751379459165,0.034126839253135366,22.473715618889976,3.0022040744732537e-05,22.428690488376958,0.03379930533262036,nan,nan
2016 NC7,657218,MBO,MBO,21164732563076931,745297381657935898,20.425089,2.8994105,2.7575905,149.60541478005794,3.526375680396664,2025052300162,184,60819.04221461984,g,149.6054261626326,3.52637869699385,30.85926055908203,4097.84,129.422,False,3995.73,2.24486,4143.73,128.265,False,-14.131,40.5275,22.368612547935406,0.0342907856991181,22.396009669455132,0.000609982585587371,22.356521381113822,0.03360787365417738,nan,nan
2016 NC7,657218,MBO,MBO,21164732563076931,745297381790580774,20.425087,2.8994102,2.7575974,149.6055167624822,3.526343026326982,2025052300163,181,60819.04273919154,g,149.60552823634384,3.526343761979488,30.562131881713867,4168.39,134.806,False,3795.13,0.246092,4194.76,133.25,False,11.0228,39.2297,22.350079101013847,0.035112777296024855,22.451933391039482,7.040365138445595e-05,22.343232265545254,0.034489305077632954,28.79427013722618,3.8640909655749764
2016 NC7,657218,MBO,MBO,21164732563076931,745297381866078212,20.425085,2.8994102,2.7576075,149.605664987559,3.5262955676562604,2025052300164,69,60819.04350260107,g,149.60566547685892,3.5262948510877803,29.508018493652344,3512.35,120.083,False,3607.57,0.206453,3546.68,120.369,False,7.1878,10.8844,22.536005504478666,0.03712000718885475,22.506963062570705,6.213420324198627e-05,22.525445006120883,0.03684826015539366,29.258510049503652,1.644117485250217
2016 NC7,657218,MBO,MBO,21164732563076931,745297382135037977,20.42508,2.899409,2.7576585,149.60641932631762,3.5260540808033505,2025052300166,70,60819.04738498699,r,149.60641887390307,3.5260475114783985,35.67113494873047,6729.49,186.093,False,6373.87,0.611151,6808.09,183.907,False,36.1445,49.6797,21.83004458193002,0.030024251917055753,21.888991976396174,0.00010410452885845226,21.817436804169937,0.02932900274128617,27.50489442457097,1.492316858500717
2016 NC7,657218,MBO,MBO,21164732563076931,745297382269255728,20.425077,2.899409,2.7576654,149.606521173991,3.526021481122715,2025052300167,70,60819.04790885035,r,149.60652262068587,3.5260173237823205,37.63239288330078,6776.35,178.194,False,6081.13,0.497562,6827.51,176.302,False,-2.1349,43.0678,21.822510411079264,0.028551015627521794,21.9400393017025,8.883564047863298e-05,21.814344175003153,0.02803620544866751,nan,nan
2016 NC7,657218,MBO,MBO,21164732563076931,745297382424444944,20.425077,2.8994088,2.7576723,149.60662322224888,3.5259888184242567,2025052300168,110,60819.04843320498,r,149.60662965984656,3.5259845492538577,35.87508773803711,6603.44,183.425,False,6006.55,0.177394,6628.99,181.804,False,-6.0769,43.7585,21.850574419334393,0.030158700380146584,21.953437293806864,3.2065511395909444e-05,21.846381551928253,0.029776961334777204,nan,nan
2016 NC7,657218,MBO,MBO,21164732563076931,745297382559711248,20.425076,2.8994088,2.7576792,149.60672508226435,3.525956217168253,2025052300169,112,60819.0489575571,r,149.60673359129433,3.5259491384557653,36.88628387451172,6512.9,176.163,False,5911.87,1.17506,6547.28,174.357,False,-20.6523,46.7203,21.865563991265937,0.029367339251339237,21.970687789716596,0.00021580400045493304,21.859847749897078,0.028913641670027468,nan,nan
2016 NC7,657218,MBO,MBO,21164732563076931,745297382692356138,20.425076,2.8994086,2.7576861,149.60682733738506,3.525923490660342,2025052300170,109,60819.04948372305,r,149.60683575096442,3.5259153599647846,36.05482864379883,6356.86,174.084,False,6088.53,0.617188,6353.08,171.838,False,-44.7048,44.4028,21.891893406170787,0.02973312376496906,21.938718912620857,0.00011005995786162152,21.892539176289333,0.029366973637302427,nan,nan
2016 NC7,657218,MBO,MBO,21164732563076931,745297382828146737,20.425074,2.8994086,2.757693,149.60692901546548,3.525890950037671,2025052300171,112,60819.05000675553,r,149.6069362419133,3.525883604645403,35.77154541015625,6655.05,185.396,False,6255.16,0.675553,6655.99,183.607,False,-23.2873,41.3682,21.8421217250713,0.030246376974429435,21.909403915531847,0.00011725876841971461,21.841968309777165,0.02995027854546632,nan,nan
2016 NC7,657218,MBO,MBO,21164732563076931,745297383232372780,20.425072,2.899408,2.7577138,149.60723564265194,3.5257928257232503,2025052300174,115,60819.051583761844,r,149.60724697823892,3.5257847044992703,36.47384262084961,6973.44,189.778,False,6746.65,0.299441,7121.93,188.885,False,106.004,14.3796,21.791382337741315,0.029547661852021446,21.82727956425351,4.818894565326655e-05,21.768505721284278,0.02879546302896963,26.33669438893885,0.14728172699165898
2016 NC7,657218,MBO,MBO,21164732563076931,745297383366590541,20.42507,2.8994079,2.7577207,149.60733754033586,3.525760219733637,2025052300175,115,60819.05210794845,r,149.60734361159047,3.5257634700716776,33.408653259277344,6380.29,189.007,False,6138.26,1.26995,6606.23,187.888,False,167.675,23.4609,21.887898946025736,0.0321633884517723,21.929886841409893,0.00022462893081717314,21.850115778583213,0.030879458507023592,25.838829192707408,0.1519149984205193
2016 NC7,657218,MBO,MBO,21164732563076931,745297383521255490,20.42507,2.8994079,2.7577276,149.60743963878073,3.525727550751784,2025052300176,154,60819.05263225407,r,149.60744299925383,3.525726239112907,35.38648223876953,6557.83,184.131,False,6229.62,0.140014,6717.06,183.286,False,161.437,30.9393,21.85809960163413,0.03048534151665651,21.913846089627924,2.440249297409457e-05,21.832051921422668,0.029626092276316844,25.879992327733834,0.20808067221049695
2016 NC7,657218,MBO,MBO,21164732563076931,745297383657046018,20.425068,2.8994076,2.7577345,149.60754154905845,3.525694943232982,2025052300177,157,60819.053156911876,r,149.6075509949603,3.5256994243127324,35.59162902832031,6648.14,185.831,False,6199.98,0.745527,6748.6,183.195,False,127.159,27.9132,21.843249586491638,0.030348854510475153,21.919024282055165,0.00013055617753632718,21.826965765298784,0.029472994266160814,26.139132269457768,0.2383344714580681
2016 NC7,657218,MBO,MBO,21164732563076931,745297383923908649,20.425066,2.8994074,2.7577484,149.60774577786324,3.525629601373152,2025052300179,154,60819.05420634805,r,149.60775893831618,3.5256243250423154,35.57498550415039,6713.07,186.812,False,5917.2,0.790077,6807.46,186.143,False,9.84628,32.4393,21.83269708898124,0.030213978604539803,21.96970934271556,0.00014496977349162497,21.81753726086608,0.029688342106098938,28.916819534939336,3.5770385058882836
2016 NC7,657218,MBO,MBO,21164732563076931,745297384057602107,20.425066,2.8994074,2.7577553,149.6078475128474,3.5255970537439367,2025052300180,153,60819.05472985945,r,149.60785393024113,3.525596682165648,33.32072448730469,6454.88,188.43,False,6179.86,2.07544,6526.44,188.2,False,-7.53013,31.9942,21.875279587489672,0.03169466648870677,21.922553432542404,0.0003646329079643789,21.863309135409118,0.03130888390249216,nan,nan
2016 NC7,657218,MBO,MBO,21164732563076931,745297384193392643,20.425064,2.8994071,2.7577622,149.60794964332126,3.525564380874009,2025052300181,156,60819.05525411703,r,149.60796184270555,3.5255661005959835,33.039886474609375,6847.01,207.498,False,6216.67,0.261447,6817.53,204.625,False,12.7439,16.281,21.811247631787076,0.032903135809557775,21.916105477917824,4.566150215185933e-05,21.81593238997454,0.032587869492313536,28.636744087158107,1.3870848707171013
2016 NC7,657218,MBO,MBO,21164732563076931,745297384329707524,20.425064,2.8994071,2.7577689,149.60805080745507,3.5255320184268872,2025052300182,160,60819.05577405935,r,149.60806618145452,3.5255368626255015,31.10252571105957,6134.44,196.644,False,6010.73,0.278993,6263.97,199.143,False,11.3351,39.1676,21.930562702741636,0.03480407490160915,21.95268195342166,5.0395345221184275e-05,21.907875790034826,0.03451752857051739,28.76393659360732,3.75168100289155
2016 NC7,657218,MBO,MBO,21164732563076931,745297384593948733,20.425062,2.899407,2.7577827,149.60825510074275,3.5254666688301173,2025052300184,152,60819.056824495594,r,149.60825990106,3.525460881287153,35.673038482666016,6553.77,182.589,False,6218.66,0.481695,6548.05,180.693,False,1.2285,30.1912,21.858772006636833,0.030248771654120238,21.91575794077619,8.410070401900992e-05,21.859720064972667,0.029960817415269885,31.176562090374116,26.682685351567148
2016 NC7,657218,MBO,MBO,21164732563076931,745297384730263625,20.42506,2.8994067,2.7577896,149.60835647881828,3.525434241837773,2025052300185,156,60819.05734536407,r,149.60836716875835,3.525432026059347,35.39242172241211,6465.51,179.208,False,6168.7,0.29848,6454.41,178.462,False,-26.5217,34.0269,21.873493069971257,0.030093931144001683,21.92451584091841,5.253465666296865e-05,21.875358600221425,0.030020196420672506,nan,nan
2016 NC7,657218,MBO,MBO,21164732563076931,745297384819392571,20.425055,2.899406,2.757829,149.60893840939568,3.5252481298749405,2025052300186,70,60819.060335375776,i,149.60894138173137,3.5252412037546628,28.016368865966797,8085.96,285.505,False,7811.51,0.293342,7955.93,282.544,False,-134.48,19.0006,21.630671033707614,0.03833597024205102,21.66816254990584,4.0772146886809616e-05,21.648272592654187,0.038558440100806605,nan,nan
2016 NC7,657218,MBO,MBO,21164732563076931,745297384953610311,20.425053,2.8994057,2.7578359,149.60904022073922,3.525215573287709,2025052300187,70,60819.06085855108,i,149.6090328276472,3.5252069776811714,29.031158447265625,7966.19,271.671,False,7634.45,1.62537,7889.95,268.076,False,-150.855,30.814,21.64687335681736,0.037026863756001754,21.69305558438387,0.00023115260926632826,21.657314345578865,0.03688994219587537,nan,nan
2016 NC7,657218,MBO,MBO,21164732563076931,745297385087828072,20.425053,2.8994057,2.7578428,149.60914262283887,3.5251828291714498,2025052300188,70,60819.06138473396,i,149.60915154555178,3.525184424751751,27.260665893554688,7661.41,273.664,False,7277.65,0.99996,7608.86,269.388,False,-60.5842,82.1579,21.68922821733058,0.03878227483839556,21.745022100899366,0.0001491817819783588,21.6967010361884,0.03843996479275365,nan,nan
2016 NC7,657218,MBO,MBO,21164732563076931,745297385243017283,20.42505,2.8994055,2.7578497,149.60924464218644,3.525150208827175,2025052300189,110,60819.06190884062,i,149.60925774923314,3.525148444585594,26.877470016479492,7518.69,273.934,False,7350.94,1.1003,7583.35,268.497,False,-5.65629,79.2031,21.709644561015065,0.03955743001695924,21.734142813763462,0.00016251465882237396,21.700347234103724,0.03844170717263722,nan,nan
2016 NC7,657218,MBO,MBO,21164732563076931,745297385378283573,20.425049,2.8994055,2.7578566,149.60934686300385,3.525117525455407,2025052300190,112,60819.06243327331,i,149.6093521958961,3.5251139742829647,28.42786979675293,7564.24,259.955,False,7240.99,3.30639,7636.52,255.754,False,-36.7301,73.8993,21.703086716884172,0.03731274150261604,21.750505095585254,0.000495770228237208,21.692761263450237,0.03636229253846762,nan,nan
2016 NC7,657218,MBO,MBO,21164732563076931,745297385646719055,20.425047,2.899405,2.7578704,149.6095522985824,3.5250518451580035,2025052300192,112,60819.063488538115,i,149.6095631240297,3.525055293240353,28.224462509155273,7630.62,263.738,False,7432.02,2.25433,7664.5,257.891,False,-18.3182,76.9969,21.69360041706259,0.03752642615276662,21.722232822899247,0.00032933275273484526,21.688790428613608,0.03653227034231527,nan,nan
2016 NC7,657218,MBO,MBO,21164732563076931,745297385781985309,20.425047,2.899405,2.7578776,149.60965492929935,3.5250190349846555,2025052300193,114,60819.064015990574,i,149.60966282984833,3.5250146294110873,29.688472747802734,7896.32,261.06,False,7957.1,3.30589,7863.79,258.234,False,-35.972,35.3336,21.656438174440126,0.035895492745125414,21.648112946563295,0.0004510845041978307,21.66092022639792,0.03565380195165277,nan,nan
2016 NC7,657218,MBO,MBO,21164732563076931,745297385917251647,20.425045,2.8994048,2.7578845,149.60975776160572,3.524986161802833,2025052300194,116,60819.06454344802,i,149.60976169673165,3.524977499325186,29.398033142089844,7389.9,250.649,False,6988.13,1.27533,7435.32,248.304,False,-34.6472,44.7856,21.728403610425037,0.036825762166714154,21.789097579319872,0.00019814627378175368,21.72175086479318,0.03625837891140648,nan,nan
2016 NC7,657218,MBO,MBO,21164732563076931,745297386050945105,20.425045,2.8994048,2.7578914,149.60986001653353,3.524953474630832,2025052300195,115,60819.06506858168,i,149.60986690990114,3.524946855599884,30.517635345458984,7842.27,253.155,False,7199.01,2.09956,7909.03,250.568,False,-25.3681,54.9282,21.663895521139786,0.03504846771478695,21.75681809326236,0.00031665026226489017,21.654691972291293,0.03439748607881055,nan,nan
2016 NC7,657218,MBO,MBO,21164732563076931,745297386205610020,20.425043,2.8994045,2.7578983,149.60996266790255,3.5249206621770752,2025052300196,154,60819.06559514809,i,149.60996619948975,3.5249207050532467,30.47286033630371,7989.05,257.844,False,7960.71,0.537415,8055.6,254.394,False,32.3499,32.2127,21.643762178473644,0.03504178424994436,21.6476204969975,7.329634609595555e-05,21.634755253756495,0.03428729947819391,27.625317667472757,1.081131480752002
2016 NC7,657218,MBO,MBO,21164732563076931,745297386341400580,20.425041,2.8994045,2.7579052,149.610064741828,3.524888035746978,2025052300197,157,60819.06611941331,i,149.61007605190164,3.5248835922479316,31.17451286315918,7852.0,247.703,False,7570.12,1.19585,8028.84,244.728,False,98.2837,50.9083,21.662549272680074,0.03425116127204161,21.70224307343679,0.00017151348146482874,21.63836801284892,0.03309445095967977,26.418796266607853,0.5623819955720316
2016 NC7,657218,MBO,MBO,21164732563076931,745297386475618337,20.425041,2.8994043,2.7579122,149.6101670173961,3.524855346316076,2025052300198,157,60819.06664482081,i,149.6101781031267,3.5248496750974443,28.032804489135742,7683.49,265.768,False,7753.93,5.87504,7808.17,262.076,False,105.303,39.8315,21.686103640935904,0.03755506113703304,21.676195285343375,0.0008226465220571964,21.668626860238117,0.03644200782666064,26.34389812534741,0.41068632571457353
2016 NC7,657218,MBO,MBO,21164732563076931,745297386608263202,20.42504,2.8994043,2.757919,149.61026852055207,3.52482290520785,2025052300199,154,60819.067165975925,i,149.6102784955666,3.524825162014183,32.875003814697266,7831.93,235.008,False,7761.25,3.49767,7976.62,232.695,False,91.0479,50.357,21.665327982662475,0.03257903013812868,21.6751708178649,0.0004892957810880165,21.64545272632101,0.03167323884134567,26.501825198386864,0.6005016916500421
2016 NC7,657218,MBO,MBO,21164732563076931,745297386876174429,20.425037,2.8994038,2.7579327,149.6104725216147,3.524757709439794,2025052300201,153,60819.06821238123,i,149.61048357178643,3.5247521736705867,30.49984359741211,7698.39,251.696,False,7377.24,0.597372,7779.62,248.866,False,23.1503,50.1167,21.684000209093824,0.03549774095776419,21.730265184581427,8.791748439280804e-05,21.67260402328324,0.034732135933036444,27.98860848520085,2.3504454363597604
2016 NC7,657218,MBO,MBO,21164732563076931,745297387011964970,20.425035,2.8994038,2.7579396,149.61057482486615,3.524725017025845,2025052300202,156,60819.068737992246,i,149.61059006164018,3.524708175932653,29.152334213256836,7593.71,256.259,False,7429.2,2.67126,7573.97,252.829,False,-48.6141,38.6736,21.698864986508426,0.036639492216866215,21.722644846304842,0.00039038977907676533,21.70169101776152,0.03624328924290618,nan,nan
2016 NC7,657218,MBO,MBO,21164732563076931,745301777355636845,20.418322,2.8991754,2.7697847,149.7930795214494,3.467549795077048,2025052400145,56,60819.98026129721,i,149.79308688186816,3.4675412489146367,35.710845947265625,9733.49,270.627,False,10242.6,2.29136,9672.99,266.631,False,-27.4609,36.5632,21.429328506284087,0.03018748056288976,21.37397450959117,0.00024288876828052107,21.436098126699996,0.02992776132148273,nan,nan
2016 NC7,657218,MBO,MBO,21164732563076931,745301777493524572,20.418318,2.8991752,2.7697916,149.79318223048793,3.4675166520951084,2025052400146,63,60819.9807832778,i,149.79318865277205,3.467510095272368,35.588584899902344,9684.79,266.744,False,10493.2,0.410429,9716.19,263.083,False,-2.14583,33.1119,21.434774475272597,0.029903963229490307,21.347730103345867,4.2467275703888e-05,21.4312599548834,0.02939822438699197,nan,nan
2016 NC7,657218,MBO,MBO,21164732563076931,745301777629315073,20.418316,2.8991752,2.7697983,149.79328513941712,3.4674834447383938,2025052400147,66,60819.98130642876,i,149.79328887529405,3.46748001995259,39.915672302246094,9859.99,239.665,False,9917.49,0.894164,9824.79,234.502,False,-34.1361,71.1922,21.415308787991584,0.026390792895178018,21.40899554624447,9.789031628390114e-05,21.41919180488793,0.025914783856252316,nan,nan
2016 NC7,657218,MBO,MBO,21164732563076931,745301777764057121,20.418314,2.899175,2.7698052,149.7933880514584,3.467450236514025,2025052400148,67,60819.98182965605,i,149.79339780748217,3.467444302370801,38.81630325317383,9872.4,250.497,False,9642.41,0.614245,9861.21,248.414,False,-136.805,72.5404,21.413943098655714,0.027548888297449545,21.43953599752157,6.916403902882439e-05,21.415174485689757,0.027350809507921528,nan,nan
2016 NC7,657218,MBO,MBO,21164732563076931,745301777899323473,20.418312,2.899175,2.769812,149.79349116337517,3.46741696393877,2025052400149,69,60819.98235309965,i,149.79349635318368,3.467414623473738,42.55413055419922,10086.4,236.07,False,9733.58,0.831987,10038.3,232.273,False,-200.789,87.0009,21.390659490108167,0.025411419721911212,21.42931848457968,9.280433570110758e-05,21.395849594463883,0.025122501316013773,nan,nan
2016 NC7,657218,MBO,MBO,21164732563076931,745301778031968354,20.41831,2.8991747,2.7698188,149.79359408172564,3.467383753978792,2025052400150,66,60819.98287619607,i,149.79359972570907,3.467378248735112,42.94390106201172,10401.6,236.251,False,9709.0,0.43256,10387.3,232.509,False,-114.463,84.1776,21.357249669035568,0.024660271634203253,21.432063747281145,4.837223702779629e-05,21.35874333330414,0.0243030861623906,nan,nan
2016 NC7,657218,MBO,MBO,21164732563076931,745301778322423890,20.418304,2.8991745,2.7698326,149.79379992802532,3.4673173314611194,2025052400152,108,60819.98392289992,i,149.7938105094405,3.467305827494959,36.3840446472168,10075.6,268.655,False,9392.25,1.37485,10182.1,264.705,False,41.7819,71.2758,21.39182274775766,0.028949985119746877,21.46807589006667,0.0001589315082969133,21.380406646661967,0.02822598467185537,27.34752957575851,1.8521590018722192
2016 NC7,657218,MBO,MBO,21164732563076931,745301778436718763,20.418283,2.8991733,2.7698934,149.79471852558555,3.4670209280953244,2025052400153,70,60819.988589141874,i,149.79472103860957,3.467016951569219,39.839637756347656,9883.46,240.501,False,9362.35,0.625251,9800.94,239.349,False,-140.019,60.6927,21.41272748192852,0.026419963423706058,21.471537863643245,7.250932413649275e-05,21.421830626118624,0.02651478964459435,nan,nan
2016 NC7,657218,MBO,MBO,21164732563076931,745301778591383652,20.418282,2.899173,2.7699003,149.79482168059903,3.466987644305012,2025052400154,109,60819.98911337381,i,149.79482963646902,3.4669903260369157,41.35432434082031,9733.26,232.206,False,9061.75,0.482729,9707.64,229.631,False,-13.3023,64.6136,21.429354214557524,0.025902365737795245,21.506969808801415,5.783831371249982e-05,21.43221588307516,0.025682729879293265,nan,nan
2016 NC7,657218,MBO,MBO,21164732563076931,745301778727174161,20.41828,2.899173,2.7699072,149.7949252327808,3.46695423263786,2025052400155,112,60819.98963994597,i,149.79492263290706,3.4669530179714214,37.10406494140625,9307.91,248.875,False,8455.03,2.45512,9715.98,246.664,False,297.807,72.9776,21.47786954338193,0.029030426102441404,21.582212082654266,0.00031526945249395444,21.431283417232784,0.027564077311833895,25.215162720838514,0.2660596317199353
2016 NC7,657218,MBO,MBO,21164732563076931,745301778861391952,20.418278,2.8991728,2.7699142,149.79502800110737,3.466921074164689,2025052400156,112,60819.99016198833,i,149.79503509258032,3.4669163709418798,35.020320892333984,9519.27,268.136,False,8545.41,0.110082,9988.96,262.945,False,483.696,58.58,21.45349094067715,0.03058269830466159,21.570667718747465,1.3986457202540045e-05,21.40119931915961,0.028580444353438133,24.688568727824872,0.13149256344628787
2016 NC7,657218,MBO,MBO,21164732563076931,745301778997182467,20.418276,2.8991728,2.7699208,149.79513116665493,3.46688778781527,2025052400157,115,60819.990685411554,i,149.7951413959506,3.466888192448513,35.288902282714844,9789.34,274.036,False,8850.76,0.385251,10177.7,271.564,False,369.171,62.4673,21.42311648598843,0.030393348583177347,21.532548617646455,4.725932621440468e-05,21.380875865735586,0.028969890644682084,24.981931084541692,0.18371706204733082
2016 NC7,657218,MBO,MBO,21164732563076931,745301779129827337,20.418272,2.8991725,2.7699277,149.79523413894924,3.466854564116173,2025052400158,112,60819.99120829157,i,149.7952428068162,3.4668492715288544,33.852901458740234,9846.87,287.69,False,9019.11,2.27317,10055.0,284.944,False,165.81,68.787,21.416754476253608,0.03172129292661022,21.51209074829105,0.0002736481610974706,21.3940448126681,0.030768176767147958,25.850973217732914,0.450422412397448
2016 NC7,657218,MBO,MBO,21164732563076931,745301779263520839,20.41827,2.8991725,2.7699347,149.79533691799608,3.4668214030723186,2025052400159,111,60819.991730077396,i,149.79534522838242,3.466812289421148,34.09233474731445,9867.0,286.947,False,9107.73,0.259001,9847.25,282.939,False,4.49173,50.1787,21.414537179494204,0.03157481878372913,21.501474575595303,3.087561159362887e-05,21.416712590399282,0.031196233567918594,29.768965841652136,12.12914136917398
2016 NC7,657218,MBO,MBO,21164732563076931,745301779397738594,20.418268,2.8991723,2.7699416,149.7954402913347,3.466788050599827,2025052400160,111,60819.99225536175,i,149.79544526261705,3.4667879407118387,33.90427017211914,9907.26,284.067,False,9167.87,0.894195,9819.92,281.642,False,-108.836,52.3279,21.41011612444087,0.0311308897378496,21.494328870146646,0.00010589808702941423,21.419730134307983,0.0311396545753701,nan,nan
2016 NC7,657218,MBO,MBO,21164732563076931,745301779533529150,20.418266,2.8991723,2.7699482,149.7955434713995,3.4667547608102334,2025052400161,114,60819.99277955042,i,149.79554629028348,3.4667446448439208,36.53889083862305,9989.46,269.175,False,9179.61,0.193499,9953.08,266.819,False,-91.0469,49.89,21.401144973710405,0.02925613905105698,21.4929393824429,2.2886469100851118e-05,21.405106254433164,0.0291060703228066,nan,nan
2016 NC7,657218,MBO,MBO,21164732563076931,745301779668271228,20.418262,2.899172,2.7699552,149.79564567060473,3.46672178781173,2025052400162,115,60819.993298227986,i,149.79565128848432,3.466714114575054,38.96366882324219,9813.31,246.491,False,8927.57,0.0313254,9781.72,242.436,False,-41.5755,61.3408,21.420461251752684,0.02727155380289488,21.52316680167287,3.809672686182957e-06,21.423961962698908,0.026909536863781863,nan,nan
2016 NC7,657218,MBO,MBO,21164732563076931,745301779822411869,20.41826,2.899172,2.7699618,149.79574866117323,3.4666885598318897,2025052400163,153,60819.99382186806,i,149.79575389607518,3.4666834183621105,37.8245849609375,10086.4,264.321,False,9454.38,0.416152,10045.5,261.728,False,-67.5244,44.5194,21.390659490108167,0.028452459143291788,21.4609173786562,4.779068528521728e-05,21.395071105020346,0.02828804558787473,nan,nan
2016 NC7,657218,MBO,MBO,21164732563076931,745301779958202383,20.418259,2.8991718,2.7699687,149.79585126160703,3.466655458069433,2025052400164,156,60819.99434295512,i,149.79585962362353,3.4666553600978336,37.76652526855469,10015.4,262.882,False,8835.66,0.222812,10036.0,260.162,False,-82.8931,48.4843,21.398329210044032,0.028498160970978053,21.534402491593994,2.7379397538011675e-05,21.396098368393567,0.02814540541236788,nan,nan
2016 NC7,657218,MBO,MBO,21164732563076931,745301780227162114,20.418253,2.8991716,2.7699823,149.7960562766995,3.4665893155560954,2025052400166,157,60819.99538363117,i,149.79606755482124,3.4665846816397017,33.081459045410156,9604.72,285.848,False,9159.2,1.80726,9687.18,282.82,False,78.2815,27.1266,21.443788259198136,0.032312813152892556,21.49535612094165,0.00021423351506287346,21.434506611149846,0.031698381911723326,26.66585212832659,0.37623616504937507
2016 NC7,657218,MBO,MBO,21164732563076931,745301780360855572,20.418251,2.8991714,2.7699893,149.79615908539964,3.4665561476970783,2025052400167,156,60819.995905787044,i,149.79616830412235,3.466554297776921,33.541961669921875,9776.96,288.411,False,9150.96,2.1267,9962.97,287.694,False,67.7269,22.4385,21.424490408386433,0.03202818437068165,21.49633336213717,0.0002523270907652195,21.40402797331329,0.03135207679332479,26.82309703519623,0.3597136718781741
2016 NC7,657218,MBO,MBO,21164732563076931,745301780493500497,20.41825,2.8991714,2.769996,149.7962620948398,3.466522915460823,2025052400168,153,60819.99642804626,i,149.79627438122276,3.466521861639596,30.3076229095459,9806.2,320.515,False,8918.72,0.205489,9879.39,317.003,False,21.5093,13.3982,21.421248112001564,0.035487217132150445,21.524243709237684,2.5015568162745608e-05,21.413174713557133,0.034838348955962904,28.06843429601569,0.6763079551559549
2016 NC7,657218,MBO,MBO,21164732563076931,745301780630863874,20.418247,2.899171,2.7700028,149.7963641232401,3.466490000109551,2025052400169,159,60819.99694684725,i,149.79637398028794,3.4664806310042984,34.704307556152344,9811.86,281.337,False,9284.67,1.10078,9721.74,277.702,False,-59.1667,47.4411,21.420621603920296,0.031131483917426338,21.48058382799477,0.00012872366175966328,21.430639968718573,0.031014108972116195,nan,nan
2016 NC7,657218,MBO,MBO,21164732563076931,745301780759838781,20.418243,2.899171,2.7700098,149.7964671403939,3.466456766177564,2025052400170,149,60819.997469902744,i,149.79648337070157,3.466455145994781,37.10885238647461,10310.1,271.513,False,9559.78,0.635904,10312.4,270.338,False,-98.1475,39.7404,21.366842847074203,0.028592497246542985,21.448880224103227,7.22217447601024e-05,21.3666005833804,0.0284624099906457,nan,nan
2016 NC7,657218,MBO,MBO,21164732563076931,745301780899299411,20.418242,2.8991709,2.7700164,149.79656937351575,3.4664237855857483,2025052400171,159,60819.99798851295,i,149.79657395292705,3.4664193642157852,37.89635467529297,10425.7,270.453,False,9544.81,0.533648,10436.1,268.021,False,-90.2679,39.0523,21.354736919842637,0.02816507394854323,21.450581829618287,6.070325083003082e-05,21.353654460860486,0.02788399018661236,nan,nan
2016 NC7,657218,MBO,MBO,21164732563076931,745301781029847091,20.41824,2.8991709,2.7700233,149.79667259553062,3.466390486395173,2025052400172,152,60819.998512696766,i,149.79667664735993,3.4663845837157528,38.99922180175781,9886.59,252.087,False,9045.92,1.1191,9821.85,248.641,False,-77.2879,45.4045,21.41238370665753,0.027683963133005928,21.508868152806706,0.00013431993315172995,21.41951680000671,0.02748550970012876,nan,nan
2016 NC7,657218,MBO,MBO,21164732563076931,745301781118976064,20.418224,2.89917,2.7700663,149.79731999138642,3.4661816481190493,2025052400173,66,60820.00179829667,z,149.79730337848522,3.4661758921427928,15.801249504089355,10208.5,634.904,False,10069.4,8.64501,10134.8,631.506,False,-98.1749,31.0613,21.377595167207,0.06752590981371373,21.392490974756974,0.0009321508706984045,21.38546206404268,0.0676529305748465,nan,nan
2016 NC7,657218,MBO,MBO,21164732563076931,745301781253193791,20.418222,2.89917,2.7700732,149.79742324282304,3.466148342771071,2025052400174,66,60820.00232259649,z,149.79743533054892,3.4661381334391197,15.230871200561523,9575.01,628.379,False,9797.83,2.25256,9442.27,620.166,False,-79.7688,35.4341,21.447151936047202,0.07125359431041413,21.422175241749272,0.0002496150492122564,21.462309016787998,0.07131089553165082,nan,nan
2016 NC7,657218,MBO,MBO,21164732563076931,745301781388984323,20.418219,2.8991697,2.77008,149.79752649851528,3.4661150365454816,2025052400175,69,60820.002846007206,z,149.79753930947737,3.4661056748938677,14.869486808776855,8766.06,584.631,False,8156.46,4.43254,8713.07,582.206,False,-89.402,25.5421,21.542988955990996,0.07241053039704881,21.62124572842634,0.0005900315964048926,21.549571953234693,0.07254872315544983,nan,nan
2016 NC7,657218,MBO,MBO,21164732563076931,745301781523726409,20.418217,2.8991697,2.7700868,149.79762877302,3.466082047308945,2025052400176,70,60820.00336581418,z,149.7976546871506,3.466080470624602,17.250194549560547,10107.3,576.145,False,9786.1,7.69225,9971.94,574.069,False,-105.06,30.4369,21.388412129952467,0.061890071431941494,21.423475920044904,0.0008534303154533876,21.403050811365123,0.06250413035007069,nan,nan
2016 NC7,657218,MBO,MBO,21164732563076931,745301781678391368,20.418215,2.8991694,2.7700937,149.797731839956,3.466048802977674,2025052400177,109,60820.003888935134,z,149.79773616845102,3.466035494844347,19.464048385620117,10052.0,506.39,False,9571.94,8.34179,10194.8,503.29,False,-62.6757,145.369,21.394368800198652,0.05469617714204219,21.447500032130023,0.0009462014205358236,21.379053245110182,0.053599893498546235,nan,nan
2016 NC7,657218,MBO,MBO,21164732563076931,745301781792161923,20.418213,2.8991692,2.7701006,149.797835108152,3.466015494250477,2025052400178,70,60820.00441263528,z,149.7978438450029,3.4659904576550464,17.46422004699707,10119.9,574.624,False,9575.93,2.41387,9930.53,572.366,False,-76.66,26.8828,21.3870594055031,0.06164982680539473,21.4470476286331,0.0002736889516279215,21.40756890074568,0.06257858358813718,nan,nan
2016 NC7,657218,MBO,MBO,21164732563076931,745301781947875330,20.41821,2.8991692,2.7701073,149.79793798652327,3.4659823117868145,2025052400179,111,60820.00493446327,z,149.79794032413113,3.46597996321075,20.172122955322266,10587.6,527.389,False,10386.9,3.71747,10660.5,530.489,False,-78.8683,37.6687,21.338006226871883,0.05408263699992609,21.358785083003703,0.0003885848079806446,21.330556063754727,0.05402852852774119,nan,nan
2016 NC7,657218,MBO,MBO,21164732563076931,745301782082093113,20.418207,2.899169,2.7701142,149.79804086905983,3.465949128514307,2025052400180,111,60820.005456584026,z,149.79804892677174,3.465940323095986,18.867830276489258,10763.7,564.914,False,10557.6,4.47716,10629.9,561.596,False,-126.164,28.8597,21.32009601819757,0.05698296801617305,21.34108703095043,0.00046042801975197027,21.333677012728586,0.05736132007385201,nan,nan
2016 NC7,657218,MBO,MBO,21164732563076931,745301782216835085,20.418205,2.899169,2.770121,149.79814375597016,3.465915944374428,2025052400181,112,60820.00597883633,z,149.79812632075735,3.4659057581172013,16.50450325012207,9356.89,563.084,False,8535.72,6.69127,9392.38,558.528,False,-124.035,29.2861,21.472171230988238,0.06533802268978228,21.571899633913773,0.0008511237706204259,21.468060875826545,0.06456447620004531,nan,nan
2016 NC7,657218,MBO,MBO,21164732563076931,745301782351052892,20.418203,2.8991687,2.770128,149.79824704132554,3.465882632279303,2025052400182,112,60820.00650210535,z,149.79826391534897,3.465870831194012,17.757709503173828,10262.9,570.791,False,9673.12,2.80629,10262.9,566.824,False,-81.2483,27.7329,21.3718247155955,0.0603853148161545,21.436083548216843,0.0003149852912815237,21.3718247155955,0.059965632280761384,nan,nan
2016 NC7,657218,MBO,MBO,21164732563076931,745301782486843422,20.4182,2.8991687,2.7701347,149.79835013396823,3.4658493829021118,2025052400183,115,60820.00702511784,z,149.7983694775196,3.4658566878370953,15.50052261352539,10025.6,645.294,False,9545.9,0.422745,9902.8,639.403,False,-119.652,26.0153,21.397224109299245,0.06988300876786654,21.450457754284276,4.808237270285881e-05,21.41060500143049,0.07010370972427764,nan,nan
2016 NC7,657218,MBO,MBO,21164732563076931,745301782641508357,20.418198,2.8991685,2.7701416,149.7984526396343,3.465816323402859,2025052400184,154,60820.00754595589,z,149.7984448406364,3.465809924492051,19.001550674438477,10579.6,550.885,False,9666.77,6.9,10610.7,544.169,False,-99.4861,73.1743,21.338826920243914,0.056534823797212586,21.436796588616446,0.0007749827791132037,21.33563989064089,0.05568190419327046,nan,nan
2016 NC7,657218,MBO,MBO,21164732563076931,745301782775726117,20.418196,2.8991685,2.7701485,149.79855574093048,3.465783072383232,2025052400185,154,60820.00806811941,z,149.79856982336625,3.4657738867038708,18.076427459716797,10500.7,576.784,False,9754.21,11.3707,10475.9,573.419,False,-37.8681,31.5122,21.3469543521295,0.05963747709831304,21.427019750963247,0.0012656668848955806,21.349521599215613,0.05942990601984316,nan,nan
2016 NC7,657218,MBO,MBO,21164732563076931,745301782889496604,20.418192,2.8991683,2.7701552,149.79865786104352,3.4657501383836355,2025052400186,115,60820.0085868014,z,149.79866745852357,3.465758655828045,17.643396377563477,9526.76,533.612,False,9171.02,6.43816,9556.94,523.693,False,33.58,95.3222,21.452636965401197,0.06081415732280108,21.49395595412276,0.0007621991554935501,21.44920280256695,0.05949523773216262,27.58479821129176,3.082035578131904
2016 NC7,657218,MBO,MBO,21164732563076931,745301783023190081,20.41819,2.8991683,2.770162,149.79876077405564,3.465716949264971,2025052400187,114,60820.009108688195,z,149.7987635706838,3.465712775477032,17.070283889770508,9856.52,578.056,False,9664.9,8.59382,10212.0,577.792,False,107.611,30.5819,21.41569103293478,0.06367525153851528,21.437006543955313,0.0009654130637205968,21.377222984669466,0.061430638928446434,26.32035833139451,0.3085546610828976
2016 NC7,657218,MBO,MBO,21164732563076931,745301783157407810,20.418188,2.899168,2.7701688,149.79886369161417,3.465683759283896,2025052400188,114,60820.00963091398,z,149.79887380128574,3.465693418260149,20.486249923706055,10590.6,508.139,False,9902.0,14.5402,10697.6,496.562,False,122.918,121.877,21.337698626721142,0.052093832069569815,21.410692695011335,0.0015943063843566507,21.326784152364688,0.050397787701653936,26.1759612933895,1.076541035673891
2016 NC7,657218,MBO,MBO,21164732563076931,745301783312072757,20.418184,2.8991678,2.7701757,149.79896740225738,3.465650314159658,2025052400189,153,60820.01015619562,z,149.7989874827315,3.465657410795888,19.053443908691406,10316.6,532.718,False,9588.41,1.41137,10402.0,523.568,False,125.631,101.359,21.366158560607452,0.05606413552057857,21.445633491876986,0.00015981539427987134,21.357207876402967,0.05464879117773307,26.152257986753384,0.8759712182843796
2016 NC7,657218,MBO,MBO,21164732563076931,745301783448387588,20.418182,2.8991678,2.7701826,149.79907032883315,3.46561712250867,2025052400190,157,60820.010678378465,z,149.79907752384943,3.465606147561829,19.10942268371582,9751.48,502.785,False,9160.34,7.53837,9869.77,496.777,False,31.2715,107.352,21.42732361188205,0.05598041071145952,21.49522103484579,0.0008934910185945328,21.414232471029806,0.05464856921235575,27.662128228851174,3.72722611862617
2016 NC7,657218,MBO,MBO,21164732563076931,745301783578411071,20.41818,2.8991675,2.7701895,149.79917365422872,3.4655838028801,2025052400191,149,60820.01120266389,z,149.79917829934985,3.4655744678989997,21.976886749267578,10007.0,451.616,False,9290.86,2.1205,10004.2,444.564,False,-135.396,110.945,21.399240250537968,0.04899928439414928,21.47986016909679,0.00024780306993450664,21.399544065332243,0.048247657551063396,nan,nan
2016 NC7,657218,MBO,MBO,21164732563076931,745301783714201607,20.418179,2.8991675,2.7701964,149.79927718145868,3.465550418810284,2025052400192,152,60820.011727967314,z,149.79926706032236,3.4655521539791025,16.884201049804688,9444.64,553.815,False,8590.11,8.14963,9334.81,547.058,False,-133.999,38.4468,21.462036518834097,0.06366542517991397,21.565003142585212,0.0010300621927127438,21.474736343030166,0.06362857798049021,nan,nan
2016 NC7,657218,MBO,MBO,21164732563076931,745301783850516481,20.418175,2.8991673,2.770203,149.799379530062,3.4655174154513166,2025052400193,156,60820.012246618,z,149.79938402669532,3.4655178120442276,18.31226921081543,9158.22,491.442,False,8821.0,3.15149,9083.07,481.983,False,-176.321,115.436,21.4954723524224,0.05826201737462553,21.536205444805397,0.0003879023651164729,21.504418309758435,0.05761338149207943,nan,nan
2016 NC7,657218,MBO,MBO,21164732563076931,745301783986307089,20.418173,2.8991673,2.77021,149.79948286935084,3.465484093292875,2025052400194,159,60820.0127708697,z,149.79949551824913,3.4654878694184847,22.108352661132812,10593.5,479.601,False,10182.9,2.95619,10539.0,469.273,False,-158.877,122.071,21.337401322687718,0.04915468767188452,21.380321261226594,0.00031519925626678904,21.34300148872078,0.04834488064792664,nan,nan
2016 NC7,657218,MBO,MBO,21164732563076931,745301784116854805,20.41817,2.899167,2.770217,149.79958601602775,3.46545083391007,2025052400195,152,60820.01329302211,z,149.79958638215643,3.465438888210341,22.556825637817383,10515.9,459.195,False,9894.21,2.20489,10661.3,457.069,False,-47.0305,127.879,21.345383840744443,0.04741055220916248,21.411547194726168,0.0002419525079611089,21.33047460938274,0.046547453943605877,nan,nan
2016 NC7,657218,MBO,MBO,21164732563076931,745301784249499748,20.418167,2.899167,2.7702236,149.7996885756186,3.4654177645009505,2025052400196,149,60820.01381386521,z,149.799696691267,3.4654152255931745,22.94635009765625,10440.7,445.484,False,9599.89,1.66411,10433.3,434.237,False,11.6239,123.864,21.353175937059614,0.04632621451961891,21.444334397961,0.00018820887348443234,21.35394578206944,0.04518865945015683,28.73662029866062,11.569578434003878
2016 NC7,657218,MBO,MBO,21164732563076931,745301784385290320,20.418165,2.8991668,2.7702305,149.79979192882803,3.465384439880237,2025052400197,152,60820.014337399916,z,149.79979281083192,3.465387847553418,22.177888870239258,10502.4,468.176,False,9928.29,1.1204,10649.8,458.447,False,61.1747,141.041,21.346778572024807,0.04839994752876427,21.407813860268966,0.0001225245018869093,21.331646390078763,0.046738202143104056,26.9335703493585,2.5032131946831413
2016 NC7,657218,MBO,MBO,21164732563076931,745301784519508012,20.418163,2.8991668,2.7702374,149.79989508956368,3.465351178012611,2025052400198,152,60820.01486095751,z,149.79991236079377,3.4653538277354734,22.630081176757812,10368.7,453.363,False,9219.32,3.02162,10427.4,442.482,False,31.9813,149.673,21.360689206757428,0.047472934975711006,21.48825273950571,0.0003558486046699269,21.354559875320895,0.046072722205443215,27.63775970473531,5.081263040658318
2016 NC7,657218,MBO,MBO,21164732563076931,745301784669454374,20.41816,2.8991666,2.7702444,149.79999884687558,3.465317724499204,2025052400199,182,60820.015386180174,z,149.79999331428013,3.4653106525158623,24.27227020263672,10371.5,417.834,False,9991.26,0.519639,10523.6,408.22,False,96.5653,143.273,21.360396070789086,0.04374078171415123,21.400949373837854,5.6468443964009824e-05,21.344589209606028,0.04211669497924276,26.437947264995138,1.6108962313583994
2016 NC7,657218,MBO,MBO,21164732563076931,745301784937365560,20.418156,2.8991663,2.770258,149.80020538943765,3.465251133029397,2025052400201,181,60820.016433712604,z,149.80021034807928,3.4652461629777704,21.2645206451416,9314.38,426.996,False,8916.96,4.60771,9666.02,417.067,False,232.525,151.677,21.477115133840282,0.04977304175965887,21.524457958572796,0.0005610384553362329,21.43688082914184,0.04684707341390794,25.48382589588214,0.7082301549182717
2016 NC7,657218,MBO,MBO,21164732563076931,745301785071583240,20.418152,2.899166,2.7702649,149.80030935848154,3.465217613425727,2025052400202,181,60820.01696019084,z,149.8003120631891,3.465214670815273,25.90520668029785,10718.6,410.896,False,9777.04,3.35235,10984.3,401.702,False,150.668,150.761,21.324654879343395,0.04162154344854316,21.424481515707743,0.0003722770641984959,21.298069055018082,0.03970598109780279,25.95494744680616,1.0864063934227455
2016 NC7,657218,MBO,MBO,21164732563076931,745301785147080752,20.418148,2.899166,2.7702749,149.8004589089349,3.465169399693713,2025052400203,69,60820.01771853029,z,149.80045910149522,3.4651571901489775,19.862751007080078,9738.8,480.98,False,9563.83,8.94658,9686.27,477.203,False,-26.9937,146.069,21.428736404086422,0.053622358213120315,21.448420371642705,0.0010156627274693075,21.434608625982847,0.05348979559452742,nan,nan
2016 NC7,657218,MBO,MBO,21164732563076931,745301785281298477,20.418146,2.8991659,2.7702818,149.80056229801204,3.465136068893765,2025052400204,69,60820.01824204062,z,149.80056199907943,3.465146206955793,20.570125579833984,10342.2,499.799,False,10018.8,1.71998,10309.0,493.091,False,-42.2387,132.652,21.36346764946972,0.0524694814785335,21.397960753412665,0.00018639403875103205,21.366958650938898,0.05193197736457495,nan,nan
2016 NC7,657218,MBO,MBO,21164732563076931,745301785570705420,20.41814,2.8991656,2.7702956,149.8007694856937,3.4650692775618097,2025052400206,109,60820.0192924014,z,149.80077210408464,3.4650718235971154,23.15447998046875,10767.5,461.48,False,10131.0,0.0573514,11072.1,454.623,False,251.079,157.382,21.319712798913404,0.046533137283495306,21.385869211612313,6.146332101389114e-06,21.28942503942401,0.044580581159477446,25.40047404702418,0.6805640577593566
2016 NC7,657218,MBO,MBO,21164732563076931,745301785706496038,20.418139,2.8991654,2.7703023,149.80087308699626,3.4650358806544816,2025052400207,112,60820.01981795414,z,149.800865928314,3.4650359597457094,22.42264747619629,10952.0,480.917,False,10012.0,1.06776,11595.9,468.489,False,616.201,159.677,21.301266412185164,0.04767613129121176,21.398697897659535,0.0001157916180470094,21.239238809781845,0.043865113233140254,24.42569402285033,0.28134830233546465
2016 NC7,657218,MBO,MBO,21164732563076931,745301785818169421,20.418121,2.8991647,2.7703478,149.80155816668744,3.464815058638177,2025052400208,69,60820.023288582335,r,149.8015663534143,3.4648169889308083,41.749412536621094,8389.35,197.672,False,7878.57,2.19849,8401.19,197.29,False,-20.1113,15.2678,21.59067926717981,0.02558239361562024,21.658881529189003,0.00030297124202272556,21.589147927579226,0.025496968595105453,nan,nan
2016 NC7,657218,MBO,MBO,21164732563076931,745301785952387147,20.41812,2.8991644,2.7703547,149.80166160924043,3.464781719101948,2025052400209,69,60820.02381293694,r,149.8016652970315,3.4647759378822593,39.184906005859375,7905.37,201.294,False,7703.65,0.657254,8031.15,201.922,False,14.728,7.09123,21.655194480651588,0.027646041520218864,21.68325865561453,9.263199282737981e-05,21.63805566965228,0.027297961739242795,28.479640584319846,0.5227597242784708
2016 NC7,657218,MBO,MBO,21164732563076931,745301786087129181,20.418116,2.8991644,2.7703617,149.80176426735144,3.464748633230664,2025052400210,70,60820.024332603716,r,149.80177162999226,3.464742724884323,41.2965087890625,8379.79,202.835,False,8268.59,0.830711,8428.35,200.901,False,23.8664,8.16997,21.59191715689057,0.026280528432695894,21.606421375845805,0.00010907942383925253,21.585643645203355,0.025879976560271946,27.95553272291808,0.3716702908275499
2016 NC7,657218,MBO,MBO,21164732563076931,745301786241794090,20.418114,2.8991642,2.7703686,149.8018675227452,3.4647153557116863,2025052400211,109,60820.02485572451,r,149.80187389225551,3.4647072533206074,38.372825622558594,8446.42,218.57,False,7982.21,0.178641,8562.65,218.024,False,37.142,7.22567,21.583318327518207,0.028095852730641184,21.644692132222723,2.4298660295626142e-05,21.568479469188212,0.027645243208630266,27.47533683580567,0.21122103636090958
2016 NC7,657218,MBO,MBO,21164732563076931,745301786377584692,20.41811,2.8991642,2.7703753,149.80197019113635,3.4646822682291067,2025052400212,112,60820.025375670215,r,149.8019831532011,3.46467848171132,37.97399139404297,8601.28,224.421,False,7918.62,1.47181,8730.66,224.028,False,41.7522,7.04061,21.563592251453116,0.028328574672721304,21.6533762277505,0.00020180250620613528,21.547382291258124,0.02785989902182754,27.34830156141856,0.1830860363132345
2016 NC7,657218,MBO,MBO,21164732563076931,745301786510229557,20.418108,2.899164,2.7703822,149.80207385191903,3.464648861796689,2025052400213,109,60820.02590084262,r,149.80208461988283,3.4646505302523196,32.31689453125,8150.28,250.913,False,7602.09,0.710959,8231.99,251.733,False,43.3083,6.24313,21.62206870604458,0.03342527243591927,21.69766750520433,0.00010153970303195853,21.611237883624128,0.03320164700227386,27.308572158266998,0.15651485959874217
2016 NC7,657218,MBO,MBO,21164732563076931,745301786645495874,20.418106,2.8991637,2.770389,149.80217692554208,3.4646156454645034,2025052400214,111,60820.026422853975,r,149.80218945166197,3.4646155007381814,36.090877532958984,8844.75,244.778,False,8247.79,0.441634,8910.11,244.543,False,33.4403,5.94052,21.53328609517137,0.03004769344478354,21.609156008144154,5.8136545677442414e-05,21.525292293000437,0.029798641930219184,27.589324588066198,0.1928761833731597
2016 NC7,657218,MBO,MBO,21164732563076931,745301786781286422,20.418102,2.8991637,2.770396,149.8022802019326,3.4645823646755933,2025052400215,114,60820.026945783255,r,149.80229013835458,3.464575558131558,36.69708251953125,8434.14,229.471,False,7834.11,0.212626,8572.87,229.686,False,21.5281,6.81858,21.584898031054927,0.029540056896455117,21.66502585581444,2.94680244693113e-05,21.56718438994715,0.02908925570474678,28.067485792159218,0.34388448854229775
2016 NC7,657218,MBO,MBO,21164732563076931,745301786916028423,20.4181,2.8991635,2.7704027,149.80238289120132,3.464549273974514,2025052400216,115,60820.02746558065,r,149.80239237936436,3.4645437807651884,40.312110900878906,8660.1,212.649,False,7921.06,0.0467865,8747.86,213.615,False,23.1425,10.3953,21.556192781632983,0.026660284624068983,21.6530417345393,6.413004660857064e-06,21.545245396341915,0.02651271694136141,27.98897432257604,0.4876981099899268
2016 NC7,657218,MBO,MBO,21164732563076931,745301787050246197,20.418098,2.8991635,2.7704096,149.8024867706055,3.464515800672257,2025052400217,115,60820.027991999144,r,149.80249830480187,3.464509926489483,38.311180114746094,8610.02,223.91,False,8159.92,0.682781,8683.71,224.824,False,17.4409,6.71524,21.56248965844354,0.028235382823595435,21.620785258035216,9.084893456784649e-05,21.553236726421503,0.028110054707389965,28.296077720025146,0.41803914121054503
2016 NC7,657218,MBO,MBO,21164732563076931,745301787339128905,20.418093,2.8991632,2.7704234,149.8026935581841,3.464449169784451,2025052400219,154,60820.0290386908,r,149.8026971595724,3.4644432614830936,37.190185546875,8459.79,227.132,False,7765.62,1.66745,8521.4,226.822,False,-8.12379,6.80065,21.58160103862233,0.029150302623240133,21.67455964580782,0.00023313151484226377,21.573722570611274,0.02890004610814091,nan,nan
2016 NC7,657218,MBO,MBO,21164732563076931,745301787474919431,20.418089,2.899163,2.7704303,149.80279745379883,3.464415694043675,2025052400220,157,60820.029564888915,r,149.80280910391016,3.464419863906111,37.451881408691406,8220.6,218.847,False,7941.79,0.928551,8364.77,219.498,False,-5.57726,7.39545,21.61274125981605,0.02890423115416804,21.650203996933143,0.00012694385692738685,21.593865050885835,0.028490555032567897,nan,nan
2016 NC7,657218,MBO,MBO,21164732563076931,745301787741257764,20.418083,2.8991628,2.7704442,149.8030046688557,3.4643489310473417,2025052400222,153,60820.030613783456,r,149.80300588612738,3.4643528108513446,34.91339874267578,8466.02,239.669,False,7852.84,1.02656,8419.44,239.866,False,-56.447,6.43176,21.580801834840376,0.030736678127133432,21.66243314939889,0.00014193251423375011,21.586791928725482,0.0309321266359247,nan,nan
2016 NC7,657218,MBO,MBO,21164732563076931,745301787875475542,20.418081,2.8991625,2.7704508,149.80310759316578,3.464315771098535,2025052400223,153,60820.031134837554,r,149.80312115959038,3.4643124708640554,42.449153900146484,8587.5,198.646,False,8037.55,0.503523,8539.86,196.915,False,-64.9672,21.5921,21.565333124830982,0.02511524307298123,21.637190807382694,6.801738785734148e-05,21.57137307768079,0.02503527325611838,nan,nan
2016 NC7,657218,MBO,MBO,21164732563076931,745306225869586534,20.407948,2.898929,2.7826557,149.99427889666148,3.404019478055773,2025052500521,59,60820.97064975185,g,149.99429673459338,3.404022816735141,32.27777862548828,4752.23,145.766,False,4587.16,1.07862,4710.95,143.029,False,1.4096,5.42581,22.207756375437686,0.03330298224152424,22.246140241581216,0.0002552988556245633,22.217228717867208,0.032964001899113735,31.027260257345,4.179198442167056
2016 NC7,657218,MBO,MBO,21164732563076931,745306226003804229,20.407944,2.8989289,2.7826626,149.99438336387493,3.403985577740417,2025052500522,59,60820.97117170756,g,149.99440388025585,3.4039787358732303,28.532339096069336,4344.73,152.335,False,4210.69,0.0542269,4461.32,152.237,False,-17.6857,4.93312,22.305093023087988,0.038068103837254785,22.339116842836184,1.3982532772966131e-05,22.27634160457552,0.03704939986062612,nan,nan
2016 NC7,657218,MBO,MBO,21164732563076931,745306226432147475,20.40793,2.8989284,2.7826831,149.99469798274447,3.4038834818887054,2025052500525,108,60820.97274321155,g,149.99470449394994,3.4038824030379473,31.355600357055664,4609.65,146.429,False,4331.2,2.5897,4559.43,144.998,False,-5.20615,5.58716,22.24083014382194,0.0344892282542861,22.30847935497339,0.0006491805746350897,22.25272357698877,0.03452834528458798,nan,nan
2016 NC7,657218,MBO,MBO,21164732563076931,745306226545918021,20.407927,2.8989284,2.7826898,149.99480186043002,3.403849772970435,2025052500526,69,60820.97326288884,g,149.99480445477923,3.403846309439627,31.29053497314453,4620.26,146.381,False,4350.52,0.396698,4643.98,146.0,False,6.69356,5.30697,22.238334015868308,0.034398747229036866,22.303647071340478,9.900181516253981e-05,22.232774152776535,0.03413397270474163,29.335857078256822,0.8608228640696337
2016 NC7,657218,MBO,MBO,21164732563076931,745306226700583017,20.407923,2.8989282,2.7826967,149.9949065415002,3.40381580339444,2025052500527,108,60820.97378587482,g,149.99491478799982,3.4038107306369523,30.998525619506836,4516.64,144.93,False,4506.34,0.239895,4460.65,143.762,False,6.87995,5.24791,22.262961276177425,0.034839113907742504,22.26544014809733,5.7799166733031915e-05,22.27650465342184,0.03499212099776602,29.306036787620194,0.8281812909184094
2016 NC7,657218,MBO,MBO,21164732563076931,745306226836373521,20.407919,2.8989282,2.7827034,149.99501102517593,3.403781897928279,2025052500528,111,60820.9743077991,g,149.99501358896728,3.4037701804130376,31.133535385131836,4602.05,146.069,False,4345.94,0.0552875,4635.07,145.396,False,-10.7387,6.25277,22.242621713959878,0.034461252852229105,22.304790699235745,1.3812349025356369e-05,22.23485929778765,0.034058105481175535,nan,nan
2016 NC7,657218,MBO,MBO,21164732563076931,745306226969542722,20.407913,2.898928,2.7827103,149.99511511143726,3.4037481214877685,2025052500529,109,60820.97482747467,g,149.9951199313957,3.4037258562947788,30.468868255615234,4873.77,158.778,False,4678.16,0.0328014,4791.13,158.247,False,-43.4105,4.22002,22.18033741972323,0.03537118540589864,22.224812285632574,7.6127510179094956e-06,22.19890513921647,0.035860954493521065,nan,nan
2016 NC7,657218,MBO,MBO,21164732563076931,745306227104808987,20.40791,2.898928,2.782717,149.9952198009219,3.403714149370895,2025052500530,111,60820.97535075101,g,149.99522735655435,3.403703200593498,33.91157150268555,4842.59,141.367,False,4412.28,0.371602,4776.66,139.273,False,-47.3567,6.3042,22.187305782855166,0.03169528698108507,22.288342391249994,9.14406527939328e-05,22.202189140624334,0.03165679116054374,nan,nan
2016 NC7,657218,MBO,MBO,21164732563076931,745306227239026822,20.407906,2.8989277,2.782724,149.9953238928989,3.403680371227948,2025052500531,111,60820.97587058709,g,149.99533968597194,3.403663821145715,34.20589828491211,4562.34,133.13,False,4403.32,0.425493,4527.72,133.148,False,-70.8333,5.64721,22.25203091932302,0.03168200335599914,22.290549423729672,0.00010491474058601384,22.260301044271003,0.03192856269767141,nan,nan
2016 NC7,657218,MBO,MBO,21164732563076931,745306227375341613,20.407902,2.8989277,2.7827308,149.99542978939834,3.403646007603845,2025052500532,115,60820.97639929077,g,149.99543074363626,3.4036383125419034,35.13726043701172,4595.59,131.169,False,4381.34,0.121719,4539.65,131.116,False,-83.1725,7.04815,22.24414684755775,0.030989479909196753,22.295982647389472,3.0163085443528665e-05,22.25744409657032,0.03135867046350304,nan,nan
2016 NC7,657218,MBO,MBO,21164732563076931,745306227509559391,20.407898,2.8989275,2.7827375,149.9955342875209,3.403612097855352,2025052500533,115,60820.97692103904,g,149.99554299016978,3.403609161808238,35.1171989440918,4649.95,131.251,False,4358.67,0.84565,4546.34,130.069,False,-78.1819,7.17333,22.2313792468164,0.0306463433611528,22.301615046161956,0.0002106497754480534,22.255845258555304,0.031062487085275422,nan,nan
2016 NC7,657218,MBO,MBO,21164732563076931,745306227641679981,20.407894,2.8989272,2.7827444,149.99563938924825,3.4035779923451743,2025052500534,111,60820.977446518904,g,149.9956470207046,3.4035683616119714,36.660499572753906,4659.4,125.937,False,4438.72,0.0469957,4601.92,125.331,False,-68.9645,7.22102,22.229175034392455,0.02934591566315149,22.281855572319962,1.1495415309582056e-05,22.24265235692723,0.02956948577556473,nan,nan
2016 NC7,657218,MBO,MBO,21164732563076931,745306228045906050,20.40788,2.898927,2.782765,149.99595231009533,3.403476450266377,2025052500537,114,60820.979009012066,g,149.99595872418806,3.4034780122352286,35.6439208984375,4580.54,127.266,False,4358.4,1.81286,4552.66,125.764,False,-52.8589,8.42736,22.24770829071162,0.030166159753498276,22.301682309585807,0.0004516078821007939,22.254336918471715,0.02999269071324794,nan,nan
2016 NC7,657218,MBO,MBO,21164732563076931,745306228201095191,20.407877,2.8989267,2.7827716,149.99605602250506,3.403442796105392,2025052500538,154,60820.97952775342,g,149.9960695953221,3.403437141641959,33.638614654541016,4629.32,135.627,False,4260.04,0.24546,4568.14,134.52,False,-48.1666,6.76479,22.236207035569826,0.03180923950847495,22.32646579762924,6.255922721395184e-05,22.2506514542927,0.031972145015616286,nan,nan
2016 NC7,657218,MBO,MBO,21164732563076931,745306228331118735,20.407873,2.8989267,2.7827785,149.99616174014147,3.4034084914126783,2025052500539,146,60820.98005534505,g,149.99617193342382,3.4034052857952988,29.7513370513916,4599.6,153.336,False,4341.66,1.6734,4592.72,151.897,False,-53.1246,5.40076,22.243199813693288,0.03619498251319514,22.305860434954788,0.00041847379755834585,22.244825026696063,0.0359090186262732,nan,nan
2016 NC7,657218,MBO,MBO,21164732563076931,745306229386510370,20.407812,2.8989248,2.7828774,149.99767779128652,3.402916565214881,2025052500547,111,60820.987625629394,u,149.9977568090706,3.402963752264733,5.425898551940918,1595.25,284.949,False,1758.69,20.8786,1480.33,277.227,False,-62.5707,22.9883,23.392928116763926,0.1939379102812367,23.28702680073907,0.012889509677855966,23.474103680900235,0.20332992551582538,nan,nan
2016 NC7,657218,MBO,MBO,21164732563076931,745306229925478433,20.407791,2.898924,2.7829094,149.99816961058966,3.402756992150999,2025052500551,115,60820.99008081766,u,149.9981030611355,3.402749624456146,5.153439521789551,1584.01,300.683,False,1679.31,9.25619,1681.71,292.072,False,165.14,20.6439,23.400605195799013,0.2060987192957922,23.337172776771574,0.0059844701551084725,23.335622258601383,0.1885658896922155,25.85536930336311,0.13572623005198714
2016 NC7,657218,MBO,MBO,21164732563076931,745306230751232033,20.407763,2.8989232,2.7829576,149.9989093939559,3.402516980087006,2025052500557,154,60820.9937722632,u,149.99887881443766,3.402437846862946,5.223509788513184,2042.29,371.194,False,2846.53,30.7516,2202.39,365.977,False,234.48,14.3443,23.12470645212181,0.19733669427240833,22.76421057566205,0.011729412800452163,23.042764486791558,0.18041967465196826,25.474735506207253,0.0664198499612952
2016 NC7,657218,MBO,MBO,21164732563076931,745306230975103030,20.40773,2.8989222,2.783008,149.99968083849978,3.402266717027603,2025052500559,69,60820.99762132482,r,149.99966959309194,3.40227918836264,13.753293991088867,8090.74,587.397,False,7966.98,2.07664,7994.86,592.612,False,677.72,4.66767,21.630029355735203,0.07882568730467684,21.646765685334756,0.00028300348677587204,21.642972860794067,0.08047924719719945,24.32237429151312,0.007477805411656916
2016 NC7,657218,MBO,MBO,21164732563076931,745306231109320793,20.407726,2.8989222,2.7830148,149.99978547792566,3.4022327729641537,2025052500560,69,60820.99814325482,r,149.9997749073987,3.402192376830789,17.45768165588379,7974.03,451.671,False,8784.82,2.44253,7963.17,458.29,False,692.139,4.6595,21.64580536615834,0.06149908636963223,21.54066779318717,0.00030187790614923647,21.647285042486033,0.06248542470370568,24.29951673312756,0.007309208332932088
2016 NC7,657218,MBO,MBO,21164732563076931,745306231264509955,20.407722,2.898922,2.7830217,149.99989032187594,3.4021987630231894,2025052500561,109,60820.998666450614,r,149.99988764073507,3.402201762022074,28.239526748657227,7199.01,254.364,False,6840.17,1.13593,7955.17,255.731,False,645.639,5.32732,21.75681809326236,0.03836252641062367,21.81233277376402,0.00018030550093445732,21.648376348546165,0.03490263704661262,24.375025648134766,0.008958666547839837
2016 NC7,657218,MBO,MBO,21164732563076931,745306231399776273,20.407719,2.898922,2.7830286,149.9999955708316,3.4021646221843014,2025052500562,111,60820.99919193251,r,149.99999783261362,3.402156586073445,29.326011657714844,8060.38,273.084,False,7553.69,0.135916,9011.82,275.102,False,797.375,5.01261,21.634111223923554,0.03678451961573352,21.704602114398696,1.9536003904789544e-05,21.512968690747044,0.033144046364754196,24.145843462103706,0.006825360855853299
2016 NC7,657218,MBO,MBO,21164732563076931,745306231532421177,20.407713,2.8989217,2.7830353,150.00010062344904,3.4021305455227795,2025052500563,108,60820.99971589072,r,150.00009728299634,3.402131546767576,25.443958282470703,7608.73,298.69,False,7130.85,1.53476,8280.06,301.331,False,600.158,5.20907,21.6967195698029,0.04262190279880977,21.76714673262355,0.0002336810440511019,21.604916346756113,0.039512513967546736,24.454335964928237,0.00942364498479717
2016 NC7,657218,MBO,MBO,21164732563076931,745306231668211783,20.40771,2.8989217,2.7830422,150.00020568008534,3.402096468054574,2025052500564,111,60821.000239021814,r,150.00021437343307,3.4020874672584736,26.06183433532715,7625.6,292.59,False,7079.43,1.10091,7782.75,292.775,False,561.673,5.06646,21.694314934429755,0.041659088872459345,21.77500424330139,0.00016884096027813475,21.67216729968569,0.04084371343307358,24.52629118209582,0.00979366901054133
2016 NC7,657218,MBO,MBO,21164732563076931,745306231804002312,20.407705,2.8989215,2.783049,150.00031094140886,3.402062324698826,2025052500565,114,60821.000764293705,r,150.00031523661747,3.4020604736753084,29.687206268310547,7437.29,249.675,False,7186.83,1.6049,8040.37,251.127,False,435.127,5.67205,21.7214632039698,0.03644892007876578,21.758656558167388,0.00024245710817794505,21.636809897981944,0.03391108502786738,24.80345988349139,0.014152994043029712
2016 NC7,657218,MBO,MBO,21164732563076931,745306231937171541,20.4077,2.8989215,2.783056,150.000416206911,3.402028180504356,2025052500566,112,60821.00128955838,r,150.00043076635703,3.4020297715513035,17.618438720703125,7924.39,448.892,False,7704.51,2.22025,8116.35,458.249,False,339.536,5.06389,21.652585378122325,0.061503571399450126,21.68313747505609,0.00031288242391872283,21.626598070003283,0.06130064824960967,25.0727853955997,0.01619282937477846
2016 NC7,657218,MBO,MBO,21164732563076931,745306232072437792,20.407696,2.8989213,2.7830627,150.00052067453998,3.4019942956295006,2025052500567,114,60821.00181050827,r,150.00053110261842,3.402001211258497,31.896442413330078,7917.44,245.39,False,7469.19,0.879859,8204.0,247.364,False,242.3,5.57667,21.653538055827852,0.03365087813670173,21.71681624079408,0.0001278980380739227,21.614935870759176,0.03273671975022183,25.439116450981434,0.02498882636863228
2016 NC7,657218,MBO,MBO,21164732563076931,745306232206655584,20.407692,2.8989213,2.7830696,150.0006257478689,3.401960214821929,2025052500568,114,60821.00233476552,r,150.0006358722323,3.4019671617377463,34.89826965332031,8062.19,228.562,False,7749.81,0.573981,8181.88,228.202,False,119.426,5.75339,21.633867435721342,0.030780474832759145,21.67677235390051,8.041383386110373e-05,21.61786725153882,0.030282425608870702,26.207252761034674,0.05230572499659387
2016 NC7,657218,MBO,MBO,21164732563076931,745306232496062552,20.407682,2.898921,2.7830832,150.00083450360037,3.401892505970841,2025052500570,154,60821.003375144894,r,150.00083542064976,3.401898656014973,33.9586296081543,7475.39,218.869,False,7196.3,0.135253,7484.28,215.359,False,3.88285,5.61951,21.71591534202297,0.03178884267329898,21.757226879572052,2.0406192061702396e-05,21.7146249640477,0.031241891405481184,29.927123485447066,1.5713472722343496
2016 NC7,657218,MBO,MBO,21164732563076931,745306232609308769,20.407679,2.8989208,2.78309,150.00093958966005,3.401858422675802,2025052500571,114,60821.00389933289,r,150.00094369800865,3.401848359250655,36.778499603271484,7905.87,212.474,False,7165.69,0.0434336,7724.26,210.609,False,-48.1625,6.69505,21.65512581202161,0.029179674076350418,21.761854969091242,6.581003575621452e-06,21.680357823482083,0.029603588727182877,nan,nan
2016 NC7,657218,MBO,MBO,21164732563076931,745306232894521351,20.407671,2.8989205,2.7831037,150.00114957431305,3.4017903185954235,2025052500573,146,60821.00494649089,r,150.0011570957147,3.401797858862365,32.89816665649414,7889.26,236.589,False,7456.73,0.372794,7897.29,236.672,False,-25.9513,6.9107,21.657409359779308,0.032559866892785595,21.718628957720476,5.4280622507189624e-05,21.656304779048867,0.032538168738975776,nan,nan
2016 NC7,657218,MBO,MBO,21164732563076931,745306233028739150,20.407665,2.8989203,2.7831106,150.00125447275306,3.401756297875076,2025052500574,146,60821.00546957778,r,150.00126240071333,3.401755011008638,26.803661346435547,7518.33,278.865,False,7046.39,0.346236,7526.07,280.807,False,-4.16278,5.69206,21.709696528305493,0.040271418385569475,21.78008328738398,5.3349437514620684e-05,21.70857939191647,0.040510165463843464,nan,nan
2016 NC7,657218,MBO,MBO,21164732563076931,745306233168199707,20.407661,2.8989203,2.7831175,150.00135817224094,3.4017226665803046,2025052500575,156,60821.00598691785,r,150.00135550452418,3.4017275979844857,28.87489891052246,8430.28,291.831,False,8185.77,0.306274,8483.2,292.905,False,9.27142,5.25636,21.585394966408508,0.0375849278080634,21.617351152724176,4.062327259877442e-05,21.57860070987011,0.03748792370891388,28.982134417405526,0.61554979800135
2016 NC7,657218,MBO,MBO,21164732563076931,745306233434538008,20.407652,2.89892,2.7831311,150.00156839226577,3.4016544908890007,2025052500577,152,60821.00703421028,r,150.00157967824873,3.4016491697474294,25.569400787353516,7839.45,307.197,False,7531.62,0.606995,7890.66,310.22,False,-15.4972,5.60774,21.664285986629082,0.042545699861048974,21.707778983046374,8.750261201873614e-05,21.657216652235306,0.04268553962479855,nan,nan
2016 NC7,657218,MBO,MBO,21164732563076931,745306233567182857,20.407648,2.8989198,2.783138,150.00167330839375,3.40162046684339,2025052500578,149,60821.00755743646,r,150.00169074234083,3.4016242932132155,23.555152893066406,8193.26,346.264,False,8007.94,1.12276,8343.62,352.109,False,-29.8699,5.27016,21.61635818926152,0.045885444887140386,21.641197981683252,0.0001522265716961656,21.596613693610138,0.04581914007281648,nan,nan
2016 NC7,657218,MBO,MBO,21164732563076931,745306233706643473,20.407644,2.8989198,2.7831447,150.0017778277523,3.4015865720913108,2025052500579,159,60821.00807812068,r,150.00177591068777,3.401585925666197,26.061861038208008,7573.17,288.714,False,7359.4,1.27617,7749.89,290.267,False,-46.5534,4.98454,21.701805746620373,0.04139181270077022,21.732893993275162,0.00018827404509364542,21.67676113513906,0.04066552990188007,nan,nan
2016 NC7,657218,MBO,MBO,21164732563076931,745306235179892770,20.407574,2.8989177,2.7832537,150.00344453664692,3.4010461630675657,2025052500590,153,60821.01638391444,i,150.00343736498252,3.4010579361774367,9.663736343383789,8524.0,888.246,False,8780.9,23.0331,7806.34,910.887,False,-81.6658,7.94507,21.573391397394587,0.11313946623453787,21.5411523734947,0.0028479847856692797,21.668881364813256,0.12668972144639792,nan,nan
2016 NC7,657218,MBO,MBO,21164732563076931,745306236251537456,20.407507,2.8989158,2.7833548,150.00499494399796,3.40054363676373,2025052500598,149,60821.02410394958,i,150.00495524678072,3.40055592107034,10.39708137512207,9224.89,884.77,False,10085.9,10.6696,10363.8,910.848,False,202.017,7.54749,21.48759705082505,0.10413423679841473,21.39071331323012,0.0011485707824463926,21.361202461947883,0.09542259534682368,25.636530215574048,0.040563830507282364
2016 NC7,657218,MBO,MBO,21164732563076931,745306236387328059,20.407503,2.8989155,2.7833617,150.00510062108873,3.400509390926296,2025052500599,152,60821.02462903415,i,150.00506993053045,3.4005198965743837,10.475253105163574,9283.54,879.276,False,8997.15,32.6829,9647.11,893.993,False,205.591,8.74947,21.480715962937317,0.10283380954013797,21.514737550176733,0.003944027352655931,21.439006884076875,0.10061464115702619,25.617489734544762,0.04620638028788319
2016 NC7,657218,MBO,MBO,21164732563076931,745306236805185560,20.40749,2.8989153,2.7833822,150.00541587594282,3.40040723453721,2025052500602,181,60821.02619863588,i,150.00543438022677,3.400399832786262,8.755234718322754,9882.32,1118.49,False,10728.4,3.87187,10205.4,1145.24,False,761.774,8.29327,21.41285268392445,0.12288460995551519,21.323662566779518,0.00039184121867692247,21.377924879616735,0.12184024858804753,24.195434654453436,0.011820177337733726
2016 NC7,657218,MBO,MBO,21164732563076931,745306237073096772,20.40748,2.898915,2.783396,150.00562647431556,3.4003389960697734,2025052500604,180,60821.02724621368,i,150.00562058504326,3.400399001932522,5.878222465515137,11697.7,1957.54,False,11099.0,397.747,11459.8,1999.11,False,734.473,8.36803,21.229748783810166,0.1816914485058762,21.28679037151216,0.03890876009610592,21.25205742286724,0.1894017457008162,24.23506037855265,0.01237005637417267
2016 NC7,657218,MBO,MBO,21164732563076931,745306237840654434,20.407452,2.898914,2.7834404,150.00630604284962,3.400118827208724,2025052500610,108,60821.030627249565,i,150.00632183303782,3.4001492915810942,10.221742630004883,9532.89,939.683,False,9729.88,17.629,9288.53,945.361,False,306.71,8.44837,21.451938585721138,0.10702398471989455,21.42973130286296,0.0019671818634388926,21.48013249774788,0.11050323990635956,25.18318019027587,0.02990675691654942
2016 NC7,657218,MBO,MBO,21164732563076931,745306238112235558,20.407442,2.8989139,2.7834542,150.00651713556522,3.40005044506738,2025052500612,114,60821.03167765079,i,150.00646902194345,3.400045228396454,8.739944458007812,8707.71,1009.22,False,9188.65,61.4461,5987.7,1031.22,False,192.512,7.03735,21.550240112508156,0.12583637554222693,21.491870680442986,0.007260506250570853,21.95684988237099,0.18698879715763161,25.688855522417928,0.039689505772032715
2016 NC7,657218,MBO,MBO,21164732563076931,745306238380671045,20.407433,2.8989136,2.7834678,150.00672724524998,3.399982385427049,2025052500614,114,60821.032722705946,i,150.00672810336002,3.399995855445665,11.301188468933105,9123.99,803.773,False,8571.88,3.13022,8784.59,812.523,False,-32.3475,7.5623,21.49953797057728,0.09564734674443377,21.567309808318758,0.00039648165399378124,21.54069627772521,0.10042422755336473,nan,nan
2016 NC7,657218,MBO,MBO,21164732563076931,745319361513783359,20.355553,2.8981946,2.821565,150.62379419784614,3.202743678489834,2025052800085,104,60823.970929467236,i,150.62380396065515,3.202746312708762,27.082992553710938,9161.48,335.856,False,9044.86,0.431877,8998.77,329.932,False,-8.26247,8.36483,21.495085849821702,0.039802628681072934,21.508995335143087,5.184209183996671e-05,21.514542177046657,0.03980756743311377,nan,nan
2016 NC7,657218,MBO,MBO,21164732563076931,745319361651671089,20.355543,2.8981946,2.8215718,150.62390349449916,3.2027076164809247,2025052800086,111,60823.971449116994,i,150.62391572150656,3.202707874456912,26.797264099121094,9240.27,342.453,False,9335.2,2.22668,9277.36,342.985,False,-34.2621,8.31097,21.485788401433673,0.040238395909497404,21.474690910198543,0.00025897539266962326,21.48143893548278,0.0401397813788606,nan,nan
2016 NC7,657218,MBO,MBO,21164732563076931,745319361785888824,20.355534,2.8981943,2.8215785,150.62401363474982,3.202671276285552,2025052800087,111,60823.971973280684,i,150.6240312331889,3.2026550984345543,25.062597274780273,9076.22,362.302,False,9385.46,2.85819,9005.41,359.729,False,-71.728,7.15843,21.50523749701884,0.043340114323768136,21.46886109673762,0.0003306434038150973,21.513741255545447,0.04337068458470238,nan,nan
2016 NC7,657218,MBO,MBO,21164732563076931,745319361921679378,20.355524,2.8981943,2.8215854,150.6241237780811,3.2026349352389563,2025052800088,114,60823.9724977966,i,150.62413462048949,3.20262294413133,30.238832473754883,9674.54,318.711,False,9128.49,1.07028,9560.0,315.083,False,-81.8996,10.2521,21.435924184182333,0.03576770250234723,21.49900261177728,0.00012729834479447056,21.448855269309746,0.03578420806340165,nan,nan
2016 NC7,657218,MBO,MBO,21164732563076931,745319362076344373,20.355515,2.898194,2.8215923,150.62423455499433,3.202598385321778,2025052800089,153,60823.97302420653,i,150.62424100375986,3.20259801500092,27.850250244140625,9132.44,321.816,False,9265.03,1.59432,9007.77,320.956,False,-71.472,8.63712,21.498532879953373,0.03826001335551211,21.482882893219596,0.0001868327419068005,21.51345683503589,0.038685885693848635,nan,nan
2016 NC7,657218,MBO,MBO,21164732563076931,745319362190114865,20.355505,2.8981938,2.821599,150.62434491445302,3.2025619733243915,2025052800090,114,60823.97354942407,i,150.6243515826719,3.202568845450204,27.92424774169922,9918.8,349.03,False,9919.07,4.98595,9848.2,345.482,False,-41.8152,8.51979,21.4088521879955,0.03820568150213892,21.408822577949262,0.0005457594564922726,21.41660782900079,0.03808841232118703,nan,nan
2016 NC7,657218,MBO,MBO,21164732563076931,745319362341109827,20.355495,2.8981938,2.821606,150.62445464647425,3.2025257685348167,2025052800091,146,60823.97407135773,i,150.62446250148778,3.202528319340797,28.07855796813965,9417.6,332.094,False,9348.63,3.84706,9460.4,333.047,False,-7.4491,10.036,21.46514944398558,0.03828645172622068,21.473130084566165,0.00044679191907045173,21.46022620662784,0.03822260873477933,nan,nan
2016 NC7,657218,MBO,MBO,21164732563076931,745319362476900367,20.355486,2.8981936,2.8216126,150.62456480191082,3.20248942424511,2025052800092,149,60823.97459561535,i,150.62456752789777,3.202472019844152,26.2967586517334,9185.79,346.092,False,8703.96,0.178392,9186.67,346.465,False,0.383504,8.39835,21.492208713841798,0.040907164694307614,21.550707788595407,2.2252704097679588e-05,21.49210471898991,0.0409473284013087,32.440575245544984,23.77652467417985
2016 NC7,657218,MBO,MBO,21164732563076931,745319362613215282,20.355476,2.8981936,2.8216195,150.62467454009646,3.202453217830401,2025052800093,153,60823.975117617665,i,150.62468352658675,3.2024510755444595,28.307262420654297,9645.92,338.234,False,9400.47,1.11641,9563.38,335.483,False,-6.85944,7.69926,21.439140869520763,0.03807132051655896,21.467126112129144,0.00012894321348657677,21.448471481381247,0.03808758467192212,nan,nan
2016 NC7,657218,MBO,MBO,21164732563076931,745319362745335831,20.355467,2.8981934,2.8216262,150.624783860825,3.2024171493652918,2025052800094,149,60823.97563737584,i,150.62479603832585,3.2024059675137844,29.41693115234375,9334.21,315.087,False,9087.03,1.21273,9323.48,314.224,False,-3.01312,10.1002,21.47480608612581,0.03665027582162168,21.503945062732974,0.00014489936561854072,21.476054836549096,0.03659195439805207,nan,nan
2016 NC7,657218,MBO,MBO,21164732563076931,745319362879553579,20.355457,2.8981934,2.821633,150.6248940257394,3.2023808026029355,2025052800095,149,60823.97616159748,i,150.6249019195258,3.2023805789204207,28.401275634765625,10207.6,356.221,False,9909.27,1.597,10259.0,355.445,False,47.2575,7.73487,21.377690933462,0.03788961757986561,21.409895896642453,0.00017497967096736386,21.37223742546005,0.037617654084454895,27.213823149494313,0.17770784331821712
2016 NC7,657218,MBO,MBO,21164732563076931,745319363015344148,20.355446,2.8981931,2.8216398,150.6250037732477,3.2023445937909765,2025052800096,152,60823.97668360425,i,150.6250016852037,3.2023478909474554,26.707763671875,10010.7,373.369,False,9814.93,5.09488,10116.9,373.783,False,70.9803,7.67945,21.398838862164478,0.040494692692486525,21.42028201816303,0.0005636001442710461,21.387381314946527,0.04011403777396755,26.772155409752884,0.11746719624492229
2016 NC7,657218,MBO,MBO,21164732563076931,745319363149561891,20.355436,2.8981931,2.8216467,150.6251137342514,3.2023083147856704,2025052800097,152,60823.97720658222,i,150.6251177408243,3.202311100389424,27.031658172607422,9093.77,334.534,False,8599.95,1.80177,9125.85,333.83,False,67.4186,10.5335,21.503140141429846,0.03994115647679244,21.56376015967119,0.0002274718860752447,21.4993167312919,0.039716992737101664,26.828050643421992,0.16963570392737184
2016 NC7,657218,MBO,MBO,21164732563076931,745319363281682459,20.355427,2.898193,2.8216536,150.62522474974244,3.2022716881347817,2025052800098,148,60823.97773406464,i,150.62521810375154,3.202274763763538,25.83926773071289,9198.23,355.47,False,9055.04,8.37808,9248.14,353.673,False,33.5015,8.33039,21.49073928260716,0.041958793198533795,21.507774062517417,0.001004565981234279,21.484864052388907,0.04152138698689833,27.587339395146156,0.26997615687940424
2016 NC7,657218,MBO,MBO,21164732563076931,745319363415900211,20.355417,2.898193,2.8216603,150.62533471726152,3.202235407498848,2025052800099,148,60823.9782570753,i,150.62536221934624,3.2022132950202633,25.688447952270508,9555.32,369.339,False,9561.56,1.1155,9549.22,368.258,False,-19.152,7.56018,21.449386874970983,0.041966642598197136,21.448678162212424,0.00012666748541481139,21.450080283682645,0.0418705454444965,nan,nan
2016 NC7,657218,MBO,MBO,21164732563076931,745319363550117937,20.355408,2.8981926,2.8216672,150.6254444778366,3.202199195409039,2025052800100,148,60823.978779000485,i,150.62544407112554,3.2022087172863336,25.997724533081055,9350.53,358.919,False,8855.29,0.0689505,9228.76,355.84,False,-32.2927,7.88036,21.472909398407577,0.041675856702424484,21.531993024270164,8.453935464521018e-06,21.48714164752628,0.04186351979429636,nan,nan
2016 NC7,657218,MBO,MBO,21164732563076931,745319363685908495,20.355398,2.8981926,2.8216739,150.62555361081522,3.2021631906522896,2025052800101,151,60823.979298783684,i,150.62556545621626,3.202166117227988,29.265607833862305,9800.33,335.267,False,9335.79,1.27994,9811.76,332.482,False,-17.4326,10.5688,21.421898242224323,0.0371427814577017,21.474622310225357,0.00014885480521758453,21.420632734363444,0.03679133484938182,nan,nan
2016 NC7,657218,MBO,MBO,21164732563076931,745319363820126270,20.355389,2.8981924,2.8216805,150.62566358822082,3.202126907593555,2025052800102,151,60823.97982178057,i,150.6256715027278,3.2021313416356136,27.003347396850586,9142.29,335.711,False,8591.5,2.42909,9158.18,333.784,False,30.279,9.306,21.497362512099798,0.039868958859075924,21.5648275139226,0.00030697212158902685,21.49547709919154,0.03957133207951976,27.697146204142143,0.33369203343714243
2016 NC7,657218,MBO,MBO,21164732563076931,745319364103766079,20.35537,2.8981922,2.8216941,150.62588250158248,3.202054685961275,2025052800104,180,60823.980862001554,i,150.62589916519866,3.2020574157694606,25.990413665771484,9149.37,348.051,False,8863.43,3.4177,9250.39,347.679,False,72.7178,7.95841,21.496522009108702,0.041302467972726,21.530995490389536,0.0004186551723851424,21.48459993339506,0.040807758012506766,26.745898226627514,0.11882557054542274
2016 NC7,657218,MBO,MBO,21164732563076931,745319364222255115,20.35536,2.898192,2.821701,150.6259929097155,3.202018261722229,2025052800105,150,60823.98138725439,i,150.6260125728031,3.2020256641694065,26.292583465576172,8911.95,336.74,False,8555.38,2.36719,9019.37,337.272,False,57.8916,8.25586,21.525068123076615,0.04102478032021134,21.56940175451048,0.0003004125820246811,21.512059477703225,0.04060022151650121,26.99346108893776,0.1548356966872099
2016 NC7,657218,MBO,MBO,21164732563076931,745319364372725762,20.35535,2.898192,2.821708,150.62610332130788,3.2019818366693857,2025052800106,181,60823.98191238269,i,150.62610405964375,3.201974437729924,25.59769630432129,8378.11,325.467,False,8575.83,3.33882,8635.07,330.168,False,35.8772,7.99497,21.592134809161443,0.042177925799965224,21.56680958174013,0.0004227086708932322,21.559335304417207,0.041513888999657765,27.51295361326058,0.2419483113254759
2016 NC7,657218,MBO,MBO,21164732563076931,745319364771184683,20.35532,2.8981915,2.8217285,150.6264347873836,3.2018724872614417,2025052800109,173,60823.983488194426,i,150.6264417745895,3.201872855405985,24.754375457763672,9233.02,371.982,False,8770.21,1.7325,9222.27,366.235,False,74.863,7.55896,21.486640614362514,0.04374238760351345,21.542475023487672,0.00021448037578653827,21.487905472960144,0.04311678179626557,26.714331948305958,0.10962740757992707
2016 NC7,657218,MBO,MBO,21164732563076931,745319364889673778,20.35531,2.8981915,2.8217351,150.6265445821079,3.201836267105872,2025052800110,143,60823.984010136104,i,150.62655787632016,3.2018226962629943,29.238767623901367,10011.9,343.297,False,9774.79,0.0667441,10208.0,343.629,False,94.5065,8.34859,21.39870869970136,0.03722869426997124,21.424731406021,7.413610094754952e-06,21.37764834655728,0.036548828753838206,26.461345798222233,0.09591262279953008
2016 NC7,657218,MBO,MBO,21164732563076931,745319365039620147,20.3553,2.8981912,2.821742,150.62665416998382,3.201800115554248,2025052800111,173,60823.984531787224,i,150.62665584534693,3.2017821628544136,24.521467208862305,8505.14,340.687,False,8265.92,0.86031,8533.93,340.427,False,86.3887,8.2245,21.575796377953953,0.043490905311808555,21.606772015920395,0.00011300251427003858,21.572127349220402,0.043311104571105506,26.558857623240687,0.10336579721266329
2016 NC7,657218,MBO,MBO,21164732563076931,745319365173313550,20.355291,2.8981912,2.8217487,150.62676418212428,3.2017638244211666,2025052800112,172,60823.98505448804,i,150.62677420583924,3.2017796134300256,26.679595947265625,9769.18,361.748,False,9208.95,0.0972395,9743.12,358.845,False,104.65,8.04382,21.4253547555314,0.04020428508723235,21.48947468953751,1.1464547572724626e-05,21.428254858140967,0.03998832048005785,26.35065190248235,0.08345405528008511
2016 NC7,657218,MBO,MBO,21164732563076931,745319365307531317,20.355282,2.898191,2.8217556,150.62687398746647,3.201727601892983,2025052800113,172,60823.98557674613,i,150.62687443403524,3.201710213862954,24.739816665649414,9346.75,375.778,False,8896.25,2.87544,9655.45,376.321,False,103.666,8.28465,21.47334843336142,0.043651086846880884,21.526982552912543,0.00035093091862247106,21.438068679962157,0.04231655093083173,26.360909142645433,0.08676850899002918
2016 NC7,657218,MBO,MBO,21164732563076931,745319365541888023,20.355259,2.8981907,2.8217723,150.62714388861312,3.2016385687394675,2025052800115,107,60823.9868594163,i,150.62714837076973,3.2016456052312945,24.98872184753418,9062.59,359.04,False,8852.44,2.73581,9049.56,355.076,False,105.266,8.57292,21.50686918734163,0.043014496182096386,21.5323424675938,0.0003355422761566839,21.508431391997334,0.04260084189202793,26.3442797107014,0.08842294339462008
2016 NC7,657218,MBO,MBO,21164732563076931,745319365679775765,20.355247,2.8981905,2.821779,150.62725349625066,3.2016024128277283,2025052800116,114,60823.98738087852,i,150.62726001181886,3.2015974099730715,25.814762115478516,9729.7,372.379,False,9225.08,2.34527,9806.22,371.503,False,127.342,7.485,21.429751353986727,0.041553732560100844,21.48757463816972,0.00027602410372788033,21.421245949516226,0.041132491260717885,26.13757080930037,0.06381818610123786
2016 NC7,657218,MBO,MBO,21164732563076931,745319365968658439,20.355003,2.8981874,2.8219502,150.63001916792612,3.200690272826682,2025052800118,153,60824.00052049079,z,150.6300419153436,3.200703556981853,13.600226402282715,9642.78,703.844,False,9033.94,2.5273,9301.55,695.821,False,-247.087,17.1227,21.439494323094557,0.07924985173053455,21.5103069438187,0.00030374131890942584,21.478611710457148,0.0812206621584192,nan,nan
2016 NC7,657218,MBO,MBO,21164732563076931,745319366099206166,20.354992,2.8981874,2.8219573,150.63013246046222,3.200652915812836,2025052800119,146,60824.001058014765,z,150.63011444745328,3.2006520929652895,13.637347221374512,10483.8,759.146,False,11440.6,8.9445,10121.5,752.959,False,-303.094,15.4443,21.348703201989487,0.078619613881565,21.25387803321529,0.0008488512649605419,21.386887801386585,0.08077012597281512,nan,nan
2016 NC7,657218,MBO,MBO,21164732563076931,745319366234996761,20.354982,2.8981872,2.821964,150.63024280938282,3.2006165300901848,2025052800120,149,60824.00158213176,z,150.630260184323,3.2006200328006567,16.18181037902832,11596.4,706.65,False,11713.2,3.03374,11130.5,701.805,False,-281.301,17.2672,21.239191995271497,0.06616152338270657,21.228311084844986,0.000281207641488341,21.28371331504742,0.06845829829999636,nan,nan
2016 NC7,657218,MBO,MBO,21164732563076931,745319366368690227,20.354973,2.898187,2.821971,150.63035295196096,3.200580213069068,2025052800121,148,60824.00210505076,z,150.6303440775849,3.200595829802449,12.990699768066406,9190.07,693.826,False,9239.79,5.74565,8960.96,690.001,False,-216.946,17.3807,21.491702914621243,0.08197021025884424,21.485844743462877,0.0006751517076909911,21.519113657929992,0.08360254312463129,nan,nan
2016 NC7,657218,MBO,MBO,21164732563076931,745319366507102235,20.354963,2.898187,2.8219779,150.63046246726574,3.200544103542606,2025052800122,156,60824.002625896646,z,150.63046260665433,3.200541861630969,13.166422843933105,9178.26,691.424,False,10703.4,63.4523,8897.25,691.471,False,-96.6107,17.2002,21.493099137364716,0.08179154883408246,21.32619557067474,0.006436502231460964,21.526860515516205,0.08438057919612994,nan,nan
2016 NC7,657218,MBO,MBO,21164732563076931,745319366637649987,20.354954,2.8981867,2.8219845,150.6305726187714,3.200507784925288,2025052800123,149,60824.003148237476,z,150.6305989873563,3.200509911938583,13.792303085327148,9379.22,688.3,False,10517.5,3.72929,9236.65,687.54,False,-42.2908,17.9537,21.469583224559646,0.07967743994364186,21.345218698277414,0.00038497981272355363,21.486213735534115,0.0808179388407473,nan,nan
2016 NC7,657218,MBO,MBO,21164732563076931,745319366907658280,20.354933,2.8981864,2.8219984,150.63079377774923,3.200434867552705,2025052800125,152,60824.00419898181,z,150.63074954262464,3.20041054889291,11.696246147155762,10265.9,859.48,False,10431.1,6.00264,10007.9,858.154,False,-88.002,14.727,21.371507384965994,0.09089982335226218,21.35417476845623,0.0006247935085486022,21.3991425646458,0.09309933369424372,nan,nan
2016 NC7,657218,MBO,MBO,21164732563076931,745319367041876010,20.354923,2.8981864,2.822005,150.63090352145946,3.2003986854789046,2025052800126,152,60824.00471969636,z,150.63090971746072,3.2003825523830427,13.312461853027344,10306.9,803.996,False,12751.0,2.37455,9918.3,811.362,False,-168.359,13.3727,21.36717980275657,0.08469350647128888,21.136139385633566,0.0002021908099818309,21.408906920603915,0.08881815587168333,nan,nan
2016 NC7,657218,MBO,MBO,21164732563076931,745319367173996592,20.354914,2.8981862,2.822012,150.63101411229144,3.2003622248292936,2025052800127,148,60824.00524403843,z,150.63102929888078,3.2003613839236085,11.48702335357666,9031.16,783.317,False,9206.91,29.671,8717.77,784.36,False,-210.862,15.3721,21.510641139971078,0.09417125042776157,21.48971523700432,0.0034989891148152633,21.548986541160428,0.09768645874464169,nan,nan
2016 NC7,657218,MBO,MBO,21164732563076931,745319367443480582,20.354895,2.898186,2.8220255,150.63123320103597,3.2002899957025788,2025052800129,150,60824.00628468541,z,150.6312202691715,3.200298953047909,13.704582214355469,10026.0,728.761,False,10029.2,5.33658,9905.45,728.001,False,-202.518,16.6317,21.39718074930741,0.07891902927106419,21.39683424885778,0.0005777248220422655,21.410314453292667,0.07979617299244261,nan,nan
2016 NC7,657218,MBO,MBO,21164732563076931,745319367577698345,20.354883,2.898186,2.8220322,150.63134338427213,3.2002536716199472,2025052800130,150,60824.00680797392,z,150.63131073291612,3.200259764588748,12.328736305236816,8968.11,726.356,False,8775.46,1.78063,8790.75,725.253,False,-202.711,15.8746,21.51824764109186,0.08793725717494603,21.541825277394135,0.0002203069079825957,21.539935176659633,0.08957522732835078,nan,nan
2016 NC7,657218,MBO,MBO,21164732563076931,745319367728168961,20.354872,2.8981857,2.8220408,150.63148075108322,3.2002083869829883,2025052800131,181,60824.0074593559,z,150.631470609414,3.2002124428769556,12.663247108459473,9609.7,742.715,False,9560.63,17.7,9576.09,739.88,False,-239.355,15.575,21.443225403240824,0.08391443833682113,21.44878373541377,0.002010069617601027,21.447029469980038,0.08388752837382663,nan,nan
2016 NC7,657218,MBO,MBO,21164732563076931,745319367858192426,20.354862,2.8981857,2.8220477,150.63159115540853,3.200171991710828,2025052800132,173,60824.00798357035,z,150.6316272916062,3.200177299461541,13.558430671691895,9579.56,694.28,False,9728.23,11.897,9282.22,695.541,False,-213.832,16.9307,21.44663614394767,0.07868889571752637,21.42991537300505,0.001327785562762382,21.48087038819148,0.08135705518769992,nan,nan
2016 NC7,657218,MBO,MBO,21164732563076931,745319367992410174,20.35485,2.8981855,2.8220544,150.63170177519544,3.2001355261831708,2025052800133,173,60824.008508915074,z,150.6316929119477,3.2001327625465423,14.408690452575684,9600.94,656.061,False,9380.84,12.6524,9446.07,653.588,False,-187.694,17.0641,21.4442155623437,0.07419160209864385,21.469395696382115,0.0014643858123702953,21.46187206511312,0.07512374404414182,nan,nan
2016 NC7,657218,MBO,MBO,21164732563076931,745319368110899234,20.354841,2.8981853,2.8220613,150.63181261049456,3.2000989903965062,2025052800134,143,60824.00903431997,z,150.63183000335988,3.200098653139857,13.95242691040039,9120.13,650.225,False,8896.04,4.07423,8938.61,644.076,False,-158.749,18.812,21.499997441737317,0.07740819553042512,21.52700817774116,0.000497248124875838,21.52182498476604,0.07823325909941146,nan,nan
2016 NC7,657218,MBO,MBO,21164732563076931,745319368264515635,20.354832,2.8981853,2.8220682,150.63192218611007,3.200062870632231,2025052800135,180,60824.00955400299,z,150.63192945961396,3.2000648093719453,14.569572448730469,9248.01,635.839,False,9910.13,33.2183,9267.37,628.568,False,-154.682,19.174,21.484879300802916,0.07464886267746786,21.40980163396362,0.0036393378544188723,21.482608729804948,0.07364106739027043,nan,nan
2016 NC7,657218,MBO,MBO,21164732563076931,745319368395063322,20.354822,2.898185,2.822075,150.63203260947438,3.200026472214612,2025052800136,173,60824.0100783978,z,150.63205070704615,3.2000382969911993,13.521845817565918,8990.35,655.116,False,9615.87,10.7866,8705.92,652.625,False,-168.685,18.0097,21.515558548622945,0.07911629921408789,21.4425285284349,0.0012179243402952074,21.550463329636116,0.0813904328306373,nan,nan
2016 NC7,657218,MBO,MBO,21164732563076931,745319368513552426,20.354813,2.898185,2.8220818,150.6321430375377,3.1999900730523128,2025052800137,143,60824.010602922135,z,150.6321389386423,3.199972879485949,14.798690795898438,9998.94,674.211,False,10255.5,17.6906,10009.3,671.075,False,-220.656,18.5096,21.400115047480128,0.07320928611419152,21.3726079026107,0.0018728803371401922,21.398990755751374,0.07279334729492853,nan,nan
2016 NC7,657218,MBO,MBO,21164732563076931,745319368663498791,20.354801,2.8981848,2.8220887,150.63225389193315,3.199953534180413,2025052800138,173,60824.01112860269,z,150.63227774834579,3.1999551248543767,14.257513999938965,9284.02,633.771,False,9129.03,15.8706,9035.17,622.883,False,-179.736,18.9512,21.480659886421066,0.07411747828281018,21.498938381811108,0.00188752630017662,21.510159188433125,0.0748504594274096,nan,nan
2016 NC7,657218,MBO,MBO,21164732563076931,745319368781463631,20.354792,2.8981848,2.8220954,150.6323641189627,3.199917202915799,2025052800139,142,60824.01165192337,z,150.632361224306,3.1999095294380857,14.79468822479248,9327.51,631.307,False,8916.22,30.9022,8919.63,618.65,False,-145.503,20.1311,21.47558571898376,0.07348508775250123,21.524548093845976,0.003762989151724443,21.52413291540136,0.07530477591622373,nan,nan
2016 NC7,657218,MBO,MBO,21164732563076931,745319368931409991,20.354778,2.8981845,2.8221052,150.63251819206076,3.19986642120073,2025052800140,172,60824.01238206441,z,150.632523291485,3.1998790243722337,18.612106323242188,10912.1,583.158,False,10534.5,0.607418,10773.2,579.432,False,-76.6126,19.7582,21.30522919570257,0.058023276738264275,21.343465181320077,6.260341874599787e-05,21.319138174271373,0.05839586163925254,nan,nan
2016 NC7,657218,MBO,MBO,21164732563076931,745319369065103369,20.354769,2.8981845,2.8221118,150.6326286414943,3.1998300186314945,2025052800141,171,60824.01290652602,z,150.63264408438096,3.1998158779465893,16.83269500732422,10052.3,585.78,False,9867.36,9.99606,9982.45,577.625,False,-24.7266,21.209,21.39433641819015,0.0632693610605724,21.414497528172255,0.0010998974663428823,21.401907119802484,0.06282509434085702,nan,nan
2016 NC7,657218,MBO,MBO,21164732563076931,745319369199321127,20.354757,2.8981843,2.8221188,150.63273951754405,3.1997934763105,2025052800142,171,60824.013432854816,z,150.6327647506548,3.19978712378881,14.861026763916016,9417.17,632.374,False,9805.99,7.31768,9257.53,627.712,False,47.4044,18.5805,21.465198982927355,0.07290846165999267,21.421271358990957,0.0008102261773543156,21.48376214767905,0.07361894559278537,27.210453367788705,0.42556220996390437
2016 NC7,657218,MBO,MBO,21164732563076931,745319369317810230,20.354748,2.898184,2.8221257,150.6328501877228,3.1997570027026025,2025052800143,141,60824.013957535906,z,150.63288256790688,3.19975307424353,16.304466247558594,9917.11,616.796,False,10228.7,2.51962,10245.6,617.993,False,87.2004,20.7028,21.409037135438197,0.06752751019963774,21.375448876097995,0.00026744772460926406,21.373656550106027,0.06548932022460527,26.548703790975736,0.25777152373469725
2016 NC7,657218,MBO,MBO,21164732563076931,745319369454649352,20.354734,2.898184,2.8221354,150.63300850742428,3.199704826740187,2025052800144,146,60824.014708630355,z,150.63299719116935,3.1996893804907303,13.12279224395752,8980.39,680.517,False,10029.7,52.07,9049.28,677.55,False,59.8107,20.4932,21.51676204850572,0.08227504652434274,21.396780121453794,0.005636687313628514,21.508464901629083,0.08129271390119194,26.958052796632437,0.37201052184954575
2016 NC7,657218,MBO,MBO,21164732563076931,745319369588867079,20.354725,2.8981838,2.8221424,150.63311918977018,3.199668351251918,2025052800145,146,60824.01523337104,z,150.63315389885435,3.1996685726402534,14.116104125976562,9603.04,666.784,False,9444.76,1.47986,9642.48,664.454,False,-49.8873,18.9316,21.44397815094588,0.07538774418284193,21.46202271049891,0.00017011946979686795,21.43952808035695,0.07481702911074757,nan,nan
2016 NC7,657218,MBO,MBO,21164732563076931,745319369723084823,20.354713,2.8981838,2.822149,150.63323008795294,3.1996318055275563,2025052800146,146,60824.01575903534,z,150.63323468635025,3.1996283843369455,13.561256408691406,8552.11,624.434,False,8272.91,14.6774,8382.31,619.289,False,-157.623,18.4028,21.569816759686027,0.07927524274219513,21.605854230205594,0.0019262609982203258,21.591590760271828,0.08021470508322255,nan,nan
2016 NC7,657218,MBO,MBO,21164732563076931,745319369860972617,20.354704,2.8981836,2.822156,150.63334056962435,3.199595397958957,2025052800147,153,60824.01628337175,z,150.63332493942139,3.1995998472422116,16.16893196105957,9633.61,588.329,False,9450.0,5.61032,9323.51,584.853,False,-253.758,22.4745,21.440527308690168,0.06630640539031842,21.461420478726843,0.00064458493580417,21.476051424880247,0.06810698140636727,nan,nan
2016 NC7,657218,MBO,MBO,21164732563076931,745319369993093194,20.354694,2.8981836,2.8221629,150.63345084546106,3.1995590591215577,2025052800148,149,60824.01680674485,z,150.63348335761648,3.1995646287791066,16.139657974243164,9519.49,577.675,False,8719.95,4.37586,9175.45,571.138,False,-362.052,21.4558,21.453465768304973,0.06588615917322967,21.54871498891936,0.0005448459859447168,21.4934315445171,0.0675830822295879,nan,nan
2016 NC7,657218,MBO,MBO,21164732563076931,745319370125738059,20.354683,2.8981833,2.8221698,150.63356281322643,3.1995221636781874,2025052800149,146,60824.017337786245,z,150.63354982809466,3.1995159514719935,17.875425338745117,10409.7,580.284,False,9996.37,3.84732,9683.35,569.115,False,-368.139,20.0167,21.356404445531144,0.060523870266173424,21.400394181064737,0.00041786915179875474,21.434935970046325,0.06381146757004391,nan,nan
2016 NC7,657218,MBO,MBO,21164732563076931,745319370261004357,20.354673,2.8981833,2.8221767,150.6336739428326,3.1994855453587334,2025052800150,148,60824.01786417225,z,150.6336774880108,3.1994802362671555,15.89448070526123,9065.17,564.984,False,8383.14,0.447198,8841.98,559.868,False,-342.411,24.3799,21.506560127172413,0.06766818479281109,21.59148324798724,5.7918522593038014e-05,21.53362612187989,0.06874805242538823,nan,nan
2016 NC7,657218,MBO,MBO,21164732563076931,745319370396794908,20.354664,2.898183,2.8221834,150.63378381231,3.199449343188184,2025052800151,151,60824.01838595644,z,150.63379188158385,3.1994580434869953,15.9966459274292,9222.89,569.232,False,8634.51,4.82352,8895.43,562.007,False,-261.52,21.6096,21.48783246912479,0.0670110788520595,21.559405787432325,0.0006065278330595645,21.527082671956585,0.06859605318004966,nan,nan
2016 NC7,657218,MBO,MBO,21164732563076931,745319370665230389,20.354645,2.8981829,2.822197,150.63400377756454,3.19937686707385,2025052800153,151,60824.019428302316,z,150.63400009994274,3.1993709444789693,15.993246078491211,9785.03,605.911,False,10011.1,11.8968,9656.72,600.458,False,-76.8632,18.1306,21.4235945659024,0.06723121981647968,21.398795543550502,0.0012902465293024759,21.437925933077807,0.06751143421152614,nan,nan
2016 NC7,657218,MBO,MBO,21164732563076931,745319370799448123,20.354633,2.8981826,2.8222039,150.63411366243946,3.199340662636369,2025052800154,151,60824.01994931261,z,150.6341318539822,3.1993327645931613,17.742637634277344,10129.9,560.83,False,9232.07,2.88763,10235.6,556.433,False,35.8062,22.8974,21.385987062812177,0.0601105075853559,21.486752241348654,0.00033959927897141313,21.374716777370494,0.059023355607219996,27.51510447414639,0.6943081749534402
2016 NC7,657218,MBO,MBO,21164732563076931,745319370949394456,20.354624,2.8981826,2.8222108,150.63422355248824,3.199304457445572,2025052800155,181,60824.02047032899,z,150.634212407251,3.1993037425110797,16.167919158935547,9168.38,563.999,False,8894.08,3.93127,9186.39,558.109,False,47.0622,23.5273,21.494268501096798,0.06678978914718314,21.52724741171421,0.00047990596063452584,21.492137843904917,0.06596271007805823,27.218319468588252,0.542780448422576
2016 NC7,657218,MBO,MBO,21164732563076931,745319371083612193,20.354614,2.8981824,2.8222175,150.63433408049883,3.1992680430345937,2025052800156,181,60824.02099459154,z,150.63433833476125,3.1992663197828892,19.510339736938477,11112.9,568.653,False,10639.0,3.58442,11301.0,561.216,False,53.1127,23.4289,21.28543144597525,0.055557698240475684,21.33274797777436,0.00036579890307981717,21.267207812692675,0.053918461516728675,27.087004022377947,0.4789363755626101
2016 NC7,657218,MBO,MBO,21164732563076931,745319371201576984,20.354603,2.8981824,2.8222244,150.6344450357829,3.199231488839092,2025052800157,150,60824.021520801994,z,150.63442825878838,3.1992564127167045,15.563276290893555,8833.29,572.229,False,8641.85,16.7001,8877.02,567.164,False,61.4862,19.6663,21.534693773421946,0.07033503306313213,21.55848323952705,0.002098150737750609,21.529332061455968,0.06936905886689677,26.928055894317794,0.3472716524194873
2016 NC7,657218,MBO,MBO,21164732563076931,745319371335794727,20.354593,2.8981822,2.8222313,150.63455536338705,3.199195142418624,2025052800158,150,60824.022043167475,z,150.6345436250706,3.199190045965681,16.467920303344727,9252.03,561.531,False,9048.79,10.3431,9151.56,554.312,False,55.883,21.0599,21.484407387125643,0.06589629790837835,21.50852372173539,0.0012410363872156498,21.496262222466342,0.06576328496048989,27.031800729879418,0.40916730390246414
2016 NC7,657218,MBO,MBO,21164732563076931,745319371602133020,20.354422,2.89818,2.822348,150.636442954158,3.1985734531193244,2025052800160,146,60824.030987239064,r,150.63645642544842,3.1985785016201547,29.726560592651367,8142.6,273.363,False,7851.49,1.71842,8184.53,272.672,False,10.7364,4.41759,21.62309223478075,0.03645028734539958,21.66261976286881,0.00023763015484091482,21.61751566618843,0.036171883665188344,28.822853326858993,0.44673612293593795
2016 NC7,657218,MBO,MBO,21164732563076931,745319371736350752,20.354412,2.89818,2.822355,150.6365531702047,3.198537162618237,2025052800161,146,60824.03150921826,r,150.63655930360738,3.1985385830599165,28.421615600585938,7392.27,259.775,False,7073.15,0.252478,7415.53,262.589,False,-27.679,5.33089,21.728055444753064,0.03815433083735218,21.775967844377206,3.875564820366955e-05,21.724644540937987,0.03844666272917455,nan,nan
2016 NC7,657218,MBO,MBO,21164732563076931,745319371870568489,20.3544,2.8981798,2.822362,150.63666402536205,3.1985006628216914,2025052800162,146,60824.032034955926,r,150.63667675047415,3.1985013776187508,31.900033950805664,8271.39,257.806,False,7996.97,0.223726,8211.38,260.55,False,-72.3479,5.64776,21.606053799894948,0.03384066277081724,21.642686303833635,3.037493154981822e-05,21.6139596391333,0.034450793768321185,nan,nan
2016 NC7,657218,MBO,MBO,21164732563076931,745319372010029067,20.354391,2.8981798,2.8223686,150.6367750974088,3.198464092770048,2025052800163,156,60824.03256016,r,150.6367868621797,3.1984705853952318,30.5474796295166,7768.62,253.511,False,7611.44,1.93342,7706.05,253.496,False,-103.359,5.36524,21.67414028720313,0.03543049712502308,21.696332937754836,0.00027579328578031703,21.682920471103074,0.035716066509146945,nan,nan
2016 NC7,657218,MBO,MBO,21164732563076931,745319372142149635,20.354382,2.8981795,2.8223755,150.63688575290362,3.1984276610261744,2025052800164,152,60824.033084296345,r,150.63690100086978,3.198416863077435,31.28656578063965,7695.91,247.378,False,7543.15,0.760443,7458.63,244.621,False,-118.54,5.66822,21.684350027475183,0.034899999077666374,21.706118154045072,0.00010945566205659953,21.71835235792132,0.035608936587913795,nan,nan
2016 NC7,657218,MBO,MBO,21164732563076931,745319372274794513,20.35437,2.8981795,2.8223825,150.6369968366721,3.198391089451231,2025052800165,149,60824.03361075795,r,150.63700882099897,3.1983809741019846,30.42432975769043,7484.32,245.231,False,7336.65,0.254431,7337.87,244.313,False,-127.462,6.31736,21.714619155640648,0.03557520048993438,21.736255511331706,3.765273824963108e-05,21.73607494918252,0.036149382450270405,nan,nan
2016 NC7,657218,MBO,MBO,21164732563076931,745319372410060809,20.35436,2.8981793,2.8223894,150.6371083486053,3.1983543781027173,2025052800166,151,60824.03413813954,r,150.63711285923185,3.1983608900986367,31.621549606323242,8081.63,254.589,False,7636.08,0.746795,8073.92,256.381,False,-134.183,5.66853,21.631252607429808,0.03420306343462602,21.692823814726356,0.00010618306241768976,21.632288905725293,0.03447670395472458,nan,nan
2016 NC7,657218,MBO,MBO,21164732563076931,745319372679020559,20.35434,2.898179,2.8224032,150.63732991182044,3.1982814398396657,2025052800168,152,60824.03518783525,r,150.63733573988213,3.1982824461110195,32.775272369384766,8083.78,244.826,False,7747.46,0.472026,8072.1,246.037,False,-53.2531,6.50091,21.630963814646574,0.03288269392591687,21.67710164881845,6.615015889615622e-05,21.632533653229206,0.03309315768654768,nan,nan
2016 NC7,657218,MBO,MBO,21164732563076931,745319372812714026,20.35433,2.8981788,2.8224099,150.6374399628903,3.1982452129791143,2025052800169,151,60824.03570848347,r,150.63743928244457,3.1982340252935635,28.13629150390625,7285.32,258.372,False,7136.49,0.449082,7369.55,259.28,False,-31.0676,5.42658,21.743878445066294,0.038505357559727685,21.76628831040724,6.8322740777646e-05,21.73139760440658,0.038199033768015006,nan,nan
2016 NC7,657218,MBO,MBO,21164732563076931,745319372946931779,20.354319,2.8981788,2.8224168,150.63755086468635,3.19820870727942,2025052800170,151,60824.036233814564,r,150.6375685865616,3.1982189849183214,29.77328872680664,7727.45,257.185,False,7758.41,2.63223,7642.3,255.897,False,-20.1111,6.72951,21.67990946338751,0.036135472388988205,21.675568161773025,0.0003683625123997081,21.69193982274063,0.036355108820059184,nan,nan
2016 NC7,657218,MBO,MBO,21164732563076931,745319373096878110,20.35431,2.8981786,2.8224237,150.6376619838304,3.198172131255701,2025052800171,181,60824.03675923546,r,150.63766480687457,3.198156075423515,28.507362365722656,8272.78,289.732,False,7966.51,0.305032,8444.48,296.444,False,-25.5069,5.30568,21.605871276151486,0.03802500560246119,21.6468297678789,4.1572070062417024e-05,21.583567661116277,0.038114835476200086,nan,nan
2016 NC7,657218,MBO,MBO,21164732563076931,745319373349060650,20.354288,2.8981783,2.8224373,150.63788276096275,3.198099463819837,2025052800173,150,60824.037804515276,r,150.63790063109624,3.1980966319767883,24.349674224853516,7284.61,298.072,False,7523.11,1.21206,7389.29,301.733,False,-46.2018,4.9126,21.743984256186998,0.0444262024035445,21.70900648985306,0.00017492465493038992,21.72849321623529,0.04433476591038707,nan,nan
2016 NC7,657218,MBO,MBO,21164732563076931,745319373483278365,20.354279,2.8981783,2.8224442,150.63799389804285,3.198062885589339,2025052800174,150,60824.03833093225,r,150.63799710295214,3.1980667972530217,23.89957618713379,7285.5,302.107,False,7658.56,0.055504,7350.92,305.577,False,-59.4628,4.57405,21.743851593678205,0.04502209893339829,21.689632193866405,7.868672918754854e-06,21.73414577065872,0.04513394395004093,nan,nan
2016 NC7,657218,MBO,MBO,21164732563076931,745319373613826093,20.354269,2.898178,2.822451,150.63810525242727,3.198026237095144,2025052800175,143,60824.038857291715,r,150.63810889100498,3.198026786423037,27.549968719482422,7934.06,286.341,False,7697.85,0.335715,7992.4,290.622,False,-65.1096,4.97826,21.651261290907147,0.0391843258081869,21.68407637573626,4.7350613595028214e-05,21.64330698542986,0.03947986102139786,nan,nan
2016 NC7,657218,MBO,MBO,21164732563076931,745319373748043836,20.354258,2.898178,2.822458,150.6382161901701,3.197989726983238,2025052800176,143,60824.03938280088,r,150.63823227841561,3.197977000546716,28.870502471923828,8273.51,284.93,False,7924.16,0.905406,8461.08,291.325,False,-65.8228,4.95263,21.60577554036084,0.03739148410205504,21.65261688865379,0.00012405504847199744,21.581435486601812,0.03738318396519317,nan,nan
2016 NC7,657218,MBO,MBO,21164732563076931,745319373901660222,20.354248,2.8981779,2.822465,150.63832734545642,3.1979531465448274,2025052800177,180,60824.039908189545,r,150.63834785368473,3.197944856314787,26.29813575744629,7704.55,289.83,False,7968.92,1.63592,7648.78,291.597,False,-56.5277,5.07414,21.683131832679337,0.040843257247116314,21.646501343233815,0.00022288812553719018,21.69101960650856,0.04139188374579478,nan,nan
2016 NC7,657218,MBO,MBO,21164732563076931,745319374031683604,20.354239,2.8981779,2.8224719,150.63843850675562,3.1979165654044865,2025052800178,172,60824.04043414835,r,150.63846097362827,3.1979188635822173,26.962566375732422,7716.5,284.429,False,7413.18,0.601874,7838.65,288.713,False,-39.4558,5.13427,21.68144909869349,0.04002006704385192,21.724988610785402,8.815061422435591e-05,21.664396830040708,0.03998981643182815,nan,nan
2016 NC7,657218,MBO,MBO,21164732563076931,745319374165901357,20.354227,2.8981776,2.8224785,150.63854904017853,3.197880192160494,2025052800179,172,60824.04095713925,r,150.6385729579891,3.197868077149111,27.09615707397461,7749.5,284.691,False,7453.29,0.104447,7766.86,287.089,False,-38.6478,5.06032,21.676815793491,0.039886358630442854,21.71912994551102,1.5215010886394285e-05,21.674386326772705,0.040132423542007904,nan,nan
2016 NC7,657218,MBO,MBO,21164732563076931,745319374284914735,20.354218,2.8981776,2.8224857,150.63866232736962,3.197842914059773,2025052800180,143,60824.04149341594,r,150.63866575321353,3.1978520440256526,29.787887573242188,7799.34,260.484,False,7591.46,3.3769,7907.0,262.325,False,-47.5168,5.72988,21.669855388898746,0.03626164839187707,21.699186735489985,0.00048296672349457614,21.654970653006245,0.036020711163120285,nan,nan
2016 NC7,657218,MBO,MBO,21164732563076931,745319374434861102,20.354206,2.8981774,2.8224926,150.63877371863515,3.197806261145757,2025052800181,173,60824.04202079975,r,150.63877987874966,3.1978118813497183,26.433338165283203,7902.73,296.805,False,7737.86,0.339099,7952.08,299.648,False,-90.1294,5.78906,21.65555714182276,0.04077729178366192,21.67844784961356,4.758060457354882e-05,21.64879813801557,0.040912401562876614,nan,nan
2016 NC7,657218,MBO,MBO,21164732563076931,745319374568554510,20.354197,2.8981771,2.8224995,150.63888511611924,3.1977696074987625,2025052800182,172,60824.04254722603,r,150.63889688318162,3.1977440530686145,25.687925338745117,7653.16,296.784,False,7532.8,3.53688,7647.17,300.842,False,-119.407,5.05078,21.690397995440307,0.042104062047986,21.70760893608296,0.000509786372289095,21.691248148951377,0.04271319534506532,nan,nan
2016 NC7,657218,MBO,MBO,21164732563076931,745319374687043640,20.354185,2.8981771,2.8225062,150.6389956742438,3.1977332313362803,2025052800183,142,60824.0430702788,r,150.6390078860563,3.1977361263519164,28.64788246154785,7796.58,269.926,False,7569.58,0.444016,7800.8,272.156,False,-119.159,5.07178,21.670239640357075,0.03758935614107156,21.70232053071201,6.368705424949953e-05,21.669652168608707,0.03787940163857677,nan,nan
2016 NC7,657218,MBO,MBO,21164732563076931,745319374836465697,20.354176,2.898177,2.822513,150.63910666135718,3.19769671534269,2025052800184,171,60824.04359566094,r,150.63910955870634,3.1976821720810156,26.463153839111328,7805.58,292.05,False,7425.06,0.548019,7902.41,297.419,False,-128.496,5.24537,21.668987041123533,0.04062340558578508,21.723250072868503,8.013457881238874e-05,21.655601082557293,0.0408633033201197,nan,nan
2016 NC7,657218,MBO,MBO,21164732563076931,745319374954954810,20.354166,2.898177,2.82252,150.63921807755048,3.1976600595110174,2025052800185,141,60824.044122991545,r,150.63922697800996,3.197633346629436,26.79121208190918,7461.45,276.801,False,7128.71,2.60507,7385.02,279.386,False,-121.45,4.95946,21.717941888887587,0.04027807648378325,21.767472636638338,0.0003967644853485666,21.72912080763019,0.04107497063735231,nan,nan
2016 NC7,657218,MBO,MBO,21164732563076931,745319375104901165,20.354155,2.8981767,2.822527,150.63932928856076,3.197623472524701,2025052800186,171,60824.044648688796,r,150.63932973988858,3.197612788455748,29.131071090698242,8204.81,278.927,False,7847.48,0.0978846,8254.17,282.526,False,-103.481,5.24811,21.614828735650377,0.03691019784309447,21.663174458863693,1.3542800677591482e-05,21.608316487249283,0.03716287778772842,nan,nan
2016 NC7,657218,MBO,MBO,21164732563076931,745319375219720252,20.354145,2.8981767,2.8225338,150.63944008307269,3.197587023899976,2025052800187,134,60824.045172979844,r,150.63943823659915,3.197600901954785,25.357044219970703,7550.19,295.339,False,7196.38,0.731075,7593.1,300.274,False,-108.349,4.65998,21.70510530653398,0.042470485617234044,21.757214797913683,0.00011029914994825147,21.698952187262528,0.042936130781980476,nan,nan
2016 NC7,657218,MBO,MBO,21164732563076931,745319375369666599,20.354134,2.8981764,2.8225408,150.63955194110326,3.197550226767774,2025052800188,164,60824.04570146889,r,150.6395627677323,3.1975493743195385,28.514522552490234,8243.25,288.181,False,7959.9,0.77027,8204.17,292.771,False,-69.8635,5.15532,21.609753821853175,0.03795693991548602,21.64773098396396,0.00010506539351078797,21.61491338314081,0.038745183630891696,nan,nan
2016 NC7,657218,MBO,MBO,21164732563076931,745319375488155698,20.354124,2.8981764,2.8225477,150.6396638054469,3.197513428936425,2025052800189,134,60824.04623003084,r,150.63967138361318,3.1975070728142008,28.375751495361328,7932.61,284.643,False,7834.14,2.29609,7921.72,287.034,False,-61.7915,4.86844,21.651459760978923,0.03895908429747542,21.66502166020011,0.00031821589566447797,21.65295125098408,0.03934034447487482,nan,nan
2016 NC7,657218,MBO,MBO,21164732563076931,745319375628664865,20.354109,2.8981762,2.8225577,150.63982622126596,3.197460004639914,2025052800190,146,60824.046998932594,r,150.63982381512335,3.1974285400363835,24.56663703918457,7800.96,313.811,False,7907.57,2.40234,7789.14,319.134,False,-74.508,4.54763,21.66962987786181,0.04367615920269138,21.65489241138579,0.0003298494356516385,21.67127620642502,0.04448441481385914,nan,nan
2016 NC7,657218,MBO,MBO,21164732563076931,745319375762882613,20.3541,2.898176,2.8225646,150.6399368325066,3.19742362238156,2025052800191,146,60824.04752198832,r,150.63993348820745,3.197434627848356,25.648578643798828,7735.42,297.543,False,7633.58,0.130354,7709.6,300.491,False,-43.1858,4.76888,21.67879026347552,0.041762853218035224,21.69317933547906,1.8540456520567997e-05,21.682420371307575,0.04231788301021763,nan,nan
2016 NC7,657218,MBO,MBO,21164732563076931,745319375897100344,20.354088,2.898176,2.8225715,150.64004787311106,3.1973871002771683,2025052800192,146,60824.0480465993,r,150.64005924817505,3.1973827435787534,28.20119285583496,7353.07,259.155,False,7228.42,1.0117,7417.93,261.502,False,-22.8556,5.68939,21.733828274949293,0.038266189706504916,21.752391564580535,0.00015196119861525406,21.72429314739437,0.03827512495572287,nan,nan
2016 NC7,657218,MBO,MBO,21164732563076931,745319376032890929,20.354078,2.8981757,2.8225782,150.64015892012026,3.197350577457019,2025052800193,149,60824.048571769206,r,150.640174438152,3.1973533425530514,30.137184143066406,7663.54,255.42,False,7536.61,0.921548,7674.72,256.791,False,-1.08764,5.62941,21.688926423084354,0.03618676721433351,21.70705991409248,0.0001327596964492799,21.68734361987589,0.036328004380848926,nan,nan
2016 NC7,657218,MBO,MBO,21164732563076931,745319376168681495,20.354067,2.8981757,2.822585,150.6402701850433,3.197313984368112,2025052800194,152,60824.04909724841,r,150.64027677884712,3.197319692875785,28.44427490234375,7294.43,255.709,False,7147.65,0.0786713,7399.69,256.546,False,20.4943,6.00932,21.742521571345293,0.03806089195379171,21.764591819348492,1.1950260390619854e-05,21.726966193766295,0.037642289301783864,28.120917232343665,0.3183585575217042
2016 NC7,657218,MBO,MBO,21164732563076931,745323760534945798,20.329956,2.89794,2.8352447,150.85242277378975,3.1286665662292257,2025052900092,171,60825.028359943615,r,150.85243299135024,3.1286647161640158,24.40419578552246,5746.79,233.927,False,5568.57,2.46575,5662.98,231.934,False,-3.74336,7.98595,22.001436674184323,0.0441956315725199,22.03564082589149,0.00048076150764227876,22.017387434176356,0.044467603278146715,nan,nan
2016 NC7,657218,MBO,MBO,21164732563076931,745323760669163543,20.329945,2.89794,2.8352516,150.8525355121832,3.1286292398310813,2025052900093,171,60825.028885205786,r,150.85254642156974,3.128631173723908,25.222684860229492,5895.34,230.457,False,5297.58,0.415407,5896.13,230.583,False,-23.2388,8.6968,21.973727886086696,0.042442932208637554,22.08980617444997,8.513744296450169e-05,21.973582395484673,0.042460445782720464,nan,nan
2016 NC7,657218,MBO,MBO,21164732563076931,745323760803381260,20.329931,2.8979397,2.8352585,150.8526480417853,3.1285919837104204,2025052900094,171,60825.02941036766,r,150.85265768879194,3.1285847253818635,26.83431053161621,6032.62,222.495,False,5637.21,1.14477,6051.99,222.227,False,-39.6617,13.2842,21.948735054935277,0.04004410469804913,22.022339473363562,0.00022048464970925364,21.94525445358861,0.03986786092917163,nan,nan
2016 NC7,657218,MBO,MBO,21164732563076931,745323760933929016,20.32992,2.8979397,2.8352652,150.85276057719508,3.1285547268228733,2025052900095,164,60825.02993560632,r,150.8527537085969,3.1285490978544854,25.082759857177734,5755.66,227.139,False,5634.25,0.412955,5669.11,227.297,False,-56.4683,7.82851,21.999762142390416,0.0428470474862913,22.02290971658663,7.957761535948823e-05,22.01621281653012,0.04353145112788539,nan,nan
2016 NC7,657218,MBO,MBO,21164732563076931,745323761067622437,20.329908,2.8979394,2.835272,150.85287290401337,3.1285175401539207,2025052900096,163,60825.03045977649,r,150.85289895179483,3.128516521574844,24.354454040527344,5911.67,239.229,False,5900.99,1.77022,5814.22,239.118,False,-92.9097,6.08013,21.970724556928126,0.04393675462294047,21.97268776019989,0.0003257066886849866,21.988771308142436,0.044652430783052206,nan,nan
2016 NC7,657218,MBO,MBO,21164732563076931,745323761202364417,20.329897,2.8979394,2.835279,150.85298523646114,3.128480352788777,2025052900097,164,60825.03098396293,r,150.8529946037378,3.128458346445188,20.178504943847656,6198.31,311.959,False,6134.34,3.69426,6418.54,318.999,False,-116.684,4.62843,21.919316757008414,0.054644765051717455,21.930580419197764,0.0006538587371761749,21.881409363271914,0.053960675447485326,nan,nan
2016 NC7,657218,MBO,MBO,21164732563076931,745323761320329265,20.329884,2.8979392,2.835286,150.8530980035455,3.128443022720354,2025052900098,133,60825.03150921374,r,150.85309396175958,3.128441943776963,26.80211067199707,6127.48,226.982,False,5766.64,1.01789,6069.46,226.809,False,-75.2698,6.4711,21.93179524747088,0.04021923697545333,21.997692873992985,0.00019164712445137664,21.94212487297851,0.040572761115331424,nan,nan
2016 NC7,657218,MBO,MBO,21164732563076931,745323761454022663,20.329872,2.8979392,2.8352926,150.85320991872948,3.1284059758413107,2025052900099,132,60825.03203120518,r,150.85321483155752,3.1284063088615692,26.32423973083496,6038.49,226.96,False,5810.29,0.224376,5957.99,226.192,False,-41.4132,8.21644,21.947679079292037,0.04080799782015359,21.98950546970385,4.1927879237590226e-05,21.962250532409907,0.04121941047630983,nan,nan
2016 NC7,657218,MBO,MBO,21164732563076931,745323761604493330,20.32986,2.897939,2.8352995,150.8533226974236,3.128368644313292,2025052900100,163,60825.03255740818,r,150.85333541764388,3.128380211252233,25.82877540588379,5867.18,225.944,False,5446.44,1.33772,5860.38,225.425,False,-14.4534,8.39391,21.978926436973197,0.04181149614691658,22.05971820256533,0.00026667164075817065,21.98018557784645,0.041763860392194305,nan,nan
2016 NC7,657218,MBO,MBO,21164732563076931,745323761722458153,20.329847,2.897939,2.8353064,150.8534346241716,3.1283315959872544,2025052900101,132,60825.033079287,r,150.85344296210386,3.128336084281191,27.494810104370117,6026.02,220.76,False,5953.93,0.308534,5914.94,219.075,False,1.33777,9.06384,21.949923574638103,0.039775360490243154,21.96299065702921,5.6263093509493e-05,21.970124151786354,0.04021302973491117,31.08404638074448,7.356226597935315
2016 NC7,657218,MBO,MBO,21164732563076931,745323761856675858,20.329836,2.8979387,2.835313,150.85354698558595,3.1282944049891226,2025052900102,132,60825.03360386954,r,150.8535562032666,3.128297629367201,27.69007110595703,6371.54,227.273,False,6235.5,1.30746,6364.23,226.899,False,13.9667,7.9798,21.889388958553262,0.03872823799539673,21.91282179109526,0.00022765722146927546,21.890635337238425,0.03870891877455137,28.537265519208567,0.6203296597091419
2016 NC7,657218,MBO,MBO,21164732563076931,745323761990893603,20.329824,2.8979387,2.83532,150.85365956735575,3.1282571422728265,2025052900103,132,60825.034128061634,r,150.85366964867404,3.128263609147328,24.44984245300293,5756.61,232.454,False,5633.14,0.267379,5750.1,231.1,False,37.7684,8.98367,21.999583006336742,0.04384242184825314,22.023123611505696,5.1534852376757594e-05,22.000811487631843,0.04363639576442928,27.457178581800274,0.258255485229215
2016 NC7,657218,MBO,MBO,21164732563076931,745323762121441323,20.329813,2.8979385,2.835327,150.85377215502618,3.128219878830719,2025052900104,125,60825.034653270595,r,150.85378371465657,3.1281829398074343,23.02433967590332,5710.06,249.089,False,5717.47,4.74906,5543.48,247.932,False,55.8474,5.23045,22.008398309517304,0.047362890693909726,22.006990222930142,0.0009018370632422757,22.040543791321333,0.048559525260043444,27.032492589181793,0.10168582657430486
2016 NC7,657218,MBO,MBO,21164732563076931,745323762391973890,20.329788,2.8979383,2.8353405,150.85399713372112,3.1281454207382726,2025052900106,129,60825.03570259073,r,150.85399289140474,3.1281328388915726,24.01078987121582,6154.57,258.016,False,6064.65,1.31065,6228.35,258.746,False,7.44463,5.41405,21.9270057420863,0.04551695911579495,21.94298566212491,0.00023464176332473478,21.91406745894681,0.04510502749800668,29.220392183506736,0.7895933169369258
2016 NC7,657218,MBO,MBO,21164732563076931,745323762524618790,20.329777,2.897938,2.8353474,150.8541086666896,3.128108510058836,2025052900107,126,60825.03622262055,r,150.85411160102808,3.1281158442006403,21.746044158935547,6128.55,277.321,False,6349.86,1.87516,6243.58,279.529,False,25.6457,4.88289,21.93160570046254,0.04913029595495782,21.89308964790204,0.000320625828381176,21.911415784478002,0.04860909010051785,27.877463586644538,0.2067220082334786
2016 NC7,657218,MBO,MBO,21164732563076931,745323762658836510,20.329765,2.897938,2.8353543,150.85422106365004,3.128071314699184,2025052900108,126,60825.03674677969,r,150.85424004788564,3.1280931127811518,21.854360580444336,6470.23,294.123,False,6089.77,3.77247,6474.14,297.576,False,54.3431,5.16465,21.87270070579601,0.049355274131190265,21.938497770525558,0.0006725881674367045,21.872044760655754,0.0499045460633986,27.062138947251444,0.10318600328676629
2016 NC7,657218,MBO,MBO,21164732563076931,745323762903154723,20.32974,2.8979378,2.835368,150.85444566086235,3.127996992862464,2025052900110,80,60825.037793897034,r,150.85444700950305,3.128001851078453,25.334203720092773,6419.61,252.241,False,6140.38,0.905223,6419.06,253.782,False,50.9776,5.96046,21.88122841089193,0.042661032203071964,21.92951189954702,0.00016006068292739317,21.88132140227792,0.04292533493729366,27.13155153480312,0.12694766737875807
2016 NC7,657218,MBO,MBO,21164732563076931,745323763036848216,20.32973,2.8979375,2.8353748,150.85455807572205,3.1279597953847023,2025052900111,79,60825.03831789047,r,150.85456388884052,3.127953078939261,24.81233787536621,5869.4,235.147,False,5520.11,1.00055,5885.66,235.469,False,14.8229,9.31813,21.978515748764835,0.04349807800355388,22.045130696735875,0.00019679561112966268,21.975512045247115,0.04343730443983811,28.47266706647471,0.6825270848203253
2016 NC7,657218,MBO,MBO,21164732563076931,745323763204620348,20.32971,2.8979375,2.835385,150.85472649489506,3.1279040687844795,2025052900112,143,60825.03910224287,r,150.85473326971984,3.1278849932072537,23.52055549621582,6102.37,256.119,False,5794.71,3.05391,6016.44,257.751,False,-31.4983,6.91786,21.93625363833451,0.04556879584453427,21.992420741579124,0.0005722013170455019,21.951651035620774,0.046514151711834296,nan,nan
2016 NC7,657218,MBO,MBO,21164732563076931,745323763358236743,20.329699,2.8979373,2.835392,150.85483956864994,3.1278666565275786,2025052900113,180,60825.03962907732,r,150.85484864950067,3.1278910325470743,20.69139862060547,5577.55,264.74,False,5773.09,5.12482,5480.16,264.75,False,-81.556,6.68894,22.03389135749405,0.05153477822882106,21.996479209344862,0.0009638171273582592,22.05301687296825,0.05245260211636078,nan,nan
2016 NC7,657218,MBO,MBO,21164732563076931,745323763488784427,20.329687,2.897937,2.8353987,150.8549526485712,3.127829243549192,2025052900114,173,60825.04015647087,r,150.854960138909,3.127822172221005,23.786334991455078,6197.83,255.265,False,6471.24,0.46261,6137.24,256.741,False,-97.8874,11.1851,21.91940083675695,0.04471733625339211,21.872531193487745,7.761610052589579e-05,21.93006719121113,0.0454199257947736,nan,nan
2016 NC7,657218,MBO,MBO,21164732563076931,745323763607273543,20.329674,2.897937,2.8354056,150.8550650908536,3.127792042851535,2025052900115,143,60825.04068076155,r,150.85508652203373,3.127798005893237,25.336257934570312,6392.88,244.682,False,6737.23,4.05473,6298.57,244.939,False,-101.194,8.85787,21.885758638853467,0.04155562412315782,21.828796568554708,0.000653438743744286,21.901895129525244,0.042222146081211935,nan,nan
2016 NC7,657218,MBO,MBO,21164732563076931,745323763757219900,20.329662,2.8979368,2.8354125,150.85517732471942,3.127754912422365,2025052900116,173,60825.041203718705,r,150.85517158876053,3.127757927535096,23.578489303588867,6087.02,252.358,False,6521.41,1.47926,6068.58,255.395,False,-89.0158,12.9777,21.93898817474609,0.04501286641685105,21.864146211260838,0.0002462789588161167,21.94228228235005,0.04569299557445114,nan,nan
2016 NC7,657218,MBO,MBO,21164732563076931,745323763890913298,20.32965,2.8979368,2.8354194,150.8552899939509,3.127717639289984,2025052900117,172,60825.04172892816,r,150.85529678844256,3.127715235429098,25.20273208618164,6093.39,238.867,False,6194.39,1.95755,6022.59,238.274,False,-69.7672,16.5327,21.937852536881543,0.042561948106759194,21.9200036131696,0.00034311415873533965,21.95054178141503,0.04295539251674666,nan,nan
2016 NC7,657218,MBO,MBO,21164732563076931,745323764158824489,20.329626,2.8979366,2.835433,150.85551599490665,3.1276428779052408,2025052900119,171,60825.042781189695,r,150.85551856497202,3.127648189417978,24.532941818237305,6166.4,244.812,False,6617.47,0.924073,6115.86,245.669,False,-56.2561,13.6764,21.924920784756225,0.04310476974006693,21.84827001194153,0.0001516137524775656,21.933856186051898,0.043613120728946776,nan,nan
2016 NC7,657218,MBO,MBO,21164732563076931,745323764397375505,20.329596,2.8979363,2.8354502,150.85579547248733,3.1275504339315283,2025052900121,114,60825.04408396741,r,150.85580574083298,3.1275524378843276,23.467708587646484,6003.46,243.878,False,6598.6,12.6005,5999.2,242.62,False,-39.6688,17.7468,21.953995953685734,0.04410576273701435,21.851370477186755,0.002073291146842377,21.95476661317235,0.04390940527418911,nan,nan
2016 NC7,657218,MBO,MBO,21164732563076931,745323764695695370,20.329565,2.8979359,2.835468,150.85608937349068,3.1274532281746823,2025052900123,171,60825.04545278364,r,150.85610827768647,3.127447047280282,24.017606735229492,6204.27,251.149,False,6673.13,1.61275,6152.08,248.836,False,43.1374,12.8732,21.918273273180674,0.04395062811313876,21.839176055384005,0.00026239877732909427,21.92744505051434,0.04391526918146051,27.312865046385863,0.32400884733839747
2016 NC7,657218,MBO,MBO,21164732563076931,745323764960460852,20.32954,2.8979356,2.8354816,150.85631353151626,3.127379095792714,2025052900125,164,60825.04649620871,r,150.85632534104496,3.127377088577306,24.103431701660156,6246.51,252.105,False,6825.52,2.16026,6299.46,251.853,False,77.1306,12.4212,21.910906441809452,0.04381959390635731,21.8146606380039,0.000343632784873559,21.901741700190527,0.043407834739267744,26.681933225947613,0.17484819685216724
2016 NC7,657218,MBO,MBO,21164732563076931,745323765094154245,20.329529,2.8979356,2.8354886,150.85642647888338,3.1273417445296765,2025052900126,163,60825.047022808765,r,150.8564487101774,3.1273563902645463,23.297149658203125,5782.45,244.296,False,6207.29,0.68446,5875.95,245.594,False,43.53,13.4392,21.994720247882377,0.04587000468964911,21.917744903726167,0.00011972100240021427,21.977304734890218,0.04537994405098106,27.303028362553587,0.33520392483075007
