provid,permid,orbit_class,population,ssObjectId,diaSourceId,phaseAngle,helioRange,topoRange,ephRa,ephDec,visit,detector,midpointMjdTai,band,ra,dec,snr,psfFlux,psfFluxErr,psfFlux_flag,trailFlux,trailFluxErr,scienceFlux,scienceFluxErr,forced_PsfFlux_flag,templateFlux,templateFluxErr,psfMag,psfMagErr,trailMag,trailMagErr,scienceMag,scienceMagErr,templateMag,templateMagErr
1999 RA194,86146,MBO,MBO,20892066633102401,745174275236300020,14.236205,3.4068503,2.7447643,272.5143641488198,-23.78410603627229,2025042500452,103,60791.27868052027,i,272.5143622986159,-23.784106348934515,103.46430206298828,27871.1,273.703,False,49980.8,7.82062,23083.7,183.235,False,2226.06,32.8838,20.287114741397296,0.010662272525904334,19.65299197496109,0.00016988784113177528,20.491736482989552,0.008618413897021383,23.03115780669241,0.016038710466151962
1999 RA194,86146,MBO,MBO,20892066633102401,745174276071490064,14.235688,3.4068468,2.7447212,272.51431167892554,-23.784076540005447,2025042500458,160,60791.28187701356,i,272.51430767866555,-23.78407472224675,88.63619995117188,40188.8,451.325,False,38950.6,3.45534,41332.6,305.604,False,5244.92,62.62,19.889737381997897,0.012192946700084077,19.92371457647682,9.631655194060924e-05,19.859268146081966,0.008027690462656452,22.100652845298217,0.012962790851906362
1999 RA194,86146,MBO,MBO,20892066633102401,745174276411753817,14.235432,3.4068449,2.7447,272.5142855520504,-23.78406185643449,2025042500461,41,60791.2834647063,i,272.51428144492866,-23.784058149452996,80.1465835571289,45613.5,570.586,False,41218.9,3.08688,22052.7,310.039,False,4760.77,74.2313,19.75226650584975,0.013581634308651783,19.862259046973513,8.131069651898795e-05,20.54134561480278,0.015264370381074832,22.205806994150805,0.016929112305356122
1999 RA194,86146,MBO,MBO,20892066633102401,745200677367054431,13.212792,3.4000673,2.668348,272.34745634124977,-23.72330819352296,2025050100555,155,60797.20146763847,u,272.34742213611423,-23.723274426036607,15.169961929321289,9756.2,641.663,False,10040.3,18.9812,11585.0,649.123,False,2593.52,4.89672,21.42679824157343,0.07140861846252597,21.395633297265977,0.002052585645062427,21.24025990468501,0.0608352461861905,22.865275988282992,0.002049934481052476
1999 RA194,86146,MBO,MBO,20892066633102401,745200677462474783,13.212681,3.4000669,2.6683407,272.3474283236472,-23.72330305162904,2025050100556,81,60797.20204966084,u,272.347434415209,-23.723306385837958,18.199447631835938,9178.69,501.531,False,9510.06,10.7499,10143.6,503.126,False,2145.68,5.1359,21.493048193437772,0.059325496925907786,21.454541906663568,0.0012272852124415676,21.38451975425297,0.05385288679349735,23.071087651742168,0.002598818451044125
1999 RA194,86146,MBO,MBO,20892066633102401,745200677607702696,13.212563,3.4000661,2.6683328,272.3473985129376,-23.723297579818027,2025050100557,102,60797.20266874632,u,272.34737332230605,-23.72330354856085,15.721209526062012,8091.13,518.776,False,8031.45,14.1379,11405.3,532.471,False,2386.33,5.29791,21.629977068155,0.0696137492016262,21.63801507361599,0.0019112401743967796,21.257233235457562,0.050688983331996236,22.955673711813354,0.0024104515050333455
1999 RA194,86146,MBO,MBO,20892066633102401,745200677769707675,13.21245,3.4000654,2.6683257,272.3473703283797,-23.72329240567693,2025050100558,155,60797.2032537316,u,272.3473390378738,-23.723296199952195,15.16995906829834,7775.29,506.244,False,7844.35,1.93687,10393.6,503.507,False,1745.18,5.75724,21.673208504140277,0.07069156565113863,21.66360757942571,0.0002680821016178626,21.358085043582857,0.05259734714984138,23.295399398410808,0.003581775815743529
1999 RA194,86146,MBO,MBO,20892066633102401,745200677865127941,13.212338,3.4000647,2.6683183,272.3473421329084,-23.72328722872455,2025050100559,81,60797.20383801515,u,272.347342614816,-23.723312638761225,19.620214462280273,9576.38,484.703,False,9932.41,3.20184,12119.4,482.125,False,1942.14,5.50562,21.446996585875223,0.05495391841965959,21.40736338667856,0.00035000100403483986,21.191297166077092,0.043191952641810374,23.179298659297054,0.0030778681874306466
1999 RA194,86146,MBO,MBO,20892066633102401,745200678038143054,13.212224,3.400064,2.6683106,272.34731339607697,-23.72328195152548,2025050100560,155,60797.20443421058,u,272.34729736070403,-23.723300148786986,15.393786430358887,7731.47,501.357,False,8064.66,1.01493,9372.92,503.517,False,1861.14,5.51705,21.679344782189666,0.07040594161925921,21.633534822508704,0.00013663889558035533,21.470312733449582,0.05832618216227449,23.22555238353277,0.003218490093539505
1999 RA194,86146,MBO,MBO,20892066633102401,745200678113116211,13.212105,3.4000633,2.6683028,272.3472832006149,-23.723276405523837,2025050100561,42,60797.20506098698,u,272.347260650784,-23.723281770181835,17.312162399291992,7953.37,460.883,False,8479.79,3.78176,8915.26,462.049,False,1963.3,5.35468,21.648622016987673,0.06291639231083485,21.57903725202491,0.00048420936204666043,21.524664995457698,0.056270187639389166,23.167533306537017,0.0029612233804832138
1999 RA194,86146,MBO,MBO,20892066633102401,745200678275121204,13.211991,3.4000626,2.6682954,272.3472547785485,-23.723271184343112,2025050100562,95,60797.20564905228,u,272.34727085072296,-23.72325220642391,20.614810943603516,8474.61,409.756,False,8698.88,0.491421,9631.16,414.693,False,1556.62,6.31333,21.57970065200291,0.052496447488395714,21.55134166501437,6.133589541907785e-05,21.440803488027242,0.04674900938549514,23.419543488114485,0.0044035224804089826
1999 RA194,86146,MBO,MBO,20892066633102401,745200678440271981,13.21187,3.4000618,2.6682873,272.34722417277834,-23.72326556101839,2025050100563,154,60797.20628367286,u,272.34720657550383,-23.72325924347902,18.98298454284668,7984.3,418.585,False,7668.48,2.11104,8592.96,419.523,False,1588.84,6.87814,21.644407909926436,0.056920818494858395,21.688226779669733,0.0002988900914884003,21.564643029515786,0.053007499514996864,23.397299611074203,0.0047001874011172
1999 RA194,86146,MBO,MBO,20892066633102401,745200678515769363,13.211749,3.4000611,2.6682794,272.34719365099085,-23.72325995207759,2025050100564,42,60797.20691527091,u,272.34721124007433,-23.723271581885424,19.71320152282715,8664.95,437.143,False,8565.77,3.62566,10298.9,432.193,False,1657.68,6.17868,21.555584822987715,0.054774923904921155,21.5680840370401,0.00045956294428539353,21.36802285565868,0.04556288169833717,23.351248220526386,0.004046870502424332
1999 RA194,86146,MBO,MBO,20892066633102401,745200678710280202,13.2116375,3.4000604,2.668272,272.34716558112456,-23.723254792782328,2025050100565,157,60797.20749601422,u,272.34714806940565,-23.723266280614272,19.00984764099121,7873.17,412.973,False,7865.03,0.74706,9309.27,413.499,False,1667.66,6.18694,21.65962593835281,0.05695034317681926,21.66074907087112,0.0001031286736676747,21.477710988468594,0.04822621428428035,23.34473119768711,0.004028030190043485
1999 RA194,86146,MBO,MBO,20892066633102401,745200678784204818,13.211525,3.4000597,2.6682646,272.34713711396785,-23.723249559527773,2025050100566,42,60797.20808578191,u,272.34714627615284,-23.723250382690985,19.507402420043945,8436.7,433.226,False,8396.46,6.31531,9689.97,430.854,False,1719.51,5.93588,21.584568459024933,0.05575274176718895,21.589759446595718,0.0008166251902184392,21.434193949428654,0.04827608384819641,23.311488229201714,0.0037480444931763213
1999 RA194,86146,MBO,MBO,20892066633102401,745200678946209857,13.211416,3.4000592,2.6682575,272.34710960316266,-23.72324450117228,2025050100567,95,60797.20865403733,u,272.34710448028727,-23.72325420082886,19.18592071533203,8033.89,416.662,False,7989.47,0.659338,10009.6,416.834,False,1679.39,5.81312,21.637685278829466,0.056309583161406926,21.643705044956018,8.960132721435479e-05,21.398958235601604,0.04521377467682945,23.337121083448867,0.003758218561668798
1999 RA194,86146,MBO,MBO,20892066633102401,745200679112933413,13.211301,3.4000585,2.6682498,272.3470805825877,-23.723239164230712,2025050100568,157,60797.20925426977,u,272.3470821875525,-23.723248273101298,20.12306022644043,7884.01,394.403,False,8022.64,1.85455,9585.04,401.327,False,1583.5,7.96529,21.65813211612024,0.054314700961783674,21.639206720148884,0.00025098372213745734,21.446015171568973,0.04545993001228559,23.40095483073017,0.005461448569588564
1999 RA194,86146,MBO,MBO,20892066633102401,745200679185285337,13.211182,3.4000578,2.668242,272.347050389372,-23.72323361054372,2025050100569,39,60797.20987890983,u,272.3470239087932,-23.723230782758147,18.39818000793457,7521.65,407.015,False,7197.76,2.0087,9187.29,401.394,False,1403.57,10.9357,21.70921721205495,0.05875186202780713,21.75700663142801,0.0003029995818660798,21.492031432264202,0.04743596967532374,23.53191484904083,0.008459347464688328
1999 RA194,86146,MBO,MBO,20892066633102401,745200679380320384,13.211066,3.400057,2.6682346,272.34702134603305,-23.72322826729173,2025050100570,155,60797.21047811331,u,272.34701215032743,-23.72322069376806,17.979839324951172,8594.15,477.182,False,8472.26,0.586249,9842.61,479.617,False,1573.11,6.75606,21.564492626965666,0.06028446763581022,21.580001842282112,7.512892371810257e-05,21.41722426841926,0.05290644732330739,23.4081022805978,0.004662928304981858
1999 RA194,86146,MBO,MBO,20892066633102401,745200679452672106,13.210945,3.4000564,2.6682265,272.3469906932887,-23.72322262679071,2025050100571,37,60797.211111267345,u,272.34699722374563,-23.723222471529017,19.234859466552734,8072.07,416.214,False,7822.04,3.8193,8823.92,420.577,False,1675.41,6.2114,21.63253772515948,0.05598298910995296,21.666699913333986,0.0005301369204142325,21.53584610456042,0.0517497524144915,23.33969721964389,0.004025248601502705
1999 RA194,86146,MBO,MBO,20892066633102401,745200679619395675,13.210835,3.4000556,2.6682193,272.34696288694414,-23.723217509018063,2025050100572,99,60797.21168550267,u,272.34695332819484,-23.723245127240386,18.000015258789062,7265.78,402.039,False,7387.19,5.95101,8642.11,403.96,False,1488.14,6.42085,21.746794422713943,0.060077281795267126,21.72880183534854,0.0008746529207736358,21.558450481150643,0.05075079698759745,23.468390513493308,0.0046846056316415955
1999 RA194,86146,MBO,MBO,20892066633102401,745200679782973593,13.210724,3.400055,2.668212,272.3469346342474,-23.723212308058987,2025050100573,155,60797.2122683731,u,272.34693655079667,-23.72321909146374,15.876846313476562,7951.29,501.795,False,7772.75,5.19388,9700.27,497.316,False,1734.59,6.3565,21.64890601125347,0.06851932337633854,21.673563251412507,0.0007255068858905404,21.433040495698226,0.055663813773815254,23.30200792556509,0.003978739923016723
1999 RA194,86146,MBO,MBO,20892066633102401,745200679855325246,13.210603,3.4000542,2.668204,272.34690414066927,-23.72320669339382,2025050100574,37,60797.21289739023,u,272.3469211490329,-23.723199259478314,19.616975784301758,7728.35,392.944,False,7628.46,8.76991,8840.11,393.73,False,1517.07,5.89981,21.679783031040053,0.05520370093442511,21.693907822207883,0.0012481954018002844,21.533855784080572,0.04835764609568632,23.44748598773807,0.004222374292799483
1999 RA194,86146,MBO,MBO,20892066633102401,745200680131100717,13.210376,3.4000528,2.668189,272.3468467083272,-23.72319611517893,2025050100576,51,60797.214081899176,u,272.3468468853382,-23.723193242754608,19.942058563232422,7600.15,381.063,False,7546.14,3.26553,8383.74,383.272,False,1444.07,10.0477,21.697944604456346,0.054437595045682956,21.70568783482452,0.0004698434170679236,21.591405466324673,0.049635637374566166,23.501029425933147,0.00755444818633429
1999 RA194,86146,MBO,MBO,20892066633102401,745200680294678631,13.210262,3.4000523,2.6681817,272.3468180732601,-23.723190839308028,2025050100577,107,60797.21467157019,u,272.34681862602423,-23.723182975783452,18.83037757873535,8176.92,435.987,False,7953.29,11.0862,9947.68,430.765,False,1591.12,6.34283,21.618525638387894,0.057890608529426936,21.64863294872553,0.001513422545131549,21.40569551834413,0.04701570485172244,23.39574266645217,0.004328171595737707
1999 RA194,86146,MBO,MBO,20892066633102401,745200680532181110,13.210037,3.4000509,2.6681669,272.3467610630919,-23.72318033201272,2025050100579,48,60797.21584555978,u,272.34675024633776,-23.723200507482716,17.67179298400879,7221.9,405.464,False,7311.8,3.1792,8707.14,411.809,False,1496.17,6.94678,21.75337133829175,0.060957218850402485,21.739939269973636,0.0004720824643341299,21.550311225258866,0.05135049493408037,23.46254761218426,0.005041118691917059
1999 RA194,86146,MBO,MBO,20892066633102401,745200680725119035,13.209922,3.4000502,2.6681592,272.3467317162889,-23.723174921406937,2025050100580,160,60797.21644930975,u,272.3467221887155,-23.723166116203334,13.311004638671875,7253.52,542.069,False,8240.28,13.2497,9206.84,551.736,False,1468.58,6.84389,21.748627964929256,0.08113907514190623,21.610145041407307,0.001745775395069573,21.489723528724028,0.06506464604050682,23.48275600891347,0.005059758122240418
1999 RA194,86146,MBO,MBO,20892066633102401,745200680959475772,13.209697,3.4000487,2.6681445,272.3466746434585,-23.72316439538315,2025050100582,95,60797.217623277495,u,272.34668887520206,-23.72317113266816,16.968835830688477,6966.58,406.493,False,6810.51,4.97268,8038.4,407.743,False,1570.48,6.39377,21.792450916195996,0.06335162656422509,21.817050949985894,0.0007927481196284057,21.63707597972764,0.055073317472798866,23.40991898838554,0.004420271443639431
1999 RA194,86146,MBO,MBO,20892066633102401,745200681127247905,13.20958,3.400048,2.6681368,272.3466451672856,-23.72315895713864,2025050100583,159,60797.21822903136,u,272.34661317518163,-23.723185683226024,14.277719497680664,6716.06,467.743,False,6908.87,3.67854,8199.81,476.442,False,2032.08,5.3642,21.8322135720589,0.07561658437386225,21.801482429318987,0.0005780864282503651,21.615490583529365,0.0630856496510731,23.130148019771738,0.002866081256936436
1999 RA194,86146,MBO,MBO,20892066633102401,745200681197502533,13.209457,3.4000473,2.6681287,272.346614074159,-23.72315321913618,2025050100584,37,60797.21886873043,u,272.3466424034471,-23.723139467112148,17.186758041381836,6985.35,402.909,False,7342.79,3.8274,9313.71,404.924,False,1558.94,6.18875,21.78952955666977,0.06262433216606517,21.735347224754953,0.0005659356585761253,21.477193226488588,0.04720360211051214,23.417926539510702,0.004310204345229058
1999 RA194,86146,MBO,MBO,20892066633102401,745200681393586242,13.209326,3.4000466,2.6681201,272.34658058322054,-23.723147036963294,2025050100585,155,60797.21955676924,u,272.34657967433316,-23.72310887614249,12.39712142944336,7733.82,611.425,False,7932.28,10.0902,9186.31,615.783,False,2546.69,4.83048,21.679014874896797,0.08583678710250836,21.651504939707387,0.00138110306375153,21.492147308351974,0.07277981587635102,22.885059817541105,0.002059389737351634
1999 RA194,86146,MBO,MBO,20892066633102401,745200681489006629,13.2092085,3.4000459,2.6681125,272.34655078013145,-23.723141534061288,2025050100586,81,60797.22016826059,u,272.346567778132,-23.723138835089532,16.24713134765625,7949.22,494.363,False,9492.34,13.571,9382.17,497.84,False,2409.83,4.93004,21.649188679302306,0.06752207135330267,21.456566804027794,0.0015522543845877782,21.469241764364178,0.05761171591450781,22.94503394826652,0.002221203411848085
1999 RA194,86146,MBO,MBO,20892066633102401,745200681634234570,13.209096,3.4000452,2.6681051,272.34652228158825,-23.72313627071428,2025050100587,102,60797.220753260866,u,272.3465323417517,-23.723130902961753,15.9446439743042,6862.07,427.088,False,7442.96,2.13601,8989.27,430.187,False,1732.99,6.30909,21.80886216785692,0.06757508009681225,21.72063579317284,0.00031158884752756534,21.515688994091953,0.05195857258657682,23.30300986441909,0.00395271041376292
1999 RA194,86146,MBO,MBO,20892066633102401,745200681796239491,13.208981,3.4000444,2.6680975,272.3464930906304,-23.7231308781331,2025050100588,155,60797.22135213876,u,272.34648341069044,-23.723129693700272,15.02624225616455,7308.35,484.129,False,7799.78,5.1093,9898.7,481.795,False,1686.67,5.89704,21.740451641175596,0.07192271493072923,21.669794146940966,0.0007112190718259374,21.411054572865723,0.05284555335842314,23.33242467068976,0.0037960179187231727
1999 RA194,86146,MBO,MBO,20892066633102401,745200681891659783,13.208866,3.4000437,2.66809,272.3464638404407,-23.723125473219863,2025050100589,81,60797.22195254891,u,272.3464608911903,-23.723104093352752,17.080995559692383,6914.26,401.119,False,7046.22,1.61279,8267.07,391.378,False,1351.26,6.78047,21.8006357705976,0.06298713419663741,21.780109469947337,0.00024851117731409297,21.606620921564748,0.051400706442591926,23.5731526897291,0.005448101473016637
1999 RA194,86146,MBO,MBO,20892066633102401,745200682064674893,13.208749,3.400043,2.6680825,272.3464342383166,-23.72312000184184,2025050100590,155,60797.22255916016,u,272.34641015735724,-23.72311835631527,16.10906410217285,7121.45,442.595,False,6765.27,5.64184,8344.99,441.576,False,1501.32,5.9805,21.768578896634384,0.06747802816715465,21.82428716224381,0.0009054405679633058,21.5964354180309,0.057451839330385585,23.458816863494288,0.00432502454178916
1999 RA194,86146,MBO,MBO,20892066633102401,745200682139648073,13.208639,3.4000425,2.668075,272.3464061381304,-23.723114806718076,2025050100591,42,60797.223135533815,u,272.3463741845661,-23.723099237246693,16.176212310791016,6162.43,379.986,False,5872.84,0.665409,6790.03,378.225,False,1354.69,6.53078,21.925619971292747,0.06694835276274386,21.97787960623758,0.00012301692068394186,21.820320801596008,0.060478760132861714,23.570400234566435,0.0052341896837815515
1999 RA194,86146,MBO,MBO,20892066633102401,745200682301653032,13.208523,3.4000418,2.6680675,272.34637671044004,-23.72310936474191,2025050100592,95,60797.22373820979,u,272.3463862037644,-23.723118653499444,16.463661193847656,6411.07,389.114,False,6659.03,6.66934,7369.57,391.663,False,1465.01,7.3074,21.882673732760342,0.06589776496059097,21.841472606371255,0.0010874172782812934,21.731394654986204,0.05770251225112723,23.48539851989392,0.0054156005322715025
1999 RA194,86146,MBO,MBO,20892066633102401,745200682466803785,13.208411,3.400041,2.6680603,272.3463482488287,-23.723104100017217,2025050100593,154,60797.22432147898,u,272.34636779146575,-23.72309808417504,18.81785011291504,7462.83,393.676,False,7429.14,0.632793,7954.34,395.421,False,1453.62,6.42601,21.71774111689662,0.05727428818602178,21.72265362356908,9.247991929761208e-05,21.64848964504457,0.05397341493914585,23.493872779416993,0.0047997082289132735
1999 RA194,86146,MBO,MBO,20892066633102401,745200682542301207,13.2083,3.4000404,2.668053,272.3463198751358,-23.72309885016729,2025050100594,42,60797.224902562404,u,272.3463104875636,-23.723100349077097,19.831716537475586,7516.98,374.344,False,7235.52,5.26983,8675.12,375.42,False,1298.81,7.47871,21.70989151595837,0.05406943061286383,21.751325626290814,0.0007907718387658874,21.55431125795063,0.04698575870571597,23.616135891632556,0.006251804370998617
1999 RA194,86146,MBO,MBO,20892066633102401,745200682736812042,13.208183,3.4000397,2.6680453,272.34629031911294,-23.723093380066945,2025050100595,157,60797.22550701859,u,272.34627442428894,-23.72309326919031,20.398765563964844,7566.0,368.939,False,7489.71,0.95672,8520.49,365.986,False,1271.71,9.46059,21.702834157608187,0.05294348726022806,21.7138375000782,0.0001386896877597469,21.57383854243803,0.04663631217065935,23.6390298174883,0.008077081874417996
1999 RA194,86146,MBO,MBO,20892066633102401,745200682810736653,13.208069,3.400039,2.6680377,272.34626114364767,-23.723087978891417,2025050100596,42,60797.22610432211,u,272.34624811509093,-23.723096964881055,18.064098358154297,6873.94,377.82,False,6927.31,11.1195,7975.32,374.341,False,1281.09,7.20416,21.80698566668763,0.05967652675620639,21.798588433491002,0.0017427895966320476,21.645629729890643,0.050961665399567736,23.63105092605326,0.006105595842080017
1999 RA194,86146,MBO,MBO,20892066633102401,745200682972741744,13.207952,3.4000382,2.66803,272.3462314201923,-23.723082474711607,2025050100597,95,60797.22671258443,u,272.3462242120979,-23.723066996885674,20.802043914794922,7353.36,352.211,False,7121.62,3.46468,9051.9,353.956,False,1142.27,8.17271,21.733785449339315,0.052004558451324276,21.76855299065658,0.0005282124579383142,21.50815058444018,0.04245548676137758,23.75557805429957,0.007768222435032644
1999 RA194,86146,MBO,MBO,20892066633102401,745200683139465264,13.207836,3.4000375,2.6680226,272.3462019797319,-23.723077021371783,2025050100598,157,60797.227314366,u,272.3461791821314,-23.72307457689463,18.3747615814209,6535.43,354.563,False,6370.5,6.53074,7961.64,366.626,False,1292.41,18.4951,21.86181455241235,0.058903830794606704,21.889566199884097,0.0011130461702542104,21.647493640658148,0.049997126553977124,23.621499197024498,0.015537483594795438
1999 RA194,86146,MBO,MBO,20892066633102401,745200683211817122,13.207722,3.4000368,2.668015,272.3461728225861,-23.72307161895992,2025050100599,39,60797.227910715956,u,272.3462031712906,-23.723088255491007,16.165164947509766,6916.96,424.39,False,6915.56,6.47563,8250.75,417.571,False,1580.27,5.73852,21.80021184560676,0.0666153348355062,21.80043160667138,0.0010166675829546283,21.608766429820086,0.054949182607196126,23.40317174784636,0.003942692708591951
1999 RA194,86146,MBO,MBO,20892066633102401,745200683406852237,13.207609,3.4000363,2.6680076,272.3461441938598,-23.723066312939284,2025050100600,155,60797.22849513817,u,272.34616727773306,-23.723061205251906,17.09798812866211,6892.81,398.309,False,6997.44,4.88071,7631.18,396.558,False,1055.84,9.58784,21.80400922239255,0.06274052062467746,21.787652050921125,0.0007573003458381935,21.69352073106479,0.056420813436175686,23.84100475760237,0.009859320955409168
1999 RA194,86146,MBO,MBO,20892066633102401,745200683479203965,13.207498,3.4000356,2.6680005,272.34611580035124,-23.72306104901393,2025050100601,37,60797.22907599739,u,272.3461198666335,-23.72304226644871,20.43419075012207,7082.59,339.556,False,6785.77,2.5807,7374.08,340.263,False,1056.6,9.81615,21.774519769199404,0.052052744915492846,21.821002158419354,0.0004129169319629192,21.730730376311133,0.050099246937347616,23.840223509209988,0.010086834544274512
1999 RA194,86146,MBO,MBO,20892066633102401,745200683645927521,13.207386,3.400035,2.667993,272.3460872504816,-23.72305575457975,2025050100602,99,60797.22965811858,u,272.34609973764077,-23.723075155571316,20.430559158325195,7133.29,347.598,False,6972.88,0.494265,8155.0,347.019,False,1069.3,7.71254,21.766775293094398,0.05290682454904497,21.791469540085735,7.696122742761415e-05,21.62144008655926,0.04620123918548735,23.82725103336248,0.007831089206761736
1999 RA194,86146,MBO,MBO,20892066633102401,745200683809505495,13.207269,3.4000342,2.6679854,272.3460574172458,-23.7230502205063,2025050100603,155,60797.23026715459,u,272.3460444930887,-23.723036068401854,16.151268005371094,6651.11,411.887,False,6800.35,1.21947,7736.56,408.43,False,1187.83,13.8979,21.842764696035303,0.06723699205167508,21.818671820599725,0.00019469920471427103,21.67863024675914,0.05731839820264994,23.713114315964546,0.012703377885831
1999 RA194,86146,MBO,MBO,20892066633102401,745200683881857074,13.207157,3.4000335,2.667978,272.3460290440825,-23.723044955701496,2025050100604,37,60797.23084691516,u,272.3460237448166,-23.723041199047163,17.59273338317871,6977.95,394.195,False,7050.3,2.2527,8221.48,393.565,False,1581.57,5.88313,21.790680336567057,0.0613348876399702,21.779481037041705,0.0003469126298703038,21.61262492649191,0.051974552965315814,23.40227899069276,0.0040387257820238606
1999 RA194,86146,MBO,MBO,20892066633102401,745200684157632552,13.206932,3.4000323,2.6679635,272.3459716323763,-23.723034297870253,2025050100606,51,60797.23201766411,u,272.3459609579535,-23.72305431945814,19.57806968688965,6761.02,343.006,False,6616.34,2.14715,7459.44,343.419,False,1188.64,8.85479,21.824969445265797,0.055082523726002856,21.84845548911233,0.0003523456458063938,21.718234445891888,0.049985314115072885,23.712374134108167,0.008088206421727206
1999 RA194,86146,MBO,MBO,20892066633102401,745200684321210482,13.206816,3.4000316,2.6679559,272.345941906628,-23.723028777089716,2025050100607,107,60797.23262317332,u,272.3459344653957,-23.7230285720022,17.573619842529297,6349.64,364.102,False,6259.88,5.19729,7884.23,361.644,False,1217.6,7.88183,21.893127218685784,0.06225844362513632,21.90858500033343,0.0009014367630261597,21.65810178994147,0.049801946229997264,23.686238423203818,0.007028242933855985
1999 RA194,86146,MBO,MBO,20892066633102401,745200684558712959,13.20658,3.4000301,2.6679404,272.34588178675176,-23.723017606029835,2025050100609,48,60797.2338485379,u,272.3458860794019,-23.723022864702372,18.89615249633789,6366.69,336.495,False,6438.45,2.07932,7507.15,338.489,False,1103.42,8.32806,21.890215749541422,0.05738379005118388,21.878046648613328,0.0003506422953910414,21.711312280198584,0.04895463416038711,23.793147828053318,0.008194591416055157
1999 RA194,86146,MBO,MBO,20892066633102401,745200684751650883,13.206467,3.4000294,2.667933,272.34585262005123,-23.72301218385678,2025050100610,160,60797.234442450586,u,272.34586440192993,-23.72297685144059,14.145489692687988,6643.37,463.579,False,6705.65,1.24852,8759.02,465.187,False,1152.24,7.92774,21.84402887838938,0.07576343121864455,21.833897811375238,0.00020215242432956333,21.54386126311839,0.05766289009909451,23.746142640000052,0.007470175066154956
1999 RA194,86146,MBO,MBO,20892066633102401,745200684986007643,13.206244,3.400028,2.6679184,272.34579597797944,-23.723001648973547,2025050100612,95,60797.23559562226,u,272.3457954818897,-23.723004441888637,17.472423553466797,5854.85,333.371,False,6026.28,3.36893,6658.26,333.276,False,1224.56,8.18638,21.981210549341604,0.06182104762117928,21.949876772459525,0.0006069697247368696,21.84159816316435,0.05434600528885994,23.68004977506964,0.007258320658924486
1999 RA194,86146,MBO,MBO,20892066633102401,745200685153779756,13.20613,3.4000273,2.6679108,272.34576673410123,-23.7229962072995,2025050100613,159,60797.236190814656,u,272.34578377953505,-23.722990893907426,16.37505340576172,6574.97,400.76,False,6465.37,0.72083,7644.41,404.589,False,1674.02,7.98641,21.855265525558742,0.06617819363491989,21.87351652102268,0.00012104972176003878,21.691640047953694,0.057463807501819626,23.340598381508084,0.005179827322823581
1999 RA194,86146,MBO,MBO,20892066633102401,745200685224034424,13.206018,3.4000268,2.6679037,272.3457381691658,-23.72299089023876,2025050100614,37,60797.23677182355,u,272.3457436366487,-23.72297275000135,18.55389976501465,6162.85,328.157,False,6002.35,3.9799,8259.42,333.263,False,1316.84,8.32738,21.925545989302414,0.057812853492760614,21.95419669295186,0.0007199049246171854,21.60762613278112,0.043808852045182305,23.601167502960447,0.0068659354114975635
1999 RA194,86146,MBO,MBO,20892066633102401,745200685420118112,13.205886,3.4000258,2.667895,272.34570438111007,-23.722984598730463,2025050100615,155,60797.23745847828,u,272.3457313777259,-23.722948080869475,11.324432373046875,6578.13,559.08,False,6833.07,60.2417,7892.2,557.065,False,2468.55,5.65489,21.854743889450265,0.09227750541947441,21.813460353462574,0.009572065786028254,21.657004767173284,0.07663587169437759,22.918895158036854,0.0024871761767377397
1999 RA194,86146,MBO,MBO,20892066633102401,745200685515538465,13.2057705,3.4000251,2.6678874,272.3456747139925,-23.72297907256185,2025050100616,81,60797.23806147524,u,272.34567106725785,-23.722949814693884,16.13316535949707,6754.97,414.7,False,7052.39,6.70636,7941.7,414.273,False,1921.06,6.23946,21.82594140400588,0.06665533718822281,21.779159176575035,0.0010324638263828386,21.650216279701063,0.05663663885880331,23.19114764366548,0.003526390328380266
1999 RA194,86146,MBO,MBO,20892066633102401,745200685660766434,13.205656,3.4000244,2.6678798,272.3456454310359,-23.722973616101715,2025050100617,102,60797.23865651993,u,272.34565194207903,-23.722979343101045,18.527284622192383,6677.6,360.161,False,6757.89,3.56551,8974.83,350.949,False,1445.29,8.7656,21.838448982888735,0.05855993817933547,21.825472182114794,0.0005728420046247001,21.517434413094513,0.04245629583772409,23.50011247617075,0.006584927067372091
1999 RA194,86146,MBO,MBO,20892066633102401,745200685822771444,13.20554,3.4000237,2.6678724,272.3456157448319,-23.722968082610134,2025050100618,155,60797.23925939443,u,272.34562259793836,-23.72297693936761,15.74494743347168,6019.27,380.815,False,5899.74,5.28205,7730.76,380.729,False,1370.11,7.93327,21.95114043535719,0.06869016244894904,21.972917774818836,0.0009720619614845276,21.679444555694516,0.05347097520486662,23.55811142131698,0.006286676638268457
1999 RA194,86146,MBO,MBO,20892066633102401,745200685918191635,13.205424,3.4000232,2.6678648,272.34558619685254,-23.722962572976662,2025050100619,81,60797.23985921059,u,272.34558677662875,-23.72292670610503,16.921550750732422,6237.1,366.054,False,6339.04,4.36037,7643.9,361.079,False,1471.75,8.78231,21.912543215024115,0.06372161081824118,21.894941262749825,0.0007468341765885703,21.69171252177686,0.051287504932609126,23.480414888789483,0.0064788662615692496
1999 RA194,86146,MBO,MBO,20892066633102401,745200686091206751,13.205309,3.4000225,2.6678572,272.34555663945457,-23.722957059668005,2025050100620,155,60797.24045999628,u,272.34554192889266,-23.72294278131704,16.40706443786621,6255.23,380.986,False,6325.25,11.1147,7620.26,376.597,False,1378.8,8.21251,21.90939179589666,0.06612870938084056,21.897305761753955,0.001907850684102477,21.69507555955958,0.05365761714755372,23.551246774710513,0.006466941718492942
1999 RA194,86146,MBO,MBO,20892066633102401,745200686166179916,13.205193,3.4000218,2.6678498,272.3455268262322,-23.72295149668097,2025050100621,42,60797.24106410683,u,272.3455318789521,-23.722954912670254,17.715412139892578,6049.16,340.302,False,5766.23,2.71631,6772.02,336.224,False,1416.67,10.8851,21.945762292635223,0.06107925638081084,21.997770100474494,0.0005114600261657216,21.823204416735905,0.05390571315434125,23.52182822332326,0.008342343094551032
1999 RA194,86146,MBO,MBO,20892066633102401,745200686328184860,13.205077,3.400021,2.6678421,272.3454972993443,-23.7229459851669,2025050100622,95,60797.241663404435,u,272.34550221560283,-23.722929845908716,16.185964584350586,6198.33,378.668,False,5719.07,0.76441,7260.37,379.632,False,1658.81,6.64771,21.919313250263095,0.06632972933130767,22.006686502780987,0.00014511933904140444,21.747603098471856,0.056771237247338624,23.350508349627482,0.004351106518601165
1999 RA194,86146,MBO,MBO,20892066633102401,745200686493335635,13.204963,3.4000204,2.6678348,272.3454680097332,-23.722940516005348,2025050100623,154,60797.24225700423,u,272.34548181327386,-23.722941132846604,18.628244400024414,6541.71,349.626,False,6144.59,2.48365,7309.46,350.024,False,1401.87,9.56343,21.86077178762509,0.05802788816358067,21.92876775327867,0.0004388557674263908,21.74028677123348,0.051992037312098754,23.53323064891399,0.007406793816067215
1999 RA194,86146,MBO,MBO,20892066633102401,745200686568833047,13.204848,3.4000196,2.6678271,272.34543861239547,-23.722935024773,2025050100624,42,60797.24285331082,u,272.3454283056137,-23.722945452323867,16.49866485595703,6026.57,362.452,False,6158.59,0.78684,7260.02,360.471,False,1497.55,9.80592,21.94982451827546,0.06529871317499897,21.92629679636941,0.0001387169336632978,21.747655454324157,0.053908449759770216,23.46154663592482,0.007109373065870912
1999 RA194,86146,MBO,MBO,20892066633102401,745200686763343895,13.204734,3.400019,2.6678197,272.34540920594947,-23.72292952986436,2025050100625,157,60797.24344942246,u,272.34541271766716,-23.722913844421843,19.003047943115234,6192.55,326.707,False,6207.6,0.686735,7180.21,329.112,False,1244.23,16.2546,21.92032622959291,0.05728135101547746,21.917690671777727,0.00012011292819010753,21.759657140249622,0.04976578891622793,23.662748345702155,0.014184040379028803
1999 RA194,86146,MBO,MBO,20892066633102401,745200686837268501,13.2046175,3.4000182,2.667812,272.34537939552865,-23.72292395743728,2025050100626,42,60797.244053270115,u,272.3453753470004,-23.722931973890585,16.629085540771484,6108.07,366.013,False,6384.65,0.617532,7282.67,364.504,False,1436.24,7.34006,21.935240017406926,0.0650604163800813,21.88715727992812,0.00010501388116367681,21.744273433667406,0.05434204645260306,23.506932462688866,0.005548772625342749
1999 RA194,86146,MBO,MBO,20892066633102401,745200686999273594,13.204503,3.4000175,2.6678047,272.34535006961323,-23.722918473567617,2025050100627,95,60797.24464707573,u,272.3453425971061,-23.722914857695397,16.4650821685791,5544.29,336.956,False,5353.4,3.92134,7199.09,339.883,False,1242.5,10.0283,22.040385146265884,0.06598596378274284,22.078425783333778,0.0007952966104853613,21.756806016151923,0.05125971223027294,23.664259006486574,0.00876304924907784
1999 RA194,86146,MBO,MBO,20892066633102401,745200687165997093,13.204388,3.400017,2.667797,272.3453204877836,-23.722912939807564,2025050100628,157,60797.245246403836,u,272.3453351638406,-23.722963469136,13.314325332641602,5666.96,423.924,False,5721.1,0.887901,8091.57,415.964,False,1889.99,5.54461,22.01662463947678,0.08121985160153984,22.006301134134397,0.00016850365389725624,21.629918034703042,0.055814529544201734,23.208851239828114,0.003185193506252725
1999 RA194,86146,MBO,MBO,20892066633102401,745200687238348974,13.204269,3.4000163,2.6677895,272.3452903040036,-23.722907291320336,2025050100629,39,60797.24585788547,u,272.3452751390117,-23.72291302462222,13.825100898742676,5244.33,376.541,False,5135.61,11.113,6598.62,369.337,False,1277.07,8.21523,22.100774954069617,0.07795546314136391,22.12351993930463,0.002349435933330301,21.85136718317036,0.0607706689628822,23.634463288447847,0.006984404146704367
1999 RA194,86146,MBO,MBO,20892066633102401,745200687433384053,13.204153,3.4000156,2.6677818,272.34526025913146,-23.72290166668333,2025050100630,155,60797.24646588034,u,272.3452559032959,-23.722894013360232,15.510468482971191,5939.03,382.51,False,5957.22,2.19758,6607.57,385.761,False,1009.68,8.13115,21.96571124165819,0.06992808275232425,21.962390863642526,0.0004005210803706615,21.849895597122227,0.06338709697845263,23.889540623554424,0.008743645780929062
1999 RA194,86146,MBO,MBO,20892066633102401,745200687505735800,13.204038,3.4000149,2.6677744,272.34523064997944,-23.722896121507745,2025050100631,37,60797.24706404486,u,272.34523520354634,-23.722889373967146,18.13071632385254,5801.15,316.882,False,5342.52,0.638845,6089.43,318.463,False,941.389,9.30822,21.99121478042703,0.059307250005514484,22.080634604423224,0.00012982958827621816,21.938558362462224,0.05678147425596978,23.96557722814463,0.010735489371713555
1999 RA194,86146,MBO,MBO,20892066633102401,745200687672459374,13.203922,3.4000142,2.6677668,272.3452010813136,-23.722890581810525,2025050100632,99,60797.247662346024,u,272.34520754376837,-23.722867379481674,16.41936683654785,5720.9,347.466,False,5783.03,0.408093,6626.51,345.241,False,1031.54,8.56882,22.00633912736964,0.06594354494455416,21.994611427205868,7.661751146933626e-05,21.846787894164773,0.05656682981070829,23.866284775731124,0.009019017927970632
1999 RA194,86146,MBO,MBO,20892066633102401,745200687836037338,13.203806,3.4000134,2.6677592,272.34517120699434,-23.722884982698904,2025050100633,155,60797.2482660204,u,272.345163635104,-23.722912833285378,13.725646018981934,5429.12,398.313,False,5281.27,0.369306,6773.01,400.747,False,1082.8,9.5256,22.063176374100514,0.0796561547484027,22.09315406859435,7.592281615491124e-05,21.823045745520492,0.06424109103300597,23.813629333293296,0.009551430362180424
1999 RA194,86146,MBO,MBO,20892066633102401,745200687908388957,13.20369,3.4000127,2.6677518,272.34514142263833,-23.722879398281723,2025050100634,37,60797.248868611816,u,272.34516123157215,-23.722872824682874,17.11501121520996,5963.49,345.922,False,5836.7,5.67195,6818.76,346.388,False,1083.79,7.58501,21.961248718991598,0.06297990295624863,21.984581534612794,0.0010550895389913597,21.81573652520873,0.05515460376237964,23.812637112087604,0.007598630481729073
1999 RA194,86146,MBO,MBO,20892066633102401,745200688184164400,13.203457,3.4000113,2.6677365,272.3450814311458,-23.72286814355032,2025050100636,51,60797.25008076902,u,272.34509037213115,-23.722873908364402,20.244110107421875,6091.24,301.391,False,5725.97,2.17484,6710.72,305.611,False,806.913,11.4983,21.938235679704007,0.053721590079303445,22.005377288516858,0.0004123846981614086,21.833077168822193,0.04944520236757042,24.13293318562549,0.015471456999927179
1999 RA194,86146,MBO,MBO,20892066633102401,745200688347742317,13.2033415,3.4000106,2.667729,272.34505181818565,-23.72286258470224,2025050100637,107,60797.25067847094,u,272.34505037198807,-23.722858840234643,19.159814834594727,6379.77,333.374,False,6103.77,2.47024,7454.82,331.376,False,881.296,8.7677,21.887987441539078,0.05673499400916242,21.936004595697383,0.00043940533800169507,21.718907121403777,0.04826232380642841,24.037195477325472,0.010801602767967244
1999 RA194,86146,MBO,MBO,20892066633102401,745200688585244846,13.2031145,3.4000094,2.667714,272.34499355739683,-23.722851641748463,2025050100639,48,60797.25185400197,u,272.3449946700133,-23.72285894386943,21.306854248046875,6380.89,298.286,False,6149.15,1.19797,7327.91,304.271,False,703.482,22.6885,21.88779683199815,0.050754661856974706,21.927962299276818,0.00021152182941794632,21.73754965992395,0.04508216250918964,24.281867534248924,0.03501685256100498
1999 RA194,86146,MBO,MBO,20892066633102401,745200688778182767,13.202999,3.4000087,2.6677067,272.3449638196889,-23.722846052886982,2025050100640,160,60797.252454148234,u,272.34496023845276,-23.722839434284406,14.370490074157715,6061.8,416.276,False,5714.47,0.931984,7323.07,426.01,False,848.498,9.2719,21.943496026550484,0.07455969183982054,22.007560066467917,0.00017707481901231917,21.738267062299435,0.06316128376411433,24.078372960677726,0.0118643036012751
1999 RA194,86146,MBO,MBO,20892066633102401,745200689012539448,13.202766,3.4000072,2.6676915,272.34490407046985,-23.72283481686015,2025050100642,95,60797.25365925135,u,272.3448969079495,-23.722838765223425,15.006753921508789,6110.82,399.099,False,6259.62,1.26872,6879.54,398.337,False,1299.46,6.57348,21.93475130285112,0.07090967251319238,21.908630055957673,0.00022006052209820305,21.806101493500883,0.06286596287479986,23.61559274368136,0.005492331877949563
1999 RA194,86146,MBO,MBO,20892066633102401,745200689180311612,13.202652,3.4000065,2.667684,272.3448744062004,-23.722829234976704,2025050100643,159,60797.25425770604,u,272.3448746821523,-23.722808592273978,14.212570190429688,6238.62,432.852,False,6450.08,1.19956,7398.67,434.924,False,1435.74,5.76696,21.912278646691902,0.07533125398582495,21.876087233849066,0.00020192086860337327,21.727115868750094,0.06382400489517732,23.507310507181902,0.0043610942527013375
1999 RA194,86146,MBO,MBO,20892066633102401,745200689250566203,13.202536,3.4000058,2.6676764,272.34484443573024,-23.72282359314835,2025050100644,37,60797.2548614307,u,272.34485997421484,-23.722795154708248,14.092711448669434,6260.4,439.098,False,6360.66,9.55214,8727.63,445.077,False,1632.55,5.71389,21.908494810011447,0.07615241753342569,21.89124451931528,0.0016305075624664163,21.547759198458895,0.05536854962772327,23.367833739379236,0.0038000533763917583
1999 RA194,86146,MBO,MBO,20892066633102401,745200689716658294,13.197539,3.399976,2.6673522,272.3435526186224,-23.722577986615903,2025050100647,158,60797.28074399984,g,272.34353101963165,-23.72257363347029,95.84738159179688,21162.4,221.115,False,25418.4,1.25285,24269.8,241.495,False,1005.03,3.56549,20.58608768265096,0.011344297548853374,20.387129458941992,5.3514959387552464e-05,20.437334471403258,0.010803543952828183,23.89455240440701,0.0038518068872492985
1999 RA194,86146,MBO,MBO,20892066633102401,745200689810505818,13.197443,3.3999753,2.667346,272.343527530788,-23.722573166080387,2025050100648,81,60797.28124434253,g,272.34352108576,-23.722576277603682,119.39466857910156,26200.7,219.294,False,26475.8,0.656276,27557.9,221.427,False,993.259,4.06637,20.35421779624331,0.009087369775525734,20.342877238616,2.691297634263102e-05,20.299384684935454,0.008723861735611144,23.907343758116834,0.004444968800605279
1999 RA194,86146,MBO,MBO,20892066633102401,745200689957306379,13.197351,3.3999748,2.66734,272.34350379344147,-23.72256860313126,2025050100649,105,60797.281717596794,g,272.3434951170748,-23.722574760139953,121.6951904296875,27104.9,222.216,False,24722.3,0.0293615,24577.7,190.43,False,771.645,4.50159,20.317380460986264,0.008901267177170453,20.417277785201637,1.2894771925310407e-06,20.4236469374084,0.008412371543801348,24.181456106394766,0.00633392152358905
1999 RA194,86146,MBO,MBO,20892066633102401,745200690118787172,13.197258,3.3999743,2.667334,272.3434794496252,-23.722563921672087,2025050100650,157,60797.28220231854,g,272.34347279807747,-23.72256658102398,118.62324523925781,27341.1,229.805,False,25491.6,0.362614,28369.3,228.558,False,1012.9,4.83425,20.30796005720391,0.009125733937076864,20.3840072787525,1.5444427202954066e-05,20.26787842034355,0.008747261553701103,23.88608354599712,0.0051818739187966326
1999 RA194,86146,MBO,MBO,20892066633102401,745200690192712210,13.197162,3.3999736,2.667328,272.34345459948184,-23.722559140820024,2025050100651,42,60797.28269772871,g,272.34344417049437,-23.722561186568296,121.57696533203125,26107.7,213.957,False,25156.2,0.109429,27070.7,207.586,False,1036.16,4.82894,20.35807849840399,0.008897791414335677,20.39838743658582,4.722932430313805e-06,20.318751316343683,0.008325741141343683,23.861432907341793,0.005059985642223549
1999 RA194,86146,MBO,MBO,20892066633102401,745200690387746971,13.197064,3.3999732,2.6673214,272.34342929294723,-23.7225542700562,2025050100652,158,60797.28320126145,g,272.3434166729072,-23.722557234979835,117.61563873291016,26621.7,224.814,False,24645.1,0.0963331,27008.9,216.249,False,1016.36,4.26903,20.336910569206818,0.009168787164727838,20.420673555488044,4.24394048129218e-06,20.321232742049418,0.008693036645695535,23.88238110424086,0.0045604319327997075
1999 RA194,86146,MBO,MBO,20892066633102401,745200690461147278,13.196968,3.3999724,2.6673152,272.3434041827434,-23.72254943497055,2025050100653,42,60797.283701374006,g,272.3433984450249,-23.72255064750506,118.80044555664062,26373.5,221.498,False,24326.5,0.219825,27535.6,218.512,False,1158.33,4.5518,20.347080579022162,0.00911856215801246,20.434800927840378,9.811191940682315e-06,20.30026365493808,0.008615987513719548,23.740419280100266,0.0042665337158843495
1999 RA194,86146,MBO,MBO,20892066633102401,745200690623152583,13.196876,3.399972,2.6673093,272.3433801732144,-23.72254480985285,2025050100654,95,60797.28417959226,g,272.34337153409973,-23.722571174839075,131.47149658203125,26334.6,199.427,False,24626.5,0.0492678,26858.4,194.187,False,842.206,6.32404,20.34868320064815,0.008222077397743917,20.421493267874578,2.1721248547811957e-06,20.327299640580353,0.007849903549111255,24.086454180499793,0.008152683750380812
1999 RA194,86146,MBO,MBO,20892066633102401,745200690789875810,13.196776,3.3999715,2.6673028,272.34335445137185,-23.722539852734275,2025050100655,157,60797.284691791996,g,272.34334481505437,-23.722541826971973,130.55648803710938,26602.7,203.736,False,26084.4,0.544966,27323.6,199.329,False,936.238,5.63784,20.337685739593795,0.008315078908964723,20.359047855187622,2.2683645728204593e-05,20.308655218231188,0.007920578157825257,23.971534367044676,0.006538088538996871
1999 RA194,86146,MBO,MBO,20892066633102401,745200690862227927,13.196679,3.3999708,2.6672964,272.343329076666,-23.72253496033307,2025050100656,39,60797.28519669482,g,272.34331890260415,-23.72254004646534,130.6862030029297,27494.6,210.42,False,24682.6,0.0978969,27148.0,189.942,False,881.459,6.21077,20.301881500894076,0.00830929031384271,20.419022754166804,4.306280794220812e-06,20.315655398701427,0.007596394123400116,24.036994728190525,0.00765010977172539
1999 RA194,86146,MBO,MBO,20892066633102401,745200691058311462,13.196581,3.3999703,2.6672902,272.34330359695326,-23.722530045496747,2025050100657,157,60797.28570343807,g,272.3432945174026,-23.722534182113407,128.2683868408203,26729.6,207.789,False,26512.0,0.310628,27485.5,202.735,False,902.923,5.9543,20.332518866552483,0.008440232743396338,20.341393772311843,1.272103434177776e-05,20.302240895493505,0.00800846737859308,24.01087324202646,0.007159856591597419
1999 RA194,86146,MBO,MBO,20892066633102401,745200691294241038,13.196385,3.399969,2.6672776,272.34325282515954,-23.722520245446397,2025050100659,95,60797.28671342708,g,272.3432426234983,-23.722526645176828,135.71176147460938,27083.0,198.587,False,26257.8,0.581482,28237.7,194.641,False,654.755,5.58455,20.318258075661245,0.007961197127015688,20.351854127505533,2.4043752090663964e-05,20.272926730214486,0.007483923743844535,24.35980293296442,0.009260483650667168
1999 RA194,86146,MBO,MBO,20892066633102401,745200691460440729,13.196293,3.3999684,2.6672716,272.3432286898068,-23.72251558372127,2025050100660,156,60797.28719301775,g,272.34321965557507,-23.72255772126256,134.54444885253906,25947.5,191.592,False,25950.4,0.444973,26206.8,186.439,False,503.167,5.86577,20.36476119844127,0.008016894335604947,20.364639842506286,1.8617180475835307e-05,20.35396498176669,0.007724085397991558,24.645719640990684,0.012657186993706262
1999 RA194,86146,MBO,MBO,20892066633102401,745200691533316474,13.196196,3.399968,2.6672652,272.34320329313323,-23.722510676219024,2025050100661,39,60797.28769880625,g,272.3431978889401,-23.722512600072292,136.2220458984375,26094.1,191.296,False,23350.7,0.124291,27748.1,192.915,False,528.365,6.84347,20.35864421027349,0.007959538816577722,20.47925027572131,5.779152065109848e-06,20.2919168878779,0.007548437392110963,24.592664916760654,0.014062633572200575
1999 RA194,86146,MBO,MBO,20892066633102401,745200691729924243,13.196098,3.3999674,2.667259,272.3431779423954,-23.722505775383254,2025050100662,158,60797.28820217203,g,272.34316857662424,-23.722506398544976,124.45346069335938,27446.8,219.435,False,26346.1,0.755989,27580.3,210.681,False,629.046,4.89295,20.303770674849048,0.008680374931097034,20.348209176319003,3.1154692962749825e-05,20.298502504671195,0.008293745267821112,24.40329395188173,0.00844525337230074
1999 RA194,86146,MBO,MBO,20892066633102401,745200691801227910,13.195999,3.3999667,2.6672525,272.34315228549485,-23.722500813104062,2025050100663,38,60797.28871230986,g,272.3431452743516,-23.72250412734061,128.5597686767578,27967.4,218.412,False,25070.6,0.157947,22685.2,169.442,False,414.964,4.56473,20.283369750095126,0.008479079765182009,20.402088197421094,6.840234504784332e-06,20.51064350614546,0.008109662766922873,24.854973974757073,0.011943428673292941
1999 RA194,86146,MBO,MBO,20892066633102401,745200691967426859,13.195908,3.3999662,2.6672466,272.3431283853929,-23.72249618855796,2025050100664,99,60797.28918785686,g,272.34311847569654,-23.722503327167736,122.77474212646484,26156.0,213.119,False,25291.2,0.0853364,26690.2,209.006,False,596.876,4.60165,20.35607167827318,0.008846575080299894,20.39257644366766,3.6634412032992944e-06,20.334120461439724,0.008502198719962537,24.46028975128104,0.00837054674883132
1999 RA194,86146,MBO,MBO,20892066633102401,745200692132053105,13.195809,3.3999655,2.6672404,272.3431027703572,-23.722491229980847,2025050100665,157,60797.28969674934,g,272.343091736354,-23.72249342404746,121.55183410644531,26891.3,219.896,False,25895.5,0.110152,27794.2,221.481,False,524.955,4.52356,20.325970474131623,0.008878300316614088,20.366939247612073,4.618409106356754e-06,20.29011458485937,0.008651803260161767,24.599694773231015,0.009355835752965499
1999 RA194,86146,MBO,MBO,20892066633102401,745200692203356367,13.19571,3.399965,2.667234,272.3430769496523,-23.72248622927901,2025050100666,37,60797.29020936786,g,272.3430706767934,-23.722489602578477,138.44960021972656,27035.0,194.866,False,24144.2,0.00407351,26884.6,189.353,False,217.509,6.47431,20.32018406522089,0.007825894890349627,20.44296798525168,1.8318094500667022e-07,20.326241067646706,0.007647032394781697,25.556306907282085,0.032317709131810916
1999 RA194,86146,MBO,MBO,20892066633102401,745200692479131759,13.19551,3.3999639,2.6672208,272.3430248923562,-23.72247614024451,2025050100668,51,60797.29124312107,g,272.34301749575314,-23.722477687568812,133.29344177246094,27027.6,201.979,False,25577.9,0.426921,26871.4,197.663,False,188.85,4.95817,20.32048130849588,0.00811377703945017,20.380337770654954,1.8122034649790406e-05,20.326774249801602,0.007986553221071307,25.709707492000817,0.02850550403021289
1999 RA194,86146,MBO,MBO,20892066633102401,745200692642709922,13.195412,3.3999631,2.6672146,272.34299931038936,-23.722471178810547,2025050100669,107,60797.291751934696,g,272.3429856529344,-23.722476985656325,127.34358978271484,29331.2,228.888,False,25626.3,0.343466,27265.1,203.869,False,185.887,5.9407,20.231675450847398,0.008472616039713842,20.37828520188621,1.4551982719967298e-05,20.310982278344433,0.008118362341511552,25.726877492335472,0.03469867908539158
1999 RA194,86146,MBO,MBO,20892066633102401,745200692880212241,13.195216,3.399962,2.667202,272.3429484865676,-23.72246131505169,2025050100671,48,60797.292760800476,g,272.3429420459697,-23.722462930575066,120.112548828125,26917.6,223.283,False,25927.7,0.144112,26574.2,214.75,False,167.991,4.44531,20.324909177881217,0.00900624296720299,20.36559005024149,6.034766947488678e-06,20.33884953386189,0.008773993453292692,25.83678497903977,0.028730314191079555
1999 RA194,86146,MBO,MBO,20892066633102401,745200693142880634,13.195018,3.399961,2.6671891,272.3428968904965,-23.72245129204192,2025050100673,37,60797.293784256166,g,272.3428960673138,-23.722452622332447,97.43135833740234,28930.6,294.439,False,27859.7,0.43783,28931.5,292.654,False,356.647,4.20067,20.246606412912165,0.011049998329547622,20.287558941634252,1.7062922324042367e-05,20.246572622686553,0.0109826671363333,25.019403552271974,0.012788048709281642
1999 RA194,86146,MBO,MBO,20892066633102401,745200693307506922,13.19492,3.3999603,2.667183,272.34287123740813,-23.7224463051606,2025050100674,95,60797.29429340684,g,272.342864355383,-23.722448215852683,121.79742431640625,28150.5,230.39,False,26087.2,0.202198,28233.0,228.448,False,64.2704,4.43231,20.276284717367954,0.008885908369355594,20.358931363109484,8.415379740263431e-06,20.273107429657323,0.00878526059519026,26.87997247599154,0.0748761401217459
1999 RA194,86146,MBO,MBO,20892066633102401,745200693475279171,13.194823,3.3999598,2.6671765,272.3428460843819,-23.72244141320146,2025050100675,159,60797.29479243902,g,272.34283621961396,-23.722444511720173,125.0658950805664,27584.5,220.234,False,26592.5,0.342939,26999.3,210.43,False,-3.33704,4.67986,20.298337209273665,0.008668492098616452,20.338102080216835,1.4001740220576556e-05,20.321618707267056,0.008462125129319962,nan,nan
1999 RA194,86146,MBO,MBO,20892066633102401,745200693545533583,13.194725,3.399959,2.6671703,272.3428205241127,-23.72243643971052,2025050100676,37,60797.29529904389,g,272.34280889206286,-23.72243555124498,109.61354064941406,27185.0,246.273,False,26467.3,0.57741,28139.3,249.302,False,30.2209,3.77536,20.314176656655675,0.009835847229001889,20.343225867900927,2.3686394331149324e-05,20.2767167458084,0.009619151930724192,27.699231530531495,0.1356361065135612
1999 RA194,86146,MBO,MBO,20892066633102401,745200693743190382,13.1946125,3.3999584,2.667163,272.34279112738875,-23.72243071681527,2025050100677,158,60797.29588233264,g,272.3427948051155,-23.722428524137865,87.74678039550781,29447.8,334.562,False,29074.5,1.32046,26760.8,297.259,False,166.532,3.33988,20.22736783404546,0.012335253540938326,20.241219362961218,4.931026114150846e-05,20.33125223756746,0.012060358882538522,25.846255770543962,0.021774966221419723
1999 RA194,86146,MBO,MBO,20892066633102401,745200694145319431,13.1943245,3.3999567,2.6671443,272.34271607403736,-23.72241609138265,2025050100680,157,60797.29737012891,g,272.3427061155217,-23.722421287245137,140.69142150878906,30111.9,211.733,False,27900.9,0.890949,30016.1,201.153,False,-104.04,7.1742,20.20315458721298,0.007634396458389312,20.285954453431565,3.4670407912614777e-05,20.20661435519669,0.007276065095245177,nan,nan
1999 RA194,86146,MBO,MBO,20892066633102401,745200694219243834,13.194224,3.3999562,2.6671379,272.34269003965164,-23.72241101334599,2025050100681,42,60797.29788671732,g,272.34268018411495,-23.722409441663384,141.7522735595703,28069.4,197.951,False,26995.9,0.391745,27870.4,192.648,False,-145.532,8.41577,20.279417161308825,0.007656828035184977,20.321755457464725,1.575541932473296e-05,20.287141980244904,0.007504912021666549,nan,nan
1999 RA194,86146,MBO,MBO,20892066633102401,745200694414279515,13.194124,3.3999555,2.6671314,272.34266384986694,-23.722405902496803,2025050100682,158,60797.29840548485,g,272.3426469891788,-23.722411129195148,122.54058837890625,27223.5,220.688,False,26151.2,0.243261,27487.3,222.159,False,-189.656,3.7164,20.312640100755036,0.008801548493000922,20.35627097711184,1.0099623607429397e-05,20.302169763101745,0.008775181954802324,nan,nan
1999 RA194,86146,MBO,MBO,20892066633102401,745200694488203327,13.194023,3.399955,2.667125,272.3426376055901,-23.72240077848921,2025050100683,43,60797.29892543325,g,272.3426324569606,-23.722403452830452,139.2543487548828,30539.8,218.894,False,27697.7,0.213848,26342.8,188.508,False,-163.593,5.24502,20.187834500704398,0.007782013362114238,20.29389076308807,8.382736358002975e-06,20.348345131220576,0.007769483488669951,nan,nan
1999 RA194,86146,MBO,MBO,20892066633102401,745200694649684378,13.193931,3.3999543,2.667119,272.3426133765739,-23.722396045696883,2025050100684,95,60797.29940548696,g,272.3426055044102,-23.722400338514515,134.22647094726562,28203.8,208.143,False,25986.2,0.252348,27686.8,202.524,False,-166.329,8.28245,20.2742309041044,0.008012692986003513,20.363143091073535,1.0543418210505003e-05,20.29431806055656,0.007941966394848406,nan,nan
1999 RA194,86146,MBO,MBO,20892066633102401,745200694816407999,13.193836,3.3999538,2.6671128,272.3425887402742,-23.72239123112632,2025050100685,157,60797.29989384275,g,272.34258016122203,-23.722393280635142,127.4826431274414,28432.9,221.565,False,27375.1,0.287452,27188.1,209.23,False,-194.762,4.74427,20.265447091066225,0.008460661471499995,20.306610729719907,1.1400764247021788e-05,20.31405286904206,0.008355441709667916,nan,nan
1999 RA194,86146,MBO,MBO,20892066633102401,745200694888759570,13.193733,3.3999531,2.6671062,272.3425618282177,-23.722385969247007,2025050100686,39,60797.30042600611,g,272.3425567931524,-23.722387347396072,142.63510131835938,28578.2,200.184,False,26109.4,0.049408,28065.7,193.798,False,-180.12,7.13357,20.25991285156377,0.0076053435340285745,20.35800775437916,2.0545877561903125e-06,20.27956033363197,0.007497176816295859,nan,nan
1999 RA194,86146,MBO,MBO,20892066633102401,745200695086416010,13.193631,3.3999527,2.6670997,272.3425351645847,-23.72238075328899,2025050100687,160,60797.3009545994,g,272.34252807031805,-23.72238412023308,127.7080307006836,30765.9,239.589,False,27647.4,0.752509,29095.6,220.06,False,-209.122,5.79264,20.17982592596792,0.008455154998320816,20.295864244902113,2.955164868672368e-05,20.24043172082331,0.008211795246569354,nan,nan
1999 RA194,86146,MBO,MBO,20892066633102401,745200695157195154,13.193529,3.399952,2.667093,272.34250874949765,-23.72237558334204,2025050100688,39,60797.30147766162,g,272.3425018925159,-23.722380002081188,149.48960876464844,28591.8,190.09,False,26756.8,0.15297,28106.8,183.858,False,-164.308,6.73459,20.259396227140954,0.007218418761567947,20.331414537248325,6.2072095163995826e-06,20.27797146141007,0.007102241572904071,nan,nan
1999 RA194,86146,MBO,MBO,20892066633102401,745200695320773017,13.193431,3.3999515,2.6670868,272.34248293673704,-23.722370528765804,2025050100689,95,60797.30198891531,g,272.3424783831946,-23.72237505835934,154.70648193359375,29928.8,192.246,False,27365.3,0.340194,30758.7,191.23,False,-156.835,10.2561,20.209776711451127,0.006974166667457916,20.306999435045306,1.3497418908820973e-05,20.180080086843624,0.00675013362302937,nan,nan
1999 RA194,86146,MBO,MBO,20892066633102401,745200695488544828,13.193333,3.3999507,2.6670804,272.3424574739539,-23.722365540277192,2025050100690,159,60797.30249235105,g,272.34244824547073,-23.7223676264271,148.84231567382812,29207.4,195.241,False,28285.4,0.532869,28018.6,184.656,False,-157.227,8.77087,20.23626773939156,0.00725775716435989,20.271094173190285,2.0454196775252404e-05,20.281383937179445,0.007155522181075377,nan,nan
1999 RA194,86146,MBO,MBO,20892066633102401,745200695559848364,13.193231,3.3999503,2.6670737,272.34243059272217,-23.72236027125483,2025050100691,39,60797.30302439614,g,272.34243821272736,-23.722326318825786,147.97804260253906,28250.5,189.995,False,27067.6,0.130198,29032.1,189.254,False,-172.469,5.8958,20.272434653211413,0.007301975006515795,20.31887564083099,5.222505373520981e-06,20.242803886842417,0.007077680225487065,nan,nan
1999 RA194,86146,MBO,MBO,20892066633102401,745200695827759633,13.193025,3.399949,2.6670606,272.342376818459,-23.722349722724463,2025050100693,38,60797.30408856917,g,272.34236991683053,-23.72235282818489,143.5900115966797,30400.9,211.798,False,27671.9,0.457847,28411.4,191.125,False,-175.9,5.92833,20.192783883997087,0.007564143109146383,20.294902535756115,1.796411002568534e-05,20.266268398715177,0.0073038051374219,nan,nan
1999 RA194,86146,MBO,MBO,20892066633102401,745200696158585271,13.192831,3.399948,2.6670482,272.34232646685587,-23.72233983566856,2025050100695,157,60797.30508495514,g,272.34232005240267,-23.722343426159476,141.95553588867188,29476.8,205.467,False,28896.8,0.519791,28997.8,198.786,False,-162.053,6.16724,20.226299134329373,0.007568085738667747,20.24787559033686,1.95300483096835e-05,20.244087345320267,0.007442948998903632,nan,nan
1999 RA194,86146,MBO,MBO,20892066633102401,745200696906744317,13.192207,3.399944,2.667008,272.3421634413991,-23.72230775746719,2025050100701,48,60797.3083078934,g,272.34219145532666,-23.72231423571323,131.69827270507812,30470.5,230.172,False,29593.0,0.432733,30258.9,226.744,False,-198.228,4.68276,20.19030104811091,0.008201574327323817,20.222027514658116,1.5876520946186903e-05,20.197867145752408,0.008135925972591782,nan,nan
1999 RA194,86146,MBO,MBO,20892066633102401,745200697169936873,13.191997,3.3999429,2.6669943,272.3421083273082,-23.72229688958825,2025050100703,38,60797.30939608869,g,272.34210302948856,-23.722300827808976,150.0573272705078,30792.1,204.002,False,27704.8,0.0975949,31342.3,200.461,False,-96.0987,6.42518,20.17890174252951,0.007193155350238171,20.29361242100752,3.82469158505504e-06,20.159672814824546,0.0069442178246783195,nan,nan
1999 RA194,86146,MBO,MBO,20892066633102401,745200697334038849,13.1919,3.3999424,2.6669881,272.3420832704969,-23.722291944760634,2025050100704,95,60797.30989170977,g,272.34207777250674,-23.722294580425825,150.02220153808594,30312.0,200.206,False,28493.7,0.508833,30334.2,197.374,False,-95.0102,6.35716,20.195963519332658,0.0071711169080867585,20.26312791112383,1.9388791760470668e-05,20.195168663368023,0.007064504602395254,nan,nan
1999 RA194,86146,MBO,MBO,20892066633102401,745200697513869390,13.191804,3.3999417,2.666982,272.3420579068795,-23.72228693689121,2025050100705,182,60797.31039287135,g,272.3420504868576,-23.722289876879106,141.7497100830078,32266.2,226.813,False,30672.6,1.14447,31966.7,223.401,False,-101.569,5.57019,20.128130472726617,0.007632107146671684,20.18312353622881,4.05114827073117e-05,20.13825551325339,0.007587726004478757,nan,nan
1999 RA194,86146,MBO,MBO,20892066633102401,745200697572065417,13.191695,3.399941,2.666975,272.3420297045704,-23.722281365586397,2025050100706,37,60797.31094902153,g,272.3420222971097,-23.722284778176245,161.0768585205078,30476.2,189.209,False,29218.9,0.238673,30429.9,186.167,False,-59.5049,12.5436,20.190097990415154,0.006740704760916651,20.235840330284738,8.868777243244741e-06,20.191748673152617,0.006642422667219279,nan,nan
1999 RA194,86146,MBO,MBO,20892066633102401,745205072729211469,13.023004,3.398918,2.6560507,272.30027875743747,-23.712953447072543,2025050200535,155,60798.19634901412,r,272.3002772429768,-23.712962765937093,106.05237579345703,45566.1,427.688,False,44109.8,0.887336,46440.1,351.634,False,3921.49,19.2322,19.75339531543866,0.010190828648797109,19.788662259192566,2.1841242104231993e-05,19.732767097872788,0.008220950314372292,22.416372223017824,0.00532478638606335
1999 RA194,86146,MBO,MBO,20892066633102401,745205072824631803,13.022906,3.3989172,2.6560445,272.300252015287,-23.7129490243651,2025050200536,81,60798.196848103165,r,272.30024093978125,-23.712950588927693,102.43794250488281,44507.1,432.473,False,46115.4,1.1015,46495.6,368.063,False,4529.74,16.384,19.77892671842755,0.01055003737490294,19.74038508675341,2.5933603684195078e-05,19.731470322478593,0.008594776679494008,22.259816756564078,0.003927091158270278
1999 RA194,86146,MBO,MBO,20892066633102401,745205073131865044,13.022704,3.398916,2.6560316,272.3001968441843,-23.71293989787469,2025050200538,155,60798.19787746796,r,272.30018320423295,-23.712934745921665,109.187744140625,42892.1,393.241,False,41450.2,0.0769314,42460.4,312.324,False,1537.03,10.9611,19.819056685834042,0.00995418672496985,19.85618344448536,2.0151220043137268e-06,19.83003983710688,0.007986299998586691,23.43329411877417,0.007742765254801026
1999 RA194,86146,MBO,MBO,20892066633102401,745205073400300318,13.0225,3.3989148,2.6560187,272.3001412094785,-23.71293069174788,2025050200540,155,60798.198914899374,r,272.3001273097829,-23.71293402791702,113.85721588134766,44894.3,392.885,False,41631.9,0.0929563,41592.6,322.074,False,1089.41,16.5414,19.76952197022855,0.009501639896069971,19.851434461485205,2.4242472961638713e-06,19.8524597855927,0.008407442546057698,23.807021572269846,0.01648561816148853
1999 RA194,86146,MBO,MBO,20892066633102401,745205073475273480,13.022402,3.3989143,2.6560125,272.30011442595844,-23.71292625867641,2025050200541,42,60798.19941321279,r,272.30010896792663,-23.71293292909539,121.59938049316406,46174.0,377.503,False,42825.0,1.1718,43050.4,299.389,False,677.907,26.2006,19.739006253481328,0.008876611608958725,19.820756570906127,2.970848111104637e-05,19.815057061837845,0.007550626628821741,24.322074732117994,0.041962895184984424
1999 RA194,86146,MBO,MBO,20892066633102401,745205073637278355,13.0223055,3.3989136,2.6560063,272.30008801031613,-23.712921885792923,2025050200542,95,60798.199905881425,r,272.30008032015616,-23.712927172933252,115.93800354003906,46393.9,396.956,False,43081.5,0.884836,45581.4,323.318,False,1313.89,20.6294,19.73384783143436,0.009289788280773594,19.81427295990787,2.2299560138561197e-05,19.753030886986686,0.007701344470799816,23.60360246979915,0.017047155003642386
1999 RA194,86146,MBO,MBO,20892066633102401,745205073802429485,13.022211,3.3989131,2.6560004,272.30006223148314,-23.712917617647136,2025050200543,154,60798.200385421536,r,272.3000524135348,-23.712923935484216,111.06687927246094,45086.7,405.155,False,41981.6,0.397266,41990.7,317.08,False,1058.6,25.0352,19.76487889518639,0.009756568086281257,19.84235249367843,1.0274169246026304e-05,19.84211723384356,0.008198606539802663,23.838170300901773,0.025676954269282296
1999 RA194,86146,MBO,MBO,20892066633102401,745205074146361378,13.021901,3.3989112,2.6559808,272.2999774854428,-23.712903581581557,2025050200546,42,60798.201962788226,r,272.2999665560369,-23.712905332314463,113.09093475341797,38791.8,340.559,False,40026.3,0.219443,35085.2,292.43,False,292.674,15.2584,19.928150148112053,0.009531839676726878,19.894136363516065,5.952516174794317e-06,20.037190132855855,0.009049452118703463,25.234039600477733,0.056604264920109636
1999 RA194,86146,MBO,MBO,20892066633102401,745205074308366905,13.021806,3.3989108,2.6559749,272.2999514600083,-23.712899269593265,2025050200547,95,60798.20244651748,r,272.2999468170743,-23.712904364595058,109.47985076904297,44499.3,405.409,False,40962.1,0.332255,41554.6,329.876,False,1073.07,13.8109,19.7791170326168,0.009891553745699364,19.869044424905773,8.806708525400682e-06,19.853452193685882,0.008618981063485917,23.82342992086028,0.01397392025923776
1999 RA194,86146,MBO,MBO,20892066633102401,745205074742477735,13.021512,3.398909,2.6559563,272.29987107850457,-23.71288594703232,2025050200550,155,60798.2039408542,r,272.29986656907766,-23.71288680358633,115.36323547363281,44614.0,383.914,False,39131.9,0.34083,40558.1,305.289,False,-27.1787,26.8974,19.776322092644143,0.009343016338009288,19.918672705770224,9.456517152212605e-06,19.87980595397392,0.008172555150148085,nan,nan
1999 RA194,86146,MBO,MBO,20892066633102401,745205074981553121,13.021321,3.398908,2.655944,272.29981885205314,-23.712877287068903,2025050200552,99,60798.204910136104,r,272.29981189110373,-23.712882619304622,117.37329864501953,42073.5,356.049,False,38640.8,0.231612,38034.3,286.318,False,-110.01,22.8489,19.839978396243403,0.009188094695265516,19.932384704911904,6.5078757529492335e-06,19.94956140840383,0.008173301595310585,nan,nan
1999 RA194,86146,MBO,MBO,20892066633102401,745205075217482245,13.02111,3.3989067,2.6559308,272.2997609916612,-23.71286768925262,2025050200554,37,60798.2059841506,r,272.29975141347427,-23.71287134937811,107.27738189697266,42853.6,398.039,False,39892.9,0.388686,39042.2,328.23,False,51.0834,16.2549,19.820031681552052,0.010084691578743078,19.89776102167947,1.0578586175083727e-05,19.921164317058263,0.00912784662614159,27.1293004964389,0.3454847007168123
1999 RA194,86146,MBO,MBO,20892066633102401,745205075493257378,13.020905,3.3989055,2.655918,272.2997048208188,-23.712858367931272,2025050200556,51,60798.20702649155,r,272.2996964447977,-23.712861266537406,113.86906433105469,41590.5,362.859,False,37852.3,0.195274,37332.3,303.498,False,-389.499,19.775,19.852514646314418,0.00947257578208806,19.954769293961117,5.601140281491262e-06,19.969788109445584,0.008826639248095524,nan,nan
1999 RA194,86146,MBO,MBO,20892066633102401,745205075894338865,13.020594,3.3989036,2.655898,272.2996196378477,-23.71284422488957,2025050200559,48,60798.20860568728,r,272.29961431458594,-23.71284524811927,107.78705596923828,41467.4,382.575,False,37515.2,0.388217,35466.4,303.406,False,-921.655,18.2421,19.855733025870105,0.010016918288592774,19.964481857382527,1.1235479574101319e-05,20.02545727819534,0.009288196710559514,nan,nan
1999 RA194,86146,MBO,MBO,20892066633102401,745205076087276022,13.020497,3.3989031,2.6558921,272.299593133993,-23.712839822589963,2025050200560,160,60798.20909645736,r,272.2995862805224,-23.712842174608394,103.50413513183594,41608.3,399.734,False,37068.8,0.0394519,34218.7,313.68,False,-1067.88,14.1149,19.85205004940222,0.010430747650501651,19.977478659184932,1.15553662966967e-06,20.06434125911297,0.00995285421515218,nan,nan
1999 RA194,86146,MBO,MBO,20892066633102401,745205076321632992,13.0203,3.398902,2.6558797,272.2995390236853,-23.712830832094262,2025050200562,95,60798.21009890037,r,272.29953020144364,-23.712831146632098,109.04883575439453,39925.8,364.551,False,37590.9,0.0954999,35119.6,299.125,False,-1175.77,20.6585,19.896865911430776,0.009913544772285223,19.962293235876032,2.758319340808128e-06,20.03612604969596,0.00924756625357217,nan,nan
1999 RA194,86146,MBO,MBO,20892066633102401,745205076489404699,13.020204,3.3989012,2.6558735,272.29951260541384,-23.712826441303346,2025050200563,159,60798.2105870055,r,272.29950598622,-23.712827599852233,113.53041076660156,38475.5,335.914,False,36109.3,0.275446,32821.4,269.699,False,-1386.9,18.8774,19.937039319200597,0.009479122898352359,20.005952302872622,8.282123599861736e-06,20.109607296724157,0.008921678788647178,nan,nan
1999 RA194,86146,MBO,MBO,20892066633102401,745205076559659509,13.020106,3.3989007,2.6558673,272.2994858014953,-23.712821985491235,2025050200564,37,60798.21108382707,r,272.2994781063065,-23.71282604120879,114.60981750488281,38912.7,338.117,False,35083.1,0.404829,33046.5,255.353,False,-1417.82,19.3164,19.92477160718813,0.009434089140200712,20.03725504824674,1.2528467482572024e-05,20.1021863261628,0.008389572077153783,nan,nan
1999 RA194,86146,MBO,MBO,20892066633102401,745205076755743490,13.019983,3.3989,2.6558597,272.2994520697973,-23.71281637668442,2025050200565,155,60798.211707410024,r,272.2994419188245,-23.71282152513841,85.68113708496094,39941.3,457.588,False,40264.9,2.50754,35165.1,374.219,False,-685.993,22.4316,19.89644448856565,0.012438750429476496,19.88768348004114,6.761539343264558e-05,20.034720309840168,0.011554157172687587,nan,nan
1999 RA194,86146,MBO,MBO,20892066633102401,745205076851163792,13.019888,3.3988996,2.6558535,272.2994258979743,-23.712812023872065,2025050200566,81,60798.212191406026,r,272.29941293304074,-23.71281379224868,96.23531341552734,42901.9,445.893,False,39548.1,0.48377,36044.6,347.183,False,-1088.84,21.6971,19.81880872392698,0.011284399921954095,19.907185898033905,1.3281209387598006e-05,20.007899427027006,0.010457853646462085,nan,nan
1999 RA194,86146,MBO,MBO,20892066633102401,745205077158396852,13.019689,3.3988984,2.655841,272.2993710980519,-23.71280290674611,2025050200568,155,60798.213204770946,r,272.29936187893674,-23.712806613841515,114.88162994384766,39933.8,346.79,False,34562.0,0.0645899,35448.6,267.718,False,-1609.73,15.1524,19.89664838242995,0.009428665951135565,20.05350283534455,2.0290375524222318e-06,20.0260022323496,0.008199790637837073,nan,nan
1999 RA194,86146,MBO,MBO,20892066633102401,745205077426832167,13.019493,3.3988972,2.6558287,272.2993174583491,-23.712793978676554,2025050200570,155,60798.2141952809,r,272.2993133815466,-23.712798651994625,103.34185028076172,39070.5,376.512,False,36143.9,0.0494229,34438.7,306.133,False,-904.906,16.9054,19.920377577271317,0.010462950378647324,20.004912516918015,1.4846277079667822e-06,20.057383151523577,0.00965134236600191,nan,nan
1999 RA194,86146,MBO,MBO,20892066633102401,745205077501805176,13.019388,3.3988965,2.655822,272.29928854237687,-23.712789164097103,2025050200571,42,60798.21472929536,r,272.2992806276471,-23.712788535261126,106.02576446533203,37061.0,349.062,False,34169.3,0.247791,34662.0,283.728,False,-535.47,23.1369,19.97770716622449,0.010226093840661431,20.065909770588092,7.873607640106035e-06,20.05036595518736,0.008887362485075137,nan,nan
1999 RA194,86146,MBO,MBO,20892066633102401,745205077663810015,13.019293,3.398896,2.655816,272.29926243489217,-23.712784816128952,2025050200572,95,60798.21521143279,r,272.299251087072,-23.71278857224307,109.85909271240234,40357.7,364.702,False,34675.1,0.0746932,36013.3,278.057,False,-391.691,25.3054,19.885184001843697,0.009811514742086785,20.049955645538013,2.3387707912065426e-06,20.008842679396906,0.008382918331819107,nan,nan
1999 RA194,86146,MBO,MBO,20892066633102401,745205078334898737,13.018803,3.398893,2.655785,272.2991274543152,-23.71276232073104,2025050200577,95,60798.217701478265,r,272.2991179914951,-23.71276359280146,107.15428924560547,37805.2,352.245,False,34231.7,0.463595,35816.6,276.563,False,1846.53,18.5781,19.95612117258026,0.010116204967752217,20.0639288562299,1.4703970018132344e-05,20.014789060781407,0.008383666684542145,23.234109063043764,0.010923686962889947
1999 RA194,86146,MBO,MBO,20892066633102401,745205078903227496,13.016409,3.398879,2.6556346,272.29846717027243,-23.712651870448617,2025050200581,155,60798.22983479421,r,272.29846822223226,-23.71265922972113,81.4845199584961,33530.2,412.743,False,33321.6,1.48832,57230.1,332.845,False,28275.9,23.2521,20.086409665537197,0.013364967738345267,20.093185332310743,4.849475490111979e-05,19.505938708442628,0.006314541797613662,20.271458892314485,0.0008928326400911567
1999 RA194,86146,MBO,MBO,20892066633102401,745205079008085032,13.016313,3.3988786,2.6556284,272.2984405811098,-23.712647407320027,2025050200582,99,60798.23032175077,r,272.29843981156466,-23.71264949128673,96.15941619873047,35411.2,365.06,False,32660.5,0.434361,50567.8,282.699,False,20400.6,30.1964,20.02714841345866,0.011193036807643896,20.114942927322105,1.4439505682702336e-05,19.640314834098213,0.006069802130474415,20.62589266927644,0.0016070765086887366
1999 RA194,86146,MBO,MBO,20892066633102401,745205079244014104,13.016117,3.3988774,2.655616,272.29838629073697,-23.712638290463985,2025050200584,37,60798.23131544636,r,272.2983876601072,-23.712639290099187,81.76739501953125,34322.2,416.699,False,32202.2,1.19797,65009.9,346.236,False,35537.3,22.2123,20.061062230528073,0.013181707660092752,20.130286168900735,4.039101267194212e-05,19.36755128110449,0.005782518684209318,20.023288904771256,0.0006786305392278097
1999 RA194,86146,MBO,MBO,20892066633102401,745205079519789247,13.01592,3.3988762,2.655604,272.2983318094599,-23.71262913618028,2025050200586,51,60798.2323126608,r,272.2983235414318,-23.712628928019228,95.33055114746094,32044.9,330.587,False,30329.6,0.412317,51870.1,275.927,False,23133.4,26.6269,20.13560268513106,0.011200854939279106,20.195333307275334,1.476008615181293e-05,19.612707254124857,0.0057756573992803215,20.489401313410266,0.0012496990739570219
1999 RA194,86146,MBO,MBO,20892066633102401,745205079920870944,13.015622,3.3988745,2.655585,272.2982492988052,-23.7126152618288,2025050200589,48,60798.233821185844,r,272.29824025647235,-23.71261662218037,96.79219055175781,34319.4,353.473,False,30704.4,0.567501,53545.8,277.777,False,25355.2,42.9581,20.061150833058036,0.011182551041971009,20.181998448243654,2.0067364395262052e-05,19.578186455359464,0.005632422152552684,20.389832432001082,0.0018395108382323949
1999 RA194,86146,MBO,MBO,20892066633102401,745205080113807878,13.015517,3.3988738,2.6555786,272.2982203591176,-23.712610392550644,2025050200590,160,60798.2343500782,r,272.29821875065585,-23.71260941247178,85.56259155273438,35241.6,411.196,False,32239.1,6.66219,70992.3,339.837,False,38294.8,30.6357,20.032360908003035,0.012668277839167526,20.1290427397589,0.00022436671404326512,19.271971931236624,0.0051973715030339575,19.94215046359595,0.0008685849832018576
1999 RA194,86146,MBO,MBO,20892066633102401,745205080348164663,13.015317,3.3988726,2.655566,272.2981649754348,-23.7126010695037,2025050200592,95,60798.23536296813,r,272.2981625638044,-23.71260208752658,92.53147888183594,34599.1,370.176,False,30370.4,0.100019,66906.8,298.694,False,35035.1,31.9375,20.052337946046563,0.011616298158494319,20.193873706219087,3.5756607939951353e-06,19.336324403063,0.004847084382398138,20.038741548004193,0.0009897416731503945
1999 RA194,86146,MBO,MBO,20892066633102401,745205080515936774,13.015217,3.3988721,2.6555595,272.29813710914624,-23.712596376407472,2025050200593,159,60798.23587132639,r,272.29813642645297,-23.712601255847204,91.8210220336914,34841.7,375.494,False,30981.0,0.542102,68514.8,304.498,False,36361.7,28.2529,20.044751681855303,0.011701134750095923,20.172261420648553,1.899808739385198e-05,19.310539063707218,0.00482530055668718,19.998389574895555,0.0008436128172565527
1999 RA194,86146,MBO,MBO,20892066633102401,745205080586191411,13.015117,3.3988714,2.6555533,272.29810934554314,-23.712591699123827,2025050200594,37,60798.23637831499,r,272.29810801201916,-23.712592033741455,94.8343276977539,37058.8,389.39,False,29947.3,0.00156907,62817.3,278.388,False,32753.4,36.8713,19.977771596279467,0.011408216881346333,20.209105788665475,5.6886467362133416e-08,19.404801822223348,0.004811666966603722,20.111859014430536,0.001222239662775013
1999 RA194,86146,MBO,MBO,20892066633102401,745205080782275238,13.0149975,3.3988707,2.655546,272.2980762065289,-23.71258611430593,2025050200595,155,60798.236983230774,r,272.2980866589002,-23.712594824489045,67.43635559082031,31083.0,454.828,False,33199.2,1.45429,79383.5,384.037,False,50904.2,28.0781,20.16869267894347,0.015887244787137607,20.097180978923063,4.756064536307963e-05,19.150674392660783,0.005252512941391313,19.633115975282433,0.0005988780969093082
1999 RA194,86146,MBO,MBO,20892066633102401,745205081184928730,13.014696,3.398869,2.6555269,272.2979926866189,-23.71257202944416,2025050200598,155,60798.23850791353,r,272.297977164199,-23.71256516210441,90.15538787841797,31593.7,350.826,False,29763.9,0.606466,53199.4,265.016,False,29903.9,28.0125,20.150998801948624,0.012056343099927105,20.215775393909848,2.2122842753230976e-05,19.58523319636536,0.005408659965123822,20.210680406475603,0.0010170641911873496
1999 RA194,86146,MBO,MBO,20892066633102401,745205081280348168,13.014596,3.3988686,2.6555207,272.2979648332025,-23.712567329165694,2025050200599,81,60798.239015027924,r,272.2979581444898,-23.71257110144692,91.09868621826172,29903.7,327.943,False,30200.0,0.179954,57089.2,252.103,False,28731.9,26.498,20.210687710550317,0.011906874068333207,20.19998264260712,6.469621883514006e-06,19.50861512182806,0.004794555795631141,20.254089119681915,0.001001320368109596
1999 RA194,86146,MBO,MBO,20892066633102401,745205081453364000,13.014495,3.3988678,2.6555142,272.2979367537321,-23.71256258917769,2025050200600,155,60798.23952718892,r,272.29792533930856,-23.71256101217818,87.18365478515625,34437.9,386.843,False,31345.1,0.563482,65757.3,318.647,False,33613.6,31.8471,20.05740839775306,0.012196140173032773,20.15957586427278,1.9517972541829763e-05,19.355140119767952,0.005261265354948546,20.08371238031683,0.0010286772950171433
1999 RA194,86146,MBO,MBO,20892066633102401,745205081528337177,13.014394,3.3988674,2.655508,272.29790883207454,-23.712557874264636,2025050200601,42,60798.24003654345,r,272.2979069619104,-23.712559229161528,92.46979522705078,34439.1,363.801,False,32204.2,0.279441,61507.8,280.569,False,29887.8,44.9714,20.057370467054234,0.011469286175885373,20.130218738568878,9.421107094790449e-06,19.427674502374074,0.00495260629755303,20.21126510063418,0.001633679200245004
1999 RA194,86146,MBO,MBO,20892066633102401,745205081690341919,13.014294,3.3988667,2.6555016,272.29788095862,-23.712553165925737,2025050200602,95,60798.240544627944,r,272.29787921465527,-23.712556765958713,97.63226318359375,32851.8,336.683,False,32311.5,0.403401,55515.9,263.77,False,25061.3,39.0173,20.10860204867565,0.011127211569611687,20.12660720054536,1.3555144671120854e-05,19.538956568548024,0.00515860564020612,20.40249097786206,0.001690354990506936
1999 RA194,86146,MBO,MBO,20892066633102401,745205081930989630,13.014094,3.3988655,2.6554892,272.297825686029,-23.712543824708305,2025050200604,42,60798.241551800355,r,272.2978213005166,-23.71254394833183,90.5224609375,32935.3,363.219,False,30704.9,0.154293,45719.4,275.816,False,22649.2,15.872,20.105845915037673,0.011973778979993886,20.181980767921765,5.455855412898062e-06,19.74974873139798,0.006550029913424286,20.512367870554577,0.0007608571320267969
1999 RA194,86146,MBO,MBO,20892066633102401,745205087702351932,13.009236,3.398837,2.6551855,272.2964710322061,-23.712312767255465,2025050200647,42,60798.266094455204,i,272.2962671306928,-23.712274547347935,104.24516296386719,11177.4,272.394,False,33236.0,4.82124,13547.7,213.354,False,3475.72,231.925,21.2791479793364,0.026459465612919394,20.095978124257975,0.0001574977362999725,21.070336056670616,0.017098560134307703,22.547388051845374,0.07244811858390106
1999 RA194,86146,MBO,MBO,20892066633102401,745205087864357910,13.009134,3.3988366,2.655179,272.29644246224206,-23.71230784680349,2025050200648,95,60798.266609027836,i,272.29623372931763,-23.712269965117944,93.98417663574219,14669.9,373.925,False,34403.0,9.88044,19204.9,262.937,False,4936.4,116.626,20.9839320875712,0.02767461852501857,20.05850921140277,0.0003118202239490399,20.691469852581832,0.014864968179336066,22.166474162375145,0.025651299028587343
1999 RA194,86146,MBO,MBO,20892066633102401,745205088030556548,13.009034,3.398836,2.6551728,272.29641466363216,-23.712303057184453,2025050200649,156,60798.26711059436,i,272.2964176893527,-23.712302371750756,95.61898040771484,24753.2,263.481,False,34861.1,3.94882,20219.0,174.278,False,-477.887,45.114,20.415921657153383,0.011556924214890829,20.04414723476352,0.00012298455217508745,20.635600819342944,0.009358520904114997,nan,nan
1999 RA194,86146,MBO,MBO,20892066633102401,745205093373051167,13.004427,3.398809,2.6548862,272.2951209408976,-23.71207782621492,2025050200689,106,60798.29033126807,g,272.2951150104103,-23.712079753809526,116.50305938720703,30157.8,252.463,False,29264.0,0.488662,73852.9,250.234,False,43609.6,5.19609,20.201500830032167,0.009089131487632001,20.234165779669144,1.8130058438479148e-05,19.229081139143076,0.003678773781193608,19.801044703059503,0.00012936562303793978
1999 RA194,86146,MBO,MBO,20892066633102401,745205094547456084,13.002003,3.398795,2.654736,272.2944376217562,-23.711956882084674,2025050200698,42,60798.30253133909,u,272.29440795708433,-23.711933179035313,16.73151397705078,9247.5,545.181,False,10619.1,63.9193,37638.0,559.006,False,26708.9,5.81807,21.48493915003142,0.0640089519021583,21.334780763517113,0.006535346764962627,19.960933655197554,0.016125538889726523,20.333359978946394,0.00023650876964943212
1999 RA194,86146,MBO,MBO,20892066633102401,745205094815891558,13.001578,3.3987925,2.6547096,272.2943177685128,-23.71193551744255,2025050200700,42,60798.304667867655,u,272.29431556081784,-23.711936724165792,23.748266220092773,9234.37,386.415,False,9483.42,4.06992,16699.0,388.547,False,7472.58,11.51,21.486481806855824,0.04543295964044853,21.457587546591597,0.00046595633213480323,20.84327383822165,0.025262563145654778,21.716323555625863,0.0016723573162975103
1999 RA194,86146,MBO,MBO,20892066633102401,745205095112114254,13.001345,3.398791,2.6546953,272.2942518687729,-23.71192375065256,2025050200702,95,60798.30584145313,u,272.2942542204677,-23.711933304130664,24.59623146057129,9505.78,387.1,False,9023.45,2.68941,15484.7,388.791,False,5873.56,8.72703,21.455030571657037,0.0442139918448477,21.5115684359994,0.00032360014318321437,20.925242996882268,0.027260744043497296,21.977746465302733,0.001613204278119238
1999 RA194,86146,MBO,MBO,20892066633102401,745205095278837888,13.001226,3.3987904,2.654688,272.2942185754165,-23.711917800573197,2025050200703,157,60798.30643426111,u,272.29421217868907,-23.711903261979067,25.570537567138672,9600.19,371.729,False,9187.95,0.855809,13534.0,374.576,False,3913.09,9.6464,21.44430038048904,0.04204079500877458,21.49195341907552,0.00010113058592287341,21.07143456963137,0.03004955759126308,22.418700383938937,0.002676515485389292
1999 RA194,86146,MBO,MBO,20892066633102401,745205095351189573,13.001098,3.3987896,2.65468,272.294181964471,-23.711911253421448,2025050200704,39,60798.307086455265,u,272.29417174940795,-23.711918639801695,21.245014190673828,9005.63,423.954,False,9010.2,2.12915,16973.4,428.154,False,7592.22,8.97532,21.513714764561744,0.05111271768990781,21.513163898591845,0.0002565642379355516,20.82557785988799,0.027387693644245443,21.69907800885956,0.0012835283287493217
1999 RA194,86146,MBO,MBO,20892066633102401,745205095619625068,13.000839,3.3987882,2.654664,272.29410900759825,-23.711898193455685,2025050200706,39,60798.30838536293,u,272.294121779763,-23.711909088518706,25.060373306274414,9484.73,371.472,False,9484.15,1.72877,11889.1,367.844,False,2621.94,8.98287,21.4574375152851,0.042523146477201075,21.457503920027346,0.00019790789058870317,21.21212758580117,0.03359224459911048,22.853443151384653,0.003719775246671903
1999 RA194,86146,MBO,MBO,20892066633102401,745205095783202942,13.000721,3.3987875,2.6546566,272.29407569555104,-23.71189222448212,2025050200707,95,60798.30897818114,u,272.29408400655393,-23.71188415495532,25.923542022705078,9284.48,357.418,False,8661.0,1.61175,10776.1,359.874,False,1591.18,8.44132,21.48060598260202,0.04179680956227701,21.55607990349904,0.00020204772373478655,21.31884600711348,0.03625877983942389,23.39570168490508,0.005759905784286287
1999 RA194,86146,MBO,MBO,20892066633102401,745205095950974997,13.000602,3.3987868,2.6546493,272.2940420983439,-23.71188620071339,2025050200708,159,60798.30957648018,u,272.294040030232,-23.71188478693614,25.250003814697266,9747.75,385.59,False,9402.96,1.64925,11319.3,386.273,False,1477.13,11.8947,21.42773904417703,0.04294827208500447,21.466838532928968,0.00019043476482620816,21.265451092844103,0.03705093065738023,23.47645319990807,0.008742972146471463
1999 RA194,86146,MBO,MBO,20892066633102401,745205096022278160,13.000472,3.398786,2.6546412,272.29400535000474,-23.711879607700453,2025050200709,39,60798.310230572984,u,272.29402949089274,-23.711879897383096,26.030946731567383,9929.77,378.109,False,10029.1,0.51187,10143.9,374.332,False,1646.27,8.88146,21.40765207827512,0.04134301797192025,21.39684513809516,5.5414328468536314e-05,21.384487560134144,0.04006602885911183,23.358747326857344,0.005857436972551158
1999 RA194,86146,MBO,MBO,20892066633102401,745209471848939600,12.824466,3.3977444,2.6436977,272.2465698922828,-23.70238077216528,2025050300543,154,60799.20929175007,u,272.24656295713305,-23.702397071830173,17.829050064086914,6860.12,377.288,False,6517.11,0.635116,6682.66,380.216,False,-323.805,8.28541,21.809170699882166,0.05971254557158736,21.86486239437511,0.00010580892901439054,21.837626560425143,0.061773944939163515,nan,nan
1999 RA194,86146,MBO,MBO,20892066633102401,745209472117899322,12.824226,3.397743,2.6436832,272.2464994969892,-23.70237007934845,2025050300545,155,60799.21047262172,u,272.2465199940826,-23.70235007267354,14.491926193237305,6171.4,418.016,False,6920.52,2.00418,5947.27,419.644,False,-308.245,9.49537,21.92404077674719,0.07354167660617934,21.799653176745522,0.0003144287902269254,21.964205857749505,0.07661039366497768,nan,nan
1999 RA194,86146,MBO,MBO,20892066633102401,745209472192872542,12.824108,3.3977423,2.643676,272.2464645519317,-23.702364768997796,2025050300546,42,60799.21105860194,u,272.24646082124394,-23.702367737712102,18.55843734741211,6832.64,356.345,False,6530.62,8.81724,6547.85,355.937,False,-259.449,10.3194,21.813528630526402,0.05662476897190977,21.862613945477747,0.0014658939370456301,21.859753179024516,0.059019936998068026,nan,nan
1999 RA194,86146,MBO,MBO,20892066633102401,745209472354877478,12.823994,3.3977416,2.6436691,272.2464306107395,-23.702359609711568,2025050300547,95,60799.21162771809,u,272.24643147570544,-23.702371786840626,16.936594009399414,6382.3,373.224,False,5979.17,1.16863,5942.74,375.47,False,-295.495,7.02027,21.887556997354363,0.063491659844425,21.95839776050212,0.00021220736687720885,21.96503313239046,0.06859821530946832,nan,nan
1999 RA194,86146,MBO,MBO,20892066633102401,745209472520028237,12.823875,3.3977408,2.643662,272.2463959437063,-23.702354338567076,2025050300548,154,60799.212208461075,u,272.246406960623,-23.702346989464036,18.53635597229004,6947.11,370.908,False,6772.55,2.35489,6452.79,372.32,False,-294.724,6.12196,21.795489582582523,0.057967736333755356,21.82311948130678,0.0003775224283814893,21.875631164351372,0.06264597317758797,nan,nan
1999 RA194,86146,MBO,MBO,20892066633102401,745209472593952901,12.82376,3.3977404,2.6436548,272.24636168441674,-23.70234912789156,2025050300549,39,60799.21278277699,u,272.24635131099654,-23.702336476639296,14.09999942779541,5545.39,388.465,False,5746.21,6.56727,5682.56,380.313,False,-280.378,7.91229,22.040169735931386,0.07605786074680886,22.00154627338774,0.0012408740089588294,22.013639913874165,0.07266435836296142,nan,nan
1999 RA194,86146,MBO,MBO,20892066633102401,745209472788463732,12.823642,3.3977396,2.6436477,272.2463269973299,-23.702343850587805,2025050300550,154,60799.213363683346,u,272.24630737579974,-23.702360959333483,18.71466064453125,6610.32,353.189,False,6114.94,2.50053,6293.31,354.685,False,-245.397,11.0619,21.849443819314185,0.05801082089568426,21.934019510201267,0.0004439808048788077,21.902802177297758,0.06119106472563723,nan,nan
1999 RA194,86146,MBO,MBO,20892066633102401,745209473025966130,12.823405,3.3977382,2.6436334,272.24625693586745,-23.70233318656358,2025050300552,95,60799.21453612241,u,272.2462513931785,-23.702339639758407,18.769851684570312,6595.43,348.822,False,6291.95,3.32639,6746.69,346.647,False,-238.574,8.6123,21.85189218267641,0.05742289047334247,21.9030368093632,0.0005740004247389787,21.82727312079914,0.055785459964132145,nan,nan
1999 RA194,86146,MBO,MBO,20892066633102401,745209473190592689,12.823286,3.3977375,2.6436262,272.24622174044885,-23.702327827005785,2025050300553,153,60799.215125856645,u,272.24622075671124,-23.702321058427113,17.600343704223633,6318.12,355.672,False,6151.3,4.12586,5689.06,343.028,False,-240.976,13.687,21.898530304364673,0.061120389779763584,21.927582764074337,0.0007282356497972555,22.01239870355817,0.06546563605312267,nan,nan
1999 RA194,86146,MBO,MBO,20892066633102401,745209473261371480,12.82317,3.3977368,2.643619,272.246187491298,-23.702322609935376,2025050300554,32,60799.2156989113,u,272.2461938989513,-23.702299159021173,12.23717975616455,5646.08,449.624,False,6112.09,10.3341,4804.47,442.072,False,-244.999,8.59642,22.02063241641094,0.08646229612159323,21.93452567634675,0.0018357233859875699,22.19588623666653,0.09990145515300478,nan,nan
1999 RA194,86146,MBO,MBO,20892066633102401,745209473460076613,12.823053,3.3977363,2.6436121,272.2461529933102,-23.702317353340963,2025050300555,155,60799.216275210085,u,272.24616051762115,-23.702333953686043,16.605894088745117,6635.99,397.872,False,6744.28,1.45641,6401.85,394.702,False,-245.876,8.89051,21.845235654404064,0.065097149042589,21.827661053465306,0.00023446196941067965,21.884236248208122,0.0669403751176719,nan,nan
1999 RA194,86146,MBO,MBO,20892066633102401,745209473532428395,12.822931,3.3977356,2.6436048,272.24611699018953,-23.702311865655325,2025050300556,37,60799.21687771068,u,272.2461478275937,-23.702300667572537,15.984627723693848,5663.01,356.869,False,5257.66,2.70897,5429.83,358.716,False,-252.166,9.52351,22.017381723625096,0.06842043307416451,22.098018722939702,0.0005594174585407961,22.063034402679513,0.07172801847079524,nan,nan
1999 RA194,86146,MBO,MBO,20892066633102401,745209473699151985,12.822811,3.3977349,2.6435974,272.2460813355113,-23.702306429305345,2025050300557,99,60799.21747359655,u,272.2460863105827,-23.702290906526787,19.318252563476562,6653.76,344.511,False,6036.24,0.333593,6696.29,343.953,False,-212.431,11.0295,21.8423322085278,0.056216043856257746,21.948083710516777,6.000324631355834e-05,21.835414359596275,0.05576852642845256,nan,nan
1999 RA194,86146,MBO,MBO,20892066633102401,745209473862205533,12.822693,3.3977342,2.6435902,272.2460464485264,-23.702301108283205,2025050300558,154,60799.21805664257,u,272.24604292216935,-23.70231340929652,17.291894912719727,5955.76,342.721,False,5765.4,5.17791,5539.75,340.293,False,-221.436,8.82839,21.96265707119136,0.06247810883693707,21.997926408972738,0.0009751004762045493,22.041274584600547,0.06669406192166455,nan,nan
1999 RA194,86146,MBO,MBO,20892066633102401,745209473935081522,12.822576,3.3977334,2.643583,272.2460117911474,-23.70229582057823,2025050300559,37,60799.21863533728,u,272.246015244704,-23.702312600155643,18.437536239624023,6134.36,329.707,False,6010.04,1.92175,5929.89,328.541,False,-205.308,8.27778,21.93057687588341,0.05835569409616049,21.95280658676271,0.0003471713138438851,21.967383381875514,0.06015437622853008,nan,nan
1999 RA194,86146,MBO,MBO,20892066633102401,745209474373910546,12.822219,3.3977315,2.6435616,272.24590608334233,-23.70227968202529,2025050300562,106,60799.22040050759,u,272.2459167455356,-23.70228757541545,17.68684959411621,6106.59,344.192,False,5904.06,2.00381,5726.0,341.926,False,-172.918,8.22006,21.935503122303633,0.061196463204658484,21.972123083338893,0.0003684937086788832,22.00537164078605,0.06483434019937295,nan,nan
1999 RA194,86146,MBO,MBO,20892066633102401,745209474611937394,12.821977,3.39773,2.6435468,272.2458343428665,-23.70226872004541,2025050300564,48,60799.221597537005,u,272.24582339702494,-23.702263933328243,16.835773468017578,6041.61,352.795,False,6307.74,5.75197,6188.04,351.736,False,-132.883,8.3288,21.947118306765844,0.06340070405151717,21.90031550027146,0.0009900727747202138,21.92111721226698,0.061714613850077975,nan,nan
1999 RA194,86146,MBO,MBO,20892066633102401,745209474804875279,12.821861,3.3977294,2.64354,272.2458003462792,-23.702263522692416,2025050300565,160,60799.22216487663,u,272.24580881431837,-23.70225979872129,14.135319709777832,5562.52,397.966,False,5458.78,7.77756,5918.79,389.872,False,-118.108,9.56482,22.036821032451662,0.07767812010682844,22.057261063475128,0.0015469352242013937,21.96941766438608,0.07151768400307325,nan,nan
1999 RA194,86146,MBO,MBO,20892066633102401,745209474874605642,12.821747,3.3977287,2.643533,272.24576634060907,-23.7022583222235,2025050300566,37,60799.222731431786,u,272.2457760493857,-23.70224220184453,18.635765075683594,6495.93,348.145,False,6519.18,1.06195,6312.97,350.134,False,-114.62,8.27564,21.868396629843573,0.05818929835276506,21.864517539627542,0.0001768623503534562,21.899415649269734,0.0602177976919201,nan,nan
1999 RA194,86146,MBO,MBO,20892066633102401,745209475039232047,12.821627,3.397728,2.6435258,272.2457307058826,-23.702252870756425,2025050300567,95,60799.22332541254,u,272.24572566704126,-23.702228231422353,17.707014083862305,6288.29,353.316,False,5883.7,3.53866,6130.23,351.675,False,-110.608,9.06075,21.90366858812001,0.061003544823027014,21.975873662277415,0.0006529991679500392,21.93130808067991,0.06228579804855917,nan,nan
1999 RA194,86146,MBO,MBO,20892066633102401,745209475205431460,12.821503,3.3977273,2.6435182,272.2456939809204,-23.702247250487844,2025050300568,156,60799.223937647315,u,272.24568054320173,-23.70225619475111,16.91852378845215,6562.15,385.085,False,6215.53,3.78138,6088.26,382.533,False,-68.5883,9.04953,21.85738463259775,0.06371398449499356,21.916304620104498,0.0006605359872257167,21.938767064882974,0.06821816614357216,nan,nan
1999 RA194,86146,MBO,MBO,20892066633102401,745209475277258807,12.821381,3.3977265,2.6435108,272.2456577257264,-23.70224170008925,2025050300569,37,60799.224541208605,u,272.2456591626288,-23.702246194498525,19.872026443481445,6950.71,350.67,False,6578.73,0.205236,7053.01,336.46,False,-54.7848,10.4533,21.794927083355603,0.05477643746339801,21.854644846402152,3.387160735042306e-05,21.779063787072843,0.05179445461082778,nan,nan
1999 RA194,86146,MBO,MBO,20892066633102401,745209475473342527,12.82124,3.3977258,2.6435025,272.2456161157372,-23.70223532741584,2025050300570,155,60799.22523476149,u,272.24563507425626,-23.70223690904002,13.55106258392334,7068.7,512.104,False,7469.29,1.4233,6806.15,516.091,False,-162.092,4.84231,21.776651094185468,0.07865800533050243,21.71680169049853,0.00020689093105039162,21.817746224993044,0.08232829064900307,nan,nan
1999 RA194,86146,MBO,MBO,20892066633102401,745209475568762926,12.821125,3.397725,2.6434953,272.2455818810363,-23.70223008227077,2025050300571,81,60799.22580435996,u,272.24559720089223,-23.70223423729901,15.835612297058105,6372.13,398.135,False,6079.52,4.30968,6722.88,403.563,False,-87.6251,6.22761,21.889288451443633,0.06783753665320415,21.940326767729964,0.0007696620087858703,21.831111620456724,0.06517488857677306,nan,nan
1999 RA194,86146,MBO,MBO,20892066633102401,745209475710320757,12.821002,3.3977244,2.643488,272.2455454141744,-23.702224493116194,2025050300572,95,60799.22641118686,u,272.24551718398084,-23.70222657349502,18.11513900756836,6076.31,334.971,False,5605.63,3.17597,5970.94,334.471,False,-47.5021,8.06506,21.94090018326215,0.05985378424560899,22.028438950866093,0.000615143306010786,21.959893242849027,0.06081911503343444,nan,nan
1999 RA194,86146,MBO,MBO,20892066633102401,745209475875471452,12.820879,3.3977237,2.6434805,272.24550893715804,-23.702218900308846,2025050300573,154,60799.227018345504,u,272.24551932018073,-23.70221609413525,16.784025192260742,6131.3,363.996,False,6000.01,0.0813673,6053.08,363.524,False,-57.9219,7.04558,21.93111861869428,0.06445674662176035,21.954620106893557,1.4723879762851117e-05,21.945058951573415,0.06520501111672862,nan,nan
1999 RA194,86146,MBO,MBO,20892066633102401,745209476144431141,12.820641,3.3977225,2.6434662,272.24543835809584,-23.702208072823534,2025050300575,155,60799.22819260982,u,272.24543015075034,-23.70220820332993,15.949341773986816,6171.37,385.935,False,5954.8,0.727041,6176.25,384.728,False,-59.9748,8.35958,21.92404601687116,0.06789798562974028,21.96283208636862,0.0001325610882892177,21.923187832756316,0.06763215788516422,nan,nan
1999 RA194,86146,MBO,MBO,20892066633102401,745209476219404346,12.820524,3.3977218,2.643459,272.2454037160653,-23.7022027554866,2025050300576,42,60799.22876898713,u,272.24540227556287,-23.702213790206773,17.92439842224121,6360.69,353.332,False,6318.69,4.87662,5890.17,352.035,False,-58.4735,8.01517,21.89123943513439,0.06031190783212469,21.89843238744067,0.0008379462736709785,21.974680440847095,0.06489068293235975,nan,nan
1999 RA194,86146,MBO,MBO,20892066633102401,745209476381409329,12.820403,3.397721,2.643452,272.24536786169364,-23.702197250014525,2025050300577,95,60799.229364891,u,272.24536950231845,-23.702205669851622,16.93520164489746,6181.52,361.726,False,6212.43,5.04173,5865.88,362.762,False,-73.3835,8.14322,21.92226179976773,0.06353437786747246,21.916846198641828,0.0008811348476422051,21.979167086070994,0.06714488496560742,nan,nan
1999 RA194,86146,MBO,MBO,20892066633102401,745209476546560068,12.820278,3.3977203,2.6434443,272.24533061348035,-23.702191528294808,2025050300578,154,60799.22998395513,u,272.2453409741132,-23.702202040856555,20.280954360961914,7139.21,346.949,False,6886.58,0.0445711,6679.82,345.404,False,-74.4549,8.81571,21.76587461362302,0.052764255167203455,21.80499099527853,7.027066877201116e-06,21.838088129141553,0.05614187641650635,nan,nan
1999 RA194,86146,MBO,MBO,20892066633102401,745209476814995560,12.820033,3.397719,2.6434295,272.2452577720617,-23.702180332477983,2025050300580,154,60799.23119399808,u,272.2452535944367,-23.70216856061609,17.27793312072754,6618.85,376.107,False,6584.99,2.18712,6641.67,378.662,False,-103.587,9.30869,21.848043636529344,0.06169545690058362,21.853612161915017,0.00036061334049931854,21.844306779488754,0.06190115344761032,nan,nan
1999 RA194,86146,MBO,MBO,20892066633102401,745209477052497999,12.819796,3.3977175,2.643415,272.24518712051145,-23.70216946480251,2025050300582,95,60799.23236617951,u,272.24518592121194,-23.702153483725056,19.021167755126953,6720.99,350.463,False,6292.87,0.0365459,6964.51,345.204,False,-101.975,8.6011,21.831416839075843,0.05661522603704441,21.902878079645618,6.305422595099319e-06,21.792773620776636,0.053815775167005656,nan,nan
1999 RA194,86146,MBO,MBO,20892066633102401,745209477217124483,12.819674,3.3977168,2.6434078,272.24515090720075,-23.702163891184227,2025050300583,153,60799.232967845805,u,272.24515819843856,-23.7021605722677,17.243915557861328,6154.49,354.411,False,6310.98,7.11253,5759.7,349.338,False,-98.5517,9.78259,21.927019782731886,0.06252294683619596,21.899757993702554,0.0012236343014316532,21.99900030485779,0.06585219980551037,nan,nan
1999 RA194,86146,MBO,MBO,20892066633102401,745209477287903312,12.81955,3.397716,2.6434002,272.24511408148896,-23.702158221025883,2025050300584,32,60799.23357893666,u,272.2451137839063,-23.702184201928034,16.243358612060547,6370.54,391.635,False,6103.44,3.24501,5999.45,387.711,False,-80.6777,7.77817,21.88955937597339,0.0667466661454211,21.936063311451754,0.000577252298067574,21.954721369075322,0.07016507419653954,nan,nan
1999 RA194,86146,MBO,MBO,20892066633102401,745209477486608439,12.819428,3.3977156,2.643393,272.2450782106478,-23.702152695662026,2025050300585,155,60799.234173184275,u,272.24507209619765,-23.70213895945651,15.925468444824219,6448.71,403.16,False,6069.24,3.4032,6082.4,401.702,False,-78.5327,7.88169,21.876317888947153,0.06787798101292442,21.942164179507255,0.0006088039380287405,21.939812573735345,0.07170564372945301,nan,nan
1999 RA194,86146,MBO,MBO,20892066633102401,745209477558960215,12.819306,3.3977149,2.6433856,272.2450418480333,-23.70214709228742,2025050300586,37,60799.23477677547,u,272.2450492968686,-23.702134968302303,18.829015731811523,6955.51,367.618,False,6645.91,0.712009,6995.25,368.654,False,-78.8141,8.43927,21.794177588232646,0.0573841742774561,21.843613835234525,0.00011632025486750396,21.787991899613615,0.057218967987769515,nan,nan
1999 RA194,86146,MBO,MBO,20892066633102401,745209477725683791,12.819186,3.3977141,2.6433783,272.24500595847985,-23.70214155956433,2025050300587,99,60799.23537176185,u,272.24501261474836,-23.70213627603596,17.173900604248047,6357.5,370.836,False,6027.24,2.89682,6530.86,372.278,False,-67.9058,9.83917,21.891784077880633,0.06333150918399556,21.94970374507995,0.0005218279518625883,21.862574087664644,0.06189012285226918,nan,nan
1999 RA194,86146,MBO,MBO,20892066633102401,745209477888737344,12.819063,3.3977134,2.6433709,272.2449695166204,-23.702135939400645,2025050300588,154,60799.23597534599,u,272.2449555014157,-23.702143499353706,18.3693790435791,6664.54,360.849,False,6497.71,0.0192381,6450.28,359.492,False,-60.341,7.07542,21.840574546379308,0.058786776040674754,21.868099195533773,3.214594251745017e-06,21.876053617863704,0.06051109370331852,nan,nan
1999 RA194,86146,MBO,MBO,20892066633102401,745209477961613408,12.818944,3.3977127,2.6433637,272.244933970636,-23.702130455157175,2025050300589,37,60799.23656455458,u,272.24494862341146,-23.70211887271006,19.85015296936035,6953.08,349.117,False,6414.94,1.1758,7225.06,350.166,False,-44.1716,10.1301,21.794556922117884,0.05451526044700202,21.882018513163377,0.00019900554083847747,21.752896346166445,0.052620723512701396,nan,nan
1999 RA194,86146,MBO,MBO,20892066633102401,745209478400442386,12.818578,3.3977106,2.6433415,272.2448248024058,-23.70211359804339,2025050300592,106,60799.238372862776,u,272.24482401153364,-23.70211044810186,17.696670532226562,6595.3,371.111,False,6230.14,2.89715,6596.23,369.652,False,2.84796,7.26225,21.85191364450858,0.06109330165406242,21.913755461233624,0.0005048908402798687,21.851760527237026,0.06084453839496323,30.263665288602358,2.7686090071898124
1999 RA194,86146,MBO,MBO,20892066633102401,745209478638469212,12.818333,3.3977091,2.643327,272.2447519972735,-23.70210234402287,2025050300594,48,60799.23957716579,u,272.2447381808311,-23.70210048558349,18.738239288330078,6866.69,361.733,False,6717.73,0.249244,7122.75,361.337,False,67.9413,7.65427,21.8081314057523,0.05719591531911326,21.831943641586136,4.028343507081942e-05,21.76838074651112,0.055079382136864474,26.81966537778467,0.12231909480029125
1999 RA194,86146,MBO,MBO,20892066633102401,745209478831407116,12.818213,3.3977084,2.6433196,272.2447162760398,-23.702096818812784,2025050300595,160,60799.240168812416,u,272.24471402089034,-23.70210534755182,17.86433219909668,8030.08,450.476,False,7920.23,7.40731,9103.6,444.107,False,189.407,7.56914,21.63820030949495,0.06090824900001882,21.653155518943436,0.001015423122368159,21.501967128707886,0.05296619618006591,25.70650994984244,0.043388519913696515
1999 RA194,86146,MBO,MBO,20892066633102401,745209478901137467,12.81809,3.3977077,2.6433122,272.2446798204093,-23.702091177602547,2025050300596,37,60799.24077194455,u,272.24468925075354,-23.702100883976527,17.18487548828125,7539.16,433.881,False,7634.0,15.5258,8205.04,435.172,False,420.818,5.25595,21.7066925769108,0.0624844562898266,21.6931196109673,0.002208137660177016,21.614798238324454,0.05758436159564703,24.83976424767761,0.013560672951096364
1999 RA194,86146,MBO,MBO,20892066633102401,745209479065763860,12.81797,3.3977072,2.643305,272.2446438394812,-23.702085607450783,2025050300597,95,60799.24136687386,u,272.24464617715483,-23.702076091290866,17.912731170654297,6973.39,385.789,False,6462.74,6.35089,7235.16,383.079,False,392.527,6.9265,21.791390092156057,0.06006620568700321,21.873958249774297,0.0010669454641006816,21.751379627428086,0.057486322551023955,24.91532613999471,0.0191588132742195
1999 RA194,86146,MBO,MBO,20892066633102401,745209479231963263,12.817847,3.3977065,2.6432977,272.24460724477024,-23.702079939822877,2025050300598,156,60799.24197183933,u,272.2446262204512,-23.70206950922895,18.448184967041016,7398.98,395.637,False,6955.25,2.23095,7301.18,396.422,False,290.115,7.68584,21.72707036938457,0.0580563008440152,21.794218137699186,0.0003482582672308005,21.741517335177285,0.05895070443672541,25.243574576581082,0.028763749457489444
1999 RA194,86146,MBO,MBO,20892066633102401,745209479303790645,12.817723,3.3977058,2.6432903,272.24457027784894,-23.70207421201802,2025050300599,37,60799.24258215622,u,272.2445609831157,-23.702081088882487,19.637775421142578,6824.39,346.27,False,6703.13,1.57482,7989.4,321.896,False,274.598,11.3619,21.81484038346236,0.055090323994007234,21.834305913606435,0.0002550807108168023,21.643714600178175,0.043744729441211105,25.303256607397714,0.044923950300530736
1999 RA194,86146,MBO,MBO,20892066633102401,745209479499874407,12.817584,3.3977048,2.6432817,272.2445286412015,-23.70206775760309,2025050300600,155,60799.243270881525,u,272.2445395450534,-23.702005082356838,14.642111778259277,7639.97,515.497,False,8587.71,24.6221,9857.75,518.207,False,2135.5,4.90461,21.692270836399196,0.073258631994339,21.565306579339897,0.003112949369508355,21.415555500195886,0.05707550598465912,23.07625106059289,0.002493614056517631
1999 RA194,86146,MBO,MBO,20892066633102401,745209479595294752,12.817461,3.3977041,2.6432743,272.2444921389787,-23.702062096428573,2025050300601,81,60799.243873680956,u,272.24447710812143,-23.702043193184178,16.068824768066406,6811.61,420.988,False,7206.72,2.4524,8460.93,424.6,False,1465.84,5.80389,21.816875585815076,0.06710336171623972,21.755655845367595,0.00036946896169443575,21.581454785083338,0.05448616360069587,23.48478360383303,0.004298896125232768
1999 RA194,86146,MBO,MBO,20892066633102401,745209479736852570,12.81734,3.3977034,2.6432672,272.24445605173383,-23.702056497132247,2025050300602,95,60799.244469248064,u,272.24443322099694,-23.702042204745595,19.75334358215332,7575.35,384.98,False,7492.34,0.235199,8988.04,385.829,False,1396.4,6.45776,21.701493228197222,0.05517721697976183,21.71345632940391,3.408335443110844e-05,21.515837503987527,0.04660732742544431,23.537475380662098,0.005021071008297631
1999 RA194,86146,MBO,MBO,20892066633102401,745209482390798521,12.814807,3.397689,2.6431148,272.2436988888123,-23.701938423460795,2025050300622,37,60799.256942344575,g,272.2436870703204,-23.701943389044978,111.61626434326172,23564.3,210.828,False,23088.2,2.06317,43411.0,208.297,False,19743.4,9.94784,20.46936360611457,0.009713999065049796,20.491524847206648,9.702178575297135e-05,19.806000524491033,0.005209637904255518,20.661445117551732,0.0005470551955505259
1999 RA194,86146,MBO,MBO,20892066633102401,745209482829627577,12.814502,3.3976872,2.6430964,272.2436075934372,-23.701924107128644,2025050300625,106,60799.25844262299,g,272.2433331014502,-23.701880240424565,136.56385803222656,7044.26,130.839,False,21858.4,5.29564,9993.91,132.887,False,2736.4,25.8271,21.78041159318389,0.02016629836557181,20.55095405781202,0.0002630415750314998,21.400661397794977,0.014436813782492425,22.807051084366318,0.010247558600006432
1999 RA194,86146,MBO,MBO,20892066633102401,745209483067654535,12.814296,3.397686,2.6430843,272.2435457889731,-23.70191440526412,2025050300627,48,60799.25945740602,g,272.2435329184156,-23.701918853955988,122.33081817626953,25216.3,207.011,False,22466.6,0.407666,34909.6,201.866,False,9559.44,8.12516,20.395796559685373,0.008913255800520856,20.521156636112398,1.9701144850348485e-05,20.042637769843317,0.0062783077429719395,21.448918821980108,0.0009228344150741583
1999 RA194,86146,MBO,MBO,20892066633102401,745209483260592299,12.814192,3.3976855,2.6430779,272.24351454334925,-23.70190949730034,2025050300628,160,60799.25997045313,g,272.2434991124546,-23.701910370394817,119.21548461914062,25924.8,217.502,False,22933.9,0.467404,32896.0,199.972,False,8324.88,7.54045,20.365711430639127,0.00910903026052457,20.49880519526473,2.2127830198748784e-05,20.107142267552092,0.006600098506518385,21.59905506020217,0.000983430365937576
1999 RA194,86146,MBO,MBO,20892066633102401,745209483330322848,12.814087,3.3976848,2.6430717,272.2434831092665,-23.70190455760446,2025050300629,37,60799.26048679423,g,272.2434714423794,-23.70190996663569,124.89600372314453,25081.2,199.732,False,22648.3,0.237152,32316.9,195.25,False,7011.52,10.1839,20.401629255564767,0.00864616782976805,20.512410939868406,1.1368822315463007e-05,20.126425750916418,0.006559725450666123,21.78546955403679,0.0015769802801612863
1999 RA194,86146,MBO,MBO,20892066633102401,745209483732975714,12.813775,3.3976831,2.643053,272.2433898091884,-23.70188988334442,2025050300632,37,60799.262017830086,g,272.2433807694882,-23.701895686335806,118.89395141601562,26649.5,222.605,False,23931.9,0.737764,34586.6,203.6,False,5647.8,8.07251,20.33577733706988,0.009069224684193621,20.452557033617673,3.3470684453046394e-05,20.05273027284514,0.00639137376698032,22.020301764867803,0.0015518638087221616
1999 RA194,86146,MBO,MBO,20892066633102401,745209488970088564,12.809296,3.3976576,2.6427848,272.24204350068726,-23.70167590921741,2025050300671,42,60799.28402581959,r,272.24178389422326,-23.701634627699914,124.20447540283203,1669.49,240.334,False,32402.5,7.9717,15275.8,208.47,False,13209.6,136.343,23.343540451255993,0.15629882548747673,20.123553701773673,0.0002671140656241487,20.939990104649855,0.014817124525410024,21.097775864758972,0.011206436096553925
1999 RA194,86146,MBO,MBO,20892066633102401,745209489132093829,12.809198,3.3976572,2.642779,272.2420141006151,-23.701671187719622,2025050300672,95,60799.28450434054,r,272.2417621553914,-23.70163338728508,115.61100769042969,2544.66,249.525,False,31284.5,5.74863,15853.7,200.361,False,13602.2,83.4746,22.88592562974594,0.10646543319059434,20.161676954199464,0.00019950760822833914,20.899673397202225,0.01372166628763562,21.0659770938908,0.0066629953971860225
1999 RA194,86146,MBO,MBO,20892066633102401,745209489298817278,12.809099,3.3976564,2.6427732,272.24198432835726,-23.701666404229435,2025050300673,157,60799.284989497326,r,272.2417449518077,-23.701630475102068,113.54975128173828,5257.47,273.592,False,34022.5,8.28189,20675.6,235.01,False,15234.1,90.0781,22.098057947610116,0.05650032030454858,20.070584443128922,0.0002642941501959884,20.61135471674001,0.012341062137824696,20.94295802266063,0.00641987772342728
1999 RA194,86146,MBO,MBO,20892066633102401,745209489567253369,12.808894,3.3976552,2.642761,272.2419225616196,-23.70165647305155,2025050300675,157,60799.2859955794,r,272.2416972142972,-23.701623556815136,104.28733825683594,7152.64,311.129,False,30915.3,6.86398,25590.0,255.111,False,17780.7,50.8021,21.76383406152172,0.04722787821106678,20.174566309512983,0.00024106093769446198,20.379824285282034,0.010823885920860078,20.77512791144124,0.00310210975405088
1999 RA194,86146,MBO,MBO,20892066633102401,745209489969381944,12.808602,3.3976536,2.6427436,272.24183454931176,-23.70164230520728,2025050300678,156,60799.28742895018,r,272.2420167001255,-23.701676572134037,113.72331237792969,16902.4,261.156,False,30287.2,9.95705,25490.2,213.179,False,8935.26,152.294,20.83012903693093,0.016775518512081877,20.196852214495628,0.00035694056590465835,20.384066925718187,0.00908020205474238,21.52223204294407,0.018505462716981107
1999 RA194,86146,MBO,MBO,20892066633102401,745209491389153861,12.807481,3.3976474,2.6426766,272.24149620309464,-23.70158765367916,2025050300689,48,60799.292932069395,r,272.2411989379516,-23.701541829692797,106.71065521240234,2154.67,227.822,False,29077.2,5.91978,11498.7,181.768,False,9504.35,103.785,23.066548127085085,0.1147993007599521,20.241118570050162,0.0002210432710627566,21.248378123008873,0.017162992420527507,21.45519399229456,0.011855954443821976
1999 RA194,86146,MBO,MBO,20892066633102401,745209492728185150,12.806454,3.3976414,2.6426156,272.24118604606593,-23.70153729089437,2025050300699,42,60799.297971171705,r,272.2414243652895,-23.70157682741213,129.7433624267578,5258.51,262.488,False,36723.4,6.10372,21158.6,220.558,False,15652.9,123.131,22.097843288029996,0.05419648242064862,19.98764283839654,0.00018045797159149814,20.586282699111848,0.011317753008806964,20.913512946102752,0.008540767379422325
1999 RA194,86146,MBO,MBO,20892066633102401,745209493397701158,12.805949,3.3976386,2.6425855,272.2410337614429,-23.70151246863209,2025050300704,39,60799.300443023916,r,272.2413123616386,-23.701557756123307,126.74658966064453,2475.21,242.093,False,36494.3,3.34157,14551.3,203.25,False,12083.8,134.996,22.915969889796678,0.10619266312145138,19.994437382181566,9.94145207347191e-05,20.99274552824321,0.015165372618190584,21.19449119600925,0.012129466678711641
1999 RA194,86146,MBO,MBO,20892066633102401,745209493594833277,12.805847,3.397638,2.6425793,272.24100301121035,-23.701507448722925,2025050300705,159,60799.30094215474,r,272.24129141981393,-23.701556268142966,132.63458251953125,2925.49,234.843,False,35899.8,4.16657,14250.1,193.253,False,11559.1,126.288,22.734503458798052,0.08715721157937474,20.012269903612967,0.00012601173273464098,21.015455249726273,0.014724232884263829,21.242689984405793,0.011862122539556097
1999 RA194,86146,MBO,MBO,20892066633102401,745209493666136436,12.805747,3.3976374,2.6425734,272.24097262747387,-23.701502486106712,2025050300706,39,60799.30143551425,r,272.2412677987319,-23.701549146430125,132.4525146484375,1328.79,232.196,False,34624.8,1.84061,11138.5,179.074,False,9992.28,141.682,23.591359090307225,0.18972418174517014,20.05153179173951,5.771634494362224e-05,21.28293322703164,0.017455414166842563,21.40083848234635,0.015394812812996334
1999 RA194,86146,MBO,MBO,20892066633102401,745213856448512245,12.621339,3.3965716,2.6315613,272.18743359469846,-23.69177256316448,2025050400443,106,60800.218894994105,i,272.18721463073996,-23.691744426727475,72.47144317626953,6186.07,410.559,False,29276.4,15.804,19217.1,290.67,False,12502.4,77.5281,21.92146295569883,0.07205847538388693,20.233705804910986,0.0005861026165568688,20.69078039685794,0.016422403152974385,21.15751649221553,0.006732712231700682
1999 RA194,86146,MBO,MBO,20892066633102401,745213856878952562,12.621033,3.39657,2.6315436,272.1873371653297,-23.69175896285477,2025050400446,159,60800.22036782186,i,272.18750616772064,-23.69177397484447,96.8226547241211,15962.2,343.677,False,27489.1,32.3174,23593.6,289.168,False,7337.91,255.136,20.892268116607013,0.02337663725535883,20.30209871251246,0.001276439525846361,20.468014487418365,0.013307005766832147,21.736069024882898,0.03775058404390506
1999 RA194,86146,MBO,MBO,20892066633102401,745213859024339024,12.618707,3.3965569,2.6314085,272.18660219365347,-23.691654872497804,2025050400462,155,60800.23156486126,u,272.1866001022367,-23.691661109746473,17.610279083251953,6879.46,393.115,False,6729.07,3.13243,6812.24,388.923,False,30.4725,26.4309,21.806114131587883,0.06204254112301491,21.830112413039092,0.0005054179599677142,21.816775112495932,0.0619866258295744,27.69022979114143,0.9417338853378873
1999 RA194,86146,MBO,MBO,20892066633102401,745213859119759431,12.618584,3.3965561,2.6314013,272.1865630433137,-23.69164930543462,2025050400463,81,60800.23215964745,u,272.1865705032002,-23.691650956597755,20.986032485961914,6663.76,316.058,False,6306.5,6.08779,6707.58,317.831,False,20.5379,31.6567,21.840701670038598,0.05149579825532351,21.90052899983111,0.0010480827754513246,21.83358533455276,0.051446365571987736,28.118609863800565,1.6735315641555806
1999 RA194,86146,MBO,MBO,20892066633102401,745213859261317202,12.61846,3.3965557,2.6313941,272.1865238178836,-23.69164372532544,2025050400464,95,60800.23275544681,u,272.186517661901,-23.691640037340033,25.558666229248047,7432.75,287.867,False,6711.11,2.60377,7499.74,287.772,False,50.2328,44.8653,21.722126186035943,0.04205006610291078,21.833014128921768,0.00042124289939962016,21.712384447097836,0.04166070727750138,27.147531543623447,0.9697225749205997
1999 RA194,86146,MBO,MBO,20892066633102401,745213859426467904,12.618336,3.396555,2.631387,272.1864845831764,-23.691638141511383,2025050400465,154,60800.233351320014,u,272.18648048336274,-23.691643203819307,25.170961380004883,7558.67,298.76,False,7072.68,2.10158,7757.4,297.345,False,104.283,42.9249,21.70388654841978,0.04291423788697035,21.776039950309855,0.00032261622650240046,21.675709549072746,0.041616809394037835,26.354466238856585,0.4469100367010253
1999 RA194,86146,MBO,MBO,20892066633102401,745213859498295385,12.618212,3.3965542,2.6313798,272.1864454050683,-23.691632563358443,2025050400466,35,60800.23394617402,u,272.1864584877384,-23.691633927236285,22.352703094482422,7111.43,316.088,False,6607.69,2.88073,7461.82,316.169,False,144.007,12.5545,21.770107624409945,0.04825867522992953,21.84987586000293,0.0004733443595540061,21.71788810449778,0.04600434546809687,26.00404096367066,0.09465424888064654
1999 RA194,86146,MBO,MBO,20892066633102401,745213859695427661,12.61809,3.3965535,2.6313727,272.1864066788879,-23.69162704718641,2025050400467,155,60800.23453489755,u,272.1864230788643,-23.69162543703784,20.81247901916504,6861.75,329.554,False,6310.31,0.994786,6784.44,314.218,False,166.577,49.0247,21.808912772533745,0.05214539929079228,21.89987325267093,0.00017116040136172628,21.821214994327455,0.05028533639980066,25.845962436275492,0.31953927146330213
1999 RA194,86146,MBO,MBO,20892066633102401,745213859770400889,12.617965,3.3965528,2.6313655,272.18636721904545,-23.69162142407985,2025050400468,42,60800.235133429436,u,272.1863663930713,-23.691620678982353,23.48260498046875,7272.37,307.036,False,6826.08,4.52486,7635.9,308.136,False,303.86,35.0266,21.745810066021257,0.045839266656607106,21.814571553077883,0.0007197108976679533,21.6928494333258,0.043813355416381726,25.193316218582684,0.1251551683571362
1999 RA194,86146,MBO,MBO,20892066633102401,745213859932405859,12.617841,3.396552,2.6313584,272.1863279476985,-23.69161582538413,2025050400469,95,60800.235729781474,u,272.18632891898983,-23.691617869455264,22.302888870239258,6541.58,289.384,False,5972.58,5.18953,6849.7,287.693,False,365.052,45.1503,21.86079334466028,0.04803039709690124,21.959595046701732,0.0009433880198881424,21.81082109184223,0.045601805864030974,24.994113163840673,0.13428583899318217
1999 RA194,86146,MBO,MBO,20892066633102401,745213860097556607,12.617718,3.3965514,2.6313512,272.18628893089084,-23.69161026054276,2025050400470,154,60800.23632148316,u,272.18629296696486,-23.69161617064945,22.357566833496094,6803.53,299.061,False,6167.45,1.37787,7204.0,298.694,False,455.875,44.8669,21.81816427393933,0.04772542642143924,21.92473587232491,0.00024256431063134963,21.75606573963126,0.04501705860759259,24.752885559195406,0.10685740442621666
1999 RA194,86146,MBO,MBO,20892066633102401,745213860167811212,12.617594,3.3965507,2.631344,272.1862495755497,-23.69160464494624,2025050400471,32,60800.23691837774,u,272.18626016757287,-23.6916127612518,17.9171142578125,6608.46,363.625,False,6248.1,6.28375,7139.49,361.363,False,539.541,13.4922,21.849749342357384,0.059741729508665575,21.91063005365614,0.0010919311202031532,21.765831990272964,0.05495418950612386,24.569938837218523,0.02715079945102848
1999 RA194,86146,MBO,MBO,20892066633102401,745213860365992025,12.617472,3.39655,2.631337,272.18621087058443,-23.69159911971779,2025050400472,154,60800.23750585418,u,272.18621953883917,-23.691598885968673,23.283161163330078,6764.72,290.01,False,6517.19,1.04587,7402.0,286.719,False,607.834,18.4109,21.824375402197386,0.04654654698857647,21.864849053617135,0.00017423749753663642,21.726627298102265,0.04205636213595117,24.44053755475862,0.03288625073940987
1999 RA194,86146,MBO,MBO,20892066633102401,745213860768120971,12.617099,3.396548,2.6313152,272.1860927239432,-23.691582238934803,2025050400475,153,60800.239296573185,u,272.1860931240612,-23.691590201327678,22.51598358154297,6321.48,277.723,False,5887.91,0.697181,7205.85,278.367,False,871.468,43.6313,21.897953082733416,0.04769989119293172,21.975097063822517,0.00012856083366094803,21.755786941724942,0.041942745239664535,24.04937136660645,0.05435894738096158
1999 RA194,86146,MBO,MBO,20892066633102401,745213860838899775,12.616975,3.3965473,2.631308,272.18605345589714,-23.691576623251287,2025050400476,32,60800.23989135362,u,272.1860700454797,-23.691574006828766,15.250782012939453,5815.52,379.382,False,5539.6,6.96117,6828.3,381.907,False,968.305,30.0344,21.988528612263462,0.0708292223209217,22.0413039643747,0.0013643574223087104,21.81421854729725,0.06072525850648004,23.93496957218975,0.03367682366131787
1999 RA194,86146,MBO,MBO,20892066633102401,745213861037604964,12.616852,3.3965466,2.6313012,272.18601444313583,-23.691571041550077,2025050400477,155,60800.240482091554,u,272.1860087887374,-23.691573585538872,19.663915634155273,6570.6,331.806,False,5944.24,0.686283,7666.76,332.412,False,989.918,39.2282,21.85598741049968,0.05482814073853117,21.96475911758576,0.00012535198143730054,21.688470362368744,0.04707487133358444,23.911001914227953,0.043025255249231974
1999 RA194,86146,MBO,MBO,20892066633102401,745213862782959714,12.615243,3.3965375,2.631208,272.18550326120726,-23.69149766631028,2025050400490,156,60800.24821428256,u,272.18550859638333,-23.691500098024775,22.696378707885742,7076.91,314.005,False,6478.38,2.39382,7703.74,317.958,False,301.647,17.4436,21.775390794684938,0.048174499145708684,21.871333972949515,0.00040118936217527836,21.683245924482794,0.04481180701477881,25.20125246247208,0.06278579776140318
1999 RA194,86146,MBO,MBO,20892066633102401,745213863050870897,12.614976,3.396536,2.6311924,272.1854183680715,-23.69148543666952,2025050400492,155,60800.249496678574,u,272.18544423362465,-23.69150899415727,14.118559837341309,6592.87,457.729,False,7466.49,20.8162,7730.77,454.382,False,972.779,5.89199,21.852313699971997,0.07538036434439847,21.717208746480264,0.003026978078637233,21.679443115599337,0.06381498537475867,23.929964542669154,0.006576156677196668
1999 RA194,86146,MBO,MBO,20892066633102401,745213863146291227,12.614851,3.3965354,2.6311853,272.1853787559586,-23.691479725776773,2025050400493,81,60800.25009479491,u,272.18540135492685,-23.69150222541933,17.032777786254883,6464.78,381.285,False,6761.06,3.96934,7767.27,381.531,False,896.868,10.4522,21.87361566060953,0.06403542681497272,21.82496301550654,0.0006374231559845314,21.674328992181877,0.05333174014263362,24.01817870108968,0.012653291377045083
1999 RA194,86146,MBO,MBO,20892066633102401,745213863452999796,12.614605,3.396534,2.6311712,272.18530036873426,-23.69146841634258,2025050400495,154,60800.251277752366,u,272.1850621304261,-23.69142347841226,25.10015296936035,1281.67,238.635,False,6713.19,2.3166,2779.07,237.808,False,1459.7,36.5659,23.630559415470717,0.20215394319490268,21.83267766204007,0.00037466787107599543,22.790251258175125,0.09290760850648505,23.489341016262088,0.02719800069749978
1999 RA194,86146,MBO,MBO,20892066633102401,745213863524827213,12.614481,3.3965333,2.631164,272.185261063742,-23.691462741370707,2025050400496,35,60800.251870531145,u,272.1852742253525,-23.691452307383525,23.40213966369629,6635.7,284.809,False,6188.83,3.51745,7800.12,284.633,False,987.62,40.2142,21.84528310968682,0.046600573157536254,21.920978603069926,0.0006170831752557763,21.669746773456474,0.039619434541355324,23.913525315073343,0.044209323512432515
1999 RA194,86146,MBO,MBO,20892066633102401,745213863796932696,12.614239,3.396532,2.63115,272.18518375626445,-23.691451571270875,2025050400498,42,60800.253036583425,u,272.18494591275214,-23.691415989516788,24.071348190307617,1271.78,226.199,False,6034.2,3.90853,2647.68,225.087,False,1358.12,39.4703,23.63896999751268,0.19310921990368307,21.948450713577394,0.0007032634628668105,22.84283629083368,0.09230160651088366,23.56765464193743,0.03155415761355597
1999 RA194,86146,MBO,MBO,20892066633102401,745213863958937668,12.61412,3.3965313,2.631143,272.1851460860324,-23.69144612435762,2025050400499,95,60800.25360402888,u,272.1851485516577,-23.691449612697614,23.490781784057617,6243.36,267.78,False,6116.46,2.7926,7713.51,270.401,False,1301.57,46.287,21.911454079725647,0.04656762479681418,21.933749657157676,0.0004957159621851567,21.681869915765105,0.038061033885176405,23.61383121992198,0.0386114249905881
1999 RA194,86146,MBO,MBO,20892066633102401,745213864194343042,12.613878,3.39653,2.6311293,272.18506913154783,-23.69143498901153,2025050400501,32,60800.254764784055,u,272.1850637588581,-23.69144564503398,18.038888931274414,5648.43,316.579,False,5477.68,3.19984,7309.03,319.376,False,1391.84,40.8867,22.02018058873722,0.0608525346224268,22.053508321017574,0.0006342433476695285,21.740350670778284,0.04744242450922186,23.541026742914,0.03189459364726594
1999 RA194,86146,MBO,MBO,20892066633102401,745213864392523869,12.61376,3.3965292,2.6311224,272.18503143954104,-23.691429530952536,2025050400502,154,60800.25533248155,u,272.1850253946372,-23.691443026201185,23.009754180908203,6124.27,267.03,False,5773.32,1.9574,7832.77,269.45,False,1427.57,38.6124,21.932364173687212,0.04734019507738694,21.996435958130238,0.00036811056258358947,21.665211561823874,0.03734970296538866,23.513506508855613,0.029366603577794345
1999 RA194,86146,MBO,MBO,20892066633102401,745213864466448460,12.613635,3.3965285,2.6311152,272.1849918154932,-23.691423790262487,2025050400503,39,60800.25592960164,u,272.1849911636605,-23.69142481999253,21.503110885620117,6182.94,286.91,False,5816.81,3.6056,7580.14,285.038,False,1424.36,35.9606,21.92201243010674,0.05038195121338831,21.988287793422863,0.0006730029946397975,21.700806913346945,0.04082722280239383,23.515950588732018,0.027411418270588035
1999 RA194,86146,MBO,MBO,20892066633102401,745213864629501980,12.613512,3.396528,2.631108,272.184952515645,-23.69141809363622,2025050400504,94,60800.2565211147,u,272.18494544913233,-23.69142769524746,22.9783935546875,6414.81,277.424,False,5962.1,6.80097,8018.42,283.856,False,1467.38,40.2182,21.882040496206212,0.04695529412575883,21.961501842188007,0.0012384997433265317,21.639778009095714,0.038435592750431645,23.483643507735746,0.029758042515982866
1999 RA194,86146,MBO,MBO,20892066633102401,745213864794652773,12.613389,3.3965273,2.631101,272.18491347377807,-23.69141243152789,2025050400505,153,60800.25710972361,u,272.18491438621726,-23.691389458707935,21.224702835083008,6009.08,285.492,False,5764.06,4.35682,7568.15,285.909,False,1395.73,34.7974,21.952980021146764,0.051583437283270236,21.99817875676345,0.0008206641289588107,21.702525686125867,0.041016860508939754,23.53799648174471,0.027068845042244532
1999 RA194,86146,MBO,MBO,20892066633102401,745213864865431615,12.613271,3.3965266,2.6310942,272.18487555355216,-23.69140692933096,2025050400506,32,60800.25768047826,u,272.18489497139257,-23.691393536094175,16.893869400024414,5967.68,353.176,False,5573.81,9.55751,7327.92,350.338,False,1463.32,41.4735,21.960486149836825,0.06425544817923137,22.034619587581247,0.001861731012263323,21.737548213005887,0.05190759019497953,23.486651768903503,0.030771998864736545
1999 RA194,86146,MBO,MBO,20892066633102401,745213865064136764,12.613149,3.3965259,2.631087,272.18483669631564,-23.691401288345286,2025050400507,155,60800.25826578949,u,272.1848351834333,-23.691401188739988,21.224346160888672,6822.69,321.957,False,6283.04,3.68437,8296.77,323.178,False,1394.9,38.0052,21.81511091219157,0.05123497844289855,21.904575431766773,0.0006366749090017266,21.602727434075184,0.042291890074489455,23.538642295315068,0.02958177666540195
1999 RA194,86146,MBO,MBO,20892066633102401,745213865136488542,12.613025,3.3965251,2.63108,272.1847971673477,-23.691395546893347,2025050400508,37,60800.258860798654,u,272.1847914099623,-23.691397136099305,22.373533248901367,6168.14,274.604,False,6081.33,1.51486,7480.04,275.097,False,1261.85,40.6317,21.924614419788867,0.04833669508215214,21.940003559048545,0.00027045701563859913,21.715240193608444,0.039930636029496244,23.647480690875966,0.034960817128418004
1999 RA194,86146,MBO,MBO,20892066633102401,745213865466265675,12.612779,3.3965237,2.6310658,272.1847188180426,-23.691384158076527,2025050400510,154,60800.260039684974,u,272.18491812381427,-23.6914038937565,26.206592559814453,2187.29,228.246,False,6462.54,0.95691,3489.24,227.819,False,1352.87,33.0034,23.050234062053164,0.11329770800908116,21.873991882979027,0.00016076524722185393,22.543172896779502,0.07088974601608009,23.571859837988455,0.026486643350796108
1999 RA194,86146,MBO,MBO,20892066633102401,745213865539141702,12.612653,3.396523,2.6310585,272.1846788014294,-23.691378336724107,2025050400511,37,60800.260641120905,u,272.1848945355074,-23.69140633698622,23.359682083129883,1977.07,253.244,False,6495.04,3.44929,3242.3,246.82,False,1394.96,22.7002,23.15994491403245,0.1390725621682397,21.868545418371028,0.0005765967648432573,22.62286699290397,0.08265164049435472,23.538595644046662,0.017668197466436976
1999 RA194,86146,MBO,MBO,20892066633102401,745213865813344339,12.612407,3.3965218,2.6310444,272.18460014210416,-23.6913668848455,2025050400513,48,60800.26182492338,u,272.1848949089541,-23.69137903964262,22.07222557067871,1443.18,273.53,False,6710.4,2.39541,3079.95,275.675,False,1484.68,16.9835,23.5016987054351,0.20578265476887864,21.833128993837562,0.00038757502774666236,22.678640851692464,0.09718025284118607,23.470917815157534,0.012419915168822097
1999 RA194,86146,MBO,MBO,20892066633102401,745213865977970707,12.612284,3.396521,2.6310372,272.1845611008924,-23.69136119642852,2025050400514,106,60800.262411258795,u,272.1848198215403,-23.691404583919844,20.948129653930664,1287.98,282.49,False,6149.55,14.8857,2759.01,282.556,False,1517.32,11.1897,23.625227218293624,0.23813228041604095,21.927891692064108,0.0026281507072339703,22.798116809713516,0.11119252112920984,23.44730708254697,0.008006922058595151
1999 RA194,86146,MBO,MBO,20892066633102401,745213866212327494,12.612036,3.3965197,2.631023,272.1844817330148,-23.691349623094617,2025050400516,41,60800.26360424273,u,272.1844826812833,-23.69134247903881,23.620426177978516,7095.79,298.992,False,6349.79,0.96457,8169.15,297.211,False,1080.52,20.9292,21.772498108865857,0.04574916144886865,21.893101586921283,0.00016492963534790644,21.619557836615712,0.03950138575243345,23.81591795559042,0.02103023444049686
1999 RA194,86146,MBO,MBO,20892066633102401,745213867985469523,12.610417,3.3965106,2.6309297,272.1839651189686,-23.691273983389127,2025050400529,95,60800.27135934638,u,272.18395669259814,-23.691276732318904,30.4898624420166,8529.23,278.213,False,7792.48,0.61701,8612.28,276.841,False,84.6449,43.506,21.572725375847735,0.035415380276669094,21.670810761971122,8.596879228680477e-05,21.562204612928767,0.034900896258510394,26.58099804194873,0.5580494667063026
1999 RA194,86146,MBO,MBO,20892066633102401,745213868420628536,12.610053,3.3965087,2.6309087,272.1838487136776,-23.691256864771944,2025050400532,157,60800.273104750595,u,272.18384547173156,-23.691258037558274,30.60790252685547,8721.93,284.484,False,7995.49,3.35676,8701.96,287.781,False,-94.5612,35.3915,21.54846854686625,0.035413560884317206,21.64288725707494,0.0004558264450358249,21.550957298236817,0.03590619337549477,nan,nan
1999 RA194,86146,MBO,MBO,20892066633102401,745213868656033816,12.609816,3.3965073,2.6308951,272.1837727698449,-23.691245681218643,2025050400534,94,60800.27424206442,u,272.18376911343,-23.691250660117095,28.302814483642578,8211.08,288.433,False,7738.53,1.64414,8053.85,286.525,False,-170.953,36.6503,21.61399928103888,0.03813897354264192,21.67835385373325,0.00023067719305869922,21.634991144906444,0.03862631606863971,nan,nan
1999 RA194,86146,MBO,MBO,20892066633102401,745213869299859495,12.607622,3.396495,2.6307693,272.18307085305844,-23.691141733638915,2025050400539,42,60800.28474414312,g,272.183305786644,-23.69118902666477,172.34422302246094,7587.6,106.414,False,26541.9,3.04145,8471.31,106.055,False,856.182,44.3952,21.699738916373917,0.015227151219956112,20.340169962569824,0.00012441507039966454,21.580123618447807,0.013592674493976272,24.068584758393886,0.05629816358397333
1999 RA194,86146,MBO,MBO,20892066633102401,745213869494370353,12.607508,3.3964944,2.6307626,272.1830341761444,-23.691136272591564,2025050400540,157,60800.28529242659,g,272.18329214264014,-23.691183416593933,166.34930419921875,6027.07,103.321,False,26195.9,3.41976,7231.66,105.468,False,997.902,35.9849,21.94973444289267,0.018612585013249396,20.354416674089933,0.00014173810313982167,21.751904978086863,0.015834597601029572,23.902280291833286,0.039152252610647295
1999 RA194,86146,MBO,MBO,20892066633102401,745213869566722580,12.607405,3.396494,2.6307569,272.1830009754039,-23.69113132655548,2025050400541,39,60800.2857886399,g,272.18326674541834,-23.691177284249143,162.00091552734375,5360.4,100.755,False,25158.4,2.88303,6329.73,100.469,False,1088.68,39.8727,22.07700702348138,0.02040768418798591,20.39829243863224,0.00012442007179346853,21.896537040317455,0.017233410116104294,23.807749334870458,0.039764881830012165
1999 RA194,86146,MBO,MBO,20892066633102401,745213870671921501,12.606585,3.3964894,2.6307096,272.1827381129721,-23.691092079838292,2025050400549,99,60800.28971380034,g,272.18288955764626,-23.691120321141593,148.01966857910156,12870.5,147.449,False,26066.0,1.96556,21096.0,146.247,False,8062.55,27.6567,21.12601145266464,0.012438578394149415,20.359814022694014,8.187215570306591e-05,20.589499708036556,0.007526813435864165,21.63381897396637,0.003724365289807694
1999 RA194,86146,MBO,MBO,20892066633102401,745213871777120679,12.60577,3.3964849,2.6306632,272.18247696492926,-23.69105293389166,2025050400557,159,60800.293609836066,g,272.18269232577694,-23.691090349621142,151.71339416503906,6081.5,130.143,False,26117.3,2.20017,13531.0,128.479,False,7494.39,34.2564,21.939973222304467,0.023234559356643623,20.35767927335293,9.146443919307747e-05,21.071675264892974,0.010309238496214379,21.713159256283447,0.004962834093132127
1999 RA194,86146,MBO,MBO,20892066633102401,745213871847375213,12.605666,3.3964841,2.6306572,272.1824435683725,-23.691047916470744,2025050400558,37,60800.29410768558,g,272.1826678856133,-23.691085183955586,154.30728149414062,5493.43,131.554,False,27721.0,1.06519,13051.4,130.755,False,7558.4,22.7884,22.05039097802777,0.026000683914798466,20.292977767884295,4.171982619427201e-05,21.11085721711858,0.010877410737975003,21.70392533503445,0.0032734695112642824
1999 RA194,86146,MBO,MBO,20892066633102401,745213872012001428,12.605565,3.3964837,2.6306512,272.1824111744379,-23.691043047216667,2025050400559,95,60800.29459033977,g,272.18264991260696,-23.691083818834436,153.56402587890625,5650.08,135.462,False,28213.2,3.17042,13296.2,129.69,False,7825.62,25.1992,22.01986349229151,0.026030782189270615,20.273869161227033,0.00012200813091529381,21.090681136301953,0.010590178319926803,21.66620309521994,0.003496168100420546
1999 RA194,86146,MBO,MBO,20892066633102401,745213872176103681,12.605464,3.396483,2.6306455,272.18237891138256,-23.69103819521809,2025050400560,152,60800.29507109614,g,272.18263258337635,-23.691080504278574,157.84042358398438,3198.8,116.749,False,27012.4,1.69711,10306.1,116.465,False,7094.02,30.4961,22.6375322650637,0.03962692723234056,20.321092053962793,6.821362802137857e-05,21.36726416089907,0.012269458660776441,21.77276897567665,0.0046674127236101814
1999 RA194,86146,MBO,MBO,20892066633102401,745213872234300054,12.60536,3.3964825,2.6306396,272.1823455046929,-23.69103316868215,2025050400561,7,60800.295569053436,g,272.1826048987312,-23.69107174277959,143.52651977539062,1895.1,134.569,False,27269.6,0.223538,9198.46,134.225,False,7290.4,25.4888,23.20591968495217,0.0770969539789029,20.310803096538994,8.900141524609255e-06,21.49071219425911,0.015843189982816953,21.743121621380038,0.0037959663941009155
1999 RA194,86146,MBO,MBO,20892066633102401,745477740440322466,5.9049444,3.3216658,2.346508,261.9165410102805,-22.67935942792616,2025070300452,93,60860.24543183495,i,261.91654194185617,-22.67935604420134,107.19544219970703,75077.5,697.786,False,70465.5,0.500307,96493.1,430.511,False,28126.2,398.075,19.21122549337265,0.010091059705458198,19.280058655284424,7.708757461965473e-06,18.938759334786376,0.004844090995456516,20.277222378603,0.015366614223317601
1999 RA194,86146,MBO,MBO,20892066633102401,745508486474892599,8.076417,3.3125587,2.3759234,260.7148757721985,-22.52434860481258,2025071000152,44,60867.055101284895,z,260.7149039741478,-22.524342976747526,36.448204040527344,44399.3,1218.64,False,44568.2,2.01664,74942.1,803.947,False,39046.4,634.491,19.78155967320646,0.029800504989698967,19.77743728314666,4.912783199160344e-05,19.213185330941158,0.011647316658248372,19.92104754600667,0.01764285332523338
1999 RA194,86146,MBO,MBO,20892066633102401,745508486609110366,8.076559,3.3125582,2.3759258,260.71479870222424,-22.524338832689995,2025071000153,44,60867.055556413696,z,260.7147892372614,-22.52433925667898,36.18873596191406,49764.6,1360.82,False,43382.0,1.13651,94612.8,865.056,False,55812.0,678.409,19.657698671837863,0.029689607420797848,19.80672607496422,2.8443826237834768e-05,18.960125297570222,0.009927014972964941,19.533181036102143,0.01319739857419095
1999 RA194,86146,MBO,MBO,20892066633102401,745508486743328124,8.076705,3.3125575,2.3759282,260.71471993610294,-22.52432884315356,2025071000154,44,60867.05602130094,z,260.71467383474806,-22.524329846721724,34.29864501953125,42816.8,1243.0,False,40918.8,1.70805,94453.0,870.01,False,57772.0,578.459,19.82096446444862,0.03151963897090948,19.870192756908335,4.5321263155265484e-05,18.961960608840428,0.010000755572660612,19.49570649356083,0.010871250126420316
1999 RA194,86146,MBO,MBO,20892066633102401,745508512811975065,8.116928,3.3123846,2.3765955,260.6929427456605,-22.521459661748533,2025071000348,102,60867.18455421971,z,260.69294559309003,-22.521456185068466,69.8409423828125,90918.4,1288.06,False,81939.1,9.05544,104487.0,969.657,False,25265.2,584.359,19.00337055785937,0.015381852997327904,19.116272005661475,0.00011998934349044303,18.852344349946186,0.010075815096729227,20.39369318238659,0.025112001964663275
1999 RA194,86146,MBO,MBO,20892066633102401,745512896766150179,8.369071,3.3112695,2.3809893,260.56021411434983,-22.503056894867136,2025071100243,103,60868.012078530344,r,260.56020856496974,-22.503054228634834,117.94182586669922,73063.6,618.15,False,65866.2,0.552163,99506.1,499.725,False,36016.2,231.266,19.240747309225927,0.009185803151304505,19.35334342714798,9.101835795564173e-06,18.905375720405033,0.0054526257488720425,20.008755300238846,0.006971692782710139
1999 RA194,86146,MBO,MBO,20892066633102401,745512945366074035,8.431851,3.3109956,2.3820918,260.5266830601475,-22.49857279157172,2025071100605,128,60868.21520124789,z,260.52667594055106,-22.49856036946676,48.16325759887695,68340.0,1412.09,False,55520.4,0.409151,125641.0,941.527,False,68452.6,905.777,19.31331256384314,0.022434258125062667,19.538868564659897,8.001204120249161e-06,18.6521715390738,0.008136276591802471,19.3115251042973,0.014366654232310443
1999 RA194,86146,MBO,MBO,20892066633102401,745517308886123364,8.676096,3.3098996,2.3865972,260.40001445367454,-22.48074978504881,2025071200348,66,60869.02722469269,r,260.4000113243905,-22.48075284602809,119.13818359375,52414.4,443.968,False,57405.8,3.39869,67736.0,341.238,False,24382.4,169.064,19.60137348564222,0.009196559183637477,19.50261055123503,6.428062522502942e-05,19.322951133091003,0.005469683155134745,20.43230885332747,0.007528335920340006
1999 RA194,86146,MBO,MBO,20892066633102401,745521668402185138,8.962854,3.3086004,2.3921368,260.25270945069826,-22.45979152981274,2025071300061,47,60869.9880691358,i,260.25270558001216,-22.459790300884155,129.07135009765625,89385.7,686.659,False,83702.1,1.29708,80836.2,465.224,False,-402.782,42.3954,19.02182984815704,0.008340601537467627,19.0931590943974,1.682498687110866e-05,19.130985233704124,0.006248568333683804,nan,nan
1999 RA194,86146,MBO,MBO,20892066633102401,745543690040115233,10.462393,3.3014789,2.426036,259.52114786674923,-22.350433954557808,2025071800295,44,60875.22572680285,u,259.5211525027264,-22.35043206324056,21.77763557434082,8099.94,369.579,False,7270.81,3.65811,12792.0,328.289,False,4942.36,113.629,21.62879550317762,0.049539294684770835,21.746043001607944,0.0005462585779340063,21.132653873154553,0.02786391920843304,22.165164089793684,0.024961985820049964
1999 RA194,86146,MBO,MBO,20892066633102401,745556882085118026,11.249292,3.2974613,2.4476397,259.1705047111101,-22.293474213903583,2025072100279,145,60878.159126012375,u,259.1705128773095,-22.293479515840694,13.655567169189453,4131.36,300.852,False,4014.51,2.6812,10488.4,264.039,False,6274.71,225.069,22.359767435077057,0.07906498304445052,22.390918637196798,0.000725138543667023,21.348226854944443,0.027332738328221147,21.906015859986052,0.03894451913395998
