provid,permid,orbit_class,population,ssObjectId,diaSourceId,phaseAngle,helioRange,topoRange,ephRa,ephDec,visit,detector,midpointMjdTai,band,ra,dec,snr,psfFlux,psfFluxErr,psfFlux_flag,trailFlux,trailFluxErr,scienceFlux,scienceFluxErr,forced_PsfFlux_flag,templateFlux,templateFluxErr,psfMag,psfMagErr,trailMag,trailMagErr,scienceMag,scienceMagErr,templateMag,templateMagErr
2002 XZ44,90112,MBO,MBO,21163616039613530,745284193900036107,21.13733,2.8064616,2.6282847,148.22461843645317,3.0426511178840308,2025052000210,68,60816.08418383806,r,148.22463617620917,3.0426136705119826,20.362545013427734,27168.4,1292.61,False,32943.8,92.6825,25271.6,1291.61,False,281.42,19.4999,20.314839827582023,0.051656830713241016,20.10556574249212,0.0030545579560702007,20.393418169484132,0.055491054986605594,25.276612551437953,0.07523185024860352
2002 XZ44,90112,MBO,MBO,21163616039613530,745297371234041872,21.123985,2.8066876,2.666057,148.85850262582696,2.896639410701728,2025052300085,14,60818.98851694912,u,148.85849581681094,2.896638216858384,12.793740272521973,5198.79,404.38,False,5877.27,21.2872,5221.22,393.242,False,28.8798,41.7377,22.1102443046166,0.08445234535009472,21.97706089006845,0.003932486455173179,22.10556997302828,0.0817734291668016,27.748514516786067,1.5691290203161985
2002 XZ44,90112,MBO,MBO,21163616039613530,745297371776679959,21.123972,2.8066878,2.6660893,148.85904127899968,2.8965093644924043,2025052300089,25,60818.99098326173,u,148.85904743200692,2.896500250493248,12.123374938964844,5311.33,434.124,False,5625.95,9.94935,5295.57,425.9,False,51.3262,19.9012,22.086991770151158,0.0887431452261981,22.024510292050174,0.0019200969652164732,22.090218253103266,0.08732111148169008,27.124152250305897,0.420982914011267
2002 XZ44,90112,MBO,MBO,21163616039613530,745297371909324820,21.123968,2.806688,2.6660974,148.8591755728373,2.8964769422909504,2025052300090,22,60818.99159898592,u,148.8591649262455,2.896507326000576,12.8059663772583,6082.39,474.049,False,7333.57,21.6554,6379.69,466.637,False,52.7484,24.8184,21.939814316945473,0.08462005276767276,21.736711421665056,0.003206085390405112,21.888001069658102,0.07941525103508228,27.094476739063513,0.5108445747327814
2002 XZ44,90112,MBO,MBO,21163616039613530,745297372045115416,21.123964,2.806688,2.6661053,148.85931030843958,2.89644441351974,2025052300091,25,60818.992215993,u,148.85930138774702,2.896466480509049,12.885854721069336,5546.56,421.676,False,6427.53,20.715,5606.81,412.379,False,89.7848,30.9802,22.039940700185863,0.08254285349380067,21.879889755402356,0.003499170972210143,22.02821039051971,0.07985553341691026,26.51699297925652,0.37463273785766055
2002 XZ44,90112,MBO,MBO,21163616039613530,745297372179333155,21.123962,2.806688,2.6661134,148.85944504933084,2.896411883567709,2025052300092,25,60818.992832710624,u,148.85941973704826,2.896394904677003,12.268393516540527,4970.61,404.828,False,5165.45,4.39699,5178.49,396.328,False,120.863,30.5703,22.158975806834306,0.0884270605761323,22.117229553792853,0.0009242119973301808,22.114492096028478,0.08309519614111664,26.19426658461275,0.2746190385876721
2002 XZ44,90112,MBO,MBO,21163616039613530,745297372314075140,21.123959,2.806688,2.6661215,148.8595795770075,2.896379405198345,2025052300093,26,60818.993448555295,u,148.8595921130615,2.8964008587114565,13.603703498840332,6333.09,458.678,False,7600.27,10.436,6459.46,450.336,False,110.544,25.0345,21.895960877133625,0.07863512645808972,21.69792744498576,0.0014908342549565098,21.874509473506365,0.07569457831960295,26.291162074239374,0.2458827567820134
2002 XZ44,90112,MBO,MBO,21163616039613530,745297372448292895,21.123955,2.806688,2.6661296,148.85971367303364,2.896347031158097,2025052300094,26,60818.99406224796,u,148.85970560536742,2.8963271435280564,12.952719688415527,6066.48,467.074,False,6663.55,32.4537,6120.59,460.258,False,104.851,23.767,21.942658078113844,0.08359364232642413,21.840735879822688,0.005287895972541363,21.93301680675129,0.08164552471499949,26.34856857939684,0.24610822123375403
2002 XZ44,90112,MBO,MBO,21163616039613530,745297372598239236,21.123953,2.8066883,2.6661375,148.85984777442837,2.896314655950625,2025052300095,56,60818.99467669737,u,148.85986774772562,2.896346064495356,13.281702995300293,4662.31,351.072,False,5054.32,3.751,4512.5,342.521,False,34.5776,25.7841,22.22849711969268,0.081755946361092,22.14084320130206,0.0008057654772536885,22.26395696271571,0.08241273049280935,27.553012929855992,0.8096204356627582
2002 XZ44,90112,MBO,MBO,21163616039613530,745297372736126999,21.12395,2.8066883,2.6661456,148.85998188113322,2.8962822796014223,2025052300096,63,60818.9952900031,u,148.85996503993752,2.896291417000491,13.32395076751709,4801.47,364.856,False,5614.81,18.9962,4727.2,357.362,False,-29.8796,31.2636,22.196564402171308,0.08250334532533075,22.026662326867783,0.0036732966008218406,22.213490012711894,0.08207836458023765,nan,nan
2002 XZ44,90112,MBO,MBO,21163616039613530,745297372870344728,21.123945,2.8066883,2.6661537,148.86011621167185,2.8962498493654727,2025052300097,63,60818.99590580367,u,148.86012339627803,2.896243013514853,13.819777488708496,5162.61,376.674,False,5379.19,6.87344,5098.79,366.394,False,-91.9684,30.5256,22.11782673300756,0.07921741565117182,22.07320780082717,0.0013873357347917376,22.131332178236825,0.07801993050845095,nan,nan
2002 XZ44,90112,MBO,MBO,21163616039613530,745297373138780164,21.12394,2.8066883,2.6661696,148.86038467043412,2.8961850382365117,2025052300099,63,60818.99713408484,u,148.86037313970954,2.896149797821104,15.722917556762695,5976.16,378.933,False,6480.12,0.600637,5796.89,369.813,False,-114.059,32.1287,21.95894443074118,0.06884375278270627,21.871042359649046,0.0001006359983003712,21.992012325866643,0.06926461273147769,nan,nan
2002 XZ44,90112,MBO,MBO,21163616039613530,745297373407215634,21.123932,2.8066885,2.6661859,148.86065271433205,2.89612032800333,2025052300101,63,60818.99836125775,u,148.86062803032618,2.896157154083075,14.899898529052734,6243.97,421.903,False,6794.02,10.7997,5980.23,416.566,False,-118.417,14.2061,21.91134794322002,0.07336283849361949,21.819682944386514,0.0017258743750483817,21.958205285293193,0.07562933192974695,nan,nan
2002 XZ44,90112,MBO,MBO,21163616039613530,745297373543530530,21.123928,2.8066885,2.6661937,148.86078641686024,2.896088050304281,2025052300102,67,60818.99897398359,u,148.86079918491495,2.8961227187947878,13.112857818603516,5774.73,438.093,False,6056.86,0.931252,5849.27,428.627,False,-155.068,16.0296,21.996170795141076,0.08236807932336611,21.94438118607772,0.00016693369797639597,21.982245824653894,0.07956135826472778,nan,nan
2002 XZ44,90112,MBO,MBO,21163616039613530,745297373678796804,21.123926,2.8066885,2.6662018,148.8609201249624,2.896055771476659,2025052300103,69,60818.99958518341,u,148.860900563446,2.896075018378738,15.129427909851074,5448.96,363.139,False,5562.98,5.49688,5375.17,354.272,False,-170.365,18.6441,22.05921595822091,0.07235750871787815,22.03673125738665,0.0010728353704864916,22.07401950529079,0.0715597731362207,nan,nan
2002 XZ44,90112,MBO,MBO,21163616039613530,745297373813014562,21.123892,2.806689,2.666281,148.86224112848095,2.895736878527094,2025052300104,69,60819.00563005344,u,148.8622126011653,2.895689764500457,14.522239685058594,5349.24,360.746,False,6264.62,3.02705,5398.57,350.429,False,104.672,37.4067,22.079269743755347,0.07322067773108529,21.907763148071748,0.0005246252345735256,22.069303192903288,0.07047670943349887,26.350423724276688,0.38801025845559933
2002 XZ44,90112,MBO,MBO,21163616039613530,745297373946183699,21.123888,2.8066893,2.666289,148.86237533709777,2.895704481954498,2025052300105,67,60819.006244870674,u,148.8623945214198,2.895710039491167,12.245559692382812,5805.64,465.243,False,6344.58,11.5091,5887.51,454.625,False,84.6707,24.2326,21.990374718660497,0.0870069741963333,21.893992791995753,0.001969530899955227,21.975170898743166,0.08383898146040106,26.580667123463,0.3107357129149248
2002 XZ44,90112,MBO,MBO,21163616039613530,745297374639292434,21.123869,2.8066895,2.6663337,148.8631214659473,2.8955243808547158,2025052300110,109,60819.00965783103,u,148.86313151256397,2.895526328721381,15.706911087036133,5108.34,318.916,False,4887.71,1.4826,5049.51,311.924,False,-52.9731,24.2501,22.12930054508588,0.06778300620129574,22.177236433111403,0.0003293387867653952,22.141876958870977,0.06706932115109653,nan,nan
2002 XZ44,90112,MBO,MBO,21163616039613530,745297374775083047,21.123865,2.8066895,2.6663418,148.86325615270837,2.895491871370444,2025052300111,112,60819.01027344731,u,148.86325139484052,2.8954923617135164,18.79707145690918,5795.92,305.523,False,5491.43,2.4133,5655.74,299.239,False,-102.053,53.0772,21.992194058747522,0.0572329152387674,22.050786335340295,0.00047714477643507914,22.018776364262088,0.05744511196695206,nan,nan
2002 XZ44,90112,MBO,MBO,21163616039613530,745297374909300758,21.123863,2.8066895,2.66635,148.86339062717883,2.895459413551274,2025052300112,112,60819.010888985125,u,148.86338412451525,2.895468445172061,18.132497787475586,5536.57,302.048,False,5391.93,4.25758,5497.41,294.903,False,-52.2022,45.7694,22.041898046568576,0.05923242442395968,22.07063935111751,0.0008573198069281602,22.049604648875953,0.05824322204924987,nan,nan
2002 XZ44,90112,MBO,MBO,21163616039613530,745297375045091358,21.12386,2.8066895,2.666358,148.86352554554713,2.8954268490265846,2025052300113,115,60819.01150549284,u,148.863522487197,2.895425947581677,19.319381713867188,6180.1,317.291,False,5892.78,0.144197,6312.47,309.47,False,10.2077,23.6536,21.922511226716587,0.05574251299022598,21.97419947077242,2.656809035036023e-05,21.899501645177075,0.05322841505402284,28.87768027927575,2.515901839722654
2002 XZ44,90112,MBO,MBO,21163616039613530,745297375177736228,21.123856,2.8066897,2.666366,148.86366090771466,2.895394177835628,2025052300114,112,60819.01212471474,u,148.86364339359628,2.8954121201864744,17.47556495666504,5680.67,318.821,False,5793.84,3.03353,5725.92,312.401,False,-14.5942,53.3045,22.014001112211247,0.060935685920333105,21.9925837848849,0.0005684681376508215,22.00538682491589,0.059236783222749764,nan,nan
2002 XZ44,90112,MBO,MBO,21163616039613530,745297375264243742,21.12385,2.8066897,2.666377,148.8638439524547,2.8953499986546563,2025052300115,21,60819.0129616186,u,148.863846017619,2.8953452037941645,14.862405776977539,5738.75,384.582,False,6007.46,2.70842,5524.02,373.46,False,-72.3866,57.7147,22.002956735564805,0.07276054922997306,21.953272787598898,0.0004894963449298619,22.044361890423502,0.07340288998189538,nan,nan
2002 XZ44,90112,MBO,MBO,21163616039613530,745297375533203482,21.123844,2.8066897,2.6663933,148.86411362119216,2.8952849137422065,2025052300117,22,60819.014194414274,u,148.86408835940418,2.8952762933356415,14.435290336608887,6171.42,423.173,False,6512.54,0.114656,6260.45,415.261,False,98.7326,39.3897,21.924037254710868,0.07444870990771114,21.865623984109952,1.9114841673060922e-05,21.90848608777668,0.0720178059427099,26.41384859470785,0.43315811123439435
2002 XZ44,90112,MBO,MBO,21163616039613530,745297375667945503,21.12384,2.80669,2.6664014,148.8642492311809,2.8952521848338773,2025052300118,23,60819.01481426267,u,148.86423938328008,2.895245799493186,16.1047306060791,5682.99,350.163,False,5821.48,12.9615,6003.24,343.806,False,152.227,138.991,22.01355772561081,0.06689869679353219,21.987416479250733,0.002417386995647894,21.954035692345016,0.062180190492887,25.943770742693825,0.991332371775305
2002 XZ44,90112,MBO,MBO,21163616039613530,745297376221593613,21.123825,2.80669,2.6664336,148.86478889558074,2.8951219442656573,2025052300122,55,60819.017281629225,u,148.86479578215003,2.895135519249534,17.52840232849121,5266.75,295.093,False,4855.26,1.6427,5337.85,287.429,False,24.357,129.184,22.096143240178684,0.0608331779222211,22.184468823885524,0.00036734158476580704,22.08158406657118,0.058463997723574655,27.933440494043282,5.758498587006452
2002 XZ44,90112,MBO,MBO,21163616039613530,745297376360005635,21.123823,2.8066902,2.6664417,148.86492257088744,2.895089684909575,2025052300123,63,60819.01789290727,u,148.86491239971028,2.895104821007055,19.345592498779297,6238.79,321.754,False,5893.4,3.07862,6202.75,308.84,False,-57.7621,117.122,21.912249074796875,0.055994826280865106,21.974085221083353,0.0005671716162760596,21.91853930648161,0.054059693765090636,nan,nan
2002 XZ44,90112,MBO,MBO,21163616039613530,745297376494223380,21.12382,2.8066902,2.6664498,148.8650580033122,2.8950570020783477,2025052300124,63,60819.01851106773,u,148.8650406507359,2.8950608897816266,19.22919273376465,5987.2,306.422,False,5820.51,1.85435,5929.71,298.171,False,-106.639,142.248,21.956940550031675,0.055567451446504185,21.987597444430683,0.00034590353434320233,21.967416371751618,0.05459542560658195,nan,nan
2002 XZ44,90112,MBO,MBO,21163616039613530,745297376764231698,21.123812,2.8066902,2.666466,148.86532757650198,2.8949919498533845,2025052300126,66,60819.019743997706,u,148.86531895888373,2.8949889369696113,16.4352970123291,5190.09,313.773,False,4817.11,0.855124,5188.23,303.856,False,-48.579,85.8965,22.11206281043322,0.06563946435702966,22.19303362166839,0.00019273778451459845,22.11245195259807,0.06358766823295127,nan,nan
2002 XZ44,90112,MBO,MBO,21163616039613530,745297376898973738,21.123808,2.8066905,2.666474,148.86546193599466,2.894959527689592,2025052300127,67,60819.02035760998,u,148.8654612373528,2.8949905798638746,15.627906799316406,5920.63,375.584,False,5646.7,5.93043,5788.47,358.559,False,-54.2531,75.8907,21.969080217957156,0.06887530059615493,22.02051317497242,0.0011402911909596997,21.993590492682877,0.06725446673384296,nan,nan
2002 XZ44,90112,MBO,MBO,21163616039613530,745297377031094291,21.123804,2.8066905,2.6664822,148.86559674022973,2.8949269988098627,2025052300128,63,60819.02097333546,u,148.86557135872616,2.894954043917401,15.666790008544922,4995.73,319.708,False,5531.57,5.56332,5120.18,314.821,False,-60.8188,67.6164,22.153502608271545,0.06948305060325857,22.042879003001275,0.0010919681588093238,22.126786890543436,0.06675791898383167,nan,nan
2002 XZ44,90112,MBO,MBO,21163616039613530,745297377166884876,21.1238,2.8066905,2.66649,148.86573133269454,2.894894521645781,2025052300129,66,60819.02158864962,u,148.86569046712322,2.894889295972415,15.390055656433105,4847.3,317.049,False,4806.08,2.11848,4984.06,309.753,False,39.3468,45.942,22.186250296012467,0.07101512265505082,22.195522493319434,0.00047858345303547636,22.156041832526157,0.06747712359120057,27.41272640701596,1.2677242354771978
2002 XZ44,90112,MBO,MBO,21163616039613530,745297377301102613,21.123796,2.8066905,2.6664982,148.8658659324159,2.89486204335581,2025052300130,66,60819.022203362154,u,148.86584881441618,2.8948538654341545,17.70012092590332,5476.36,307.42,False,5371.29,1.01422,5665.66,298.029,False,165.667,75.7218,22.053770052960253,0.06094870442749421,22.074803489865822,0.00020501134082055123,22.016873698388125,0.05711265014694673,25.851909931587194,0.49625995498608483
2002 XZ44,90112,MBO,MBO,21163616039613530,745297377572159516,21.12379,2.8066907,2.6665144,148.86613515338078,2.894797083500498,2025052300132,71,60819.02343359553,u,148.86614850659575,2.8948052290291097,16.369251251220703,5056.98,306.117,False,4880.97,2.32232,5186.04,296.72,False,99.6038,94.8852,22.140271914113793,0.06572347840942769,22.178734606329126,0.0005165831330966756,22.112910336407616,0.0621205477733704,26.404310253814312,1.0343008965332288
2002 XZ44,90112,MBO,MBO,21163616039613530,745297377725775885,21.123787,2.8066907,2.6665225,148.86627021251252,2.894764496303852,2025052300133,108,60819.02405021712,u,148.86626565728798,2.8947473003479853,18.116252899169922,5491.09,302.5,False,5293.26,3.33626,5560.15,294.493,False,23.8597,74.2744,22.050853626054526,0.059812389031143165,22.09069198143535,0.0006843228026017752,22.03728374906503,0.057505954015997854,27.95583758724746,3.3798583555200654
2002 XZ44,90112,MBO,MBO,21163616039613530,745297379180150813,21.123734,2.8066914,2.666637,148.8681813298623,2.8943034571736224,2025052300144,66,60819.03277742538,g,148.86842652298844,2.894241082370415,111.16527557373047,3695.9,119.079,False,16726.5,0.295138,6429.14,118.255,False,2748.18,34.753,22.48069949869506,0.034981570801974456,20.841487312822323,1.9157744511134315e-05,21.87961776941943,0.019970591584761683,22.802387090275353,0.01373002840909158
2002 XZ44,90112,MBO,MBO,21163616039613530,745297379583328274,21.123724,2.8066914,2.6666577,148.86852443110277,2.894220703793441,2025052300147,67,60819.034343319145,g,148.86877731106776,2.894160555176981,101.88819122314453,3744.31,125.125,False,15404.2,0.505727,6544.99,123.771,False,2772.59,31.2602,22.46657048853618,0.03628245003603765,20.93090211463986,3.5645220079767576e-05,21.860227492783146,0.02053214061889335,22.792785834283208,0.012241380938211454
2002 XZ44,90112,MBO,MBO,21163616039613530,745297379717546037,21.123722,2.8066916,2.6666646,148.86863902876814,2.894193064930384,2025052300148,67,60819.03486655337,g,148.86886595896834,2.894131018577595,97.4635238647461,5592.52,132.743,False,15210.3,0.533205,8388.75,132.631,False,2747.84,25.3747,22.03098113146394,0.02577082896730829,20.94465556410514,3.806104750721667e-05,21.590756870439126,0.017166118312597133,22.80252136222578,0.010026140600170187
2002 XZ44,90112,MBO,MBO,21163616039613530,745297381776425005,21.123672,2.8066921,2.6667678,148.87036484086417,2.893776908866442,2025052300163,154,60819.04273919154,g,148.8703678395714,2.893774158905637,100.35835266113281,15732.4,156.839,False,14529.3,0.211665,18265.5,159.235,False,2331.71,41.4072,20.908012523246256,0.010823890906270863,20.994388286740786,1.581716681095003e-05,20.745921087268428,0.00946523255467091,22.980813680020788,0.019280826851710346
2002 XZ44,90112,MBO,MBO,21163616039613530,745297381841436728,21.123669,2.8066924,2.666778,148.87053216793328,2.8937365684725918,2025052300164,22,60819.04350260107,g,148.87053916412702,2.893737763721106,97.6404037475586,17724.2,180.222,False,17071.5,2.74169,20175.2,176.074,False,2595.08,13.7083,20.778583442934064,0.011039909223061398,20.819320794005442,0.0001743696809786081,20.63795542042716,0.009475491171627989,22.86462309073223,0.005735313274858365
2002 XZ44,90112,MBO,MBO,21163616039613530,745297382798786646,21.123627,2.8066928,2.6668634,148.8719590445435,2.893392631352732,2025052300171,56,60819.05000675553,r,148.87222365585103,2.893324453476468,106.37667083740234,4957.4,184.039,False,22173.9,1.48727,8089.88,183.369,False,3095.95,31.9835,22.16186511529714,0.040306977632255526,20.535394769340886,7.282358332068808e-05,21.63014481667976,0.024609804915861695,22.673015171737696,0.011216474406558062
2002 XZ44,90112,MBO,MBO,21163616039613530,745297382934577156,21.123623,2.8066928,2.6668704,148.87207492262164,2.8933647051409044,2025052300172,59,60819.05053419755,r,148.87229504904826,2.8933086264914736,111.14998626708984,6286.92,175.367,False,22422.5,1.28163,9147.52,173.919,False,2880.87,34.7408,21.903905178339294,0.030285466994517615,20.523289918282657,6.205874165152869e-05,21.496741636400312,0.020642772200936296,22.751190803153786,0.013093038446063106
2002 XZ44,90112,MBO,MBO,21163616039613530,745297384795799568,21.123558,2.8066936,2.6669993,148.87422712858736,2.892846186715691,2025052300186,25,60819.060335375776,i,148.87422104822363,2.8928443608776897,91.98052978515625,29856.5,316.609,False,30098.7,1.20318,29687.5,312.421,False,-162.519,18.7235,20.212402762104993,0.011513535196519013,20.20363068247104,4.3401744009349857e-05,20.218565932577647,0.011425912588085039,nan,nan
2002 XZ44,90112,MBO,MBO,21163616039613530,745297384930541586,21.123556,2.8066938,2.6670063,148.87434204082527,2.89281851029148,2025052300187,26,60819.06085855108,i,148.87433970455766,2.8928148964219753,88.8670654296875,29158.2,323.347,False,31488.5,1.62579,29038.2,320.329,False,-121.54,14.7746,20.23809825279783,0.01204016494748723,20.15462006778295,5.6057896193604064e-05,20.24257579892514,0.01197707891532618,nan,nan
2002 XZ44,90112,MBO,MBO,21163616039613530,745297385064759327,21.123552,2.8066938,2.6670132,148.8744576192041,2.8927906743597074,2025052300188,26,60819.06138473396,i,148.8744567239267,2.892789990824742,89.18463134765625,29896.0,326.022,False,32112.1,1.86274,30016.4,324.11,False,-27.1493,17.1131,20.210967287896047,0.011840175688841147,20.133328244262266,6.298075572425775e-05,20.206603475453456,0.011723522502375948,nan,nan
2002 XZ44,90112,MBO,MBO,21163616039613530,745297385348923498,21.123545,2.8066938,2.667027,148.87468813745366,2.8927351590866066,2025052300190,56,60819.06243327331,i,148.87468202812227,2.8927352724042494,100.23890686035156,29625.1,292.304,False,27366.6,0.325924,29728.3,291.017,False,-55.8342,55.2431,20.22085045184454,0.0107127072698828,20.306947904412922,1.2930634485621415e-05,20.217074784035802,0.010628515015694237,nan,nan
2002 XZ44,90112,MBO,MBO,21163616039613530,745297385486811139,21.12354,2.8066938,2.667034,148.87480395650263,2.892707268030061,2025052300191,63,60819.06296078522,i,148.87480067531664,2.892706223349161,99.18934631347656,29054.4,288.788,False,26743.1,0.115789,29043.6,287.118,False,-28.2447,76.2227,20.241970207182355,0.01079174158776307,20.331970645150165,4.700887901324429e-06,20.2423738974773,0.01073332590618411,nan,nan
2002 XZ44,90112,MBO,MBO,21163616039613530,745297385753149473,21.123535,2.806694,2.667048,148.8750358355618,2.89265143078378,2025052300193,59,60819.064015990574,i,148.87503028466725,2.89265252273238,97.36155700683594,29922.3,304.907,False,29020.9,0.311858,30011.6,302.212,False,-46.435,23.2332,20.210012539536976,0.01106360722235846,20.243222793614255,1.166729891276262e-05,20.206777140477293,0.010933189842587676,nan,nan
2002 XZ44,90112,MBO,MBO,21163616039613530,745297385891561518,21.123531,2.806694,2.667055,148.87515189563982,2.892623484593478,2025052300194,67,60819.06454344802,i,148.87514870476198,2.8926222665351173,101.05479431152344,29362.3,289.893,False,27218.3,0.363936,29398.9,288.019,False,-64.3917,48.9645,20.230524792066053,0.010719436933175508,20.312847477438744,1.4517383073083913e-05,20.229172283086502,0.01063688319365307,nan,nan
2002 XZ44,90112,MBO,MBO,21163616039613530,745297386025255037,21.123528,2.806694,2.6670618,148.8752673034219,2.892595696444216,2025052300195,66,60819.06506858168,i,148.87526642422756,2.89259361029163,100.2046127319336,30259.0,302.401,False,27950.4,0.459853,30167.5,298.779,False,-48.342,41.1673,20.197863571619664,0.010850580492261884,20.2840299161171,1.78630372702686e-05,20.201151696487564,0.010753133952398124,nan,nan
2002 XZ44,90112,MBO,MBO,21163616039613530,745297386161045537,21.123524,2.806694,2.6670687,148.87538315798588,2.892567801700849,2025052300196,69,60819.06559514809,i,148.87537859389053,2.892567162073051,99.70262145996094,28802.8,287.668,False,28277.8,0.867455,29063.7,287.751,False,-24.6808,35.048,20.251413198596673,0.010843791342627545,20.27138592368952,3.3306243046055845e-05,20.241622774127553,0.01074954994513911,nan,nan
2002 XZ44,90112,MBO,MBO,21163616039613530,745297386450452524,21.123516,2.8066943,2.6670825,148.87561378931102,2.89251227467498,2025052300198,109,60819.06664482081,i,148.87561176186503,2.892513114785171,96.92322540283203,29325.4,296.985,False,29738.1,2.98714,29407.0,294.078,False,-6.56034,43.5801,20.231890123968682,0.010995496960677028,20.21671697046424,0.00010906029720873206,20.228873196119377,0.010857657523845647,nan,nan
2002 XZ44,90112,MBO,MBO,21163616039613530,745297386564223000,21.123512,2.8066943,2.6670895,148.8757283460379,2.8924846953573646,2025052300199,70,60819.067165975925,i,148.87572537227348,2.8924881886299065,102.7311019897461,30176.2,287.905,False,29285.3,1.67296,30367.4,286.578,False,2.01238,45.8445,20.200838654465358,0.010358789005850027,20.233375777735578,6.202406119425182e-05,20.193980960962428,0.010246122791732294,30.640725081077452,24.73441294089032
2002 XZ44,90112,MBO,MBO,21163616039613530,745297386698440807,21.123508,2.8066943,2.6670964,148.87584356947633,2.8924569565238616,2025052300200,70,60819.06768914743,i,148.87583579811914,2.892460641249682,99.89238739013672,29385.9,291.798,False,27655.5,1.84702,29432.4,289.045,False,30.1943,38.3976,20.22965249466175,0.0107812132135082,20.295546213148132,7.251275578123598e-05,20.227935792772413,0.010662624581012869,27.70018759653302,1.3807130163956072
2002 XZ44,90112,MBO,MBO,21163616039613530,745297386832658533,21.123505,2.8066943,2.667103,148.87595858021345,2.892429269895642,2025052300201,70,60819.06821238123,i,148.87595299956965,2.8924272884326108,100.14327239990234,29682.1,293.835,False,27614.2,1.29759,29788.7,292.769,False,59.0187,60.4624,20.218763454530837,0.010748137518776135,20.297168865793914,5.1018696923829964e-05,20.214871151701654,0.010670822318063588,26.972525908760332,1.1122951793798248
2002 XZ44,90112,MBO,MBO,21163616039613530,745297386987323429,21.123503,2.8066943,2.66711,148.8760740379611,2.892401476667997,2025052300202,109,60819.068737992246,i,148.8760706377549,2.892398341741804,96.86412048339844,29763.9,304.723,False,29582.6,3.77395,29817.5,301.208,False,66.3764,35.6657,20.215775393909848,0.011115773821072707,20.222409161175804,0.00013851095956970532,20.213821930185375,0.010967802104304543,26.844965702068883,0.5833931707047195
2002 XZ44,90112,MBO,MBO,21163616039613530,745301777335189521,21.11254,2.8067715,2.678952,149.08142606874426,2.8436491358699123,2025052400145,17,60819.98026129721,i,149.08142227745373,2.843646388468622,97.90188598632812,28650.1,292.666,False,28368.5,0.182579,28590.8,289.793,False,-108.389,75.4705,20.257184659396216,0.011090993059875903,20.267909067890102,6.987772564441133e-06,20.25943420149592,0.011004894672156136,nan,nan
2002 XZ44,90112,MBO,MBO,21163616039613530,745301777467834452,21.112535,2.8067718,2.6789587,149.08154174859052,2.843620790668304,2025052400146,14,60819.9807832778,i,149.0815400939264,2.8436205321603314,98.93419647216797,28816.1,288.111,False,28989.2,0.337105,28508.7,280.395,False,-118.69,80.9356,20.25091200821176,0.010855478004041099,20.244409452961367,1.2625637122134071e-05,20.262556495046837,0.01067867000416057,nan,nan
2002 XZ44,90112,MBO,MBO,21163616039613530,745301777602052170,21.112532,2.8067718,2.6789656,149.0816576533146,2.843592390325301,2025052400147,14,60819.98130642876,i,149.081653593079,2.8435927049633336,103.5096435546875,28998.1,279.652,False,28189.5,0.718476,28946.3,272.902,False,-71.5073,94.09,20.244076156649616,0.01047062786770498,20.274781567962595,2.7672551931711017e-05,20.246017323618684,0.0102361815672909,nan,nan
2002 XZ44,90112,MBO,MBO,21163616039613530,745301777741512707,21.112526,2.8067718,2.6789725,149.0817735612846,2.8435639891546582,2025052400148,24,60819.98182965605,i,149.0817702949165,2.8435656826628164,102.50578308105469,29243.4,284.877,False,27025.4,0.71844,29270.7,279.283,False,-8.55579,83.7116,20.23493032372604,0.01057678943096622,20.32056965776124,2.886308079037353e-05,20.233917257528624,0.010359426360444299,nan,nan
2002 XZ44,90112,MBO,MBO,21163616039613530,745301777891459077,21.112522,2.8067718,2.6789792,149.08188969410833,2.843535532862437,2025052400149,54,60819.98235309965,i,149.08188439568204,2.8435371227458286,102.50463104248047,28430.2,271.019,False,26243.6,0.788997,28621.0,268.326,False,23.1798,94.6713,20.265550242674994,0.010350091173542228,20.352441491907854,3.264196280692299e-05,20.25828799082785,0.010178932975249059,27.987225787269708,4.434380833645548
2002 XZ44,90112,MBO,MBO,21163616039613530,745301778009948210,21.112516,2.8067718,2.678986,149.0820056086577,2.843507130036122,2025052400150,24,60819.98287619607,i,149.08200173141987,2.8435058754851648,108.55543518066406,29043.1,264.117,False,27135.0,0.352693,29525.0,263.655,False,-0.59468,80.0469,20.242392589126496,0.009873649776377143,20.31617543521126,1.4112089553370788e-05,20.224525234286116,0.009695504749877832,nan,nan
2002 XZ44,90112,MBO,MBO,21163616039613530,745301778159894535,21.112513,2.806772,2.678993,149.08212196982444,2.843478617763141,2025052400151,54,60819.98340187362,i,149.08211852159587,2.84347998154935,102.06684112548828,29462.5,283.071,False,27102.5,0.190589,29585.7,280.267,False,-1.88226,77.1711,20.226826011169045,0.010431580784263218,20.317476617267143,7.635065878944988e-06,20.222295405729433,0.010285240338365646,nan,nan
2002 XZ44,90112,MBO,MBO,21163616039613530,745301778294112348,21.112507,2.806772,2.6789997,149.0822374477649,2.843450321905113,2025052400152,54,60819.98392289992,i,149.082233251393,2.84345164887314,97.22596740722656,29006.3,296.556,False,27297.3,0.83372,29175.3,294.474,False,-21.3838,80.6851,20.243769134795222,0.01110040153349413,20.30970073713843,3.316078856002048e-05,20.237461644807695,0.010958621626452274,nan,nan
2002 XZ44,90112,MBO,MBO,21163616039613530,745301778833604633,21.112452,2.8067725,2.6790812,149.08362056989813,2.843111414128229,2025052400156,59,60819.99016198833,i,149.08380869430505,2.8430640275680856,92.40729522705078,7565.75,262.279,False,26176.6,3.43359,10958.1,259.902,False,3346.26,64.611,21.702870033703313,0.037638806071479854,20.355216924524107,0.0001424162404851144,21.300661890341587,0.025751273477658074,22.58860079171314,0.020963852715321123
2002 XZ44,90112,MBO,MBO,21163616039613530,745301778967822408,21.112448,2.8067725,2.679088,149.08373675860406,2.843082944692416,2025052400157,59,60819.990685411554,i,149.083916889168,2.8430428262856853,88.22383117675781,9264.87,272.222,False,23796.2,1.496,12878.1,267.194,False,3585.23,62.0594,21.482901661527613,0.031901285280716514,20.458731009684367,6.82571785225277e-05,21.125370550137493,0.02252678644821378,22.513707451423507,0.01879381136722295
2002 XZ44,90112,MBO,MBO,21163616039613530,745301779100467296,21.112442,2.8067725,2.679095,149.08385272935692,2.8430545287552507,2025052400158,56,60819.99120829157,i,149.08384174091097,2.8430554563112787,82.6004638671875,25732.3,309.238,False,23363.4,0.618569,29497.0,308.683,False,3626.34,68.5916,20.37380345208698,0.013047838298571183,20.478659870571573,2.8745934456443902e-05,20.225555379520568,0.011362115605060705,22.501328672575713,0.02053651341031993
2002 XZ44,90112,MBO,MBO,21163616039613530,745301779234685057,21.112438,2.8067727,2.6791017,149.083968482162,2.8430261663215406,2025052400159,56,60819.991730077396,i,149.08396653092566,2.8430237757529033,81.09439849853516,26119.0,317.293,False,23760.0,1.42284,29888.2,315.454,False,3699.57,64.3232,20.35760863652414,0.013189497944833423,20.460383909227108,6.501805137661145e-05,20.211250626664057,0.011459366859040232,22.479621857256838,0.01887733489537764
2002 XZ44,90112,MBO,MBO,21163616039613530,745301779370475526,21.112434,2.8067727,2.6791086,149.0840849039651,2.8429976400745187,2025052400160,59,60819.99225536175,i,149.08389284345543,2.8430336403236334,85.99523162841797,9043.82,281.563,False,25299.3,2.25154,12879.4,279.796,False,3739.35,50.7186,21.50912018759493,0.03380243301321584,20.392228704080324,9.662632404494897e-05,21.125260888462346,0.02358686173773023,22.468009680012038,0.014726361578486313
2002 XZ44,90112,MBO,MBO,21163616039613530,745301779504693317,21.112429,2.8067727,2.6791155,149.08420110778457,2.84296916735434,2025052400161,59,60819.99277955042,i,149.08399636234836,2.843010728028647,93.60848236083984,7690.46,265.845,False,25718.0,1.21293,11041.5,263.883,False,3333.32,53.7472,21.685119211444658,0.03753189590029415,20.374407020039882,5.1206235936773716e-05,21.292429808031695,0.025948224620648264,22.592807457486497,0.017506653954881567
2002 XZ44,90112,MBO,MBO,21163616039613530,745301780605698050,21.11239,2.806773,2.6791701,149.08512533377032,2.842742714777915,2025052400169,111,60819.99694684725,i,149.0851220762086,2.842742973491259,90.4554672241211,27721.6,306.214,False,26763.6,0.150431,28656.5,304.398,False,850.451,41.9358,20.292954283501828,0.011993089115542551,20.331138689764707,6.102631677404703e-06,20.256942134594446,0.01153301835147357,24.075876773971167,0.05353772935254166
2002 XZ44,90112,MBO,MBO,21163616039613530,745301780738342997,21.112387,2.8067732,2.6791768,149.08524135120436,2.8427142890695243,2025052400170,108,60819.997469902744,i,149.0852395206315,2.8427144206496,92.55901336669922,27880.7,299.52,False,26301.9,0.511602,29311.8,297.86,False,1181.71,44.1096,20.286740846966193,0.011663972039201987,20.35003217826753,2.1118808479584502e-05,20.232393749252246,0.011033009280405126,23.718722759189415,0.040527194788389384
2002 XZ44,90112,MBO,MBO,21163616039613530,745301780874657916,21.112381,2.8067732,2.6791837,149.08535648533257,2.842686079964312,2025052400171,112,60819.99798851295,i,149.0853566616716,2.8426860102525966,95.4994125366211,29809.3,308.966,False,27360.5,0.717146,30533.4,304.83,False,857.174,54.1644,20.214120527077615,0.011253386263971465,20.307189925890693,2.845822824641869e-05,20.188062068138827,0.010839439711374662,24.06732751215269,0.06860712919077791
2002 XZ44,90112,MBO,MBO,21163616039613530,745301781008351309,21.112377,2.8067732,2.6791906,149.08547273280547,2.842657598268697,2025052400172,111,60819.998512696766,i,149.08547332480973,2.8426572209371783,99.97662353515625,29264.1,289.933,False,28358.3,0.637022,29893.1,288.818,False,346.135,52.8801,20.23416208402533,0.01075689238231047,20.26829948867971,2.438925639358799e-05,20.211072626800046,0.01049005141191395,25.051886179610193,0.1658712286624966
2002 XZ44,90112,MBO,MBO,21163616039613530,745301781096955937,21.112347,2.8067734,2.6792336,149.0862018148143,2.842478971316474,2025052400173,24,60820.00179829667,z,149.0861916503828,2.842480237156593,47.02072525024414,31089.3,647.617,False,32009.7,3.23261,31025.8,641.945,False,-18.7694,23.7144,20.168472613536245,0.022616823499363246,20.136796016783595,0.0001096468190795694,20.170692501173406,0.022464623583119202,nan,nan
2002 XZ44,90112,MBO,MBO,21163616039613530,745301781231173648,21.112343,2.8067734,2.6792405,149.08631809286837,2.8424504837346425,2025052400174,24,60820.00232259649,z,149.08631840867778,2.8424484159123953,46.71671676635742,30610.2,632.373,False,32588.0,2.48792,30668.9,629.089,False,-20.8943,31.5794,20.185334609743816,0.02243011359484239,20.117355730903483,8.289017025671228e-05,20.18325448756619,0.022270922105205142,nan,nan
2002 XZ44,90112,MBO,MBO,21163616039613530,745301781365391375,21.112337,2.8067737,2.6792471,149.0864343753543,2.842421995316609,2025052400175,24,60820.002846007206,z,149.08643751574851,2.8424198668636427,47.650733947753906,30002.2,624.807,False,29083.7,2.03454,30079.1,618.4,False,-56.0719,36.942,20.207117273737417,0.022610862069217367,20.24087588860782,7.595229389731701e-05,20.20433792024525,0.022321788359661934,nan,nan
2002 XZ44,90112,MBO,MBO,21163616039613530,745301781500133437,21.112333,2.8067737,2.679254,149.086549552507,2.842393777950603,2025052400176,25,60820.00336581418,z,149.08655966122387,2.8423993328024073,50.301353454589844,30288.6,589.823,False,28759.4,2.1273,30268.8,582.099,False,-100.373,30.4229,20.196802014421273,0.021143010625696273,20.253050432176074,8.031066792435413e-05,20.197511962508024,0.0208797818770775,nan,nan
2002 XZ44,90112,MBO,MBO,21163616039613530,745301781650079816,21.112328,2.8067737,2.679261,149.0866656216979,2.8423653423048045,2025052400177,55,60820.003888935134,z,149.08666350047383,2.8423633931747543,56.11248016357422,31371.2,551.833,False,28983.2,0.824208,31446.7,547.87,False,-127.673,137.604,20.158672198304163,0.019098570997710177,20.244634194991278,3.0875559391346556e-05,20.15606233312341,0.0189158895520811,nan,nan
2002 XZ44,90112,MBO,MBO,21163616039613530,745301781768568899,21.112324,2.8067737,2.6792676,149.08678191716984,2.8423368514928407,2025052400178,25,60820.00441263528,z,149.08677704333292,2.842338180799149,52.41484069824219,31107.9,585.904,False,27979.7,0.023995,31203.6,581.521,False,-220.214,30.3253,20.167823250879586,0.02044937679213674,20.282892396191897,9.311122672561292e-07,20.164488258518357,0.020234152700007724,nan,nan
2002 XZ44,90112,MBO,MBO,21163616039613530,745301781918515305,21.112318,2.8067737,2.6792746,149.08689777327194,2.8423084685963245,2025052400179,55,60820.00493446327,z,149.08689181176553,2.842310006090002,53.280696868896484,31760.0,589.509,False,28750.1,0.289916,31827.5,586.179,False,-270.818,34.1185,20.145298765612353,0.020152746666011214,20.253401615720488,1.0948564049277674e-05,20.142993682967212,0.019996411287838765,nan,nan
2002 XZ44,90112,MBO,MBO,21163616039613530,745301782054305813,21.112314,2.8067737,2.6792815,149.087013633694,2.842280084923479,2025052400180,58,60820.005456584026,z,149.08701143195302,2.842281132165261,50.817710876464844,30598.1,598.495,False,27640.9,0.38865,30445.2,591.648,False,-312.995,30.1801,20.18576386474304,0.021236864147150324,20.29611953527146,1.5266195026914224e-05,20.191202949464543,0.021099341823658104,nan,nan
2002 XZ44,90112,MBO,MBO,21163616039613530,745301782323265549,21.112305,2.806774,2.679295,149.08724581196964,2.8422232063917137,2025052400182,59,60820.00650210535,z,149.08724887907707,2.8422238334557517,51.4211540222168,31168.0,602.142,False,28727.6,0.654056,31427.7,600.225,False,-154.817,29.2365,20.165727662003697,0.020975596800693108,20.254251652036725,2.4719513725779173e-05,20.15671852989128,0.020736038691782945,nan,nan
2002 XZ44,90112,MBO,MBO,21163616039613530,745301782457483310,21.112299,2.806774,2.679302,149.08736190787016,2.8421947659212963,2025052400183,59,60820.00702511784,z,149.08736435371748,2.842191734085041,46.25606155395508,30596.0,658.375,False,28206.8,0.615341,30719.6,655.622,False,12.0568,28.5081,20.185838369374363,0.02336323616837604,20.274115421960012,2.3685706703280782e-05,20.181461122689548,0.023171934568165575,28.69691986795657,2.5672049912217583
2002 XZ44,90112,MBO,MBO,21163616039613530,745301782596943906,21.112295,2.806774,2.679309,149.08747734237892,2.8421664877824786,2025052400184,69,60820.00754595589,z,149.0874748342868,2.842167870734602,52.308570861816406,29856.8,562.232,False,28061.4,0.84068,30107.9,558.503,False,56.6191,97.3236,20.21239182420377,0.020445446801699324,20.279726648776524,3.252712634964086e-05,20.203298823652457,0.020140458471893257,27.01759262145492,1.866291753613041
2002 XZ44,90112,MBO,MBO,21163616039613530,745301782731161660,21.11229,2.806774,2.6793156,149.08759344726047,2.8421380457380305,2025052400185,69,60820.00806811941,z,149.08758313204848,2.8421380841251107,51.49407196044922,31385.5,603.924,False,29381.9,0.843745,32055.1,603.105,False,196.618,32.512,20.158177370614958,0.02089188204475554,20.22980029480972,3.1178530814283985e-05,20.135257173082685,0.020427729769816605,25.66594183554333,0.17953319276485116
2002 XZ44,90112,MBO,MBO,21163616039613530,745301782863806479,21.112286,2.8067741,2.6793225,149.08770844682584,2.842109874781019,2025052400186,66,60820.0085868014,z,149.08770602625006,2.8421094379301404,54.80113983154297,30797.6,557.374,False,28490.5,1.35559,31135.7,551.506,False,246.094,103.742,20.178707828637485,0.01964962089622026,20.26324982237906,5.1659785768665413e-05,20.166853442052933,0.019231622421225343,25.422247462526954,0.4576968334198601
2002 XZ44,90112,MBO,MBO,21163616039613530,745301783128572002,21.112276,2.8067741,2.679336,149.08794023571411,2.8420530954309875,2025052400188,59,60820.00963091398,z,149.0879385104444,2.842053507406811,56.91838455200195,31569.9,551.915,False,28652.1,0.0464872,31717.1,543.786,False,67.6318,133.494,20.151816970979795,0.018981183538055228,20.257108869201772,1.7615755172343997e-06,20.146766334694057,0.018614821871331264,26.82462266997988,2.1430640206456038
2002 XZ44,90112,MBO,MBO,21163616039613530,745301783268032539,21.11227,2.8067741,2.679343,149.08805702522926,2.8420244870147964,2025052400189,69,60820.01015619562,z,149.08805120033992,2.842023076966525,55.73340606689453,31793.2,562.055,False,29153.3,3.50436,32089.3,556.106,False,135.289,129.059,20.144164421551363,0.019194150623673963,20.238280666591095,0.00013051045273499608,20.134099364954693,0.01881575549478383,26.07184377157473,1.0357385564375794
2002 XZ44,90112,MBO,MBO,21163616039613530,745301783423221770,21.112267,2.8067741,2.67935,149.08817293140194,2.841996095331022,2025052400190,109,60820.010678378465,z,149.08817567681385,2.8419955938173005,58.32551574707031,31672.0,537.272,False,28655.6,2.21123,31827.0,529.239,False,38.5754,123.847,20.148311278139627,0.018418023254442736,20.256976249090577,8.378161838404811e-05,20.14301073967498,0.01805429220831487,27.43422386801356,3.4857750620930164
2002 XZ44,90112,MBO,MBO,21163616039613530,745301783553245223,21.11226,2.8067744,2.6793566,149.088289286288,2.8419675940922158,2025052400191,101,60820.01120266389,z,149.08828830380855,2.841966725459145,62.46772766113281,32179.6,500.78,False,28939.6,0.28934,32291.7,490.955,False,-50.567,138.038,20.13104840964474,0.016896262908597904,20.24626870452154,1.0855260827448819e-05,20.12727275352165,0.016507263994288007,nan,nan
2002 XZ44,90112,MBO,MBO,21163616039613530,745301784365367308,21.112232,2.8067746,2.6793978,149.08898551775795,2.8417970594307898,2025052400197,114,60820.014337399916,z,149.08916901796835,2.841740305482606,64.66026306152344,8255.99,447.688,False,29889.9,4.4556,11506.0,446.719,False,3190.79,124.308,21.608077073558015,0.058874955458215014,20.211188830658237,0.0001618475116043767,21.247689075776297,0.04215357077104217,22.640254430973904,0.04229851949858495
2002 XZ44,90112,MBO,MBO,21163616039613530,745301784498012197,21.112226,2.8067746,2.6794047,149.0891016843615,2.841768607008179,2025052400198,111,60820.01486095751,z,149.0890879441136,2.8417691140731147,63.45353317260742,30930.8,486.009,False,29046.6,6.26695,33032.1,477.949,False,1932.1,142.505,20.17402209052097,0.01705993885466952,20.242261754339182,0.00023425305342319157,20.102659487057963,0.01570976457288379,23.184926012448912,0.08008014342714413
2002 XZ44,90112,MBO,MBO,21163616039613530,745301784633802797,21.112223,2.8067746,2.6794114,149.08921852233172,2.841739990565434,2025052400199,114,60820.015386180174,z,149.0892041645796,2.8417423832688384,60.19496154785156,27346.6,451.952,False,25599.0,2.18013,31388.9,447.277,False,3648.91,143.557,20.307741669916403,0.017943753582379363,20.379442499119246,9.246634936445904e-05,20.15805974536669,0.015471228209957652,22.494592146984893,0.04271550778801896
2002 XZ44,90112,MBO,MBO,21163616039613530,745301784768020541,21.112217,2.8067746,2.6794183,149.0893349209179,2.841711482160045,2025052400200,114,60820.0159104199,z,149.08932838904897,2.841706785587613,55.26677322387695,27617.2,495.896,False,26043.2,2.12649,32527.4,490.721,False,4460.53,148.454,20.29705091807904,0.019495540894242415,20.36076416722323,8.865298340416224e-05,20.119376611017657,0.016379838497672678,22.276533890716426,0.03613514192383371
2002 XZ44,90112,MBO,MBO,21163616039613530,745301784922685487,21.112211,2.8067746,2.6794252,149.08945110239432,2.841683027355711,2025052400201,153,60820.016433712604,z,149.08945780808205,2.8416797808459737,60.97309875488281,29343.5,479.928,False,27574.7,4.38818,32502.5,473.116,False,2933.38,158.544,20.2312202153226,0.017757773104259383,20.29872304022483,0.0001727817816364584,20.12020808259529,0.015804297125899598,22.731579226859928,0.058682125948859236
2002 XZ44,90112,MBO,MBO,21163616039613530,745301785036455998,21.112207,2.8067749,2.6794322,149.08956817750686,2.8416543541225745,2025052400202,114,60820.01696019084,z,149.08957085818068,2.841653803609637,65.65689086914062,31360.8,468.681,False,28299.1,0.951223,32911.7,460.667,False,1196.96,159.555,20.159032140922605,0.01622611404175024,20.27056845543845,3.649505748568349e-05,20.106624236661816,0.015197113598742821,23.704800941934543,0.14472884461593064
2002 XZ44,90112,MBO,MBO,21163616039613530,745301785123487781,21.1122,2.8067749,2.6794422,149.0897365791411,2.841613111134265,2025052400203,24,60820.01771853029,z,149.08951219270853,2.8416678204133334,65.7523422241211,8287.52,477.136,False,33564.8,3.11491,10504.7,463.081,False,2232.95,159.45,21.60393858770349,0.06250891029529665,20.08528981539999,0.0001007594372824326,21.346540844670397,0.04786274631312903,23.027802527490984,0.07753001111575487
2002 XZ44,90112,MBO,MBO,21163616039613530,745301785794576450,21.112148,2.8067753,2.6795151,149.09097437261323,2.841309995286658,2025052400208,24,60820.023288582335,r,149.09097026504418,2.841308478028041,120.8315200805664,29673.7,242.287,False,28862.4,0.06993,29837.5,241.834,False,26.4648,11.1526,20.219070774404436,0.008865081791328258,20.24916888225288,2.6306036242289093e-06,20.213093919962972,0.0087999305888184,27.843328464167996,0.4575429236101646
2002 XZ44,90112,MBO,MBO,21163616039613530,745301785929318453,21.112143,2.8067753,2.679522,149.09109084905924,2.841281474977832,2025052400209,25,60820.02381293694,r,149.09108778531842,2.841278076055067,113.84076690673828,30330.1,263.407,False,30208.3,0.434056,30513.6,263.443,False,44.2404,7.79938,20.195315408469064,0.009429264467273888,20.19968425782652,1.5600689774403217e-05,20.188766391884123,0.009373839836326335,27.285452426615144,0.19141032531861008
2002 XZ44,90112,MBO,MBO,21163616039613530,745301786063536205,21.112137,2.8067753,2.679529,149.091206441767,2.841253171583214,2025052400210,25,60820.024332603716,r,149.09120239000436,2.8412542406115637,119.40982818603516,30068.8,249.721,False,29732.4,0.302227,30210.7,249.472,False,47.6788,8.49063,20.2047097307523,0.009017024829367755,20.21692506853487,1.1036404100842233e-05,20.199598057444852,0.00896572372074887,27.204186739249558,0.1933476683762062
2002 XZ44,90112,MBO,MBO,21163616039613530,745301786214006791,21.112133,2.8067756,2.6795356,149.09132270655326,2.8412247041590124,2025052400211,56,60820.02485572451,r,149.09131630635534,2.841223008748118,119.7824935913086,30797.2,254.239,False,28515.4,0.605746,31269.1,255.825,False,72.2735,6.5647,20.1787219440695,0.008963038595745909,20.262301315043914,2.3064039880623074e-05,20.162211560108993,0.00888284167880446,26.752552304821908,0.09861889551970263
2002 XZ44,90112,MBO,MBO,21163616039613530,745301786349797381,21.112127,2.8067756,2.6795425,149.09143830991957,2.841196399218857,2025052400212,59,60820.025375670215,r,149.09143240535846,2.8411956896022876,119.29515075683594,28774.4,243.769,False,28339.3,0.183916,28796.9,241.316,False,98.5016,6.69843,20.252484293898426,0.009198065720096975,20.269027173382206,7.046195814886086e-06,20.251635639602995,0.009098392820204733,26.416391763624762,0.07383360140554021
2002 XZ44,90112,MBO,MBO,21163616039613530,745301786482442259,21.112123,2.8067756,2.6795495,149.09155503023987,2.841167821345938,2025052400213,56,60820.02590084262,r,149.09154496938095,2.8411679684683233,106.51288604736328,29610.2,276.577,False,27136.4,0.216277,30197.6,277.778,False,325.485,6.19634,20.221396676620238,0.010141426458455168,20.316119403681146,8.653313237808487e-06,20.200068943752377,0.009987338458059292,25.11867260168236,0.020669435055533106
2002 XZ44,90112,MBO,MBO,21163616039613530,745301786751926341,21.112112,2.8067756,2.679563,149.09178737552264,2.8411109354537274,2025052400215,58,60820.026945783255,r,149.0917853800733,2.8411114438113656,111.70875549316406,29481.5,262.282,False,27158.0,0.00660432,30833.5,262.856,False,1100.9,6.58374,20.226126059058405,0.009659246554795529,20.315255540042337,2.6403082802772895e-07,20.177442936123086,0.009255915232432736,23.79563029661405,0.0064930556605157985
2002 XZ44,90112,MBO,MBO,21163616039613530,745301786890338337,21.112108,2.8067756,2.67957,149.09190300053191,2.841082627425464,2025052400216,66,60820.02746558065,r,149.0918994184423,2.8410823938097187,117.00425720214844,29449.2,249.649,False,26738.7,0.0612804,31087.4,249.645,False,1398.53,9.47486,20.227316275078987,0.00920408592510048,20.33214931017386,2.4883165744535596e-06,20.168538983184888,0.008718922009231387,23.535820510006406,0.007355722458056213
2002 XZ44,90112,MBO,MBO,21163616039613530,745301787020886111,21.112103,2.8067758,2.6795769,149.09201996511987,2.841053992009521,2025052400217,59,60820.027991999144,r,149.0920210032662,2.841054002871719,116.60585021972656,30236.2,257.369,False,28127.5,0.418391,32815.3,260.516,False,2020.24,6.35436,20.198682004658707,0.009241731286138935,20.27717216660566,1.6150110917482098e-05,20.10980902673961,0.00861950482982564,23.13649259093347,0.003415019431308523
2002 XZ44,90112,MBO,MBO,21163616039613530,745301787294564478,21.112093,2.8067758,2.6795907,149.09225279928555,2.840996991010142,2025052400219,69,60820.0290386908,r,149.09225242577577,2.840996326601515,115.36164093017578,30300.5,261.006,False,27924.4,0.0605331,34865.4,259.541,False,4425.62,6.46866,20.196375512453038,0.009352442264901364,20.28504035885574,2.353603877505602e-06,20.044013418416487,0.008082312458148526,22.285064668571486,0.00158695460513954
2002 XZ44,90112,MBO,MBO,21163616039613530,745301787449229317,21.112087,2.8067758,2.6795974,149.0923697806747,2.8409683532533414,2025052400220,108,60820.029564888915,r,149.0923660598378,2.8409672568095767,114.0416488647461,30123.4,262.89,False,27684.2,0.0846469,37329.6,263.023,False,6968.53,6.86033,20.202740014152184,0.00947533157186447,20.294420085464807,3.319735075525485e-06,19.969866613727707,0.007650057674443863,21.7921470983507,0.0010688780849110989
2002 XZ44,90112,MBO,MBO,21163616039613530,745301787697217567,21.112078,2.806776,2.6796112,149.0926030932459,2.84091123873026,2025052400222,69,60820.030613783456,r,149.09259873463304,2.840906865871423,106.48841094970703,30442.0,282.881,False,27744.8,0.211394,43042.9,283.19,False,12344.0,6.92482,20.191317045946946,0.010089158278914916,20.292045973116107,8.272473026585485e-06,19.81524622921444,0.007143330250462476,21.17136021736227,0.0006090835812635516
2002 XZ44,90112,MBO,MBO,21163616039613530,745301787831435327,21.112072,2.806776,2.6796181,149.09271897953568,2.840882870874368,2025052400223,69,60820.031134837554,r,149.09271642123076,2.8408804502169027,122.80493927001953,30221.0,245.639,False,27261.7,0.0359597,39038.1,246.127,False,8585.8,18.4877,20.19922792285015,0.008824961576977068,20.31111769532456,1.4321464703866697e-06,19.921278275987852,0.006845337836109808,21.565548105485014,0.0023379027179611053
2002 XZ44,90112,MBO,MBO,21163616039613530,745306225862770703,21.09764,2.8068588,2.691822,149.30730022020265,2.789150119090648,2025052500521,46,60820.97064975185,g,149.30729710707323,2.7891467257811278,118.50393676757812,21219.2,179.82,False,19849.4,0.194917,20884.0,175.36,False,-35.3943,7.40379,20.583177524394923,0.00920096419657808,20.655631519604306,1.066170425655669e-05,20.600465788653302,0.009116773679805897,nan,nan
2002 XZ44,90112,MBO,MBO,21163616039613530,745306225981784125,21.097633,2.8068588,2.6918287,149.3074175790822,2.78912094880318,2025052500522,17,60820.97117170756,g,149.30741574596786,2.7891191442307153,108.14672088623047,21067.7,194.62,False,20162.2,0.142641,21212.4,193.433,False,-25.187,5.41751,20.590957226613426,0.010029855309521461,20.638655245983458,7.681230043482833e-06,20.58352546008325,0.009900681015331975,nan,nan
2002 XZ44,90112,MBO,MBO,21163616039613530,745306226116001871,21.097626,2.8068588,2.6918356,149.3075353905276,2.789091665902029,2025052500523,17,60820.97169588203,g,149.30753428908758,2.789091451240421,109.74468994140625,20419.9,186.056,False,18839.5,0.00267731,20426.4,183.711,False,-12.5664,6.29736,20.624865951889596,0.009892689542214917,20.712326568895335,1.542956249290713e-07,20.62452039866908,0.00976489633550083,nan,nan
2002 XZ44,90112,MBO,MBO,21163616039613530,745306226253889615,21.09762,2.806859,2.6918426,149.3076534296012,2.7890623263027767,2025052500524,24,60820.972220035575,g,149.30765558950645,2.789062106531177,111.72029113769531,20486.0,182.917,False,19686.8,0.236241,20458.1,179.228,False,-31.2201,5.84246,20.62135707904742,0.009694406787584124,20.664562133719762,1.3028800734546418e-05,20.622836777915204,0.009511847570205217,nan,nan
2002 XZ44,90112,MBO,MBO,21163616039613530,745306226538053636,21.097607,2.806859,2.6918561,149.30788771759595,2.789004091736609,2025052500526,54,60820.97326288884,g,149.3078868854311,2.788999452953364,114.38873291015625,20688.5,180.415,False,19739.6,0.0357768,20576.9,177.167,False,-85.7607,5.72937,20.610677490752092,0.009468211329576781,20.661654151608023,1.9678296088609203e-06,20.616550111911483,0.009348183187042513,nan,nan
2002 XZ44,90112,MBO,MBO,21163616039613530,745306226673844226,21.0976,2.806859,2.6918628,149.30800531562718,2.7889748614501992,2025052500527,57,60820.97378587482,g,149.3080059258093,2.7889720515567697,114.69142150878906,20174.8,175.825,False,18848.1,0.00459437,19988.6,172.65,False,-87.3832,6.6994,20.63797686270816,0.009462277568837848,20.711831079264577,2.646565820429515e-07,20.648044078139534,0.00937796307835216,nan,nan
2002 XZ44,90112,MBO,MBO,21163616039613530,745306226808061997,21.097595,2.806859,2.6918697,149.30812269168112,2.788945686248907,2025052500528,57,60820.9743077991,g,149.30812154756978,2.788941931745104,113.34474182128906,20094.7,177.137,False,19342.8,0.174859,20085.4,175.725,False,-83.2411,6.87384,20.64229622506264,0.009570884582628347,20.68370160280748,9.815059959455105e-06,20.642798766103382,0.009498989191023705,nan,nan
2002 XZ44,90112,MBO,MBO,21163616039613530,745306226941231149,21.097588,2.8068593,2.6918764,149.30823962105566,2.788916621993171,2025052500529,55,60820.97482747467,g,149.30824004886523,2.788914710197396,109.84864807128906,20433.7,185.61,False,19633.2,0.253731,20519.9,184.588,False,-72.3965,5.50182,20.624132509157914,0.009862311051486891,20.667522316481115,1.403158717551807e-05,20.619561879357047,0.00976680529463964,nan,nan
2002 XZ44,90112,MBO,MBO,21163616039613530,745306227077021715,21.097582,2.8068593,2.6918833,149.3083572278545,2.788887389279544,2025052500530,58,60820.97535075101,g,149.3083536187511,2.7888851819746234,118.28477478027344,19839.4,167.735,False,19038.7,0.215998,19898.7,166.241,False,-25.443,6.37097,20.656178644337913,0.009179509429823469,20.700906818111157,1.2317902577683495e-05,20.6529382814108,0.009070636603689465,nan,nan
2002 XZ44,90112,MBO,MBO,21163616039613530,745306227211239490,21.097574,2.8068593,2.69189,149.30847416318875,2.7888583233992894,2025052500531,58,60820.97587058709,g,149.30847345409256,2.788850898315262,119.93878936767578,20019.4,166.886,False,18795.4,0.0270094,20068.2,164.852,False,7.40529,8.15229,20.646372335990726,0.00905092912148796,20.714871045640663,1.5602265667919092e-06,20.64372899085997,0.008918876492592353,29.226144804706948,1.1952586093022937
2002 XZ44,90112,MBO,MBO,21163616039613530,745306227347554308,21.097569,2.8068593,2.691897,149.30859312545647,2.788828753634431,2025052500532,62,60820.97639929077,g,149.30859068294214,2.7888290739276833,118.59916687011719,19578.7,164.324,False,18600.7,0.240083,19727.5,162.66,False,31.4671,7.95783,20.670540413723025,0.009112583000730331,20.72617682478624,1.4013817210810506e-05,20.662319869864668,0.008952267395363938,27.655358194332255,0.2745757966597649
2002 XZ44,90112,MBO,MBO,21163616039613530,745306227481772039,21.097563,2.8068593,2.6919038,149.3087105165722,2.7887995743473835,2025052500533,62,60820.97692103904,g,149.30870996255527,2.7887960549617206,117.95520782470703,19359.4,164.17,False,17922.5,0.00345478,19284.2,160.755,False,28.6001,7.1422,20.68277024503233,0.009207171046135136,20.766503527354814,2.0928886575169558e-07,20.686995976529293,0.00905080511342347,27.759081137470552,0.27113699716060113
2002 XZ44,90112,MBO,MBO,21163616039613530,745306227613892624,21.097555,2.8068595,2.6919107,149.30882858552266,2.78877022652714,2025052500534,58,60820.977446518904,g,149.30882250478174,2.788766990347257,120.40518951416016,20018.0,165.269,False,18966.4,0.0474674,20145.4,163.802,False,4.11324,7.90169,20.64644828771527,0.008963859215498035,20.705037713741266,2.7172828264945317e-06,20.639560241424796,0.008828107681351081,29.864539935651973,2.0857405374760423
2002 XZ44,90112,MBO,MBO,21163616039613530,745306227748110373,21.09755,2.8068595,2.6919174,149.30894598296584,2.7887410455801187,2025052500535,58,60820.97796848843,g,149.30894759590555,2.788734724051741,117.27601623535156,19725.7,167.314,False,18774.8,0.178861,19830.7,165.95,False,-23.4324,7.81733,20.66241898341896,0.009209248316726551,20.716061656457,1.0343431777758828e-05,20.65665493139406,0.009085807710494076,nan,nan
2002 XZ44,90112,MBO,MBO,21163616039613530,745306227882328115,21.097544,2.8068595,2.6919243,149.30906225894975,2.7887121433566766,2025052500536,58,60820.9784858992,g,149.30906308983393,2.7887101569992994,114.9808578491211,19267.0,166.557,False,18027.1,0.127863,19347.1,164.951,False,-34.5723,7.37261,20.687964756546922,0.009385839646957212,20.76018535387746,7.700933404300786e-06,20.68346033088352,0.009256854035008349,nan,nan
2002 XZ44,90112,MBO,MBO,21163616039613530,745306228018118660,21.097536,2.8068595,2.691931,149.30918011240203,2.788682849003009,2025052500537,61,60820.979009012066,g,149.30917643002064,2.7886812899061355,118.21273040771484,19162.8,161.356,False,18244.0,0.147965,19254.6,160.017,False,-32.1384,8.73372,20.693852538385414,0.009142194614615025,20.747199841077748,8.805687159495627e-06,20.688663769758016,0.009023103671118863,nan,nan
2002 XZ44,90112,MBO,MBO,21163616039613530,745306228156530758,21.09753,2.8068595,2.691938,149.30929661964714,2.788653889251976,2025052500538,69,60820.97952775342,g,149.30929816367933,2.788650753760399,114.76063537597656,19299.5,167.368,False,18291.6,0.168889,19392.0,166.066,False,-20.3465,7.57679,20.686134855725875,0.0094156580745272,20.74437078399241,1.0024760376343144e-05,20.68094349378452,0.009297847687199056,nan,nan
2002 XZ44,90112,MBO,MBO,21163616039613530,745306228307001350,21.097523,2.8068597,2.6919446,149.3094153792446,2.7886243696306607,2025052500539,100,60820.98005534505,g,149.30941561952105,2.788619039463984,105.39310455322266,18788.1,177.563,False,17755.2,0.013423,18727.0,175.121,False,-10.1125,7.16575,20.715292864929758,0.010261100674217125,20.776686126046236,8.20820842329475e-07,20.718829473780115,0.010152999001393668,nan,nan
2002 XZ44,90112,MBO,MBO,21163616039613530,745306228413431810,21.097483,2.80686,2.6919873,149.31014780489005,2.7884423135500893,2025052500540,47,60820.983311723336,u,149.31014472552624,2.7884313557072833,14.224464416503906,5166.9,363.164,False,5255.44,4.27627,5042.69,354.387,False,-19.2865,15.1041,22.11692487975344,0.07631274305824218,22.09847730654523,0.0008834466985299323,22.143344335935723,0.07630268640537634,nan,nan
2002 XZ44,90112,MBO,MBO,21163616039613530,745306228819755015,21.09746,2.8068602,2.6920114,149.31056378959963,2.78833891448739,2025052500543,54,60820.9851604967,u,149.3105529035035,2.7883564909410796,15.881629943847656,5305.99,333.979,False,5207.48,1.1056,5265.15,324.128,False,-47.1618,15.0486,22.088083884169635,0.06834032483152225,22.108430977424934,0.00023051263794801415,22.09647314911933,0.06683902662418804,nan,nan
2002 XZ44,90112,MBO,MBO,21163616039613530,745306228955545606,21.097452,2.8068602,2.6920195,149.31070261086492,2.788304408602985,2025052500544,57,60820.985777339905,u,149.31070406155865,2.7882957499554935,13.785429954528809,4260.6,309.641,False,4264.65,7.55394,4270.54,301.067,False,-52.5356,22.0911,22.32632306753311,0.07890635753865878,22.32529153886189,0.0019231557427280756,22.323793004969705,0.07654285496888882,nan,nan
2002 XZ44,90112,MBO,MBO,21163616039613530,745306229088190471,21.097445,2.8068602,2.6920276,149.31084121212317,2.788269957505648,2025052500545,54,60820.986393106185,u,149.310843817116,2.7882678534336702,16.523929595947266,5033.08,304.366,False,5049.25,2.08135,4813.72,291.986,False,-70.2999,17.3539,22.145415399413892,0.06565784323954682,22.14193281462959,0.0004475510512349104,22.1937978889542,0.06585753826898634,nan,nan
2002 XZ44,90112,MBO,MBO,21163616039613530,745306229223981064,21.097437,2.8068602,2.6920354,149.31098004342604,2.788235449341115,2025052500546,57,60820.98701003194,u,149.31096273784317,2.788229797193708,13.359847068786621,4205.33,312.321,False,4209.17,7.47829,4089.34,301.321,False,-84.2795,14.6679,22.340499776429564,0.08063534289720288,22.339508854171704,0.0019289908560010541,22.370866925159486,0.08000193859199053,nan,nan
2002 XZ44,90112,MBO,MBO,21163616039613530,745306229358198798,21.09743,2.8068602,2.6920435,149.3111184296121,2.7882010519396654,2025052500547,57,60820.987625629394,u,149.3111126530999,2.7881976380408227,17.55632972717285,5512.93,314.381,False,5388.89,1.08253,5402.66,306.84,False,-73.9453,16.0943,22.04654377014635,0.06191532196002057,22.071251675683886,0.00021810465744206872,22.06848087511242,0.0616635663648957,nan,nan
2002 XZ44,90112,MBO,MBO,21163616039613530,745306229627158541,21.097414,2.8068604,2.6920595,149.3113945422023,2.7881324215493595,2025052500549,58,60820.98885259776,u,149.31138313961802,2.78811455185468,15.042936325073242,5223.73,345.26,False,5220.27,4.24876,5115.66,335.443,False,-68.3332,12.722,22.105048200610796,0.0717612307793992,22.105767581115263,0.0008836770478557626,22.12774578576085,0.07119366634738157,nan,nan
2002 XZ44,90112,MBO,MBO,21163616039613530,745306229761376275,21.097406,2.8068604,2.6920676,149.3115327186355,2.78809807672386,2025052500550,58,60820.98946626492,u,149.3115214838303,2.788121101585239,13.827879905700684,4427.05,320.126,False,4593.95,4.94247,4381.51,310.923,False,-67.9232,17.3235,22.28471398035936,0.0785110652253059,22.24453429365037,0.0011681055457294926,22.29594054000662,0.07704658452360819,nan,nan
2002 XZ44,90112,MBO,MBO,21163616039613530,745306229897691150,21.097399,2.8068604,2.6920757,149.31167090022757,2.7880637307852942,2025052500551,62,60820.99008081766,u,149.31166344975682,2.788066180307031,14.813865661621094,4492.74,301.989,False,4374.18,1.76761,4439.55,293.735,False,-50.4294,15.703,22.26872172785467,0.07298004969752385,22.29775833003152,0.0004387469298691906,22.281652668887403,0.07183582170056067,nan,nan
2002 XZ44,90112,MBO,MBO,21163616039613530,745306230031908876,21.097391,2.8068607,2.6920836,149.3118095371527,2.788029271852425,2025052500552,62,60820.99069647894,u,149.3117980422975,2.7880175364840247,14.317017555236816,4526.49,317.824,False,4533.67,0.632665,4452.57,308.18,False,0.15057,15.8017,22.260596030640443,0.07623412649540659,22.2588752556972,0.00015151241366959223,22.2784731532524,0.07514810296970476,33.45565383665471,113.94352662573644
2002 XZ44,90112,MBO,MBO,21163616039613530,745306230298247193,21.097376,2.8068607,2.6920998,149.31208660174536,2.7879604065897605,2025052500554,58,60820.99192794111,u,149.31204980928078,2.7879824610226045,11.3949556350708,4193.0,372.338,False,4452.96,3.94864,4192.96,363.298,False,64.1535,14.0303,22.343687843991077,0.09641327469377363,22.278378024591703,0.0009627711819872004,22.343698211762916,0.09407335149803206,26.881949054631598,0.23744930540719147
2002 XZ44,90112,MBO,MBO,21163616039613530,745306230568779793,21.09736,2.806861,2.6921158,149.31236346271223,2.787891592802007,2025052500556,62,60820.99315735164,u,149.31239297095908,2.78789232301181,10.430879592895508,4532.32,436.826,False,5721.1,48.2155,4727.93,434.156,False,86.6878,10.1866,22.25919862908659,0.10464349595366448,22.006301134134397,0.009150218131898313,22.213322364843663,0.09970090008717497,26.555105077279393,0.12758381738665606
2002 XZ44,90112,MBO,MBO,21163616039613530,745306230706667543,21.097353,2.806861,2.692124,149.3125019012707,2.7878571842531787,2025052500557,69,60820.9937722632,u,149.31253706444014,2.787840704133143,10.280468940734863,3954.85,380.769,False,4529.93,23.7232,3909.46,373.029,False,57.1766,15.0317,22.40717493275109,0.10453359603015974,22.259771230346843,0.00568598984183951,22.419708075936867,0.10359770550384116,27.006954156932093,0.28543950938684576
2002 XZ44,90112,MBO,MBO,21163616039613530,745306230829350922,21.097311,2.8068612,2.6921675,149.31325091634835,2.7876710230997563,2025052500558,47,60820.99709920843,r,149.31324457797996,2.7876773852631533,58.43410873413086,25199.9,428.334,False,24481.2,0.475819,26029.7,436.604,False,322.094,4.28782,20.396502939701634,0.01845474547475962,20.427918279905917,2.1102475476865558e-05,20.361327125673114,0.018211381168857763,25.130043432718722,0.014453672992173013
2002 XZ44,90112,MBO,MBO,21163616039613530,745306230967238661,21.097303,2.8068612,2.6921742,149.31336845043302,2.7876418118114468,2025052500559,54,60820.99762132482,r,149.3133645542143,2.7876506661980858,47.53371810913086,25586.6,539.078,False,25346.1,0.0716326,26360.6,548.243,False,293.862,4.29238,20.379968567131378,0.022875118769397417,20.390222156749047,3.0684842991056994e-06,20.347611788298142,0.022580945132138576,25.229641426698233,0.015859118300754822
2002 XZ44,90112,MBO,MBO,21163616039613530,745306231101456391,21.097298,2.8068612,2.692181,149.31348598854794,2.7876125997527827,2025052500560,54,60820.99814325482,r,149.3134861687302,2.7876218336057152,55.289337158203125,25001.6,451.491,False,24907.6,0.317043,25531.4,458.424,False,223.023,4.2325,20.405080510389837,0.01960675035059932,20.409170310487706,1.38200820606632e-05,20.382313409009612,0.019494721735127785,25.529125890758138,0.02060495407468854
2002 XZ44,90112,MBO,MBO,21163616039613530,745306231236198435,21.09729,2.8068614,2.692188,149.31360375605863,2.787583330920792,2025052500561,55,60820.998666450614,r,149.31360885922476,2.7875817630284083,91.24371337890625,24979.3,272.779,False,23805.0,0.0887851,25271.3,273.442,False,81.2749,5.1338,20.40604930632733,0.011856457864007451,20.458329535473673,4.04945155467764e-06,20.39343100802374,0.011747945496047612,26.625108859150366,0.06858147348757297
2002 XZ44,90112,MBO,MBO,21163616039613530,745306231371989023,21.097284,2.8068614,2.6921947,149.31372197815338,2.787553949358286,2025052500562,58,60820.99919193251,r,149.31372242528008,2.7875544620513892,88.73859405517578,25061.4,280.831,False,24082.4,0.417096,25296.2,281.686,False,28.2187,4.82927,20.402486662471937,0.012166454087721712,20.445750568406048,1.8804446764406128e-05,20.392361817843476,0.012090223158235595,27.773657478068674,0.18580987365868704
2002 XZ44,90112,MBO,MBO,21163616039613530,745306231504633892,21.097279,2.8068614,2.6922016,149.31383997936268,2.787524622946636,2025052500563,55,60820.99971589072,r,149.31383374730927,2.7875269513869245,78.35049438476562,25689.9,325.522,False,23871.4,0.141625,25882.5,325.637,False,-6.51802,5.43058,20.37559394913228,0.013757586402327713,20.455305257040983,6.441490221896087e-06,20.36748444329203,0.013660035674755933,nan,nan
2002 XZ44,90112,MBO,MBO,21163616039613530,745306231774117965,21.097265,2.8068614,2.6922154,149.3140762196773,2.787465911791239,2025052500565,57,60821.000764293705,r,149.31407577039292,2.787464727028542,91.68604278564453,25457.9,276.722,False,24225.5,0.184346,25791.2,278.859,False,-28.1215,5.15134,20.385443542786668,0.011801722569754286,20.43931812650826,8.262002112610877e-06,20.371321159779495,0.011739171928273156,nan,nan
2002 XZ44,90112,MBO,MBO,21163616039613530,745306231909384207,21.097258,2.8068616,2.692222,149.31419445895563,2.787436527019851,2025052500566,59,60821.00128955838,r,149.31419984258122,2.7874343660956082,62.5556640625,25742.6,409.54,False,24415.5,0.0111294,26112.3,413.498,False,-52.3731,4.89167,20.373368995269146,0.01727301909369871,20.43083594365367,4.949147983186728e-07,20.357887150911935,0.01719303624685773,nan,nan
2002 XZ44,90112,MBO,MBO,21163616039613530,745306232043077691,21.097252,2.8068616,2.692229,149.31431180167152,2.7874073653416227,2025052500567,58,60821.00181050827,r,149.3143100603321,2.7874096677195186,96.14796447753906,25823.2,266.811,False,23567.2,0.0390857,25988.1,266.649,False,-70.726,5.73653,20.369974885714285,0.011218066557522294,20.469230067460593,1.800670516143682e-06,20.363063693257608,0.011140116564899067,nan,nan
2002 XZ44,90112,MBO,MBO,21163616039613530,745306232313610290,21.097239,2.8068616,2.6922426,149.31454740109515,2.787348815712244,2025052500569,62,60821.002856651525,r,149.31454267732306,2.7873468994976442,104.95808410644531,26286.9,249.676,False,24792.2,0.120289,26304.0,248.507,False,-44.3686,5.81107,20.350651551338263,0.010312447000763591,20.41421236740836,5.267871514315547e-06,20.349945510350107,0.010257491299591292,nan,nan
2002 XZ44,90112,MBO,MBO,21163616039613530,745306232447828037,21.09723,2.8068616,2.6922495,149.31466430637897,2.787319763619605,2025052500570,62,60821.003375144894,r,149.31466615032647,2.787319061324678,102.42833709716797,25898.1,251.754,False,24353.2,0.181332,25830.5,249.236,False,15.3534,6.14207,20.366830257696705,0.010554381758887047,20.43360994630978,8.08430643414681e-06,20.36966796780913,0.010476163470000788,28.434488572002348,0.43434467101403096
2002 XZ44,90112,MBO,MBO,21163616039613530,745306232580472911,21.097225,2.8068619,2.6922565,149.31478234230366,2.787290430860228,2025052500571,59,60821.00389933289,r,149.31478095759115,2.7872923827873013,107.86189270019531,26341.9,241.997,False,24542.3,0.124405,26382.1,239.96,False,57.8558,6.64655,20.34838224205838,0.009974409361220246,20.42521181411194,5.503600094455238e-06,20.34672661063219,0.00987538030864942,26.99413273029706,0.12473079772737995
2002 XZ44,90112,MBO,MBO,21163616039613530,745306232716263431,21.097218,2.8068619,2.6922631,149.31490015748335,2.787261153273336,2025052500572,62,60821.00442242049,r,149.3148952164236,2.7872600561440337,75.89654541015625,26542.9,347.584,False,24956.4,0.647395,27027.9,351.963,False,118.484,6.84594,20.34012905684205,0.01421790925671988,20.407045138341868,2.8165127795113788e-05,20.320469225762658,0.014138685584012146,26.21585072069922,0.06273323793603995
2002 XZ44,90112,MBO,MBO,21163616039613530,745306232984698932,21.097204,2.8068619,2.692277,149.31513602656088,2.787202539753161,2025052500574,62,60821.00546957778,r,149.31513789526318,2.787204049024448,86.1671142578125,26495.8,305.642,False,25711.5,0.406634,27228.3,307.969,False,405.621,5.08249,20.34205737572772,0.012524497220480775,20.374681465071177,1.7171198065467682e-05,20.312448651364825,0.012280350858753453,24.879698915607907,0.013604432063367458
2002 XZ44,90112,MBO,MBO,21163616039613530,745306233143033884,21.097198,2.8068619,2.6922836,149.31525250358465,2.787173595679464,2025052500575,108,60821.00598691785,r,149.31524807173687,2.7871764587373273,81.82734680175781,26487.2,321.786,False,25280.8,0.58327,27465.6,324.845,False,524.746,4.8751,20.342409904950518,0.01319032333928922,20.393022934224717,2.5049735414013866e-05,20.303027288329627,0.012841371889788572,24.60012721670906,0.010086923968791893
2002 XZ44,90112,MBO,MBO,21163616039613530,745306233273057326,21.09719,2.806862,2.6922905,149.3153707873241,2.787144202987319,2025052500576,100,60821.00651108364,r,149.3153569672251,2.7871431431418805,57.21987533569336,26697.0,466.394,False,25688.7,0.492366,27563.4,471.216,False,587.926,4.57584,20.333843846274597,0.01896770667118594,20.37564471563051,2.0809912271445598e-05,20.299168015551338,0.018561435378863216,24.476693286789715,0.008450306563488923
2002 XZ44,90112,MBO,MBO,21163616039613530,745306233409372192,21.097185,2.806862,2.6922975,149.31548862515476,2.7871149214511832,2025052500577,104,60821.00703421028,r,149.31549274307443,2.787112669454313,83.9321517944336,26626.8,313.822,False,24947.1,0.338218,27224.5,314.119,False,448.471,5.54615,20.336702527623522,0.012796426436699936,20.40744984723213,1.4719768520721046e-05,20.31260021917243,0.01252733228944059,24.77066406740233,0.013427079935771798
2002 XZ44,90112,MBO,MBO,21163616039613530,745306233542017042,21.097178,2.806862,2.6923044,149.3156064675962,2.7870856391261265,2025052500578,101,60821.00755743646,r,149.31560269625047,2.787087302379971,71.16592407226562,27012.5,378.593,False,25294.8,0.0305623,27598.1,381.931,False,404.234,4.9375,20.321088050271754,0.015217107373222091,20.392421841730105,1.3118346395698893e-06,20.297802055487054,0.015025538715482437,24.88341787865925,0.013261681091732806
2002 XZ44,90112,MBO,MBO,21163616039613530,745306233681477654,21.097172,2.806862,2.692311,149.3157238640042,2.7870564679963064,2025052500579,111,60821.00807812068,r,149.31572300672045,2.787054746528838,86.57986450195312,27204.0,313.498,False,26012.9,0.437688,27792.8,315.126,False,302.173,4.64914,20.313418084564642,0.012511987698318986,20.36202805516792,1.8268385812647203e-05,20.290169213971364,0.012310515864904469,25.199360844302674,0.01670479963663425
2002 XZ44,90112,MBO,MBO,21163616039613530,745306233785810960,21.097132,2.8068624,2.6923513,149.31641616957313,2.786884448836882,2025052500580,54,60821.01115072802,i,149.31638273963713,2.7868620518983804,6.3671112060546875,35576.6,5806.39,False,35337.4,3580.17,37233.0,5923.4,False,2.09266,7.94443,20.022088850097948,0.17720096112359104,20.029413566743976,0.11000017758072322,19.972679924162904,0.1727298291632524,30.5982533430633,4.121814028965114
2002 XZ44,90112,MBO,MBO,21163616039613530,745306233920028688,21.097126,2.8068626,2.6923583,149.3165344999768,2.786855048320191,2025052500581,54,60821.011675497255,i,149.31652674290638,2.7868418538827977,9.263294219970703,29811.4,3148.07,False,30117.8,162.604,28909.8,3188.4,False,-14.7173,8.29905,20.214044056258906,0.11465324015466401,20.20294185935215,0.005861817579640709,20.247387252655066,0.11974351658165297,nan,nan
2002 XZ44,90112,MBO,MBO,21163616039613530,745306234054246424,21.097118,2.8068626,2.6923652,149.31665260979133,2.786825703030874,2025052500582,54,60821.01219956014,i,149.31666030225014,2.7868533916791556,14.489548683166504,30608.1,2124.32,False,30666.0,35.6041,31275.5,2187.66,False,-81.7635,9.01394,20.18540908492391,0.07535427674855029,20.183357171652798,0.001260570652163268,20.161989346332142,0.07594511903167449,nan,nan
2002 XZ44,90112,MBO,MBO,21163616039613530,745306234188988459,21.097113,2.8068626,2.6923718,149.31677049911892,2.786796412948096,2025052500583,55,60821.012722662526,i,149.31674461645517,2.786798915443254,12.103303909301758,34284.5,2780.32,False,33675.6,44.9527,34525.5,2839.8,False,-112.542,7.59545,20.062255449594836,0.08804836468472256,20.081711593842375,0.001449321566064315,20.05465005807401,0.08930424547904009,nan,nan
2002 XZ44,90112,MBO,MBO,21163616039613530,745306234324779028,21.097105,2.8068626,2.6923788,149.31688839333003,2.786767122083072,2025052500584,58,60821.013245726775,i,149.31693236032783,2.786788095468904,7.0524678230285645,32083.7,4499.34,False,35412.6,276.621,32659.1,4618.77,False,-179.976,7.03766,20.134288909443026,0.1522610012194375,20.027105417308658,0.008481089324995828,20.114989481643065,0.1535488084985959,nan,nan
2002 XZ44,90112,MBO,MBO,21163616039613530,745306234457423920,21.0971,2.8068626,2.6923857,149.31700629244867,2.7867378304368278,2025052500585,55,60821.013768803256,i,149.31698359075696,2.7867448971039113,9.262406349182129,29152.7,3160.31,False,33116.3,89.3203,29421.8,3267.83,False,-183.546,6.99797,20.238303070398104,0.11769966901279764,20.099895453873692,0.0029284152591538292,20.228326873767486,0.12059089969363732,nan,nan
2002 XZ44,90112,MBO,MBO,21163616039613530,745306234593214487,21.097092,2.8068628,2.6923926,149.31712509827773,2.7867083139712063,2025052500586,58,60821.01429518061,i,149.31711848030255,2.786731561879324,10.001405715942383,31667.4,3137.57,False,33730.3,189.603,32390.4,3245.67,False,-201.428,6.78491,20.148468967110606,0.10757351017646885,20.079949465211495,0.006103083382501241,20.123959208674442,0.10879585619121084,nan,nan
2002 XZ44,90112,MBO,MBO,21163616039613530,745306234997964815,21.09707,2.8068628,2.692413,149.3174774875492,2.786620768079366,2025052500589,62,60821.01585861315,i,149.31761128912748,2.7867100672681424,9.912933349609375,25983.4,3352.28,False,35729.6,1765.93,26016.3,3433.48,False,-148.542,7.11388,20.363260035943306,0.1400775780528128,20.017429566978677,0.05366234468163705,20.361886137662594,0.1432891460800541,nan,nan
2002 XZ44,90112,MBO,MBO,21163616039613530,745306235132182567,21.097065,2.8068628,2.6924198,149.31759586252295,2.78659136050783,2025052500590,62,60821.01638391444,i,149.31759358257793,2.786582264736343,34.327335357666016,30942.9,896.878,False,29983.8,4.07509,31230.9,911.926,False,-166.918,7.14387,20.173597451817272,0.0314699945216947,20.207783290819105,0.00014756210223450646,20.16353873706754,0.031702931694053804,nan,nan
2002 XZ44,90112,MBO,MBO,21163616039613530,745306235286847508,21.097057,2.806863,2.6924267,149.31771379160602,2.786562064187186,2025052500591,101,60821.0169068641,i,149.3177079864089,2.7865258351164015,16.426944732666016,30956.4,1857.14,False,32511.4,12.6354,31104.9,1899.04,False,-151.389,7.23914,20.173123862008936,0.06513561414651743,20.119910808432675,0.00042196616816325347,20.16792796272589,0.06628719265459827,nan,nan
2002 XZ44,90112,MBO,MBO,21163616039613530,745306235421065237,21.097052,2.806863,2.6924336,149.3178315002141,2.786532823121568,2025052500592,101,60821.01742884031,i,149.3178440673769,2.7865317305433703,8.412109375,27628.3,3270.77,False,33018.9,15.4746,27816.7,3351.67,False,-129.966,6.82237,20.296614561507088,0.12853463033284176,20.103093548950117,0.0005088399096760369,20.289236013693415,0.13082175393857048,nan,nan
2002 XZ44,90112,MBO,MBO,21163616039613530,745306235669053470,21.097038,2.806863,2.6924472,149.31806715838763,2.786474282611274,2025052500594,62,60821.01847391052,i,149.31805298312207,2.7864707609250208,14.278731346130371,28500.8,1963.39,False,30970.2,45.1717,28931.8,2002.17,False,-118.091,6.97861,20.26285734383904,0.07479521853880025,20.172640002484236,0.0015836045889523755,20.246561335079782,0.07513630144316513,nan,nan
2002 XZ44,90112,MBO,MBO,21163616039613530,745306235803271205,21.09703,2.806863,2.692454,149.31818465685336,2.7864450952370245,2025052500595,62,60821.01899406759,i,149.31818701119764,2.786427424799487,24.70049285888672,30935.1,1245.75,False,32857.2,7.43757,30795.1,1269.07,False,-111.021,6.96285,20.1738712030915,0.0437223701929682,20.108423647572117,0.00024576772578434835,20.178795967022324,0.044743326195867246,nan,nan
2002 XZ44,90112,MBO,MBO,21163616039613530,745306236365832241,21.096958,2.8068635,2.692528,149.31945582277575,2.7861293633042266,2025052500599,111,60821.02462903415,i,149.3194275829178,2.786135782125327,23.774757385253906,31498.3,1321.73,False,29869.1,2.02959,31516.0,1345.94,False,-95.9176,8.03769,20.154282185465004,0.045559603442590135,20.21194467202782,7.377521434389215e-05,20.1536722704819,0.04636805825024753,nan,nan
2002 XZ44,90112,MBO,MBO,21163616039613530,745306236634267664,21.096945,2.8068638,2.6925416,149.31969140088947,2.7860708576539155,2025052500601,111,60821.02567340035,i,149.31966224498777,2.786064151129982,16.666072845458984,33981.8,2001.73,False,35725.2,8.47983,34685.5,2053.65,False,-109.091,7.8269,20.071884026245588,0.06395631373202228,20.01756335180346,0.00025771327837443577,20.049630101644304,0.06428398180428728,nan,nan
2002 XZ44,90112,MBO,MBO,21163616039613530,745306236766388263,21.096937,2.8068638,2.6925485,149.3198098751433,2.786041435555973,2025052500602,107,60821.02619863588,i,149.31980039037393,2.786031558526888,29.834157943725586,31198.7,1043.49,False,29998.4,0.749605,31770.1,1065.93,False,-88.6284,7.67617,20.164658782092964,0.03631416982344178,20.207254756538035,2.713055620268257e-05,20.144953558798193,0.03642792642400877,nan,nan
2002 XZ44,90112,MBO,MBO,21163616039613530,745306236900605957,21.09693,2.8068638,2.6925554,149.31992767784496,2.786012180835246,2025052500603,107,60821.02672083935,i,149.31994132627597,2.7860276474070775,24.96044158935547,34146.4,1365.31,False,34399.9,0.469029,34644.4,1385.82,False,-73.6616,7.53309,20.066637741025314,0.0434120911477365,20.058607099101582,1.480358372132646e-05,20.050917438297382,0.04343082740133093,nan,nan
2002 XZ44,90112,MBO,MBO,21163616039613530,745306237055270926,21.096924,2.8068638,2.6925623,149.32004638893318,2.785982701143772,2025052500604,146,60821.02724621368,i,149.32005582748164,2.785970985304647,16.95546531677246,32129.5,1878.95,False,29900.2,25.1452,32134.4,1908.76,False,-59.6054,7.8248,20.132740082240918,0.06349442066997071,20.210814795132436,0.0009130726724612438,20.13257449840623,0.06449194083613993,nan,nan
2002 XZ44,90112,MBO,MBO,21163616039613530,745306237169041432,21.096916,2.806864,2.6925693,149.3201646541254,2.785953332802269,2025052500605,107,60821.02777030504,i,149.32017344737588,2.785961416437582,10.185688018798828,27713.3,2713.9,False,28554.9,9.9965,28615.9,2792.29,False,-84.429,7.2468,20.293279361680238,0.10632365315566197,20.260798376165056,0.00038009454906013426,20.258481461491193,0.10594425994678382,nan,nan
2002 XZ44,90112,MBO,MBO,21163616039613530,745306237323706396,21.09691,2.806864,2.692576,149.3202831506829,2.785923907634099,2025052500606,146,60821.02829560958,i,149.32029269656434,2.785947302572959,12.18785572052002,37525.5,3081.82,False,38239.4,38.2192,37479.3,3124.55,False,-98.8387,7.7436,19.964183780969936,0.0891671963003277,19.943722371097664,0.0010851627117122239,19.96552129990871,0.09051495201022085,nan,nan
2002 XZ44,90112,MBO,MBO,21163616039613530,745306237457924099,21.096903,2.806864,2.6925828,149.3204016528835,2.7858944816992555,2025052500607,146,60821.02882074547,i,149.3203966657635,2.7858873029377773,12.197877883911133,34782.3,2804.46,False,33121.6,20.9993,34727.8,2860.26,False,-74.9326,7.52415,20.04660423412883,0.08754175675537315,20.09972167874117,0.0006883634610744312,20.04830679631633,0.0894236829791155,nan,nan
2002 XZ44,90112,MBO,MBO,21163616039613530,745306237543907354,21.096893,2.806864,2.6925929,149.32057298320973,2.7858519388564678,2025052500608,54,60821.029579858296,i,149.3205593857282,2.7858784922320567,9.661307334899902,30737.2,3177.74,False,32166.2,38.7098,30213.6,3239.94,False,-28.389,8.81615,20.18083927013703,0.11224794205063929,20.13150063153754,0.001306608587327615,20.199493825896518,0.11642836805632328,nan,nan
2002 XZ44,90112,MBO,MBO,21163616039613530,745306237678649370,21.096886,2.806864,2.6925998,149.32069082210714,2.785822679198979,2025052500609,55,60821.03010185724,i,149.32069501215983,2.785824889223746,11.272326469421387,31426.4,2778.1,False,31754.3,4.53981,31572.0,2828.0,False,-11.5445,7.82987,20.15676340157755,0.09597929826437555,20.14549361458577,0.0001552242107244563,20.15174476466668,0.09725269184897979,nan,nan
2002 XZ44,90112,MBO,MBO,21163616039613530,745306237812867113,21.096878,2.8068643,2.6926067,149.32080956961025,2.785793194589921,2025052500610,55,60821.030627249565,i,149.3207985288541,2.785787937899577,33.401634216308594,30761.8,914.709,False,29952.4,12.8023,31132.2,926.855,False,-4.18247,7.57015,20.179970611832843,0.032284607400448806,20.208920918609913,0.00046406701716521237,20.166975497777184,0.03232408998106482,nan,nan
2002 XZ44,90112,MBO,MBO,21163616039613530,745306237949181960,21.096872,2.8068643,2.6926136,149.32092809716113,2.785763765258795,2025052500611,59,60821.03115241413,i,149.3209021139137,2.7857649738952506,15.544230461120605,30449.6,1942.41,False,28648.3,11.197,31068.6,1982.78,False,1.47643,7.62446,20.191046034144453,0.06926018488417325,20.257252830682283,0.00042435283993898546,20.169195804392928,0.06929105562998719,30.976967804080388,5.60687074569875
2002 XZ44,90112,MBO,MBO,21163616039613530,745306238084448263,21.096865,2.8068643,2.6926205,149.3210466304829,2.7857343351651824,2025052500612,61,60821.03167765079,i,149.32104148661296,2.7857287849443946,28.96074867248535,32194.2,1106.81,False,31459.4,10.0375,32307.6,1120.07,False,-6.17192,6.97537,20.130555932114007,0.03732671666223103,20.15562389798212,0.00034641720548122325,20.126738270007642,0.03764131372343247,nan,nan
2002 XZ44,90112,MBO,MBO,21163616039613530,745306238217617414,21.096859,2.8068643,2.6926272,149.32116404056657,2.785705184622309,2025052500613,59,60821.03219755592,i,149.32117921974384,2.7856889126965956,27.080062866210938,32835.5,1195.59,False,33480.1,5.94378,33075.6,1217.42,False,-7.50053,7.59956,20.109140915352217,0.03953328902975888,20.088033083091325,0.00019275261360125523,20.101230620844465,0.03996290182695475,nan,nan
2002 XZ44,90112,MBO,MBO,21163616039613530,745306238352883720,21.096851,2.8068643,2.692634,149.3212825854444,2.785675753013354,2025052500614,61,60821.032722705946,i,149.32128513180643,2.7856788325666075,41.257179260253906,33497.1,804.506,False,31747.2,0.386601,33996.9,817.35,False,-36.6571,7.63901,20.087481924935535,0.02607632392820249,20.145736456835127,1.322153493653245e-05,20.071401755403237,0.02610315944212596,nan,nan
2002 XZ44,90112,MBO,MBO,21163616039613530,745319361507491854,21.032022,2.8071437,2.7307441,150.01066347474358,2.6144721908818496,2025052800085,92,60823.970929467236,i,150.01066082762733,2.61447237444663,76.65299987792969,28603.6,370.704,False,28076.7,1.28983,28564.6,367.991,False,-49.6881,9.9657,20.258948274509684,0.014071192801367038,20.27913487626864,4.987819561179355e-05,20.260429647690334,0.013987283360282864,nan,nan
2002 XZ44,90112,MBO,MBO,21163616039613530,745319361641709569,21.032011,2.8071437,2.7307508,150.01078538234114,2.6144406452123303,2025052800086,92,60823.971449116994,i,150.0107831503042,2.6144433919886962,76.75544738769531,29659.8,384.137,False,29432.2,1.46911,30175.8,384.202,False,-28.3561,8.80883,20.219579425910222,0.014061842303198496,20.22794321385706,5.419458862061563e-05,20.20085299029579,0.013823726497208595,nan,nan
2002 XZ44,90112,MBO,MBO,21163616039613530,745319361913815050,21.031986,2.807144,2.7307644,150.011031082156,2.614377066238241,2025052800088,99,60823.9724977966,i,150.0110280814252,2.6143772377043297,83.1450424194336,29358.7,350.046,False,28112.6,0.417041,29387.4,347.754,False,-37.6612,12.9584,20.230657975997012,0.012945314839428396,20.27774748187208,1.6106533116175437e-05,20.229597074793006,0.012847992702486797,nan,nan
2002 XZ44,90112,MBO,MBO,21163616039613530,745319362049605658,21.031975,2.807144,2.7307713,150.01115464011647,2.6143450935664694,2025052800089,102,60823.97302420653,i,150.01114786803655,2.614344859422265,82.53829956054688,29733.1,356.402,False,28977.4,1.01999,29828.5,355.384,False,-53.536,11.7068,20.216899535507757,0.013014403768168968,20.244851445941194,3.8217370126690524e-05,20.213421464156212,0.012935725172488007,nan,nan
2002 XZ44,90112,MBO,MBO,21163616039613530,745319362182250514,21.031963,2.807144,2.7307782,150.01127773222225,2.614313241476147,2025052800090,99,60823.97354942407,i,150.01127293672602,2.614310872622052,76.5859146118164,29489.4,382.018,False,29820.3,2.77561,29546.7,379.898,False,-41.2687,9.75153,20.22583514472175,0.014065080123933009,20.213719950918293,0.00010105800933812815,20.22372757216422,0.01395990194351364,nan,nan
2002 XZ44,90112,MBO,MBO,21163616039613530,745319362318041111,21.031952,2.807144,2.730785,150.01140012426458,2.6142815705794145,2025052800091,102,60823.97407135773,i,150.01139737054027,2.614275089574864,80.96942901611328,30217.5,371.435,False,29608.0,1.22448,30381.5,371.61,False,-11.2112,9.32871,20.199353673049806,0.013345922877922153,20.22147731978236,4.490213130726761e-05,20.19347696972809,0.013280134790771671,nan,nan
2002 XZ44,90112,MBO,MBO,21163616039613530,745319362448588840,21.031939,2.807144,2.7307918,150.01152298833458,2.6142497775860702,2025052800092,95,60823.97459561535,i,150.0115225094655,2.6142496913646593,78.00064086914062,30652.3,390.446,False,30498.2,1.16024,30531.0,384.731,False,47.0916,8.24614,20.18384230375306,0.013830001762920574,20.189314507571424,4.130455781814207e-05,20.188147426907335,0.013681712432416619,27.217641418265043,0.19012164624697514
2002 XZ44,90112,MBO,MBO,21163616039613530,745319362585428020,21.031927,2.8071442,2.7307985,150.01164538677568,2.614218105136485,2025052800093,100,60823.975117617665,i,150.0116459239998,2.6142144165197116,80.3157730102539,29967.2,369.055,False,28960.9,0.54689,30228.2,366.669,False,114.718,10.1073,20.20838461249589,0.013371165058499447,20.24546985026515,2.0502756721243312e-05,20.198969310574693,0.013170014279494392,26.25092106086003,0.09565945281845553
2002 XZ44,90112,MBO,MBO,21163616039613530,745319362720694305,21.031916,2.8071442,2.7308054,150.01176731935823,2.614186553296884,2025052800094,102,60823.97563737584,i,150.0117650119794,2.614188978112659,81.43895721435547,29573.9,359.585,False,28997.3,1.53074,30022.2,359.232,False,223.706,11.6928,20.222728485571874,0.013201317335679648,20.244106066491117,5.731498511572288e-05,20.20639374379079,0.0129914260988746,25.525805949735307,0.056749913665159364
2002 XZ44,90112,MBO,MBO,21163616039613530,745319362854912057,21.031904,2.8071442,2.730812,150.01189019327248,2.614154757943608,2025052800095,102,60823.97616159748,i,150.01188369068214,2.6141515825740953,78.30648040771484,30456.0,387.437,False,30031.6,1.00146,30943.3,385.567,False,457.143,8.39069,20.190817840484222,0.013811872559966723,20.20605383708304,3.620590798263313e-05,20.17358340285032,0.013528745336842656,24.749869802186765,0.01992828424769893
2002 XZ44,90112,MBO,MBO,21163616039613530,745319362990702605,21.031893,2.8071442,2.730819,150.0120126013807,2.6141230832009965,2025052800096,105,60823.97668360425,i,150.01201150525245,2.614120135763652,75.25712585449219,30232.2,394.707,False,30387.6,2.48008,30820.2,389.952,False,649.419,8.70134,20.19882564811339,0.014175206966117727,20.19325901136444,8.861221554571471e-05,20.177911395928795,0.01373725708281727,24.36868751290024,0.01454740232944486
2002 XZ44,90112,MBO,MBO,21163616039613530,745319363124920339,21.03188,2.8071444,2.7308257,150.012135247365,2.6140913469889333,2025052800097,105,60823.97720658222,i,150.01213540098075,2.614088071700102,81.50605010986328,29807.5,363.299,False,28546.8,0.720971,30530.5,361.921,False,688.719,10.5586,20.214186118433574,0.013233142318065928,20.261106389377318,2.7421086886312812e-05,20.188165207934738,0.01287075947312694,24.304894848668866,0.01664518454015268
2002 XZ44,90112,MBO,MBO,21163616039613530,745319363257565189,21.031868,2.8071444,2.7308326,150.01225906922645,2.614059306596229,2025052800098,102,60823.97773406464,i,150.0122528824331,2.6140594477651713,79.90798950195312,31047.5,386.648,False,30131.7,1.50252,31818.3,385.138,False,657.48,9.74372,20.16993341061192,0.013521144801686398,20.202440941102175,5.414033615282575e-05,20.143307542634286,0.01314206795118031,24.355293666047288,0.016090390501005736
2002 XZ44,90112,MBO,MBO,21163616039613530,745319363391782935,21.031857,2.8071444,2.7308395,150.01238172197048,2.6140275688260197,2025052800099,102,60823.9782570753,i,150.0123798120304,2.614027367610231,76.15701293945312,30794.0,402.278,False,29679.3,0.405373,31731.8,403.768,False,480.543,8.0211,20.178834736405776,0.01418353592947244,20.218865837190563,1.4829464933816337e-05,20.146263202417707,0.013815337641140395,24.695669363333465,0.01812282924379992
2002 XZ44,90112,MBO,MBO,21163616039613530,745319363522330653,21.031845,2.8071444,2.7308462,150.01250414364375,2.6139958909535306,2025052800100,95,60823.978779000485,i,150.01250310390006,2.613989971363176,78.53736114501953,31309.5,394.227,False,30282.6,1.2323,31666.2,393.646,False,237.332,8.61149,20.160809669585532,0.013670819261251244,20.19701711391852,4.418222970233589e-05,20.1485101508046,0.013496905860555396,25.461609249015098,0.039395474323289395
2002 XZ44,90112,MBO,MBO,21163616039613530,745319363796533252,21.03182,2.8071446,2.7308598,150.01274852807236,2.613932654302358,2025052800102,106,60823.97982178057,i,150.01274823058708,2.61392779082132,87.32402038574219,31677.3,360.516,False,30107.8,0.214862,31743.4,359.61,False,-111.994,11.18,20.148129579208177,0.012356648274895491,20.203302415722387,7.748272893807005e-06,20.14586638237564,0.012299929304487612,nan,nan
2002 XZ44,90112,MBO,MBO,21163616039613530,745319363926556708,21.031809,2.8071446,2.7308667,150.01287095995178,2.6139009741480743,2025052800103,98,60823.980343354226,i,150.0128678483971,2.6138997264069017,81.02014923095703,30408.8,373.261,False,29499.7,0.231855,30493.9,373.805,False,-155.647,9.59472,20.192501766505433,0.013327160436068847,20.225456030249767,8.533421691667844e-06,20.18946755668339,0.013309337568119627,nan,nan
2002 XZ44,90112,MBO,MBO,21163616039613530,745319364060774471,21.031797,2.8071446,2.7308733,150.0129926917131,2.6138694752875726,2025052800104,98,60823.980862001554,i,150.0129911131665,2.6138659819362164,81.51305389404297,30420.8,372.94,False,29309.2,0.413375,30197.1,370.07,False,-125.707,9.36389,20.19207339497935,0.013310447208963374,20.232490117809483,1.5313150989861338e-05,20.20008692109507,0.01330586084241905,nan,nan
2002 XZ44,90112,MBO,MBO,21163616039613530,745319364197089327,21.031786,2.8071446,2.7308803,150.01311583432994,2.613837611501401,2025052800105,102,60823.98138725439,i,150.0131116970507,2.6138400617339674,83.22314453125,30671.3,367.254,False,29231.7,0.40366,31028.1,370.04,False,-43.6291,9.03527,20.18316951259191,0.01300045813512904,20.235364846666478,1.4992911375065047e-05,20.17061205752976,0.012948451227894007,nan,nan
2002 XZ44,90112,MBO,MBO,21163616039613530,745319364332879909,21.031775,2.8071449,2.7308872,150.0132389805344,2.6138057469372376,2025052800106,105,60823.98191238269,i,150.0132349073727,2.613803196589573,79.91693878173828,29938.0,370.918,False,29285.4,0.461794,29987.3,368.823,False,24.4728,9.42843,20.209443039873538,0.013451770352102975,20.233372084779795,1.712069653299688e-05,20.20765656055663,0.013353802166059334,27.928290878468783,0.4182924580326429
2002 XZ44,90112,MBO,MBO,21163616039613530,745319364467097621,21.031761,2.8071449,2.7308939,150.01336213035358,2.6137738815952205,2025052800107,105,60823.98243712131,i,150.01336536609236,2.6137701858720814,75.56526947021484,30425.5,400.792,False,29342.3,0.221188,30681.7,400.41,False,41.0946,8.37976,20.19190569006137,0.014302291712382904,20.23126458841446,8.184491557363891e-06,20.182801479727186,0.014169346835184803,27.3655380882545,0.22139669055231082
2002 XZ44,90112,MBO,MBO,21163616039613530,745319364599742570,21.03175,2.8071449,2.7309008,150.01348504928475,2.6137420761603947,2025052800108,102,60823.98296152153,i,150.01347245724202,2.6137488108042994,75.26786041259766,31032.5,409.158,False,30753.1,1.5384,31001.4,405.931,False,25.2012,8.05395,20.170458089844793,0.01431523862622467,20.180277762696505,5.4313115010252596e-05,20.171546719592996,0.014216583041902854,27.896446926648053,0.34698606710213653
2002 XZ44,90112,MBO,MBO,21163616039613530,745319364735533114,21.031738,2.8071449,2.7309077,150.01360867547572,2.6137100878941557,2025052800109,105,60823.983488194426,i,150.01360480039074,2.6137130369664745,79.65934753417969,31191.3,389.279,False,30588.0,0.258833,31205.2,385.96,False,-25.9767,8.29525,20.164916283342848,0.013550390155374696,20.18612229620777,9.18740517354182e-06,20.16443260118013,0.013428875533636241,nan,nan
2002 XZ44,90112,MBO,MBO,21163616039613530,745319364866080791,21.031727,2.8071449,2.7309144,150.01373113256554,2.6136784023107604,2025052800110,98,60823.984010136104,i,150.01373259527637,2.6136778007178987,82.51897430419922,29950.1,361.927,False,30262.9,1.97926,29969.5,360.178,False,-69.4451,9.40145,20.20900432219085,0.013120398750763094,20.197723629043743,7.100952578685677e-05,20.208301256504118,0.013048542837386316,nan,nan
2002 XZ44,90112,MBO,MBO,21163616039613530,745319365024415757,21.031713,2.807145,2.7309213,150.01385335867354,2.6136467766774887,2025052800111,144,60823.984531787224,i,150.01384835832246,2.6136489739180293,83.7449722290039,30986.0,366.413,False,29334.1,0.26722,30770.7,361.671,False,-79.0942,9.02656,20.172086208647467,0.012838954814993133,20.231568094056414,9.890551343850324e-06,20.179656587347345,0.01276146782533414,nan,nan
2002 XZ44,90112,MBO,MBO,21163616039613530,745319365134516297,21.031702,2.807145,2.730928,150.01397605769378,2.613615028871573,2025052800112,98,60823.98505448804,i,150.01396611297542,2.613615407446333,80.72888946533203,31128.0,382.612,False,29784.9,0.203678,31071.7,380.083,False,-63.1234,8.62803,20.167121955510783,0.013345402860600514,20.21500961992461,7.424586704932996e-06,20.169087489557455,0.01328121386249695,nan,nan
2002 XZ44,90112,MBO,MBO,21163616039613530,745319365289181220,21.03169,2.807145,2.7309349,150.01409852578334,2.613583341016767,2025052800113,137,60823.98557674613,i,150.01409681554267,2.6135801019830582,78.81774139404297,31049.0,391.284,False,30513.8,1.50001,30967.8,388.022,False,-62.0617,9.34385,20.169880956631186,0.013682604960918788,20.18875923380147,5.337306849839022e-05,20.17272408884253,0.01360411545090009,nan,nan
2002 XZ44,90112,MBO,MBO,21163616039613530,745319365534023702,21.031662,2.8071454,2.7309515,150.01439955070316,2.6135054535845907,2025052800115,92,60823.9868594163,i,150.01439592767449,2.613508371520162,79.25141143798828,30207.6,379.703,False,28744.5,0.241004,30243.2,379.301,False,-134.588,8.36419,20.199709459393837,0.013647469599279207,20.253613103362508,9.103194482460913e-06,20.198430674332563,0.013616972849192699,nan,nan
2002 XZ44,90112,MBO,MBO,21163616039613530,745319365671911435,21.031649,2.8071454,2.7309582,150.0145217972961,2.6134738237809896,2025052800116,99,60823.98738087852,i,150.01451388730064,2.6134742757731737,76.37736511230469,31041.8,404.157,False,29883.6,0.0163142,31099.6,402.898,False,-59.8902,8.14464,20.170132731527936,0.01413603239217728,20.2114177276225,5.927303587397718e-07,20.168113005612838,0.014065806700154787,nan,nan
2002 XZ44,90112,MBO,MBO,21163616039613530,745319365806129167,21.031637,2.8071454,2.7309651,150.0146461595245,2.613441646818362,2025052800117,99,60823.98791093669,i,150.01464210152275,2.613446352399771,71.46622467041016,30969.5,432.965,False,30857.7,0.834303,31416.0,433.827,False,74.6292,7.57317,20.172664515587194,0.015178991327500242,20.17659114625341,2.9355169667228186e-05,20.157122779344093,0.014993050547344526,26.717727979383294,0.11017757977399426
2002 XZ44,90112,MBO,MBO,21163616039613530,745319365940346910,21.03135,2.8071465,2.7311296,150.0176062789541,2.612675846744868,2025052800118,99,60824.00052049079,z,150.01760184107042,2.6126684853468816,44.31303024291992,32185.7,721.265,False,32808.2,6.83988,33732.4,720.038,False,1249.52,19.2049,20.130842628987345,0.02433079158252398,20.110044016447468,0.00022635516479951455,20.079881946379228,0.02317568238995784,23.658141953280996,0.016687572602269194
2002 XZ44,90112,MBO,MBO,21163616039613530,745319366074564635,21.031336,2.8071468,2.7311368,150.0177326267254,2.6126431644325803,2025052800119,99,60824.001058014765,z,150.01773027113495,2.612651225861831,44.76850509643555,34806.2,768.126,False,34687.3,3.68374,36440.5,763.946,False,1594.5,17.1559,20.045858495972354,0.023960736917228147,20.04957373449815,0.00011530357476369335,19.996039181761923,0.022761592546353123,23.393438691052552,0.011681894463109414
2002 XZ44,90112,MBO,MBO,21163616039613530,745319366210355233,21.031324,2.8071468,2.7311435,150.01785569131818,2.612611331801604,2025052800120,102,60824.00158213176,z,150.01785855723892,2.612609449200622,47.31520080566406,35017.9,735.766,False,35333.1,3.17012,36500.7,733.858,False,1165.33,17.811,20.039274802997497,0.02281255616504946,20.029545595603558,9.74133010160655e-05,19.994247039959074,0.021829065895361346,23.733877723494224,0.016594483250938243
2002 XZ44,90112,MBO,MBO,21163616039613530,745319366340902966,21.031313,2.8071468,2.7311504,150.0179785254393,2.6125795592094034,2025052800121,95,60824.00210505076,z,150.0179721349018,2.6125816274292766,46.1701774597168,33059.1,708.919,False,33023.8,3.37033,34150.1,703.717,False,807.746,18.288,20.10177238324465,0.0232825151033718,20.102932360743992,0.00011080763933511698,20.066520000968733,0.022373315688959648,24.13181299795127,0.02458191625183332
2002 XZ44,90112,MBO,MBO,21163616039613530,745319366479314956,21.0313,2.8071468,2.731157,150.01810065965608,2.612547968082686,2025052800122,103,60824.002625896646,z,150.01809337403463,2.6125503650028485,44.964691162109375,32783.5,721.442,False,32265.9,4.74166,33181.6,713.482,False,415.43,19.0829,20.11086170641778,0.023892986321107628,20.128140528141405,0.00015955519599812544,20.09775663973861,0.02334586627931542,24.85375538009827,0.049873612408788924
2002 XZ44,90112,MBO,MBO,21163616039613530,745319366613008442,21.031288,2.8071468,2.731164,150.0182235030256,2.6125161939629145,2025052800123,102,60824.003148237476,z,150.01822415493032,2.6125096182456526,46.78594207763672,34019.1,723.241,False,35003.5,0.207304,34295.6,720.622,False,134.623,18.5695,20.07069290050064,0.023082589857379283,20.039721320932152,6.430141532102e-06,20.061903937474952,0.02281357870314979,26.077201830280003,0.14976325187068495
2002 XZ44,90112,MBO,MBO,21163616039613530,745319366883016732,21.031263,2.807147,2.7311778,150.01847014327254,2.6124524004409286,2025052800125,105,60824.00419898181,z,150.01846300821913,2.612445395418051,39.53947448730469,33395.8,841.787,False,34459.8,1.40256,33439.7,846.403,False,54.3896,15.6183,20.090770345859063,0.02736747098228323,20.056718094052094,4.4190916142862353e-05,20.089344093948625,0.0274814193554439,27.061210360841365,0.31177568141520995
2002 XZ44,90112,MBO,MBO,21163616039613530,745319367017234471,21.031252,2.807147,2.7311845,150.01859253078027,2.612420745582725,2025052800126,105,60824.00471969636,z,150.01859305382058,2.6124137646480463,37.946205139160156,34217.9,894.432,False,34059.1,0.0405496,33961.6,898.862,False,3.81412,15.6806,20.064366667658255,0.02838038736627915,20.06941703095078,1.2926403018828437e-06,20.0725295936736,0.028736189433090933,29.94651410276911,4.463675781249349
2002 XZ44,90112,MBO,MBO,21163616039613530,745319367149879321,21.03124,2.807147,2.7311914,150.01871586264213,2.6123888469392247,2025052800127,102,60824.00524403843,z,150.0187114304997,2.6123964427490147,40.22126770019531,34056.5,841.587,False,34177.8,0.616776,34266.3,843.334,False,10.6593,16.1346,20.06949996674029,0.026830163061864948,20.065639715016545,1.9593303452933077e-05,20.062831943258928,0.026721245616331234,28.830678301844486,1.6434399326187985
2002 XZ44,90112,MBO,MBO,21163616039613530,745319367284097055,21.031227,2.8071473,2.731198,150.0188377896595,2.61235731211294,2025052800128,102,60824.00576376874,z,150.01882489578202,2.6123636035284368,44.113037109375,35269.9,792.716,False,35802.3,1.23778,35415.9,792.134,False,34.163,16.5607,20.031489477291213,0.02440269190247956,20.015222657936846,3.753676448129283e-05,20.027004341144327,0.024284250027410647,27.566110054827057,0.5263165392568369
2002 XZ44,90112,MBO,MBO,21163616039613530,745319367414644773,21.031216,2.8071473,2.731205,150.01896019123134,2.612325655023428,2025052800129,95,60824.00628468541,z,150.01895967841548,2.612317512578145,42.420963287353516,34333.7,804.008,False,33453.0,1.66772,34778.0,803.512,False,74.1158,16.5519,20.060698504562623,0.025425183117674374,20.08891232366237,5.412680298331162e-05,20.046738492142822,0.025084883988001065,26.725223013603287,0.24247189236003022
2002 XZ44,90112,MBO,MBO,21163616039613530,745319367548862509,21.031204,2.8071473,2.7312117,150.019083067436,2.612293875663036,2025052800130,95,60824.00680797392,z,150.0190768063569,2.6122866217695644,41.52452087402344,32375.6,774.538,False,32016.5,0.970502,33030.8,783.207,False,114.958,16.8382,20.12445544881098,0.025974622423821182,20.136565365751935,3.291144187345781e-05,20.10270224343855,0.02574433992723192,26.248651999558366,0.15903062784973693
2002 XZ44,90112,MBO,MBO,21163616039613530,745319367688323100,21.031189,2.8071473,2.7312202,150.0192362582068,2.612254256764272,2025052800131,105,60824.0074593559,z,150.0192408650217,2.612242538052165,43.61326599121094,33948.7,773.346,False,34695.8,5.19578,34232.3,773.142,False,162.977,16.7564,20.07294215382259,0.024732899325744923,20.049307711285614,0.0001625916138044627,20.063909776474535,0.02452152712321988,25.869684168498996,0.11162942418196457
2002 XZ44,90112,MBO,MBO,21163616039613530,745319367818870810,21.031178,2.8071473,2.7312272,150.01935938012736,2.6122224149731257,2025052800132,98,60824.00798357035,z,150.01936063227288,2.612223490882745,46.95933151245117,34302.7,725.264,False,35475.9,6.70206,34584.7,719.385,False,186.469,17.7967,20.061679261869312,0.022955784116851112,20.025166492741214,0.00020511586036344725,20.05278999251097,0.022584043461605956,25.723483429652976,0.1036232382084711
2002 XZ44,90112,MBO,MBO,21163616039613530,745319367973535749,21.031164,2.8071475,2.731234,150.01948274194828,2.612190511650271,2025052800133,137,60824.008508915074,z,150.0194768653737,2.6121874553200013,50.03398895263672,34096.8,679.204,False,33344.1,0.970127,34601.7,679.505,False,200.195,20.7729,20.068215919691013,0.021627728527422018,20.092452449752262,3.158885509287324e-05,20.05225643342221,0.02132158829690766,25.646366894047084,0.1126595987833928
2002 XZ44,90112,MBO,MBO,21163616039613530,745319368089403472,21.031153,2.8071475,2.7312407,150.01960634372244,2.612158546791914,2025052800134,102,60824.00903431997,z,150.01960504119006,2.6121574508431635,51.42972946166992,35662.0,682.046,False,36143.9,4.73276,35878.8,675.314,False,131.243,18.5745,20.019485760823194,0.0207650176035146,20.004912516918015,0.00014216863844372494,20.012905203283175,0.02043582481889608,26.104809658585594,0.15366158021717563
2002 XZ44,90112,MBO,MBO,21163616039613530,745319368225194048,21.03114,2.8071475,2.7312477,150.01972854033735,2.6121269458429754,2025052800135,105,60824.00955400299,z,150.019721563633,2.6121085733090306,49.80986404418945,33561.5,668.556,False,35790.5,6.48136,33669.4,662.756,False,-27.6752,21.0519,20.085396592554943,0.0216282194472012,20.01558058598055,0.00019661773831532184,20.08191160742658,0.02137187468053298,nan,nan
2002 XZ44,90112,MBO,MBO,21163616039613530,745319368493629443,21.031116,2.8071477,2.7312613,150.0199748284393,2.612063255511651,2025052800137,105,60824.010602922135,z,150.01997266096112,2.6120664481140023,48.36874008178711,34375.2,699.477,False,35093.7,4.60417,34013.9,686.717,False,-275.126,18.7989,20.05938694058761,0.022092889915480782,20.036927126225912,0.00014244476944545525,20.070858973471147,0.021920259712569397,nan,nan
2002 XZ44,90112,MBO,MBO,21163616039613530,745319368648294406,21.031103,2.8071477,2.7312682,150.02009844995945,2.612031287689291,2025052800138,144,60824.01112860269,z,150.0200986652592,2.6120322277912265,50.05924606323242,34663.6,686.127,False,34035.3,1.86947,34405.1,677.525,False,-316.246,20.3707,20.05031578975492,0.021490927276933195,20.07017601759484,5.963664831536586e-05,20.058442889488877,0.02138094105897855,nan,nan
2002 XZ44,90112,MBO,MBO,21163616039613530,745319368758394919,21.031092,2.8071477,2.731275,150.0202213714686,2.6119995014363706,2025052800139,98,60824.01165192337,z,150.02021805404053,2.6119991943234604,51.57009506225586,34625.5,668.318,False,33082.2,0.180489,34482.5,660.619,False,-334.936,21.0796,20.051509866430784,0.02095614623527512,20.101014068474335,5.923531399371623e-06,20.05600313779946,0.020800637598683582,nan,nan
2002 XZ44,90112,MBO,MBO,21163616039613530,745319368913059877,21.031075,2.8071477,2.7312846,150.02039318799396,2.61195507236256,2025052800140,137,60824.01238206441,z,150.0203886153983,2.6119561155934625,53.04598617553711,34126.1,637.439,False,33216.6,0.409837,33884.9,630.418,False,-331.343,19.7873,20.067283302640316,0.020280389409700325,20.09661200723659,1.3396159034503823e-05,20.074984529309514,0.020199785468813476,nan,nan
2002 XZ44,90112,MBO,MBO,21163616039613530,745319369026830392,21.031063,2.807148,2.7312915,150.0205163565748,2.6119232235670635,2025052800141,98,60824.01290652602,z,150.02051478107052,2.6119249142877323,55.393253326416016,35651.7,638.105,False,34840.0,6.13126,35410.7,628.736,False,-261.709,25.6271,20.0197994153199,0.019432837562116397,20.044804634160933,0.00019107149466090993,20.027163743974064,0.019277830667352246,nan,nan
2002 XZ44,90112,MBO,MBO,21163616039613530,745319369181495338,21.03105,2.807148,2.7312982,150.0206400004989,2.611891252435781,2025052800142,137,60824.013432854816,z,150.02063208074333,2.611881450778542,50.13711166381836,34532.0,680.755,False,34469.6,3.7768,34541.0,677.988,False,-41.943,19.6845,20.0544456694022,0.021403925500161205,20.05640934153871,0.00011896303474292359,20.054162733207214,0.021311371761514365,nan,nan
2002 XZ44,90112,MBO,MBO,21163616039613530,745319369295265848,21.031038,2.807148,2.7313051,150.0207634144428,2.611859341355516,2025052800143,98,60824.013957535906,z,150.0207604842418,2.6118648317991564,50.944007873535156,34265.0,668.863,False,33850.8,2.02167,34771.1,664.237,False,158.778,20.2116,20.062873159616466,0.02119389316054428,20.076077632752515,6.484338255889648e-05,20.046953876186794,0.020740963803331645,25.898024182881862,0.13820847464513672
2002 XZ44,90112,MBO,MBO,21163616039613530,745319369564225559,21.031008,2.8071482,2.7313218,150.0210633906151,2.611781779145294,2025052800145,99,60824.01523337104,z,150.0210643448121,2.6117856119748506,49.363739013671875,35224.6,708.651,False,34729.8,1.8592,35790.9,702.762,False,510.008,20.0682,20.032884776610125,0.02184291700030049,20.048244269757355,5.8123015603489196e-05,20.01556849909685,0.021318664968350432,24.63105753808793,0.04272240940842608
2002 XZ44,90112,MBO,MBO,21163616039613530,745319369698443299,21.030996,2.8071482,2.7313287,150.02118705741935,2.611749804741611,2025052800146,99,60824.01575903534,z,150.0211883448962,2.6117434264670636,50.06324768066406,34561.5,687.357,False,33067.3,1.70553,35009.0,681.943,False,404.626,17.2031,20.053518542538264,0.021593055123832663,20.10150313561049,5.59996031436935e-05,20.03955073570413,0.021149138714597622,24.882365516664024,0.04616121652896161
2002 XZ44,90112,MBO,MBO,21163616039613530,745319369968451664,21.030972,2.8071482,2.7313423,150.02143323132688,2.6116861576192503,2025052800148,102,60824.01680674485,z,150.02142893523393,2.611686774112356,54.49489974975586,34298.2,626.786,False,31797.7,1.3562,34295.6,621.806,False,-94.4085,19.8994,20.061821703529397,0.019841399257098154,20.144010757645063,4.630760888741932e-05,20.061903937474952,0.0196852450065491,nan,nan
2002 XZ44,90112,MBO,MBO,21163616039613530,745319370101096511,21.03096,2.8071482,2.7313492,150.02155808960853,2.611653877039823,2025052800149,99,60824.017337786245,z,150.02155624758606,2.6116561602536623,56.45689010620117,35494.6,627.774,False,33940.9,3.46583,35080.1,616.173,False,-281.358,21.6426,20.024594236369204,0.01920283411807702,20.073191664526977,0.00011086852083906025,20.03734789488062,0.01907067756559095,nan,nan
2002 XZ44,90112,MBO,MBO,21163616039613530,745319370236887097,21.030947,2.8071485,2.7313561,150.02168201281415,2.611621838854498,2025052800150,102,60824.01786417225,z,150.0216763345549,2.611622574405471,57.574668884277344,34838.6,603.981,False,33458.8,3.00497,34635.9,597.705,False,-405.941,25.1955,20.044848215237188,0.018822915642148805,20.08872407231773,9.75111099934901e-05,20.051183856260437,0.018736340216236665,nan,nan
2002 XZ44,90112,MBO,MBO,21163616039613530,745319370369007618,21.030935,2.8071485,2.731363,150.02180453040526,2.611590164701406,2025052800151,98,60824.01838595644,z,150.02180309971345,2.611584544105708,54.68082046508789,34378.1,627.759,False,32395.1,0.0369526,34015.6,627.118,False,-529.091,21.4343,20.05929527430675,0.019826011704148026,20.123801700838897,1.2384828581107275e-06,20.070804610452925,0.020016835372698487,nan,nan
2002 XZ44,90112,MBO,MBO,21163616039613530,745319370505846822,21.030924,2.8071485,2.7313697,150.0219265829244,2.6115586114166187,2025052800152,103,60824.018904653494,z,150.02192169195513,2.6115538048708453,56.3410758972168,35010.9,618.22,False,34294.1,1.0424,34358.7,610.325,False,-498.575,22.4617,20.03949186094502,0.019171853184377252,20.0619514257781,3.3001926598642464e-05,20.05990821606099,0.019286293645860816,nan,nan
2002 XZ44,90112,MBO,MBO,21163616039613530,745319370641113093,21.03091,2.8071485,2.7313766,150.02204981668908,2.6115267534025235,2025052800153,105,60824.019428302316,z,150.02203971428278,2.6115261445296944,52.11322784423828,34487.6,656.279,False,33193.4,3.67048,34341.0,653.547,False,-466.461,19.1994,20.055842518893826,0.020660928259064164,20.09737070243012,0.00012005920533697237,20.060467656152767,0.020662754032503228,nan,nan
2002 XZ44,90112,MBO,MBO,21163616039613530,745319370775330839,21.0309,2.8071487,2.7313836,150.02217235019742,2.611495077069816,2025052800154,105,60824.01994931261,z,150.0221685061484,2.6115007079365715,57.92589569091797,36210.7,622.589,False,33604.5,0.647981,35690.5,614.888,False,-302.339,22.1139,20.002907722484334,0.018667615398350535,20.084006405163016,2.093577999060866e-05,20.018618419567282,0.018705430408693106,nan,nan
2002 XZ44,90112,MBO,MBO,21163616039613530,745319370909548609,21.030888,2.8071487,2.7313902,150.0222948890547,2.6114634000122323,2025052800155,105,60824.02047032899,z,150.02228944638537,2.611462448438436,55.94319534301758,34601.6,614.866,False,32615.6,2.50896,34769.2,610.778,False,-174.853,27.1091,20.052259497695882,0.01929339329242373,20.11643658235633,8.352042428394657e-05,20.047013278963618,0.019072737336631857,nan,nan
2002 XZ44,90112,MBO,MBO,21163616039613530,745319371043766336,21.030874,2.8071487,2.7313972,150.02241813887844,2.6114315398356336,2025052800156,105,60824.02099459154,z,150.0224153224192,2.611438062385378,52.905792236328125,33122.7,619.545,False,30813.0,1.25614,33400.6,617.461,False,-52.2402,27.2467,20.0996856978306,0.02030820054788996,20.178165040152283,4.426172944437619e-05,20.090614278111687,0.020071487631181054,nan,nan
2002 XZ44,90112,MBO,MBO,21163616039613530,745319371310628937,21.03085,2.8071487,2.731411,150.02266489021173,2.6113677564681623,2025052800158,102,60824.022043167475,z,150.02266387307324,2.611372377388297,57.001007080078125,34907.6,606.616,False,32971.2,1.28358,35124.8,599.646,False,61.3313,23.8708,20.042699974352033,0.018867666477302147,20.104663141346382,4.2268077947497594e-05,20.03596532571354,0.018535546209981,26.930794595132937,0.4225801884458985
2002 XZ44,90112,MBO,MBO,21163616039613530,745319371577491503,21.03064,2.8071496,2.7315278,150.0247696600114,2.6108238073749006,2025052800160,99,60824.030987239064,r,150.02476544363253,2.610822794583965,92.809814453125,28120.6,297.992,False,27466.0,0.23714,28457.9,300.211,False,-53.8528,4.14941,20.277438557968857,0.011505469740827374,20.303011460696688,9.374189305009152e-06,20.2644928627378,0.011453759613396772,nan,nan
2002 XZ44,90112,MBO,MBO,21163616039613530,745319371711709223,21.030628,2.8071496,2.7315347,150.02489255298246,2.6107920542841927,2025052800161,99,60824.03150921826,r,150.02489233754133,2.6107920041799537,95.16796112060547,27878.2,291.007,False,27959.0,0.258489,28127.4,292.73,False,-65.7257,4.81262,20.286838206870705,0.0113334731845645,20.2836959147773,1.0037944119615688e-05,20.277176011586416,0.011299571475970275,nan,nan
2002 XZ44,90112,MBO,MBO,21163616039613530,745319371845926951,21.030615,2.80715,2.7315416,150.02501615810326,2.610760117999871,2025052800162,99,60824.032034955926,r,150.02501574607098,2.6107591169785995,98.37690734863281,28467.5,287.444,False,27821.2,0.3039,28756.3,288.324,False,-64.637,5.09221,20.26412667669511,0.010962970331274894,20.289060384740154,1.185984952550869e-05,20.253167456155744,0.010886094614482396,nan,nan
2002 XZ44,90112,MBO,MBO,21163616039613530,745319371982241801,21.030603,2.80715,2.7315485,150.02514000458473,2.610728120177005,2025052800163,103,60824.03256016,r,150.02513848491935,2.6107269779538473,97.92864990234375,28114.2,284.828,False,26683.7,0.142223,28364.4,285.858,False,-57.1089,5.43738,20.277685705144663,0.010999711302588753,20.334384908503644,5.786928549710705e-06,20.268065981931194,0.010942109743234264,nan,nan
2002 XZ44,90112,MBO,MBO,21163616039613530,745319372250152972,21.030579,2.80715,2.7315621,150.0253872447275,2.610664244014055,2025052800165,102,60824.03361075795,r,150.02538898571797,2.610656960394746,98.28382873535156,27245.8,276.793,False,26185.0,0.985828,27190.8,275.509,False,-77.5416,6.45059,20.311751058061148,0.011030110032046278,20.354868554406238,4.087642284449999e-05,20.31394500514333,0.011001150770034492,nan,nan
2002 XZ44,90112,MBO,MBO,21163616039613530,745319372516491278,21.030554,2.8071501,2.731576,150.02563521542237,2.6106001824817717,2025052800167,98,60824.03466371316,r,150.0256331349758,2.610597489296825,93.48997497558594,28019.3,299.387,False,26552.0,0.480338,28211.3,301.194,False,-106.457,5.21319,20.281356766722123,0.011601120974242532,20.33975690149863,1.9641472015332104e-05,20.273942221770838,0.011591710472929945,nan,nan
2002 XZ44,90112,MBO,MBO,21163616039613530,745319372653330488,21.03054,2.8071501,2.7315829,150.02575862120895,2.6105683027162683,2025052800168,103,60824.03518783525,r,150.02575585779877,2.610565755126198,98.99078369140625,27108.6,272.591,False,25780.9,0.465861,27230.8,272.465,False,-90.6027,6.42148,20.317232292145203,0.010917639633435096,20.37175479776574,1.9619258383635637e-05,20.312348967733037,0.010863621434777338,nan,nan
2002 XZ44,90112,MBO,MBO,21163616039613530,745319372788596753,21.030529,2.8071501,2.7315898,150.0258813264294,2.6105366047786043,2025052800169,105,60824.03570848347,r,150.0258809079144,2.6105353330297683,96.03789520263672,27410.2,283.791,False,26464.7,0.424469,27458.2,284.067,False,-100.277,5.43039,20.305219519935513,0.011241149495343014,20.343332593911562,1.7414192049809005e-05,20.30331987086219,0.01123241218081402,nan,nan
2002 XZ44,90112,MBO,MBO,21163616039613530,745319372922814495,21.030516,2.8071501,2.7315965,150.02600497971105,2.61050466279436,2025052800170,105,60824.036233814564,r,150.02600358678478,2.610506233565611,95.29153442382812,27003.2,282.026,False,26090.2,0.529025,27007.9,281.761,False,-96.3705,6.26955,20.321461948793164,0.011339613408872965,20.35880651178629,2.2015225360420543e-05,20.32127294199422,0.011326985790091115,nan,nan
2002 XZ44,90112,MBO,MBO,21163616039613530,745319373211697155,21.03049,2.8071504,2.7316103,150.02625230491762,2.610440776632116,2025052800172,144,60824.0372834039,r,150.02624398353154,2.6104394256221135,89.5810775756836,26206.8,290.93,False,24626.8,0.0669609,26374.0,292.233,False,-79.41,5.78692,20.35396498176669,0.012053101358488166,20.421480007074276,2.95214450259075e-06,20.34705999536977,0.012030331014657943,nan,nan
2002 XZ44,90112,MBO,MBO,21163616039613530,745319373323894842,21.03048,2.8071504,2.7316172,150.02637503448392,2.6104090758726,2025052800173,102,60824.037804515276,r,150.02636952024423,2.610402372507349,81.59121704101562,26628.4,324.033,False,26519.6,1.85525,26741.8,324.464,False,-72.958,4.83136,20.336637303804096,0.013211997081211976,20.341082592895884,7.595559980479021e-05,20.33202337721881,0.013173469623798197,nan,nan
2002 XZ44,90112,MBO,MBO,21163616039613530,745319373458112582,21.030466,2.8071504,2.7316241,150.02649894813422,2.6103770701571967,2025052800174,102,60824.03833093225,r,150.02648947152758,2.6103758617967814,81.21724700927734,26336.8,324.556,False,25591.4,0.794984,26745.5,328.223,False,-53.1943,4.84636,20.34859245341222,0.013379840715402271,20.379764870932636,3.372784917645198e-05,20.331873196683468,0.013324244661230528,nan,nan
2002 XZ44,90112,MBO,MBO,21163616039613530,745319373588660286,21.030455,2.8071504,2.731631,150.026623103571,2.6103450028938817,2025052800175,95,60824.038857291715,r,150.02662380030606,2.610342444990575,82.35276794433594,25746.6,311.906,False,24336.3,0.0960565,26165.8,315.465,False,-34.1381,4.99862,20.373200301838537,0.013153101698125384,20.43436358913356,4.285450741087938e-06,20.355664923803587,0.013090054866708955,nan,nan
2002 XZ44,90112,MBO,MBO,21163616039613530,745319373724450832,21.030441,2.8071506,2.7316377,150.02674679397052,2.610313056647301,2025052800176,98,60824.03938280088,r,150.02674324967717,2.6103113280496646,83.99203491210938,25914.8,307.883,False,24922.5,0.717959,26078.2,310.392,False,-22.9349,5.00778,20.366130313572445,0.012899181358943924,20.40852098832397,3.12775229393484e-05,20.359306003243844,0.012922818304473884,nan,nan
2002 XZ44,90112,MBO,MBO,21163616039613530,745319374147551241,21.030405,2.8071506,2.7316585,150.02711790316678,2.6102172135791224,2025052800179,137,60824.04095713925,r,150.02711386478896,2.610214643065936,87.58739471435547,25329.9,288.782,False,24021.1,0.489957,25500.0,289.38,False,3.67263,5.04956,20.390916295153218,0.012378299239081944,20.448517789652392,2.2145699719045935e-05,20.38364954891511,0.012321190126837404,29.98755703520562,1.4927967367246635
2002 XZ44,90112,MBO,MBO,21163616039613530,745319374264991754,21.030392,2.8071508,2.7316654,150.02724421103068,2.6101845950697897,2025052800180,105,60824.04149341594,r,150.02724146460713,2.6101793850543107,86.58715057373047,24621.9,284.231,False,23746.3,0.33367,24813.0,284.933,False,10.9271,5.0736,20.42169607496683,0.012533552195403317,20.461010088826086,1.5256169466078958e-05,20.413301811137252,0.012467742277816872,28.80373768804187,0.5041219460297471
2002 XZ44,90112,MBO,MBO,21163616039613530,745319374419656721,21.030378,2.8071508,2.7316723,150.02736840454426,2.6101525235335377,2025052800181,144,60824.04202079975,r,150.02736560670255,2.610151656362234,85.42963409423828,25391.0,295.941,False,23960.7,0.399665,25827.6,298.085,False,47.185,5.17847,20.388300486302334,0.012654636229772198,20.451251281398182,1.8110104141818962e-05,20.369789887087485,0.012530845770131858,27.2154900699389,0.11915762100037139
2002 XZ44,90112,MBO,MBO,21163616039613530,745319374663974958,21.030354,2.8071508,2.731686,150.027615868077,2.6100886217774,2025052800183,98,60824.0430702788,r,150.02761022926416,2.6100862939199287,85.55184936523438,25226.0,294.544,False,24284.3,0.15491,25549.1,295.146,False,142.464,5.22836,20.395379021511204,0.01267728104281926,20.436685991669094,6.9259310785367575e-06,20.381561001207736,0.012542543516124516,26.015737130621964,0.03984599445982241
2002 XZ44,90112,MBO,MBO,21163616039613530,745319374818639902,21.030342,2.8071508,2.731693,150.02773960945245,2.6100566698459926,2025052800184,137,60824.04359566094,r,150.0277375716223,2.6100538845456387,80.95823669433594,24707.7,305.039,False,23870.0,0.305044,25011.4,306.633,False,186.267,4.93803,20.417919235556216,0.013404400175889968,20.455368952483113,1.387504440002403e-05,20.404654978501156,0.013310831848787119,25.724660210178897,0.028783400958837344
2002 XZ44,90112,MBO,MBO,21163616039613530,745319374932410420,21.030329,2.807151,2.7317,150.02786382869812,2.6100245954868213,2025052800185,98,60824.044122991545,r,150.02786618886716,2.610025987432943,84.8517837524414,25551.3,298.843,False,24658.5,0.917111,26165.2,301.699,False,191.28,4.90133,20.381467464093316,0.012698557046762912,20.420083363707604,4.038123139226912e-05,20.35568988561153,0.012519130088300945,25.69582609915961,0.027820741635992057
2002 XZ44,90112,MBO,MBO,21163616039613530,745319375087075369,21.030317,2.807151,2.7317069,150.02798781866295,2.6099925813007485,2025052800186,137,60824.044648688796,r,150.02798280928428,2.609992904624725,82.70904541015625,24522.2,293.979,False,22597.4,0.424689,25140.6,295.512,False,183.837,5.36813,20.426101459187283,0.013016110224555026,20.514853798253636,2.040501161805005e-05,20.399060921245532,0.012762148682559133,25.738917656247985,0.031704026608556354
2002 XZ44,90112,MBO,MBO,21163616039613530,745319375355510850,21.03029,2.807151,2.7317207,150.02823605403543,2.609928489913385,2025052800188,137,60824.04570146889,r,150.02823316225854,2.609929768932454,84.7569808959961,25488.8,297.628,False,23876.4,0.618662,26314.4,301.233,False,258.596,5.30082,20.38412649276439,0.012677939925471735,20.45507786725738,2.8132537593428843e-05,20.34951630380987,0.012428919951371301,25.36844545798094,0.022255919918155002
2002 XZ44,90112,MBO,MBO,21163616039613530,745319375489728520,21.03028,2.8071513,2.7317276,150.02836077082586,2.6098962910305605,2025052800189,137,60824.04623003084,r,150.0283545583986,2.609901423992423,84.3025131225586,25248.8,295.963,False,24310.3,0.368459,26135.4,301.333,False,345.697,5.73568,20.394398110838925,0.01272685229435606,20.435524169445646,1.6455956879142112e-05,20.35692710546359,0.012518199506446191,25.053261001622744,0.01801414449587719
2002 XZ44,90112,MBO,MBO,21163616039613530,745319375604023339,21.03026,2.8071513,2.7317376,150.0285418461612,2.609849543516452,2025052800190,99,60824.046998932594,r,150.02854878215533,2.6098475464548168,74.66194915771484,24848.9,331.844,False,25033.2,1.22551,26573.7,338.614,False,910.812,4.64334,20.41173206208014,0.014499435914916916,20.403709111070974,5.315263806075842e-05,20.338869962443955,0.013834938487698912,24.001428126442264,0.005535107579186082
2002 XZ44,90112,MBO,MBO,21163616039613530,745319375738241074,21.030249,2.8071513,2.7317445,150.0286651645838,2.60981770810355,2025052800191,99,60824.04752198832,r,150.02867150377293,2.6098143070292203,77.33851623535156,25363.1,326.158,False,24028.3,0.706198,26850.3,328.183,False,1074.18,4.81591,20.38949418168903,0.01396207652563482,20.44819235070762,3.191006798224636e-05,20.32762711225692,0.013270621543431026,23.822307290587624,0.004867719967917921
2002 XZ44,90112,MBO,MBO,21163616039613530,745319375872458817,21.030235,2.8071513,2.7317514,150.02878896116798,2.6097857502544963,2025052800192,99,60824.0480465993,r,150.02879494867267,2.6097833004308337,87.65815734863281,25682.6,291.837,False,24163.3,0.437826,27102.9,294.338,False,1024.73,5.99448,20.37590254702335,0.01233745834549388,20.442109350089247,1.9672955783006645e-05,20.317460577588644,0.01179111579255187,23.873476393694496,0.00635135521865548
2002 XZ44,90112,MBO,MBO,21163616039613530,745319376008773655,21.030222,2.8071516,2.731758,150.0289127643615,2.609753791711785,2025052800193,103,60824.048571769206,r,150.02891077622928,2.609752833397822,87.27421569824219,25944.5,293.31,False,24073.4,0.338437,27246.4,293.648,False,1082.89,6.1697,20.364886736428545,0.012274558521724595,20.44615640221207,1.526387166623559e-05,20.311727164087582,0.011701519159116306,23.81353912726612,0.006185916141156778
2002 XZ44,90112,MBO,MBO,21163616039613530,745319376144039952,21.03021,2.8071516,2.731765,150.02903680996678,2.6097217716142223,2025052800194,105,60824.04909724841,r,150.02903339906618,2.6097192132771188,86.98157501220703,25141.6,287.126,False,23360.1,0.0525586,26167.7,284.815,False,959.913,6.02451,20.399017735536802,0.012399493511074552,20.47881327422126,2.44283101637282e-06,20.355586151990998,0.01181739201539483,23.944420288536932,0.006814188735868394
2002 XZ44,90112,MBO,MBO,21163616039613530,745323760496148555,21.001944,2.8072515,2.7444348,150.264989284307,2.549502998858729,2025052900092,97,60825.028359943615,r,150.26499054316224,2.5495039567241284,111.70462799072266,29542.3,261.48,False,27600.7,0.197646,30691.1,263.286,False,756.076,8.13315,20.223889211144296,0.009609891824288626,20.297699789130586,7.774854678928034e-06,20.182468878160527,0.00931407338633808,24.203586384775935,0.011679322785322084
2002 XZ44,90112,MBO,MBO,21163616039613530,745323760650813441,21.001928,2.8072515,2.7444417,150.26511471705936,2.549470180173306,2025052900093,136,60825.028885205786,r,150.26511408633013,2.5494714211310314,113.11297607421875,29030.3,255.574,False,26538.4,0.16453,29673.2,254.731,False,365.366,8.16147,20.242871161113165,0.009558493811424597,20.340313144754788,6.731233562171853e-06,20.219089069146595,0.009320554557791473,24.99317968149697,0.024252951771140892
2002 XZ44,90112,MBO,MBO,21163616039613530,745323760919248956,21.001902,2.8072517,2.7444553,150.2653651230526,2.549404665520452,2025052900095,136,60825.02993560632,r,150.26536229040957,2.549404389439188,116.66714477539062,29667.5,252.081,False,27948.1,0.233083,29974.7,252.234,False,59.6732,8.72181,20.21929762240721,0.009225363152936844,20.28411929388229,9.054878497112947e-06,20.208112915342802,0.009136357861273847,26.960551704430102,0.1586907600804793
2002 XZ44,90112,MBO,MBO,21163616039613530,745323761052942375,21.001886,2.8072517,2.7444623,150.2654900965152,2.5493719695018524,2025052900096,135,60825.03045977649,r,150.26548456664963,2.5493704094910963,111.2630386352539,29720.5,265.675,False,28881.5,0.855536,30180.4,267.2,False,74.9441,7.00398,20.217359721345414,0.009705521540536001,20.248450637104522,3.2161985781377296e-05,20.200687507301865,0.009612487687708246,26.713156386942142,0.10146862655064484
2002 XZ44,90112,MBO,MBO,21163616039613530,745323761187684372,21.001873,2.8072517,2.7444692,150.26561507578066,2.5493392728087856,2025052900097,136,60825.03098396293,r,150.26560742587262,2.5493370394419848,91.43588256835938,29317.6,320.241,False,27900.0,0.110472,29965.0,324.608,False,210.821,4.64704,20.23217897654029,0.011859676428658511,20.285989491816004,4.299048431710749e-06,20.20846429491874,0.01176167728381889,25.590215331860215,0.02393243307968572
2002 XZ44,90112,MBO,MBO,21163616039613530,745323761300930623,21.001858,2.807252,2.7444758,150.26574053815168,2.549306450581877,2025052900098,96,60825.03150921374,r,150.26574069471266,2.5493008255959935,114.65181732177734,30442.2,264.471,False,28991.6,1.01957,30647.8,263.395,False,100.11,7.2214,20.191309940687702,0.009432490299327217,20.244319554544603,3.818292435122723e-05,20.18400171010984,0.009331092882167626,26.398806339944336,0.07831920034776527
2002 XZ44,90112,MBO,MBO,21163616039613530,745323761435148346,21.001844,2.807252,2.7444828,150.26586505225345,2.549273877285156,2025052900099,96,60825.03203120518,r,150.26586220751798,2.5492699196182254,114.34375,29780.7,259.032,False,28137.5,0.3785,30179.5,259.223,False,91.1563,9.11403,20.215162774243364,0.009443714956923203,20.27678622997856,1.4605105972150783e-05,20.200719899227423,0.009325793583678662,26.500533236894757,0.10855455790727318
2002 XZ44,90112,MBO,MBO,21163616039613530,745323761590337623,21.001831,2.807252,2.7444897,150.26599052660822,2.549241053649259,2025052900100,136,60825.03255740818,r,150.26598712811247,2.5492402548362363,118.08954620361328,29995.9,253.398,False,28881.1,0.725096,30406.4,254.073,False,93.3833,7.55318,20.2073452431502,0.009172032637676908,20.2484656890101,2.725876008898762e-05,20.19258747504403,0.009072308760230184,26.474326948262238,0.08781828394218608
2002 XZ44,90112,MBO,MBO,21163616039613530,745323761724031001,21.001816,2.807252,2.7444966,150.26611505264594,2.549208478955677,2025052900101,135,60825.033079287,r,150.26611319559547,2.5492086859411187,116.61424255371094,29339.8,250.204,False,27737.7,0.702146,29826.9,251.743,False,135.611,7.26239,20.231357098411248,0.00925894274816799,20.292323913856293,2.7484086563352054e-05,20.213479690362085,0.009163757604920796,26.069262764392995,0.05814454833732312
2002 XZ44,90112,MBO,MBO,21163616039613530,745323761858248711,21.001802,2.807252,2.7445033,150.26624006181115,2.5491757787551323,2025052900102,135,60825.03360386954,r,150.26623558246374,2.5491735570188987,111.96327209472656,29690.1,262.139,False,27678.4,1.04745,30342.3,263.355,False,299.072,7.98769,20.218470863392056,0.00958615211605632,20.29464753134733,4.108815225707362e-05,20.19487872707395,0.0094236120126073,25.21056064527319,0.02899811569403694
2002 XZ44,90112,MBO,MBO,21163616039613530,745323761988796454,21.00179,2.8072522,2.7445102,150.2663653156633,2.549143015433512,2025052900103,128,60825.034128061634,r,150.2663607493161,2.5491430438190643,111.54228973388672,29927.8,266.045,False,28513.4,0.647035,30544.2,264.696,False,526.77,8.16599,20.209812989361218,0.00965171832321283,20.262377468579693,2.46378656548204e-05,20.187678140844323,0.009408989380789065,24.595947375859986,0.01683108477533871
2002 XZ44,90112,MBO,MBO,21163616039613530,745323762123014179,21.001774,2.8072522,2.744517,150.26649057560527,2.549110251410776,2025052900104,128,60825.034653270595,r,150.26649133333308,2.5491118151392196,105.6785888671875,29530.1,277.541,False,28768.1,0.671421,30644.8,279.114,False,889.715,5.53386,20.22433772023301,0.010204377899886891,20.25272206550546,2.534008463953378e-05,20.184107994017975,0.009888926740366594,24.026872685866344,0.0067530750824963855
2002 XZ44,90112,MBO,MBO,21163616039613530,745323762240979032,21.00176,2.8072522,2.744524,150.26661608032396,2.549077424263172,2025052900105,97,60825.03517963602,r,150.26661222143014,2.5490769133997566,104.58307647705078,30254.0,285.391,False,30524.2,1.84165,31992.6,287.797,False,1101.89,5.64571,20.198042993596303,0.010241929386842201,20.18838930162231,6.550691394402793e-05,20.137376172989462,0.009766996841617772,23.79465438125841,0.0055629433589551225
2002 XZ44,90112,MBO,MBO,21163616039613530,745323762374672431,21.001745,2.8072522,2.7445307,150.26674087527994,2.5490447836623304,2025052900106,96,60825.03570259073,r,150.26673461986266,2.5490475052241712,99.97477722167969,29903.3,296.51,False,30185.5,1.49671,31594.5,299.502,False,1083.09,5.57617,20.210702177018092,0.010765756430393247,20.200504064977444,5.383486021230834e-05,20.15097128297495,0.010292303412671937,23.81333866906331,0.005589793838758979
2002 XZ44,90112,MBO,MBO,21163616039613530,745323762508890128,21.001732,2.8072524,2.7445376,150.26686496038943,2.5490123296208105,2025052900107,96,60825.03622262055,r,150.2668616838402,2.5490106470116243,95.93110656738281,30356.2,314.14,False,31026.7,1.70191,31639.2,316.619,False,819.195,5.07247,20.1943815142253,0.011235701307968367,20.170661061146927,5.95559750573254e-05,20.149436292335324,0.010865151676217174,24.116531758041425,0.006722898066493138
2002 XZ44,90112,MBO,MBO,21163616039613530,745323762643107869,21.001719,2.8072524,2.7445445,150.2669900062478,2.5489796252091184,2025052900108,96,60825.03674677969,r,150.26698798337426,2.5489762196300845,91.06733703613281,29632.0,324.447,False,28721.8,0.211328,30756.4,326.715,False,626.159,4.89509,20.220597587495398,0.011887953719542559,20.254470836140268,7.98858199185769e-06,20.1801612350801,0.011533414042483115,24.408288437858143,0.008487902560777551
2002 XZ44,90112,MBO,MBO,21163616039613530,745323762797772835,21.001703,2.8072524,2.7445512,150.26711481945662,2.5489469825620263,2025052900109,135,60825.03726984469,r,150.26711554972812,2.548943046598925,96.64131164550781,30057.8,307.323,False,28522.9,0.0557509,31017.1,312.714,False,354.011,5.43424,20.205106995792242,0.011101001964935766,20.262015786847208,2.1221814290075374e-06,20.17099703810933,0.010946378099418732,25.027458149825048,0.016666575880205287
2002 XZ44,90112,MBO,MBO,21163616039613530,745323762906300481,21.00169,2.8072524,2.744558,150.26723987767232,2.5489142767634974,2025052900110,86,60825.037793897034,r,150.26723669717066,2.5489170879460077,107.60206604003906,30319.3,279.216,False,28765.9,0.400928,30799.6,280.85,False,137.978,6.31258,20.19570204638181,0.009998743903956872,20.252805069343893,1.5132571171615931e-05,20.178637323080814,0.009900421550944841,26.050475411150302,0.049673114025737285
2002 XZ44,90112,MBO,MBO,21163616039613530,745323763040518232,21.001675,2.8072526,2.744565,150.2673649419931,2.548881570301036,2025052900111,86,60825.03831789047,r,150.2673624073555,2.5488831891484285,113.67845916748047,30182.8,263.678,False,27925.7,0.373834,30784.7,266.209,False,57.6627,7.70329,20.200601156977235,0.00948502966576031,20.284989859940637,1.4534465917007437e-05,20.17916271329196,0.009388844875438227,26.997762552837703,0.14504594371148424
2002 XZ44,90112,MBO,MBO,21163616039613530,745323763181027352,21.001654,2.8072526,2.7445753,150.26755231158918,2.5488325717009266,2025052900112,98,60825.03910224287,r,150.26755439751363,2.548832558988004,105.21403503417969,30482.7,287.132,False,28862.3,0.635404,30839.8,288.766,False,49.9725,6.99828,20.189866447997602,0.010227099419543997,20.249172629331778,2.3902499063706274e-05,20.177221090161915,0.010166203523311958,27.153172311665635,0.1520493479964593
2002 XZ44,90112,MBO,MBO,21163616039613530,745323763339362308,21.00164,2.8072526,2.7445822,150.2676781077172,2.548799676232312,2025052900113,144,60825.03962907732,r,150.26767770199535,2.5488019318858353,105.83582305908203,30685.3,288.631,False,30971.8,2.6386,30752.6,287.956,False,56.7631,5.71246,20.182674038372564,0.010212614233052381,20.172583857238983,9.249780762293301e-05,20.180295415307864,0.01016643313595321,27.014834742470917,0.10926508102641624
2002 XZ44,90112,MBO,MBO,21163616039613530,745323763449462883,21.001625,2.8072526,2.744589,150.2678039102073,2.5487667800658245,2025052900114,98,60825.04015647087,r,150.26780255261477,2.5487636503092252,108.20344543457031,29902.7,271.218,False,31169.7,4.04367,30081.4,271.199,False,52.111,11.949,20.210724018913076,0.009847645718504711,20.165668471390624,0.0001408534320770007,20.20425487434292,0.009788459803636181,27.10767648054397,0.2489582292564842
2002 XZ44,90112,MBO,MBO,21163616039613530,745323763583680550,21.001612,2.807253,2.7445958,150.26792900282297,2.548734070488413,2025052900115,98,60825.04068076155,r,150.26792470172467,2.548734797588103,106.27691650390625,30241.6,276.923,False,32593.8,4.59495,30455.1,277.049,False,58.0893,11.4644,20.198488102110975,0.00994211071570624,20.117162483151503,0.00015306296506306514,20.19084993928744,0.009876905537776193,26.98975967504009,0.214278960800243
2002 XZ44,90112,MBO,MBO,21163616039613530,745323763738345513,21.001596,2.807253,2.7446027,150.26805386307976,2.548701422633402,2025052900116,137,60825.041203718705,r,150.26805202713618,2.5487010196968947,112.56439971923828,30010.3,263.072,False,30882.5,1.27825,30624.0,266.011,False,67.9738,13.5776,20.20682412948331,0.009517624869288562,20.1757188747707,4.4939440814455655e-05,20.184845209758123,0.0094310919122213,26.819146116088753,0.21687313693704482
2002 XZ44,90112,MBO,MBO,21163616039613530,745323763851591749,21.001583,2.807253,2.7446096,150.26817920718236,2.548668649240045,2025052900117,97,60825.04172892816,r,150.2681774555627,2.548666802308526,110.71752166748047,29744.6,264.881,False,29910.7,0.577106,30076.6,266.298,False,31.4243,13.0568,20.216479681792016,0.009668676277976782,20.210433586002836,2.094851987602272e-05,20.204428164080788,0.009613100819774416,27.656835995683824,0.45112351588261024
2002 XZ44,90112,MBO,MBO,21163616039613530,745323764006780985,21.001568,2.807253,2.7446165,150.26830479639838,2.5486358127436306,2025052900118,137,60825.04225404642,r,150.26829905418646,2.5486315669171744,108.43387603759766,29171.7,265.246,False,30880.2,0.75194,29607.1,267.34,False,-14.5907,16.2231,20.237595682437906,0.00987214305184605,20.17579976636174,2.64379283639863e-05,20.221510337938422,0.009803753722368786,nan,nan
2002 XZ44,90112,MBO,MBO,21163616039613530,745323764140474374,21.001554,2.807253,2.7446234,150.26843063089632,2.54860291311217,2025052900119,136,60825.042781189695,r,150.2684348023986,2.548603015607155,108.38095092773438,29346.2,268.08,False,31152.4,1.042,29525.9,266.775,False,-24.0591,16.1996,20.23112034636561,0.009918291122572835,20.166271209892543,3.631621227344914e-05,20.224492124318495,0.00980993858156855,nan,nan
2002 XZ44,90112,MBO,MBO,21163616039613530,745323764256866305,21.001534,2.8072531,2.7446334,150.2686161710248,2.5485544051798827,2025052900120,102,60825.04355816226,r,150.26860827297713,2.548551006975807,96.00563049316406,29114.4,295.672,False,32568.9,3.07364,29359.2,295.406,False,-17.886,9.44906,20.239730374333334,0.011026220277431805,20.117992260200147,0.00010246469195290112,20.23063948527725,0.01092444631322513,nan,nan
2002 XZ44,90112,MBO,MBO,21163616039613530,745323764387414020,21.001518,2.8072531,2.7446404,150.26874154398985,2.548521628699888,2025052900121,95,60825.04408396741,r,150.2687385113757,2.5485198850854185,98.03375244140625,29138.0,290.482,False,31484.3,2.62704,29423.4,291.854,False,6.25985,15.8899,20.238850652586365,0.010823900693217104,20.15476486819769,9.059347897725354e-05,20.228267845884915,0.010769539017849227,29.408590178962058,2.7560149006620724
2002 XZ44,90112,MBO,MBO,21163616039613530,745323764522680411,21.001495,2.8072531,2.7446516,150.2689435872004,2.548468810309567,2025052900122,97,60825.044929514916,r,150.26893509112637,2.548468909168515,101.38883972167969,28902.2,281.084,False,29322.9,0.551469,29219.8,282.346,False,76.0474,7.88654,20.247672774403718,0.010559165039235525,20.231982687281764,2.041919051396192e-05,20.23580687345971,0.01049128588439279,26.6972890534576,0.11259690374745115
2002 XZ44,90112,MBO,MBO,21163616039613530,745323764677345285,21.001482,2.8072534,2.7446582,150.26906849946712,2.5484361569122607,2025052900123,136,60825.04545278364,r,150.26905973434947,2.548412298816233,106.90446472167969,28787.0,264.761,False,32327.2,8.68827,29068.2,263.828,False,101.679,13.6956,20.252008980504733,0.00998577790196677,20.126079800992944,0.0002918028504127995,20.24145468008409,0.009854329552861564,26.38192182503541,0.1462426672058335
2002 XZ44,90112,MBO,MBO,21163616039613530,745323764945780829,21.001453,2.8072534,2.744672,150.26931786576344,2.548370972959791,2025052900125,136,60825.04649620871,r,150.26931561100486,2.54836568401994,105.65484619140625,29032.1,268.921,False,30006.8,1.23238,29172.2,267.663,False,20.9429,14.3518,20.242803886842417,0.010057049231034986,20.2069507626136,4.459121214231802e-05,20.237577073187687,0.009961929901079442,28.09740796778766,0.7440358806847884
2002 XZ44,90112,MBO,MBO,21163616039613530,745323765079474215,21.001438,2.8072534,2.744679,150.26944351414429,2.548338130227252,2025052900126,135,60825.047022808765,r,150.26943844123429,2.5483384804206457,104.64739227294922,28664.0,268.273,False,30154.6,3.68342,28875.4,268.875,False,-25.0141,14.2343,20.256658012104864,0.010161656432881484,20.201616084214827,0.0001326239592331828,20.248679962664347,0.010109896940134632,nan,nan
